{
"type": "FeatureCollection",
"name": "regions_AR",
"crs": { "type": "name", "properties": { "name": "urn:ogc:def:crs:OGC:1.3:CRS84" } },
"features": [
{ "type": "Feature", "properties": { "loc": "AR006833" }, "geometry": { "type": "Polygon", "coordinates": [ [ [ -60.370445250959406, -38.016326904417035, 0.0 ], [ -60.037055969931146, -38.280555724632329, 0.0 ], [ -59.882499696116071, -38.160850524951712, 0.0 ], [ -59.834197998347918, -38.242038727483134, 0.0 ], [ -59.990619659783079, -38.370800018240267, 0.0 ], [ -59.874694824805502, -38.439605712823614, 0.0 ], [ -59.937191010787153, -38.49113845775944, 0.0 ], [ -59.886867523318067, -38.528804778862295, 0.0 ], [ -59.821804047475823, -38.475120544012263, 0.0 ], [ -59.767471315113326, -38.51578903256609, 0.0 ], [ -59.734775543923, -38.488693237016427, 0.0 ], [ -59.733871461454768, -38.533489227179359, 0.0 ], [ -59.691005707524383, -38.636852264475117, 0.0 ], [ -59.703636170437761, -38.653697967948737, 0.0 ], [ -59.655139925426845, -38.699527739662209, 0.0 ], [ -59.646968843314276, -38.737232207727274, 0.0 ], [ -59.626171113433365, -38.742557526497762, 0.0 ], [ -59.627045644922013, -38.785827524796424, 0.0 ], [ -59.853961560724315, -38.837376168698711, 0.0 ], [ -60.5123750764321, -38.930943713534603, 0.0 ], [ -60.529331207712865, -38.913333892809632, 0.0 ], [ -60.521598816072697, -38.884090424314607, 0.0 ], [ -60.536499023468359, -38.822223663282657, 0.0 ], [ -60.610851288655859, -38.619091034387914, 0.0 ], [ -60.612522125439924, -38.586536406875851, 0.0 ], [ -60.591346740220288, -38.556583405429876, 0.0 ], [ -60.619281769188184, -38.471248626617381, 0.0 ], [ -60.745326995410579, -38.364761353063379, 0.0 ], [ -60.734535216797163, -38.299880981068469, 0.0 ], [ -60.74732208358801, -38.229804992926731, 0.0 ], [ -60.719585419702852, -38.224216460821985, 0.0 ], [ -60.724822998457888, -38.11704635616767, 0.0 ], [ -60.701553344765252, -38.114757537466517, 0.0 ], [ -60.684123992670898, -38.087329864918303, 0.0 ], [ -60.549404143584887, -38.191902160732234, 0.0 ], [ -60.442443848355808, -38.106491089163889, 0.0 ], [ -60.463302612472084, -38.089775085630556, 0.0 ], [ -60.370445250959406, -38.016326904417035, 0.0 ] ] ] } },
{ "type": "Feature", "properties": { "loc": "AR038014" }, "geometry": { "type": "Polygon", "coordinates": [ [ [ -65.262704526663057, -24.314362269049415, 0.0 ], [ -64.899817815520805, -24.383276928882086, 0.0 ], [ -64.954035934531134, -24.449699297785003, 0.0 ], [ -64.85625371218687, -24.472062537119875, 0.0 ], [ -64.885953687244594, -24.518984376074972, 0.0 ], [ -64.889503210308206, -24.579780557741273, 0.0 ], [ -64.905353393303344, -24.593835328034491, 0.0 ], [ -64.960413669417818, -24.594824834059743, 0.0 ], [ -65.084893666597594, -24.560159955291294, 0.0 ], [ -65.106049152337036, -24.523313937582468, 0.0 ], [ -65.193667952337776, -24.458574050857237, 0.0 ], [ -65.22912306780654, -24.468981651827541, 0.0 ], [ -65.228290255876331, -24.486708636020239, 0.0 ], [ -65.315973393217718, -24.501104375287976, 0.0 ], [ -65.353925794633611, -24.491705503415144, 0.0 ], [ -65.350647233104098, -24.429042061105271, 0.0 ], [ -65.367932284322777, -24.410980710519457, 0.0 ], [ -65.357192293585499, -24.383036151078528, 0.0 ], [ -65.269618652792403, -24.362186793462559, 0.0 ], [ -65.262704526663057, -24.314362269049415, 0.0 ] ] ] } },
{ "type": "Feature", "properties": { "loc": "AR006351" }, "geometry": { "type": "Polygon", "coordinates": [ [ [ -61.984409332358652, -34.517654418959431, 0.0 ], [ -61.845272063677086, -34.637245177871428, 0.0 ], [ -61.769561767663852, -34.576068877421434, 0.0 ], [ -61.710472106427297, -34.626834869043726, 0.0 ], [ -61.772449492874507, -34.676151275597228, 0.0 ], [ -61.673721313095008, -34.760746002331906, 0.0 ], [ -61.903263092507672, -34.952083587823175, 0.0 ], [ -61.984283446946314, -34.885189055831155, 0.0 ], [ -62.105117797733804, -34.983932494742191, 0.0 ], [ -62.220462799839915, -34.889453888159096, 0.0 ], [ -62.222541808631185, -34.854587554657328, 0.0 ], [ -62.283214569096309, -34.855857849123495, 0.0 ], [ -62.28543472298167, -34.81359863330767, 0.0 ], [ -62.305118560774908, -34.812541961832274, 0.0 ], [ -62.240116119167986, -34.762031555566992, 0.0 ], [ -62.263118744150859, -34.742706298907983, 0.0 ], [ -62.18780898985483, -34.682548523136745, 0.0 ], [ -62.347625731498376, -34.65376663198424, 0.0 ], [ -62.268193620041629, -34.383550595537557, 0.0 ], [ -61.815717041671903, -34.383596916297876, 0.0 ], [ -61.984409332358652, -34.517654418959431, 0.0 ] ] ] } },
{ "type": "Feature", "properties": { "loc": "AR054084" }, "geometry": { "type": "Polygon", "coordinates": [ [ [ -54.70168886694141, -26.446806417521081, 0.0 ], [ -54.659637451087441, -26.457181930993194, 0.0 ], [ -54.670333861855362, -26.469882964472596, 0.0 ], [ -54.634323120417058, -26.512367248887667, 0.0 ], [ -54.629325867051669, -26.490062714811419, 0.0 ], [ -54.602458953821227, -26.500097275186228, 0.0 ], [ -54.606090546070881, -26.485813140995912, 0.0 ], [ -54.557968139457039, -26.455240249578143, 0.0 ], [ -54.558223724528403, -26.479320526035032, 0.0 ], [ -54.535190581978718, -26.473323821807714, 0.0 ], [ -54.515632628699521, -26.504886627569963, 0.0 ], [ -54.496154784482393, -26.493844986112265, 0.0 ], [ -54.486419678866319, -26.516138076767877, 0.0 ], [ -54.445632935523847, -26.521429061707344, 0.0 ], [ -54.444808960321076, -26.50068664626334, 0.0 ], [ -54.426193236468656, -26.510118483475569, 0.0 ], [ -54.415420531783646, -26.495773315059548, 0.0 ], [ -54.413051605209155, -26.522809981956861, 0.0 ], [ -54.369110107047945, -26.473489761447421, 0.0 ], [ -54.36654663053573, -26.494047165062852, 0.0 ], [ -54.351490021059199, -26.4820842739753, 0.0 ], [ -54.353324890214139, -26.502347946689554, 0.0 ], [ -54.336242675891654, -26.501905441095843, 0.0 ], [ -54.34028243925021, -26.487586975638663, 0.0 ], [ -54.305595397722414, -26.497386931804332, 0.0 ], [ -54.298122406298617, -26.48558998157614, 0.0 ], [ -54.284397125225986, -26.500699997101673, 0.0 ], [ -54.281623839992633, -26.481832503682917, 0.0 ], [ -54.268527985083388, -26.483825684278877, 0.0 ], [ -54.267932891631851, -26.640613556121693, 0.0 ], [ -54.436607360641688, -26.733802795162497, 0.0 ], [ -54.542083739632723, -26.831602096934869, 0.0 ], [ -54.523368834586392, -26.852003097568264, 0.0 ], [ -54.567047119182845, -26.890226364030827, 0.0 ], [ -54.563671112004577, -26.916648864733158, 0.0 ], [ -54.66053008991728, -26.949249268243921, 0.0 ], [ -54.797377646364431, -26.643688657583471, 0.0 ], [ -54.784380280946294, -26.605320919073556, 0.0 ], [ -54.807718533587298, -26.560956777649121, 0.0 ], [ -54.784268944648296, -26.512772693163647, 0.0 ], [ -54.70168886694141, -26.446806417521081, 0.0 ] ] ] } },
{ "type": "Feature", "properties": { "loc": "AR006315" }, "geometry": { "type": "Polygon", "coordinates": [ [ [ -57.10995864871623, -36.833084105679099, 0.0 ], [ -57.089511870853876, -36.827812195490935, 0.0 ], [ -56.997756957790457, -36.862083434901557, 0.0 ], [ -56.991607666277162, -36.891063690014796, 0.0 ], [ -57.005737305110323, -36.909091939847841, 0.0 ], [ -56.979450226548003, -36.904708861847759, 0.0 ], [ -56.985393523586872, -36.950004578085746, 0.0 ], [ -56.942493439639584, -36.958282470788774, 0.0 ], [ -56.954521178811397, -36.989688873307294, 0.0 ], [ -56.821285248658405, -37.024162291998337, 0.0 ], [ -56.991531372360086, -37.23695373458321, 0.0 ], [ -57.042533875691177, -37.231300362731297, 0.0 ], [ -56.99356079145273, -37.241107940541667, 0.0 ], [ -57.168094635090952, -37.482017516526042, 0.0 ], [ -57.217987061479384, -37.527942656557769, 0.0 ], [ -57.675521851093038, -37.202327728058243, 0.0 ], [ -57.567447661979649, -37.104957582071798, 0.0 ], [ -57.487598419617342, -37.104503631768821, 0.0 ], [ -57.49374008173892, -37.017017363640498, 0.0 ], [ -57.305149078039619, -37.003292083715714, 0.0 ], [ -57.322170257228414, -36.910255432926881, 0.0 ], [ -57.223567963759592, -36.90876007138661, 0.0 ], [ -57.233142853048115, -36.788558959146513, 0.0 ], [ -57.175895691256521, -36.784461975295855, 0.0 ], [ -57.10995864871623, -36.833084105679099, 0.0 ] ] ] } },
{ "type": "Feature", "properties": { "loc": "AR006581" }, "geometry": { "type": "Polygon", "coordinates": [ [ [ -59.170379640274149, -37.700954437246047, 0.0 ], [ -59.165458680825836, -37.736942290725025, 0.0 ], [ -59.133815766589549, -37.757911682323709, 0.0 ], [ -59.107849123377285, -37.830169677794743, 0.0 ], [ -59.164566041996004, -37.879337311246644, 0.0 ], [ -59.168277741511112, -37.93633270317477, 0.0 ], [ -59.127399447264786, -37.973953247033847, 0.0 ], [ -59.125408175130659, -37.99528503387765, 0.0 ], [ -59.054103854176311, -38.04703903215907, 0.0 ], [ -59.038700106927898, -38.087043761304521, 0.0 ], [ -58.954151157476815, -38.155391693154478, 0.0 ], [ -58.951656345489994, -38.182880402298977, 0.0 ], [ -58.920478825046182, -38.192756653055731, 0.0 ], [ -58.907100680847115, -38.245399475076105, 0.0 ], [ -58.867168431172566, -38.291622161822737, 0.0 ], [ -58.81584549428807, -38.319461822784092, 0.0 ], [ -58.78253174326769, -38.377746582484491, 0.0 ], [ -58.787540441169803, -38.401603698390048, 0.0 ], [ -58.75757981005092, -38.472084045735528, 0.0 ], [ -58.74005127586436, -38.480995177029634, 0.0 ], [ -58.751926428100326, -38.488658905533185, 0.0 ], [ -58.739910130770284, -38.516040801857365, 0.0 ], [ -58.707519537044924, -38.495170596154523, 0.0 ], [ -58.619801697784112, -38.561977167755046, 0.0 ], [ -59.012209778244355, -38.678535249245584, 0.0 ], [ -59.326320839576233, -38.735554273301865, 0.0 ], [ -59.411224367544683, -38.622005462594352, 0.0 ], [ -59.404727938259505, -38.597446441580217, 0.0 ], [ -59.431434632467443, -38.60429382345125, 0.0 ], [ -59.445747377599908, -38.588802338215487, 0.0 ], [ -59.339401247055854, -38.545684813623751, 0.0 ], [ -59.334655763616823, -38.500617981244673, 0.0 ], [ -59.40608215573684, -38.457355498741101, 0.0 ], [ -59.316844941937084, -38.383403778454728, 0.0 ], [ -59.353900910937689, -38.303462982650444, 0.0 ], [ -59.310317995085072, -38.205028534034419, 0.0 ], [ -59.244548800060663, -38.153690338371248, 0.0 ], [ -59.353904726082696, -38.114452361450006, 0.0 ], [ -59.41610336488943, -38.113418579146412, 0.0 ], [ -59.538368227071331, -38.056686400919119, 0.0 ], [ -59.62237930485616, -38.043991089558219, 0.0 ], [ -59.676242828281133, -37.999778748494784, 0.0 ], [ -59.340255738927148, -37.733818054168893, 0.0 ], [ -59.274219515192954, -37.700969695819573, 0.0 ], [ -59.18479919599222, -37.616382599183822, 0.0 ], [ -59.152503969214024, -37.657695769352735, 0.0 ], [ -59.170379640274149, -37.700954437246047, 0.0 ] ] ] } },
{ "type": "Feature", "properties": { "loc": "AR006308" }, "geometry": { "type": "Polygon", "coordinates": [ [ [ -57.660964994172005, -36.723217021305445, 0.0 ], [ -57.707054144988618, -36.763149255199551, 0.0 ], [ -57.745506312434742, -36.733806620671601, 0.0 ], [ -57.891490945352054, -36.854358671254211, 0.0 ], [ -57.919631966099438, -36.833461764402621, 0.0 ], [ -57.972164153934003, -36.8780059814666, 0.0 ], [ -57.943992614721481, -36.899143219062395, 0.0 ], [ -58.011112212976521, -36.95891189648426, 0.0 ], [ -57.944320678564921, -37.007602692304161, 0.0 ], [ -58.020259865312539, -37.07681274248835, 0.0 ], [ -58.286342626641435, -36.880928038352451, 0.0 ], [ -58.114418038560622, -36.728042602452703, 0.0 ], [ -58.226230628712628, -36.627910614297917, 0.0 ], [ -58.101421363946933, -36.521369935805147, 0.0 ], [ -58.189659126534643, -36.452392576410389, 0.0 ], [ -57.988739014157062, -36.27769088674092, 0.0 ], [ -57.775684356513644, -36.437599181365961, 0.0 ], [ -57.811229705956073, -36.467727661150342, 0.0 ], [ -57.778236388489134, -36.492824554060938, 0.0 ], [ -57.848567963348188, -36.555244445474329, 0.0 ], [ -57.763298034134912, -36.624389647818141, 0.0 ], [ -57.776355742983945, -36.634838104442935, 0.0 ], [ -57.660964994172005, -36.723217021305445, 0.0 ] ] ] } },
{ "type": "Feature", "properties": { "loc": "AR006623" }, "geometry": { "type": "Polygon", "coordinates": [ [ [ -60.817296685021162, -33.543575496024921, 0.0 ], [ -60.780890933691182, -33.578613058788086, 0.0 ], [ -60.684582250246784, -33.585156575633277, 0.0 ], [ -60.619147073997851, -33.629533523215095, 0.0 ], [ -60.556924169898664, -33.646844101543671, 0.0 ], [ -60.467872842684017, -33.637861637214165, 0.0 ], [ -60.457426566908637, -33.598449844154651, 0.0 ], [ -60.326671600314079, -33.683532714646297, 0.0 ], [ -60.313301086405012, -33.650749207052208, 0.0 ], [ -60.172939300803471, -33.661582947319602, 0.0 ], [ -60.138626098571038, -33.711124420144309, 0.0 ], [ -60.23150253311384, -33.869209290173742, 0.0 ], [ -60.236801147002545, -34.012233734535563, 0.0 ], [ -60.31130600002421, -34.000114441186078, 0.0 ], [ -60.496673584379408, -34.176651001357257, 0.0 ], [ -60.521629333639517, -34.140174865967751, 0.0 ], [ -60.656864166216664, -34.092151641458337, 0.0 ], [ -60.736690521302151, -33.999519348023952, 0.0 ], [ -60.944141387591912, -33.856781005424345, 0.0 ], [ -60.86198806803548, -33.780586243168891, 0.0 ], [ -60.901817321371105, -33.748703002773212, 0.0 ], [ -60.811325073084532, -33.67427825899599, 0.0 ], [ -60.910842511774348, -33.580707758265476, 0.0 ], [ -60.86262541733965, -33.546668795194627, 0.0 ], [ -60.817296685021162, -33.543575496024921, 0.0 ] ] ] } },
{ "type": "Feature", "properties": { "loc": "AR086063" }, "geometry": { "type": "Polygon", "coordinates": [ [ [ -64.757390606350015, -28.141792412614215, 0.0 ], [ -64.484102456330561, -28.189785148185699, 0.0 ], [ -64.512372961141295, -28.316551470781729, 0.0 ], [ -64.551090753230412, -28.318785359165968, 0.0 ], [ -64.48162720695565, -28.331162425611478, 0.0 ], [ -64.491941104295819, -28.37602232126639, 0.0 ], [ -64.448644450981533, -28.383514422677948, 0.0 ], [ -64.453467119466382, -28.404285311839121, 0.0 ], [ -64.557605478502978, -28.385824322868604, 0.0 ], [ -64.574880261079642, -28.422251354842381, 0.0 ], [ -64.589599006092982, -28.419823215269812, 0.0 ], [ -64.600486061822082, -28.467635771060902, 0.0 ], [ -64.545944520563353, -28.477609949975623, 0.0 ], [ -64.554205930972699, -28.51621144340918, 0.0 ], [ -64.512527833391232, -28.524291192322089, 0.0 ], [ -64.523479548956132, -28.571932444857246, 0.0 ], [ -64.54927033707007, -28.567268835269221, 0.0 ], [ -64.566791863499105, -28.672791007074, 0.0 ], [ -64.53474898965392, -28.678501146266278, 0.0 ], [ -64.542582395949495, -28.711926189152909, 0.0 ], [ -64.513299691036181, -28.717080229015153, 0.0 ], [ -64.523506364565705, -28.764113925200657, 0.0 ], [ -64.493814216529032, -28.769302328095595, 0.0 ], [ -64.497933609249316, -28.787551798010405, 0.0 ], [ -64.52304887774433, -28.783223230453387, 0.0 ], [ -64.544923267239341, -28.895658525240201, 0.0 ], [ -64.534279490560564, -28.897398470181244, 0.0 ], [ -64.55902338473733, -29.01581974498675, 0.0 ], [ -64.511834247753612, -29.024095922952654, 0.0 ], [ -64.588485179582321, -29.538131970870737, 0.0 ], [ -64.824628227063712, -29.574304845090694, 0.0 ], [ -64.82593692960053, -29.473653645959729, 0.0 ], [ -64.785969493814633, -29.405497018359416, 0.0 ], [ -64.838072180942177, -29.342545346427002, 0.0 ], [ -64.842294190014002, -29.312748490529451, 0.0 ], [ -64.824747200838246, -29.273778925509749, 0.0 ], [ -64.780965117707353, -29.267592327407272, 0.0 ], [ -64.837596289437258, -29.228569167446285, 0.0 ], [ -64.85449046211626, -29.197398228035141, 0.0 ], [ -64.859844248733083, -29.035000017983059, 0.0 ], [ -64.906600656464647, -28.932445250986479, 0.0 ], [ -64.901127896971602, -28.841311895939562, 0.0 ], [ -64.977270647352483, -28.789201700596262, 0.0 ], [ -65.01662656039862, -28.737805344372919, 0.0 ], [ -65.127176687894746, -28.716152249569902, 0.0 ], [ -65.136521648894714, -28.646880191835795, 0.0 ], [ -65.188185694957227, -28.618415889944078, 0.0 ], [ -65.184616504178805, -28.600569933292359, 0.0 ], [ -65.125563116015115, -28.611528466598021, 0.0 ], [ -65.096898046877072, -28.471008284221696, 0.0 ], [ -65.109035894349873, -28.240917000057287, 0.0 ], [ -64.948262257384215, -28.273074765063715, 0.0 ], [ -64.937769940255592, -28.230875417903892, 0.0 ], [ -64.854453254795501, -28.247286591828843, 0.0 ], [ -64.832008782743088, -28.152718666035415, 0.0 ], [ -64.785271753468848, -28.162214172220629, 0.0 ], [ -64.757390606350015, -28.141792412614215, 0.0 ] ] ] } },
{ "type": "Feature", "properties": { "loc": "AR030021" }, "geometry": { "type": "Polygon", "coordinates": [ [ [ -60.563448983251867, -31.816843188535231, 0.0 ], [ -60.522200080950228, -31.852712903065616, 0.0 ], [ -60.537051799083493, -31.888273595120268, 0.0 ], [ -60.513169479994048, -31.891916865569147, 0.0 ], [ -60.516880148243217, -31.925731220571404, 0.0 ], [ -60.416543809831978, -31.959607505970776, 0.0 ], [ -60.384700811137499, -31.932554842047065, 0.0 ], [ -60.342574997710003, -31.948425332971127, 0.0 ], [ -60.328655742519778, -31.987985523435274, 0.0 ], [ -60.343847263680608, -31.978122692189558, 0.0 ], [ -60.344310478160232, -31.994975857227065, 0.0 ], [ -60.36599666162008, -32.003451033165653, 0.0 ], [ -60.343770312196739, -32.017617323937621, 0.0 ], [ -60.35308431455708, -32.039218894658255, 0.0 ], [ -60.335017138848059, -32.070768927045556, 0.0 ], [ -60.302967135074461, -32.082885255089465, 0.0 ], [ -60.286025401991068, -32.045173243675286, 0.0 ], [ -60.254060697745253, -32.052847579186107, 0.0 ], [ -60.20893214600467, -32.145196131191007, 0.0 ], [ -60.182145617619106, -32.123109656234192, 0.0 ], [ -60.140632284535478, -32.158468129091929, 0.0 ], [ -60.181176515988916, -32.192519968263561, 0.0 ], [ -60.173320791948427, -32.219063025262983, 0.0 ], [ -60.278828054120595, -32.232608357654279, 0.0 ], [ -60.338873396157013, -32.300054196920719, 0.0 ], [ -60.37483117741774, -32.290499279370678, 0.0 ], [ -60.421521289481326, -32.302738112594831, 0.0 ], [ -60.44101975093254, -32.340103790946365, 0.0 ], [ -60.425175231815246, -32.385668160946132, 0.0 ], [ -60.397904094673258, -32.401422849517012, 0.0 ], [ -60.397664844567018, -32.429428127706849, 0.0 ], [ -60.415724143847612, -32.442913503748194, 0.0 ], [ -60.456093695199101, -32.438772329739216, 0.0 ], [ -60.447394619295146, -32.4584205571024, 0.0 ], [ -60.458258032264268, -32.486216282576422, 0.0 ], [ -60.477208570799498, -32.491488290612672, 0.0 ], [ -60.475706440320742, -32.536751579519212, 0.0 ], [ -60.516915444847356, -32.55209682768259, 0.0 ], [ -60.524954615648646, -32.544922451883799, 0.0 ], [ -60.5111515162179, -32.537737414565676, 0.0 ], [ -60.530365612372641, -32.51684418172163, 0.0 ], [ -60.542181143423207, -32.526036176159714, 0.0 ], [ -60.529314463115973, -32.529958196441846, 0.0 ], [ -60.522913734052977, -32.574329842618681, 0.0 ], [ -60.575383246430164, -32.579324305001713, 0.0 ], [ -60.557197644020619, -32.601676563322052, 0.0 ], [ -60.595549725669358, -32.638209709131608, 0.0 ], [ -60.669130452113833, -32.630387584850631, 0.0 ], [ -60.686288487839562, -32.680315265187758, 0.0 ], [ -60.725893659122526, -32.663599277670194, 0.0 ], [ -60.748229980302959, -32.630371093984856, 0.0 ], [ -60.747375487533347, -32.554321288580702, 0.0 ], [ -60.776184082300944, -32.507019043129141, 0.0 ], [ -60.723815918752436, -32.456115723430393, 0.0 ], [ -60.718993223318094, -32.334043934878359, 0.0 ], [ -60.679018277616422, -32.319529222775842, 0.0 ], [ -60.672607421845207, -32.232604980766624, 0.0 ], [ -60.700381850904918, -32.149769021080935, 0.0 ], [ -60.658554914158984, -32.080155449709125, 0.0 ], [ -60.658081055541544, -32.050720214381712, 0.0 ], [ -60.723514198004693, -31.977600682870278, 0.0 ], [ -60.652893066485149, -31.89709472668401, 0.0 ], [ -60.674486497993598, -31.809722378359702, 0.0 ], [ -60.603141633375515, -31.825191373857354, 0.0 ], [ -60.563448983251867, -31.816843188535231, 0.0 ] ] ] } },
{ "type": "Feature", "properties": { "loc": "AR006655" }, "geometry": { "type": "Polygon", "coordinates": [ [ [ -57.303534946509551, -35.197889348754892, 0.0 ], [ -57.204238592194322, -35.300107095116935, 0.0 ], [ -57.127938200955789, -35.445757621095765, 0.0 ], [ -57.152469253699039, -35.495099315619022, 0.0 ], [ -57.347022554703798, -35.716616988190424, 0.0 ], [ -57.381736754997561, -35.712471007811892, 0.0 ], [ -57.366928101200713, -35.677272796899473, 0.0 ], [ -57.411106109606557, -35.66460418936191, 0.0 ], [ -57.416744231875427, -35.645030974416954, 0.0 ], [ -57.439338683952755, -35.637447357063571, 0.0 ], [ -57.42742156961323, -35.615592957171643, 0.0 ], [ -57.463859558783817, -35.594703673683767, 0.0 ], [ -57.435577392942371, -35.518775939874715, 0.0 ], [ -57.470283508398609, -35.500553130404498, 0.0 ], [ -57.462467193449626, -35.493309020740867, 0.0 ], [ -57.481445312959025, -35.487579346634078, 0.0 ], [ -57.48785781893541, -35.460933684764193, 0.0 ], [ -57.52196502938834, -35.473564143584795, 0.0 ], [ -57.557895660866237, -35.455978398838944, 0.0 ], [ -57.657848391701698, -35.461681369766723, 0.0 ], [ -57.688774139524178, -35.484561914998459, 0.0 ], [ -57.766880034889311, -35.463378905476823, 0.0 ], [ -57.773250579660463, -35.438873291109054, 0.0 ], [ -57.797317505235746, -35.445037842183552, 0.0 ], [ -57.727725991253841, -35.348907473843454, 0.0 ], [ -57.683460245292494, -35.376514433409675, 0.0 ], [ -57.664859782020116, -35.342826845878712, 0.0 ], [ -57.640983587644278, -35.355659479479584, 0.0 ], [ -57.61363601734633, -35.333362579313714, 0.0 ], [ -57.668033599987503, -35.293598174317573, 0.0 ], [ -57.634193425430873, -35.260787969288138, 0.0 ], [ -57.604694365772964, -35.268642425780669, 0.0 ], [ -57.584899901350802, -35.297721862977625, 0.0 ], [ -57.602634430011783, -35.361808776912959, 0.0 ], [ -57.589347838513198, -35.350425719897117, 0.0 ], [ -57.572280891058973, -35.363483423062085, 0.0 ], [ -57.503341675245892, -35.301418304118179, 0.0 ], [ -57.549812317207483, -35.296077727580204, 0.0 ], [ -57.493862152006251, -35.24314117431895, 0.0 ], [ -57.460819243942382, -35.266571045552155, 0.0 ], [ -57.426799773739866, -35.234386444457186, 0.0 ], [ -57.40413284917868, -35.250240321249514, 0.0 ], [ -57.303534946509551, -35.197889348754892, 0.0 ] ] ] } },
{ "type": "Feature", "properties": { "loc": "AR006203" }, "geometry": { "type": "Polygon", "coordinates": [ [ [ -61.603416442454396, -36.99325180120281, 0.0 ], [ -61.74066162109407, -37.105117798249083, 0.0 ], [ -61.716930389652248, -37.136264801553409, 0.0 ], [ -61.725124359041615, -37.156047820864366, 0.0 ], [ -61.702259064007841, -37.218315125427338, 0.0 ], [ -61.744430542394454, -37.271533966162082, 0.0 ], [ -61.750057220126607, -37.303924561574448, 0.0 ], [ -61.536724091033314, -37.483291625664386, 0.0 ], [ -61.596969603766169, -37.530513763016287, 0.0 ], [ -61.488655090161437, -37.618865967481568, 0.0 ], [ -61.53824615512822, -37.656429291347941, 0.0 ], [ -61.442371367847542, -37.735027313464549, 0.0 ], [ -61.60556793181437, -37.861793517376682, 0.0 ], [ -61.508979797756453, -37.938896179196618, 0.0 ], [ -61.683361052662214, -38.074134827526038, 0.0 ], [ -61.663227080758205, -38.090843200938664, 0.0 ], [ -61.76683807392579, -38.172348021839582, 0.0 ], [ -61.783901215218137, -38.157585143868125, 0.0 ], [ -61.776699066750822, -38.139892577821904, 0.0 ], [ -61.822429656818414, -38.096725464411563, 0.0 ], [ -61.826503753787129, -38.065628051949538, 0.0 ], [ -61.914737700331493, -38.01007843026666, 0.0 ], [ -61.980575561677895, -38.024749755673689, 0.0 ], [ -62.098590850881799, -37.93436050378515, 0.0 ], [ -62.044124602816957, -37.752555847125748, 0.0 ], [ -62.425487517769888, -37.348434448045026, 0.0 ], [ -61.975772857351906, -37.017223357819731, 0.0 ], [ -61.91596984933814, -37.066452026215124, 0.0 ], [ -61.875362395353328, -37.034404754970524, 0.0 ], [ -61.890907287695789, -37.021476746627194, 0.0 ], [ -61.778053284228157, -36.930320739906698, 0.0 ], [ -61.759834290541178, -36.946170806782362, 0.0 ], [ -61.707176208311132, -36.907455444402522, 0.0 ], [ -61.603416442454396, -36.99325180120281, 0.0 ] ] ] } },
{ "type": "Feature", "properties": { "loc": "AR006721" }, "geometry": { "type": "Polygon", "coordinates": [ [ [ -62.816074370891094, -36.73191451940793, 0.0 ], [ -62.970233917235682, -36.86293792673797, 0.0 ], [ -63.282455444232632, -36.607727051078037, 0.0 ], [ -63.127437592668386, -36.479442595955113, 0.0 ], [ -62.816074370891094, -36.73191451940793, 0.0 ] ] ] } },
{ "type": "Feature", "properties": { "loc": "AR086014" }, "geometry": { "type": "Polygon", "coordinates": [ [ [ -63.761330432971107, -26.214309956959301, 0.0 ], [ -61.711164597916891, -26.234490080763788, 0.0 ], [ -61.711194477679875, -26.809110620357476, 0.0 ], [ -62.064660477385807, -26.809429095449328, 0.0 ], [ -62.064820780849949, -26.789884324437427, 0.0 ], [ -62.504222211376032, -26.787217105390376, 0.0 ], [ -62.504024476012333, -26.832670221443838, 0.0 ], [ -62.765119617508944, -26.831980757695426, 0.0 ], [ -62.928475600997665, -26.820257238150607, 0.0 ], [ -62.929302781389389, -26.793735738207147, 0.0 ], [ -63.233592552736816, -26.794241471067565, 0.0 ], [ -63.233692409463814, -26.764780613781262, 0.0 ], [ -63.378395389015836, -26.764093258999658, 0.0 ], [ -63.378389533796806, -26.887996659517729, 0.0 ], [ -63.571021888177803, -26.887223987145468, 0.0 ], [ -63.548503835120442, -26.925531824946617, 0.0 ], [ -63.657186757704665, -26.925117128508539, 0.0 ], [ -63.682070171024826, -26.907028664009779, 0.0 ], [ -63.68912063536316, -26.865263041998542, 0.0 ], [ -63.652311330264844, -26.748467584544994, 0.0 ], [ -63.654560040694761, -26.66587281764474, 0.0 ], [ -63.672877095376464, -26.635978981517873, 0.0 ], [ -63.65253731045771, -26.596979517021211, 0.0 ], [ -63.646714639195189, -26.528103679068408, 0.0 ], [ -63.696925200348225, -26.47655616972407, 0.0 ], [ -63.720734881663795, -26.376258405355308, 0.0 ], [ -63.761587841622507, -26.318382505770462, 0.0 ], [ -63.773702586222839, -26.264562612337045, 0.0 ], [ -63.761330432971107, -26.214309956959301, 0.0 ] ] ] } },
{ "type": "Feature", "properties": { "loc": "AR030084" }, "geometry": { "type": "Polygon", "coordinates": [ [ [ -59.983958826224509, -31.18738995653775, 0.0 ], [ -59.941459722372294, -31.228001912855834, 0.0 ], [ -59.953579331349886, -31.235810178839422, 0.0 ], [ -59.934761252996559, -31.291434509157042, 0.0 ], [ -59.898598851683786, -31.341116804354183, 0.0 ], [ -59.885615102928732, -31.407634006977716, 0.0 ], [ -59.858608376805776, -31.429603477303843, 0.0 ], [ -59.86239514313931, -31.493932416182069, 0.0 ], [ -59.824684714623288, -31.499679058940565, 0.0 ], [ -59.75871576931398, -31.421764956833446, 0.0 ], [ -59.735669260731186, -31.418718515078361, 0.0 ], [ -59.736733777817605, -31.42963046785442, 0.0 ], [ -59.612692159394797, -31.451429772107971, 0.0 ], [ -59.625040737260207, -31.504941387255251, 0.0 ], [ -59.573124269992739, -31.473131884720839, 0.0 ], [ -59.583705290365792, -31.599328763522031, 0.0 ], [ -59.565097310889421, -31.622782266705947, 0.0 ], [ -59.520192812455434, -31.613117134615479, 0.0 ], [ -59.502204407318729, -31.631213115459737, 0.0 ], [ -59.520478873771133, -31.692031475760654, 0.0 ], [ -59.57203029714816, -31.720318143893429, 0.0 ], [ -59.593949642831589, -31.753222001365806, 0.0 ], [ -59.580412178823615, -31.784953913016565, 0.0 ], [ -59.603536309033487, -31.806746819101772, 0.0 ], [ -59.614591815048016, -31.873882978055967, 0.0 ], [ -59.762685922221173, -31.928934765552192, 0.0 ], [ -59.919224555086096, -31.883327337667659, 0.0 ], [ -59.943784647667542, -31.95171859409443, 0.0 ], [ -60.012844771327977, -31.974981161709319, 0.0 ], [ -60.025991122335974, -32.031073654728793, 0.0 ], [ -60.140157395550432, -31.982437313132973, 0.0 ], [ -60.181918776840199, -32.023485866846777, 0.0 ], [ -60.250802429158, -32.05234541510216, 0.0 ], [ -60.286025401991068, -32.045173243675286, 0.0 ], [ -60.302967135074461, -32.082885255089465, 0.0 ], [ -60.324311335295533, -32.079317081076418, 0.0 ], [ -60.35308431455708, -32.039218894658255, 0.0 ], [ -60.343770312196739, -32.017617323937621, 0.0 ], [ -60.36599666162008, -32.003451033165653, 0.0 ], [ -60.344310478160232, -31.994975857227065, 0.0 ], [ -60.343847263680608, -31.978122692189558, 0.0 ], [ -60.328655742519778, -31.987985523435274, 0.0 ], [ -60.342574997710003, -31.948425332971127, 0.0 ], [ -60.384700811137499, -31.932554842047065, 0.0 ], [ -60.416543809831978, -31.959607505970776, 0.0 ], [ -60.462801981364251, -31.951019373865659, 0.0 ], [ -60.459275060811507, -31.939140350701933, 0.0 ], [ -60.516880148243217, -31.925731220571404, 0.0 ], [ -60.513169479994048, -31.891916865569147, 0.0 ], [ -60.537051799083493, -31.888273595120268, 0.0 ], [ -60.522200080950228, -31.852712903065616, 0.0 ], [ -60.541754423900308, -31.848778836433141, 0.0 ], [ -60.570759415541858, -31.808917274946786, 0.0 ], [ -60.603141633375515, -31.825191373857354, 0.0 ], [ -60.674486497993598, -31.809722378359702, 0.0 ], [ -60.638567442206451, -31.787481751928031, 0.0 ], [ -60.638793944320518, -31.742004395233863, 0.0 ], [ -60.597164821091717, -31.714432300930856, 0.0 ], [ -60.467590332408626, -31.698303223087738, 0.0 ], [ -60.334710277041943, -31.612591370533991, 0.0 ], [ -60.335186170343505, -31.549059764238198, 0.0 ], [ -60.244001238327868, -31.530395332404154, 0.0 ], [ -60.212354408335244, -31.467815508571164, 0.0 ], [ -60.143493651379067, -31.443603515942634, 0.0 ], [ -60.138427733488314, -31.413391112956894, 0.0 ], [ -60.086791991543755, -31.346984862808728, 0.0 ], [ -60.105590819898872, -31.289916992255975, 0.0 ], [ -60.013427733929909, -31.250671386713741, 0.0 ], [ -59.983958826224509, -31.18738995653775, 0.0 ] ] ] } },
{ "type": "Feature", "properties": { "loc": "AR006056" }, "geometry": { "type": "Polygon", "coordinates": [ [ [ -62.219013213618759, -38.43524932936144, 0.0 ], [ -62.198032379235158, -38.452228545498365, 0.0 ], [ -62.084232330297404, -38.362514496093198, 0.0 ], [ -61.999694824484742, -38.42660903859008, 0.0 ], [ -62.010791779664793, -38.435703278253833, 0.0 ], [ -61.989604949908454, -38.4519195558155, 0.0 ], [ -61.939464569636996, -38.410667418737653, 0.0 ], [ -61.926250457808806, -38.452346802187279, 0.0 ], [ -61.893440247539495, -38.42587661761273, 0.0 ], [ -61.828243255994877, -38.474113463960997, 0.0 ], [ -61.796424866647605, -38.447395325267955, 0.0 ], [ -61.779613494383277, -38.461170197101566, 0.0 ], [ -61.795387267578683, -38.528648375879953, 0.0 ], [ -61.743190764894436, -38.62708663909541, 0.0 ], [ -61.819473267082394, -38.68768692034535, 0.0 ], [ -61.8483963018273, -38.665283203136312, 0.0 ], [ -61.926521300765287, -38.730476379109327, 0.0 ], [ -62.014427185262825, -38.706207275071286, 0.0 ], [ -62.062519072513219, -38.71209716838203, 0.0 ], [ -62.180690764696301, -38.815689087653368, 0.0 ], [ -62.212440477840097, -38.798141831531602, 0.0 ], [ -62.23451235925539, -38.805165999295184, 0.0 ], [ -62.236268400345828, -38.789190297869311, 0.0 ], [ -62.300099822402856, -38.7853355720178, 0.0 ], [ -62.308302616841594, -38.747396651935304, 0.0 ], [ -62.326053396026062, -38.749966470453167, 0.0 ], [ -62.313180511953476, -38.735972860003649, 0.0 ], [ -62.352912752628335, -38.717591524322629, 0.0 ], [ -62.379679308770172, -38.721779374934393, 0.0 ], [ -62.373921013475865, -38.742709113786255, 0.0 ], [ -62.378832220813457, -38.730964094220525, 0.0 ], [ -62.397658516056673, -38.746344930445552, 0.0 ], [ -62.400799404480694, -38.733867037070951, 0.0 ], [ -62.446708679339757, -38.736537932919262, 0.0 ], [ -62.468235016577964, -38.672870635235505, 0.0 ], [ -62.612037659636478, -38.610355376972336, 0.0 ], [ -62.615142822061635, -38.592170714445729, 0.0 ], [ -62.387279509723065, -38.408260345739265, 0.0 ], [ -62.342472076052147, -38.442142486719895, 0.0 ], [ -62.240810393813426, -38.360176085889776, 0.0 ], [ -62.20983123845236, -38.394790648481475, 0.0 ], [ -62.228271484498876, -38.410087585194141, 0.0 ], [ -62.207771301792874, -38.426345824963626, 0.0 ], [ -62.219013213618759, -38.43524932936144, 0.0 ] ] ] } },
{ "type": "Feature", "properties": { "loc": "AR006707" }, "geometry": { "type": "Polygon", "coordinates": [ [ [ -59.61974716292027, -35.451595305645434, 0.0 ], [ -59.524082185259012, -35.456588744528133, 0.0 ], [ -59.494934083009547, -35.492485046347333, 0.0 ], [ -59.379547119698216, -35.537464142057615, 0.0 ], [ -59.350139619029001, -35.529262542928556, 0.0 ], [ -59.412876129501988, -35.586006165084335, 0.0 ], [ -59.183284762187327, -35.762702942307854, 0.0 ], [ -59.318470003269198, -35.809410094871488, 0.0 ], [ -59.381465913060268, -35.817188263242741, 0.0 ], [ -59.416351319670788, -35.802318573149485, 0.0 ], [ -59.503513337129327, -35.816524506168847, 0.0 ], [ -59.569438934234583, -35.853397368850359, 0.0 ], [ -59.648517609831011, -35.860618590912665, 0.0 ], [ -59.691787721521912, -35.827053069391397, 0.0 ], [ -59.830665589088788, -35.847347260307103, 0.0 ], [ -59.872287750374142, -35.876415253695804, 0.0 ], [ -59.886280059258233, -35.911937714500496, 0.0 ], [ -60.056518554466528, -35.779945373960153, 0.0 ], [ -60.119091034365262, -35.833072662324248, 0.0 ], [ -60.219581603629322, -35.75159454324389, 0.0 ], [ -60.117733002641238, -35.664085388221601, 0.0 ], [ -60.063648224161795, -35.705585480405546, 0.0 ], [ -60.031654357906909, -35.696327208935166, 0.0 ], [ -60.037528992217034, -35.678085327407373, 0.0 ], [ -60.012218474895029, -35.657405852986997, 0.0 ], [ -60.032932281467176, -35.657135010548487, 0.0 ], [ -60.040016173913855, -35.623394011914598, 0.0 ], [ -60.009025574016071, -35.580326080244319, 0.0 ], [ -60.027965546566925, -35.552753448048676, 0.0 ], [ -59.930370331006912, -35.488498687885887, 0.0 ], [ -59.891456603777918, -35.481060027565384, 0.0 ], [ -59.824268341895824, -35.496925353881856, 0.0 ], [ -59.781311035264949, -35.476341247774791, 0.0 ], [ -59.647659303713006, -35.469047546065802, 0.0 ], [ -59.61974716292027, -35.451595305645434, 0.0 ] ] ] } },
{ "type": "Feature", "properties": { "loc": "AR030105" }, "geometry": { "type": "Polygon", "coordinates": [ [ [ -60.189220304130764, -32.234518852002289, 0.0 ], [ -60.189602628912326, -32.269260813177205, 0.0 ], [ -60.131232267588381, -32.268972440052849, 0.0 ], [ -60.115863613026562, -32.303441163353355, 0.0 ], [ -60.046404168459397, -32.349298983771078, 0.0 ], [ -60.036740120480609, -32.388798471304895, 0.0 ], [ -59.976817480227197, -32.42167016222443, 0.0 ], [ -59.999639623788006, -32.453342288139275, 0.0 ], [ -59.999580298148324, -32.491505216183405, 0.0 ], [ -59.942033145764221, -32.52195247677659, 0.0 ], [ -59.769585395031619, -32.551340095649195, 0.0 ], [ -59.77100197265765, -32.590079777755506, 0.0 ], [ -59.782583524017738, -32.59010670951541, 0.0 ], [ -59.798079465363742, -32.641950409773308, 0.0 ], [ -59.775849256777931, -32.662580737505778, 0.0 ], [ -59.788990287064507, -32.710652546226889, 0.0 ], [ -59.779104114462044, -32.729562408145107, 0.0 ], [ -59.794047584721802, -32.736336328029857, 0.0 ], [ -59.81009408194587, -32.797546602888652, 0.0 ], [ -59.845230358370856, -32.82448767246165, 0.0 ], [ -59.84341813304929, -32.840411090215738, 0.0 ], [ -59.857383654171599, -32.838759951896961, 0.0 ], [ -59.871039340962547, -32.888110387471478, 0.0 ], [ -59.84161626620125, -32.911889968783242, 0.0 ], [ -59.838664668977273, -32.93483490347792, 0.0 ], [ -59.903761362722108, -32.931239937844971, 0.0 ], [ -59.954900290500447, -32.89839790534208, 0.0 ], [ -60.022184637981972, -32.950537652038868, 0.0 ], [ -60.011348125064025, -32.975636200210197, 0.0 ], [ -59.977004675657668, -32.966751256506534, 0.0 ], [ -59.982707930276213, -32.995209645388456, 0.0 ], [ -60.044169573257541, -32.995086144318655, 0.0 ], [ -60.017621034641891, -33.016678165417773, 0.0 ], [ -59.975503414748111, -33.010284152479009, 0.0 ], [ -59.963796073197116, -33.029601232066433, 0.0 ], [ -59.957572168514645, -33.006178171928482, 0.0 ], [ -59.935612115674118, -33.040565982728907, 0.0 ], [ -59.9229510768034, -33.027705332067455, 0.0 ], [ -59.892957584413118, -33.037217650517242, 0.0 ], [ -59.851150625300775, -33.098798051180069, 0.0 ], [ -59.82446599371621, -33.073636646650208, 0.0 ], [ -59.804678981717657, -33.125746633345173, 0.0 ], [ -59.768594379898389, -33.130374775096698, 0.0 ], [ -59.781787695727736, -33.169020168495877, 0.0 ], [ -59.818312425323846, -33.200514998733702, 0.0 ], [ -59.792222350896594, -33.239512860741172, 0.0 ], [ -59.841654547008758, -33.272052075686346, 0.0 ], [ -59.879696416135388, -33.265520578711481, 0.0 ], [ -59.904256816838959, -33.220879755284727, 0.0 ], [ -59.909697235185149, -33.277455624088368, 0.0 ], [ -59.939823979173106, -33.27553338936336, 0.0 ], [ -59.949157849572579, -33.235842805601237, 0.0 ], [ -60.013328167358772, -33.283924072374269, 0.0 ], [ -60.035693930822646, -33.228895688073365, 0.0 ], [ -60.057179136898903, -33.234768577637425, 0.0 ], [ -60.036603016907009, -33.245988606635777, 0.0 ], [ -60.069119393636775, -33.257187105015774, 0.0 ], [ -60.11663048232672, -33.219697846242134, 0.0 ], [ -60.151419155652512, -33.231469129664497, 0.0 ], [ -60.149610183130598, -33.252703084307235, 0.0 ], [ -60.179128399361943, -33.247535094225881, 0.0 ], [ -60.194119135378678, -33.221867500283615, 0.0 ], [ -60.220595753974386, -33.253909590542804, 0.0 ], [ -60.234274195091459, -33.212007611085284, 0.0 ], [ -60.267890027982297, -33.195098929403422, 0.0 ], [ -60.329475463301357, -33.176849008153368, 0.0 ], [ -60.398003938823841, -33.186842744115886, 0.0 ], [ -60.513183594323785, -33.112915039516764, 0.0 ], [ -60.605492935004143, -32.999817112030662, 0.0 ], [ -60.62024559321609, -32.947944862502816, 0.0 ], [ -60.676208496528027, -32.899597168116614, 0.0 ], [ -60.68139773963258, -32.871564165814853, 0.0 ], [ -60.658874512279183, -32.831176757858181, 0.0 ], [ -60.716003418050143, -32.773620604909425, 0.0 ], [ -60.725893659122526, -32.663599277670194, 0.0 ], [ -60.683956420937811, -32.680174780083426, 0.0 ], [ -60.669130452113833, -32.630387584850631, 0.0 ], [ -60.587875775726587, -32.634214180919649, 0.0 ], [ -60.557197644020619, -32.601676563322052, 0.0 ], [ -60.575383246430164, -32.579324305001713, 0.0 ], [ -60.522913734052977, -32.574329842618681, 0.0 ], [ -60.529314463115973, -32.529958196441846, 0.0 ], [ -60.542181143423207, -32.526036176159714, 0.0 ], [ -60.530365612372641, -32.51684418172163, 0.0 ], [ -60.5111515162179, -32.537737414565676, 0.0 ], [ -60.524954615648646, -32.544922451883799, 0.0 ], [ -60.516915444847356, -32.55209682768259, 0.0 ], [ -60.474147987270293, -32.534968089720913, 0.0 ], [ -60.477208570799498, -32.491488290612672, 0.0 ], [ -60.458258032264268, -32.486216282576422, 0.0 ], [ -60.447394619295146, -32.4584205571024, 0.0 ], [ -60.458147065173861, -32.440934063837929, 0.0 ], [ -60.415724143847612, -32.442913503748194, 0.0 ], [ -60.394410980419593, -32.420129668118477, 0.0 ], [ -60.440891493069529, -32.3407563276063, 0.0 ], [ -60.421521289481326, -32.302738112594831, 0.0 ], [ -60.375554623055379, -32.290529498579431, 0.0 ], [ -60.335514418341582, -32.298741901057362, 0.0 ], [ -60.278828054120595, -32.232608357654279, 0.0 ], [ -60.173320791948427, -32.219063025262983, 0.0 ], [ -60.189220304130764, -32.234518852002289, 0.0 ] ] ] } },
{ "type": "Feature", "properties": { "loc": "AR054042" }, "geometry": { "type": "Polygon", "coordinates": [ [ [ -54.430969238372811, -26.119504929022035, 0.0 ], [ -54.318962096486452, -26.140106200653982, 0.0 ], [ -54.148357390476185, -26.138290405251222, 0.0 ], [ -54.168727875319767, -26.261848449690635, 0.0 ], [ -54.180065154991155, -26.261840819925592, 0.0 ], [ -54.177989960446567, -26.448223114043703, 0.0 ], [ -54.268665314134132, -26.448301314825866, 0.0 ], [ -54.268527985083388, -26.483825684278877, 0.0 ], [ -54.281623839992633, -26.481832503682917, 0.0 ], [ -54.284397125225986, -26.500699997101673, 0.0 ], [ -54.298122406298617, -26.48558998157614, 0.0 ], [ -54.305595397722414, -26.497386931804332, 0.0 ], [ -54.34028243925021, -26.487586975638663, 0.0 ], [ -54.336242675891654, -26.501905441095843, 0.0 ], [ -54.353324890214139, -26.502347946689554, 0.0 ], [ -54.351490021059199, -26.4820842739753, 0.0 ], [ -54.36654663053573, -26.494047165062852, 0.0 ], [ -54.369110107047945, -26.473489761447421, 0.0 ], [ -54.413051605209155, -26.522809981956861, 0.0 ], [ -54.415420531783646, -26.495773315059548, 0.0 ], [ -54.426193236468656, -26.510118483475569, 0.0 ], [ -54.444808960321076, -26.50068664626334, 0.0 ], [ -54.445632935523847, -26.521429061707344, 0.0 ], [ -54.486419678866319, -26.516138076767877, 0.0 ], [ -54.496154784482393, -26.493844986112265, 0.0 ], [ -54.515632628699521, -26.504886627569963, 0.0 ], [ -54.535190581978718, -26.473323821807714, 0.0 ], [ -54.558223724528403, -26.479320526035032, 0.0 ], [ -54.557968139457039, -26.455240249578143, 0.0 ], [ -54.606090546070881, -26.485813140995912, 0.0 ], [ -54.602458953821227, -26.500097275186228, 0.0 ], [ -54.629325867051669, -26.490062714811419, 0.0 ], [ -54.634323120417058, -26.512367248887667, 0.0 ], [ -54.670333861855362, -26.469882964472596, 0.0 ], [ -54.659637451087441, -26.457181930993194, 0.0 ], [ -54.704132745349966, -26.445057952159633, 0.0 ], [ -54.696645293745021, -26.377714486426179, 0.0 ], [ -54.647568909537114, -26.311470292021333, 0.0 ], [ -54.678585183285726, -26.262536675635967, 0.0 ], [ -54.618016003962744, -26.214245515432257, 0.0 ], [ -54.657419175579342, -26.177850582618177, 0.0 ], [ -54.638515471609786, -26.149190903424067, 0.0 ], [ -54.627372741876094, -26.164400100720425, 0.0 ], [ -54.622379302757402, -26.150213241938872, 0.0 ], [ -54.602138519369497, -26.161819457642626, 0.0 ], [ -54.588764191213741, -26.133661269565799, 0.0 ], [ -54.579193114375293, -26.14726257312584, 0.0 ], [ -54.540569304929512, -26.146203994468205, 0.0 ], [ -54.543666839759595, -26.160715102366183, 0.0 ], [ -54.529335021597028, -26.154119491985401, 0.0 ], [ -54.518096924017833, -26.17355155862295, 0.0 ], [ -54.4654579157162, -26.127344131316434, 0.0 ], [ -54.433616638193811, -26.149429320859301, 0.0 ], [ -54.430969238372811, -26.119504929022035, 0.0 ] ] ] } },
{ "type": "Feature", "properties": { "loc": "AR074042" }, "geometry": { "type": "Polygon", "coordinates": [ [ [ -65.117485700338904, -34.652173976712945, 0.0 ], [ -65.116945295423534, -35.999529642713327, 0.0 ], [ -66.637875189132956, -35.99950398311158, 0.0 ], [ -66.619365693757842, -35.964307480011051, 0.0 ], [ -66.622241285423939, -35.848356874962853, 0.0 ], [ -66.593419976800106, -35.803765120665396, 0.0 ], [ -66.580584447372004, -35.703778089856137, 0.0 ], [ -66.548172758508812, -35.637310752612287, 0.0 ], [ -66.570646633318788, -35.582111416021391, 0.0 ], [ -66.525844477250175, -35.540570067754153, 0.0 ], [ -66.517369426805033, -35.470104357906635, 0.0 ], [ -66.529278655732995, -35.442873316051283, 0.0 ], [ -66.495720624040786, -35.309861207862937, 0.0 ], [ -66.520192037632299, -35.274795063807524, 0.0 ], [ -66.484226639556297, -35.240900541182157, 0.0 ], [ -66.498517262776573, -35.193453326112817, 0.0 ], [ -66.478577200311477, -35.140417583439927, 0.0 ], [ -66.498686981483203, -35.106499582199064, 0.0 ], [ -66.489109697286125, -35.09475478202323, 0.0 ], [ -66.507545481400626, -35.090817215648585, 0.0 ], [ -66.526931875325204, -35.049529509429775, 0.0 ], [ -66.52243023507846, -35.021753872874605, 0.0 ], [ -66.540775563335416, -35.015566902414541, 0.0 ], [ -66.546407898657208, -34.967957653613581, 0.0 ], [ -66.526017103803383, -34.942789272666637, 0.0 ], [ -66.555308174726932, -34.910960735152692, 0.0 ], [ -66.54545558114981, -34.88319806109071, 0.0 ], [ -66.563502586985734, -34.829396650032834, 0.0 ], [ -66.602843080450015, -34.802829782360433, 0.0 ], [ -66.608569940099258, -34.773767142274899, 0.0 ], [ -66.651579844886669, -34.757331998169356, 0.0 ], [ -66.64790048023022, -34.742992670292992, 0.0 ], [ -66.52912053248005, -34.812615135958644, 0.0 ], [ -66.444764489948014, -34.82397035116913, 0.0 ], [ -66.099436766778794, -34.772370997897717, 0.0 ], [ -65.976424517958577, -34.778612197759699, 0.0 ], [ -65.975239945526042, -34.712533363926056, 0.0 ], [ -65.669826826424213, -34.712299409663316, 0.0 ], [ -65.669799343366421, -34.69272254444013, 0.0 ], [ -65.568157469878031, -34.694789770671029, 0.0 ], [ -65.567978926122052, -34.668865557668838, 0.0 ], [ -65.252487332064902, -34.667777735851672, 0.0 ], [ -65.251981646136969, -34.652964588591637, 0.0 ], [ -65.117485700338904, -34.652173976712945, 0.0 ] ] ] } },
{ "type": "Feature", "properties": { "loc": "AR006819" }, "geometry": { "type": "Polygon", "coordinates": [ [ [ -62.100337982481264, -37.934341431260997, 0.0 ], [ -61.980575561677895, -38.024749755673689, 0.0 ], [ -61.931320189946256, -38.007728576767335, 0.0 ], [ -61.872730255214051, -38.032814026273883, 0.0 ], [ -61.856815337822901, -38.057163239071251, 0.0 ], [ -61.826503753787129, -38.065628051949538, 0.0 ], [ -61.822429656818414, -38.096725464411563, 0.0 ], [ -61.776699066750822, -38.139892577821904, 0.0 ], [ -61.783901215218137, -38.157585143868125, 0.0 ], [ -61.76068878241248, -38.180980682315486, 0.0 ], [ -61.771175385357573, -38.194839477922883, 0.0 ], [ -61.737743377418276, -38.218173980793033, 0.0 ], [ -61.697711944753223, -38.284927367434776, 0.0 ], [ -61.718566894622789, -38.287422179647976, 0.0 ], [ -61.756893158690254, -38.382854461864113, 0.0 ], [ -61.741806029850274, -38.408302306598451, 0.0 ], [ -61.78217315664881, -38.437278748188824, 0.0 ], [ -61.784595489863577, -38.45628356879201, 0.0 ], [ -61.796424866647605, -38.447395325267955, 0.0 ], [ -61.828243255994877, -38.474113463960997, 0.0 ], [ -61.893440247539495, -38.42587661761273, 0.0 ], [ -61.926250457808806, -38.452346802187279, 0.0 ], [ -61.939464569636996, -38.410667418737653, 0.0 ], [ -61.989604949908454, -38.4519195558155, 0.0 ], [ -62.010791779664793, -38.435703278253833, 0.0 ], [ -61.999694824484742, -38.42660903859008, 0.0 ], [ -62.084232330297404, -38.362514496093198, 0.0 ], [ -62.198032379235158, -38.452228545498365, 0.0 ], [ -62.228271484498876, -38.410087585194141, 0.0 ], [ -62.20983123845236, -38.394790648481475, 0.0 ], [ -62.240810393813426, -38.360176085889776, 0.0 ], [ -62.342472076052147, -38.442142486719895, 0.0 ], [ -62.387279509723065, -38.408260345739265, 0.0 ], [ -62.615142822061635, -38.592170714445729, 0.0 ], [ -62.649150847727427, -38.515213013167013, 0.0 ], [ -62.738216400662907, -38.585525513278732, 0.0 ], [ -62.900188445913138, -38.455791473370496, 0.0 ], [ -62.655834197558598, -38.266635894952834, 0.0 ], [ -62.73707962040011, -38.202388763203601, 0.0 ], [ -62.655460357364902, -38.138938903511843, 0.0 ], [ -62.812641144622503, -38.008205413801818, 0.0 ], [ -62.735431670892851, -37.947700499660684, 0.0 ], [ -62.574848175831811, -38.07537841771056, 0.0 ], [ -62.490116119183099, -38.0083732598642, 0.0 ], [ -62.468185425082702, -38.049945831410696, 0.0 ], [ -62.474891663089004, -38.06777572584258, 0.0 ], [ -62.439655303561594, -38.055892944050981, 0.0 ], [ -62.347423553067266, -38.135158538499667, 0.0 ], [ -62.332046509139012, -38.107742309262633, 0.0 ], [ -62.278797150399051, -38.087337493861313, 0.0 ], [ -62.245334624892919, -38.040618895638424, 0.0 ], [ -62.100337982481264, -37.934341431260997, 0.0 ] ] ] } },
{ "type": "Feature", "properties": { "loc": "AR086126" }, "geometry": { "type": "Polygon", "coordinates": [ [ [ -64.109868310960948, -28.83357313673298, 0.0 ], [ -64.005723232526066, -28.877485127212712, 0.0 ], [ -63.956279503842261, -28.871330477730233, 0.0 ], [ -63.88065775027502, -28.910410685458693, 0.0 ], [ -63.919444947999622, -28.937660612022221, 0.0 ], [ -63.851908879100755, -28.938051779738153, 0.0 ], [ -63.795996840196821, -28.962080707116169, 0.0 ], [ -63.845920868418624, -29.003683502467982, 0.0 ], [ -63.831217053405318, -29.016793848361505, 0.0 ], [ -63.83571749889272, -29.036486831946032, 0.0 ], [ -63.71875784782695, -29.059203733103022, 0.0 ], [ -63.73006727163969, -29.10878714044048, 0.0 ], [ -63.774111142708989, -29.101051308860896, 0.0 ], [ -63.794507667017719, -29.217592021321074, 0.0 ], [ -63.750408176757595, -29.225509155319553, 0.0 ], [ -63.738302762059817, -29.170155592691014, 0.0 ], [ -63.670600959380927, -29.181852759145031, 0.0 ], [ -63.705054840481779, -29.334884542184991, 0.0 ], [ -63.647258720915012, -29.306298401184534, 0.0 ], [ -63.653165062161413, -29.392494731373247, 0.0 ], [ -63.678220814573898, -29.41269728807821, 0.0 ], [ -63.642221672182536, -29.439622009465769, 0.0 ], [ -63.580941818570309, -29.452956395141715, 0.0 ], [ -63.574882790675083, -29.500255693780055, 0.0 ], [ -63.538507143686893, -29.519039041245701, 0.0 ], [ -63.532692833044734, -29.48332914088359, 0.0 ], [ -63.329398109553523, -29.537481972523352, 0.0 ], [ -63.344584112363563, -29.614260774469887, 0.0 ], [ -63.278525407391093, -29.63495730848884, 0.0 ], [ -63.270474377929723, -29.774122974444598, 0.0 ], [ -63.459012751133187, -29.757145004926159, 0.0 ], [ -63.459250696885633, -29.725736120401237, 0.0 ], [ -63.480665845149538, -29.725736120401237, 0.0 ], [ -63.465199348781908, -29.664821918827965, 0.0 ], [ -63.723673001463574, -29.659162374158143, 0.0 ], [ -63.763710769048011, -29.617063345969445, 0.0 ], [ -63.816391131293749, -29.614696194829619, 0.0 ], [ -63.787361707273099, -29.601787619561168, 0.0 ], [ -63.784047117910809, -29.584039219847046, 0.0 ], [ -63.841749045526782, -29.581778731863189, 0.0 ], [ -63.869588739886822, -29.623895190770583, 0.0 ], [ -63.958634757159828, -29.621300149578371, 0.0 ], [ -63.977046309219517, -29.555414162914321, 0.0 ], [ -64.342311489739544, -29.500422581483676, 0.0 ], [ -64.588485179582321, -29.538131970870737, 0.0 ], [ -64.513643596669652, -29.034437341376861, 0.0 ], [ -64.266085936249013, -29.037323214489227, 0.0 ], [ -64.194029006749616, -28.759608333122944, 0.0 ], [ -64.138748575118555, -28.794371460899697, 0.0 ], [ -64.109868310960948, -28.83357313673298, 0.0 ] ] ] } },
{ "type": "Feature", "properties": { "loc": "AR006742" }, "geometry": { "type": "Polygon", "coordinates": [ [ [ -59.626060486804448, -38.042293548815991, 0.0 ], [ -59.538368227071331, -38.056686400919119, 0.0 ], [ -59.41610336488943, -38.113418579146412, 0.0 ], [ -59.353904726082696, -38.114452361450006, 0.0 ], [ -59.244548800060663, -38.153690338371248, 0.0 ], [ -59.310317995085072, -38.205028534034419, 0.0 ], [ -59.353900910937689, -38.303462982650444, 0.0 ], [ -59.316844941937084, -38.383403778454728, 0.0 ], [ -59.40608215573684, -38.457355498741101, 0.0 ], [ -59.334655763616823, -38.500617981244673, 0.0 ], [ -59.339401247055854, -38.545684813623751, 0.0 ], [ -59.445747377599908, -38.588802338215487, 0.0 ], [ -59.431434632467443, -38.60429382345125, 0.0 ], [ -59.404727938259505, -38.597446441580217, 0.0 ], [ -59.411224367544683, -38.622005462594352, 0.0 ], [ -59.326320839576233, -38.735554273301865, 0.0 ], [ -59.627045644922013, -38.785827524796424, 0.0 ], [ -59.626171113433365, -38.742557526497762, 0.0 ], [ -59.646968843314276, -38.737232207727274, 0.0 ], [ -59.655139925426845, -38.699527739662209, 0.0 ], [ -59.703636170437761, -38.653697967948737, 0.0 ], [ -59.691005707524383, -38.636852264475117, 0.0 ], [ -59.733871461454768, -38.533489227179359, 0.0 ], [ -59.734775543923, -38.488693237016427, 0.0 ], [ -59.767471315113326, -38.51578903256609, 0.0 ], [ -59.821804047475823, -38.475120544012263, 0.0 ], [ -59.886867523318067, -38.528804778862295, 0.0 ], [ -59.937191010787153, -38.49113845775944, 0.0 ], [ -59.874694824805502, -38.439605712823614, 0.0 ], [ -59.990619659783079, -38.370800018240267, 0.0 ], [ -59.795043945729297, -38.197166443113609, 0.0 ], [ -59.777393342173724, -38.210418701058764, 0.0 ], [ -59.754817964024824, -38.190784453356351, 0.0 ], [ -59.789592744006427, -38.16461944601614, 0.0 ], [ -59.778476715796259, -38.155193328790723, 0.0 ], [ -59.789661408531792, -38.146938323635325, 0.0 ], [ -59.64177322396786, -38.023818970468611, 0.0 ], [ -59.626060486804448, -38.042293548815991, 0.0 ] ] ] } },
{ "type": "Feature", "properties": { "loc": "AR066098" }, "geometry": { "type": "Polygon", "coordinates": [ [ [ -65.55840441412596, -25.208205052803937, 0.0 ], [ -65.408015293759874, -25.175001693056011, 0.0 ], [ -65.366454479323608, -25.218821854313912, 0.0 ], [ -65.275359898960943, -25.21606314205702, 0.0 ], [ -65.298592498944728, -25.298822192291759, 0.0 ], [ -65.252632348897848, -25.278384871688466, 0.0 ], [ -65.176517180389439, -25.300417381584349, 0.0 ], [ -65.159245330812183, -25.375278311238855, 0.0 ], [ -65.186565163829087, -25.409541359306793, 0.0 ], [ -65.335634074239536, -25.42691954851103, 0.0 ], [ -65.346734828394929, -25.41541353416757, 0.0 ], [ -65.340117801181194, -25.297453930448558, 0.0 ], [ -65.395062144318359, -25.284745694554864, 0.0 ], [ -65.475028706656758, -25.398094244389693, 0.0 ], [ -65.491739093910098, -25.475556291753787, 0.0 ], [ -65.576250942041625, -25.592524293690246, 0.0 ], [ -65.619138038146531, -25.630054980938603, 0.0 ], [ -65.649070488216637, -25.631561737931712, 0.0 ], [ -65.699666533526084, -25.705959997270735, 0.0 ], [ -65.683271998418221, -25.764259370243686, 0.0 ], [ -65.704270259219996, -25.827467026139661, 0.0 ], [ -65.700656019726679, -25.869376089404877, 0.0 ], [ -65.797368727656647, -25.882005399936336, 0.0 ], [ -65.795964865683445, -25.782739087307693, 0.0 ], [ -65.87089060726349, -25.777010835498288, 0.0 ], [ -65.844061998196779, -25.749273645322944, 0.0 ], [ -65.852359217249955, -25.698030790968378, 0.0 ], [ -65.841316579601852, -25.670111502894155, 0.0 ], [ -65.80492248301438, -25.636865915541446, 0.0 ], [ -65.769923304773116, -25.648617267237771, 0.0 ], [ -65.763259465451597, -25.608383269944287, 0.0 ], [ -65.776797943657527, -25.573599726263726, 0.0 ], [ -65.750302724545577, -25.554886559005407, 0.0 ], [ -65.749898060459529, -25.501410353160235, 0.0 ], [ -65.781529837382919, -25.461736674073769, 0.0 ], [ -65.793348839523745, -25.307216397178088, 0.0 ], [ -65.748227580306633, -25.317820674526907, 0.0 ], [ -65.721434054045019, -25.252042657830909, 0.0 ], [ -65.671470274473563, -25.269180397263284, 0.0 ], [ -65.646898422046775, -25.24297633772704, 0.0 ], [ -65.607584706462802, -25.234423477720906, 0.0 ], [ -65.603863252142006, -25.203456698991658, 0.0 ], [ -65.574673221026657, -25.169416756560825, 0.0 ], [ -65.55840441412596, -25.208205052803937, 0.0 ] ] ] } },
{ "type": "Feature", "properties": { "loc": "AR006735" }, "geometry": { "type": "Polygon", "coordinates": [ [ [ -59.321723939281831, -33.996082306162741, 0.0 ], [ -59.300094604806418, -34.068634033353824, 0.0 ], [ -59.266010285223558, -34.091495514298416, 0.0 ], [ -59.279308320360528, -34.145935059165026, 0.0 ], [ -59.366748811065591, -34.198192596197096, 0.0 ], [ -59.373935699851167, -34.24011993355429, 0.0 ], [ -59.415363312995439, -34.270183562823796, 0.0 ], [ -59.423149109479276, -34.302829741476678, 0.0 ], [ -59.490447998888605, -34.318965911840685, 0.0 ], [ -59.606418610216437, -34.406517029396966, 0.0 ], [ -59.618572236597224, -34.39707183837843, 0.0 ], [ -59.644737243993895, -34.417694092129636, 0.0 ], [ -59.674129485879703, -34.399711609152455, 0.0 ], [ -59.692634583103214, -34.286659240781397, 0.0 ], [ -59.781658173036817, -34.21866226177918, 0.0 ], [ -59.644546508302881, -34.159130096638158, 0.0 ], [ -59.562534332942199, -34.168144226253645, 0.0 ], [ -59.510604858967731, -34.099063873418736, 0.0 ], [ -59.463462831434157, -34.135143279913869, 0.0 ], [ -59.395595551893415, -34.07421112113677, 0.0 ], [ -59.406955719739933, -34.060382842997143, 0.0 ], [ -59.319721223509312, -34.02360916061032, 0.0 ], [ -59.321723939281831, -33.996082306162741, 0.0 ] ] ] } },
{ "type": "Feature", "properties": { "loc": "AR066014" }, "geometry": { "type": "Polygon", "coordinates": [ [ [ -66.097098891370393, -24.740189751852515, 0.0 ], [ -66.004562714402709, -24.765537819121857, 0.0 ], [ -65.9553974284227, -24.918488283092167, 0.0 ], [ -65.936075556891737, -24.940245680284416, 0.0 ], [ -65.887355280133818, -24.939189061825299, 0.0 ], [ -65.892338973429986, -25.020012050597529, 0.0 ], [ -65.8328776620924, -25.119739183863008, 0.0 ], [ -65.888612155268646, -25.154159139841632, 0.0 ], [ -65.857426789837461, -25.183596884493536, 0.0 ], [ -65.867138635375895, -25.241978661922985, 0.0 ], [ -65.945988524442498, -25.243696275450098, 0.0 ], [ -65.967775754897076, -25.296515765305081, 0.0 ], [ -66.03645084355874, -25.29394614460179, 0.0 ], [ -66.230449539080126, -25.254792551862977, 0.0 ], [ -66.244001993275248, -25.211122674992346, 0.0 ], [ -66.308742096276475, -25.175661864981873, 0.0 ], [ -66.328210012313065, -25.146482075107521, 0.0 ], [ -66.356499009842238, -25.148523039311069, 0.0 ], [ -66.350818156511934, -25.185046654228611, 0.0 ], [ -66.369986288568555, -25.187239928596561, 0.0 ], [ -66.406031955606792, -25.159278339472543, 0.0 ], [ -66.410192697779607, -25.134692918046262, 0.0 ], [ -66.519635012087562, -25.14616829820713, 0.0 ], [ -66.597910256951735, -25.134483133754312, 0.0 ], [ -66.593685888005666, -25.087905585059701, 0.0 ], [ -66.556779886453526, -25.04355628064312, 0.0 ], [ -66.598099138520013, -24.98938235714774, 0.0 ], [ -66.583329877645014, -24.91911764698138, 0.0 ], [ -66.458684459298908, -24.837273595292167, 0.0 ], [ -66.406532044132192, -24.827744729439623, 0.0 ], [ -66.329833604001394, -24.862694224968134, 0.0 ], [ -66.260707967105603, -24.857007299628076, 0.0 ], [ -66.189109663491351, -24.93727924289151, 0.0 ], [ -66.128687257207716, -24.929725137362897, 0.0 ], [ -66.09466832958762, -24.904885257848669, 0.0 ], [ -66.107618488537568, -24.863220918953175, 0.0 ], [ -66.097169804378922, -24.793775529915678, 0.0 ], [ -66.119544278806117, -24.754572077842752, 0.0 ], [ -66.097098891370393, -24.740189751852515, 0.0 ] ] ] } },
{ "type": "Feature", "properties": { "loc": "AR006672" }, "geometry": { "type": "Polygon", "coordinates": [ [ [ -58.841129302900022, -36.141674041920773, 0.0 ], [ -58.763576511035112, -36.207965850966211, 0.0 ], [ -58.783321383962004, -36.225467681704494, 0.0 ], [ -58.597011571078347, -36.363372802595599, 0.0 ], [ -58.578361516310686, -36.347290038764271, 0.0 ], [ -58.437644958155659, -36.452041626468485, 0.0 ], [ -58.720825198878664, -36.700191498669476, 0.0 ], [ -58.666492465617857, -36.742618560769877, 0.0 ], [ -58.719947818832246, -36.752681731443886, 0.0 ], [ -58.790306094316485, -36.789382934998322, 0.0 ], [ -58.835845949591381, -36.836395263896826, 0.0 ], [ -58.865547183188831, -36.838134766003797, 0.0 ], [ -58.872207644844877, -36.860679625598578, 0.0 ], [ -58.910037996654701, -36.875473021778006, 0.0 ], [ -58.93657684604171, -36.93621063179588, 0.0 ], [ -59.021896364055294, -36.961170197692475, 0.0 ], [ -59.040348054638514, -37.025001525718658, 0.0 ], [ -59.089836120571469, -37.062614441104735, 0.0 ], [ -59.359706878925806, -36.844516754230725, 0.0 ], [ -59.34725952321007, -36.817287444425098, 0.0 ], [ -59.280292512789188, -36.7647743229996, 0.0 ], [ -59.256050112102933, -36.646347045982338, 0.0 ], [ -59.227313997005709, -36.616191863933672, 0.0 ], [ -59.222484591156203, -36.573474884130576, 0.0 ], [ -59.195533753718664, -36.590579987317973, 0.0 ], [ -59.137962343228637, -36.542419434197377, 0.0 ], [ -59.202678682197352, -36.493305206341596, 0.0 ], [ -59.190505983684758, -36.483310698742528, 0.0 ], [ -59.250091554484015, -36.437294005457233, 0.0 ], [ -59.229621888446545, -36.420940399267622, 0.0 ], [ -59.289703368808517, -36.374004364276978, 0.0 ], [ -59.218139649434384, -36.321170807303481, 0.0 ], [ -59.106281282932123, -36.275501250972916, 0.0 ], [ -59.102630617652352, -36.246742249027335, 0.0 ], [ -59.071075440971534, -36.221698761232467, 0.0 ], [ -59.022808076813561, -36.214710236120929, 0.0 ], [ -58.880294802750342, -36.150405884382018, 0.0 ], [ -58.841129302900022, -36.141674041920773, 0.0 ] ] ] } },
{ "type": "Feature", "properties": { "loc": "AR066042" }, "geometry": { "type": "Polygon", "coordinates": [ [ [ -65.6105272783131, -25.019608369707903, 0.0 ], [ -65.483226196543725, -25.042309788762818, 0.0 ], [ -65.393713930282061, -25.099199097037456, 0.0 ], [ -65.369367864012034, -25.074471811991604, 0.0 ], [ -65.287279520498416, -25.154857092443567, 0.0 ], [ -65.258053041138709, -25.161568170956752, 0.0 ], [ -65.278812188378197, -25.1915756760568, 0.0 ], [ -65.275359898960943, -25.21606314205702, 0.0 ], [ -65.366454479323608, -25.218821854313912, 0.0 ], [ -65.408015293759874, -25.175001693056011, 0.0 ], [ -65.55019379715776, -25.210687838195749, 0.0 ], [ -65.569788380140977, -25.201694621415694, 0.0 ], [ -65.574673221026657, -25.169416756560825, 0.0 ], [ -65.603863252142006, -25.203456698991658, 0.0 ], [ -65.607584706462802, -25.234423477720906, 0.0 ], [ -65.646898422046775, -25.24297633772704, 0.0 ], [ -65.671470274473563, -25.269180397263284, 0.0 ], [ -65.72324536398331, -25.25318811151352, 0.0 ], [ -65.748227580306633, -25.317820674526907, 0.0 ], [ -65.817217699155293, -25.301172662602038, 0.0 ], [ -65.83804778455611, -25.197375359253741, 0.0 ], [ -65.889218335727406, -25.159348384042008, 0.0 ], [ -65.834084273792129, -25.126496605433086, 0.0 ], [ -65.853959756371438, -25.07102257475632, 0.0 ], [ -65.778085156696136, -25.071029862878138, 0.0 ], [ -65.740062093799978, -25.102053264162716, 0.0 ], [ -65.713287032409028, -25.091254918532933, 0.0 ], [ -65.691684938446286, -25.054751995020656, 0.0 ], [ -65.6105272783131, -25.019608369707903, 0.0 ] ] ] } },
{ "type": "Feature", "properties": { "loc": "AR006280" }, "geometry": { "type": "Polygon", "coordinates": [ [ [ -58.047149657734955, -37.955684662096004, 0.0 ], [ -57.958934789610588, -38.022724147316687, 0.0 ], [ -57.942249308148519, -38.009117131869765, 0.0 ], [ -57.875675206459853, -38.060089104772125, 0.0 ], [ -57.846912383550915, -38.035972595224706, 0.0 ], [ -57.830001830991037, -38.048866272050518, 0.0 ], [ -57.845855713248518, -38.062553405643278, 0.0 ], [ -57.813461303479826, -38.092327117272127, 0.0 ], [ -57.820899963090092, -38.119293212488046, 0.0 ], [ -57.777007462637734, -38.245373408004163, 0.0 ], [ -57.852730554253874, -38.296398570293015, 0.0 ], [ -58.243442545389101, -38.445213320084612, 0.0 ], [ -58.285106667879674, -38.385219574322434, 0.0 ], [ -58.270214089875729, -38.354400635066824, 0.0 ], [ -58.283809671289319, -38.315608978661224, 0.0 ], [ -58.338283546949249, -38.251136779608331, 0.0 ], [ -58.323188789615877, -38.223495483820294, 0.0 ], [ -58.343322762418197, -38.159481048494094, 0.0 ], [ -58.329818733705089, -38.075252532895753, 0.0 ], [ -58.255718240240583, -38.129833214703822, 0.0 ], [ -58.047149657734955, -37.955684662096004, 0.0 ] ] ] } },
{ "type": "Feature", "properties": { "loc": "AR006791" }, "geometry": { "type": "Polygon", "coordinates": [ [ [ -59.359706878925806, -36.844516754230725, 0.0 ], [ -59.089836120571469, -37.062614441104735, 0.0 ], [ -58.611370087171153, -37.410530089517678, 0.0 ], [ -59.110752106473022, -37.82617568971537, 0.0 ], [ -59.133815766589549, -37.757911682323709, 0.0 ], [ -59.165458680825836, -37.736942290725025, 0.0 ], [ -59.170562746573452, -37.700469971638732, 0.0 ], [ -59.152332307451452, -37.659465790375364, 0.0 ], [ -59.166107180019338, -37.627738953190367, 0.0 ], [ -59.18479919599222, -37.616382599183822, 0.0 ], [ -59.226165770409544, -37.65040588418163, 0.0 ], [ -59.780357361301441, -37.23782348624627, 0.0 ], [ -59.700088501496879, -37.215923309028938, 0.0 ], [ -59.586544038528828, -37.131992339847656, 0.0 ], [ -59.567295076062955, -37.097187042492777, 0.0 ], [ -59.521610262345611, -37.08230972353001, 0.0 ], [ -59.480121614067691, -37.036094665983683, 0.0 ], [ -59.4370498674595, -37.021041870365437, 0.0 ], [ -59.359790804031242, -36.896568297601128, 0.0 ], [ -59.359706878925806, -36.844516754230725, 0.0 ] ] ] } },
{ "type": "Feature", "properties": { "loc": "AR030015" }, "geometry": { "type": "Polygon", "coordinates": [ [ [ -58.387606258191227, -30.828888170911451, 0.0 ], [ -58.249919716591208, -30.854410967877161, 0.0 ], [ -58.276348642730156, -30.88330913092928, 0.0 ], [ -58.274495888117897, -30.918475320319626, 0.0 ], [ -58.25088097682729, -30.927292072588159, 0.0 ], [ -58.249025506607936, -30.992341294316113, 0.0 ], [ -58.230719980904588, -31.013035582859057, 0.0 ], [ -58.273497089082746, -31.037117904293758, 0.0 ], [ -58.105443050507034, -31.084616213586468, 0.0 ], [ -58.027844530800891, -31.123380182360592, 0.0 ], [ -57.961913351564455, -31.212903930916799, 0.0 ], [ -57.924361448746623, -31.237157594359051, 0.0 ], [ -57.996944545762439, -31.360511405740326, 0.0 ], [ -57.980490573623797, -31.390445025294706, 0.0 ], [ -58.082394068862264, -31.457827067741828, 0.0 ], [ -58.078265705565556, -31.488810624212405, 0.0 ], [ -58.003794524095674, -31.531905638743314, 0.0 ], [ -57.980417713067737, -31.582832330094501, 0.0 ], [ -58.013282316327512, -31.687620516056285, 0.0 ], [ -58.05819554369112, -31.737230559561855, 0.0 ], [ -58.082169022917299, -31.720195286358052, 0.0 ], [ -58.086878368929057, -31.734295198035785, 0.0 ], [ -58.121641495066477, -31.721053088832157, 0.0 ], [ -58.185514094997828, -31.744268132010415, 0.0 ], [ -58.2290249093708, -31.735241737711871, 0.0 ], [ -58.278983025064363, -31.698534458093501, 0.0 ], [ -58.290521115931, -31.666035323490437, 0.0 ], [ -58.27473625842331, -31.662676021033018, 0.0 ], [ -58.260575170470375, -31.60035200907884, 0.0 ], [ -58.27794372728124, -31.582480849955179, 0.0 ], [ -58.280192658696734, -31.602199102714167, 0.0 ], [ -58.297031268778767, -31.602706368820918, 0.0 ], [ -58.286711730916956, -31.539555088434298, 0.0 ], [ -58.329092533832778, -31.54435942162263, 0.0 ], [ -58.34598486676208, -31.506504873931483, 0.0 ], [ -58.325991123670548, -31.486360610178128, 0.0 ], [ -58.346326301130205, -31.490456909893588, 0.0 ], [ -58.449355767203663, -31.431754551986987, 0.0 ], [ -58.459547180153145, -31.38928067381698, 0.0 ], [ -58.41142817995086, -31.35157375048108, 0.0 ], [ -58.472096727317293, -31.266763997268761, 0.0 ], [ -58.408254279338472, -31.23811544121893, 0.0 ], [ -58.387594340242352, -31.210714089917019, 0.0 ], [ -58.544341866445137, -31.136777835066948, 0.0 ], [ -58.575129049135036, -31.103924344581518, 0.0 ], [ -58.573890201391329, -31.075623260569532, 0.0 ], [ -58.598484702143082, -31.061906224579584, 0.0 ], [ -58.580303051422476, -31.041188105056282, 0.0 ], [ -58.549297379590847, -31.045907544792811, 0.0 ], [ -58.493510730229211, -31.022101131739227, 0.0 ], [ -58.48358558870973, -31.00888526306683, 0.0 ], [ -58.506945497935583, -30.982276767442272, 0.0 ], [ -58.466362110715572, -30.945531787480832, 0.0 ], [ -58.461360050465096, -30.905136015803325, 0.0 ], [ -58.440247109835809, -30.902539845029384, 0.0 ], [ -58.427206666606551, -30.847143764270232, 0.0 ], [ -58.387606258191227, -30.828888170911451, 0.0 ] ] ] } },
{ "type": "Feature", "properties": { "loc": "AR066049" }, "geometry": { "type": "Polygon", "coordinates": [ [ [ -64.856530026781726, -24.469739173246584, 0.0 ], [ -64.726363543834836, -24.529730985480047, 0.0 ], [ -64.673153060587126, -24.603355758747583, 0.0 ], [ -64.637541375052535, -24.609803592877483, 0.0 ], [ -64.703633210790997, -24.638594291463875, 0.0 ], [ -64.727980800603774, -24.704957809793367, 0.0 ], [ -64.799011714809836, -24.771644200097622, 0.0 ], [ -64.795562933313775, -24.801593773929991, 0.0 ], [ -64.812628962689772, -24.827568371958247, 0.0 ], [ -64.797944204536904, -24.839617445492909, 0.0 ], [ -64.795866206350311, -24.898049524475041, 0.0 ], [ -64.826411143950821, -24.940229014679726, 0.0 ], [ -64.81638816691374, -24.972163678003373, 0.0 ], [ -64.856456368521691, -25.022211521608483, 0.0 ], [ -64.891488508645665, -25.00308442645796, 0.0 ], [ -64.905935824102656, -25.039217919523804, 0.0 ], [ -64.900865087648697, -25.113907851693686, 0.0 ], [ -64.978673870623524, -25.148768784326109, 0.0 ], [ -65.080392513237754, -25.103857542922821, 0.0 ], [ -65.065472656991872, -24.999101930072563, 0.0 ], [ -65.097894013524154, -24.973507987057204, 0.0 ], [ -65.0845351606458, -24.887875780970059, 0.0 ], [ -65.053284729340291, -24.865612420289597, 0.0 ], [ -65.036640049358411, -24.814020145966648, 0.0 ], [ -65.01888744928884, -24.805503250497651, 0.0 ], [ -65.081013850970322, -24.747703778115159, 0.0 ], [ -65.292867113430844, -24.775078725798622, 0.0 ], [ -65.287946357001786, -24.729626426651624, 0.0 ], [ -65.219621025599352, -24.71990238236619, 0.0 ], [ -65.274700448405795, -24.6774251578857, 0.0 ], [ -65.279046509428483, -24.637261287506014, 0.0 ], [ -65.261441609459609, -24.59827648185912, 0.0 ], [ -65.199732537211375, -24.585365188482232, 0.0 ], [ -65.210172398117294, -24.54363156542912, 0.0 ], [ -65.1553641156097, -24.488720089905126, 0.0 ], [ -65.106049152337036, -24.523313937582468, 0.0 ], [ -65.084893666597594, -24.560159955291294, 0.0 ], [ -64.934585369454254, -24.596526277252742, 0.0 ], [ -64.889503210308206, -24.579780557741273, 0.0 ], [ -64.885953687244594, -24.518984376074972, 0.0 ], [ -64.856530026781726, -24.469739173246584, 0.0 ] ] ] } },
{ "type": "Feature", "properties": { "loc": "AR066112" }, "geometry": { "type": "Polygon", "coordinates": [ [ [ -65.08121334433703, -25.100952031198407, 0.0 ], [ -64.93674046195683, -25.175043179763936, 0.0 ], [ -64.894134489128533, -25.244286998958977, 0.0 ], [ -64.894506260502126, -25.285212562263066, 0.0 ], [ -64.828147787719345, -25.34549807562831, 0.0 ], [ -64.709354193661682, -25.379700980666897, 0.0 ], [ -64.619605446799781, -25.362007948273671, 0.0 ], [ -64.570888421943181, -25.314884559578143, 0.0 ], [ -64.545419678061975, -25.256288409073946, 0.0 ], [ -64.464286957856032, -25.22257247242954, 0.0 ], [ -64.397426802936508, -25.251849039046999, 0.0 ], [ -64.362203936104663, -25.242353263190211, 0.0 ], [ -64.307002042382294, -25.170487976038853, 0.0 ], [ -64.304496419171016, -25.146073553875258, 0.0 ], [ -64.277035723131021, -25.146642712402357, 0.0 ], [ -64.246753302900942, -25.114931793032909, 0.0 ], [ -64.230614699614151, -25.126692237232778, 0.0 ], [ -64.159438314925936, -25.109035586107034, 0.0 ], [ -64.150842609060021, -25.147197892287082, 0.0 ], [ -64.107164938911239, -25.160079240207263, 0.0 ], [ -64.085098338691495, -25.195345592021145, 0.0 ], [ -64.05783576249415, -25.273978135722345, 0.0 ], [ -64.072351431659413, -25.290636256495553, 0.0 ], [ -64.04606339189975, -25.313850977753816, 0.0 ], [ -64.062956495583578, -25.361159883302324, 0.0 ], [ -64.014404788587015, -25.443410256432085, 0.0 ], [ -64.029417604295119, -25.468155179330996, 0.0 ], [ -64.00580293914291, -25.472680223064213, 0.0 ], [ -63.987913254364344, -25.516643371192384, 0.0 ], [ -63.941247947480697, -25.551096705005563, 0.0 ], [ -63.959201675850792, -25.656847327927434, 0.0 ], [ -63.919011357263109, -25.682337941636071, 0.0 ], [ -64.007747010198713, -25.673357057827189, 0.0 ], [ -64.02541450747151, -25.753485405889325, 0.0 ], [ -64.195662468227965, -25.727844583467313, 0.0 ], [ -64.210538280075468, -25.540630133758771, 0.0 ], [ -64.315208448946763, -25.513292314371551, 0.0 ], [ -64.381439230703492, -25.525285721324277, 0.0 ], [ -64.449455275746857, -25.511516578538295, 0.0 ], [ -64.480846313157272, -25.634798776063075, 0.0 ], [ -64.647923266774853, -25.605522609852748, 0.0 ], [ -64.835753261782912, -25.651522676278081, 0.0 ], [ -64.919783458411928, -25.638099505467284, 0.0 ], [ -65.024272048119897, -25.672020178152895, 0.0 ], [ -65.123243495271609, -25.645783399005392, 0.0 ], [ -65.165630844210909, -25.580633025138106, 0.0 ], [ -65.149326923962377, -25.537792713987947, 0.0 ], [ -65.163381395365818, -25.517718489826056, 0.0 ], [ -65.163652365883081, -25.443300471857082, 0.0 ], [ -65.187272987763947, -25.413089097415298, 0.0 ], [ -65.159245330812183, -25.375278311238855, 0.0 ], [ -65.174705153595553, -25.303895637284928, 0.0 ], [ -65.25296690037429, -25.276620501707971, 0.0 ], [ -65.21424772128637, -25.239397359777186, 0.0 ], [ -65.19235319425762, -25.185502046152809, 0.0 ], [ -65.169402189165936, -25.1756101934375, 0.0 ], [ -65.156152450153584, -25.112276061464328, 0.0 ], [ -65.08121334433703, -25.100952031198407, 0.0 ] ] ] } },
{ "type": "Feature", "properties": { "loc": "AR006343" }, "geometry": { "type": "Polygon", "coordinates": [ [ [ -58.443580626701149, -35.215171814480527, 0.0 ], [ -58.247753150805821, -35.364795685534155, 0.0 ], [ -58.26136780435121, -35.377277373973392, 0.0 ], [ -58.218360908021687, -35.409023282334751, 0.0 ], [ -58.187610633513565, -35.382198337427312, 0.0 ], [ -58.154941559355159, -35.408275603872255, 0.0 ], [ -58.194938666494906, -35.440574646092855, 0.0 ], [ -58.152618416317438, -35.472656249753591, 0.0 ], [ -58.436389922770537, -35.732521056737852, 0.0 ], [ -58.44249725936681, -35.701736450433017, 0.0 ], [ -58.466117864179701, -35.685043335144194, 0.0 ], [ -58.486675262382768, -35.707767487410379, 0.0 ], [ -58.500064855610134, -35.645057678164576, 0.0 ], [ -58.568870547636017, -35.596004486276279, 0.0 ], [ -58.470687871609456, -35.511352538765159, 0.0 ], [ -58.582187653108178, -35.421546936246664, 0.0 ], [ -58.524192814522458, -35.365909575482895, 0.0 ], [ -58.571735386468163, -35.328449249078311, 0.0 ], [ -58.443580626701149, -35.215171814480527, 0.0 ] ] ] } },
{ "type": "Feature", "properties": { "loc": "AR006189" }, "geometry": { "type": "Polygon", "coordinates": [ [ [ -61.175144195965828, -38.292549133036481, 0.0 ], [ -60.991661071362515, -38.310268401923388, 0.0 ], [ -60.840114593923715, -38.406478881710001, 0.0 ], [ -60.735015869373065, -38.336750030955301, 0.0 ], [ -60.738979339712863, -38.375297546016263, 0.0 ], [ -60.619281769188184, -38.471248626617381, 0.0 ], [ -60.591346740220288, -38.556583405429876, 0.0 ], [ -60.612522125439924, -38.586536406875851, 0.0 ], [ -60.610851288655859, -38.619091034387914, 0.0 ], [ -60.536499023468359, -38.822223663282657, 0.0 ], [ -60.521598816072697, -38.884090424314607, 0.0 ], [ -60.529331207712865, -38.913333892809632, 0.0 ], [ -60.5123750764321, -38.930943713534603, 0.0 ], [ -60.852815864742738, -38.97978155592876, 0.0 ], [ -61.086822510069325, -38.988288879104616, 0.0 ], [ -61.086822510069325, -38.94725799623869, 0.0 ], [ -61.314746856643275, -38.946624755302096, 0.0 ], [ -61.340808867701028, -38.913696289488115, 0.0 ], [ -61.456081390136752, -38.913726806636092, 0.0 ], [ -61.456069945600035, -38.941925048594292, 0.0 ], [ -61.474674224915738, -38.945819855334534, 0.0 ], [ -61.662899017813068, -38.857913970480148, 0.0 ], [ -61.699817656864631, -38.817642211400241, 0.0 ], [ -61.699218750064716, -38.781455994436811, 0.0 ], [ -61.721725463688223, -38.753372192472696, 0.0 ], [ -61.729595183480846, -38.659095764061668, 0.0 ], [ -61.593124389447006, -38.543582915961061, 0.0 ], [ -61.526630402210344, -38.500431060587168, 0.0 ], [ -61.515102385949625, -38.508750916262528, 0.0 ], [ -61.473911284846622, -38.47566604654336, 0.0 ], [ -61.465923309033371, -38.482975005453156, 0.0 ], [ -61.329524994669931, -38.375423430986579, 0.0 ], [ -61.31900787415799, -38.391849517696201, 0.0 ], [ -61.175144195965828, -38.292549133036481, 0.0 ] ] ] } },
{ "type": "Feature", "properties": { "loc": "AR006196" }, "geometry": { "type": "Polygon", "coordinates": [ [ [ -61.178489685577254, -37.679672240587486, 0.0 ], [ -60.750511169321975, -38.010929107646369, 0.0 ], [ -60.759799956870609, -38.02798843369019, 0.0 ], [ -60.684123992670898, -38.087329864918303, 0.0 ], [ -60.729663848844098, -38.129844666300876, 0.0 ], [ -60.719585419702852, -38.224216460821985, 0.0 ], [ -60.74732208358801, -38.229804992926731, 0.0 ], [ -60.741786956759739, -38.330440521277509, 0.0 ], [ -60.840114593923715, -38.406478881710001, 0.0 ], [ -60.991661071362515, -38.310268401923388, 0.0 ], [ -61.189456940199975, -38.291305542141529, 0.0 ], [ -61.31900787415799, -38.391849517696201, 0.0 ], [ -61.329524994669931, -38.375423430986579, 0.0 ], [ -61.465923309033371, -38.482975005453156, 0.0 ], [ -61.473911284846622, -38.47566604654336, 0.0 ], [ -61.515102385949625, -38.508750916262528, 0.0 ], [ -61.526630402210344, -38.500431060587168, 0.0 ], [ -61.593124389447006, -38.543582915961061, 0.0 ], [ -61.729595183480846, -38.659095764061668, 0.0 ], [ -61.754169464053867, -38.61536788851641, 0.0 ], [ -61.748847961091727, -38.596279143818379, 0.0 ], [ -61.778331756576343, -38.579563141503456, 0.0 ], [ -61.795387267578683, -38.528648375879953, 0.0 ], [ -61.78422546391657, -38.440372467248338, 0.0 ], [ -61.741806029850274, -38.408302306598451, 0.0 ], [ -61.75190353471659, -38.362728118836571, 0.0 ], [ -61.718566894622789, -38.287422179647976, 0.0 ], [ -61.697711944753223, -38.284927367434776, 0.0 ], [ -61.737743377418276, -38.218173980793033, 0.0 ], [ -61.771450042560751, -38.194042206350389, 0.0 ], [ -61.760082245322522, -38.19219589227545, 0.0 ], [ -61.76683807392579, -38.172348021839582, 0.0 ], [ -61.663227080758205, -38.090843200938664, 0.0 ], [ -61.683361052662214, -38.074134827526038, 0.0 ], [ -61.178489685577254, -37.679672240587486, 0.0 ] ] ] } },
{ "type": "Feature", "properties": { "loc": "AR006686" }, "geometry": { "type": "Polygon", "coordinates": [ [ [ -60.901058196446996, -33.882358551214239, 0.0 ], [ -60.697460174766412, -34.033329010574022, 0.0 ], [ -60.707599639939652, -34.041744231816068, 0.0 ], [ -60.656864166216664, -34.092151641458337, 0.0 ], [ -60.521629333639517, -34.140174865967751, 0.0 ], [ -60.469993590796662, -34.199474335385922, 0.0 ], [ -60.548683167415973, -34.275852202408963, 0.0 ], [ -60.538986206063477, -34.349563599043634, 0.0 ], [ -60.578086852940174, -34.392288207461974, 0.0 ], [ -60.559478760276093, -34.406345366759581, 0.0 ], [ -60.676681518813936, -34.509239197082138, 0.0 ], [ -60.902084350979209, -34.326324462862736, 0.0 ], [ -60.966629028185316, -34.345573424915543, 0.0 ], [ -61.059238434018347, -34.268909453962472, 0.0 ], [ -61.013389587031796, -34.230625153312872, 0.0 ], [ -60.958778380524492, -34.276405334378367, 0.0 ], [ -60.917133331064029, -34.24147796533768, 0.0 ], [ -61.122638702468251, -34.071651459088649, 0.0 ], [ -61.050949096783455, -34.029823302964225, 0.0 ], [ -60.901058196446996, -33.882358551214239, 0.0 ] ] ] } },
{ "type": "Feature", "properties": { "loc": "AR006511" }, "geometry": { "type": "Polygon", "coordinates": [ [ [ -57.465759315946656, -36.570419322795225, 0.0 ], [ -57.175895691256521, -36.784461975295855, 0.0 ], [ -57.233142853048115, -36.788558959146513, 0.0 ], [ -57.223567963759592, -36.90876007138661, 0.0 ], [ -57.322170257228414, -36.910255432926881, 0.0 ], [ -57.305149078039619, -37.003292083715714, 0.0 ], [ -57.49374008173892, -37.017017363640498, 0.0 ], [ -57.487598419617342, -37.104503631768821, 0.0 ], [ -57.567447661979649, -37.104957582071798, 0.0 ], [ -57.675521851093038, -37.202327728058243, 0.0 ], [ -58.011112212976521, -36.95891189648426, 0.0 ], [ -57.943992614721481, -36.899143219062395, 0.0 ], [ -57.972164153934003, -36.8780059814666, 0.0 ], [ -57.919631966099438, -36.833461764402621, 0.0 ], [ -57.891490945352054, -36.854358671254211, 0.0 ], [ -57.745506287281906, -36.733806609872623, 0.0 ], [ -57.707054144988618, -36.763149255199551, 0.0 ], [ -57.465759315946656, -36.570419322795225, 0.0 ] ] ] } },
{ "type": "Feature", "properties": { "loc": "AR006505" }, "geometry": { "type": "Polygon", "coordinates": [ [ [ -57.705682239683327, -34.930806419293994, 0.0 ], [ -57.508455656597619, -35.024714227027864, 0.0 ], [ -57.303534946509551, -35.197889348754892, 0.0 ], [ -57.40413284917868, -35.250240321249514, 0.0 ], [ -57.426799773739866, -35.234386444457186, 0.0 ], [ -57.460819243942382, -35.266571045552155, 0.0 ], [ -57.493862152006251, -35.24314117431895, 0.0 ], [ -57.549812317207483, -35.296077727580204, 0.0 ], [ -57.503341675245892, -35.301418304118179, 0.0 ], [ -57.572280891058973, -35.363483423062085, 0.0 ], [ -57.589347838513198, -35.350425719897117, 0.0 ], [ -57.602634430011783, -35.361808776912959, 0.0 ], [ -57.584899901350802, -35.297721862977625, 0.0 ], [ -57.604694365772964, -35.268642425780669, 0.0 ], [ -57.634193425430873, -35.260787969288138, 0.0 ], [ -57.668033599987503, -35.293598174317573, 0.0 ], [ -57.61363601734633, -35.333362579313714, 0.0 ], [ -57.640983587644278, -35.355659479479584, 0.0 ], [ -57.664859782020116, -35.342826845878712, 0.0 ], [ -57.683460245292494, -35.376514433409675, 0.0 ], [ -57.727725991253841, -35.348907473843454, 0.0 ], [ -57.797317505235746, -35.445037842183552, 0.0 ], [ -57.873386390744088, -35.385555270801277, 0.0 ], [ -57.947463998728416, -35.372318269809931, 0.0 ], [ -57.985076911527102, -35.327880857838096, 0.0 ], [ -58.035499581986691, -35.347152711561989, 0.0 ], [ -57.890201579051741, -35.222080231264826, 0.0 ], [ -57.970127106347952, -35.159774779830101, 0.0 ], [ -57.705682239683327, -34.930806419293994, 0.0 ] ] ] } },
{ "type": "Feature", "properties": { "loc": "AR030098" }, "geometry": { "type": "Polygon", "coordinates": [ [ [ -58.707505077762114, -31.964821660327349, 0.0 ], [ -58.69734150180664, -32.028799351361549, 0.0 ], [ -58.656435318463991, -32.086028338044216, 0.0 ], [ -58.647458568814145, -32.173424293657931, 0.0 ], [ -58.62678995558565, -32.194042733660517, 0.0 ], [ -58.586270727839839, -32.196260829140478, 0.0 ], [ -58.55676491824088, -32.228578050197832, 0.0 ], [ -58.56235677008609, -32.243677141452537, 0.0 ], [ -58.539535312838154, -32.22837828727549, 0.0 ], [ -58.528945526704561, -32.190712597933135, 0.0 ], [ -58.411753305405007, -32.184261526204388, 0.0 ], [ -58.417097524065746, -32.249674792193588, 0.0 ], [ -58.340014810707522, -32.264408920255413, 0.0 ], [ -58.285917940904355, -32.331519220403912, 0.0 ], [ -58.235993714154851, -32.346052398714626, 0.0 ], [ -58.224328927595508, -32.366998589974301, 0.0 ], [ -58.210215727932038, -32.354401444504241, 0.0 ], [ -58.188467576887277, -32.370041975994759, 0.0 ], [ -58.204448064107638, -32.463299473022687, 0.0 ], [ -58.187387328503597, -32.532868964117803, 0.0 ], [ -58.160582699963392, -32.570779725721195, 0.0 ], [ -58.150086303585056, -32.731981250860954, 0.0 ], [ -58.11979754933391, -32.815234130516558, 0.0 ], [ -58.11573346768229, -32.919111687942845, 0.0 ], [ -58.086799487863964, -32.960805757916475, 0.0 ], [ -58.084932205696937, -33.004060790354131, 0.0 ], [ -58.110289170410717, -33.028245868979226, 0.0 ], [ -58.262689256676865, -33.027644082556691, 0.0 ], [ -58.262235346048648, -32.875935248614724, 0.0 ], [ -58.497997830344758, -32.874226486875195, 0.0 ], [ -58.484329264407585, -32.864323431903053, 0.0 ], [ -58.50494717851808, -32.756541484283787, 0.0 ], [ -58.489321938161652, -32.745358828164903, 0.0 ], [ -58.518392558921214, -32.697771505002891, 0.0 ], [ -58.513260781943721, -32.674371883818218, 0.0 ], [ -58.532728309009798, -32.669755749625367, 0.0 ], [ -58.519408854443178, -32.655719030450705, 0.0 ], [ -58.53064553987074, -32.610656170832968, 0.0 ], [ -58.511050949700994, -32.596774038552645, 0.0 ], [ -58.520891601074744, -32.561934347245376, 0.0 ], [ -58.581669354833636, -32.553771737201899, 0.0 ], [ -58.640018083827215, -32.511531631960729, 0.0 ], [ -58.776729481728438, -32.560435486313551, 0.0 ], [ -58.838503330593504, -32.548880814080178, 0.0 ], [ -58.921215955618884, -32.491555848913002, 0.0 ], [ -58.970465607777108, -32.522805684635628, 0.0 ], [ -59.077478413127821, -32.478977071748879, 0.0 ], [ -59.10634900332812, -32.485442325782316, 0.0 ], [ -59.095460996283158, -32.465821920324622, 0.0 ], [ -59.11317498496517, -32.453629919213725, 0.0 ], [ -59.086826279279421, -32.425874087114771, 0.0 ], [ -59.104820271937172, -32.402305277095238, 0.0 ], [ -59.08344587305119, -32.385896530546113, 0.0 ], [ -59.093656719255222, -32.37369885276761, 0.0 ], [ -59.082153396783347, -32.362118137044405, 0.0 ], [ -59.102580875240122, -32.34776858026391, 0.0 ], [ -59.08375955127368, -32.342277399195353, 0.0 ], [ -59.095917001782624, -32.329666850911224, 0.0 ], [ -59.073624294707571, -32.311963185756682, 0.0 ], [ -59.083996006721087, -32.250650410934895, 0.0 ], [ -59.112485368982803, -32.235504971320573, 0.0 ], [ -59.102461728989049, -32.198095073597173, 0.0 ], [ -59.076921265412189, -32.177828172332191, 0.0 ], [ -59.097321262607807, -32.135381438979842, 0.0 ], [ -59.07081450643264, -32.119375831145462, 0.0 ], [ -59.095384527194604, -32.084008468700823, 0.0 ], [ -59.062522007127981, -32.069377524720018, 0.0 ], [ -59.003156049262856, -32.083612044495602, 0.0 ], [ -58.967870484515757, -32.051989694174601, 0.0 ], [ -58.917712071463285, -32.065713369656748, 0.0 ], [ -58.870934677290052, -32.046695296591963, 0.0 ], [ -58.860809638161967, -32.026687191118228, 0.0 ], [ -58.773107528401788, -32.014569904463286, 0.0 ], [ -58.731693767279197, -31.976599535862075, 0.0 ], [ -58.707505077762114, -31.964821660327349, 0.0 ] ] ] } },
{ "type": "Feature", "properties": { "loc": "AR086077" }, "geometry": { "type": "Polygon", "coordinates": [ [ [ -63.111773813687947, -28.324891662597572, 0.0 ], [ -61.8640830174919, -28.318842954385069, 0.0 ], [ -61.871039074283757, -28.357689155773226, 0.0 ], [ -61.771722725266933, -28.357089866261656, 0.0 ], [ -61.857831676463988, -28.866439625540071, 0.0 ], [ -62.653952402209853, -28.863668205755207, 0.0 ], [ -62.675952158789286, -28.819850110635244, 0.0 ], [ -62.658375933044312, -28.810299930418779, 0.0 ], [ -62.682336000423277, -28.815657267635856, 0.0 ], [ -62.672356276368809, -28.809711144276491, 0.0 ], [ -62.697971254300178, -28.793795881350945, 0.0 ], [ -62.714213291405422, -28.709124018784756, 0.0 ], [ -62.753372526404917, -28.632442483519768, 0.0 ], [ -62.882226687502708, -28.565128644924584, 0.0 ], [ -62.878938627187388, -28.507301452183654, 0.0 ], [ -62.914353750558021, -28.460492540095483, 0.0 ], [ -63.040787421783996, -28.40759752385344, 0.0 ], [ -63.111773813687947, -28.324891662597572, 0.0 ] ] ] } },
{ "type": "Feature", "properties": { "loc": "AR006336" }, "geometry": { "type": "Polygon", "coordinates": [ [ [ -57.010645941469555, -36.326529389335889, 0.0 ], [ -56.797348881531569, -36.330111199044111, 0.0 ], [ -56.713176726833154, -36.433914185431455, 0.0 ], [ -56.715625762469749, -36.533321380691625, 0.0 ], [ -56.741527557199973, -36.531158447134629, 0.0 ], [ -56.716003417808459, -36.559871674509864, 0.0 ], [ -56.700130462520853, -36.705970764095284, 0.0 ], [ -56.712638855166894, -36.821182251058069, 0.0 ], [ -56.698085784644782, -36.852848053376512, 0.0 ], [ -56.821285248658405, -37.024162291998337, 0.0 ], [ -56.954521178811397, -36.989688873307294, 0.0 ], [ -56.942493439639584, -36.958282470788774, 0.0 ], [ -56.985393523586872, -36.950004578085746, 0.0 ], [ -56.979450226548003, -36.904708861847759, 0.0 ], [ -57.005737305110323, -36.909091939847841, 0.0 ], [ -56.991607666277162, -36.891063690014796, 0.0 ], [ -56.997756957790457, -36.862083434901557, 0.0 ], [ -57.089511870853876, -36.827812195490935, 0.0 ], [ -57.106414794920376, -36.835834503322232, 0.0 ], [ -57.329536438066633, -36.668567656876512, 0.0 ], [ -57.165241241693842, -36.520572661827821, 0.0 ], [ -57.177059173941146, -36.5119857791356, 0.0 ], [ -57.099601746328474, -36.441429137723638, 0.0 ], [ -57.082847594951126, -36.453514098747618, 0.0 ], [ -57.040767669264987, -36.428398132219243, 0.0 ], [ -57.069702147648307, -36.386756897161447, 0.0 ], [ -57.010645941469555, -36.326529389335889, 0.0 ] ] ] } },
{ "type": "Feature", "properties": { "loc": "AR006357" }, "geometry": { "type": "Polygon", "coordinates": [ [ [ -57.674407959005343, -37.74843978901707, 0.0 ], [ -57.6978950490142, -37.754169464806914, 0.0 ], [ -57.519685501354289, -37.889338002642369, 0.0 ], [ -57.544276265114455, -37.990028689025458, 0.0 ], [ -57.522385223549016, -38.037122981062083, 0.0 ], [ -57.533259360606003, -38.031969068920027, 0.0 ], [ -57.540326359335452, -38.048501564421386, 0.0 ], [ -57.534501438691471, -38.05030043588534, 0.0 ], [ -57.526568315806088, -38.042781338963621, 0.0 ], [ -57.521704697619001, -38.040044959232489, 0.0 ], [ -57.517778587313558, -38.03896944302042, 0.0 ], [ -57.544918718646088, -38.100635553934147, 0.0 ], [ -57.593212259711443, -38.118943127043096, 0.0 ], [ -57.683374795746033, -38.205869597356049, 0.0 ], [ -57.776692497129453, -38.245882613030631, 0.0 ], [ -57.820899963090092, -38.119293212488046, 0.0 ], [ -57.813461303479826, -38.092327117272127, 0.0 ], [ -57.845855713248518, -38.062553405643278, 0.0 ], [ -57.830001830991037, -38.048866272050518, 0.0 ], [ -57.846912383550915, -38.035972595224706, 0.0 ], [ -57.875675206459853, -38.060089104772125, 0.0 ], [ -57.942249308148519, -38.009117131869765, 0.0 ], [ -57.958934789610588, -38.022724147316687, 0.0 ], [ -58.047149657734955, -37.955684662096004, 0.0 ], [ -57.736045866716779, -37.699478160380174, 0.0 ], [ -57.674407959005343, -37.74843978901707, 0.0 ] ] ] } },
{ "type": "Feature", "properties": { "loc": "AR022119" }, "geometry": { "type": "Polygon", "coordinates": [ [ [ -59.703478628394805, -26.713562785910359, 0.0 ], [ -59.703118752512204, -26.805350887663444, 0.0 ], [ -59.605237298668364, -26.804768995043133, 0.0 ], [ -59.604933698645063, -26.984944220455397, 0.0 ], [ -59.554408666955453, -26.985245451085554, 0.0 ], [ -59.555082395333713, -27.241799923744729, 0.0 ], [ -59.597241748260643, -27.286388691082319, 0.0 ], [ -60.011217772329779, -27.288553622253829, 0.0 ], [ -60.011785165331219, -27.19911551772817, 0.0 ], [ -59.981611745779404, -27.198850402981414, 0.0 ], [ -60.037434485855897, -27.178846025680823, 0.0 ], [ -59.854793516560079, -26.757246155540845, 0.0 ], [ -59.85334122371497, -26.713797023260483, 0.0 ], [ -59.703478628394805, -26.713562785910359, 0.0 ] ] ] } },
{ "type": "Feature", "properties": { "loc": "AR030056" }, "geometry": { "type": "Polygon", "coordinates": [ [ [ -59.065790334151451, -32.486150009953974, 0.0 ], [ -58.970465607777108, -32.522805684635628, 0.0 ], [ -58.921215955618884, -32.491555848913002, 0.0 ], [ -58.911337505832925, -32.510467446068219, 0.0 ], [ -58.802587404536816, -32.558457146644479, 0.0 ], [ -58.72545818988791, -32.552470392242469, 0.0 ], [ -58.640018083827215, -32.511531631960729, 0.0 ], [ -58.581669354833636, -32.553771737201899, 0.0 ], [ -58.520115636332307, -32.562367034134738, 0.0 ], [ -58.511050949700994, -32.596774038552645, 0.0 ], [ -58.53064553987074, -32.610656170832968, 0.0 ], [ -58.519408854443178, -32.655719030450705, 0.0 ], [ -58.532728309009798, -32.669755749625367, 0.0 ], [ -58.513260781943721, -32.674371883818218, 0.0 ], [ -58.518392558921214, -32.697771505002891, 0.0 ], [ -58.489321938161652, -32.745358828164903, 0.0 ], [ -58.50494717851808, -32.756541484283787, 0.0 ], [ -58.484329264407585, -32.864323431903053, 0.0 ], [ -58.497997830344758, -32.874226486875195, 0.0 ], [ -58.262235346048648, -32.875935248614724, 0.0 ], [ -58.262689256676865, -33.027644082556691, 0.0 ], [ -58.114052573360311, -33.030174155623783, 0.0 ], [ -58.178161867690925, -33.077742464825832, 0.0 ], [ -58.360792638413336, -33.120465687387693, 0.0 ], [ -58.40271636144459, -33.176333052942446, 0.0 ], [ -58.409933266537095, -33.234936797830969, 0.0 ], [ -58.390469791771253, -33.279121487662444, 0.0 ], [ -58.431713727287701, -33.363329074153683, 0.0 ], [ -58.438407453558725, -33.517613829816717, 0.0 ], [ -58.578861718023838, -33.441011278503069, 0.0 ], [ -58.597759370941652, -33.47595714152893, 0.0 ], [ -58.601985867996632, -33.459837796649076, 0.0 ], [ -58.683377025424996, -33.436833135244441, 0.0 ], [ -58.746506855160298, -33.476439302986606, 0.0 ], [ -58.792923315235534, -33.440024086194889, 0.0 ], [ -58.801773641382191, -33.458401314110148, 0.0 ], [ -58.840323927315218, -33.442363848363378, 0.0 ], [ -58.861260731673475, -33.481302221729429, 0.0 ], [ -58.842559401967733, -33.498856096574549, 0.0 ], [ -58.94777215776223, -33.481994049522022, 0.0 ], [ -59.146954776565046, -33.40971497578952, 0.0 ], [ -59.222751252455041, -33.323493401813707, 0.0 ], [ -59.25185205750649, -33.206645737354492, 0.0 ], [ -59.291095238272668, -33.153787328809059, 0.0 ], [ -59.250511444115816, -33.117099635353611, 0.0 ], [ -59.267461319528955, -33.11778451365759, 0.0 ], [ -59.252445512430931, -33.105329248474149, 0.0 ], [ -59.276849648495883, -33.091371683086081, 0.0 ], [ -59.265462879737186, -33.060019946404559, 0.0 ], [ -59.233423043994286, -33.034888757711428, 0.0 ], [ -59.216466447386182, -32.984893224968488, 0.0 ], [ -59.199662682954013, -32.985871396447941, 0.0 ], [ -59.186853304382126, -32.93514166721318, 0.0 ], [ -59.140086465413489, -32.911865106223537, 0.0 ], [ -59.161248009391215, -32.873737254894571, 0.0 ], [ -59.125460738252883, -32.848212937517211, 0.0 ], [ -59.141047730141139, -32.82586752802807, 0.0 ], [ -59.112081719993036, -32.805579069010854, 0.0 ], [ -59.130469383154391, -32.777352276946836, 0.0 ], [ -59.113460138982447, -32.773708881877383, 0.0 ], [ -59.110720769642654, -32.750536389769756, 0.0 ], [ -59.134515532636307, -32.749659922382612, 0.0 ], [ -59.126726204875105, -32.725703013421104, 0.0 ], [ -59.145096199971441, -32.710696785463298, 0.0 ], [ -59.12555150941909, -32.70766364290246, 0.0 ], [ -59.125258545448744, -32.662972235939449, 0.0 ], [ -59.107223571647722, -32.665473759416301, 0.0 ], [ -59.090917986820969, -32.623066280518429, 0.0 ], [ -59.102170526614962, -32.615327868879021, 0.0 ], [ -59.093726775270952, -32.592216591683389, 0.0 ], [ -59.108357662354564, -32.587943016575061, 0.0 ], [ -59.087649017502059, -32.574298252809982, 0.0 ], [ -59.108928286596075, -32.564507554313778, 0.0 ], [ -59.09565937394229, -32.54325195719413, 0.0 ], [ -59.116777651462677, -32.530918303189253, 0.0 ], [ -59.105646827101459, -32.533384774005263, 0.0 ], [ -59.099073973643499, -32.487503409070818, 0.0 ], [ -59.065790334151451, -32.486150009953974, 0.0 ] ] ] } },
{ "type": "Feature", "properties": { "loc": "AR006014" }, "geometry": { "type": "Polygon", "coordinates": [ [ [ -60.377960204486733, -37.661914824855138, 0.0 ], [ -60.423763275123029, -37.697158813588338, 0.0 ], [ -60.323200226188604, -37.777118682802794, 0.0 ], [ -60.261417388780799, -37.727478027154632, 0.0 ], [ -60.087242126552844, -37.851470947106662, 0.0 ], [ -60.058990479176558, -37.828460693044065, 0.0 ], [ -60.019618988445082, -37.859851837332961, 0.0 ], [ -59.936443329501451, -37.794666290009559, 0.0 ], [ -59.754272462068549, -37.913158416961075, 0.0 ], [ -59.64177322396786, -38.023818970468611, 0.0 ], [ -59.789661408531792, -38.146938323635325, 0.0 ], [ -59.778476715796259, -38.155193328790723, 0.0 ], [ -59.789592744006427, -38.16461944601614, 0.0 ], [ -59.754817964024824, -38.190784453356351, 0.0 ], [ -59.777393342173724, -38.210418701058764, 0.0 ], [ -59.795043945729297, -38.197166443113609, 0.0 ], [ -59.83497619540384, -38.231315612872656, 0.0 ], [ -59.886703491845495, -38.15682983384233, 0.0 ], [ -60.037055969931146, -38.280555724632329, 0.0 ], [ -60.370445250959406, -38.016326904417035, 0.0 ], [ -60.463302612472084, -38.089775085630556, 0.0 ], [ -60.442443848355808, -38.106491089163889, 0.0 ], [ -60.549404143584887, -38.191902160732234, 0.0 ], [ -60.759799956870609, -38.02798843369019, 0.0 ], [ -60.744869231908098, -38.015830993828914, 0.0 ], [ -60.846424102662873, -37.934604644977014, 0.0 ], [ -60.55549240086286, -37.720859527652934, 0.0 ], [ -60.582019805713138, -37.700939177958595, 0.0 ], [ -60.452518463250371, -37.601169585567462, 0.0 ], [ -60.377960204486733, -37.661914824855138, 0.0 ] ] ] } },
{ "type": "Feature", "properties": { "loc": "AR030035" }, "geometry": { "type": "Polygon", "coordinates": [ [ [ -58.962648515785418, -30.603443993840724, 0.0 ], [ -58.905926714823124, -30.62263280640023, 0.0 ], [ -58.872029257395774, -30.661957956215193, 0.0 ], [ -58.822969053642737, -30.654682986610954, 0.0 ], [ -58.76112409593641, -30.691193459320473, 0.0 ], [ -58.664744327905282, -30.702162842968942, 0.0 ], [ -58.598353591230733, -30.674873939262152, 0.0 ], [ -58.491732001287964, -30.732379471094308, 0.0 ], [ -58.471451755807934, -30.799059055574862, 0.0 ], [ -58.410013774451166, -30.834524203245476, 0.0 ], [ -58.427206666606551, -30.847143764270232, 0.0 ], [ -58.440247109835809, -30.902539845029384, 0.0 ], [ -58.464480443825906, -30.908908689712334, 0.0 ], [ -58.466362110715572, -30.945531787480832, 0.0 ], [ -58.506945497935583, -30.982276767442272, 0.0 ], [ -58.48358558870973, -31.00888526306683, 0.0 ], [ -58.493510730229211, -31.022101131739227, 0.0 ], [ -58.549297379590847, -31.045907544792811, 0.0 ], [ -58.580303051422476, -31.041188105056282, 0.0 ], [ -58.598484702143082, -31.061906224579584, 0.0 ], [ -58.573890201391329, -31.075623260569532, 0.0 ], [ -58.575129049135036, -31.103924344581518, 0.0 ], [ -58.544341866445137, -31.136777835066948, 0.0 ], [ -58.387594340242352, -31.210714089917019, 0.0 ], [ -58.408254279338472, -31.23811544121893, 0.0 ], [ -58.465268401975678, -31.260798421643248, 0.0 ], [ -58.58386426246625, -31.257818504571173, 0.0 ], [ -58.635845831540664, -31.297282955097749, 0.0 ], [ -58.683909296095457, -31.301416693505889, 0.0 ], [ -58.904404347995957, -31.212311389290523, 0.0 ], [ -58.924885806218171, -31.237541324923292, 0.0 ], [ -58.975331121409461, -31.256893946645889, 0.0 ], [ -58.971274701488888, -31.271719460230401, 0.0 ], [ -59.018196077635871, -31.325073688167272, 0.0 ], [ -59.009535649950379, -31.327238502114096, 0.0 ], [ -59.010571688645655, -31.339060723595281, 0.0 ], [ -59.034891401040191, -31.349167211263229, 0.0 ], [ -59.04592656111187, -31.36717971345902, 0.0 ], [ -59.034472857084708, -31.376132907571918, 0.0 ], [ -59.052169301669231, -31.378982131709645, 0.0 ], [ -59.044625909276625, -31.393580901792074, 0.0 ], [ -59.074338559563003, -31.403486211485106, 0.0 ], [ -59.073365287953258, -31.433038892966103, 0.0 ], [ -59.094704048875293, -31.455255807688268, 0.0 ], [ -59.148149372399537, -31.413758646507333, 0.0 ], [ -59.172727191436458, -31.350013372051983, 0.0 ], [ -59.234777247996881, -31.267693386480573, 0.0 ], [ -59.285084899065829, -31.30359835622242, 0.0 ], [ -59.296580308278365, -31.285426314549827, 0.0 ], [ -59.25843585603787, -31.147408041793124, 0.0 ], [ -59.30167113914689, -31.109910635063056, 0.0 ], [ -59.27465293524957, -31.059063945775478, 0.0 ], [ -59.339891270856825, -31.009805745618447, 0.0 ], [ -59.336286460080728, -30.994734035234206, 0.0 ], [ -59.280514928467014, -30.968551411077406, 0.0 ], [ -59.309197217410727, -30.93685871708562, 0.0 ], [ -59.270985215454125, -30.902536825064828, 0.0 ], [ -59.292447738171163, -30.846275404889717, 0.0 ], [ -59.334950237655157, -30.806057319501246, 0.0 ], [ -59.26075202006416, -30.7633353661667, 0.0 ], [ -59.208392445308071, -30.765753336945796, 0.0 ], [ -59.201213243406357, -30.746157711183237, 0.0 ], [ -59.115688974186696, -30.7178354006668, 0.0 ], [ -59.097033529527351, -30.691217954168568, 0.0 ], [ -59.041495324528903, -30.670502658306553, 0.0 ], [ -58.999327450183181, -30.610048389005797, 0.0 ], [ -58.962648515785418, -30.603443993840724, 0.0 ] ] ] } },
{ "type": "Feature", "properties": { "loc": "AR022133" }, "geometry": { "type": "Polygon", "coordinates": [ [ [ -60.192152451930532, -26.303964765354447, 0.0 ], [ -60.002415156606176, -26.305627830629209, 0.0 ], [ -60.00595568843211, -26.704251678244642, 0.0 ], [ -60.088914103299004, -26.675487731966939, 0.0 ], [ -60.272909458955432, -27.096622753746214, 0.0 ], [ -60.413758285951197, -27.047319806166396, 0.0 ], [ -60.228759682802313, -26.626445059765178, 0.0 ], [ -60.205802714693789, -26.634532720846057, 0.0 ], [ -60.192152451930532, -26.303964765354447, 0.0 ] ] ] } },
{ "type": "Feature", "properties": { "loc": "AR022112" }, "geometry": { "type": "Polygon", "coordinates": [ [ [ -60.513051645283277, -27.012021479447526, 0.0 ], [ -60.518997577080874, -27.466377675152316, 0.0 ], [ -60.910173223768531, -27.462123699756525, 0.0 ], [ -60.910452519871832, -27.402097332915041, 0.0 ], [ -60.821524975113448, -27.372087112787213, 0.0 ], [ -60.820539533128226, -27.312611817319834, 0.0 ], [ -60.906389065244291, -27.253990454358632, 0.0 ], [ -60.845075894016489, -27.182101498072981, 0.0 ], [ -60.818614857597716, -27.200101062479025, 0.0 ], [ -60.817115992495012, -27.057299684285681, 0.0 ], [ -60.615938820012353, -27.058988759429912, 0.0 ], [ -60.615901893864304, -26.975689407427964, 0.0 ], [ -60.513051645283277, -27.012021479447526, 0.0 ] ] ] } },
{ "type": "Feature", "properties": { "loc": "AR086098" }, "geometry": { "type": "Polygon", "coordinates": [ [ [ -63.265308842263849, -27.721171625187694, 0.0 ], [ -62.94856822973734, -27.751463960369669, 0.0 ], [ -62.948175585109801, -27.775262317025852, 0.0 ], [ -62.884341956790436, -27.777603218461731, 0.0 ], [ -62.884297321300615, -27.819759473194441, 0.0 ], [ -62.674182435458768, -27.820273579650046, 0.0 ], [ -62.674439125457937, -27.798176114538304, 0.0 ], [ -62.570260291927909, -27.799251193668088, 0.0 ], [ -62.570570651773735, -27.817610697755697, 0.0 ], [ -62.231979195494112, -27.819881864808071, 0.0 ], [ -62.231421980404853, -27.790472736854888, 0.0 ], [ -61.7112458532293, -27.797089600035065, 0.0 ], [ -61.711256374297896, -27.999420650261083, 0.0 ], [ -61.771722725266933, -28.357089866261656, 0.0 ], [ -61.871039074283757, -28.357689155773226, 0.0 ], [ -61.8640830174919, -28.318842954385069, 0.0 ], [ -63.110696545016083, -28.316551613920733, 0.0 ], [ -63.095400841740179, -28.270138363696436, 0.0 ], [ -63.133606466556571, -28.243386091124677, 0.0 ], [ -63.144931287493286, -28.206930791831606, 0.0 ], [ -63.200284832106973, -28.165871154095239, 0.0 ], [ -63.270201196658583, -28.159665802236983, 0.0 ], [ -63.293758855621185, -28.086729099113388, 0.0 ], [ -63.317560803340484, -28.080660233255696, 0.0 ], [ -63.32796984843889, -28.054334544586581, 0.0 ], [ -63.398049405436574, -28.028547402790348, 0.0 ], [ -63.40974175859705, -27.972763023152556, 0.0 ], [ -63.444959879629252, -27.953416645795329, 0.0 ], [ -63.442471492393331, -27.922786500975011, 0.0 ], [ -63.467207314308958, -27.90633628951122, 0.0 ], [ -63.457737114683646, -27.88251450408228, 0.0 ], [ -63.480337304300683, -27.82524476791032, 0.0 ], [ -63.495501512185307, -27.824067744805934, 0.0 ], [ -63.499338787193985, -27.781371615556949, 0.0 ], [ -63.345230342412663, -27.770930949093408, 0.0 ], [ -63.341530042518507, -27.75483008541898, 0.0 ], [ -63.275245470540874, -27.766111408976247, 0.0 ], [ -63.265308842263849, -27.721171625187694, 0.0 ] ] ] } },
{ "type": "Feature", "properties": { "loc": "AR006455" }, "geometry": { "type": "Polygon", "coordinates": [ [ [ -59.138980867470814, -35.665184020996605, 0.0 ], [ -58.974479677521906, -35.816772460740744, 0.0 ], [ -58.957618715558972, -35.802970886662976, 0.0 ], [ -58.900913240578639, -35.847843169768574, 0.0 ], [ -58.891941072336756, -35.840370178327568, 0.0 ], [ -58.730312351510015, -35.96746063190205, 0.0 ], [ -58.750331881640072, -35.984432219968426, 0.0 ], [ -58.708332061422773, -36.016967773112633, 0.0 ], [ -58.82832336757064, -36.110485076640884, 0.0 ], [ -58.850696567288423, -36.149997710985829, 0.0 ], [ -59.071075440971534, -36.221698761232467, 0.0 ], [ -59.102630617652352, -36.246742249027335, 0.0 ], [ -59.106281282932123, -36.275501250972916, 0.0 ], [ -59.218139649434384, -36.321170807303481, 0.0 ], [ -59.293045045969883, -36.3742027278047, 0.0 ], [ -59.48680114695722, -36.226093291646976, 0.0 ], [ -59.382404329138666, -36.135257720654472, 0.0 ], [ -59.552555084096525, -36.007141113183948, 0.0 ], [ -59.516693115347373, -35.976360320893882, 0.0 ], [ -59.700180054197375, -35.832080841319957, 0.0 ], [ -59.642757417294817, -35.861183166681222, 0.0 ], [ -59.56011200062575, -35.850749969128366, 0.0 ], [ -59.479557038182975, -35.810943603611342, 0.0 ], [ -59.416351319670788, -35.802318573149485, 0.0 ], [ -59.379314423700279, -35.817062378204511, 0.0 ], [ -59.242137911382621, -35.79293060331193, 0.0 ], [ -59.183284762187327, -35.762702942307854, 0.0 ], [ -59.174804690159753, -35.712078094543024, 0.0 ], [ -59.130748751122916, -35.698192596284152, 0.0 ], [ -59.138980867470814, -35.665184020996605, 0.0 ] ] ] } },
{ "type": "Feature", "properties": { "loc": "AR086154" }, "geometry": { "type": "Polygon", "coordinates": [ [ [ -61.992843781647892, -29.665060207959367, 0.0 ], [ -62.13060252623719, -30.479927687076071, 0.0 ], [ -62.173793625708967, -30.345314364500641, 0.0 ], [ -62.520077454581177, -30.341897535722595, 0.0 ], [ -62.590632658742024, -30.266586834353088, 0.0 ], [ -62.60131970187814, -30.190887542882034, 0.0 ], [ -62.556483207707792, -30.06278676510119, 0.0 ], [ -62.608507483589129, -30.056460853720555, 0.0 ], [ -62.436146166058208, -29.949578693753356, 0.0 ], [ -62.437510399750963, -29.666601779571845, 0.0 ], [ -61.992843781647892, -29.665060207959367, 0.0 ] ] ] } },
{ "type": "Feature", "properties": { "loc": "AR006518" }, "geometry": { "type": "Polygon", "coordinates": [ [ [ -57.769550347139941, -37.136081708294242, 0.0 ], [ -57.187557702919968, -37.549615441473897, 0.0 ], [ -57.411598232770345, -37.735228865653582, 0.0 ], [ -57.491558830295261, -37.828237238219309, 0.0 ], [ -57.519685501354289, -37.889338002642369, 0.0 ], [ -57.6978950490142, -37.754169464806914, 0.0 ], [ -57.673107147269967, -37.745098114174354, 0.0 ], [ -58.095649718789183, -37.437019347756717, 0.0 ], [ -57.769550347139941, -37.136081708294242, 0.0 ] ] ] } },
{ "type": "Feature", "properties": { "loc": "AR006147" }, "geometry": { "type": "Polygon", "coordinates": [ [ [ -61.531753540089746, -35.378364562762826, 0.0 ], [ -61.287269591177861, -35.573451996085687, 0.0 ], [ -61.271373748613463, -35.560119629506289, 0.0 ], [ -61.03183746336834, -35.7658424375037, 0.0 ], [ -61.101322173951175, -35.825111389259121, 0.0 ], [ -61.035762786749594, -35.875740051008826, 0.0 ], [ -61.269458771294751, -36.07064437896436, 0.0 ], [ -61.333000183042088, -36.020843506165889, 0.0 ], [ -61.393024445212028, -36.071975708269143, 0.0 ], [ -61.559371947954276, -35.940345764634394, 0.0 ], [ -61.543083191267762, -35.928932190196669, 0.0 ], [ -61.635135650607772, -35.852645874059107, 0.0 ], [ -61.501392364558711, -35.745353698794467, 0.0 ], [ -61.600154877050059, -35.664497374911896, 0.0 ], [ -61.573440552552078, -35.642780304064715, 0.0 ], [ -61.723327636845227, -35.53734970092372, 0.0 ], [ -61.531753540089746, -35.378364562762826, 0.0 ] ] ] } },
{ "type": "Feature", "properties": { "loc": "AR022070" }, "geometry": { "type": "Polygon", "coordinates": [ [ [ -60.509656305461782, -26.527145273126099, 0.0 ], [ -60.695173701856909, -26.947663172444432, 0.0 ], [ -60.615901893864304, -26.975689407427964, 0.0 ], [ -60.615938820012353, -27.058988759429912, 0.0 ], [ -60.817115992495012, -27.057299684285681, 0.0 ], [ -60.817194997527622, -26.904187256183246, 0.0 ], [ -60.851674318917333, -26.891813201675816, 0.0 ], [ -60.883093759260404, -26.928743972921318, 0.0 ], [ -61.007989422193489, -26.84351911628233, 0.0 ], [ -60.992754313876752, -26.843638085181862, 0.0 ], [ -60.990364836543485, -26.663070213941761, 0.0 ], [ -60.930197911126648, -26.66357130179593, 0.0 ], [ -60.901737621940775, -26.679277088453578, 0.0 ], [ -60.789883144245373, -26.426670666499454, 0.0 ], [ -60.509656305461782, -26.527145273126099, 0.0 ] ] ] } },
{ "type": "Feature", "properties": { "loc": "AR042126" }, "geometry": { "type": "Polygon", "coordinates": [ [ [ -64.480766711643312, -35.000050973047529, 0.0 ], [ -64.493200100353036, -35.810672725558945, 0.0 ], [ -65.11705401492911, -35.801065952227738, 0.0 ], [ -65.117545913514078, -35.00000234838177, 0.0 ], [ -64.480766711643312, -35.000050973047529, 0.0 ] ] ] } },
{ "type": "Feature", "properties": { "loc": "AR018168" }, "geometry": { "type": "Polygon", "coordinates": [ [ [ -56.229192733409647, -27.769166946261517, 0.0 ], [ -56.151954649236529, -27.79915237402016, 0.0 ], [ -56.13167190554168, -27.83390617297594, 0.0 ], [ -56.046035766424737, -27.846172331476289, 0.0 ], [ -55.984193801006619, -27.906589507899309, 0.0 ], [ -55.946110197948528, -27.914932648195521, 0.0 ], [ -55.914955138980098, -27.898389816069834, 0.0 ], [ -55.874652862460238, -27.958234786727303, 0.0 ], [ -55.888370514141172, -28.022077559913146, 0.0 ], [ -55.811530508504738, -27.952920203869315, 0.0 ], [ -55.749426577281781, -28.027099900320316, 0.0 ], [ -55.758171096261009, -28.060947732078692, 0.0 ], [ -55.716827962482704, -28.061959003374742, 0.0 ], [ -55.711437321583034, -28.088541099481837, 0.0 ], [ -55.620258817013259, -28.145750109251818, 0.0 ], [ -55.629191928303236, -28.173767819568116, 0.0 ], [ -55.691621652428594, -28.217213317999818, 0.0 ], [ -55.782542486038906, -28.253936576417487, 0.0 ], [ -55.772688996841424, -28.273936263743106, 0.0 ], [ -55.669942076077653, -28.33076276137065, 0.0 ], [ -55.696331249968644, -28.423159958438866, 0.0 ], [ -55.717500290387427, -28.422157561754496, 0.0 ], [ -55.732161680664795, -28.384348402382436, 0.0 ], [ -55.7574497338165, -28.368588294358357, 0.0 ], [ -55.87830294653002, -28.361161660963919, 0.0 ], [ -55.903029823022038, -28.40810396377119, 0.0 ], [ -55.882361826936133, -28.477707259033405, 0.0 ], [ -56.008646062516284, -28.505998674862443, 0.0 ], [ -56.025668220868759, -28.535962560594918, 0.0 ], [ -56.002271288476784, -28.578489380447579, 0.0 ], [ -56.007602112358306, -28.604951911804505, 0.0 ], [ -56.118572602000064, -28.681681362029643, 0.0 ], [ -56.185515657945572, -28.770001065640766, 0.0 ], [ -56.259154908732512, -28.778319685928967, 0.0 ], [ -56.297021081762608, -28.802388712047918, 0.0 ], [ -56.306289672488695, -28.792829513636637, 0.0 ], [ -56.290054320645815, -28.779144287554093, 0.0 ], [ -56.339038848522655, -28.782621383843281, 0.0 ], [ -56.381294250218076, -28.7640113823057, 0.0 ], [ -56.412693023919729, -28.74602508575737, 0.0 ], [ -56.415451050369654, -28.700937270558857, 0.0 ], [ -56.450664519925304, -28.693317413385707, 0.0 ], [ -56.365455627642334, -28.619798660359375, 0.0 ], [ -56.369258880756256, -28.522245406726945, 0.0 ], [ -56.430049896343697, -28.440952300707767, 0.0 ], [ -56.544956207079103, -28.432723998847617, 0.0 ], [ -56.510162354067397, -28.390113830478835, 0.0 ], [ -56.529239654770677, -28.359777450469135, 0.0 ], [ -56.520301818342311, -28.339019775205504, 0.0 ], [ -56.545970917074584, -28.334302901957429, 0.0 ], [ -56.569328307424385, -28.2995223997594, 0.0 ], [ -56.638069152764864, -28.292873382496413, 0.0 ], [ -56.64059829656523, -28.26272582978067, 0.0 ], [ -56.799922942892771, -28.26021385022112, 0.0 ], [ -56.880928040344621, -28.235033035874089, 0.0 ], [ -56.779537201062404, -28.08066177401335, 0.0 ], [ -56.663375854043544, -27.952678680096831, 0.0 ], [ -56.624626160083743, -27.850465774073861, 0.0 ], [ -56.467884063298527, -27.939464568872062, 0.0 ], [ -56.425632476748127, -27.880533218309957, 0.0 ], [ -56.341354370253519, -27.935388565037904, 0.0 ], [ -56.31426811178688, -27.895125388114899, 0.0 ], [ -56.321509043219976, -27.878374735572049, 0.0 ], [ -56.284881591271144, -27.88624858780917, 0.0 ], [ -56.261137008169243, -27.862331390405789, 0.0 ], [ -56.266265868317028, -27.828392028679573, 0.0 ], [ -56.239688873768117, -27.818969725340018, 0.0 ], [ -56.229192733409647, -27.769166946261517, 0.0 ] ] ] } },
{ "type": "Feature", "properties": { "loc": "AR006651" }, "geometry": { "type": "Polygon", "coordinates": [ [ [ -62.812534332240261, -37.3739242551625, 0.0 ], [ -62.645034789553478, -37.521842957334272, 0.0 ], [ -62.629531860212872, -37.509990692039381, 0.0 ], [ -62.581192017282824, -37.549026489035363, 0.0 ], [ -62.895175933764328, -37.819114685050558, 0.0 ], [ -62.735431670892851, -37.947700499660684, 0.0 ], [ -62.812641144622503, -38.008205413801818, 0.0 ], [ -62.655460357364902, -38.138938903511843, 0.0 ], [ -62.73707962040011, -38.202388763203601, 0.0 ], [ -62.655834197558598, -38.266635894952834, 0.0 ], [ -63.383609757998869, -38.828766236428578, 0.0 ], [ -63.383805819801196, -37.809773292639512, 0.0 ], [ -62.812534332240261, -37.3739242551625, 0.0 ] ] ] } },
{ "type": "Feature", "properties": { "loc": "AR006826" }, "geometry": { "type": "Polygon", "coordinates": [ [ [ -62.62290191702197, -35.550331115698185, 0.0 ], [ -62.336696624732518, -35.783329010404174, 0.0 ], [ -62.431175231534013, -35.858715056626636, 0.0 ], [ -62.080982208531488, -36.151557921830964, 0.0 ], [ -62.606472015241359, -36.561439513542922, 0.0 ], [ -62.626018523983838, -36.501499175641953, 0.0 ], [ -63.203834533935328, -36.033023833837539, 0.0 ], [ -62.62290191702197, -35.550331115698185, 0.0 ] ] ] } },
{ "type": "Feature", "properties": { "loc": "AR006399" }, "geometry": { "type": "Polygon", "coordinates": [ [ [ -62.411659241256665, -36.50910568254794, 0.0 ], [ -62.384479522966203, -36.488510131614461, 0.0 ], [ -62.222129822377276, -36.624759673555836, 0.0 ], [ -62.248760222668139, -36.645656586275571, 0.0 ], [ -62.201389312484999, -36.684589386151103, 0.0 ], [ -62.17471694919228, -36.663772583329951, 0.0 ], [ -61.999217987053832, -36.811706542877154, 0.0 ], [ -61.982711792254463, -36.804592132675758, 0.0 ], [ -62.016742705197053, -36.821449279954869, 0.0 ], [ -61.996559142696114, -36.853332520021446, 0.0 ], [ -62.007598876989206, -36.859252930592504, 0.0 ], [ -61.856651306350336, -36.995300292665462, 0.0 ], [ -61.890907287695789, -37.021476746627194, 0.0 ], [ -61.875362395353328, -37.034404754970524, 0.0 ], [ -61.91596984933814, -37.066452026215124, 0.0 ], [ -61.975772857351906, -37.017223357819731, 0.0 ], [ -62.425487517769888, -37.348434448045026, 0.0 ], [ -62.538341521237541, -37.257164000998237, 0.0 ], [ -62.509094237794194, -37.23368835431242, 0.0 ], [ -62.51097869844439, -37.195854187078005, 0.0 ], [ -62.594718933272723, -37.095851898223899, 0.0 ], [ -62.64735031128432, -37.123054504242234, 0.0 ], [ -62.970233917235682, -36.86293792673797, 0.0 ], [ -62.473682404054131, -36.456718444389232, 0.0 ], [ -62.411659241256665, -36.50910568254794, 0.0 ] ] ] } },
{ "type": "Feature", "properties": { "loc": "AR006665" }, "geometry": { "type": "Polygon", "coordinates": [ [ [ -60.138122558718308, -33.359069823498274, 0.0 ], [ -60.044840356059986, -33.447527029520074, 0.0 ], [ -59.999392652661875, -33.470131907878432, 0.0 ], [ -59.933005689809853, -33.474890831087365, 0.0 ], [ -59.899291992655321, -33.507080078067382, 0.0 ], [ -59.809387207530264, -33.544006348283929, 0.0 ], [ -59.809477454080337, -33.582027318854067, 0.0 ], [ -59.831283569817145, -33.580146790067836, 0.0 ], [ -60.041751861874907, -33.769405365377111, 0.0 ], [ -60.071136475267309, -33.780647278487251, 0.0 ], [ -60.016902924098709, -33.826450348308818, 0.0 ], [ -60.082542419464076, -33.809516906984612, 0.0 ], [ -60.106712341378248, -33.817646026855265, 0.0 ], [ -60.156345367550301, -33.745391846155002, 0.0 ], [ -60.141185759938224, -33.693450928265818, 0.0 ], [ -60.159732818366969, -33.690181731501411, 0.0 ], [ -60.172939300803471, -33.661582947319602, 0.0 ], [ -60.313301086405012, -33.650749207052208, 0.0 ], [ -60.280887604504514, -33.6203956602386, 0.0 ], [ -60.242652893137546, -33.613613128939264, 0.0 ], [ -60.172077179540445, -33.510768890002694, 0.0 ], [ -60.160106658560672, -33.473400116286591, 0.0 ], [ -60.193893433663547, -33.449985504529835, 0.0 ], [ -60.189949035455548, -33.4079475400113, 0.0 ], [ -60.165552576393026, -33.350769379940132, 0.0 ], [ -60.138122558718308, -33.359069823498274, 0.0 ] ] ] } },
{ "type": "Feature", "properties": { "loc": "AR022168" }, "geometry": { "type": "Polygon", "coordinates": [ [ [ -60.002415160199426, -26.305639124797942, 0.0 ], [ -59.804120111033313, -26.321214116219586, 0.0 ], [ -59.803877698857271, -26.532914022463288, 0.0 ], [ -59.853858414366755, -26.532476925438488, 0.0 ], [ -59.854793516560079, -26.757246155540845, 0.0 ], [ -60.037434485855897, -27.178846025680823, 0.0 ], [ -59.981611745779404, -27.198850402981414, 0.0 ], [ -60.011785165331219, -27.19911551772817, 0.0 ], [ -60.011217772329779, -27.288553622253829, 0.0 ], [ -60.213249820264366, -27.287124981519412, 0.0 ], [ -60.212424282891291, -27.117921584030999, 0.0 ], [ -60.272912659652782, -27.096629963184725, 0.0 ], [ -60.088914103299004, -26.675487731966939, 0.0 ], [ -60.00595568843211, -26.704251678244642, 0.0 ], [ -60.002415160199426, -26.305639124797942, 0.0 ] ] ] } },
{ "type": "Feature", "properties": { "loc": "AR006134" }, "geometry": { "type": "Polygon", "coordinates": [ [ [ -58.650619506736994, -34.890964507968029, 0.0 ], [ -58.599037174127659, -34.942928314106275, 0.0 ], [ -58.620132448488555, -34.961013793907924, 0.0 ], [ -58.553817753304514, -35.009181975664362, 0.0 ], [ -58.599567416402209, -35.049919127838365, 0.0 ], [ -58.578697207749222, -35.065357208437696, 0.0 ], [ -58.577373509635365, -35.14771652209177, 0.0 ], [ -58.469020843682188, -35.237667083998154, 0.0 ], [ -58.571735386468163, -35.328449249078311, 0.0 ], [ -58.524192814522458, -35.365909575482895, 0.0 ], [ -58.582187653108178, -35.421546936246664, 0.0 ], [ -58.707733157317797, -35.334796906180429, 0.0 ], [ -58.679290774250482, -35.306228638260244, 0.0 ], [ -58.748016359909229, -35.254066466897633, 0.0 ], [ -58.770904544016467, -35.273941039406616, 0.0 ], [ -58.894714356671777, -35.176239013588237, 0.0 ], [ -58.869121553653194, -35.153675078974345, 0.0 ], [ -58.933860779000391, -35.103744507420679, 0.0 ], [ -58.777503969640534, -34.965091704765385, 0.0 ], [ -58.79156494125337, -34.954730988082098, 0.0 ], [ -58.764801027955087, -34.958698272404796, 0.0 ], [ -58.727596286265324, -34.923950194698683, 0.0 ], [ -58.650619506736994, -34.890964507968029, 0.0 ] ] ] } },
{ "type": "Feature", "properties": { "loc": "AR018035" }, "geometry": { "type": "Polygon", "coordinates": [ [ [ -58.564253954473969, -29.047052553407124, 0.0 ], [ -58.533376694117258, -29.066374460389373, 0.0 ], [ -58.53596191345261, -29.094720840488936, 0.0 ], [ -58.492069245015301, -29.105501174818212, 0.0 ], [ -58.44257545411903, -29.171858787196758, 0.0 ], [ -58.390541077580643, -29.189208031218865, 0.0 ], [ -58.372089386099105, -29.228914259878664, 0.0 ], [ -58.282521565325318, -29.274907429797437, 0.0 ], [ -58.192909241114037, -29.403419495279241, 0.0 ], [ -58.149265288331137, -29.440120697048016, 0.0 ], [ -58.114810943699588, -29.440738132356334, 0.0 ], [ -58.056646346881365, -29.480290411431362, 0.0 ], [ -58.015390395499693, -29.480959256563768, 0.0 ], [ -57.952434540688841, -29.535778999181169, 0.0 ], [ -57.897861481140062, -29.549318312889657, 0.0 ], [ -57.868236541459702, -29.605377197822772, 0.0 ], [ -57.872224807996268, -29.630085945285575, 0.0 ], [ -57.804542541878185, -29.710355759219333, 0.0 ], [ -57.755852698245469, -29.714570999048142, 0.0 ], [ -57.733898162857415, -29.741983413698907, 0.0 ], [ -57.693061828918012, -29.713754653792421, 0.0 ], [ -57.645803450690508, -29.717473983485462, 0.0 ], [ -57.610301971373303, -29.749710082658272, 0.0 ], [ -57.690959931053271, -29.770536423364181, 0.0 ], [ -57.678173065160728, -29.819057465074433, 0.0 ], [ -57.646626471882463, -29.82702827370526, 0.0 ], [ -57.684074401892687, -29.835025788319534, 0.0 ], [ -57.672524452365984, -29.857531547195229, 0.0 ], [ -57.704080582159314, -29.856600760869966, 0.0 ], [ -57.687484740884486, -29.898502350402374, 0.0 ], [ -57.700939179000649, -29.937774658119686, 0.0 ], [ -57.679256438783277, -29.940563201715975, 0.0 ], [ -57.689174651596971, -29.959956169133193, 0.0 ], [ -57.665588378597604, -29.984477996678905, 0.0 ], [ -57.639625549632029, -29.986541748229893, 0.0 ], [ -57.687667845387153, -30.024990082353799, 0.0 ], [ -57.744266510680198, -29.968198776887292, 0.0 ], [ -57.787208556731031, -29.966054916148231, 0.0 ], [ -57.842948912312799, -29.936010360677592, 0.0 ], [ -57.91618537918761, -29.837148666147989, 0.0 ], [ -57.99837875282595, -29.822340012074751, 0.0 ], [ -58.0338516243946, -29.85244751033288, 0.0 ], [ -58.070362090540627, -29.859517096530087, 0.0 ], [ -58.076622008682854, -29.893144607795005, 0.0 ], [ -58.054573058561814, -29.896606446054459, 0.0 ], [ -58.047233581942073, -29.950212478966463, 0.0 ], [ -57.99265658058583, -29.978017118445013, 0.0 ], [ -58.058934211281255, -30.107289791390325, 0.0 ], [ -58.023094653701804, -30.173757632666575, 0.0 ], [ -58.041808128630194, -30.246799945728764, 0.0 ], [ -58.032994270490818, -30.258200644695666, 0.0 ], [ -58.051603951376315, -30.291007995943588, 0.0 ], [ -58.037471771209233, -30.306597709578927, 0.0 ], [ -58.057395935290415, -30.33061332668462, 0.0 ], [ -58.048248291039222, -30.350786208056061, 0.0 ], [ -58.068570708828602, -30.361788177212023, 0.0 ], [ -58.082152048351666, -30.401654878989611, 0.0 ], [ -58.071934113541744, -30.425410879211245, 0.0 ], [ -58.141176428118222, -30.405720839720875, 0.0 ], [ -58.207860821364179, -30.288056495033537, 0.0 ], [ -58.264551478633898, -30.254863015647992, 0.0 ], [ -58.295900877334262, -30.245999523204254, 0.0 ], [ -58.346454353279015, -30.271261197675187, 0.0 ], [ -58.470633824470376, -30.203328153634793, 0.0 ], [ -58.497886054770575, -30.207047303448586, 0.0 ], [ -58.563849105334995, -30.179256557507664, 0.0 ], [ -58.578359928987588, -30.160279440561645, 0.0 ], [ -58.569503784452849, -30.153547286683125, 0.0 ], [ -58.538562774253684, -30.151649475413247, 0.0 ], [ -58.508632659803318, -30.117250443265586, 0.0 ], [ -58.472614288074993, -30.122945785620516, 0.0 ], [ -58.445075988374242, -30.09738349914263, 0.0 ], [ -58.468753814074098, -29.989717483926093, 0.0 ], [ -58.50687408456546, -29.963996887856361, 0.0 ], [ -58.530921935313984, -29.929935454718223, 0.0 ], [ -58.537548065156521, -29.881086348606164, 0.0 ], [ -58.591014862009303, -29.833307266191408, 0.0 ], [ -58.637058258035246, -29.846282958816914, 0.0 ], [ -58.694118500179144, -29.834726333840827, 0.0 ], [ -58.752965926207764, -29.857785224895565, 0.0 ], [ -58.683038710905855, -29.772524832458622, 0.0 ], [ -58.716510772927037, -29.727586745568178, 0.0 ], [ -58.696830750278814, -29.62920951903957, 0.0 ], [ -58.718898772531645, -29.641704558958143, 0.0 ], [ -58.73067474447204, -29.589212417276514, 0.0 ], [ -58.773571014172632, -29.568216323853122, 0.0 ], [ -58.874286652737851, -29.551757812472687, 0.0 ], [ -58.859653473153642, -29.47885894804115, 0.0 ], [ -58.910064697279893, -29.468282699642032, 0.0 ], [ -58.844955444189083, -29.350393295329955, 0.0 ], [ -58.863468169905971, -29.34549140987372, 0.0 ], [ -58.861164092711846, -29.328786849570189, 0.0 ], [ -58.835521697299683, -29.32093048105202, 0.0 ], [ -58.792228697433657, -29.269186020409897, 0.0 ], [ -58.79415893623073, -29.241998671910345, 0.0 ], [ -58.730232238854668, -29.178718567009732, 0.0 ], [ -58.717845916475952, -29.135274886573569, 0.0 ], [ -58.687343598545773, -29.118032455855239, 0.0 ], [ -58.689949036263236, -29.100496291665412, 0.0 ], [ -58.673637389604949, -29.103195190605664, 0.0 ], [ -58.644195556223877, -29.063928603650915, 0.0 ], [ -58.564253954473969, -29.047052553407124, 0.0 ] ] ] } },
{ "type": "Feature", "properties": { "loc": "AR018084" }, "geometry": { "type": "MultiPolygon", "coordinates": [ [ [ [ -56.032419247976812, -27.316387474350414, 0.0 ], [ -56.028888276022137, -27.38285490969448, 0.0 ], [ -56.035973163802169, -27.414269728913194, 0.0 ], [ -56.055544229789568, -27.421170166242497, 0.0 ], [ -56.054889878072004, -27.450972915039422, 0.0 ], [ -56.027288131261045, -27.506890247248013, 0.0 ], [ -55.978454993764082, -27.542838925124244, 0.0 ], [ -55.825866760751566, -27.791771210614581, 0.0 ], [ -55.846806017510552, -27.832400506727726, 0.0 ], [ -55.827770329466155, -27.854707952947752, 0.0 ], [ -55.836693307759731, -27.89004294905661, 0.0 ], [ -55.813909968724261, -27.931861974333433, 0.0 ], [ -55.885536194672483, -28.02071571339642, 0.0 ], [ -55.874652862460238, -27.958234786727303, 0.0 ], [ -55.914955138980098, -27.898389816069834, 0.0 ], [ -55.946110197948528, -27.914932648195521, 0.0 ], [ -55.984193801006619, -27.906589507899309, 0.0 ], [ -56.046035766424737, -27.846172331476289, 0.0 ], [ -56.13167190554168, -27.83390617297594, 0.0 ], [ -56.151954649236529, -27.79915237402016, 0.0 ], [ -56.229192733409647, -27.769166946261517, 0.0 ], [ -56.239688873768117, -27.818969725340018, 0.0 ], [ -56.266265868317028, -27.828392028679573, 0.0 ], [ -56.261137008169243, -27.862331390405789, 0.0 ], [ -56.284881591271144, -27.88624858780917, 0.0 ], [ -56.321509043219976, -27.878374735572049, 0.0 ], [ -56.31426811178688, -27.895125388114899, 0.0 ], [ -56.341354370253519, -27.935388565037904, 0.0 ], [ -56.425632476748127, -27.880533218309957, 0.0 ], [ -56.467884063298527, -27.939464568872062, 0.0 ], [ -56.622432708620202, -27.84934615968006, 0.0 ], [ -56.663375854043544, -27.952678680096831, 0.0 ], [ -56.779537201062404, -28.08066177401335, 0.0 ], [ -56.875289916279137, -28.229993820196984, 0.0 ], [ -57.3029594417211, -28.56411933972533, 0.0 ], [ -57.612274170477299, -28.595653533453969, 0.0 ], [ -57.690650940239934, -28.501316070503098, 0.0 ], [ -57.63982391381645, -28.464796065986171, 0.0 ], [ -57.644290924008978, -28.419729232787912, 0.0 ], [ -57.628417968721372, -28.398983000745559, 0.0 ], [ -57.517944335466645, -28.345588684087289, 0.0 ], [ -57.44205856254581, -28.269845962590722, 0.0 ], [ -57.398334504294063, -28.148300171261191, 0.0 ], [ -57.41278457668065, -28.069335936840194, 0.0 ], [ -57.354621886985768, -27.934608458951363, 0.0 ], [ -57.194694518713298, -27.807371138735373, 0.0 ], [ -57.179237365722955, -27.754137038743099, 0.0 ], [ -57.116706847927766, -27.706237792956006, 0.0 ], [ -57.096832275341832, -27.665061950014302, 0.0 ], [ -56.94539451561198, -27.573406219025308, 0.0 ], [ -56.952291892652859, -27.535609085094144, 0.0 ], [ -56.931914118879071, -27.566600149054359, 0.0 ], [ -56.853279479629272, -27.605231257626617, 0.0 ], [ -56.794062056399746, -27.586856066371205, 0.0 ], [ -56.737386153958582, -27.603731760422185, 0.0 ], [ -56.685996613283962, -27.576944137100828, 0.0 ], [ -56.677355443681535, -27.560017610553686, 0.0 ], [ -56.717053991245017, -27.496937077396783, 0.0 ], [ -56.718782224985851, -27.464558108317306, 0.0 ], [ -56.64960204148769, -27.460796657445375, 0.0 ], [ -56.603549694648258, -27.431416683120528, 0.0 ], [ -56.556734890135026, -27.456781056139249, 0.0 ], [ -56.48704640211988, -27.563677400325808, 0.0 ], [ -56.424380039290789, -27.602915248183656, 0.0 ], [ -56.388842056932006, -27.606019129167436, 0.0 ], [ -56.356158105774199, -27.585890288099371, 0.0 ], [ -56.338367463848982, -27.524029683560837, 0.0 ], [ -56.293687537049493, -27.494141405043596, 0.0 ], [ -56.284233081297856, -27.408492170581358, 0.0 ], [ -56.237570767600722, -27.402392521302623, 0.0 ], [ -56.151921532843581, -27.328739261706222, 0.0 ], [ -56.075218450219381, -27.307034678879074, 0.0 ], [ -56.032419247976812, -27.316387474350414, 0.0 ] ] ], [ [ [ -56.914825967590872, -27.423539917380538, 0.0 ], [ -56.871761120942395, -27.430441554299755, 0.0 ], [ -56.764026999859574, -27.502564824308408, 0.0 ], [ -56.729399914588775, -27.501961402845023, 0.0 ], [ -56.737973325167637, -27.550577278792723, 0.0 ], [ -56.840421256960454, -27.596180553487883, 0.0 ], [ -56.871579515727916, -27.583460274729145, 0.0 ], [ -56.887897447898247, -27.55493601387894, 0.0 ], [ -56.903058992278055, -27.537397448736144, 0.0 ], [ -56.970105459584133, -27.492732259788554, 0.0 ], [ -57.032065539089061, -27.480648107993535, 0.0 ], [ -56.914825967590872, -27.423539917380538, 0.0 ] ] ], [ [ [ -56.705764771441331, -27.557420731317475, 0.0 ], [ -56.734235237641059, -27.591427705833766, 0.0 ], [ -56.783896554456319, -27.582692054872986, 0.0 ], [ -56.761368836424836, -27.577493351240715, 0.0 ], [ -56.756046353400734, -27.574770219962474, 0.0 ], [ -56.74199747311161, -27.563506360098113, 0.0 ], [ -56.740086578635854, -27.563489235275803, 0.0 ], [ -56.734044693291196, -27.558730566191816, 0.0 ], [ -56.716932290185277, -27.519936266522869, 0.0 ], [ -56.699665165746389, -27.536522609215535, 0.0 ], [ -56.705764771441331, -27.557420731317475, 0.0 ] ] ], [ [ [ -56.95198869866806, -27.523312323207186, 0.0 ], [ -56.946155542269551, -27.525062215131683, 0.0 ], [ -56.925911397385832, -27.535369192796853, 0.0 ], [ -56.910732398740052, -27.539054110163768, 0.0 ], [ -56.89412933950193, -27.551715790252935, 0.0 ], [ -56.875988248614703, -27.583573036366534, 0.0 ], [ -56.900854316365049, -27.569427362069984, 0.0 ], [ -56.919609809092535, -27.562565303989789, 0.0 ], [ -56.932372989105978, -27.535113493019924, 0.0 ], [ -56.95198869866806, -27.523312323207186, 0.0 ] ] ], [ [ [ -56.68606804282377, -27.560886321211044, 0.0 ], [ -56.706684044421017, -27.580772891814316, 0.0 ], [ -56.693315947878403, -27.545062743070783, 0.0 ], [ -56.68606804282377, -27.560886321211044, 0.0 ] ] ], [ [ [ -56.357069605631729, -27.517884766955287, 0.0 ], [ -56.364729554432465, -27.533632862481142, 0.0 ], [ -56.371200070914952, -27.538533328035914, 0.0 ], [ -56.367441462274016, -27.520406365944744, 0.0 ], [ -56.357069605631729, -27.517884766955287, 0.0 ] ] ], [ [ [ -56.944729146955773, -27.535839869846033, 0.0 ], [ -56.930999328492632, -27.548673538312681, 0.0 ], [ -56.930017309088655, -27.557104577865683, 0.0 ], [ -56.941516955654386, -27.546118883082418, 0.0 ], [ -56.944729146955773, -27.535839869846033, 0.0 ] ] ], [ [ [ -56.924599640577036, -27.534685830517628, 0.0 ], [ -56.911988884006057, -27.532900380440047, 0.0 ], [ -56.907881490981325, -27.538645073252297, 0.0 ], [ -56.924599640577036, -27.534685830517628, 0.0 ] ] ], [ [ [ -56.921087417360667, -27.563079254095864, 0.0 ], [ -56.902183502286981, -27.570290265649383, 0.0 ], [ -56.899074192340166, -27.57313681694114, 0.0 ], [ -56.912799962994612, -27.570917002007313, 0.0 ], [ -56.921087417360667, -27.563079254095864, 0.0 ] ] ], [ [ [ -56.94276020873626, -27.520435200528254, 0.0 ], [ -56.947812850425429, -27.522284422086365, 0.0 ], [ -56.954815428270919, -27.514896380754852, 0.0 ], [ -56.94276020873626, -27.520435200528254, 0.0 ] ] ], [ [ [ -56.320702023718184, -27.495473202956724, 0.0 ], [ -56.343200814200891, -27.508498818187878, 0.0 ], [ -56.344300379058105, -27.507991326244824, 0.0 ], [ -56.320702023718184, -27.495473202956724, 0.0 ] ] ], [ [ [ -56.764043397706772, -27.572064768078416, 0.0 ], [ -56.772224547238721, -27.572202634187558, 0.0 ], [ -56.75617951786181, -27.569443473853159, 0.0 ], [ -56.758719739686271, -27.571362152682024, 0.0 ], [ -56.764043397706772, -27.572064768078416, 0.0 ] ] ], [ [ [ -56.767165346051328, -27.573407205620342, 0.0 ], [ -56.760082039306205, -27.575118438529916, 0.0 ], [ -56.772224547238721, -27.576442726952124, 0.0 ], [ -56.767165346051328, -27.573407205620342, 0.0 ] ] ], [ [ [ -56.722726459700461, -27.585740236726867, 0.0 ], [ -56.718509481194225, -27.585507860957687, 0.0 ], [ -56.73299415219396, -27.59267813339752, 0.0 ], [ -56.722726459700461, -27.585740236726867, 0.0 ] ] ], [ [ [ -56.725841659002292, -27.525369434962403, 0.0 ], [ -56.731178565376602, -27.527566302429133, 0.0 ], [ -56.726103639180167, -27.51970635658888, 0.0 ], [ -56.725841659002292, -27.525369434962403, 0.0 ] ] ], [ [ [ -56.74911474695427, -27.593955915405346, 0.0 ], [ -56.753385110541188, -27.592099235304527, 0.0 ], [ -56.74942419321345, -27.593460800071078, 0.0 ], [ -56.74911474695427, -27.593955915405346, 0.0 ] ] ], [ [ [ -56.946784949568318, -27.532691923191514, 0.0 ], [ -56.937078053747108, -27.537875802126234, 0.0 ], [ -56.933892106726759, -27.544083473912856, 0.0 ], [ -56.946784949568318, -27.532691923191514, 0.0 ] ] ], [ [ [ -56.705029459957082, -27.558398366820995, 0.0 ], [ -56.701229837833552, -27.558390035761889, 0.0 ], [ -56.703736557887801, -27.563564664427986, 0.0 ], [ -56.705029459957082, -27.558398366820995, 0.0 ] ] ], [ [ [ -56.72760562952174, -27.537424773394523, 0.0 ], [ -56.731921236757962, -27.536602146379192, 0.0 ], [ -56.729445663989566, -27.533383900066756, 0.0 ], [ -56.72760562952174, -27.537424773394523, 0.0 ] ] ], [ [ [ -56.871964978324762, -27.586543978658899, 0.0 ], [ -56.863581936924277, -27.587619889214633, 0.0 ], [ -56.862235183548641, -27.588761945540128, 0.0 ], [ -56.871964978324762, -27.586543978658899, 0.0 ] ] ], [ [ [ -56.866247276999815, -27.591876216619109, 0.0 ], [ -56.855197337845098, -27.592904118468226, 0.0 ], [ -56.855711289171971, -27.594831433337657, 0.0 ], [ -56.866247276999815, -27.591876216619109, 0.0 ] ] ], [ [ [ -56.784515716469286, -27.571654703469605, 0.0 ], [ -56.788960585885, -27.576244120897996, 0.0 ], [ -56.789466506273214, -27.57566592674404, 0.0 ], [ -56.784515716469286, -27.571654703469605, 0.0 ] ] ], [ [ [ -56.706065151004339, -27.577740313807553, 0.0 ], [ -56.711820860048952, -27.581948788787898, 0.0 ], [ -56.706684044421017, -27.575079071686798, 0.0 ], [ -56.706065151004339, -27.577740313807553, 0.0 ] ] ], [ [ [ -56.903508698790759, -27.537847155321575, 0.0 ], [ -56.905885720084278, -27.540545395214817, 0.0 ], [ -56.907363329250721, -27.535662864656601, 0.0 ], [ -56.903508698790759, -27.537847155321575, 0.0 ] ] ], [ [ [ -56.762445765533535, -27.568803317514256, 0.0 ], [ -56.768080820055694, -27.569070748210351, 0.0 ], [ -56.761047291655409, -27.567587253141507, 0.0 ], [ -56.762445765533535, -27.568803317514256, 0.0 ] ] ], [ [ [ -56.94562203461895, -27.531965331193398, 0.0 ], [ -56.939279964645664, -27.532507389234965, 0.0 ], [ -56.937885075045543, -27.534431831412242, 0.0 ], [ -56.94562203461895, -27.531965331193398, 0.0 ] ] ], [ [ [ -56.736126174246138, -27.560066245497037, 0.0 ], [ -56.741974303763804, -27.561671974945433, 0.0 ], [ -56.736842828620233, -27.558564179533086, 0.0 ], [ -56.736126174246138, -27.560066245497037, 0.0 ] ] ], [ [ [ -56.690861218719547, -27.570038744173551, 0.0 ], [ -56.69029680093832, -27.572176197288606, 0.0 ], [ -56.693673822314558, -27.574417619975854, 0.0 ], [ -56.690861218719547, -27.570038744173551, 0.0 ] ] ], [ [ [ -56.934064671296198, -27.52754405135634, 0.0 ], [ -56.928909103336721, -27.527833148458978, 0.0 ], [ -56.927511799963419, -27.528748622779759, 0.0 ], [ -56.934064671296198, -27.52754405135634, 0.0 ] ] ] ] } },
{ "type": "Feature", "properties": { "loc": "AR022154" }, "geometry": { "type": "Polygon", "coordinates": [ [ [ -59.504194941935992, -26.626561553672676, 0.0 ], [ -59.503801810421571, -26.71418209927225, 0.0 ], [ -59.453208091748728, -26.714079136320215, 0.0 ], [ -59.452753576554308, -26.804262613963253, 0.0 ], [ -59.201920732269627, -26.803431216159112, 0.0 ], [ -59.201800576312159, -26.820588194516002, 0.0 ], [ -59.155655300553221, -26.820319904675369, 0.0 ], [ -59.170083469318243, -26.90239811975653, 0.0 ], [ -59.302337699867486, -27.018215404761676, 0.0 ], [ -59.301769846928629, -26.984041499558298, 0.0 ], [ -59.352744766590618, -26.984043458426637, 0.0 ], [ -59.352696785774668, -27.030240190749598, 0.0 ], [ -59.403022063586107, -27.03046260157835, 0.0 ], [ -59.403137745933435, -27.014295454586946, 0.0 ], [ -59.554581882803475, -27.014654335488906, 0.0 ], [ -59.554408666955453, -26.985245451085554, 0.0 ], [ -59.604933698645063, -26.984944220455397, 0.0 ], [ -59.605237298668364, -26.804768995043133, 0.0 ], [ -59.703118752512204, -26.805350887663444, 0.0 ], [ -59.703478628394805, -26.713562785910359, 0.0 ], [ -59.85334122371497, -26.713797023260483, 0.0 ], [ -59.853858414366755, -26.532476925438488, 0.0 ], [ -59.703762543635293, -26.533731187615576, 0.0 ], [ -59.703532697991754, -26.623727718252656, 0.0 ], [ -59.504194941935992, -26.626561553672676, 0.0 ] ] ] } },
{ "type": "Feature", "properties": { "loc": "AR014021" }, "geometry": { "type": "Polygon", "coordinates": [ [ [ -64.374869177294272, -30.911384399818331, 0.0 ], [ -64.344228424487241, -30.938236891166188, 0.0 ], [ -64.306787738491479, -30.933518119444742, 0.0 ], [ -64.282070991402605, -30.957881168204043, 0.0 ], [ -64.238793594374727, -30.954791478408676, 0.0 ], [ -64.179287360984745, -30.976252788560082, 0.0 ], [ -64.038606657287644, -30.959992433993889, 0.0 ], [ -63.990617577729957, -30.9437021503098, 0.0 ], [ -63.991175786355939, -30.918198814916234, 0.0 ], [ -63.887988585101752, -30.952973934104314, 0.0 ], [ -63.89570048796692, -31.018725233899747, 0.0 ], [ -63.823099672580433, -31.018141510932885, 0.0 ], [ -63.823203437877233, -31.073393116398233, 0.0 ], [ -63.839490313491538, -31.069721710405581, 0.0 ], [ -63.830984997906178, -31.093423834886085, 0.0 ], [ -63.864402718140887, -31.111935103886296, 0.0 ], [ -63.86608195237622, -31.226061001035372, 0.0 ], [ -63.922479215382559, -31.245946008529067, 0.0 ], [ -63.922360979124868, -31.27412596507768, 0.0 ], [ -63.950883518864977, -31.273618525987406, 0.0 ], [ -63.950772205024869, -31.320823614287225, 0.0 ], [ -63.96475878714903, -31.320671079620244, 0.0 ], [ -63.975253846834207, -31.345610575287818, 0.0 ], [ -63.966711621270441, -31.37565411700319, 0.0 ], [ -63.953240205893721, -31.365742500338392, 0.0 ], [ -63.95210297288002, -31.439694363080356, 0.0 ], [ -63.975042574757495, -31.452107985830924, 0.0 ], [ -64.057404872991725, -31.420104916476916, 0.0 ], [ -64.057384245876179, -31.308532331412533, 0.0 ], [ -64.288111639767124, -31.30730031378431, 0.0 ], [ -64.298256542442786, -31.328717436918549, 0.0 ], [ -64.310074463910297, -31.322805923956611, 0.0 ], [ -64.310091246236439, -31.363091001707772, 0.0 ], [ -64.35108609509426, -31.37133734796085, 0.0 ], [ -64.41984551040828, -31.355237117931306, 0.0 ], [ -64.433362295198421, -31.372285328896435, 0.0 ], [ -64.414735804138985, -31.175595348143826, 0.0 ], [ -64.449221615856629, -31.060552999159238, 0.0 ], [ -64.429647384206149, -30.972589048010995, 0.0 ], [ -64.438753226253908, -30.913772979720292, 0.0 ], [ -64.374869177294272, -30.911384399818331, 0.0 ] ] ] } },
{ "type": "Feature", "properties": { "loc": "AR014140" }, "geometry": { "type": "Polygon", "coordinates": [ [ [ -62.13060252623719, -30.479927687076071, 0.0 ], [ -61.841475934203359, -30.744956008319516, 0.0 ], [ -62.125790030274601, -31.615565697799664, 0.0 ], [ -62.24036107447462, -31.699382210141092, 0.0 ], [ -62.217399277023112, -31.740546885656933, 0.0 ], [ -62.222396145011253, -31.883671461703553, 0.0 ], [ -62.187953447037351, -31.922040269979856, 0.0 ], [ -62.167014191176676, -31.986642634957029, 0.0 ], [ -62.181864733415239, -32.063728977232138, 0.0 ], [ -62.324623009497465, -32.038981581015236, 0.0 ], [ -62.316270121846145, -32.004361675878592, 0.0 ], [ -62.520825823976388, -31.967241047429681, 0.0 ], [ -62.528957831170715, -31.998894637390329, 0.0 ], [ -62.619373474723112, -31.983290340652342, 0.0 ], [ -62.635630305284465, -32.047210180779828, 0.0 ], [ -62.837834280882959, -32.008354600083393, 0.0 ], [ -62.881045357988327, -32.012824837400039, 0.0 ], [ -62.881761915344399, -31.966105974890556, 0.0 ], [ -62.899864631100982, -31.96595285747545, 0.0 ], [ -62.949414830807193, -31.919724684662182, 0.0 ], [ -62.949582154605267, -31.867439914894113, 0.0 ], [ -62.963930473022991, -31.867452634193523, 0.0 ], [ -62.968616169986603, -31.836100957274802, 0.0 ], [ -62.982470319776624, -31.833588730968835, 0.0 ], [ -62.982918626714103, -31.798873561513343, 0.0 ], [ -63.009709798491386, -31.799976240476589, 0.0 ], [ -63.014717370804433, -31.723432407034331, 0.0 ], [ -63.03553932196035, -31.723428303034321, 0.0 ], [ -63.052724838048938, -31.665689350535892, 0.0 ], [ -63.111664989977804, -31.665275314706758, 0.0 ], [ -63.111356875021876, -31.622786832585543, 0.0 ], [ -63.152690719321832, -31.622961705069478, 0.0 ], [ -63.163775292124029, -31.563705112678822, 0.0 ], [ -63.186794704822894, -31.563673549923848, 0.0 ], [ -63.181260736821336, -31.543468026526508, 0.0 ], [ -63.206736634885459, -31.553095315909072, 0.0 ], [ -63.176852036273914, -31.461160571001429, 0.0 ], [ -63.261426889544516, -31.473026191396652, 0.0 ], [ -63.26402506887446, -31.333518271768042, 0.0 ], [ -63.245915590600418, -31.264815912358213, 0.0 ], [ -63.177584155145624, -31.283441123233217, 0.0 ], [ -63.153924706281536, -31.159464689569763, 0.0 ], [ -63.131242700803369, -31.16337460274201, 0.0 ], [ -63.11963071811472, -31.117218980816236, 0.0 ], [ -63.040309882768838, -31.13152379410144, 0.0 ], [ -63.00994125481423, -31.071884999163871, 0.0 ], [ -62.955166633078633, -31.079795918987642, 0.0 ], [ -62.933761363587912, -30.967460912652548, 0.0 ], [ -62.834050152003101, -30.932505757213956, 0.0 ], [ -62.815217445483697, -30.850703002801453, 0.0 ], [ -62.842269671275794, -30.805006731877022, 0.0 ], [ -62.905775458533917, -30.785790470394279, 0.0 ], [ -62.935345913595661, -30.718508434217416, 0.0 ], [ -62.971262942783532, -30.707231844763101, 0.0 ], [ -62.994581256418478, -30.716736263144149, 0.0 ], [ -63.016589225396253, -30.704022297339268, 0.0 ], [ -63.039706537393116, -30.712955612672822, 0.0 ], [ -63.042894690675809, -30.708113576798443, 0.0 ], [ -62.98584838050364, -30.677344124381474, 0.0 ], [ -62.937314513150326, -30.683515870231417, 0.0 ], [ -62.951638560885684, -30.674808207091694, 0.0 ], [ -62.914432341467275, -30.639805301254654, 0.0 ], [ -62.912341195538197, -30.658732526610596, 0.0 ], [ -62.876660833800152, -30.662021035100398, 0.0 ], [ -62.884611819684928, -30.635282515664116, 0.0 ], [ -62.685271157579251, -30.592664018970869, 0.0 ], [ -62.679787467385822, -30.567232829167811, 0.0 ], [ -62.704314302538805, -30.548806984571609, 0.0 ], [ -62.651423204510564, -30.511651460615994, 0.0 ], [ -62.62917697267504, -30.532577326350758, 0.0 ], [ -62.556538650828813, -30.525849931116575, 0.0 ], [ -62.553960123942318, -30.54803792380369, 0.0 ], [ -62.514314011041968, -30.564141270542734, 0.0 ], [ -62.444727678542627, -30.56858182381653, 0.0 ], [ -62.428587937988688, -30.554489153717249, 0.0 ], [ -62.328508525833541, -30.577151439759582, 0.0 ], [ -62.320843414414867, -30.343975492545773, 0.0 ], [ -62.173793625708967, -30.345314364500641, 0.0 ], [ -62.13060252623719, -30.479927687076071, 0.0 ] ] ] } },
{ "type": "Feature", "properties": { "loc": "AR034021" }, "geometry": { "type": "Polygon", "coordinates": [ [ [ -58.379351565383594, -26.871771336635646, 0.0 ], [ -58.379712193156088, -26.856430582344309, 0.0 ], [ -58.39660636583509, -26.86047566572493, 0.0 ], [ -58.400651449915081, -26.831208296641584, 0.0 ], [ -58.40683804846212, -26.845723007876749, 0.0 ], [ -58.427777305221106, -26.824783751801366, 0.0 ], [ -58.446337099963941, -26.831922135267771, 0.0 ], [ -58.445147369405035, -26.818359206627672, 0.0 ], [ -58.47774598510243, -26.824545805528441, 0.0 ], [ -58.467514303373704, -26.800275304127798, 0.0 ], [ -58.485598206611627, -26.805986009967111, 0.0 ], [ -58.487263828675459, -26.784332916700379, 0.0 ], [ -58.507251300627978, -26.773149449495705, 0.0 ], [ -58.499637026667884, -26.761490089375471, 0.0 ], [ -58.515817359394561, -26.766249012593665, 0.0 ], [ -58.534259573649848, -26.738222825913471, 0.0 ], [ -58.545386833496018, -26.751586944698072, 0.0 ], [ -58.566499879228189, -26.731270935864934, 0.0 ], [ -58.572181388328644, -26.687516700164934, 0.0 ], [ -58.681545739649721, -26.642493821137982, 0.0 ], [ -58.689423512838864, -26.594150893517575, 0.0 ], [ -58.744377078080745, -26.602646337413013, 0.0 ], [ -58.770597229459455, -26.538664972418296, 0.0 ], [ -58.796145219121748, -26.535042677161762, 0.0 ], [ -58.791126513987372, -26.519958842711592, 0.0 ], [ -58.845613874258042, -26.519216188933328, 0.0 ], [ -58.865752219160861, -26.475083260959909, 0.0 ], [ -58.909808633406477, -26.462557185586043, 0.0 ], [ -58.941972061162787, -26.430659032105073, 0.0 ], [ -58.974873392042959, -26.38845399017675, 0.0 ], [ -58.974452971506828, -26.185766220187411, 0.0 ], [ -58.757656096781467, -26.183553696437055, 0.0 ], [ -58.756660461612725, -26.157299041931779, 0.0 ], [ -58.568695068033477, -26.15920829775839, 0.0 ], [ -58.568973541279981, -26.173500060724901, 0.0 ], [ -58.505393982574091, -26.173637390283581, 0.0 ], [ -58.504131316898942, -26.343353270932489, 0.0 ], [ -58.267353058103737, -26.3441848751688, 0.0 ], [ -58.215851524462636, -26.384135489879007, 0.0 ], [ -58.218498190360059, -26.417829005141915, 0.0 ], [ -58.180900328833964, -26.457397062995256, 0.0 ], [ -58.233603008824616, -26.473541705084152, 0.0 ], [ -58.207457492174669, -26.498438005946809, 0.0 ], [ -58.224932253208323, -26.536071561051362, 0.0 ], [ -58.199805144917875, -26.56051338512896, 0.0 ], [ -58.194094438774052, -26.597804298079517, 0.0 ], [ -58.210198631195567, -26.622131907004608, 0.0 ], [ -58.191296192952223, -26.64634530234818, 0.0 ], [ -58.260224418776112, -26.645088947020653, 0.0 ], [ -58.248003507682242, -26.754620296018231, 0.0 ], [ -58.293346516027249, -26.757761183911445, 0.0 ], [ -58.283980957556111, -26.795394739155736, 0.0 ], [ -58.334863351642156, -26.809557290679585, 0.0 ], [ -58.325271627026893, -26.869673874677002, 0.0 ], [ -58.379351565383594, -26.871771336635646, 0.0 ] ] ] } },
{ "type": "Feature", "properties": { "loc": "AR014056" }, "geometry": { "type": "Polygon", "coordinates": [ [ [ -63.524450552259367, -32.872076062329796, 0.0 ], [ -63.420807547626652, -32.909828333743256, 0.0 ], [ -63.404789843204057, -32.850128083162893, 0.0 ], [ -63.345375645808176, -32.861306627585897, 0.0 ], [ -63.393003663707098, -33.045808461827299, 0.0 ], [ -63.458682805319221, -33.033244311358885, 0.0 ], [ -63.481337757134284, -33.118902457718747, 0.0 ], [ -63.3394852505564, -33.145391695077521, 0.0 ], [ -63.316602979160365, -33.14326408260316, 0.0 ], [ -63.300329752548457, -33.08144769427394, 0.0 ], [ -63.190967133179242, -33.100600179009234, 0.0 ], [ -63.218447929023718, -33.247014204248522, 0.0 ], [ -63.08166011413622, -33.272761941482017, 0.0 ], [ -63.228509991758813, -33.830575615840083, 0.0 ], [ -64.035988786886662, -33.832821554096867, 0.0 ], [ -64.039130667949067, -33.647801142514751, 0.0 ], [ -63.885379508309065, -33.643288665350177, 0.0 ], [ -63.890153242865466, -33.199487832031686, 0.0 ], [ -63.926918880857841, -33.206954496750342, 0.0 ], [ -63.944310668101956, -33.191492068319633, 0.0 ], [ -63.995783822166594, -33.196297893938286, 0.0 ], [ -64.022836758526068, -33.179625698796123, 0.0 ], [ -64.04793693352768, -33.192644112697707, 0.0 ], [ -64.048830455401429, -33.109682198370599, 0.0 ], [ -63.992059393523895, -33.111328974397338, 0.0 ], [ -63.97657643283376, -33.054284858598294, 0.0 ], [ -64.075177952853139, -33.04628095926433, 0.0 ], [ -64.063840923811711, -33.000518390766509, 0.0 ], [ -64.048030864068721, -33.001872522690633, 0.0 ], [ -64.03479807985903, -32.908810331525565, 0.0 ], [ -64.02383648462262, -32.908333377605032, 0.0 ], [ -63.977397192067819, -32.73768747991312, 0.0 ], [ -63.907448059669605, -32.700378770677347, 0.0 ], [ -63.699917181335813, -32.709767980626275, 0.0 ], [ -63.721517632279891, -32.790689718414427, 0.0 ], [ -63.513140995495974, -32.829308981220841, 0.0 ], [ -63.524450552259367, -32.872076062329796, 0.0 ] ] ] } },
{ "type": "Feature", "properties": { "loc": "AR006175" }, "geometry": { "type": "Polygon", "coordinates": [ [ [ -61.061496735760542, -34.038200378200067, 0.0 ], [ -61.210121154378527, -34.125625610022546, 0.0 ], [ -61.332346720656645, -34.025079978930407, 0.0 ], [ -60.930737486897009, -33.652019428359225, 0.0 ], [ -60.910842511774348, -33.580707758265476, 0.0 ], [ -60.811325073084532, -33.67427825899599, 0.0 ], [ -60.901817321371105, -33.748703002773212, 0.0 ], [ -60.86198806803548, -33.780586243168891, 0.0 ], [ -60.944141387591912, -33.856781005424345, 0.0 ], [ -60.906875609870148, -33.887535094465733, 0.0 ], [ -61.061496735760542, -34.038200378200067, 0.0 ] ] ] } },
{ "type": "Feature", "properties": { "loc": "AR018028" }, "geometry": { "type": "Polygon", "coordinates": [ [ [ -57.777986526584435, -27.971588134962929, 0.0 ], [ -57.627571106241788, -28.136196135933805, 0.0 ], [ -57.671600341958474, -28.163282394108997, 0.0 ], [ -57.604724884238102, -28.252985001185529, 0.0 ], [ -57.680553436271964, -28.319606781032007, 0.0 ], [ -57.62934494026306, -28.369121551889467, 0.0 ], [ -57.658832549994365, -28.410524368115158, 0.0 ], [ -57.639831542309835, -28.423778534317833, 0.0 ], [ -57.638420104843846, -28.461383819213264, 0.0 ], [ -57.690650940239934, -28.501316070503098, 0.0 ], [ -57.612274170477299, -28.595653533453969, 0.0 ], [ -57.939792633238746, -28.703723907199596, 0.0 ], [ -58.106304169250194, -28.712961197020984, 0.0 ], [ -58.110969543627121, -28.700351714962114, 0.0 ], [ -58.183715820512617, -28.747056961632826, 0.0 ], [ -58.28156280510067, -28.769304275413504, 0.0 ], [ -58.305587768572401, -28.795642853225889, 0.0 ], [ -58.30693626288307, -28.832480907450339, 0.0 ], [ -58.422885893159126, -28.740573883061053, 0.0 ], [ -58.476215362757806, -28.780254363908789, 0.0 ], [ -58.528274535492983, -28.769927978293463, 0.0 ], [ -58.547332762267857, -28.719280242323915, 0.0 ], [ -58.490421295508042, -28.646806717271609, 0.0 ], [ -58.507152556913645, -28.610225678091254, 0.0 ], [ -58.499755859406918, -28.590223312027216, 0.0 ], [ -58.311817169147808, -28.451076507792799, 0.0 ], [ -58.430816649882047, -28.301776885779816, 0.0 ], [ -58.306972502718267, -28.205575942420143, 0.0 ], [ -58.133296966994649, -28.12083435119748, 0.0 ], [ -58.007408141954805, -28.027673721323719, 0.0 ], [ -57.777986526584435, -27.971588134962929, 0.0 ] ] ] } },
{ "type": "Feature", "properties": { "loc": "AR030049" }, "geometry": { "type": "Polygon", "coordinates": [ [ [ -59.457441377372305, -32.556851669129067, 0.0 ], [ -59.404734250721013, -32.599744850378229, 0.0 ], [ -59.414683006254357, -32.639831416815376, 0.0 ], [ -59.128436545073761, -32.719864016121008, 0.0 ], [ -59.134515532636307, -32.749659922382612, 0.0 ], [ -59.11086211056945, -32.758671870448033, 0.0 ], [ -59.130464918527437, -32.777811188365241, 0.0 ], [ -59.112081719993036, -32.805579069010854, 0.0 ], [ -59.140080320038642, -32.821136559551071, 0.0 ], [ -59.125460738252883, -32.848212937517211, 0.0 ], [ -59.161248009391215, -32.873737254894571, 0.0 ], [ -59.140086465413489, -32.911865106223537, 0.0 ], [ -59.186853304382126, -32.93514166721318, 0.0 ], [ -59.199662682954013, -32.985871396447941, 0.0 ], [ -59.218327985725288, -32.987116109830971, 0.0 ], [ -59.233423043994286, -33.034888757711428, 0.0 ], [ -59.276997891179029, -33.082905167140375, 0.0 ], [ -59.269650659403425, -33.104847169016054, 0.0 ], [ -59.252445512430931, -33.105329248474149, 0.0 ], [ -59.26968389706893, -33.112813304083346, 0.0 ], [ -59.250971783986515, -33.115433588602592, 0.0 ], [ -59.256022160124566, -33.127957748079552, 0.0 ], [ -59.291584827289029, -33.154067809341754, 0.0 ], [ -59.308310910805325, -33.178560724826049, 0.0 ], [ -59.298909436790844, -33.188427079177018, 0.0 ], [ -59.336620910945854, -33.183750216358746, 0.0 ], [ -59.314285126957969, -33.209376858131002, 0.0 ], [ -59.322940460297467, -33.202389029873956, 0.0 ], [ -59.352690573924463, -33.202904082979984, 0.0 ], [ -59.333965944615215, -33.228205322555667, 0.0 ], [ -59.394691831446238, -33.232972882307259, 0.0 ], [ -59.41575473232092, -33.213890010563013, 0.0 ], [ -59.42220458395861, -33.228527823988458, 0.0 ], [ -59.497279839337942, -33.227062232991258, 0.0 ], [ -59.52244470831134, -33.199355062990541, 0.0 ], [ -59.54754263662641, -33.198536843933809, 0.0 ], [ -59.643752497304718, -33.302197302016488, 0.0 ], [ -59.60658410684124, -33.325641715562213, 0.0 ], [ -59.630075435101595, -33.342873600819473, 0.0 ], [ -59.61707686953423, -33.357140165471414, 0.0 ], [ -59.539400105668541, -33.376471042496355, 0.0 ], [ -59.522246665723806, -33.432301026109322, 0.0 ], [ -59.427542886314889, -33.460417023200648, 0.0 ], [ -59.36046199466881, -33.542639788033441, 0.0 ], [ -59.316102526575563, -33.543163307924551, 0.0 ], [ -59.301987630892846, -33.591843901670643, 0.0 ], [ -59.253579669613124, -33.639710316824996, 0.0 ], [ -59.230748191658201, -33.709433804005329, 0.0 ], [ -59.178046326439514, -33.743939769616873, 0.0 ], [ -59.168090820066787, -33.809387206670358, 0.0 ], [ -59.248901366682631, -33.803405761720619, 0.0 ], [ -59.235412598549573, -33.739990234009284, 0.0 ], [ -59.254272461140012, -33.722290038660795, 0.0 ], [ -59.392700194596117, -33.736694336183099, 0.0 ], [ -59.448974609394106, -33.724487305264823, 0.0 ], [ -59.475708007820479, -33.658386230205821, 0.0 ], [ -59.50421142602147, -33.633605957269559, 0.0 ], [ -59.531311035249836, -33.635375976911696, 0.0 ], [ -59.596313476856757, -33.689575194718536, 0.0 ], [ -59.618774414130016, -33.692199706895614, 0.0 ], [ -59.652404784457104, -33.624877929550834, 0.0 ], [ -59.788572411455583, -33.604571450959426, 0.0 ], [ -59.807678222889351, -33.588500977312769, 0.0 ], [ -59.823181151331646, -33.530029296849577, 0.0 ], [ -59.899291992655321, -33.507080078067382, 0.0 ], [ -59.933005689809853, -33.474890831087365, 0.0 ], [ -59.999392652661875, -33.470131907878432, 0.0 ], [ -60.044840356059986, -33.447527029520074, 0.0 ], [ -60.111083984623583, -33.372985840669081, 0.0 ], [ -60.169616698468822, -33.348999022805998, 0.0 ], [ -60.200683594080324, -33.292175292579827, 0.0 ], [ -60.297828631512111, -33.242284183983607, 0.0 ], [ -60.28450365140818, -33.209923515199471, 0.0 ], [ -60.294259440733668, -33.191839611984612, 0.0 ], [ -60.234274195091459, -33.212007611085284, 0.0 ], [ -60.220595753974386, -33.253909590542804, 0.0 ], [ -60.194119135378678, -33.221867500283615, 0.0 ], [ -60.179128399361943, -33.247535094225881, 0.0 ], [ -60.149610183130598, -33.252703084307235, 0.0 ], [ -60.151419155652512, -33.231469129664497, 0.0 ], [ -60.11663048232672, -33.219697846242134, 0.0 ], [ -60.069119393636775, -33.257187105015774, 0.0 ], [ -60.036603016907009, -33.245988606635777, 0.0 ], [ -60.057179136898903, -33.234768577637425, 0.0 ], [ -60.035693930822646, -33.228895688073365, 0.0 ], [ -60.013328167358772, -33.283924072374269, 0.0 ], [ -59.949157849572579, -33.235842805601237, 0.0 ], [ -59.939823979173106, -33.27553338936336, 0.0 ], [ -59.909697235185149, -33.277455624088368, 0.0 ], [ -59.906134289494553, -33.220700549674824, 0.0 ], [ -59.882254533298621, -33.263066705758725, 0.0 ], [ -59.856380474951102, -33.272062479355135, 0.0 ], [ -59.792222350896594, -33.239512860741172, 0.0 ], [ -59.818312425323846, -33.200514998733702, 0.0 ], [ -59.766084004599243, -33.137109121916254, 0.0 ], [ -59.777260695142239, -33.122881127065618, 0.0 ], [ -59.804678981717657, -33.125746633345173, 0.0 ], [ -59.815071579561547, -33.078526210979348, 0.0 ], [ -59.838817219082188, -33.076139200202434, 0.0 ], [ -59.848191659196523, -33.100858222053056, 0.0 ], [ -59.892957584413118, -33.037217650517242, 0.0 ], [ -59.9229510768034, -33.027705332067455, 0.0 ], [ -59.936939910105679, -33.040117740430112, 0.0 ], [ -59.960708670465124, -33.0055425431053, 0.0 ], [ -59.963796073197116, -33.029601232066433, 0.0 ], [ -59.976076980073856, -33.010108189818482, 0.0 ], [ -60.024497836669504, -33.014825712184233, 0.0 ], [ -60.043737504267135, -32.992946570361269, 0.0 ], [ -59.982707930276213, -32.995209645388456, 0.0 ], [ -59.977004675657668, -32.966751256506534, 0.0 ], [ -60.011348125064025, -32.975636200210197, 0.0 ], [ -60.022184637981972, -32.950537652038868, 0.0 ], [ -59.954900290500447, -32.89839790534208, 0.0 ], [ -59.903761362722108, -32.931239937844971, 0.0 ], [ -59.838664668977273, -32.93483490347792, 0.0 ], [ -59.84161626620125, -32.911889968783242, 0.0 ], [ -59.871039340962547, -32.888110387471478, 0.0 ], [ -59.857383654171599, -32.838759951896961, 0.0 ], [ -59.84341813304929, -32.840411090215738, 0.0 ], [ -59.845230358370856, -32.82448767246165, 0.0 ], [ -59.81009408194587, -32.797546602888652, 0.0 ], [ -59.794047584721802, -32.736336328029857, 0.0 ], [ -59.779104114462044, -32.729562408145107, 0.0 ], [ -59.788990287064507, -32.710652546226889, 0.0 ], [ -59.775849256777931, -32.662580737505778, 0.0 ], [ -59.798080481358326, -32.64249780105601, 0.0 ], [ -59.782583524017738, -32.59010670951541, 0.0 ], [ -59.752673612678095, -32.581773123103744, 0.0 ], [ -59.705247113846873, -32.609703116186481, 0.0 ], [ -59.607136322805964, -32.632006384042739, 0.0 ], [ -59.600731794767597, -32.551965519850562, 0.0 ], [ -59.457441377372305, -32.556851669129067, 0.0 ] ] ] } },
{ "type": "Feature", "properties": { "loc": "AR038063" }, "geometry": { "type": "Polygon", "coordinates": [ [ [ -65.053876375956079, -24.01442453761485, 0.0 ], [ -64.881108674065345, -24.025540543053381, 0.0 ], [ -64.851977021765379, -24.050893097025185, 0.0 ], [ -64.85121058724981, -24.073994740220474, 0.0 ], [ -64.805849488631623, -24.090474334294584, 0.0 ], [ -64.705842327076468, -24.062857456245915, 0.0 ], [ -64.721683390374849, -24.097048835572117, 0.0 ], [ -64.692893521887655, -24.165477013176364, 0.0 ], [ -64.692782153250292, -24.209367378633317, 0.0 ], [ -64.738073859707725, -24.317377217705772, 0.0 ], [ -64.691722017247528, -24.335167549527547, 0.0 ], [ -64.614048774777743, -24.334226865579222, 0.0 ], [ -64.530337212376637, -24.32538983174922, 0.0 ], [ -64.495877853349171, -24.3015000807214, 0.0 ], [ -64.524167231764025, -24.333997719561467, 0.0 ], [ -64.547268878938979, -24.421421937189546, 0.0 ], [ -64.522645177550572, -24.46233116196996, 0.0 ], [ -64.560137618184825, -24.575343556388393, 0.0 ], [ -64.645953822803833, -24.613331060974399, 0.0 ], [ -64.667914383192482, -24.606572818367663, 0.0 ], [ -64.726363543834836, -24.529730985480047, 0.0 ], [ -64.77355821713563, -24.502513863831926, 0.0 ], [ -64.841975686041792, -24.467358728467506, 0.0 ], [ -64.954035934531134, -24.449699297785003, 0.0 ], [ -64.899817815520805, -24.383276928882086, 0.0 ], [ -65.020650137912384, -24.364989598607711, 0.0 ], [ -65.034814274747404, -24.318778089205175, 0.0 ], [ -65.06363709164259, -24.292581338266217, 0.0 ], [ -65.05392995686951, -24.252602582053061, 0.0 ], [ -65.075238558652515, -24.199273168662202, 0.0 ], [ -65.074290352734153, -24.170844367689757, 0.0 ], [ -65.048971569114897, -24.180411422891122, 0.0 ], [ -65.053876375956079, -24.01442453761485, 0.0 ] ] ] } },
{ "type": "Feature", "properties": { "loc": "AR022091" }, "geometry": { "type": "Polygon", "coordinates": [ [ [ -60.101804308686887, -26.299487150126126, 0.0 ], [ -60.201991126112347, -26.303870016143225, 0.0 ], [ -60.205802714693789, -26.634532720846057, 0.0 ], [ -60.805932390314226, -26.420892095190059, 0.0 ], [ -60.800573415028339, -26.116715742516714, 0.0 ], [ -60.099869882842277, -26.124249977012543, 0.0 ], [ -60.101804308686887, -26.299487150126126, 0.0 ] ] ] } },
{ "type": "Feature", "properties": { "loc": "AR086133" }, "geometry": { "type": "Polygon", "coordinates": [ [ [ -63.91801815203722, -25.682608178661258, 0.0 ], [ -63.892623354775246, -25.715111407297769, 0.0 ], [ -63.877670930108756, -25.773748527511671, 0.0 ], [ -63.838669268593229, -25.78970228464345, 0.0 ], [ -63.846242758141116, -25.820539870275475, 0.0 ], [ -63.830305438563414, -25.846838799656442, 0.0 ], [ -63.785596948032833, -25.880235388039253, 0.0 ], [ -63.791565576664389, -25.929924403669201, 0.0 ], [ -63.764681632274488, -25.915195369804337, 0.0 ], [ -63.734856997106455, -25.955579872964872, 0.0 ], [ -63.745269113544836, -25.966717560162174, 0.0 ], [ -63.727570750158876, -25.968366332993252, 0.0 ], [ -63.731587006403061, -26.009567968487044, 0.0 ], [ -63.690186964351497, -26.034136249650032, 0.0 ], [ -63.70509507692168, -26.109869573039742, 0.0 ], [ -63.764161303807413, -26.197516059448127, 0.0 ], [ -63.758292503156746, -26.228482317024177, 0.0 ], [ -63.773702586222839, -26.264562612337045, 0.0 ], [ -63.692344277489468, -26.478668662310547, 0.0 ], [ -63.768156451439062, -26.478280929109129, 0.0 ], [ -63.801772320262515, -26.641291434972288, 0.0 ], [ -63.8690288244618, -26.645014990437602, 0.0 ], [ -63.877282699802521, -26.721246098807477, 0.0 ], [ -63.980465873010985, -26.721260272839519, 0.0 ], [ -64.162415339862335, -26.697073377436446, 0.0 ], [ -64.156066833460045, -26.652228154098868, 0.0 ], [ -64.26357469497394, -26.634451138654743, 0.0 ], [ -64.263776021802158, -26.60610596244398, 0.0 ], [ -64.28197484292113, -26.605943165445112, 0.0 ], [ -64.28207082880752, -26.56861103260405, 0.0 ], [ -64.520794728913671, -26.547097659866651, 0.0 ], [ -64.530374215779815, -26.372796651175111, 0.0 ], [ -64.48198842132804, -26.306837620297731, 0.0 ], [ -64.50227936304816, -26.239006289231408, 0.0 ], [ -64.412195885945096, -26.113497849787485, 0.0 ], [ -64.403629827178534, -26.031168500452338, 0.0 ], [ -64.268060038883107, -25.700007020987748, 0.0 ], [ -64.197509020871479, -25.709286918652182, 0.0 ], [ -64.196438264087107, -25.727727740566124, 0.0 ], [ -64.02541450747151, -25.753485405889325, 0.0 ], [ -64.007747010198713, -25.673357057827189, 0.0 ], [ -63.91801815203722, -25.682608178661258, 0.0 ] ] ] } },
{ "type": "Feature", "properties": { "loc": "AR018126" }, "geometry": { "type": "Polygon", "coordinates": [ [ [ -58.457965851503999, -27.97616195696094, 0.0 ], [ -58.334587097234412, -28.118394851164844, 0.0 ], [ -58.368476868676197, -28.143344879759027, 0.0 ], [ -58.316253661773487, -28.213399886790558, 0.0 ], [ -58.460433959272386, -28.3366661068222, 0.0 ], [ -58.490482329743394, -28.338943480822962, 0.0 ], [ -58.545207977126317, -28.376575469982864, 0.0 ], [ -58.653102875085423, -28.508533477692069, 0.0 ], [ -58.713394165066838, -28.441280364615924, 0.0 ], [ -58.697174072007357, -28.420003890958885, 0.0 ], [ -58.707015990903976, -28.403976440335668, 0.0 ], [ -58.753723144008518, -28.383897781606304, 0.0 ], [ -58.758785247652582, -28.336112976250561, 0.0 ], [ -58.81333857840108, -28.240880335183562, 0.0 ], [ -58.851119995384117, -28.257183074879013, 0.0 ], [ -58.859312057650143, -28.280267715452325, 0.0 ], [ -58.951953887275025, -28.303943634315388, 0.0 ], [ -59.032711029047213, -28.266473769767789, 0.0 ], [ -59.016527175822922, -28.25670814511793, 0.0 ], [ -59.011466980200531, -28.206657409933207, 0.0 ], [ -58.835492768852582, -28.166873613758536, 0.0 ], [ -58.817501067797117, -28.122174579894864, 0.0 ], [ -58.788268089126355, -28.126984118804952, 0.0 ], [ -58.755796432328069, -28.112273692623475, 0.0 ], [ -58.738707541726384, -28.083628653694596, 0.0 ], [ -58.696964264184558, -28.081525165480045, 0.0 ], [ -58.669839222752159, -28.045977910472079, 0.0 ], [ -58.592754999325948, -28.001586278103783, 0.0 ], [ -58.457965851503999, -27.97616195696094, 0.0 ] ] ] } },
{ "type": "Feature", "properties": { "loc": "AR006161" }, "geometry": { "type": "Polygon", "coordinates": [ [ [ -59.781658173036817, -34.21866226177918, 0.0 ], [ -59.692634583103214, -34.286659240781397, 0.0 ], [ -59.675125122845067, -34.403903960784028, 0.0 ], [ -59.766250610643411, -34.452835083010832, 0.0 ], [ -59.735374450722922, -34.47765350330527, 0.0 ], [ -59.768711090816723, -34.507289885484496, 0.0 ], [ -59.754741669209444, -34.517852783097496, 0.0 ], [ -59.884799957266878, -34.618961334251864, 0.0 ], [ -59.93362808216456, -34.581230164501385, 0.0 ], [ -59.909233092745822, -34.561740875294113, 0.0 ], [ -59.974792479947432, -34.510391234627441, 0.0 ], [ -60.014545441162603, -34.54653930742635, 0.0 ], [ -60.09727096599547, -34.482860565357086, 0.0 ], [ -60.083160400192433, -34.469619751327841, 0.0 ], [ -60.142883300940738, -34.418811797618332, 0.0 ], [ -60.083820343024314, -34.367481231710364, 0.0 ], [ -60.064807891701392, -34.382591247916416, 0.0 ], [ -59.956020354912461, -34.273838043291079, 0.0 ], [ -59.894496917721042, -34.23648071281302, 0.0 ], [ -59.874702454197198, -34.264137267447957, 0.0 ], [ -59.781658173036817, -34.21866226177918, 0.0 ] ] ] } },
{ "type": "Feature", "properties": { "loc": "AR018140" }, "geometry": { "type": "Polygon", "coordinates": [ [ [ -58.343494415197632, -27.407495499458829, 0.0 ], [ -58.220310211764051, -27.443372726701682, 0.0 ], [ -58.128517150843798, -27.403354644693223, 0.0 ], [ -57.980827331362569, -27.40286254959366, 0.0 ], [ -57.875953674316463, -27.439559936461105, 0.0 ], [ -57.831104278541993, -27.485616683968985, 0.0 ], [ -57.892536163032915, -27.563373566205215, 0.0 ], [ -57.928829192862729, -27.579377173245035, 0.0 ], [ -57.954086303544472, -27.625614166397103, 0.0 ], [ -58.145526886394208, -27.697080612088932, 0.0 ], [ -58.304054259940777, -27.795339584844484, 0.0 ], [ -58.242813111140876, -27.837579727797465, 0.0 ], [ -58.168529510478741, -27.829624176298132, 0.0 ], [ -58.147911072650423, -27.857051848231556, 0.0 ], [ -58.163551331041781, -27.901454924728277, 0.0 ], [ -58.194675445743613, -27.901176453338213, 0.0 ], [ -58.293090820463078, -27.954027175425285, 0.0 ], [ -58.325611114745811, -27.900251387906067, 0.0 ], [ -58.316555023195122, -27.86620140066713, 0.0 ], [ -58.328262328813508, -27.85288047833307, 0.0 ], [ -58.396678924557207, -27.858402252385552, 0.0 ], [ -58.385864257768681, -27.78487396292655, 0.0 ], [ -58.466464995663372, -27.780587195807701, 0.0 ], [ -58.467472076267136, -27.756469726482287, 0.0 ], [ -58.50004577629182, -27.758640289073842, 0.0 ], [ -58.497539520666585, -27.728187560987848, 0.0 ], [ -58.547111511704962, -27.721113205196314, 0.0 ], [ -58.544105530473665, -27.704460143615869, 0.0 ], [ -58.6010246275235, -27.718502044939772, 0.0 ], [ -58.6058349612412, -27.630168915307266, 0.0 ], [ -58.645374297691937, -27.603469847384819, 0.0 ], [ -58.673917706194402, -27.611818356684221, 0.0 ], [ -58.646286009551879, -27.517582417081069, 0.0 ], [ -58.582328796405612, -27.516872406388188, 0.0 ], [ -58.548192977305824, -27.487295149388299, 0.0 ], [ -58.48952865667821, -27.474828720338845, 0.0 ], [ -58.490861892205437, -27.429610251884597, 0.0 ], [ -58.455894469409479, -27.416980266231526, 0.0 ], [ -58.44934463528066, -27.399303436575572, 0.0 ], [ -58.343494415197632, -27.407495499458829, 0.0 ] ] ] } },
{ "type": "Feature", "properties": { "loc": "AR066056" }, "geometry": { "type": "Polygon", "coordinates": [ [ [ -63.709001080236121, -21.999360035160745, 0.0 ], [ -63.705609869969969, -22.013991394671848, 0.0 ], [ -63.688578889263084, -22.011532118874992, 0.0 ], [ -63.683775559709659, -22.054768435788304, 0.0 ], [ -63.665266653629345, -21.99934238335765, 0.0 ], [ -63.155417823963042, -21.999329124305884, 0.0 ], [ -63.121631006639333, -22.934956140736926, 0.0 ], [ -63.201963911832074, -22.936393650557726, 0.0 ], [ -63.272207055636251, -23.4559069222754, 0.0 ], [ -63.285428711516211, -23.454442005062983, 0.0 ], [ -63.276716184239199, -23.649425197456399, 0.0 ], [ -63.331235635925076, -23.62563253287933, 0.0 ], [ -63.323254954431924, -23.604935073521744, 0.0 ], [ -63.367971843312105, -23.586816034032331, 0.0 ], [ -63.361864016235671, -23.563193614179525, 0.0 ], [ -63.395419246980822, -23.549467714852085, 0.0 ], [ -63.412514438365896, -23.509559428514823, 0.0 ], [ -63.499552116412708, -23.45112905350739, 0.0 ], [ -63.589518761324875, -23.430636657253089, 0.0 ], [ -63.617459314033432, -23.388018990677931, 0.0 ], [ -63.662444462315321, -23.390945450757627, 0.0 ], [ -63.725720206300537, -23.322599644847699, 0.0 ], [ -63.844335340145527, -23.323429444902853, 0.0 ], [ -63.910013732562689, -23.299718471742981, 0.0 ], [ -63.944227755397854, -23.327978579604405, 0.0 ], [ -63.95631008339285, -23.314765773804424, 0.0 ], [ -64.007043541296355, -23.332433366951776, 0.0 ], [ -64.039198833909467, -23.307916784919144, 0.0 ], [ -64.072966442557444, -23.30585981130384, 0.0 ], [ -64.093386760543098, -23.254458567533888, 0.0 ], [ -64.108328064066384, -23.262920596350032, 0.0 ], [ -64.140933364127804, -23.248341013415079, 0.0 ], [ -64.162397371760022, -23.273129831581425, 0.0 ], [ -64.187200191826165, -23.268718091748504, 0.0 ], [ -64.178854918295173, -23.230546423208196, 0.0 ], [ -64.211897613458333, -23.226875355489682, 0.0 ], [ -64.226612236102824, -23.209337412975771, 0.0 ], [ -64.214072499439879, -23.182121424014461, 0.0 ], [ -64.168016241335721, -23.200695671432083, 0.0 ], [ -64.203675353425723, -23.182063937069191, 0.0 ], [ -64.182795832836504, -23.152687886953853, 0.0 ], [ -64.209119082962047, -23.156250397089316, 0.0 ], [ -64.19074499873453, -23.129075957049494, 0.0 ], [ -64.213505556494397, -23.135078908475268, 0.0 ], [ -64.211593027983156, -23.088769263547054, 0.0 ], [ -64.238799923904239, -23.096327456415455, 0.0 ], [ -64.247628094901046, -23.068779051945057, 0.0 ], [ -64.276115994705464, -23.066512739216009, 0.0 ], [ -64.281585039664819, -23.0289420277748, 0.0 ], [ -64.332717521132693, -23.008896157437931, 0.0 ], [ -64.327219719304466, -22.953351352941525, 0.0 ], [ -64.342331317354478, -22.929527919758819, 0.0 ], [ -64.297587227487497, -22.861816530531414, 0.0 ], [ -64.306678552760275, -22.839745996999316, 0.0 ], [ -64.286724720020189, -22.834885081687528, 0.0 ], [ -64.287426918704739, -22.798824344173305, 0.0 ], [ -64.265342657606524, -22.76665913051858, 0.0 ], [ -64.283608967356145, -22.751284906299436, 0.0 ], [ -64.263967716893887, -22.741238369036115, 0.0 ], [ -64.271771246121432, -22.709754296036241, 0.0 ], [ -64.260569381190919, -22.674568091108082, 0.0 ], [ -64.24229238957426, -22.66605329890351, 0.0 ], [ -64.264588538095168, -22.650159923855345, 0.0 ], [ -64.239191522892781, -22.622973208447643, 0.0 ], [ -64.241691276512, -22.557726270552447, 0.0 ], [ -64.216292014623065, -22.543345994499457, 0.0 ], [ -64.199627873538873, -22.491244833210096, 0.0 ], [ -64.163069895497472, -22.468930151307251, 0.0 ], [ -64.138185236213999, -22.407040986988729, 0.0 ], [ -64.115515794573398, -22.405607168789075, 0.0 ], [ -64.11688945159348, -22.363234909357576, 0.0 ], [ -64.09508688060879, -22.308772011850991, 0.0 ], [ -64.062408055237995, -22.238380968240179, 0.0 ], [ -64.033519733192293, -22.24278266755886, 0.0 ], [ -64.033102330097194, -22.196828821715023, 0.0 ], [ -63.992654056682433, -22.133139313592633, 0.0 ], [ -64.000037569615728, -22.107675504194241, 0.0 ], [ -63.986036835432571, -22.109025828438899, 0.0 ], [ -63.979611892281085, -22.080998030367088, 0.0 ], [ -63.958069211992914, -22.08577410948817, 0.0 ], [ -63.944178934657124, -22.009287075091088, 0.0 ], [ -63.709001080236121, -21.999360035160745, 0.0 ] ] ] } },
{ "type": "Feature", "properties": { "loc": "AR090035" }, "geometry": { "type": "Polygon", "coordinates": [ [ [ -65.348178552210555, -27.524316702709829, 0.0 ], [ -65.259812571285721, -27.564023849561796, 0.0 ], [ -65.168705532188369, -27.565585645180033, 0.0 ], [ -65.152449924234134, -27.58782440460967, 0.0 ], [ -65.115060528447827, -27.568188572830518, 0.0 ], [ -65.027115237553716, -27.587145180116845, 0.0 ], [ -64.986025084630782, -27.741646117959519, 0.0 ], [ -65.028141543002889, -27.75271061087393, 0.0 ], [ -65.016482184064472, -27.791138905907999, 0.0 ], [ -65.038968090011068, -27.879238448115203, 0.0 ], [ -65.107139646904841, -27.893158294725172, 0.0 ], [ -65.159074491906395, -27.877203862589791, 0.0 ], [ -65.178229714274039, -27.916016439988486, 0.0 ], [ -65.17079821872818, -27.946464541004875, 0.0 ], [ -65.364667105894384, -27.845791603899215, 0.0 ], [ -65.437252941873496, -27.887493682260306, 0.0 ], [ -65.41493678966782, -27.796494494026888, 0.0 ], [ -65.472819760152888, -27.788324397790436, 0.0 ], [ -65.464014323719297, -27.760695504532997, 0.0 ], [ -65.503933365464235, -27.738183496364737, 0.0 ], [ -65.494154390621247, -27.694294304561382, 0.0 ], [ -65.50527485740723, -27.692213859697929, 0.0 ], [ -65.499428181363697, -27.667151506193562, 0.0 ], [ -65.52029236321944, -27.663543527287288, 0.0 ], [ -65.511271354473877, -27.614121252680945, 0.0 ], [ -65.535176400041678, -27.621514667869253, 0.0 ], [ -65.516867215500184, -27.543331676281273, 0.0 ], [ -65.348178552210555, -27.524316702709829, 0.0 ] ] ] } },
{ "type": "Feature", "properties": { "loc": "AR022105" }, "geometry": { "type": "Polygon", "coordinates": [ [ [ -60.817627749237644, -27.144461064956108, 0.0 ], [ -60.818614857597716, -27.200101062479025, 0.0 ], [ -60.845075894016489, -27.182101498072981, 0.0 ], [ -60.906389065244291, -27.253990454358632, 0.0 ], [ -60.820539533128226, -27.312611817319834, 0.0 ], [ -60.821548056426359, -27.368234911194989, 0.0 ], [ -61.711191865379035, -26.758910828069325, 0.0 ], [ -61.711186435961451, -26.654488429936958, 0.0 ], [ -61.333043819605336, -26.660279165268751, 0.0 ], [ -61.335749640462517, -26.841141510677001, 0.0 ], [ -61.191067222449043, -26.842291559615401, 0.0 ], [ -61.216287186895457, -26.871790846262282, 0.0 ], [ -60.817627749237644, -27.144461064956108, 0.0 ] ] ] } },
{ "type": "Feature", "properties": { "loc": "AR006231" }, "geometry": { "type": "Polygon", "coordinates": [ [ [ -62.144691466896404, -36.245525359627862, 0.0 ], [ -61.955112457420057, -36.4044265745475, 0.0 ], [ -61.913024902342208, -36.384853362562652, 0.0 ], [ -61.763351440118583, -36.525142670164264, 0.0 ], [ -61.724239348705169, -36.494232177911051, 0.0 ], [ -61.685249328457417, -36.535968780578834, 0.0 ], [ -61.641876220427598, -36.549365997325438, 0.0 ], [ -61.616844177250414, -36.56993866036386, 0.0 ], [ -61.663825989354756, -36.60691070587346, 0.0 ], [ -61.49732971122841, -36.743915557871951, 0.0 ], [ -61.367877959362595, -36.641311645266789, 0.0 ], [ -61.254558563000764, -36.734466552858805, 0.0 ], [ -61.598419189089007, -36.99738311854405, 0.0 ], [ -61.707176208311132, -36.907455444402522, 0.0 ], [ -61.759834290541178, -36.946170806782362, 0.0 ], [ -61.778053284228157, -36.930320739906698, 0.0 ], [ -61.859619140623089, -36.99258041400325, 0.0 ], [ -62.007598876989206, -36.859252930592504, 0.0 ], [ -61.996559142696114, -36.853332520021446, 0.0 ], [ -62.016742705197053, -36.821449279954869, 0.0 ], [ -61.982711792254463, -36.804592132675758, 0.0 ], [ -61.999217987053832, -36.811706542877154, 0.0 ], [ -62.17471694919228, -36.663772583329951, 0.0 ], [ -62.201389312484999, -36.684589386151103, 0.0 ], [ -62.248760222668139, -36.645656586275571, 0.0 ], [ -62.222129822377276, -36.624759673555836, 0.0 ], [ -62.384479522966203, -36.488510131614461, 0.0 ], [ -62.411659241256665, -36.50910568254794, 0.0 ], [ -62.473682404054131, -36.456718444389232, 0.0 ], [ -62.205059052591515, -36.249095917136522, 0.0 ], [ -62.17834854054361, -36.271892547365354, 0.0 ], [ -62.144691466896404, -36.245525359627862, 0.0 ] ] ] } },
{ "type": "Feature", "properties": { "loc": "AR034056" }, "geometry": { "type": "Polygon", "coordinates": [ [ [ -58.925861358650408, -25.778560637948029, 0.0 ], [ -58.926033019514684, -26.185304642553373, 0.0 ], [ -58.974452971506828, -26.185766220187411, 0.0 ], [ -58.974873392042959, -26.38845399017675, 0.0 ], [ -59.042898481324599, -26.365348104006546, 0.0 ], [ -59.068475278161443, -26.374232781949424, 0.0 ], [ -59.098074185563199, -26.343241188708678, 0.0 ], [ -59.12861400995309, -26.344165414606849, 0.0 ], [ -59.115635430104184, -26.325580006741117, 0.0 ], [ -59.153871866236521, -26.316859912205132, 0.0 ], [ -59.137195615862289, -26.307641030026396, 0.0 ], [ -59.146119989239494, -26.299976705795896, 0.0 ], [ -59.181964797471771, -26.304717773092509, 0.0 ], [ -59.19258664537616, -26.329734056938449, 0.0 ], [ -59.257537737484789, -26.341353412720398, 0.0 ], [ -59.256365863637086, -26.351639360305249, 0.0 ], [ -59.311118081389495, -26.33942729667157, 0.0 ], [ -59.312988196842937, -26.318949626677011, 0.0 ], [ -59.357505536660824, -26.337969601485202, 0.0 ], [ -59.403287637923448, -26.299483966652534, 0.0 ], [ -59.383950242606048, -26.295111825715072, 0.0 ], [ -59.39606669939532, -26.273781136612516, 0.0 ], [ -59.380692539957423, -26.264928885882227, 0.0 ], [ -59.397934987675463, -26.258624291578979, 0.0 ], [ -59.410297571174475, -26.207101910644035, 0.0 ], [ -59.429351683665338, -26.197750236656049, 0.0 ], [ -59.408930814114086, -26.180013372255328, 0.0 ], [ -59.421377160123455, -26.161157442547054, 0.0 ], [ -59.454159855893927, -26.147612404457423, 0.0 ], [ -59.456181536898725, -26.160198178936856, 0.0 ], [ -59.4649729892583, -26.150592163636997, 0.0 ], [ -59.494502352684016, -26.162588840491757, 0.0 ], [ -59.519478784755208, -26.142918911462917, 0.0 ], [ -59.567181526316098, -26.148906485084513, 0.0 ], [ -59.58598758071934, -26.143588099042031, 0.0 ], [ -59.58477330998349, -26.121825715238678, 0.0 ], [ -59.636642199778571, -26.119929839630458, 0.0 ], [ -59.635147095023655, -25.607522963502156, 0.0 ], [ -59.053630829195441, -25.174020766911479, 0.0 ], [ -58.605098723593898, -25.470651626842592, 0.0 ], [ -58.604747771575326, -25.777242660784594, 0.0 ], [ -58.925861358650408, -25.778560637948029, 0.0 ] ] ] } },
{ "type": "Feature", "properties": { "loc": "AR018119" }, "geometry": { "type": "Polygon", "coordinates": [ [ [ -57.509480967611765, -29.176183413358029, 0.0 ], [ -57.47666931195316, -29.182554244652909, 0.0 ], [ -57.427742004064967, -29.227315902909456, 0.0 ], [ -57.100868225352009, -29.25741767889955, 0.0 ], [ -56.949764251733974, -29.20104980454267, 0.0 ], [ -56.866683959737536, -29.20164299047935, 0.0 ], [ -56.848579406926184, -29.323858260839422, 0.0 ], [ -56.863750457278329, -29.39384841939064, 0.0 ], [ -56.852661133286595, -29.425674438552864, 0.0 ], [ -56.869159698694254, -29.47011947670984, 0.0 ], [ -56.838650684721969, -29.498215952330803, 0.0 ], [ -56.899922856840213, -29.533386763988013, 0.0 ], [ -56.969577169348696, -29.605023313926019, 0.0 ], [ -56.968237182982094, -29.63910621709941, 0.0 ], [ -57.005869600900525, -29.656120827390044, 0.0 ], [ -57.110219590441638, -29.756997905158904, 0.0 ], [ -57.169895818321052, -29.78116363569708, 0.0 ], [ -57.229949014327993, -29.779163861846481, 0.0 ], [ -57.289465190271549, -29.825349391003353, 0.0 ], [ -57.327833492799371, -29.883263798838623, 0.0 ], [ -57.326044241891182, -29.965012642264128, 0.0 ], [ -57.342929441298821, -29.999995713385029, 0.0 ], [ -57.408541029601572, -30.03202437690156, 0.0 ], [ -57.474243238153555, -30.119768411464907, 0.0 ], [ -57.599893461670796, -30.179209704838684, 0.0 ], [ -57.628217998349236, -30.174458997701684, 0.0 ], [ -57.655601502156863, -30.153705596697733, 0.0 ], [ -57.614418029547252, -30.163520812935761, 0.0 ], [ -57.623279571160225, -30.10542678764573, 0.0 ], [ -57.611015319947157, -30.087322236084667, 0.0 ], [ -57.560775756685167, -30.075819014954376, 0.0 ], [ -57.601310730101297, -30.059732437197695, 0.0 ], [ -57.566921234850106, -30.042348861567746, 0.0 ], [ -57.562229156254716, -30.020654678301153, 0.0 ], [ -57.57788848857448, -30.007904052337043, 0.0 ], [ -57.609130860195286, -30.020803451467916, 0.0 ], [ -57.657009125376149, -30.012567520542774, 0.0 ], [ -57.639625549632029, -29.986541748229893, 0.0 ], [ -57.665588378597604, -29.984477996678905, 0.0 ], [ -57.689174651596971, -29.959956169133193, 0.0 ], [ -57.679256438783277, -29.940563201715975, 0.0 ], [ -57.700939179000649, -29.937774658119686, 0.0 ], [ -57.687484740884486, -29.898502350402374, 0.0 ], [ -57.704080582159314, -29.856600760869966, 0.0 ], [ -57.672524452365984, -29.857531547195229, 0.0 ], [ -57.684074401892687, -29.835025788319534, 0.0 ], [ -57.646626471882463, -29.82702827370526, 0.0 ], [ -57.678173065160728, -29.819057465074433, 0.0 ], [ -57.69008064208689, -29.769108771935723, 0.0 ], [ -57.609928131179601, -29.751340865760788, 0.0 ], [ -57.620441436546514, -29.743071078634138, 0.0 ], [ -57.587932586800513, -29.689018249749004, 0.0 ], [ -57.599037170473977, -29.674530030727475, 0.0 ], [ -57.557991027813429, -29.673383713085961, 0.0 ], [ -57.54210535687298, -29.594398498155449, 0.0 ], [ -57.507991789941102, -29.565937042627709, 0.0 ], [ -57.521903991559732, -29.465908051622872, 0.0 ], [ -57.503208160441844, -29.44924926765442, 0.0 ], [ -57.536397934071516, -29.439542769853485, 0.0 ], [ -57.521644591343339, -29.403609275987542, 0.0 ], [ -57.538782437433049, -29.397828681132594, 0.0 ], [ -57.528896331305923, -29.373438834833173, 0.0 ], [ -57.580879211022356, -29.32336568789831, 0.0 ], [ -57.53903884895449, -29.259152602434654, 0.0 ], [ -57.546610905689519, -29.212749480570864, 0.0 ], [ -57.509480967611765, -29.176183413358029, 0.0 ] ] ] } },
{ "type": "Feature", "properties": { "loc": "AR022084" }, "geometry": { "type": "Polygon", "coordinates": [ [ [ -60.044826458224222, -25.695885607758957, 0.0 ], [ -60.023870446088544, -25.695770254483961, 0.0 ], [ -60.033758406338436, -25.717504786951316, 0.0 ], [ -60.018864810543235, -25.713683273374158, 0.0 ], [ -60.012668423054542, -25.735539865080437, 0.0 ], [ -59.980492068541281, -25.721906983040125, 0.0 ], [ -59.994728576350525, -25.734805295636953, 0.0 ], [ -59.976199134782831, -25.759520536143008, 0.0 ], [ -59.965011050008776, -25.750665713862709, 0.0 ], [ -59.967627008794835, -25.771941097238301, 0.0 ], [ -59.930613003694397, -25.766014922154287, 0.0 ], [ -59.925541877371622, -25.790789545530711, 0.0 ], [ -59.87669768071521, -25.801151380842487, 0.0 ], [ -59.877212842971076, -25.845089603605786, 0.0 ], [ -59.859206758091268, -25.838027656773047, 0.0 ], [ -59.871339102484654, -25.845801750734189, 0.0 ], [ -59.827161482150998, -25.869636867266784, 0.0 ], [ -59.815720194637699, -25.884432117559189, 0.0 ], [ -59.826802897147473, -25.889937050586898, 0.0 ], [ -59.781179728519881, -25.896681420661203, 0.0 ], [ -59.788283950739753, -25.909711622443169, 0.0 ], [ -59.753458393486717, -25.920720839727846, 0.0 ], [ -59.754520203050866, -25.955628184243253, 0.0 ], [ -59.743571817540698, -25.949520904943018, 0.0 ], [ -59.740804542036599, -25.975545444595163, 0.0 ], [ -59.727870339861056, -25.970149566065519, 0.0 ], [ -59.725093929388841, -25.99975756186004, 0.0 ], [ -59.67116782932117, -26.003304008302923, 0.0 ], [ -59.685434787323601, -26.009402882965681, 0.0 ], [ -59.668182379085707, -26.024916032658606, 0.0 ], [ -59.678640845897796, -26.054132571999972, 0.0 ], [ -59.663610830146936, -26.062459819022941, 0.0 ], [ -59.682510156626151, -26.089486371946666, 0.0 ], [ -59.678303660560964, -26.115001604970821, 0.0 ], [ -59.649267558464494, -26.119454906699559, 0.0 ], [ -59.66045641399306, -26.143401546995626, 0.0 ], [ -59.626247179178357, -26.13434003951474, 0.0 ], [ -59.64524935557106, -26.121484752246417, 0.0 ], [ -59.605860746543549, -26.114628912581423, 0.0 ], [ -59.567181526316098, -26.148906485084513, 0.0 ], [ -59.519478784755208, -26.142918911462917, 0.0 ], [ -59.494502352684016, -26.162588840491757, 0.0 ], [ -59.438301186514309, -26.149131922113689, 0.0 ], [ -59.40879303410906, -26.179130953493598, 0.0 ], [ -59.428884572294002, -26.198811440105263, 0.0 ], [ -59.410297571174475, -26.207101910644035, 0.0 ], [ -59.397934987675463, -26.258624291578979, 0.0 ], [ -59.381307156495041, -26.261717062343799, 0.0 ], [ -59.39606669939532, -26.273781136612516, 0.0 ], [ -59.383950242606048, -26.295111825715072, 0.0 ], [ -59.403287637923448, -26.299483966652534, 0.0 ], [ -59.357505536660824, -26.337969601485202, 0.0 ], [ -59.312988196842937, -26.318949626677011, 0.0 ], [ -59.311118081389495, -26.33942729667157, 0.0 ], [ -59.256365863637086, -26.351639360305249, 0.0 ], [ -59.257537737484789, -26.341353412720398, 0.0 ], [ -59.19258664537616, -26.329734056938449, 0.0 ], [ -59.181964797471771, -26.304717773092509, 0.0 ], [ -59.142051080041547, -26.300547691339276, 0.0 ], [ -59.153871866236521, -26.316859912205132, 0.0 ], [ -59.115635430104184, -26.325580006741117, 0.0 ], [ -59.12861400995309, -26.344165414606849, 0.0 ], [ -59.098074185563199, -26.343241188708678, 0.0 ], [ -59.068475278161443, -26.374232781949424, 0.0 ], [ -59.042898481324599, -26.365348104006546, 0.0 ], [ -59.024080685042271, -26.381219927072454, 0.0 ], [ -58.985715014578233, -26.379998829618458, 0.0 ], [ -58.909808633406477, -26.462557185586043, 0.0 ], [ -58.865752219160861, -26.475083260959909, 0.0 ], [ -58.845613874258042, -26.519216188933328, 0.0 ], [ -58.791126513987372, -26.519958842711592, 0.0 ], [ -58.796145219121748, -26.535042677161762, 0.0 ], [ -58.770597229459455, -26.538664972418296, 0.0 ], [ -58.744377078080745, -26.602646337413013, 0.0 ], [ -58.701011518594264, -26.589938300481233, 0.0 ], [ -58.688630755888845, -26.603519870894594, 0.0 ], [ -58.898962162663608, -26.793884360289979, 0.0 ], [ -58.916160003637884, -26.778446040917174, 0.0 ], [ -58.93966161760823, -26.795757325045923, 0.0 ], [ -58.954105000240887, -26.787981592927853, 0.0 ], [ -58.953709595090487, -26.870590320440783, 0.0 ], [ -59.155189453111504, -26.871632170485388, 0.0 ], [ -59.155655300553221, -26.820319904675369, 0.0 ], [ -59.201800576312159, -26.820588194516002, 0.0 ], [ -59.201920732269627, -26.803431216159112, 0.0 ], [ -59.452753576554308, -26.804262613963253, 0.0 ], [ -59.453208091748728, -26.714079136320215, 0.0 ], [ -59.503801810421571, -26.71418209927225, 0.0 ], [ -59.504206884139371, -26.623899779783763, 0.0 ], [ -59.703532697991754, -26.623727718252656, 0.0 ], [ -59.703762543635293, -26.533731187615576, 0.0 ], [ -59.803877698857271, -26.532914022463288, 0.0 ], [ -59.804120111033313, -26.321214116219586, 0.0 ], [ -59.852263540919758, -26.321272114128412, 0.0 ], [ -59.852283615571409, -26.306128467660109, 0.0 ], [ -60.101851450476367, -26.304741642024592, 0.0 ], [ -60.099041521165958, -25.66894501032872, 0.0 ], [ -60.040207271625931, -25.683828060842131, 0.0 ], [ -60.044826458224222, -25.695885607758957, 0.0 ] ] ] } },
{ "type": "Feature", "properties": { "loc": "AR018042" }, "geometry": { "type": "Polygon", "coordinates": [ [ [ -58.65057182236508, -27.602787971795038, 0.0 ], [ -58.596397400105111, -27.647037505780759, 0.0 ], [ -58.6010246275235, -27.718502044939772, 0.0 ], [ -58.544105530473665, -27.704460143615869, 0.0 ], [ -58.547111511704962, -27.721113205196314, 0.0 ], [ -58.497539520666585, -27.728187560987848, 0.0 ], [ -58.50004577629182, -27.758640289073842, 0.0 ], [ -58.467472076267136, -27.756469726482287, 0.0 ], [ -58.466464995663372, -27.780587195807701, 0.0 ], [ -58.385864257768681, -27.78487396292655, 0.0 ], [ -58.396678924557207, -27.858402252385552, 0.0 ], [ -58.328262328813508, -27.85288047833307, 0.0 ], [ -58.303916930890033, -27.953382492414729, 0.0 ], [ -58.403354644996689, -27.993330000199382, 0.0 ], [ -58.438827513870422, -27.994384765551672, 0.0 ], [ -58.465427397492761, -27.97023010278139, 0.0 ], [ -58.58038361952368, -27.995580672610515, 0.0 ], [ -58.669839222752159, -28.045977910472079, 0.0 ], [ -58.696964264184558, -28.081525165480045, 0.0 ], [ -58.738707541726384, -28.083628653694596, 0.0 ], [ -58.755796432328069, -28.112273692623475, 0.0 ], [ -58.788268089126355, -28.126984118804952, 0.0 ], [ -58.817501067797117, -28.122174579894864, 0.0 ], [ -58.835492768852582, -28.166873613758536, 0.0 ], [ -58.851964314733131, -28.173318227260193, 0.0 ], [ -58.868143716805193, -28.165287018345509, 0.0 ], [ -58.975531577770155, -28.194640160294259, 0.0 ], [ -58.99229812679674, -28.172889709985885, 0.0 ], [ -59.0171203612528, -28.172134399507737, 0.0 ], [ -59.011600494106261, -28.187397003638239, 0.0 ], [ -59.030342102472709, -28.190832137765074, 0.0 ], [ -59.044155119304193, -28.223360061019836, 0.0 ], [ -59.061775207089568, -28.192995071302423, 0.0 ], [ -59.087656668453313, -28.201737046305389, 0.0 ], [ -59.062412500698208, -28.12810874015009, 0.0 ], [ -58.952965207926944, -28.137105542726704, 0.0 ], [ -58.859734297274713, -28.050317695655771, 0.0 ], [ -58.857739186639392, -28.011612224596295, 0.0 ], [ -58.829261559968543, -27.961873395207906, 0.0 ], [ -58.844005909662407, -27.880447447345201, 0.0 ], [ -58.80970753232711, -27.783407081225299, 0.0 ], [ -58.824415983545613, -27.669391871916616, 0.0 ], [ -58.811683655272283, -27.675374984291942, 0.0 ], [ -58.804233550226975, -27.654878616565473, 0.0 ], [ -58.777700424006646, -27.660111427101004, 0.0 ], [ -58.65057182236508, -27.602787971795038, 0.0 ] ] ] } },
{ "type": "Feature", "properties": { "loc": "AR006406" }, "geometry": { "type": "Polygon", "coordinates": [ [ [ -61.450096130096014, -36.051654816467924, 0.0 ], [ -61.43510818514487, -36.039039612423551, 0.0 ], [ -61.393024445212028, -36.071975708269143, 0.0 ], [ -61.333000183042088, -36.020843506165889, 0.0 ], [ -61.269458771294751, -36.07064437896436, 0.0 ], [ -61.439693451358025, -36.214344024938974, 0.0 ], [ -61.405708312969047, -36.241691589210987, 0.0 ], [ -61.763351440118583, -36.525142670164264, 0.0 ], [ -61.913024902342208, -36.384853362562652, 0.0 ], [ -61.955112457420057, -36.4044265745475, 0.0 ], [ -62.047916412292466, -36.326347351142253, 0.0 ], [ -62.014942169652286, -36.300628662361802, 0.0 ], [ -61.974433899556317, -36.333621978462197, 0.0 ], [ -61.945339203048803, -36.31595230088088, 0.0 ], [ -61.921482086194658, -36.288642882694539, 0.0 ], [ -61.945255279740032, -36.269042969584397, 0.0 ], [ -61.77200698905375, -36.138473511394579, 0.0 ], [ -61.742000579787977, -36.162307738823927, 0.0 ], [ -61.616207123491954, -36.091670989604204, 0.0 ], [ -61.596580504789053, -36.107170104594523, 0.0 ], [ -61.491321563910851, -36.01934051487774, 0.0 ], [ -61.450096130096014, -36.051654816467924, 0.0 ] ] ] } },
{ "type": "Feature", "properties": { "loc": "AR006294" }, "geometry": { "type": "Polygon", "coordinates": [ [ [ -61.332346720656645, -34.025079978930407, 0.0 ], [ -61.210121154378527, -34.125625610022546, 0.0 ], [ -61.122638702468251, -34.071651459088649, 0.0 ], [ -60.917133331064029, -34.24147796533768, 0.0 ], [ -60.958778380524492, -34.276405334378367, 0.0 ], [ -61.013389587031796, -34.230625153312872, 0.0 ], [ -61.059238434018347, -34.268909453962472, 0.0 ], [ -61.041500092008967, -34.28330230718732, 0.0 ], [ -61.07025527923799, -34.307392120113157, 0.0 ], [ -61.098087310968666, -34.284072875626826, 0.0 ], [ -61.130489349230743, -34.311267852884541, 0.0 ], [ -61.12114334079515, -34.319286345961935, 0.0 ], [ -61.194484711132183, -34.366172791365493, 0.0 ], [ -61.197566985382231, -34.424316406177915, 0.0 ], [ -61.228130341140997, -34.436035155931108, 0.0 ], [ -61.236076354850695, -34.403205872446556, 0.0 ], [ -61.261409759449521, -34.399681091117301, 0.0 ], [ -61.329452514999531, -34.452682495585854, 0.0 ], [ -61.416252135902809, -34.39266586301369, 0.0 ], [ -61.394844054685237, -34.3738060005061, 0.0 ], [ -61.473243713521327, -34.306632996291953, 0.0 ], [ -61.509395599155397, -34.335941314974406, 0.0 ], [ -61.548889160154197, -34.303176879684443, 0.0 ], [ -61.61049652065438, -34.352634430411499, 0.0 ], [ -61.648769573016018, -34.319507930856638, 0.0 ], [ -61.332346720656645, -34.025079978930407, 0.0 ] ] ] } },
{ "type": "Feature", "properties": { "loc": "AR006441" }, "geometry": { "type": "MultiPolygon", "coordinates": [ [ [ [ -58.083774567451549, -34.835044861205681, 0.0 ], [ -57.974422461066105, -34.872348788065231, 0.0 ], [ -57.89609147034863, -34.93041610684832, 0.0 ], [ -57.752731348178877, -34.970687867735549, 0.0 ], [ -58.053695685701911, -35.235553738749417, 0.0 ], [ -58.077144629650533, -35.218852996535759, 0.0 ], [ -58.018520363104813, -35.167541503747948, 0.0 ], [ -58.17793656123451, -35.056266786501631, 0.0 ], [ -58.120338447424352, -35.004272460947412, 0.0 ], [ -58.161937720534581, -34.971969608049193, 0.0 ], [ -58.246540070337723, -35.048282622868975, 0.0 ], [ -58.288566593875167, -35.016925812994494, 0.0 ], [ -58.083774567451549, -34.835044861205681, 0.0 ] ] ], [ [ [ -58.258266263933265, -34.181705961164731, 0.0 ], [ -58.243062350513078, -34.186941178303194, 0.0 ], [ -58.254986100707605, -34.190455545997629, 0.0 ], [ -58.258266263933265, -34.181705961164731, 0.0 ] ] ] ] } },
{ "type": "Feature", "properties": { "loc": "AR006049" }, "geometry": { "type": "Polygon", "coordinates": [ [ [ -59.48680114695722, -36.226093291646976, 0.0 ], [ -59.229621888446545, -36.420940399267622, 0.0 ], [ -59.250091554484015, -36.437294005457233, 0.0 ], [ -59.137962343228637, -36.542419434197377, 0.0 ], [ -59.195533753718664, -36.590579987317973, 0.0 ], [ -59.222484591156203, -36.573474884130576, 0.0 ], [ -59.227313997005709, -36.616191863933672, 0.0 ], [ -59.256050112102933, -36.646347045982338, 0.0 ], [ -59.280292512789188, -36.7647743229996, 0.0 ], [ -59.352195742340101, -36.82531356737497, 0.0 ], [ -59.359790804031242, -36.896568297601128, 0.0 ], [ -59.399265291101614, -36.968791961416407, 0.0 ], [ -59.432853701121765, -36.998123169418321, 0.0 ], [ -59.4370498674595, -37.021041870365437, 0.0 ], [ -59.480121614067691, -37.036094665983683, 0.0 ], [ -59.521610262345611, -37.08230972353001, 0.0 ], [ -59.567295076062955, -37.097187042492777, 0.0 ], [ -59.586544038528828, -37.131992339847656, 0.0 ], [ -59.700088501496879, -37.215923309028938, 0.0 ], [ -59.807132721831387, -37.251262665675057, 0.0 ], [ -59.826957704718687, -37.311515808111189, 0.0 ], [ -59.880470277023413, -37.35537338248426, 0.0 ], [ -59.860691072283004, -37.370758057116078, 0.0 ], [ -59.953319550247805, -37.447067261101061, 0.0 ], [ -60.03726196440558, -37.379936217918114, 0.0 ], [ -59.987586976129982, -37.339481353569241, 0.0 ], [ -60.20733261030135, -37.171554564953624, 0.0 ], [ -60.126346588574535, -37.095050811977366, 0.0 ], [ -60.146282195395813, -37.079933166769251, 0.0 ], [ -60.101806641611688, -37.016143799063862, 0.0 ], [ -60.115951538329945, -37.005405425925595, 0.0 ], [ -60.095588683776384, -36.988349914820219, 0.0 ], [ -60.10493087796528, -36.97827911431397, 0.0 ], [ -60.022891998386136, -36.913684845083488, 0.0 ], [ -60.032592773985321, -36.906574249068456, 0.0 ], [ -60.012565613565229, -36.889949798719897, 0.0 ], [ -60.028274537380263, -36.878452301334129, 0.0 ], [ -60.007984161598763, -36.862281799351948, 0.0 ], [ -60.021575927867353, -36.851264954340706, 0.0 ], [ -60.002040864559909, -36.833801270136306, 0.0 ], [ -60.161224364895055, -36.718383788580439, 0.0 ], [ -60.141571044668652, -36.679050445880478, 0.0 ], [ -60.05776977560496, -36.732505797602542, 0.0 ], [ -59.919517517259827, -36.614444732849265, 0.0 ], [ -60.025794983278523, -36.529762268162891, 0.0 ], [ -59.984821320288347, -36.494888306201652, 0.0 ], [ -59.972988129257629, -36.503536224296283, 0.0 ], [ -59.84299087633385, -36.371955872445689, 0.0 ], [ -59.727390290054686, -36.287940979452024, 0.0 ], [ -59.634113312896375, -36.358882904084048, 0.0 ], [ -59.48680114695722, -36.226093291646976, 0.0 ] ] ] } },
{ "type": "Feature", "properties": { "loc": "AR082105" }, "geometry": { "type": "Polygon", "coordinates": [ [ [ -60.819411622830536, -31.792705902018504, 0.0 ], [ -60.840988729255329, -31.853603482824308, 0.0 ], [ -60.82625912540685, -31.880927657223129, 0.0 ], [ -60.731258165335639, -31.86569870085048, 0.0 ], [ -60.747598197858586, -31.908525331924157, 0.0 ], [ -60.720658844483623, -31.985214958279144, 0.0 ], [ -60.658081055541544, -32.050720214381712, 0.0 ], [ -60.658554914158984, -32.080155449709125, 0.0 ], [ -60.700381850904918, -32.149769021080935, 0.0 ], [ -60.672607421845207, -32.232604980766624, 0.0 ], [ -60.679018277616422, -32.319529222775842, 0.0 ], [ -60.718993223318094, -32.334043934878359, 0.0 ], [ -60.71161689331381, -32.3930545670379, 0.0 ], [ -60.740783691300969, -32.476989746344422, 0.0 ], [ -60.792441250628833, -32.499059968225559, 0.0 ], [ -60.802039761117747, -32.441937711346341, 0.0 ], [ -60.821635051973416, -32.458700490603427, 0.0 ], [ -60.867642836086546, -32.451597732319328, 0.0 ], [ -60.896692850391815, -32.467447953855597, 0.0 ], [ -61.192769181366124, -32.438831998903709, 0.0 ], [ -61.495217760317331, -32.383249907627047, 0.0 ], [ -61.448042540932342, -32.19996014615738, 0.0 ], [ -61.39194232114604, -32.210239431009697, 0.0 ], [ -61.355358447369966, -32.082715307107222, 0.0 ], [ -61.378058049946226, -31.989120781774972, 0.0 ], [ -61.347760263134909, -31.86657192002977, 0.0 ], [ -61.392775886762806, -31.857950995570828, 0.0 ], [ -61.390017243170291, -31.846650218313542, 0.0 ], [ -61.354725899560968, -31.82980417296843, 0.0 ], [ -61.300788482517348, -31.831866224291371, 0.0 ], [ -61.195946392270322, -31.851804428973534, 0.0 ], [ -61.183371272764973, -31.882386541526579, 0.0 ], [ -61.17020988575576, -31.831338188027779, 0.0 ], [ -60.993192299171625, -31.864309877076646, 0.0 ], [ -60.978235523065884, -31.800252049594221, 0.0 ], [ -60.853047770223199, -31.821075654466586, 0.0 ], [ -60.830458182523166, -31.786313546570163, 0.0 ], [ -60.819411622830536, -31.792705902018504, 0.0 ] ] ] } },
{ "type": "Feature", "properties": { "loc": "AR042035" }, "geometry": { "type": "Polygon", "coordinates": [ [ [ -65.116956597128137, -35.97889835887549, 0.0 ], [ -65.11705401492911, -35.801065952227738, 0.0 ], [ -63.93977051618068, -35.81401696530299, 0.0 ], [ -63.942908735709992, -36.265612624892469, 0.0 ], [ -65.056546868768081, -36.254714026947696, 0.0 ], [ -65.050416853304142, -35.980454305442628, 0.0 ], [ -65.116956597128137, -35.97889835887549, 0.0 ] ] ] } },
{ "type": "Feature", "properties": { "loc": "AR034042" }, "geometry": { "type": "Polygon", "coordinates": [ [ [ -58.891536974189336, -24.715035179923138, 0.0 ], [ -58.807361161551071, -24.772408743822499, 0.0 ], [ -58.726992487240352, -24.774331349776247, 0.0 ], [ -58.708565941400252, -24.810518191625082, 0.0 ], [ -58.688749789850519, -24.810175548967873, 0.0 ], [ -58.673502203036158, -24.831514555634037, 0.0 ], [ -58.573583876777761, -24.821025892293079, 0.0 ], [ -58.526185013717949, -24.850816742946861, 0.0 ], [ -58.510899356301842, -24.843507039005182, 0.0 ], [ -58.473703622019435, -24.860905657801119, 0.0 ], [ -58.430016718087842, -24.893304398860806, 0.0 ], [ -58.428627111479884, -24.923437893653073, 0.0 ], [ -58.408339827699614, -24.923057178728449, 0.0 ], [ -58.380523929711437, -24.955132314242096, 0.0 ], [ -58.378353118488022, -25.392969131407501, 0.0 ], [ -58.605171204162595, -25.394346237291394, 0.0 ], [ -58.605098723593898, -25.470651626842592, 0.0 ], [ -59.053630829195441, -25.174020766911479, 0.0 ], [ -58.891178131369315, -25.051959991125649, 0.0 ], [ -58.891536974189336, -24.715035179923138, 0.0 ] ] ] } },
{ "type": "Feature", "properties": { "loc": "AR018147" }, "geometry": { "type": "Polygon", "coordinates": [ [ [ -56.799922942892771, -28.26021385022112, 0.0 ], [ -56.64059829656523, -28.26272582978067, 0.0 ], [ -56.638069152764864, -28.292873382496413, 0.0 ], [ -56.569328307424385, -28.2995223997594, 0.0 ], [ -56.545970917074584, -28.334302901957429, 0.0 ], [ -56.520301818342311, -28.339019775205504, 0.0 ], [ -56.529239654770677, -28.359777450469135, 0.0 ], [ -56.510070801366894, -28.388259887290687, 0.0 ], [ -56.59693145830213, -28.492958068494847, 0.0 ], [ -56.592945098888912, -28.537595749482684, 0.0 ], [ -56.658571243492524, -28.55840969002864, 0.0 ], [ -56.669818877586756, -28.584239959678481, 0.0 ], [ -56.658168792855328, -28.605211257975906, 0.0 ], [ -56.674930572726083, -28.635484695269639, 0.0 ], [ -56.640727997122589, -28.666399002091389, 0.0 ], [ -56.70755386424603, -28.742702485142058, 0.0 ], [ -56.686921913959203, -28.75287143387208, 0.0 ], [ -56.704204558591258, -28.821908950920662, 0.0 ], [ -56.682849884013962, -28.840641974797954, 0.0 ], [ -56.68461608864353, -28.876825333208316, 0.0 ], [ -56.662277221637588, -28.89577293463595, 0.0 ], [ -56.663162231075717, -28.966070175373048, 0.0 ], [ -56.639896392528101, -28.968481063730888, 0.0 ], [ -56.638847350719075, -29.004791260059189, 0.0 ], [ -56.609378814916198, -29.006401061920638, 0.0 ], [ -56.610313415849589, -29.045564651625622, 0.0 ], [ -56.580741882809498, -29.067512511689145, 0.0 ], [ -56.609420776121432, -29.098968505828839, 0.0 ], [ -56.581891606897237, -29.118179621063575, 0.0 ], [ -56.64540975856692, -29.199298542326314, 0.0 ], [ -56.649583922468395, -29.272414817490453, 0.0 ], [ -56.70394449990976, -29.362244031182691, 0.0 ], [ -56.767461892503043, -29.382560861122229, 0.0 ], [ -56.778855881021677, -29.436447523071219, 0.0 ], [ -56.838650684721969, -29.498215952330803, 0.0 ], [ -56.869159698694254, -29.47011947670984, 0.0 ], [ -56.852661133286595, -29.425674438552864, 0.0 ], [ -56.863750457278329, -29.39384841939064, 0.0 ], [ -56.848579406926184, -29.323858260839422, 0.0 ], [ -56.866683959737536, -29.20164299047935, 0.0 ], [ -56.949764251733974, -29.20104980454267, 0.0 ], [ -57.100868225352009, -29.25741767889955, 0.0 ], [ -57.427742004064967, -29.227315902909456, 0.0 ], [ -57.514794349803751, -29.167747497432227, 0.0 ], [ -57.458120345502763, -29.119950294196425, 0.0 ], [ -57.430253027947735, -29.068343163021044, 0.0 ], [ -57.351365089838964, -29.027642727505537, 0.0 ], [ -57.271072387848449, -28.957101821453502, 0.0 ], [ -57.179161071805865, -28.827571868831079, 0.0 ], [ -57.169919966832524, -28.571995734842126, 0.0 ], [ -57.215951920118364, -28.499568939261056, 0.0 ], [ -56.880928040344621, -28.235033035874089, 0.0 ], [ -56.799922942892771, -28.26021385022112, 0.0 ] ] ] } },
{ "type": "Feature", "properties": { "loc": "AR022049" }, "geometry": { "type": "Polygon", "coordinates": [ [ [ -61.330576372996994, -26.660313152174236, 0.0 ], [ -60.990364836543485, -26.663070213941761, 0.0 ], [ -60.992754313876752, -26.843638085181862, 0.0 ], [ -61.007989422193489, -26.84351911628233, 0.0 ], [ -60.883093759260404, -26.928743972921318, 0.0 ], [ -60.851674318917333, -26.891813201675816, 0.0 ], [ -60.817194997527622, -26.904187256183246, 0.0 ], [ -60.817627749237644, -27.144461064956108, 0.0 ], [ -61.216287186895457, -26.871790846262282, 0.0 ], [ -61.191067222449043, -26.842291559615401, 0.0 ], [ -61.335749640462517, -26.841141510677001, 0.0 ], [ -61.330576372996994, -26.660313152174236, 0.0 ] ] ] } },
{ "type": "Feature", "properties": { "loc": "AR006077" }, "geometry": { "type": "Polygon", "coordinates": [ [ [ -60.156345367550301, -33.745391846155002, 0.0 ], [ -60.106712341378248, -33.817646026855265, 0.0 ], [ -60.082542419464076, -33.809516906984612, 0.0 ], [ -60.024295807358747, -33.82662200923685, 0.0 ], [ -59.77945709218158, -34.013206481377843, 0.0 ], [ -59.812282562132616, -34.01430892926809, 0.0 ], [ -59.844429016221653, -34.052516937544056, 0.0 ], [ -59.895957947580605, -34.077781677321937, 0.0 ], [ -59.985923766941021, -34.083984375080846, 0.0 ], [ -59.984638213989058, -34.196945189671297, 0.0 ], [ -60.040069580554125, -34.268520354730732, 0.0 ], [ -60.203006744304574, -34.203273772840106, 0.0 ], [ -60.207172393973792, -34.189025878753647, 0.0 ], [ -60.166564940887291, -34.060726165972653, 0.0 ], [ -60.236801147002545, -34.012233734535563, 0.0 ], [ -60.23150253311384, -33.869209290173742, 0.0 ], [ -60.156345367550301, -33.745391846155002, 0.0 ] ] ] } },
{ "type": "Feature", "properties": { "loc": "AR006364" }, "geometry": { "type": "Polygon", "coordinates": [ [ [ -58.928508760268052, -34.5162315375443, 0.0 ], [ -58.86415481785464, -34.616809845335979, 0.0 ], [ -58.884471894261324, -34.627933502166229, 0.0 ], [ -58.884513857263208, -34.668785094705328, 0.0 ], [ -58.864894867053685, -34.682483673351896, 0.0 ], [ -58.936382296103993, -34.703548431333992, 0.0 ], [ -58.999301911977966, -34.762687682568902, 0.0 ], [ -59.031600951206215, -34.763683318891452, 0.0 ], [ -59.13210678284694, -34.666316986274126, 0.0 ], [ -59.056411744718808, -34.616539000707675, 0.0 ], [ -59.070941927065824, -34.60439300494393, 0.0 ], [ -58.986454011850078, -34.577400207547306, 0.0 ], [ -58.987155915887222, -34.559917449909527, 0.0 ], [ -58.954345704719586, -34.543594360468802, 0.0 ], [ -58.96187973037874, -34.533653258965423, 0.0 ], [ -58.928508760268052, -34.5162315375443, 0.0 ] ] ] } },
{ "type": "Feature", "properties": { "loc": "AR054056" }, "geometry": { "type": "Polygon", "coordinates": [ [ [ -54.245250701999055, -26.699245452918657, 0.0 ], [ -54.258701324071872, -26.737379074195324, 0.0 ], [ -54.245597838872605, -26.800966263714407, 0.0 ], [ -54.139778137254716, -26.746192932008366, 0.0 ], [ -54.131515503339969, -26.802682876832904, 0.0 ], [ -54.104698181604789, -26.808052063340181, 0.0 ], [ -54.108802795242035, -26.830976486516526, 0.0 ], [ -54.085475921560743, -26.840078353855422, 0.0 ], [ -54.101425170765417, -26.854022979918117, 0.0 ], [ -54.081237793119463, -26.860448837403688, 0.0 ], [ -54.080513000008871, -26.880332946719271, 0.0 ], [ -54.050674438259009, -26.87528419470474, 0.0 ], [ -54.0529365542479, -26.894247054571402, 0.0 ], [ -54.028942107444692, -26.89529800392436, 0.0 ], [ -54.014640807747263, -26.92304420494332, 0.0 ], [ -54.03400039684206, -26.929367065016638, 0.0 ], [ -54.019710540783031, -26.954721450486048, 0.0 ], [ -54.033344268256847, -26.974178313992354, 0.0 ], [ -53.995944976629374, -26.975568770704257, 0.0 ], [ -54.000617980398012, -26.999155044681569, 0.0 ], [ -54.020011902204651, -27.003885268921845, 0.0 ], [ -54.003059387541214, -27.017316817893857, 0.0 ], [ -53.984214782835863, -27.005685806088618, 0.0 ], [ -53.970989226470948, -27.040210723590402, 0.0 ], [ -53.938343047674209, -27.023540497029913, 0.0 ], [ -53.947307587422713, -27.050991058311855, 0.0 ], [ -53.923332213649608, -27.031465530127669, 0.0 ], [ -53.911895751886021, -27.056457519983166, 0.0 ], [ -53.888610840308274, -27.045864104770249, 0.0 ], [ -53.904735564623934, -27.069469451908507, 0.0 ], [ -53.892440796742335, -27.079044342195019, 0.0 ], [ -53.907325745354584, -27.086036682158365, 0.0 ], [ -53.879661560241502, -27.099828720065215, 0.0 ], [ -53.926292419428954, -27.112554550093691, 0.0 ], [ -53.899272919262664, -27.123800277849217, 0.0 ], [ -53.934421538539652, -27.130826950289208, 0.0 ], [ -53.93370108429189, -27.156233730931444, 0.0 ], [ -53.958164934068712, -27.157882983607436, 0.0 ], [ -53.962720628641044, -27.19760880442227, 0.0 ], [ -54.010981346164236, -27.201701009220422, 0.0 ], [ -54.020053448388232, -27.246754848235152, 0.0 ], [ -54.080431843511164, -27.298182883321374, 0.0 ], [ -54.154120375874584, -27.296880272996052, 0.0 ], [ -54.157251880497142, -27.261841928579692, 0.0 ], [ -54.176989511206216, -27.257665975536565, 0.0 ], [ -54.21475155781679, -27.38351566762444, 0.0 ], [ -54.262792874408241, -27.398756115647096, 0.0 ], [ -54.267789742396374, -27.437053539856766, 0.0 ], [ -54.289347659010076, -27.44790388251548, 0.0 ], [ -54.326131460039164, -27.407397778911186, 0.0 ], [ -54.299686431598765, -27.406314849928105, 0.0 ], [ -54.319980621626939, -27.388753890544454, 0.0 ], [ -54.292766571522947, -27.378166198936114, 0.0 ], [ -54.321807861390177, -27.374174118274439, 0.0 ], [ -54.300884246995238, -27.360078811669137, 0.0 ], [ -54.320705413839214, -27.349029541071339, 0.0 ], [ -54.328830718703209, -27.289964675751428, 0.0 ], [ -54.367088317346997, -27.252218245788129, 0.0 ], [ -54.356845855834855, -27.233032227245559, 0.0 ], [ -54.513374328753933, -27.258020401031143, 0.0 ], [ -54.523960113791247, -27.244035720396969, 0.0 ], [ -54.513957976770435, -27.224655151206083, 0.0 ], [ -54.52890014626967, -27.207353592253025, 0.0 ], [ -54.507080077899872, -27.190587997273319, 0.0 ], [ -54.518463135718136, -27.174991607968401, 0.0 ], [ -54.497657775547204, -27.174726486227346, 0.0 ], [ -54.491123199303495, -27.106815338160335, 0.0 ], [ -54.496921538798219, -27.085847855230988, 0.0 ], [ -54.540988922371767, -27.085397720528746, 0.0 ], [ -54.607288360569036, -26.931339263469063, 0.0 ], [ -54.563671112004577, -26.916648864733158, 0.0 ], [ -54.567047119182845, -26.890226364030827, 0.0 ], [ -54.523368834586392, -26.852003097568264, 0.0 ], [ -54.542083739632723, -26.831602096934869, 0.0 ], [ -54.436607360641688, -26.733802795162497, 0.0 ], [ -54.267932891631851, -26.640613556121693, 0.0 ], [ -54.194686890038639, -26.664766311803398, 0.0 ], [ -54.216571807788803, -26.694101333889975, 0.0 ], [ -54.245250701999055, -26.699245452918657, 0.0 ] ] ] } },
{ "type": "Feature", "properties": { "loc": "AR082070" }, "geometry": { "type": "Polygon", "coordinates": [ [ [ -60.858885714642184, -30.996191803098384, 0.0 ], [ -60.80429304397245, -31.026867807244148, 0.0 ], [ -60.841175171897603, -31.041825849923413, 0.0 ], [ -60.845176548447434, -31.06338669131835, 0.0 ], [ -60.820226710101906, -31.081479588378187, 0.0 ], [ -60.827664563025053, -31.095331136053556, 0.0 ], [ -60.781609681139891, -31.094512415826919, 0.0 ], [ -60.776111369068587, -31.108733468764019, 0.0 ], [ -60.791877835367458, -31.118544897325506, 0.0 ], [ -60.779894117237852, -31.127737779910408, 0.0 ], [ -60.825721311232769, -31.144086290562594, 0.0 ], [ -60.830540044198365, -31.177341355641701, 0.0 ], [ -60.848768586976817, -31.182421931661487, 0.0 ], [ -60.835950154285193, -31.209605979284447, 0.0 ], [ -60.857863766920474, -31.242565047930277, 0.0 ], [ -60.893327648149786, -31.243292041126942, 0.0 ], [ -60.885273861758812, -31.25208594678827, 0.0 ], [ -60.918117273761027, -31.274071518420289, 0.0 ], [ -60.902901988567663, -31.307580503547896, 0.0 ], [ -60.939873805189102, -31.352041032971858, 0.0 ], [ -60.894849548751303, -31.369588111081921, 0.0 ], [ -60.900405213761928, -31.384458016482728, 0.0 ], [ -60.836375511962103, -31.366777037143546, 0.0 ], [ -60.82932474578984, -31.350003885279733, 0.0 ], [ -60.789072125443944, -31.3539546879427, 0.0 ], [ -60.785905732950695, -31.378352597932988, 0.0 ], [ -60.80806536898946, -31.383426329324291, 0.0 ], [ -60.798909209607693, -31.402232410641364, 0.0 ], [ -60.812100865350409, -31.40617300545993, 0.0 ], [ -60.768591746996712, -31.466792313658175, 0.0 ], [ -60.779374122944049, -31.465059334621074, 0.0 ], [ -60.776285201160903, -31.496660649829789, 0.0 ], [ -60.802185730164886, -31.519121755590337, 0.0 ], [ -60.766106607170528, -31.549942211232107, 0.0 ], [ -60.778141060350769, -31.569023193268798, 0.0 ], [ -60.75810138909371, -31.570281840286452, 0.0 ], [ -60.7673974565894, -31.601958593588904, 0.0 ], [ -60.828859922427533, -31.589725827112279, 0.0 ], [ -60.812767593157666, -31.654533194808948, 0.0 ], [ -60.904621002898708, -31.69720811545092, 0.0 ], [ -60.914483827388622, -31.737595263094814, 0.0 ], [ -60.949980349802097, -31.72976361815639, 0.0 ], [ -60.993109693691366, -31.864302316342997, 0.0 ], [ -61.17020988575576, -31.831338188027779, 0.0 ], [ -61.183371272764973, -31.882386541526579, 0.0 ], [ -61.195946392270322, -31.851804428973534, 0.0 ], [ -61.300788482517348, -31.831866224291371, 0.0 ], [ -61.354725899560968, -31.82980417296843, 0.0 ], [ -61.390017243170291, -31.846650218313542, 0.0 ], [ -61.39758200917845, -31.878353321668378, 0.0 ], [ -61.558839094277204, -31.850132933183335, 0.0 ], [ -61.499352330074359, -31.588328022059205, 0.0 ], [ -61.449992547157237, -31.596946689033107, 0.0 ], [ -61.42925938997557, -31.532857133773568, 0.0 ], [ -61.391598772143738, -31.539273656184101, 0.0 ], [ -61.178513888885959, -30.609689656402388, 0.0 ], [ -60.892471288681001, -30.669304454671561, 0.0 ], [ -60.924807208243244, -30.706384901367592, 0.0 ], [ -60.903808057211002, -30.71220917765373, 0.0 ], [ -60.891424883427341, -30.76308398530449, 0.0 ], [ -60.820377854343391, -30.796592789028345, 0.0 ], [ -60.833798699061198, -30.824305745870799, 0.0 ], [ -60.804208417282787, -30.835033260511491, 0.0 ], [ -60.810848845609698, -30.844243070137107, 0.0 ], [ -60.776054177826026, -30.887527165283025, 0.0 ], [ -60.813486863425879, -30.897368161036457, 0.0 ], [ -60.833425105005887, -30.886496104150314, 0.0 ], [ -60.852844469796324, -30.900657936962162, 0.0 ], [ -60.821680813950614, -30.919211822596164, 0.0 ], [ -60.836216052016027, -30.935052803413367, 0.0 ], [ -60.825705475730928, -30.980242216228504, 0.0 ], [ -60.858885714642184, -30.996191803098384, 0.0 ] ] ] } },
{ "type": "Feature", "properties": { "loc": "AR074028" }, "geometry": { "type": "Polygon", "coordinates": [ [ [ -65.081556539403124, -32.467944050161194, 0.0 ], [ -64.895496159029463, -32.48518045242588, 0.0 ], [ -64.882753390535896, -32.570792422704507, 0.0 ], [ -64.924121391477897, -32.614751052733048, 0.0 ], [ -64.916184817265204, -32.679176869012522, 0.0 ], [ -64.948188566784836, -32.722839977317186, 0.0 ], [ -64.944619376006386, -32.767335896532053, 0.0 ], [ -64.970674472731417, -32.805050354474666, 0.0 ], [ -64.965165691693812, -32.865161215860219, 0.0 ], [ -64.995539839795853, -32.949959525577938, 0.0 ], [ -65.071022606022339, -32.968070821205465, 0.0 ], [ -65.064428414881419, -32.942119685185567, 0.0 ], [ -65.126716768435571, -32.94900783854294, 0.0 ], [ -65.170050406288425, -32.926011269629271, 0.0 ], [ -65.358065832435756, -32.908270966801823, 0.0 ], [ -65.379779682209744, -32.943613245081274, 0.0 ], [ -65.435872829559784, -32.969648788516643, 0.0 ], [ -65.479038867831761, -32.959840166722223, 0.0 ], [ -65.57801319947383, -33.012176386525567, 0.0 ], [ -65.56587052355637, -32.942925211578817, 0.0 ], [ -65.508902098217661, -32.901444111434017, 0.0 ], [ -65.512734131556655, -32.85706982326127, 0.0 ], [ -65.494321990202124, -32.845916768676098, 0.0 ], [ -65.490441017544768, -32.774483451602876, 0.0 ], [ -65.452793588777936, -32.758423155062189, 0.0 ], [ -65.468098595905246, -32.707108062449876, 0.0 ], [ -65.444968521543146, -32.690779764857325, 0.0 ], [ -65.428895608459811, -32.629794887699816, 0.0 ], [ -65.406416818966918, -32.617786798483827, 0.0 ], [ -65.406015240593874, -32.533074055458087, 0.0 ], [ -65.348566822042656, -32.552601538054859, 0.0 ], [ -65.300140845948206, -32.527541695649298, 0.0 ], [ -65.261012677386177, -32.546777492229118, 0.0 ], [ -65.222451030459752, -32.484629280064659, 0.0 ], [ -65.084796513799617, -32.498862343846376, 0.0 ], [ -65.081556539403124, -32.467944050161194, 0.0 ] ] ] } },
{ "type": "Feature", "properties": { "loc": "AR086084" }, "geometry": { "type": "Polygon", "coordinates": [ [ [ -64.703689214460766, -27.656494234181533, 0.0 ], [ -64.709423387294763, -27.825808983368464, 0.0 ], [ -64.652470509098663, -27.835954525813708, 0.0 ], [ -64.659753692791142, -27.887897938514769, 0.0 ], [ -64.557925545543753, -27.892422859182936, 0.0 ], [ -64.56639982703102, -27.93236809414525, 0.0 ], [ -64.545860485863486, -27.93611397214551, 0.0 ], [ -64.582378944320581, -28.09226438219207, 0.0 ], [ -64.604273988778942, -28.088573807266521, 0.0 ], [ -64.620992265037103, -28.165943553324091, 0.0 ], [ -64.757390606350015, -28.141792412614215, 0.0 ], [ -64.785271753468848, -28.162214172220629, 0.0 ], [ -64.832008782743088, -28.152718666035415, 0.0 ], [ -64.854453254795501, -28.247286591828843, 0.0 ], [ -64.937769940255592, -28.230875417903892, 0.0 ], [ -64.948262257384215, -28.273074765063715, 0.0 ], [ -65.109035894349873, -28.240917000057287, 0.0 ], [ -65.178229714274039, -27.916016439988486, 0.0 ], [ -65.159074491906395, -27.877203862589791, 0.0 ], [ -65.107139646904841, -27.893158294725172, 0.0 ], [ -65.038968090011068, -27.879238448115203, 0.0 ], [ -65.016482184064472, -27.791138905907999, 0.0 ], [ -65.028141543002889, -27.75271061087393, 0.0 ], [ -64.986025084630782, -27.741646117959519, 0.0 ], [ -64.990971764642296, -27.724142475660624, 0.0 ], [ -64.971280601986237, -27.710420656332229, 0.0 ], [ -64.918439934479736, -27.694930756517028, 0.0 ], [ -64.890144289417464, -27.708567843753105, 0.0 ], [ -64.811730129077731, -27.655700252991856, 0.0 ], [ -64.819749616892835, -27.694875332265624, 0.0 ], [ -64.770964545551777, -27.703540645866497, 0.0 ], [ -64.760370956849599, -27.647449023842455, 0.0 ], [ -64.703689214460766, -27.656494234181533, 0.0 ] ] ] } },
{ "type": "Feature", "properties": { "loc": "AR086028" }, "geometry": { "type": "Polygon", "coordinates": [ [ [ -63.533895175051917, -28.254216381958386, 0.0 ], [ -63.467341039318768, -28.255242440368445, 0.0 ], [ -63.459686476816479, -28.212364648723856, 0.0 ], [ -63.333948877764819, -28.329881509400316, 0.0 ], [ -63.23093379012581, -28.349337881790508, 0.0 ], [ -63.228288172562323, -28.32732814380261, 0.0 ], [ -63.109665620429723, -28.327233836582462, 0.0 ], [ -63.040787421783996, -28.40759752385344, 0.0 ], [ -62.920707256084853, -28.455118747162235, 0.0 ], [ -62.878938627187388, -28.507301452183654, 0.0 ], [ -62.887616851396949, -28.560145439966377, 0.0 ], [ -62.753372526404917, -28.632442483519768, 0.0 ], [ -62.714213291405422, -28.709124018784756, 0.0 ], [ -62.697971254300178, -28.793795881350945, 0.0 ], [ -62.672356276368809, -28.809711144276491, 0.0 ], [ -62.682336000423277, -28.815657267635856, 0.0 ], [ -62.658375933044312, -28.810299930418779, 0.0 ], [ -62.675952158789286, -28.819850110635244, 0.0 ], [ -62.653429784835431, -28.861173108164881, 0.0 ], [ -62.894550985702644, -28.862979465431238, 0.0 ], [ -62.894522023119563, -28.891656794221134, 0.0 ], [ -63.068069550711812, -28.891836068756433, 0.0 ], [ -63.067841112728317, -28.811572307519203, 0.0 ], [ -63.110841068673935, -28.811699299346749, 0.0 ], [ -63.110832954191991, -28.765396703750323, 0.0 ], [ -63.242430294384675, -28.740576454732153, 0.0 ], [ -63.227010121441303, -28.63716131092896, 0.0 ], [ -63.313402509076816, -28.636989038818239, 0.0 ], [ -63.313371944797588, -28.607075566809819, 0.0 ], [ -63.353968933409334, -28.606975668160722, 0.0 ], [ -63.353902719488055, -28.587211640097639, 0.0 ], [ -63.392603809201084, -28.604559905831884, 0.0 ], [ -63.383740073003885, -28.555586295993187, 0.0 ], [ -63.46701398877498, -28.542476615588953, 0.0 ], [ -63.475131582500566, -28.576439810088722, 0.0 ], [ -63.523657972277462, -28.568908185466679, 0.0 ], [ -63.530798495417969, -28.595144897867087, 0.0 ], [ -63.601376613805094, -28.626492838335842, 0.0 ], [ -63.635333346566462, -28.60842319558569, 0.0 ], [ -63.699556146626477, -28.545765175295969, 0.0 ], [ -63.689849840998434, -28.518852180139771, 0.0 ], [ -63.714804378431204, -28.529789180232935, 0.0 ], [ -63.776906349530215, -28.479419064952197, 0.0 ], [ -63.766964313395185, -28.446122228055614, 0.0 ], [ -63.781808666241439, -28.450558001170574, 0.0 ], [ -63.786460123019666, -28.435725355955977, 0.0 ], [ -63.694057069190571, -28.379495598585383, 0.0 ], [ -63.711098393997936, -28.371614909214671, 0.0 ], [ -63.709886077097828, -28.348398746185271, 0.0 ], [ -63.635768556965424, -28.351237518406212, 0.0 ], [ -63.611537045657037, -28.254620298835295, 0.0 ], [ -63.628522347031726, -28.251809404228883, 0.0 ], [ -63.616830204975344, -28.198956302211137, 0.0 ], [ -63.580860817481145, -28.205035708444015, 0.0 ], [ -63.58606000763082, -28.234648111981407, 0.0 ], [ -63.533895175051917, -28.254216381958386, 0.0 ] ] ] } },
{ "type": "Feature", "properties": { "loc": "AR022043" }, "geometry": { "type": "Polygon", "coordinates": [ [ [ -60.90988229627893, -27.795892998056829, 0.0 ], [ -60.909991133463812, -27.999427393788661, 0.0 ], [ -61.711256374297896, -27.999420650261083, 0.0 ], [ -61.711241645520502, -27.716188015812644, 0.0 ], [ -61.569968348383306, -27.716732780075802, 0.0 ], [ -61.569607557117429, -27.79680352028463, 0.0 ], [ -61.241347959093744, -27.795672038706648, 0.0 ], [ -61.241255479331876, -27.707211288629864, 0.0 ], [ -61.130396131952018, -27.706838568317664, 0.0 ], [ -61.130109292695273, -27.636832760506095, 0.0 ], [ -61.014341161632494, -27.636715544541747, 0.0 ], [ -61.014253710639579, -27.79557238458473, 0.0 ], [ -60.90988229627893, -27.795892998056829, 0.0 ] ] ] } },
{ "type": "Feature", "properties": { "loc": "AR066028" }, "geometry": { "type": "Polygon", "coordinates": [ [ [ -65.581355553066601, -24.64454754056889, 0.0 ], [ -65.445185956961026, -24.713417621080847, 0.0 ], [ -65.220124163006844, -24.7159700420404, 0.0 ], [ -65.287946357001786, -24.729626426651624, 0.0 ], [ -65.292867113430844, -24.775078725798622, 0.0 ], [ -65.081013850970322, -24.747703778115159, 0.0 ], [ -65.01888744928884, -24.805503250497651, 0.0 ], [ -65.096125194797096, -24.914313941867359, 0.0 ], [ -65.097082944417053, -24.976942304350629, 0.0 ], [ -65.065472656991872, -24.999101930072563, 0.0 ], [ -65.076387881193327, -25.095323428966214, 0.0 ], [ -65.156152450153584, -25.112276061464328, 0.0 ], [ -65.169402189165936, -25.1756101934375, 0.0 ], [ -65.19235319425762, -25.185502046152809, 0.0 ], [ -65.21424772128637, -25.239397359777186, 0.0 ], [ -65.262416277949626, -25.284320986027154, 0.0 ], [ -65.298592498944728, -25.298822192291759, 0.0 ], [ -65.278419962365575, -25.258064902797376, 0.0 ], [ -65.287950478472325, -25.245070920480465, 0.0 ], [ -65.271651772045701, -25.220981194732737, 0.0 ], [ -65.275394098722117, -25.183677444148351, 0.0 ], [ -65.227657478996932, -25.142765721310621, 0.0 ], [ -65.305691281865563, -25.060155830740701, 0.0 ], [ -65.32355414115311, -25.000423597904298, 0.0 ], [ -65.317011887906958, -24.95119216341385, 0.0 ], [ -65.350514602242299, -24.907036251432299, 0.0 ], [ -65.342763664883066, -24.862338107861731, 0.0 ], [ -65.393352219141335, -24.850377356217287, 0.0 ], [ -65.544866012276827, -24.876442262718964, 0.0 ], [ -65.538625500439679, -24.833533412463144, 0.0 ], [ -65.586859951223957, -24.810983319242226, 0.0 ], [ -65.59626468612295, -24.775538988955059, 0.0 ], [ -65.581355553066601, -24.64454754056889, 0.0 ] ] ] } },
{ "type": "Feature", "properties": { "loc": "AR022007" }, "geometry": { "type": "Polygon", "coordinates": [ [ [ -62.219306747120996, -24.832197988727245, 0.0 ], [ -62.236556599651912, -25.466957897167628, 0.0 ], [ -61.393634206355522, -25.471418539924528, 0.0 ], [ -61.394233465295038, -25.562398475336956, 0.0 ], [ -61.197173753256507, -25.565118385761306, 0.0 ], [ -61.204129752556184, -26.11099320794521, 0.0 ], [ -60.800573415028339, -26.116715742516714, 0.0 ], [ -60.805932390314226, -26.420892095190059, 0.0 ], [ -60.789883144245373, -26.426670666499454, 0.0 ], [ -60.901737621940775, -26.679277088453578, 0.0 ], [ -60.930197911126648, -26.66357130179593, 0.0 ], [ -61.711186435961451, -26.654488429936958, 0.0 ], [ -61.711134445964383, -25.6546690218286, 0.0 ], [ -63.422473701493132, -25.649034457804209, 0.0 ], [ -62.72002019992965, -24.832300991705313, 0.0 ], [ -62.219306747120996, -24.832197988727245, 0.0 ] ] ] } },
{ "type": "Feature", "properties": { "loc": "AR082077" }, "geometry": { "type": "Polygon", "coordinates": [ [ [ -60.644412636029763, -28.000665599666025, 0.0 ], [ -60.644588832487919, -28.100226479317055, 0.0 ], [ -60.747743596475516, -28.099319022078685, 0.0 ], [ -60.748572937315494, -28.221641368444182, 0.0 ], [ -60.829864545240696, -28.273558280946734, 0.0 ], [ -60.89839914008688, -28.582098458800562, 0.0 ], [ -61.082809434759554, -29.635043366956911, 0.0 ], [ -61.12282219414481, -29.567631169472971, 0.0 ], [ -61.201707146253575, -29.551972488573966, 0.0 ], [ -61.202160245703091, -29.539993280868185, 0.0 ], [ -61.236707400676544, -29.545887056208738, 0.0 ], [ -61.282400605556965, -29.516354368898092, 0.0 ], [ -61.353687594416215, -29.839635000804229, 0.0 ], [ -61.747212423606747, -29.775346909941934, 0.0 ], [ -61.906989265678661, -29.778501143266055, 0.0 ], [ -61.942139314175243, -29.740619054885752, 0.0 ], [ -61.92792338497253, -29.662062004304662, 0.0 ], [ -61.99225835137387, -29.661597310787943, 0.0 ], [ -61.711256374297896, -27.999420650261083, 0.0 ], [ -60.644412636029763, -28.000665599666025, 0.0 ] ] ] } },
{ "type": "Feature", "properties": { "loc": "AR066091" }, "geometry": { "type": "Polygon", "coordinates": [ [ [ -66.184288940757384, -23.414607549335983, 0.0 ], [ -65.999116634873602, -23.514770216912538, 0.0 ], [ -65.987219330182725, -23.509654375473112, 0.0 ], [ -66.016547673105734, -23.918078496750653, 0.0 ], [ -65.990907493837398, -23.981739431333573, 0.0 ], [ -65.956284229101499, -23.966103444790388, 0.0 ], [ -65.936298864596637, -23.975076940303961, 0.0 ], [ -66.007817618799209, -24.002152676816557, 0.0 ], [ -66.035747468979494, -23.995562259581227, 0.0 ], [ -66.02307302814306, -24.042129303926416, 0.0 ], [ -66.033022286732972, -24.077541007027754, 0.0 ], [ -66.105937394789606, -24.147704844618282, 0.0 ], [ -66.099827114414126, -24.230653869374539, 0.0 ], [ -66.14157892595118, -24.271227172060573, 0.0 ], [ -66.155531847303337, -24.309144148264508, 0.0 ], [ -66.149917221369051, -24.354005241666073, 0.0 ], [ -66.19355725300575, -24.433225098149752, 0.0 ], [ -66.150867381123163, -24.43080882486688, 0.0 ], [ -66.127986802153117, -24.495598963197029, 0.0 ], [ -66.126703401564583, -24.708066997218292, 0.0 ], [ -66.097169804378922, -24.793775529915678, 0.0 ], [ -66.107618488537568, -24.863220918953175, 0.0 ], [ -66.094145158850978, -24.897646303084858, 0.0 ], [ -66.128687257207716, -24.929725137362897, 0.0 ], [ -66.189109663491351, -24.93727924289151, 0.0 ], [ -66.260707967105603, -24.857007299628076, 0.0 ], [ -66.329833142267333, -24.862694316254583, 0.0 ], [ -66.404569535155176, -24.832187780875081, 0.0 ], [ -66.42618881748254, -24.731548697538543, 0.0 ], [ -66.408601247812143, -24.699630063343168, 0.0 ], [ -66.415030562165811, -24.66738874497516, 0.0 ], [ -66.367718966842588, -24.607145205686145, 0.0 ], [ -66.360639185984937, -24.538660371231728, 0.0 ], [ -66.401979215185634, -24.474410589650791, 0.0 ], [ -66.411314928029753, -24.417259425878761, 0.0 ], [ -66.487824754290259, -24.377092401918997, 0.0 ], [ -66.509960111561838, -24.295203045423552, 0.0 ], [ -66.502094840226505, -24.242701557675186, 0.0 ], [ -66.236525456201022, -24.437775103214928, 0.0 ], [ -66.154788344082021, -24.0161132895424, 0.0 ], [ -66.360713261961592, -23.92053790827703, 0.0 ], [ -66.355506050754727, -23.884598335684572, 0.0 ], [ -66.378943740609472, -23.829513813140611, 0.0 ], [ -66.354965020611942, -23.825884738039868, 0.0 ], [ -66.376856061279057, -23.748909176816916, 0.0 ], [ -66.370074598350868, -23.695252330957548, 0.0 ], [ -66.330237345517631, -23.66019086167864, 0.0 ], [ -66.317607484475502, -23.575684418038346, 0.0 ], [ -66.265854207857487, -23.563549166943826, 0.0 ], [ -66.241464734094606, -23.495853502470304, 0.0 ], [ -66.183048967424625, -23.437437735968594, 0.0 ], [ -66.184288940757384, -23.414607549335983, 0.0 ] ] ] } },
{ "type": "Feature", "properties": { "loc": "AR014161" }, "geometry": { "type": "Polygon", "coordinates": [ [ [ -63.244447326607876, -31.924843011639112, 0.0 ], [ -63.211629748356593, -32.009608300615923, 0.0 ], [ -63.182637447215065, -32.00134941777327, 0.0 ], [ -63.125630216452727, -31.947395691207102, 0.0 ], [ -63.083484110981288, -31.952208217119065, 0.0 ], [ -63.097011915405005, -32.005466729996535, 0.0 ], [ -63.115946826847548, -32.000936692355467, 0.0 ], [ -63.185919831974438, -32.095959268236193, 0.0 ], [ -63.201318810965297, -32.048266857951987, 0.0 ], [ -63.358698465463853, -32.087908297052245, 0.0 ], [ -63.407281971923162, -32.084361664554542, 0.0 ], [ -63.447723910418546, -32.103725787533641, 0.0 ], [ -63.371241466604545, -32.191024108299729, 0.0 ], [ -63.459314701849635, -32.247409763748159, 0.0 ], [ -63.516175356303705, -32.222389805364777, 0.0 ], [ -63.525838035249997, -32.258213989567061, 0.0 ], [ -63.542777338390565, -32.261906058527991, 0.0 ], [ -63.572436543409118, -32.378820039382425, 0.0 ], [ -63.498892326294403, -32.392853110834345, 0.0 ], [ -63.581384011573967, -32.70313956081484, 0.0 ], [ -63.560294278920061, -32.707101117407774, 0.0 ], [ -63.576771558747069, -32.769391280695963, 0.0 ], [ -63.55024982765611, -32.822658617473444, 0.0 ], [ -63.721517632279891, -32.790689718414427, 0.0 ], [ -63.699917181335813, -32.709767980626275, 0.0 ], [ -63.907448059669605, -32.700378770677347, 0.0 ], [ -63.977397192067819, -32.73768747991312, 0.0 ], [ -63.973418722557732, -32.72321711541543, 0.0 ], [ -64.044013062722229, -32.750362892690589, 0.0 ], [ -63.97793603571121, -32.475562434911666, 0.0 ], [ -63.944125468728039, -32.458715098376231, 0.0 ], [ -63.920393966893315, -32.374520696997166, 0.0 ], [ -63.988601618993535, -32.360895640228229, 0.0 ], [ -63.986210694474345, -32.327626239671567, 0.0 ], [ -64.089423236304384, -32.308126293134876, 0.0 ], [ -64.245859451345481, -32.30822295085931, 0.0 ], [ -64.245374955776754, -32.349778004436018, 0.0 ], [ -64.260244005106813, -32.349630306029397, 0.0 ], [ -64.26087573365227, -32.318292903916735, 0.0 ], [ -64.293490581008527, -32.312183303645014, 0.0 ], [ -64.293956872218018, -32.188194521794308, 0.0 ], [ -64.263722307938068, -32.158587421787189, 0.0 ], [ -64.277539200101685, -32.141072789474052, 0.0 ], [ -64.241407551714332, -32.004466521654955, 0.0 ], [ -64.084511770252007, -32.004652789765359, 0.0 ], [ -64.084101465644295, -31.950585976896754, 0.0 ], [ -63.973793688340464, -31.95175111858352, 0.0 ], [ -63.974445255280664, -31.998013884152115, 0.0 ], [ -63.919286859780968, -32.009833262694855, 0.0 ], [ -63.918953982764222, -31.986993278508312, 0.0 ], [ -63.699783039507679, -31.988379897084808, 0.0 ], [ -63.699694000293356, -32.035456901010775, 0.0 ], [ -63.677877685084823, -32.035053912967378, 0.0 ], [ -63.67761272609345, -31.999059307731503, 0.0 ], [ -63.658898051015846, -32.020754858612818, 0.0 ], [ -63.5700116913183, -31.964225291609242, 0.0 ], [ -63.554991005469972, -31.981376000479642, 0.0 ], [ -63.424387867633143, -31.983982679344944, 0.0 ], [ -63.348103511322456, -31.963837519238862, 0.0 ], [ -63.342522454532016, -31.941777181572498, 0.0 ], [ -63.244447326607876, -31.924843011639112, 0.0 ] ] ] } },
{ "type": "Feature", "properties": { "loc": "AR030091" }, "geometry": { "type": "Polygon", "coordinates": [ [ [ -59.283613057083514, -31.916591809011109, 0.0 ], [ -59.177462797000629, -31.959365154916146, 0.0 ], [ -59.151230657604437, -31.985556038913582, 0.0 ], [ -59.080349797085127, -31.991199966319282, 0.0 ], [ -59.080793103999746, -32.028083323942134, 0.0 ], [ -59.059236922032859, -32.052823408566937, 0.0 ], [ -59.062535246498634, -32.069967915854882, 0.0 ], [ -59.098879650979555, -32.089683096378984, 0.0 ], [ -59.07081450643264, -32.119375831145462, 0.0 ], [ -59.095339356308841, -32.1288203710101, 0.0 ], [ -59.076921265412189, -32.177828172332191, 0.0 ], [ -59.102461728989049, -32.198095073597173, 0.0 ], [ -59.112485368982803, -32.235504971320573, 0.0 ], [ -59.083996006721087, -32.250650410934895, 0.0 ], [ -59.073624294707571, -32.311963185756682, 0.0 ], [ -59.095917001782624, -32.329666850911224, 0.0 ], [ -59.08375955127368, -32.342277399195353, 0.0 ], [ -59.102580875240122, -32.34776858026391, 0.0 ], [ -59.082153396783347, -32.362118137044405, 0.0 ], [ -59.093656719255222, -32.37369885276761, 0.0 ], [ -59.08344587305119, -32.385896530546113, 0.0 ], [ -59.105056200073506, -32.403820454625901, 0.0 ], [ -59.086826279279421, -32.425874087114771, 0.0 ], [ -59.113659396092238, -32.455430600205872, 0.0 ], [ -59.095413384674771, -32.466052055377553, 0.0 ], [ -59.106454622747655, -32.485034100781803, 0.0 ], [ -59.096121838328649, -32.505929155146333, 0.0 ], [ -59.111297859957588, -32.515539174645077, 0.0 ], [ -59.105646827101459, -32.533384774005263, 0.0 ], [ -59.116777651462677, -32.530918303189253, 0.0 ], [ -59.09565937394229, -32.54325195719413, 0.0 ], [ -59.108928286596075, -32.564507554313778, 0.0 ], [ -59.087649017502059, -32.574298252809982, 0.0 ], [ -59.108396202775204, -32.589028091614814, 0.0 ], [ -59.093726775270952, -32.592216591683389, 0.0 ], [ -59.102170526614962, -32.615327868879021, 0.0 ], [ -59.090957795662781, -32.624005333805385, 0.0 ], [ -59.107610273021336, -32.666269242521039, 0.0 ], [ -59.125890382690336, -32.663936261352433, 0.0 ], [ -59.12555150941909, -32.70766364290246, 0.0 ], [ -59.143024730740336, -32.713144277266139, 0.0 ], [ -59.414841764616213, -32.639665417979948, 0.0 ], [ -59.404734250721013, -32.599744850378229, 0.0 ], [ -59.455266212014706, -32.556832688837439, 0.0 ], [ -59.460325008061879, -32.523893319913356, 0.0 ], [ -59.439349073089858, -32.489497762793, 0.0 ], [ -59.47583873784717, -32.426955348048978, 0.0 ], [ -59.441411260927438, -32.355171379066078, 0.0 ], [ -59.495834550657094, -32.338838781019106, 0.0 ], [ -59.462561651422597, -32.284860240044559, 0.0 ], [ -59.482911780441846, -32.268686078882816, 0.0 ], [ -59.456605597408384, -32.140535778973017, 0.0 ], [ -59.474854195973855, -32.126417127635548, 0.0 ], [ -59.370445835702206, -32.023029678554991, 0.0 ], [ -59.341905169756316, -31.941176979779502, 0.0 ], [ -59.283613057083514, -31.916591809011109, 0.0 ] ] ] } },
{ "type": "Feature", "properties": { "loc": "AR038035" }, "geometry": { "type": "Polygon", "coordinates": [ [ [ -64.684842125913661, -23.451424264934506, 0.0 ], [ -64.656734744378738, -23.482821253347705, 0.0 ], [ -64.533651177409823, -23.520190686840834, 0.0 ], [ -64.535435773248196, -23.53744177942189, 0.0 ], [ -64.495621441827723, -23.567256425098421, 0.0 ], [ -64.478959982214661, -23.608513247698284, 0.0 ], [ -64.429507158088612, -23.638041238579799, 0.0 ], [ -64.462014184254599, -23.652981545569499, 0.0 ], [ -64.484765310602299, -23.700612566498368, 0.0 ], [ -64.568365186362456, -23.730259093328613, 0.0 ], [ -64.572274025658217, -23.788499391299077, 0.0 ], [ -64.590604954819497, -23.818693135448289, 0.0 ], [ -64.611111170610954, -23.815994046848061, 0.0 ], [ -64.611785730829155, -23.847613229077346, 0.0 ], [ -64.644745372252714, -23.877322967420437, 0.0 ], [ -64.660060554597237, -23.913385823378015, 0.0 ], [ -64.647681570556088, -23.92615900683705, 0.0 ], [ -64.665012017239334, -23.931503101797649, 0.0 ], [ -64.66135310991686, -23.973383614749761, 0.0 ], [ -64.674211364925014, -23.982432116838968, 0.0 ], [ -64.664027079209006, -23.99241312116105, 0.0 ], [ -64.68918564829734, -23.993785220390965, 0.0 ], [ -64.693554897532437, -24.013995011569449, 0.0 ], [ -64.679538806649504, -24.015897626913844, 0.0 ], [ -64.696011013690097, -24.041492713060922, 0.0 ], [ -64.783564343574625, -24.094520245066967, 0.0 ], [ -64.844108053862669, -24.078915102357335, 0.0 ], [ -64.852565634770457, -24.050174414753165, 0.0 ], [ -64.919369336862573, -24.010651648259419, 0.0 ], [ -65.073253932254886, -24.015447214503062, 0.0 ], [ -65.10987276486857, -24.032541260006912, 0.0 ], [ -65.13660065931721, -23.974285603301855, 0.0 ], [ -65.223007010365507, -23.998251615910966, 0.0 ], [ -65.219119248241228, -23.972494659544243, 0.0 ], [ -65.182089925966878, -23.951090818353382, 0.0 ], [ -65.181792173976064, -23.925105742715413, 0.0 ], [ -65.291449394944394, -23.861421507337237, 0.0 ], [ -65.295914637252437, -23.819497382341186, 0.0 ], [ -65.271326395961594, -23.828183725664477, 0.0 ], [ -65.232740106450265, -23.790473449912533, 0.0 ], [ -65.207129653333013, -23.786302149674057, 0.0 ], [ -65.096746868499594, -23.856642949351958, 0.0 ], [ -65.102429669377415, -23.786228829747817, 0.0 ], [ -65.087896492047278, -23.737969847124553, 0.0 ], [ -65.014912829059739, -23.69902103389466, 0.0 ], [ -64.924454719448903, -23.733410628624085, 0.0 ], [ -64.911903525672841, -23.721591512246746, 0.0 ], [ -64.920148802339654, -23.706414681899684, 0.0 ], [ -64.899298781526056, -23.67170784012465, 0.0 ], [ -64.894170345383088, -23.598530797171843, 0.0 ], [ -64.859555187044336, -23.583327926702985, 0.0 ], [ -64.845197041057403, -23.486752063857327, 0.0 ], [ -64.78642435575874, -23.494485313036567, 0.0 ], [ -64.684842125913661, -23.451424264934506, 0.0 ] ] ] } },
{ "type": "Feature", "properties": { "loc": "AR042007" }, "geometry": { "type": "Polygon", "coordinates": [ [ [ -63.38399859915949, -36.807848014930734, 0.0 ], [ -63.383911804835044, -37.2589384763289, 0.0 ], [ -64.174235295115665, -37.256869537799439, 0.0 ], [ -64.169898519978091, -36.805551925411841, 0.0 ], [ -63.38399859915949, -36.807848014930734, 0.0 ] ] ] } },
{ "type": "Feature", "properties": { "loc": "AR018105" }, "geometry": { "type": "Polygon", "coordinates": [ [ [ -57.169919966832524, -28.571995734842126, 0.0 ], [ -57.164649963387298, -28.650693894096175, 0.0 ], [ -57.182285309057775, -28.833957671659473, 0.0 ], [ -57.271072387848449, -28.957101821453502, 0.0 ], [ -57.351365089838964, -29.027642727505537, 0.0 ], [ -57.430253027947735, -29.068343163021044, 0.0 ], [ -57.458120345502763, -29.119950294196425, 0.0 ], [ -57.502166112017314, -29.149466991714654, 0.0 ], [ -57.546610905689519, -29.212749480570864, 0.0 ], [ -57.53903884895449, -29.259152602434654, 0.0 ], [ -57.580609003174771, -29.329974650922658, 0.0 ], [ -57.528896331305923, -29.373438834833173, 0.0 ], [ -57.538782437433049, -29.397828681132594, 0.0 ], [ -57.521644591343339, -29.403609275987542, 0.0 ], [ -57.536397934071516, -29.439542769853485, 0.0 ], [ -57.503208160441844, -29.44924926765442, 0.0 ], [ -57.521903991559732, -29.465908051622872, 0.0 ], [ -57.507991789941102, -29.565937042627709, 0.0 ], [ -57.54210535687298, -29.594398498155449, 0.0 ], [ -57.557991027813429, -29.673383713085961, 0.0 ], [ -57.599037170473977, -29.674530030727475, 0.0 ], [ -57.587932586800513, -29.689018249749004, 0.0 ], [ -57.60653877234126, -29.705098152070935, 0.0 ], [ -57.613100051905107, -29.744413374905974, 0.0 ], [ -57.645803450690508, -29.717473983485462, 0.0 ], [ -57.693061828918012, -29.713754653792421, 0.0 ], [ -57.733898162857415, -29.741983413698907, 0.0 ], [ -57.755852698245469, -29.714570999048142, 0.0 ], [ -57.804542541878185, -29.710355759219333, 0.0 ], [ -57.872224807996268, -29.630085945285575, 0.0 ], [ -57.868236541459702, -29.605377197822772, 0.0 ], [ -57.897861481140062, -29.549318312889657, 0.0 ], [ -57.952434540688841, -29.535778999181169, 0.0 ], [ -58.015390395499693, -29.480959256563768, 0.0 ], [ -58.056646346881365, -29.480290411431362, 0.0 ], [ -58.114810943699588, -29.440738132356334, 0.0 ], [ -58.149265288331137, -29.440120697048016, 0.0 ], [ -58.307767866579248, -29.25255012475715, 0.0 ], [ -58.370647431066274, -29.22995376577185, 0.0 ], [ -58.390541077580643, -29.189208031218865, 0.0 ], [ -58.44257545411903, -29.171858787196758, 0.0 ], [ -58.492069245015301, -29.105501174818212, 0.0 ], [ -58.53596191345261, -29.094720840488936, 0.0 ], [ -58.533376694117258, -29.066374460389373, 0.0 ], [ -58.559449513704536, -29.046730676697813, 0.0 ], [ -58.601367950150362, -29.046239852893486, 0.0 ], [ -58.571681976234643, -29.026613236104804, 0.0 ], [ -58.560707091321923, -28.985103608063561, 0.0 ], [ -58.533954621662041, -28.988815306806558, 0.0 ], [ -58.53298568711849, -28.965242385706599, 0.0 ], [ -58.497879028148439, -28.938715934437184, 0.0 ], [ -58.502212524435215, -28.924343108585209, 0.0 ], [ -58.478992462237848, -28.931415557901076, 0.0 ], [ -58.462127685129886, -28.916213988944847, 0.0 ], [ -58.420856475863104, -28.931234360288755, 0.0 ], [ -58.381015777990747, -28.916334151981115, 0.0 ], [ -58.377727508367968, -28.892904281004466, 0.0 ], [ -58.343109130467205, -28.882126807376547, 0.0 ], [ -58.337837219000342, -28.859594345165405, 0.0 ], [ -58.305389404387995, -28.839204788328029, 0.0 ], [ -58.305587768572401, -28.795642853225889, 0.0 ], [ -58.28156280510067, -28.769304275413504, 0.0 ], [ -58.183715820512617, -28.747056961632826, 0.0 ], [ -58.110969543627121, -28.700351714962114, 0.0 ], [ -58.106304169250194, -28.712961197020984, 0.0 ], [ -57.939792633238746, -28.703723907199596, 0.0 ], [ -57.612274170477299, -28.595653533453969, 0.0 ], [ -57.329387665377489, -28.573657989777967, 0.0 ], [ -57.215951920118364, -28.499568939261056, 0.0 ], [ -57.169919966832524, -28.571995734842126, 0.0 ] ] ] } },
{ "type": "Feature", "properties": { "loc": "AR038042" }, "geometry": { "type": "Polygon", "coordinates": [ [ [ -65.053876375956079, -24.01442453761485, 0.0 ], [ -65.048971569114897, -24.180411422891122, 0.0 ], [ -65.074290352734153, -24.170844367689757, 0.0 ], [ -65.075238558652515, -24.199273168662202, 0.0 ], [ -65.05392995686951, -24.252602582053061, 0.0 ], [ -65.06363709164259, -24.292581338266217, 0.0 ], [ -65.034814274747404, -24.318778089205175, 0.0 ], [ -65.020650137912384, -24.364989598607711, 0.0 ], [ -65.138524314361561, -24.334937143899712, 0.0 ], [ -65.178694601416723, -24.278348476865396, 0.0 ], [ -65.234956999451157, -24.276729484346415, 0.0 ], [ -65.228054854152745, -24.254578322514583, 0.0 ], [ -65.25711945350497, -24.229781632516495, 0.0 ], [ -65.234876560707363, -24.217066361918317, 0.0 ], [ -65.204266091006872, -24.230208667017965, 0.0 ], [ -65.218384165827388, -24.208136661537566, 0.0 ], [ -65.213407818055273, -24.138855302296875, 0.0 ], [ -65.240760921975379, -24.129379460362493, 0.0 ], [ -65.20913545032694, -24.108155288478315, 0.0 ], [ -65.201044964163373, -24.082587016431091, 0.0 ], [ -65.158354340390872, -24.095359462190963, 0.0 ], [ -65.13142475888958, -24.086728299396786, 0.0 ], [ -65.102648834052232, -24.023391850115047, 0.0 ], [ -65.053876375956079, -24.01442453761485, 0.0 ] ] ] } },
{ "type": "Feature", "properties": { "loc": "AR086112" }, "geometry": { "type": "Polygon", "coordinates": [ [ [ -62.752747048337213, -29.306957392591446, 0.0 ], [ -62.75261089068961, -29.363373783159794, 0.0 ], [ -62.616519374351867, -29.364141210978882, 0.0 ], [ -62.617113803050117, -29.442529110270314, 0.0 ], [ -62.497827907962247, -29.442757011944853, 0.0 ], [ -62.497812026646351, -29.482182988128088, 0.0 ], [ -62.558011053359856, -29.482396585710269, 0.0 ], [ -62.533618277389998, -29.596851025731635, 0.0 ], [ -62.437843739400073, -29.596777736968992, 0.0 ], [ -62.436146166058208, -29.949578693753356, 0.0 ], [ -62.608507483589129, -30.056460853720555, 0.0 ], [ -62.663796896576386, -30.048747946001228, 0.0 ], [ -62.674742417359106, -30.035185018524068, 0.0 ], [ -62.654992892057358, -30.00734532506694, 0.0 ], [ -62.663796896576386, -29.998303373100054, 0.0 ], [ -62.723878287106835, -29.990808070624301, 0.0 ], [ -62.791930870226068, -29.959994051787262, 0.0 ], [ -62.800528520046221, -29.90804479222907, 0.0 ], [ -62.820307947568828, -29.903973127596814, 0.0 ], [ -62.837797184953303, -29.871375363789241, 0.0 ], [ -62.803811518354927, -29.819360769863863, 0.0 ], [ -62.805775148429426, -29.781893887893805, 0.0 ], [ -62.848975399937324, -29.748770628962681, 0.0 ], [ -62.843983444835487, -29.669792445446074, 0.0 ], [ -62.883792054885888, -29.636459124664544, 0.0 ], [ -62.93510751958388, -29.621941880527892, 0.0 ], [ -62.965329961099073, -29.562577299496429, 0.0 ], [ -62.992184906074975, -29.558118702569217, 0.0 ], [ -63.012376247087971, -29.519504792023426, 0.0 ], [ -63.039657889128897, -29.503782238473271, 0.0 ], [ -63.031444128057188, -29.481663713266649, 0.0 ], [ -63.054950443809751, -29.480297441664597, 0.0 ], [ -63.097688584867491, -29.415075040350622, 0.0 ], [ -63.128038675187938, -29.405346598090787, 0.0 ], [ -63.119775595708816, -29.350634376388133, 0.0 ], [ -63.133464357570197, -29.317827487535006, 0.0 ], [ -63.157837638301764, -29.312375559029643, 0.0 ], [ -62.99424295357742, -29.218570286539105, 0.0 ], [ -62.995894214274806, -29.20201879522175, 0.0 ], [ -62.891541589974963, -29.202103927326529, 0.0 ], [ -62.891455616710708, -29.283612255599976, 0.0 ], [ -62.802218363385066, -29.284285453573769, 0.0 ], [ -62.802175711375362, -29.306418596760395, 0.0 ], [ -62.752747048337213, -29.306957392591446, 0.0 ] ] ] } },
{ "type": "Feature", "properties": { "loc": "AR082049" }, "geometry": { "type": "Polygon", "coordinates": [ [ [ -59.811111174273492, -27.999436641351853, 0.0 ], [ -58.883922369649206, -27.999444444552747, 0.0 ], [ -58.893694080714795, -28.035274057394076, 0.0 ], [ -58.880821878463507, -28.066824880674034, 0.0 ], [ -58.94511298551943, -28.133774296995991, 0.0 ], [ -59.062412500698208, -28.12810874015009, 0.0 ], [ -59.107868116457325, -28.222766136422333, 0.0 ], [ -59.103458203184275, -28.328816272255295, 0.0 ], [ -59.076213375002006, -28.365340996542599, 0.0 ], [ -59.085977074891865, -28.435965838814312, 0.0 ], [ -59.048857483609574, -28.493310847498126, 0.0 ], [ -59.100007983485433, -28.576399185009926, 0.0 ], [ -59.105012762936262, -28.63393699060596, 0.0 ], [ -59.078600745785913, -28.667487390027969, 0.0 ], [ -59.160454203208943, -28.79478855200103, 0.0 ], [ -59.158074742091102, -28.87735584638347, 0.0 ], [ -59.210898776391787, -28.977531153248194, 0.0 ], [ -59.199715308958304, -29.03154491708564, 0.0 ], [ -59.257536211247128, -29.089603765142176, 0.0 ], [ -59.346765996877814, -29.114350159561351, 0.0 ], [ -59.407814389675622, -29.221375779045452, 0.0 ], [ -59.508704900582252, -29.25077319043308, 0.0 ], [ -59.519787984876004, -29.343189025838747, 0.0 ], [ -59.604283190818585, -29.394743162982593, 0.0 ], [ -59.580921405012099, -29.474067663822549, 0.0 ], [ -59.661832636601602, -29.446603609032994, 0.0 ], [ -59.670873118127588, -29.473014207428658, 0.0 ], [ -59.719787777736606, -29.487839967518958, 0.0 ], [ -59.721044201018834, -29.460740268738729, 0.0 ], [ -59.768376684867363, -29.442548547223058, 0.0 ], [ -59.778849298348547, -29.415156408695179, 0.0 ], [ -60.069291370708022, -29.37063382974635, 0.0 ], [ -60.043907152006845, -29.326049864154324, 0.0 ], [ -60.014432611864613, -29.313030987162222, 0.0 ], [ -60.028371813247425, -29.279079932517369, 0.0 ], [ -60.017313463166701, -29.242643200097962, 0.0 ], [ -60.075701965967802, -29.139110836874913, 0.0 ], [ -60.061509065975699, -29.141258792364393, 0.0 ], [ -60.066113349523434, -29.115963542954358, 0.0 ], [ -60.116408079225309, -29.047414702869052, 0.0 ], [ -60.005179176615684, -29.072646594317813, 0.0 ], [ -59.988043232259429, -29.032485884559691, 0.0 ], [ -60.042010117637624, -29.011680224604135, 0.0 ], [ -60.019748004486189, -28.886084587601264, 0.0 ], [ -59.977955477707212, -28.891668440806878, 0.0 ], [ -59.961809969070828, -28.80746225129835, 0.0 ], [ -59.762283699756075, -28.838343852665897, 0.0 ], [ -59.749008333605296, -28.813400801265409, 0.0 ], [ -59.773458956587881, -28.768581336057665, 0.0 ], [ -59.804592924910054, -28.757676547627206, 0.0 ], [ -59.778581677649001, -28.717251849497089, 0.0 ], [ -59.792762883372738, -28.697880438510207, 0.0 ], [ -59.772794266159693, -28.679389218765316, 0.0 ], [ -59.817163638178954, -28.624479052783393, 0.0 ], [ -59.801167944277452, -28.61648711317849, 0.0 ], [ -59.818165734031219, -28.563208571836906, 0.0 ], [ -59.81092255591161, -28.527939556474504, 0.0 ], [ -59.765109496009345, -28.45583514462097, 0.0 ], [ -59.798458122323972, -28.433813782406478, 0.0 ], [ -59.798365955175825, -28.379104215050493, 0.0 ], [ -59.858296763810138, -28.37855439192731, 0.0 ], [ -59.878718767933577, -28.331830450763604, 0.0 ], [ -59.876276731969682, -28.251545694661107, 0.0 ], [ -59.790406352650841, -28.250795206195729, 0.0 ], [ -59.790203871487478, -28.104516788828526, 0.0 ], [ -59.811046067076646, -28.104616114664328, 0.0 ], [ -59.811111174273492, -27.999436641351853, 0.0 ] ] ] } },
{ "type": "Feature", "properties": { "loc": "AR006532" }, "geometry": { "type": "Polygon", "coordinates": [ [ [ -59.338195801369352, -34.50792312626033, 0.0 ], [ -59.263713837421129, -34.619319915736973, 0.0 ], [ -59.281764984490515, -34.625194550316557, 0.0 ], [ -59.242252350461605, -34.677356720102317, 0.0 ], [ -59.256534578027242, -34.684745789008353, 0.0 ], [ -59.169948577396859, -34.798904419629196, 0.0 ], [ -59.193889619356426, -34.811325073090003, 0.0 ], [ -59.205821992479365, -34.795810699701768, 0.0 ], [ -59.279327394288977, -34.834529876773551, 0.0 ], [ -59.289463044317174, -34.821746825981101, 0.0 ], [ -59.373344421544651, -34.891731261835162, 0.0 ], [ -59.408561708041944, -34.842708587539732, 0.0 ], [ -59.466094971573419, -34.872989655302895, 0.0 ], [ -59.523220063097696, -34.829242706186193, 0.0 ], [ -59.492229463199898, -34.802749633402989, 0.0 ], [ -59.526321412174475, -34.765029906922557, 0.0 ], [ -59.716602325687973, -34.620265960447426, 0.0 ], [ -59.67302322408203, -34.582790374290319, 0.0 ], [ -59.632408143400468, -34.615516663113581, 0.0 ], [ -59.568592071755006, -34.560478210110972, 0.0 ], [ -59.523284913376358, -34.596992492653897, 0.0 ], [ -59.338195801369352, -34.50792312626033, 0.0 ] ] ] } },
{ "type": "Feature", "properties": { "loc": "AR082014" }, "geometry": { "type": "Polygon", "coordinates": [ [ [ -61.207199357865782, -32.902700536821811, 0.0 ], [ -61.061950306825594, -33.090011225714164, 0.0 ], [ -61.106761415504337, -33.156095200493873, 0.0 ], [ -61.154841994761931, -33.164672235359006, 0.0 ], [ -61.132566600019025, -33.231363295301108, 0.0 ], [ -61.168606189056035, -33.243837681397331, 0.0 ], [ -61.09909731648699, -33.332650688651242, 0.0 ], [ -61.129567312134924, -33.349297382184311, 0.0 ], [ -61.074989232800341, -33.419047068051434, 0.0 ], [ -61.188837271537203, -33.491621316572264, 0.0 ], [ -61.313782348099124, -33.329083964574529, 0.0 ], [ -61.383053813006562, -33.366704806989674, 0.0 ], [ -61.361107135182301, -33.39509278295332, 0.0 ], [ -62.138195552345877, -33.407667910827193, 0.0 ], [ -61.920323575685124, -33.120158349944973, 0.0 ], [ -61.79813825483005, -33.015997447173092, 0.0 ], [ -61.711493039052762, -33.091412283343111, 0.0 ], [ -61.66344909309246, -33.091601388204637, 0.0 ], [ -61.635657040883508, -33.066655197077736, 0.0 ], [ -61.565237180496638, -33.063718688859211, 0.0 ], [ -61.543062330590232, -33.04129052705958, 0.0 ], [ -61.296765182582995, -32.986913197163872, 0.0 ], [ -61.236294596057405, -32.951190373763176, 0.0 ], [ -61.246233055999284, -32.943182812682529, 0.0 ], [ -61.207199357865782, -32.902700536821811, 0.0 ] ] ] } },
{ "type": "Feature", "properties": { "loc": "AR086147" }, "geometry": { "type": "Polygon", "coordinates": [ [ [ -64.765118362683324, -27.184523586455871, 0.0 ], [ -64.745035092592275, -27.234049126561438, 0.0 ], [ -64.662352115564531, -27.245800707763966, 0.0 ], [ -64.570413620993023, -27.338507120368654, 0.0 ], [ -64.616573846514939, -27.444136391424212, 0.0 ], [ -64.558810902629915, -27.495363846648598, 0.0 ], [ -64.513005800902761, -27.49520004625661, 0.0 ], [ -64.463918737522761, -27.549628791641251, 0.0 ], [ -64.4657839634461, -27.586325666096961, 0.0 ], [ -64.438150440528588, -27.604273729993139, 0.0 ], [ -64.522930256109376, -27.705855220871587, 0.0 ], [ -64.533330451903907, -27.666204368263461, 0.0 ], [ -64.760370956849599, -27.647449023842455, 0.0 ], [ -64.770964545551777, -27.703540645866497, 0.0 ], [ -64.819749616892835, -27.694875332265624, 0.0 ], [ -64.811730129077731, -27.655700252991856, 0.0 ], [ -64.890144289417464, -27.708567843753105, 0.0 ], [ -64.918439934479736, -27.694930756517028, 0.0 ], [ -64.990971764642296, -27.724142475660624, 0.0 ], [ -65.027115237553716, -27.587145180116845, 0.0 ], [ -65.010949938133322, -27.561758869061677, 0.0 ], [ -64.991676303438155, -27.571276713043464, 0.0 ], [ -64.96621607109428, -27.551289240494128, 0.0 ], [ -64.968119639808876, -27.505365645022888, 0.0 ], [ -65.008867909206046, -27.483712550310504, 0.0 ], [ -64.974286409842662, -27.350621367223933, 0.0 ], [ -64.937523738087364, -27.357878723243743, 0.0 ], [ -64.934367085128414, -27.344428634987569, 0.0 ], [ -64.85406414503862, -27.317308912634541, 0.0 ], [ -64.811186845960194, -27.148667114987649, 0.0 ], [ -64.765118362683324, -27.184523586455871, 0.0 ] ] ] } },
{ "type": "Feature", "properties": { "loc": "AR022036" }, "geometry": { "type": "Polygon", "coordinates": [ [ [ -61.711200859311653, -26.931832398594665, 0.0 ], [ -60.997247671656559, -27.419699125641024, 0.0 ], [ -60.996597177304821, -27.480695466263562, 0.0 ], [ -61.570840400521767, -27.481961126497644, 0.0 ], [ -61.569968348383306, -27.716732780075802, 0.0 ], [ -61.711241645520502, -27.716188015812644, 0.0 ], [ -61.711200859311653, -26.931832398594665, 0.0 ] ] ] } },
{ "type": "Feature", "properties": { "loc": "AR074056" }, "geometry": { "type": "Polygon", "coordinates": [ [ [ -67.01441298948852, -33.104589583162237, 0.0 ], [ -66.972587531369541, -33.099720859407768, 0.0 ], [ -66.973348840098112, -33.140801457969431, 0.0 ], [ -66.925989033091881, -33.156314139939653, 0.0 ], [ -66.809949797662853, -33.170395950579255, 0.0 ], [ -66.800056479860629, -33.115030634299103, 0.0 ], [ -66.681764650584725, -33.138707460017798, 0.0 ], [ -66.66774275209346, -33.167620681216142, 0.0 ], [ -66.579493813565321, -33.206577718623834, 0.0 ], [ -66.580672135520132, -33.185159988656153, 0.0 ], [ -66.512977635246187, -33.131283683009876, 0.0 ], [ -66.515380974482596, -33.108540543507999, 0.0 ], [ -66.363213010190918, -33.101792437175042, 0.0 ], [ -66.361067517983756, -33.128685118310898, 0.0 ], [ -66.215174462021466, -33.129303315566588, 0.0 ], [ -66.228309390052303, -33.168575730101857, 0.0 ], [ -66.180149107771115, -33.239525822836747, 0.0 ], [ -66.105418076927222, -33.221908874328456, 0.0 ], [ -66.123660204927702, -33.364756239887704, 0.0 ], [ -66.110120543640548, -33.38343434003567, 0.0 ], [ -66.135689983275199, -33.389874546145606, 0.0 ], [ -66.156732414239542, -33.446382749838108, 0.0 ], [ -66.156277384310442, -33.565089518408065, 0.0 ], [ -66.189980423852447, -33.655792172506715, 0.0 ], [ -66.165555335481798, -33.654806685503644, 0.0 ], [ -66.220157877738203, -33.837065155620984, 0.0 ], [ -66.139844047372208, -33.839990480854951, 0.0 ], [ -66.119490332278346, -33.860574389258886, 0.0 ], [ -66.147301262582971, -33.950791705118817, 0.0 ], [ -66.142374906954771, -34.007196788962496, 0.0 ], [ -66.0379862045165, -34.006937974133741, 0.0 ], [ -66.037393791637754, -34.044392622068919, 0.0 ], [ -66.005320747873739, -34.044007756220473, 0.0 ], [ -65.995597136201724, -34.346420730930518, 0.0 ], [ -65.996090311292704, -34.401049136553297, 0.0 ], [ -66.012968754471089, -34.421448477074549, 0.0 ], [ -66.009650634729724, -34.712349045756277, 0.0 ], [ -65.975236794236025, -34.712536878865556, 0.0 ], [ -65.976424517958577, -34.778612197759699, 0.0 ], [ -66.099436766778794, -34.772370997897717, 0.0 ], [ -66.447017102659544, -34.823900247491579, 0.0 ], [ -66.529850781059352, -34.81227296629956, 0.0 ], [ -66.64790048023022, -34.742992670292992, 0.0 ], [ -66.641613316185428, -34.716744459239351, 0.0 ], [ -66.691667424053634, -34.690104690729818, 0.0 ], [ -66.713094303416824, -34.628556921439717, 0.0 ], [ -66.703318264268191, -34.619954954333551, 0.0 ], [ -66.727270756154368, -34.609924096376112, 0.0 ], [ -66.729047043474708, -34.586873320930678, 0.0 ], [ -66.766089851258087, -34.551019343537689, 0.0 ], [ -66.755713546158503, -34.442752863254356, 0.0 ], [ -66.795966242861212, -34.411535623219393, 0.0 ], [ -66.774238842899493, -34.408241055199632, 0.0 ], [ -66.765418239310634, -34.378594372269156, 0.0 ], [ -66.787686854468092, -34.377807112738097, 0.0 ], [ -66.813060108332934, -34.343816425781263, 0.0 ], [ -66.80000783698631, -34.335300821944934, 0.0 ], [ -66.802903089180731, -34.305170584487747, 0.0 ], [ -66.776645507699058, -34.298079843538588, 0.0 ], [ -66.802070519795606, -34.257415654615393, 0.0 ], [ -66.785189667335644, -34.232478594733301, 0.0 ], [ -66.747252504940235, -34.235343446257026, 0.0 ], [ -66.748944322776069, -34.222815792281253, 0.0 ], [ -66.719832611278761, -34.213011046920208, 0.0 ], [ -66.730990443488992, -34.181869026797393, 0.0 ], [ -66.711722435840784, -34.148264167515585, 0.0 ], [ -66.733899592620858, -34.136551439994513, 0.0 ], [ -66.712674314072032, -34.101150154979507, 0.0 ], [ -66.716050791069208, -34.057354144944178, 0.0 ], [ -66.699709161341687, -34.046808249007448, 0.0 ], [ -66.708188194916787, -34.024401358498579, 0.0 ], [ -66.663618723168, -33.98589508670711, 0.0 ], [ -66.66661648211948, -33.95764548091946, 0.0 ], [ -66.675659646913246, -33.941579243363968, 0.0 ], [ -66.723322948839865, -33.935469839357566, 0.0 ], [ -66.800634672408407, -33.862635439950957, 0.0 ], [ -66.87425754870435, -33.831506362600898, 0.0 ], [ -66.882460250616589, -33.770121935900661, 0.0 ], [ -66.949132487860155, -33.732275349225084, 0.0 ], [ -67.004817283539921, -33.667306859633982, 0.0 ], [ -66.997809034630038, -33.633563053510862, 0.0 ], [ -67.036837954624559, -33.607527903738166, 0.0 ], [ -67.070439795356521, -33.546091331493145, 0.0 ], [ -67.093194033468379, -33.538827921296075, 0.0 ], [ -67.09606575698885, -33.504551339826115, 0.0 ], [ -67.133854315578404, -33.467856744248984, 0.0 ], [ -67.152678519543656, -33.412568842560141, 0.0 ], [ -67.152406347080557, -33.327179723277119, 0.0 ], [ -67.180755824584551, -33.248733047354889, 0.0 ], [ -67.167325446046661, -33.167217559670256, 0.0 ], [ -67.183481387716725, -33.087024600096029, 0.0 ], [ -67.019584693885463, -33.079161834245056, 0.0 ], [ -67.01441298948852, -33.104589583162237, 0.0 ] ] ] } },
{ "type": "Feature", "properties": { "loc": "AR086119" }, "geometry": { "type": "Polygon", "coordinates": [ [ [ -61.711194477679875, -26.809110620357476, 0.0 ], [ -61.711246898868282, -27.797214405124883, 0.0 ], [ -62.231421980404853, -27.790472736854888, 0.0 ], [ -62.231979195494112, -27.819881864808071, 0.0 ], [ -62.570570651773735, -27.817610697755697, 0.0 ], [ -62.570260291927909, -27.799251193668088, 0.0 ], [ -62.674439125457937, -27.798176114538304, 0.0 ], [ -62.674182435458768, -27.820273579650046, 0.0 ], [ -62.884297321300615, -27.819759473194441, 0.0 ], [ -62.884341956790436, -27.777603218461731, 0.0 ], [ -62.948175585109801, -27.775262317025852, 0.0 ], [ -62.94856822973734, -27.751463960369669, 0.0 ], [ -63.22349603242408, -27.728033182718274, 0.0 ], [ -63.228549415223355, -27.69994544947242, 0.0 ], [ -63.217321275469089, -27.701997128758844, 0.0 ], [ -63.18390466106051, -27.547458993639189, 0.0 ], [ -63.241607252531473, -27.536505700033434, 0.0 ], [ -63.23242389036627, -27.500053191677221, 0.0 ], [ -63.262946276659889, -27.496751989406057, 0.0 ], [ -63.252181293893067, -27.443444614046946, 0.0 ], [ -63.202529865732444, -27.439029202598203, 0.0 ], [ -63.208000200672544, -27.321495798755507, 0.0 ], [ -63.255199343990185, -27.312090922257553, 0.0 ], [ -63.22220139121638, -27.149492942080848, 0.0 ], [ -63.257244107206205, -27.149557630086605, 0.0 ], [ -63.231171760132767, -27.030700555583458, 0.0 ], [ -63.234063775697216, -26.878067104401325, 0.0 ], [ -63.211779639448274, -26.878102255347837, 0.0 ], [ -63.211850811171601, -26.841755968589307, 0.0 ], [ -63.23343163931662, -26.841722000625168, 0.0 ], [ -63.233592552736816, -26.794241471067565, 0.0 ], [ -62.929302781389389, -26.793735738207147, 0.0 ], [ -62.928475600997665, -26.820257238150607, 0.0 ], [ -62.765119617508944, -26.831980757695426, 0.0 ], [ -62.504024476012333, -26.832670221443838, 0.0 ], [ -62.504222211376032, -26.787217105390376, 0.0 ], [ -62.064820780849949, -26.789884324437427, 0.0 ], [ -62.064660477385807, -26.809429095449328, 0.0 ], [ -61.711194477679875, -26.809110620357476, 0.0 ] ] ] } },
{ "type": "Feature", "properties": { "loc": "AR022147" }, "geometry": { "type": "Polygon", "coordinates": [ [ [ -60.212424282891291, -27.117921584030999, 0.0 ], [ -60.216258683291073, -27.740019816026674, 0.0 ], [ -60.522914406891118, -27.738987887997478, 0.0 ], [ -60.52372001873286, -27.646971808783039, 0.0 ], [ -60.469717902327524, -27.647463013043662, 0.0 ], [ -60.468381820937473, -27.466773519278945, 0.0 ], [ -60.518997577080874, -27.466377675152316, 0.0 ], [ -60.513051645283277, -27.012021479447526, 0.0 ], [ -60.212424282891291, -27.117921584030999, 0.0 ] ] ] } },
{ "type": "Feature", "properties": { "loc": "AR006588" }, "geometry": { "type": "Polygon", "coordinates": [ [ [ -60.868450165507113, -35.145298004327778, 0.0 ], [ -60.444370269312941, -35.474594116451918, 0.0 ], [ -60.970756530895983, -35.926094055067722, 0.0 ], [ -61.101322173951175, -35.825111389259121, 0.0 ], [ -61.03183746336834, -35.7658424375037, 0.0 ], [ -61.271373748613463, -35.560119629506289, 0.0 ], [ -61.287269591177861, -35.573451996085687, 0.0 ], [ -61.531753540089746, -35.378364562762826, 0.0 ], [ -61.277961730599131, -35.166095734261127, 0.0 ], [ -61.154895782287873, -35.264667511626342, 0.0 ], [ -61.061794280240527, -35.18719863862173, 0.0 ], [ -60.984569550422414, -35.246978759206243, 0.0 ], [ -60.868450165507113, -35.145298004327778, 0.0 ] ] ] } },
{ "type": "Feature", "properties": { "loc": "AR082112" }, "geometry": { "type": "Polygon", "coordinates": [ [ [ -60.720536941302939, -29.910136474360623, 0.0 ], [ -60.279628295833589, -29.978877799416647, 0.0 ], [ -60.289675311787668, -30.029938314095702, 0.0 ], [ -60.212131978284368, -30.067661312441864, 0.0 ], [ -60.198310747257928, -30.122039515555503, 0.0 ], [ -60.15664287070777, -30.12414408915317, 0.0 ], [ -60.18506593191163, -30.146516832046434, 0.0 ], [ -60.182048239343992, -30.162183719462778, 0.0 ], [ -60.154073400635987, -30.163424357924495, 0.0 ], [ -60.136444835449268, -30.127343578644531, 0.0 ], [ -60.118725360755825, -30.133749784196464, 0.0 ], [ -60.167669476122981, -30.218485406871153, 0.0 ], [ -60.166575299360844, -30.267575814383193, 0.0 ], [ -60.190549927532253, -30.300424693264556, 0.0 ], [ -60.215980878391143, -30.307020892528701, 0.0 ], [ -60.194649104565386, -30.318674719945797, 0.0 ], [ -60.214033541959267, -30.344894136300518, 0.0 ], [ -60.198457556229855, -30.367363382580091, 0.0 ], [ -60.225414750146371, -30.374005723192973, 0.0 ], [ -60.255262991243427, -30.422972238607031, 0.0 ], [ -60.276144746841069, -30.421251682608663, 0.0 ], [ -60.332402470941062, -30.474623647219008, 0.0 ], [ -60.324556428044389, -30.496502123633753, 0.0 ], [ -60.35082525104351, -30.509988822991208, 0.0 ], [ -60.339768266402025, -30.568752887020246, 0.0 ], [ -60.381740027741415, -30.603550891970222, 0.0 ], [ -60.345330842152109, -30.63226824949168, 0.0 ], [ -60.338889749986762, -30.669237205834161, 0.0 ], [ -60.212160241978154, -30.688568493145191, 0.0 ], [ -60.255977111470123, -30.768866321568748, 0.0 ], [ -60.247558334189321, -30.85642496410393, 0.0 ], [ -60.284595438568964, -30.858082276421257, 0.0 ], [ -60.299925649728209, -30.976171658159792, 0.0 ], [ -60.33230659105584, -31.016421722967049, 0.0 ], [ -60.320619362784058, -31.041976485481779, 0.0 ], [ -60.359744400717339, -31.091557464244623, 0.0 ], [ -60.369144176017628, -31.115427026468481, 0.0 ], [ -60.35692708995024, -31.124427596013348, 0.0 ], [ -60.441107881051792, -31.167412849326585, 0.0 ], [ -60.449525476149681, -31.213049577089727, 0.0 ], [ -60.573853309500095, -31.188017153067694, 0.0 ], [ -60.549293993961406, -31.132315417765618, 0.0 ], [ -60.670257959966285, -31.111939766177258, 0.0 ], [ -60.657902449801817, -31.042097558691935, 0.0 ], [ -60.859544761853755, -30.998442021716958, 0.0 ], [ -60.825705475730928, -30.980242216228504, 0.0 ], [ -60.836216052016027, -30.935052803413367, 0.0 ], [ -60.821680813950614, -30.919211822596164, 0.0 ], [ -60.852844469796324, -30.900657936962162, 0.0 ], [ -60.833425105005887, -30.886496104150314, 0.0 ], [ -60.813486863425879, -30.897368161036457, 0.0 ], [ -60.776054177826026, -30.887527165283025, 0.0 ], [ -60.810848845609698, -30.844243070137107, 0.0 ], [ -60.804208417282787, -30.835033260511491, 0.0 ], [ -60.833798699061198, -30.824305745870799, 0.0 ], [ -60.82724956561831, -30.802215852471523, 0.0 ], [ -60.794663593708528, -30.7828784743364, 0.0 ], [ -60.760275180028941, -30.80779311308212, 0.0 ], [ -60.718124482369767, -30.786481112237141, 0.0 ], [ -60.710855326768772, -30.77234192485562, 0.0 ], [ -60.725040662946185, -30.768913429349791, 0.0 ], [ -60.701489379327136, -30.747569651316379, 0.0 ], [ -60.688046394730854, -30.758281393280029, 0.0 ], [ -60.67904549387459, -30.744715722616974, 0.0 ], [ -60.622486717373427, -30.746861776890658, 0.0 ], [ -60.626186973250128, -30.731604522898152, 0.0 ], [ -60.598667052181774, -30.71446387590851, 0.0 ], [ -60.608210848083381, -30.703270170949295, 0.0 ], [ -60.59290131793859, -30.690256393266395, 0.0 ], [ -60.590903710885108, -30.666329835481424, 0.0 ], [ -60.614560728908046, -30.660897413883429, 0.0 ], [ -60.601757242386114, -30.651993488381468, 0.0 ], [ -60.622324520260669, -30.640808811430428, 0.0 ], [ -60.609041996333708, -30.634010024336288, 0.0 ], [ -60.627861504804962, -30.618435261947301, 0.0 ], [ -60.619086269731206, -30.594164902546517, 0.0 ], [ -60.627398558023287, -30.603734635612337, 0.0 ], [ -60.639449733342545, -30.579445231218056, 0.0 ], [ -60.664122816918706, -30.570904388434776, 0.0 ], [ -60.66099797420231, -30.550125190200344, 0.0 ], [ -60.68935759188922, -30.544826974838287, 0.0 ], [ -60.674971732875775, -30.518737572676148, 0.0 ], [ -60.68535218729366, -30.50919699201377, 0.0 ], [ -60.655551462583546, -30.510231089930116, 0.0 ], [ -60.650847618752877, -30.474708228786412, 0.0 ], [ -60.638020070856079, -30.479391689879915, 0.0 ], [ -60.659127406896296, -30.42978613003233, 0.0 ], [ -60.646612813179836, -30.427138261945593, 0.0 ], [ -60.664037963853609, -30.423257919036764, 0.0 ], [ -60.653704050252287, -30.417457898948729, 0.0 ], [ -60.666085617848225, -30.399444524235136, 0.0 ], [ -60.652517043385316, -30.397849785950516, 0.0 ], [ -60.682599334241452, -30.37921380010004, 0.0 ], [ -60.672629382958966, -30.342216164110823, 0.0 ], [ -60.649947516719671, -30.342164629756166, 0.0 ], [ -60.656796020917511, -30.30374611940805, 0.0 ], [ -60.641553620975607, -30.288385181649033, 0.0 ], [ -60.65681258135978, -30.259029150200654, 0.0 ], [ -60.697807034060553, -30.254011759404943, 0.0 ], [ -60.73582345661012, -30.210264558259258, 0.0 ], [ -60.701341071066985, -30.142374910145904, 0.0 ], [ -60.752071728023438, -30.079676550838894, 0.0 ], [ -60.738901986682059, -30.022751359571707, 0.0 ], [ -60.728639781098302, -30.028553172858153, 0.0 ], [ -60.718100357214489, -30.009248450608336, 0.0 ], [ -60.726739454403564, -29.981553218880251, 0.0 ], [ -60.693081748342387, -29.962009884698585, 0.0 ], [ -60.720536941302939, -29.910136474360623, 0.0 ] ] ] } },
{ "type": "Feature", "properties": { "loc": "AR006679" }, "geometry": { "type": "Polygon", "coordinates": [ [ [ -63.089797974752955, -35.168556213670058, 0.0 ], [ -63.115180969050385, -35.188858031796833, 0.0 ], [ -62.964759827337694, -35.311943053976471, 0.0 ], [ -62.899402618567208, -35.259174347203533, 0.0 ], [ -62.86391067486673, -35.288436889651138, 0.0 ], [ -62.893287658867436, -35.311447144591263, 0.0 ], [ -62.846210479815909, -35.350605010830208, 0.0 ], [ -62.872856139788496, -35.371364594070094, 0.0 ], [ -62.803115845032607, -35.429454803047477, 0.0 ], [ -62.777011870972956, -35.408500670835096, 0.0 ], [ -62.62290191702197, -35.550331115698185, 0.0 ], [ -63.203834533935328, -36.033023833837539, 0.0 ], [ -63.38417632544855, -35.884159550784453, 0.0 ], [ -63.384275445557009, -35.369000829810815, 0.0 ], [ -63.329338074244767, -35.323081970638228, 0.0 ], [ -63.346828460574471, -35.299953461629052, 0.0 ], [ -63.309707642193487, -35.267833709335399, 0.0 ], [ -63.285221100074274, -35.288402557242961, 0.0 ], [ -63.211132049349835, -35.228836059330781, 0.0 ], [ -63.235797882623366, -35.208286284562355, 0.0 ], [ -63.138465881526443, -35.128303527996565, 0.0 ], [ -63.089797974752955, -35.168556213670058, 0.0 ] ] ] } },
{ "type": "Feature", "properties": { "loc": "AR054021" }, "geometry": { "type": "Polygon", "coordinates": [ [ [ -55.524055480798872, -27.291810988306366, 0.0 ], [ -55.48077011122286, -27.303909301525099, 0.0 ], [ -55.470802306913903, -27.315427779595773, 0.0 ], [ -55.489910126082336, -27.364404677638205, 0.0 ], [ -55.437011719360939, -27.389837265154846, 0.0 ], [ -55.427848816326346, -27.376592636636808, 0.0 ], [ -55.405708313504817, -27.383937835579268, 0.0 ], [ -55.40004730216252, -27.365806579323717, 0.0 ], [ -55.377613068209385, -27.377487183194035, 0.0 ], [ -55.381343841652914, -27.389873505422486, 0.0 ], [ -55.356510161761818, -27.377223968836304, 0.0 ], [ -55.344718932834652, -27.386589050129537, 0.0 ], [ -55.358036041001753, -27.394643783403556, 0.0 ], [ -55.322814940257757, -27.397960663229263, 0.0 ], [ -55.311149596742922, -27.373786926110053, 0.0 ], [ -55.281806946352376, -27.406011581433031, 0.0 ], [ -55.49681091312803, -27.534107207994687, 0.0 ], [ -55.513099669814565, -27.51081657383612, 0.0 ], [ -55.570072174402981, -27.545387268014576, 0.0 ], [ -55.555778503198944, -27.566698074042204, 0.0 ], [ -55.624488830972567, -27.617532730062358, 0.0 ], [ -55.660614014184809, -27.614444732816899, 0.0 ], [ -55.679290770475951, -27.590574264474107, 0.0 ], [ -55.719997405654645, -27.602579117067471, 0.0 ], [ -55.723167419256811, -27.584379195532257, 0.0 ], [ -55.808433532426747, -27.566873550432714, 0.0 ], [ -55.787910461545643, -27.551092148362656, 0.0 ], [ -55.783985138164383, -27.49545288093627, 0.0 ], [ -55.809505463309193, -27.469940185245747, 0.0 ], [ -55.792910309245563, -27.43563025035812, 0.0 ], [ -55.732774002006863, -27.443107676988461, 0.0 ], [ -55.681028648529654, -27.376977318180966, 0.0 ], [ -55.596141869649685, -27.339159495340258, 0.0 ], [ -55.562965392882845, -27.29833793627779, 0.0 ], [ -55.510543822694046, -27.280048369990382, 0.0 ], [ -55.524055480798872, -27.291810988306366, 0.0 ] ] ] } },
{ "type": "Feature", "properties": { "loc": "AR006847" }, "geometry": { "type": "Polygon", "coordinates": [ [ [ -62.626018523983838, -36.501499175641953, 0.0 ], [ -62.606472015241359, -36.561439513542922, 0.0 ], [ -62.816074370891094, -36.73191451940793, 0.0 ], [ -63.127437592668386, -36.479442595955113, 0.0 ], [ -63.048450469772455, -36.415515899634016, 0.0 ], [ -63.067890167031038, -36.399517058769142, 0.0 ], [ -62.959312438963217, -36.296249390034966, 0.0 ], [ -62.978965759189613, -36.280212401413969, 0.0 ], [ -62.939235687047869, -36.248500824197471, 0.0 ], [ -62.626018523983838, -36.501499175641953, 0.0 ] ] ] } },
{ "type": "Feature", "properties": { "loc": "AR066147" }, "geometry": { "type": "Polygon", "coordinates": [ [ [ -65.936298864596637, -23.975076940303961, 0.0 ], [ -65.946054654820429, -24.007675554581159, 0.0 ], [ -65.867369568879241, -24.003330166495925, 0.0 ], [ -65.786630770705145, -24.055383747569994, 0.0 ], [ -65.747012746327101, -24.060618562129356, 0.0 ], [ -65.752842425347168, -24.071802027901622, 0.0 ], [ -65.722147379262665, -24.112609784282661, 0.0 ], [ -65.725548747678047, -24.186808827898581, 0.0 ], [ -65.670394103542989, -24.254782575364779, 0.0 ], [ -65.682529353986311, -24.306607236268086, 0.0 ], [ -65.656117336835962, -24.356456942990526, 0.0 ], [ -65.652225473902405, -24.42836629823346, 0.0 ], [ -65.667654495251327, -24.545241495575478, 0.0 ], [ -65.582332058611385, -24.57374340522119, 0.0 ], [ -65.579190116463536, -24.679590867468679, 0.0 ], [ -65.594782602448078, -24.708177354845894, 0.0 ], [ -65.59626468612295, -24.775538988955059, 0.0 ], [ -65.586859951223957, -24.810983319242226, 0.0 ], [ -65.538625500439679, -24.833533412463144, 0.0 ], [ -65.547158363761554, -24.911023730247315, 0.0 ], [ -65.520435762186565, -24.934936541582282, 0.0 ], [ -65.541504124818189, -24.972135666522554, 0.0 ], [ -65.514913592657933, -24.988228827674206, 0.0 ], [ -65.523212499645538, -25.019040877495257, 0.0 ], [ -65.613454484480485, -25.020338374307912, 0.0 ], [ -65.691684938446286, -25.054751995020656, 0.0 ], [ -65.713287032409028, -25.091254918532933, 0.0 ], [ -65.740062093799978, -25.102053264162716, 0.0 ], [ -65.778085156696136, -25.071029862878138, 0.0 ], [ -65.851766238432589, -25.072138531114973, 0.0 ], [ -65.884540462191623, -25.039324692903907, 0.0 ], [ -65.887355280133818, -24.939189061825299, 0.0 ], [ -65.936075556891737, -24.940245680284416, 0.0 ], [ -65.9553974284227, -24.918488283092167, 0.0 ], [ -66.004562714402709, -24.765537819121857, 0.0 ], [ -66.115883033168927, -24.741516310722638, 0.0 ], [ -66.137313026092897, -24.527457173089267, 0.0 ], [ -66.127986802153117, -24.495598963197029, 0.0 ], [ -66.150867381123163, -24.43080882486688, 0.0 ], [ -66.19355725300575, -24.433225098149752, 0.0 ], [ -66.149917221369051, -24.354005241666073, 0.0 ], [ -66.155531847303337, -24.309144148264508, 0.0 ], [ -66.14157892595118, -24.271227172060573, 0.0 ], [ -66.099827114414126, -24.230653869374539, 0.0 ], [ -66.105937394789606, -24.147704844618282, 0.0 ], [ -66.033022286732972, -24.077541007027754, 0.0 ], [ -66.02307302814306, -24.042129303926416, 0.0 ], [ -66.035747468979494, -23.995562259581227, 0.0 ], [ -66.007817618799209, -24.002152676816557, 0.0 ], [ -65.936298864596637, -23.975076940303961, 0.0 ] ] ] } },
{ "type": "Feature", "properties": { "loc": "AR014112" }, "geometry": { "type": "Polygon", "coordinates": [ [ [ -63.734939545992866, -29.639179033168425, 0.0 ], [ -63.67417550861002, -29.664821918827965, 0.0 ], [ -63.465199348781908, -29.664821918827965, 0.0 ], [ -63.480665845149538, -29.725736120401237, 0.0 ], [ -63.459250696885633, -29.725736120401237, 0.0 ], [ -63.459012751133187, -29.757145004926159, 0.0 ], [ -62.807009514478182, -29.815858204141545, 0.0 ], [ -62.805715087069544, -29.834132464008633, 0.0 ], [ -62.829265760732504, -29.842397227138488, 0.0 ], [ -62.838675686995494, -29.865760767033688, 0.0 ], [ -62.820307947568828, -29.903973127596814, 0.0 ], [ -62.800528520046221, -29.90804479222907, 0.0 ], [ -62.791336004946601, -29.960588916910535, 0.0 ], [ -62.662369221163331, -29.999255158237172, 0.0 ], [ -62.674742417359106, -30.035185018524068, 0.0 ], [ -62.65543966736729, -30.055292131105414, 0.0 ], [ -62.556483207707792, -30.06278676510119, 0.0 ], [ -62.60131970187814, -30.190887542882034, 0.0 ], [ -62.589423567692101, -30.268707382467351, 0.0 ], [ -62.534530518357656, -30.312020399843604, 0.0 ], [ -62.520077454581177, -30.341897535722595, 0.0 ], [ -62.320843414414867, -30.343975492545773, 0.0 ], [ -62.323659818781849, -30.455222223150059, 0.0 ], [ -62.538084203315975, -30.422280329344932, 0.0 ], [ -62.526983978268284, -30.378497042548396, 0.0 ], [ -63.325436988308205, -30.230402755185956, 0.0 ], [ -63.348479795832027, -30.323659334862931, 0.0 ], [ -63.380904662082109, -30.321469387922512, 0.0 ], [ -63.380967570203147, -30.270413376219878, 0.0 ], [ -63.49252906596189, -30.272178800071163, 0.0 ], [ -63.493703555703704, -30.188682101255971, 0.0 ], [ -63.858591280310996, -30.124769891068382, 0.0 ], [ -63.89029192927061, -30.10628520531165, 0.0 ], [ -63.927906777938709, -30.134465272078799, 0.0 ], [ -63.967276281596774, -30.128276059601848, 0.0 ], [ -63.936369857434386, -30.06418236891097, 0.0 ], [ -63.944548512344774, -30.02727214993017, 0.0 ], [ -63.885977852763617, -29.952961740132604, 0.0 ], [ -63.885728307065911, -29.908737429765825, 0.0 ], [ -63.834953950664158, -29.876896643037792, 0.0 ], [ -63.806024271979396, -29.793954687004586, 0.0 ], [ -63.791335309710988, -29.795028173450085, 0.0 ], [ -63.765368066424124, -29.706077885930419, 0.0 ], [ -63.792223523439738, -29.70425040032303, 0.0 ], [ -63.791467696231038, -29.662500868875885, 0.0 ], [ -63.77921016261967, -29.639344739674595, 0.0 ], [ -63.748483505718646, -29.652124226668708, 0.0 ], [ -63.734939545992866, -29.639179033168425, 0.0 ] ] ] } },
{ "type": "Feature", "properties": { "loc": "AR006497" }, "geometry": { "type": "Polygon", "coordinates": [ [ [ -59.19691085937113, -34.373592376867798, 0.0 ], [ -59.129650117818635, -34.420757294073361, 0.0 ], [ -59.097415926174122, -34.464420318872172, 0.0 ], [ -59.055927276997892, -34.427871704180149, 0.0 ], [ -58.954345704719586, -34.543594360468802, 0.0 ], [ -58.987155915887222, -34.559917449909527, 0.0 ], [ -58.986454011850078, -34.577400207547306, 0.0 ], [ -59.070941927065824, -34.60439300494393, 0.0 ], [ -59.056411744718808, -34.616539000707675, 0.0 ], [ -59.135566713334015, -34.658859253181944, 0.0 ], [ -59.091274260459286, -34.719245910454788, 0.0 ], [ -59.165737152275717, -34.804332732377496, 0.0 ], [ -59.256534578027242, -34.684745789008353, 0.0 ], [ -59.242252350461605, -34.677356720102317, 0.0 ], [ -59.281764984490515, -34.625194550316557, 0.0 ], [ -59.263713837421129, -34.619319915736973, 0.0 ], [ -59.338195801369352, -34.50792312626033, 0.0 ], [ -59.217735291673854, -34.446727753465112, 0.0 ], [ -59.239128114108013, -34.413932799899527, 0.0 ], [ -59.19691085937113, -34.373592376867798, 0.0 ] ] ] } },
{ "type": "Feature", "properties": { "loc": "AR086091" }, "geometry": { "type": "Polygon", "coordinates": [ [ [ -63.654560040694761, -26.66587281764474, 0.0 ], [ -63.652311330264844, -26.748467584544994, 0.0 ], [ -63.68912063536316, -26.865263041998542, 0.0 ], [ -63.682070171024826, -26.907028664009779, 0.0 ], [ -63.657186757704665, -26.925117128508539, 0.0 ], [ -63.879501884405677, -26.936721537537597, 0.0 ], [ -63.879118585850357, -26.905126321723227, 0.0 ], [ -63.989020997483912, -26.904399364237218, 0.0 ], [ -63.989981354014823, -27.0302817437783, 0.0 ], [ -64.021021335202093, -27.030008583684943, 0.0 ], [ -64.020549943358432, -27.061000082369222, 0.0 ], [ -64.084810252573149, -27.061865607513543, 0.0 ], [ -64.085452081775642, -27.142948601592014, 0.0 ], [ -64.113352762760343, -27.142730068761299, 0.0 ], [ -64.1130201561365, -27.109138588274192, 0.0 ], [ -64.176706838041696, -27.108619568708498, 0.0 ], [ -64.177974483976783, -27.198591168144389, 0.0 ], [ -64.323816830041309, -27.175674646457644, 0.0 ], [ -64.327925872372901, -27.19636737660645, 0.0 ], [ -64.445179525861491, -27.174764345502226, 0.0 ], [ -64.456771285676439, -27.224456801112311, 0.0 ], [ -64.440540736227078, -27.264648105418306, 0.0 ], [ -64.468836844820046, -27.260322578059512, 0.0 ], [ -64.487468553294633, -27.352838788518056, 0.0 ], [ -64.55812236013432, -27.30945612452863, 0.0 ], [ -64.570413620993023, -27.338507120368654, 0.0 ], [ -64.680976441684123, -27.233681590148496, 0.0 ], [ -64.747077875023081, -27.232949125562438, 0.0 ], [ -64.764361447614831, -27.185530952793012, 0.0 ], [ -64.798788934416024, -27.150521016281758, 0.0 ], [ -64.766975873874998, -27.014284560061704, 0.0 ], [ -64.742586399213806, -27.004409796445984, 0.0 ], [ -64.707200711838397, -26.81951016831837, 0.0 ], [ -64.677569830700747, -26.824509328849178, 0.0 ], [ -64.672617026873937, -26.794008163631354, 0.0 ], [ -64.617889424756939, -26.802693197660176, 0.0 ], [ -64.587517514358268, -26.658117443214753, 0.0 ], [ -64.498763622029117, -26.673464965745509, 0.0 ], [ -64.508537283337191, -26.553956546177542, 0.0 ], [ -64.28207082880752, -26.56861103260405, 0.0 ], [ -64.28197484292113, -26.605943165445112, 0.0 ], [ -64.263776021802158, -26.60610596244398, 0.0 ], [ -64.26357469497394, -26.634451138654743, 0.0 ], [ -64.156066833460045, -26.652228154098868, 0.0 ], [ -64.162415339862335, -26.697073377436446, 0.0 ], [ -63.877282699802521, -26.721246098807477, 0.0 ], [ -63.8690288244618, -26.645014990437602, 0.0 ], [ -63.801772320262515, -26.641291434972288, 0.0 ], [ -63.768156451439062, -26.478280929109129, 0.0 ], [ -63.692344277489468, -26.478668662310547, 0.0 ], [ -63.646714639195189, -26.528103679068408, 0.0 ], [ -63.673467213059645, -26.643794452601544, 0.0 ], [ -63.654560040694761, -26.66587281764474, 0.0 ] ] ] } },
{ "type": "Feature", "properties": { "loc": "AR014098" }, "geometry": { "type": "Polygon", "coordinates": [ [ [ -64.245859451345481, -32.30822295085931, 0.0 ], [ -63.986210694474345, -32.327626239671567, 0.0 ], [ -63.988601618993535, -32.360895640228229, 0.0 ], [ -63.920393966893315, -32.374520696997166, 0.0 ], [ -63.944125468728039, -32.458715098376231, 0.0 ], [ -63.97793603571121, -32.475562434911666, 0.0 ], [ -64.044013062722229, -32.750362892690589, 0.0 ], [ -63.973418722557732, -32.72321711541543, 0.0 ], [ -64.02383648462262, -32.908333377605032, 0.0 ], [ -64.03479807985903, -32.908810331525565, 0.0 ], [ -64.048030864068721, -33.001872522690633, 0.0 ], [ -64.063840923811711, -33.000518390766509, 0.0 ], [ -64.075177952853139, -33.04628095926433, 0.0 ], [ -63.97657643283376, -33.054284858598294, 0.0 ], [ -63.992059393523895, -33.111328974397338, 0.0 ], [ -64.048830455401429, -33.109682198370599, 0.0 ], [ -64.04793693352768, -33.192644112697707, 0.0 ], [ -64.022836758526068, -33.179625698796123, 0.0 ], [ -63.995783822166594, -33.196297893938286, 0.0 ], [ -63.944310668101956, -33.191492068319633, 0.0 ], [ -63.926918880857841, -33.206954496750342, 0.0 ], [ -63.890153242865466, -33.199487832031686, 0.0 ], [ -63.885379508309065, -33.643288665350177, 0.0 ], [ -64.039130667949067, -33.647801142514751, 0.0 ], [ -64.03171194734486, -34.174234139353828, 0.0 ], [ -64.239246091953021, -34.238895166824307, 0.0 ], [ -64.294315389847881, -34.21394828702887, 0.0 ], [ -64.317638831066489, -34.226331709789939, 0.0 ], [ -64.398372691201459, -34.206713508168789, 0.0 ], [ -64.410519377198355, -34.222304365796241, 0.0 ], [ -64.425229102227902, -34.205585088415155, 0.0 ], [ -64.466784334533003, -34.210576751963373, 0.0 ], [ -64.520831852691103, -34.182078605073769, 0.0 ], [ -64.547654276857102, -34.191410353056007, 0.0 ], [ -64.57826314036987, -34.1708072281494, 0.0 ], [ -64.621803955778361, -34.170319478667651, 0.0 ], [ -64.687150462020568, -34.115714532033962, 0.0 ], [ -64.705857101667945, -34.127965125105447, 0.0 ], [ -64.759759372126069, -34.083860069701032, 0.0 ], [ -64.787157595727933, -34.09408198898177, 0.0 ], [ -64.805818299124951, -34.083954531747452, 0.0 ], [ -64.814435331894018, -34.060748915550782, 0.0 ], [ -64.851284273357621, -34.05593959231507, 0.0 ], [ -64.859040318537552, -34.067441195395091, 0.0 ], [ -64.912602270335128, -34.042348795828055, 0.0 ], [ -64.997334460832803, -34.037393080766158, 0.0 ], [ -65.023580659761478, -34.008259624263786, 0.0 ], [ -65.061433623065327, -34.006216280700713, 0.0 ], [ -65.063514807576226, -33.979432310603677, 0.0 ], [ -65.075545236303995, -33.989306473082451, 0.0 ], [ -65.104354600927806, -33.971429354870921, 0.0 ], [ -65.117471630026614, -33.950662191048487, 0.0 ], [ -65.142729431512791, -33.194527743436673, 0.0 ], [ -65.070076454551014, -33.137104130952089, 0.0 ], [ -65.044913655296014, -33.06250803035384, 0.0 ], [ -64.999703896752067, -33.002664585546995, 0.0 ], [ -65.02230877647321, -32.973040296838263, 0.0 ], [ -64.991494755715863, -32.944486766251643, 0.0 ], [ -64.965824046304277, -32.867558419385396, 0.0 ], [ -64.970674472731417, -32.805050354474666, 0.0 ], [ -64.944619376006386, -32.767335896532053, 0.0 ], [ -64.948188566784836, -32.722839977317186, 0.0 ], [ -64.916184817265204, -32.679176869012522, 0.0 ], [ -64.925244913505452, -32.619997273508993, 0.0 ], [ -64.908094650003548, -32.597323411986515, 0.0 ], [ -64.888354280331171, -32.579886807344309, 0.0 ], [ -64.663192327816063, -32.632052565634503, 0.0 ], [ -64.594495882606836, -32.616848142273447, 0.0 ], [ -64.575968556571638, -32.631442608869087, 0.0 ], [ -64.538967646213095, -32.626576757610088, 0.0 ], [ -64.487502559918013, -32.476551728372556, 0.0 ], [ -64.459069855299575, -32.481558491110277, 0.0 ], [ -64.445590702733327, -32.461041437069419, 0.0 ], [ -64.426096077088403, -32.37988304519196, 0.0 ], [ -64.32494809913986, -32.39881151490053, 0.0 ], [ -64.321945485692581, -32.37614038593474, 0.0 ], [ -64.255804106967872, -32.388260567731059, 0.0 ], [ -64.263619101393374, -32.34440840378938, 0.0 ], [ -64.245374955776754, -32.349778004436018, 0.0 ], [ -64.245859451345481, -32.30822295085931, 0.0 ] ] ] } },
{ "type": "Feature", "properties": { "loc": "AR082035" }, "geometry": { "type": "Polygon", "coordinates": [ [ [ -60.205504608766759, -30.650706083684177, 0.0 ], [ -59.63269042999535, -30.711303710804213, 0.0 ], [ -59.69939420080032, -30.769072460682494, 0.0 ], [ -59.734848169120454, -30.876624095700979, 0.0 ], [ -59.818176269472858, -30.942504883057381, 0.0 ], [ -59.877929687788011, -31.056213379394745, 0.0 ], [ -59.925442992621768, -31.105052347549695, 0.0 ], [ -59.963378906358948, -31.119873046282571, 0.0 ], [ -60.002685546811747, -31.238586426426732, 0.0 ], [ -60.105590819898872, -31.289916992255975, 0.0 ], [ -60.086914063607722, -31.339782715534309, 0.0 ], [ -60.096069336352315, -31.370605469294844, 0.0 ], [ -60.138427733488314, -31.413391112956894, 0.0 ], [ -60.143493651379067, -31.443603515942634, 0.0 ], [ -60.214971814307205, -31.470432916445311, 0.0 ], [ -60.233531609948379, -31.522305165442535, 0.0 ], [ -60.301787850125656, -31.53417190539685, 0.0 ], [ -60.343458211415893, -31.49748589831788, 0.0 ], [ -60.380399531131751, -31.515751492998969, 0.0 ], [ -60.39085480443299, -31.496446515071206, 0.0 ], [ -60.478444534951137, -31.493474358765216, 0.0 ], [ -60.557912796411564, -31.458912943947993, 0.0 ], [ -60.5025031017027, -31.418706456384385, 0.0 ], [ -60.509227089520706, -31.386199024838263, 0.0 ], [ -60.473694352424864, -31.33947554758327, 0.0 ], [ -60.498060443939231, -31.301114114751247, 0.0 ], [ -60.455236986285676, -31.260735211010562, 0.0 ], [ -60.46503766352761, -31.249371296795875, 0.0 ], [ -60.441107881051792, -31.167412849326585, 0.0 ], [ -60.367992392991269, -31.138250002267402, 0.0 ], [ -60.35769462400372, -31.087173331338828, 0.0 ], [ -60.320619362784058, -31.041976485481779, 0.0 ], [ -60.33230659105584, -31.016421722967049, 0.0 ], [ -60.299925649728209, -30.976171658159792, 0.0 ], [ -60.284595438568964, -30.858082276421257, 0.0 ], [ -60.25032163285163, -30.864444722383638, 0.0 ], [ -60.255977111470123, -30.768866321568748, 0.0 ], [ -60.241688200438759, -30.762519007392658, 0.0 ], [ -60.247671916275522, -30.741723748039224, 0.0 ], [ -60.208694533527193, -30.683512972395022, 0.0 ], [ -60.205504608766759, -30.650706083684177, 0.0 ] ] ] } },
{ "type": "Feature", "properties": { "loc": "AR014049" }, "geometry": { "type": "Polygon", "coordinates": [ [ [ -64.269874209955574, -30.116012682051061, 0.0 ], [ -64.283239997827906, -30.201891006100457, 0.0 ], [ -64.356526428998805, -30.197403109221966, 0.0 ], [ -64.385357016321208, -30.362710563365543, 0.0 ], [ -64.37480130867624, -30.378590137722615, 0.0 ], [ -64.283718078527187, -30.388761385531804, 0.0 ], [ -64.298360144246175, -30.465791340995242, 0.0 ], [ -64.229002629717669, -30.546100712648929, 0.0 ], [ -64.101549775784406, -30.799889802058932, 0.0 ], [ -64.142501993293791, -30.783419097454463, 0.0 ], [ -64.217357084173386, -30.790247999490582, 0.0 ], [ -64.262015334625062, -30.812758146914152, 0.0 ], [ -64.416028024386989, -30.771505593793748, 0.0 ], [ -64.43947130445774, -30.799131136065597, 0.0 ], [ -64.477974141377459, -30.795474115325192, 0.0 ], [ -64.514381869001056, -30.773940592631, 0.0 ], [ -64.514820814594984, -30.703033392266644, 0.0 ], [ -64.544227735850825, -30.703802696868202, 0.0 ], [ -64.544699728667425, -30.690607228057939, 0.0 ], [ -64.714700763213514, -30.689943554884305, 0.0 ], [ -64.714851159158371, -30.634132186078865, 0.0 ], [ -64.875289535876846, -30.634227358770968, 0.0 ], [ -65.033471798250829, -30.475058909213832, 0.0 ], [ -65.065264837140788, -30.418669213740774, 0.0 ], [ -65.001870997035056, -30.418515585164119, 0.0 ], [ -64.989395065011806, -30.015059709036723, 0.0 ], [ -64.296149082209809, -30.086319462569325, 0.0 ], [ -64.298706395380847, -30.114072034990507, 0.0 ], [ -64.269874209955574, -30.116012682051061, 0.0 ] ] ] } },
{ "type": "Feature", "properties": { "loc": "AR082063" }, "geometry": { "type": "Polygon", "coordinates": [ [ [ -60.81333478852973, -31.015222342037426, 0.0 ], [ -60.657902449801817, -31.042097558691935, 0.0 ], [ -60.670257959966285, -31.111939766177258, 0.0 ], [ -60.549293993961406, -31.132315417765618, 0.0 ], [ -60.573853309500095, -31.188017153067694, 0.0 ], [ -60.449525476149681, -31.213049577089727, 0.0 ], [ -60.46503766352761, -31.249371296795875, 0.0 ], [ -60.455236986285676, -31.260735211010562, 0.0 ], [ -60.498060443939231, -31.301114114751247, 0.0 ], [ -60.473694352424864, -31.33947554758327, 0.0 ], [ -60.509227089520706, -31.386199024838263, 0.0 ], [ -60.5025031017027, -31.418706456384385, 0.0 ], [ -60.557912796411564, -31.458912943947993, 0.0 ], [ -60.478444534951137, -31.493474358765216, 0.0 ], [ -60.39085480443299, -31.496446515071206, 0.0 ], [ -60.380399531131751, -31.515751492998969, 0.0 ], [ -60.343458211415893, -31.49748589831788, 0.0 ], [ -60.301787850125656, -31.53417190539685, 0.0 ], [ -60.339945090782528, -31.555246362317163, 0.0 ], [ -60.325668325872144, -31.586655246624915, 0.0 ], [ -60.334710277041943, -31.612591370533991, 0.0 ], [ -60.467590332408626, -31.698303223087738, 0.0 ], [ -60.584077785841934, -31.708483647764837, 0.0 ], [ -60.638793944320518, -31.742004395233863, 0.0 ], [ -60.638567442206451, -31.787481751928031, 0.0 ], [ -60.675781249694076, -31.811706542999648, 0.0 ], [ -60.657226562771925, -31.911315918549061, 0.0 ], [ -60.722742449954204, -31.972308692099297, 0.0 ], [ -60.747598197858586, -31.908525331924157, 0.0 ], [ -60.731258165335639, -31.86569870085048, 0.0 ], [ -60.819372829983315, -31.882124903375264, 0.0 ], [ -60.837156114706346, -31.867355946264965, 0.0 ], [ -60.83538733191191, -31.811968305395538, 0.0 ], [ -60.819971593052784, -31.791278036032349, 0.0 ], [ -60.832780460483285, -31.786790140519258, 0.0 ], [ -60.853047770223199, -31.821075654466586, 0.0 ], [ -60.978235523065884, -31.800252049594221, 0.0 ], [ -60.949980349802097, -31.72976361815639, 0.0 ], [ -60.914483827388622, -31.737595263094814, 0.0 ], [ -60.904621002898708, -31.69720811545092, 0.0 ], [ -60.812767593157666, -31.654533194808948, 0.0 ], [ -60.828859922427533, -31.589725827112279, 0.0 ], [ -60.7673974565894, -31.601958593588904, 0.0 ], [ -60.756925297655762, -31.581333795988666, 0.0 ], [ -60.762323042432691, -31.56420002792424, 0.0 ], [ -60.778141060350769, -31.569023193268798, 0.0 ], [ -60.768096013503786, -31.545783489426594, 0.0 ], [ -60.802185730164886, -31.519121755590337, 0.0 ], [ -60.768641199253089, -31.473062999275825, 0.0 ], [ -60.812100865350409, -31.40617300545993, 0.0 ], [ -60.798909209607693, -31.402232410641364, 0.0 ], [ -60.80806536898946, -31.383426329324291, 0.0 ], [ -60.785905732950695, -31.378352597932988, 0.0 ], [ -60.789072125443944, -31.3539546879427, 0.0 ], [ -60.82932474578984, -31.350003885279733, 0.0 ], [ -60.836375511962103, -31.366777037143546, 0.0 ], [ -60.900405213761928, -31.384458016482728, 0.0 ], [ -60.894849548751303, -31.369588111081921, 0.0 ], [ -60.939873805189102, -31.352041032971858, 0.0 ], [ -60.902901988567663, -31.307580503547896, 0.0 ], [ -60.918117273761027, -31.274071518420289, 0.0 ], [ -60.885273861758812, -31.25208594678827, 0.0 ], [ -60.893327648149786, -31.243292041126942, 0.0 ], [ -60.857863766920474, -31.242565047930277, 0.0 ], [ -60.835950154285193, -31.209605979284447, 0.0 ], [ -60.848768586976817, -31.182421931661487, 0.0 ], [ -60.830540044198365, -31.177341355641701, 0.0 ], [ -60.825721311232769, -31.144086290562594, 0.0 ], [ -60.779894117237852, -31.127737779910408, 0.0 ], [ -60.791877835367458, -31.118544897325506, 0.0 ], [ -60.776111369068587, -31.108733468764019, 0.0 ], [ -60.781609681139891, -31.094512415826919, 0.0 ], [ -60.827664563025053, -31.095331136053556, 0.0 ], [ -60.820226710101906, -31.081479588378187, 0.0 ], [ -60.845176548447434, -31.06338669131835, 0.0 ], [ -60.841175171897603, -31.041825849923413, 0.0 ], [ -60.804107775428264, -31.027628645616634, 0.0 ], [ -60.81333478852973, -31.015222342037426, 0.0 ] ] ] } },
{ "type": "Feature", "properties": { "loc": "AR014175" }, "geometry": { "type": "Polygon", "coordinates": [ [ [ -64.49217973186957, -29.820760106420778, 0.0 ], [ -64.405180955366149, -29.827615330157744, 0.0 ], [ -64.410106139591235, -29.93009459422991, 0.0 ], [ -64.210688970667732, -29.978071479020159, 0.0 ], [ -64.173644558493251, -30.063035535354071, 0.0 ], [ -63.953675343529149, -30.077007806837319, 0.0 ], [ -63.967276281596774, -30.128276059601848, 0.0 ], [ -63.927906777938709, -30.134465272078799, 0.0 ], [ -63.89029192927061, -30.10628520531165, 0.0 ], [ -63.858591280310996, -30.124769891068382, 0.0 ], [ -63.493703555703704, -30.188682101255971, 0.0 ], [ -63.49252906596189, -30.272178800071163, 0.0 ], [ -63.380967570203147, -30.270413376219878, 0.0 ], [ -63.380904662082109, -30.321469387922512, 0.0 ], [ -63.348479795832027, -30.323659334862931, 0.0 ], [ -63.325436988308205, -30.230402755185956, 0.0 ], [ -62.526983978268284, -30.378497042548396, 0.0 ], [ -62.538084203315975, -30.422280329344932, 0.0 ], [ -62.323659818781849, -30.455222223150059, 0.0 ], [ -62.328508525833541, -30.577151439759582, 0.0 ], [ -62.428587937988688, -30.554489153717249, 0.0 ], [ -62.444727678542627, -30.56858182381653, 0.0 ], [ -62.514314011041968, -30.564141270542734, 0.0 ], [ -62.553960123942318, -30.54803792380369, 0.0 ], [ -62.556538650828813, -30.525849931116575, 0.0 ], [ -62.62917697267504, -30.532577326350758, 0.0 ], [ -62.651423204510564, -30.511651460615994, 0.0 ], [ -62.704314302538805, -30.548806984571609, 0.0 ], [ -62.679787467385822, -30.567232829167811, 0.0 ], [ -62.685271157579251, -30.592664018970869, 0.0 ], [ -62.884611819684928, -30.635282515664116, 0.0 ], [ -62.876660833800152, -30.662021035100398, 0.0 ], [ -62.912341195538197, -30.658732526610596, 0.0 ], [ -62.914432341467275, -30.639805301254654, 0.0 ], [ -62.951638560885684, -30.674808207091694, 0.0 ], [ -62.937314513150326, -30.683515870231417, 0.0 ], [ -62.98584838050364, -30.677344124381474, 0.0 ], [ -63.025444413225216, -30.696783166348482, 0.0 ], [ -63.213639158374612, -30.662077727398803, 0.0 ], [ -63.207509541762654, -30.639008670877551, 0.0 ], [ -63.365041610720532, -30.609435461430326, 0.0 ], [ -63.356979535574418, -30.575860652843986, 0.0 ], [ -63.604329656418365, -30.526146470471222, 0.0 ], [ -63.615454376727214, -30.571915948804012, 0.0 ], [ -63.795702088579063, -30.569191277836733, 0.0 ], [ -63.802383822341035, -30.510260298165395, 0.0 ], [ -63.84550476698238, -30.510823955020708, 0.0 ], [ -63.847102290459475, -30.416595312518364, 0.0 ], [ -63.96356919582896, -30.414910695877239, 0.0 ], [ -64.005591601489158, -30.483222596189151, 0.0 ], [ -64.083312080969847, -30.465693083186572, 0.0 ], [ -64.298264153868161, -30.463715432173764, 0.0 ], [ -64.283718078527187, -30.388761385531804, 0.0 ], [ -64.37480130867624, -30.378590137722615, 0.0 ], [ -64.386299483801537, -30.340263459585156, 0.0 ], [ -64.356526428998805, -30.197403109221966, 0.0 ], [ -64.283239997827906, -30.201891006100457, 0.0 ], [ -64.269874209955574, -30.116012682051061, 0.0 ], [ -64.298706395380847, -30.114072034990507, 0.0 ], [ -64.296149082209809, -30.086319462569325, 0.0 ], [ -64.989395065011806, -30.015059709036723, 0.0 ], [ -64.985964147413469, -29.891056376556147, 0.0 ], [ -64.937932098740788, -29.847511124274174, 0.0 ], [ -64.964052192169888, -29.596091498270255, 0.0 ], [ -64.489208811883856, -29.522925144540189, 0.0 ], [ -64.49217973186957, -29.820760106420778, 0.0 ] ] ] } },
{ "type": "Feature", "properties": { "loc": "AR086161" }, "geometry": { "type": "Polygon", "coordinates": [ [ [ -63.832965105777923, -27.680503408285578, 0.0 ], [ -63.833324184854881, -27.733278766977875, 0.0 ], [ -63.741538136183721, -27.733051295643303, 0.0 ], [ -63.674286254714893, -27.751628239587649, 0.0 ], [ -63.656448829428001, -27.833788249704472, 0.0 ], [ -63.68917893153354, -27.983887734290146, 0.0 ], [ -63.729076524204416, -27.977283870554771, 0.0 ], [ -63.734566598724562, -28.003070341627645, 0.0 ], [ -63.923810519531933, -27.966973774247496, 0.0 ], [ -63.93047805272591, -28.036204343262369, 0.0 ], [ -63.963381653648781, -28.029768976481492, 0.0 ], [ -63.956497922017086, -28.000898175465071, 0.0 ], [ -64.046359857503077, -27.985375158283226, 0.0 ], [ -64.040975051161183, -27.961235187589637, 0.0 ], [ -64.109770833871153, -27.972600871773491, 0.0 ], [ -64.113782496131009, -27.943173023856215, 0.0 ], [ -64.150176022288278, -27.937282488702337, 0.0 ], [ -64.142058558818405, -27.918501880601543, 0.0 ], [ -64.154796860888368, -27.913435062173956, 0.0 ], [ -64.162093683701812, -27.864764449430346, 0.0 ], [ -64.207614175790752, -27.811755818401494, 0.0 ], [ -64.085356222551681, -27.739898197164017, 0.0 ], [ -64.085704135569657, -27.755041325871325, 0.0 ], [ -63.933906465821231, -27.736424706698244, 0.0 ], [ -63.934165262369753, -27.697500149247904, 0.0 ], [ -63.879813638436815, -27.655762359390511, 0.0 ], [ -63.832965105777923, -27.680503408285578, 0.0 ] ] ] } },
{ "type": "Feature", "properties": { "loc": "AR082084" }, "geometry": { "type": "Polygon", "coordinates": [ [ [ -60.819942702334941, -32.835451709332183, 0.0 ], [ -60.65892223078707, -32.833918048885394, 0.0 ], [ -60.68139773963258, -32.871564165814853, 0.0 ], [ -60.676208496528027, -32.899597168116614, 0.0 ], [ -60.62024559321609, -32.947944862502816, 0.0 ], [ -60.605492935004143, -32.999817112030662, 0.0 ], [ -60.513183594323785, -33.112915039516764, 0.0 ], [ -60.398003938823841, -33.186842744115886, 0.0 ], [ -60.342880926166544, -33.177890837878557, 0.0 ], [ -60.333292142635536, -33.214549972240242, 0.0 ], [ -60.402580053000868, -33.202725632802554, 0.0 ], [ -60.459129301970123, -33.257341339314081, 0.0 ], [ -60.491490191103985, -33.315064015233929, 0.0 ], [ -60.579747772323486, -33.361900917894054, 0.0 ], [ -60.682594209352764, -33.335376537623048, 0.0 ], [ -60.711278156586481, -33.307413856372378, 0.0 ], [ -60.761215449331772, -33.310173397805372, 0.0 ], [ -60.804327549160838, -33.265987846218891, 0.0 ], [ -60.888990947572367, -33.290053927093595, 0.0 ], [ -60.924140256755493, -33.33968391914761, 0.0 ], [ -61.001613700431356, -33.24738298749724, 0.0 ], [ -60.982059246988499, -33.245004128709624, 0.0 ], [ -60.995778344058721, -33.232384969366102, 0.0 ], [ -60.981661721814035, -33.192160540229793, 0.0 ], [ -60.94436460726191, -33.198206276786344, 0.0 ], [ -60.945690055293959, -33.161065473787573, 0.0 ], [ -60.924567892559971, -33.145725554285612, 0.0 ], [ -60.861080704021489, -32.885526826686117, 0.0 ], [ -60.805382579139525, -32.85466023199151, 0.0 ], [ -60.819942702334941, -32.835451709332183, 0.0 ] ] ] } },
{ "type": "Feature", "properties": { "loc": "AR018161" }, "geometry": { "type": "Polygon", "coordinates": [ [ [ -58.431840896392586, -28.305685996640861, 0.0 ], [ -58.311817169147808, -28.451076507792799, 0.0 ], [ -58.499755859406918, -28.590223312027216, 0.0 ], [ -58.507152556913645, -28.610225678091254, 0.0 ], [ -58.490421295508042, -28.646806717271609, 0.0 ], [ -58.548149108977242, -28.726329803638748, 0.0 ], [ -58.508567809524642, -28.783725738723046, 0.0 ], [ -58.460418700488979, -28.774662017329142, 0.0 ], [ -58.422885893159126, -28.740573883061053, 0.0 ], [ -58.30693626288307, -28.832480907450339, 0.0 ], [ -58.343109130467205, -28.882126807376547, 0.0 ], [ -58.377727508367968, -28.892904281004466, 0.0 ], [ -58.379673004151819, -28.915546417393557, 0.0 ], [ -58.401985167837623, -28.927547455379813, 0.0 ], [ -58.502212524435215, -28.924343108585209, 0.0 ], [ -58.497879028148439, -28.938715934437184, 0.0 ], [ -58.53298568711849, -28.965242385706599, 0.0 ], [ -58.533954621662041, -28.988815306806558, 0.0 ], [ -58.560707091321923, -28.985103608063561, 0.0 ], [ -58.571681976234643, -29.026613236104804, 0.0 ], [ -58.601367950150362, -29.046239852893486, 0.0 ], [ -58.70874023432831, -28.951208114606708, 0.0 ], [ -58.889827728138684, -28.844697952059921, 0.0 ], [ -58.989229201511826, -28.826660156623451, 0.0 ], [ -58.957289377904452, -28.763344447057452, 0.0 ], [ -58.927680969021935, -28.746883391943783, 0.0 ], [ -58.932653427987169, -28.729319572580881, 0.0 ], [ -58.856540680438449, -28.639122009077774, 0.0 ], [ -58.736029625236867, -28.587745188801534, 0.0 ], [ -58.600181580188917, -28.457349776362772, 0.0 ], [ -58.545207977126317, -28.376575469982864, 0.0 ], [ -58.490482329743394, -28.338943480822962, 0.0 ], [ -58.460433959272386, -28.3366661068222, 0.0 ], [ -58.431840896392586, -28.305685996640861, 0.0 ] ] ] } },
{ "type": "Feature", "properties": { "loc": "AR018014" }, "geometry": { "type": "MultiPolygon", "coordinates": [ [ [ [ -57.705349581855536, -27.325562362398241, 0.0 ], [ -57.609788418000093, -27.395708323139218, 0.0 ], [ -57.543505568092854, -27.432967010627987, 0.0 ], [ -57.507517641167837, -27.444200530100979, 0.0 ], [ -57.439004871789805, -27.438281657443749, 0.0 ], [ -57.38770835076452, -27.421561424986926, 0.0 ], [ -57.403911589632621, -27.515498161775607, 0.0 ], [ -57.454868316613478, -27.58346176125384, 0.0 ], [ -57.510223388363173, -27.610685347675592, 0.0 ], [ -57.548526764255513, -27.651056290200565, 0.0 ], [ -57.576194762716995, -27.649477004873173, 0.0 ], [ -57.584121704294894, -27.614562988304808, 0.0 ], [ -57.570316315058491, -27.605464935321788, 0.0 ], [ -57.639780681495097, -27.597484588545015, 0.0 ], [ -57.636871337428808, -27.573818206475526, 0.0 ], [ -57.689506531483744, -27.572961807634197, 0.0 ], [ -57.684234619118556, -27.493829727221303, 0.0 ], [ -57.790596008446038, -27.505714415871587, 0.0 ], [ -57.875953674316463, -27.439559936461105, 0.0 ], [ -57.827980042188393, -27.401155471788531, 0.0 ], [ -57.753257751053901, -27.408174515159331, 0.0 ], [ -57.742362976101582, -27.35563278209731, 0.0 ], [ -57.784458161469445, -27.363695144586877, 0.0 ], [ -57.793407287025993, -27.341484306532109, 0.0 ], [ -57.705349581855536, -27.325562362398241, 0.0 ] ] ], [ [ [ -57.566611281042768, -27.385117801227885, 0.0 ], [ -57.502452558710281, -27.403321769569352, 0.0 ], [ -57.404192006833398, -27.416599825780935, 0.0 ], [ -57.465599787728628, -27.431654260911181, 0.0 ], [ -57.478020917129669, -27.436615869313783, 0.0 ], [ -57.484351244325531, -27.435520893661966, 0.0 ], [ -57.492186626016405, -27.43870080026478, 0.0 ], [ -57.59341454504208, -27.392452464966258, 0.0 ], [ -57.566611281042768, -27.385117801227885, 0.0 ] ] ], [ [ [ -57.463196151149859, -27.433925898601881, 0.0 ], [ -57.451573999532194, -27.436581984375938, 0.0 ], [ -57.472950593002423, -27.438564375661542, 0.0 ], [ -57.463196151149859, -27.433925898601881, 0.0 ] ] ], [ [ [ -57.55194111242843, -27.419532980096278, 0.0 ], [ -57.539117089520801, -27.427377461918429, 0.0 ], [ -57.553168944131819, -27.419737619126344, 0.0 ], [ -57.55194111242843, -27.419532980096278, 0.0 ] ] ], [ [ [ -57.44205015700971, -27.427513888388933, 0.0 ], [ -57.450031063979985, -27.431947724676167, 0.0 ], [ -57.454805966346242, -27.430924532037118, 0.0 ], [ -57.44205015700971, -27.427513888388933, 0.0 ] ] ], [ [ [ -57.484117813505691, -27.436117367977289, 0.0 ], [ -57.479920862938705, -27.438493000964108, 0.0 ], [ -57.487839637932368, -27.439152899241588, 0.0 ], [ -57.484117813505691, -27.436117367977289, 0.0 ] ] ], [ [ [ -57.541231689563631, -27.427582099966262, 0.0 ], [ -57.54286879910034, -27.429696700151702, 0.0 ], [ -57.548394041765562, -27.426490693724713, 0.0 ], [ -57.541231689563631, -27.427582099966262, 0.0 ] ] ], [ [ [ -57.564560496419418, -27.41052888056501, 0.0 ], [ -57.557193504402498, -27.414144162311565, 0.0 ], [ -57.554601415650168, -27.416940890640664, 0.0 ], [ -57.564560496419418, -27.41052888056501, 0.0 ] ] ], [ [ [ -57.606365124403588, -27.382250928899715, 0.0 ], [ -57.610585795883942, -27.381637013011176, 0.0 ], [ -57.605789578292615, -27.381214945556508, 0.0 ], [ -57.606365124403588, -27.382250928899715, 0.0 ] ] ], [ [ [ -57.475474469980291, -27.438086884634377, 0.0 ], [ -57.478680474584301, -27.439996845116287, 0.0 ], [ -57.479294390435996, -27.438837226293849, 0.0 ], [ -57.475474469980291, -27.438086884634377, 0.0 ] ] ] ] } },
{ "type": "Feature", "properties": { "loc": "AR042105" }, "geometry": { "type": "Polygon", "coordinates": [ [ [ -63.38425880336807, -35.455492239089921, 0.0 ], [ -63.384172224639293, -35.905473102444134, 0.0 ], [ -63.940406251212302, -35.904449516558095, 0.0 ], [ -63.937379993208431, -35.452206739791833, 0.0 ], [ -63.38425880336807, -35.455492239089921, 0.0 ] ] ] } },
{ "type": "Feature", "properties": { "loc": "AR038056" }, "geometry": { "type": "Polygon", "coordinates": [ [ [ -65.608562580141736, -24.284263882750842, 0.0 ], [ -65.488098832917956, -24.295716039125118, 0.0 ], [ -65.450120886110327, -24.269809035254056, 0.0 ], [ -65.379626527538619, -24.277695553119347, 0.0 ], [ -65.345794871705834, -24.254992126112032, 0.0 ], [ -65.203971786750131, -24.286452779652862, 0.0 ], [ -65.178694601416723, -24.278348476865396, 0.0 ], [ -65.137621442822351, -24.327042069503232, 0.0 ], [ -65.269488289278371, -24.313825095308029, 0.0 ], [ -65.269406984558628, -24.362023147839544, 0.0 ], [ -65.357192293585499, -24.383036151078528, 0.0 ], [ -65.367932284322777, -24.410980710519457, 0.0 ], [ -65.350647233104098, -24.429042061105271, 0.0 ], [ -65.357260631124092, -24.462415882258171, 0.0 ], [ -65.425618954053647, -24.451516408627445, 0.0 ], [ -65.434660904325128, -24.462818848032875, 0.0 ], [ -65.464285194523541, -24.430577151572106, 0.0 ], [ -65.487618405819177, -24.427467494683288, 0.0 ], [ -65.50884757766643, -24.45745920430949, 0.0 ], [ -65.600151893986691, -24.417039691342111, 0.0 ], [ -65.620520601064342, -24.384439403664022, 0.0 ], [ -65.656331488911476, -24.377419994345406, 0.0 ], [ -65.682529353986311, -24.306607236268086, 0.0 ], [ -65.672332720028393, -24.249043735509744, 0.0 ], [ -65.608562580141736, -24.284263882750842, 0.0 ] ] ] } },
{ "type": "Feature", "properties": { "loc": "AR086070" }, "geometry": { "type": "Polygon", "coordinates": [ [ [ -63.211850811171601, -26.841755968589307, 0.0 ], [ -63.211779639448274, -26.878102255347837, 0.0 ], [ -63.234063775697216, -26.878067104401325, 0.0 ], [ -63.240821696476772, -27.108495987392764, 0.0 ], [ -63.257011224358692, -27.108591846325822, 0.0 ], [ -63.257244107206205, -27.149557630086605, 0.0 ], [ -63.22220139121638, -27.149492942080848, 0.0 ], [ -63.255199343990185, -27.312090922257553, 0.0 ], [ -63.208000200672544, -27.321495798755507, 0.0 ], [ -63.202529865732444, -27.439029202598203, 0.0 ], [ -63.252181293893067, -27.443444614046946, 0.0 ], [ -63.262946276659889, -27.496751989406057, 0.0 ], [ -63.23242389036627, -27.500053191677221, 0.0 ], [ -63.241607252531473, -27.536505700033434, 0.0 ], [ -63.18390466106051, -27.547458993639189, 0.0 ], [ -63.217321275469089, -27.701997128758844, 0.0 ], [ -63.228549415223355, -27.69994544947242, 0.0 ], [ -63.22349603242408, -27.728033182718274, 0.0 ], [ -63.265308842263849, -27.721171625187694, 0.0 ], [ -63.275245470540874, -27.766111408976247, 0.0 ], [ -63.341530042518507, -27.75483008541898, 0.0 ], [ -63.345230342412663, -27.770930949093408, 0.0 ], [ -63.499338787193985, -27.781371615556949, 0.0 ], [ -63.495501512185307, -27.824067744805934, 0.0 ], [ -63.47933143013433, -27.834243839103792, 0.0 ], [ -63.580909002214668, -27.867016049709402, 0.0 ], [ -63.592627944609241, -27.829567250824233, 0.0 ], [ -63.660507683782974, -27.817631755282321, 0.0 ], [ -63.674286254714893, -27.751628239587649, 0.0 ], [ -63.741538136183721, -27.733051295643303, 0.0 ], [ -63.833324184854881, -27.733278766977875, 0.0 ], [ -63.832965105777923, -27.680503408285578, 0.0 ], [ -63.879992353771023, -27.644795144513502, 0.0 ], [ -63.915972431217106, -27.65550377425712, 0.0 ], [ -63.988654103962318, -27.558674944722206, 0.0 ], [ -63.96017179886546, -27.517555822036947, 0.0 ], [ -63.995571987744505, -27.517790493482277, 0.0 ], [ -63.964539717695622, -27.396249112742701, 0.0 ], [ -64.003794245082162, -27.389478845907316, 0.0 ], [ -63.990280563073021, -27.33300314269469, 0.0 ], [ -64.000750807696804, -27.331179765461332, 0.0 ], [ -63.980857059672822, -27.247273563544535, 0.0 ], [ -63.926787727724673, -27.237746429091054, 0.0 ], [ -63.926553598015538, -27.192492528989849, 0.0 ], [ -63.97566489075539, -27.191458198881662, 0.0 ], [ -63.976083132876958, -27.144534125315335, 0.0 ], [ -63.940315599522044, -27.144902826918479, 0.0 ], [ -63.939781079470116, -27.030625845379451, 0.0 ], [ -63.989981354014823, -27.0302817437783, 0.0 ], [ -63.989020997483912, -26.904399364237218, 0.0 ], [ -63.879118585850357, -26.905126321723227, 0.0 ], [ -63.879501884405677, -26.936721537537597, 0.0 ], [ -63.824045913883296, -26.936931769709275, 0.0 ], [ -63.823954247096758, -26.924318080386971, 0.0 ], [ -63.548503835120442, -26.925531824946617, 0.0 ], [ -63.571021888177803, -26.887223987145468, 0.0 ], [ -63.378389533796806, -26.887996659517729, 0.0 ], [ -63.378395389015836, -26.764093258999658, 0.0 ], [ -63.233692409463814, -26.764780613781262, 0.0 ], [ -63.23343163931662, -26.841722000625168, 0.0 ], [ -63.211850811171601, -26.841755968589307, 0.0 ] ] ] } },
{ "type": "Feature", "properties": { "loc": "AR054098" }, "geometry": { "type": "Polygon", "coordinates": [ [ [ -55.254917351559314, -26.937599285289419, 0.0 ], [ -55.201068983611499, -26.969926646066138, 0.0 ], [ -55.202075958214081, -26.990356444212459, 0.0 ], [ -55.179534911878704, -26.990249633792789, 0.0 ], [ -55.17010879527934, -27.035030364931693, 0.0 ], [ -55.147445679574965, -27.054195403620195, 0.0 ], [ -55.09744644170263, -27.047456741667911, 0.0 ], [ -55.100452422933905, -27.179458617843977, 0.0 ], [ -55.135841370295488, -27.180006027275049, 0.0 ], [ -55.142906189712058, -27.280162811257938, 0.0 ], [ -55.185749054569001, -27.288259505952048, 0.0 ], [ -55.185581207053119, -27.311334609900712, 0.0 ], [ -55.212188721863789, -27.309686660842559, 0.0 ], [ -55.218177795252906, -27.326826095862984, 0.0 ], [ -55.270133971649201, -27.333084105884161, 0.0 ], [ -55.289554595877654, -27.353996277054303, 0.0 ], [ -55.288890839697373, -27.399206160991604, 0.0 ], [ -55.311149596742922, -27.373786926110053, 0.0 ], [ -55.322814940257757, -27.397960663229263, 0.0 ], [ -55.337722777943448, -27.397863388058788, 0.0 ], [ -55.358036041001753, -27.394643783403556, 0.0 ], [ -55.344718932834652, -27.386589050129537, 0.0 ], [ -55.356510161761818, -27.377223968836304, 0.0 ], [ -55.381343841652914, -27.389873505422486, 0.0 ], [ -55.377613068209385, -27.377487183194035, 0.0 ], [ -55.40004730216252, -27.365806579323717, 0.0 ], [ -55.405708313504817, -27.383937835579268, 0.0 ], [ -55.431961060253599, -27.379735946664489, 0.0 ], [ -55.428409576167731, -27.390800475682596, 0.0 ], [ -55.489910126082336, -27.364404677638205, 0.0 ], [ -55.470802306913903, -27.315427779595773, 0.0 ], [ -55.524055480798872, -27.291810988306366, 0.0 ], [ -55.510543822694046, -27.280048369990382, 0.0 ], [ -55.587604818381962, -27.313373202071435, 0.0 ], [ -55.602394010178188, -27.284618469582053, 0.0 ], [ -55.574386455725836, -27.270945090103364, 0.0 ], [ -55.574691439154691, -27.247461442002162, 0.0 ], [ -55.618761401791417, -27.187176581170714, 0.0 ], [ -55.607731203115065, -27.161303903955293, 0.0 ], [ -55.561119719689977, -27.16094809093353, 0.0 ], [ -55.561323042574756, -27.101324024017856, 0.0 ], [ -55.455544966192193, -27.106254574247508, 0.0 ], [ -55.445740405533293, -27.025377847310949, 0.0 ], [ -55.375741227990609, -26.966165973820555, 0.0 ], [ -55.306662705934833, -26.963878604971111, 0.0 ], [ -55.254917351559314, -26.937599285289419, 0.0 ] ] ] } },
{ "type": "Feature", "properties": { "loc": "AR006630" }, "geometry": { "type": "Polygon", "coordinates": [ [ [ -58.253578192722365, -35.818855287323487, 0.0 ], [ -58.205234535545628, -35.826095583400154, 0.0 ], [ -58.185874945552506, -35.86265564213506, 0.0 ], [ -58.147468573321248, -35.866500854878552, 0.0 ], [ -58.137680061963231, -35.905242920197388, 0.0 ], [ -58.103824625029915, -35.920417784022732, 0.0 ], [ -58.109962471108176, -35.935317993618092, 0.0 ], [ -58.089576731074438, -35.938209532156286, 0.0 ], [ -58.090686805322186, -35.949913023915471, 0.0 ], [ -58.016048440191405, -35.944564820747438, 0.0 ], [ -58.008087167698292, -35.959514617959222, 0.0 ], [ -58.034107216652508, -36.001602172870854, 0.0 ], [ -58.0287017912799, -36.025157929184914, 0.0 ], [ -57.966873179318469, -36.064788819257629, 0.0 ], [ -58.093463905700517, -36.154582975381331, 0.0 ], [ -57.960437774387181, -36.252735138316226, 0.0 ], [ -58.189659126534643, -36.452392576410389, 0.0 ], [ -58.101421363946933, -36.521369935805147, 0.0 ], [ -58.212615967082407, -36.615345000922467, 0.0 ], [ -58.578361516310686, -36.347290038764271, 0.0 ], [ -58.597011571078347, -36.363372802595599, 0.0 ], [ -58.750724796660521, -36.250305176207533, 0.0 ], [ -58.783321383962004, -36.225467681704494, 0.0 ], [ -58.763576511035112, -36.207965850966211, 0.0 ], [ -58.841129302900022, -36.141674041920773, 0.0 ], [ -58.82832336757064, -36.110485076640884, 0.0 ], [ -58.708332061422773, -36.016967773112633, 0.0 ], [ -58.572242742364239, -36.120677947611306, 0.0 ], [ -58.272670752209066, -35.858448029218053, 0.0 ], [ -58.253578192722365, -35.818855287323487, 0.0 ] ] ] } },
{ "type": "Feature", "properties": { "loc": "AR018154" }, "geometry": { "type": "Polygon", "coordinates": [ [ [ -57.254562377904072, -27.473548888676447, 0.0 ], [ -57.120547723384099, -27.493446177887666, 0.0 ], [ -57.036472265139508, -27.480595101677377, 0.0 ], [ -56.974306678047022, -27.495234257418147, 0.0 ], [ -56.944240570340725, -27.572044372622827, 0.0 ], [ -57.096832275341832, -27.665061950014302, 0.0 ], [ -57.116706847927766, -27.706237792956006, 0.0 ], [ -57.179237365722955, -27.754137038743099, 0.0 ], [ -57.194694518713298, -27.807371138735373, 0.0 ], [ -57.354621886985768, -27.934608458951363, 0.0 ], [ -57.41278457668065, -28.069335936840194, 0.0 ], [ -57.398334504294063, -28.148300171261191, 0.0 ], [ -57.44205856254581, -28.269845962590722, 0.0 ], [ -57.510433197084311, -28.340253830319448, 0.0 ], [ -57.589853285489284, -28.375169754162435, 0.0 ], [ -57.644290924008978, -28.419729232787912, 0.0 ], [ -57.658832549994365, -28.410524368115158, 0.0 ], [ -57.62934494026306, -28.369121551889467, 0.0 ], [ -57.680553436271964, -28.319606781032007, 0.0 ], [ -57.604724884238102, -28.252985001185529, 0.0 ], [ -57.671600341958474, -28.163282394108997, 0.0 ], [ -57.627571106241788, -28.136196135933805, 0.0 ], [ -57.777986526584435, -27.971588134962929, 0.0 ], [ -57.726867675254354, -27.932180404687251, 0.0 ], [ -57.593284606431169, -27.766372680244373, 0.0 ], [ -57.498580933023455, -27.691604613694121, 0.0 ], [ -57.422866820966895, -27.653562545700055, 0.0 ], [ -57.303886414161084, -27.550706863345116, 0.0 ], [ -57.228505453107438, -27.511791229127311, 0.0 ], [ -57.225212096325201, -27.496980667590144, 0.0 ], [ -57.254562377904072, -27.473548888676447, 0.0 ] ] ] } },
{ "type": "Feature", "properties": { "loc": "AR006693" }, "geometry": { "type": "Polygon", "coordinates": [ [ [ -59.494026184497976, -35.286636352905489, 0.0 ], [ -59.468494415714758, -35.307071686503022, 0.0 ], [ -59.392910005113883, -35.292819977069215, 0.0 ], [ -59.380256654025388, -35.333515167334397, 0.0 ], [ -59.322189333074327, -35.358749389987658, 0.0 ], [ -59.323947908312192, -35.374244690447789, 0.0 ], [ -59.298862459393035, -35.363700866630325, 0.0 ], [ -59.262840273418021, -35.390445709004304, 0.0 ], [ -59.167484284773494, -35.405349730345748, 0.0 ], [ -59.163642884701027, -35.421016693079281, 0.0 ], [ -59.127773286560149, -35.435943603657293, 0.0 ], [ -59.104591372219637, -35.427116393521587, 0.0 ], [ -59.008052827860347, -35.479480742900741, 0.0 ], [ -59.021030428545593, -35.514049530135779, 0.0 ], [ -59.047515870394001, -35.52864456177543, 0.0 ], [ -59.037078858944163, -35.562015533575376, 0.0 ], [ -59.07449340935505, -35.561134338026228, 0.0 ], [ -59.063198091787207, -35.576946258976953, 0.0 ], [ -59.032199862497713, -35.578159331368376, 0.0 ], [ -59.031505586953962, -35.606239318787821, 0.0 ], [ -59.143413545849818, -35.625415802488661, 0.0 ], [ -59.130748751122916, -35.698192596284152, 0.0 ], [ -59.174804690159753, -35.712078094543024, 0.0 ], [ -59.181358336738626, -35.756061553969737, 0.0 ], [ -59.412876129501988, -35.586006165084335, 0.0 ], [ -59.350139619029001, -35.529262542928556, 0.0 ], [ -59.379547119698216, -35.537464142057615, 0.0 ], [ -59.494934083009547, -35.492485046347333, 0.0 ], [ -59.524082185259012, -35.456588744528133, 0.0 ], [ -59.620506287844378, -35.451370238343728, 0.0 ], [ -59.647659303713006, -35.469047546065802, 0.0 ], [ -59.775329589470914, -35.478267669381346, 0.0 ], [ -59.76879882927053, -35.450313567471561, 0.0 ], [ -59.82550811759922, -35.406608581691067, 0.0 ], [ -59.755893708255655, -35.346187591519637, 0.0 ], [ -59.713428497839111, -35.377822876016211, 0.0 ], [ -59.642387391347832, -35.316249847086588, 0.0 ], [ -59.585311891318824, -35.35969161979061, 0.0 ], [ -59.494026184497976, -35.286636352905489, 0.0 ] ] ] } },
{ "type": "Feature", "properties": { "loc": "AR006224" }, "geometry": { "type": "Polygon", "coordinates": [ [ [ -60.007202148499537, -34.640201568713344, 0.0 ], [ -59.968967438030873, -34.691082001129537, 0.0 ], [ -59.944465636229907, -34.671737671593156, 0.0 ], [ -59.790000916013646, -34.788215637194249, 0.0 ], [ -59.810279847258421, -34.806545257992298, 0.0 ], [ -59.782398224032498, -34.84353256209171, 0.0 ], [ -59.698501588021628, -34.89716720616331, 0.0 ], [ -59.605773927066281, -34.997203826891109, 0.0 ], [ -59.822776793571116, -35.176414490337123, 0.0 ], [ -59.83540725648448, -35.158447266004409, 0.0 ], [ -59.871017455307282, -35.15177536066421, 0.0 ], [ -59.8998184215815, -35.116722107194455, 0.0 ], [ -59.975440978242595, -35.132179259806144, 0.0 ], [ -60.046833037650757, -35.092071532707592, 0.0 ], [ -60.133201598371677, -35.081581116630915, 0.0 ], [ -60.157150268824644, -35.062408447320905, 0.0 ], [ -60.122848511128943, -35.032699585507849, 0.0 ], [ -60.303653716547807, -34.88130950863502, 0.0 ], [ -60.166923523195898, -34.773136139257744, 0.0 ], [ -60.177272797090247, -34.759960174847912, 0.0 ], [ -60.163486480883954, -34.748172759661109, 0.0 ], [ -60.190086364506307, -34.727039336876949, 0.0 ], [ -60.106254577875781, -34.657279967611508, 0.0 ], [ -60.063518523604436, -34.690483092960065, 0.0 ], [ -60.007202148499537, -34.640201568713344, 0.0 ] ] ] } },
{ "type": "Feature", "properties": { "loc": "AR082028" }, "geometry": { "type": "Polygon", "coordinates": [ [ [ -60.286883111627702, -33.216586006227026, 0.0 ], [ -60.297828631512111, -33.242284183983607, 0.0 ], [ -60.26580810505623, -33.258483886521446, 0.0 ], [ -60.264447741305737, -33.27963048046373, 0.0 ], [ -60.323725118995625, -33.349104930698417, 0.0 ], [ -60.335158407909638, -33.412705143091976, 0.0 ], [ -60.409576049788576, -33.467789664330304, 0.0 ], [ -60.423555382508397, -33.529120270923165, 0.0 ], [ -60.413799593182915, -33.545954956904232, 0.0 ], [ -60.456689377047141, -33.582539169313968, 0.0 ], [ -60.462638028943431, -33.634887310060833, 0.0 ], [ -60.556924169898664, -33.646844101543671, 0.0 ], [ -60.619147073997851, -33.629533523215095, 0.0 ], [ -60.684582250246784, -33.585156575633277, 0.0 ], [ -60.780890933691182, -33.578613058788086, 0.0 ], [ -60.818129496951379, -33.539649385314618, 0.0 ], [ -60.86262541733965, -33.546668795194627, 0.0 ], [ -60.915687395596187, -33.585989388555682, 0.0 ], [ -60.930737486897009, -33.652019428359225, 0.0 ], [ -61.125938556764936, -33.833148900814315, 0.0 ], [ -61.422263807311197, -33.443157026447707, 0.0 ], [ -61.468317984917171, -33.467976852506553, 0.0 ], [ -61.522043360027872, -33.398095765098361, 0.0 ], [ -61.361107135182301, -33.39509278295332, 0.0 ], [ -61.383053813006562, -33.366704806989674, 0.0 ], [ -61.313782348099124, -33.329083964574529, 0.0 ], [ -61.188837271537203, -33.491621316572264, 0.0 ], [ -61.074989232800341, -33.419047068051434, 0.0 ], [ -61.066812685337595, -33.429335236233662, 0.0 ], [ -60.987473478545844, -33.393328677529738, 0.0 ], [ -60.933744809312998, -33.356878932976159, 0.0 ], [ -60.894598882854424, -33.293707593907079, 0.0 ], [ -60.819877168438325, -33.26655562733167, 0.0 ], [ -60.759675440490739, -33.310794648720893, 0.0 ], [ -60.711278156586481, -33.307413856372378, 0.0 ], [ -60.682594209352764, -33.335376537623048, 0.0 ], [ -60.580187821048561, -33.361959449877801, 0.0 ], [ -60.491490191103985, -33.315064015233929, 0.0 ], [ -60.459129301970123, -33.257341339314081, 0.0 ], [ -60.402580053000868, -33.202725632802554, 0.0 ], [ -60.337743662279287, -33.217466101268172, 0.0 ], [ -60.345217002249434, -33.18437282290833, 0.0 ], [ -60.329475463301357, -33.176849008153368, 0.0 ], [ -60.297114794254732, -33.188984258058426, 0.0 ], [ -60.286883111627702, -33.216586006227026, 0.0 ] ] ] } },
{ "type": "Feature", "properties": { "loc": "AR082091" }, "geometry": { "type": "Polygon", "coordinates": [ [ [ -61.27886957341515, -29.517166041153438, 0.0 ], [ -61.236707400676544, -29.545887056208738, 0.0 ], [ -61.202160245703091, -29.539993280868185, 0.0 ], [ -61.201707146253575, -29.551972488573966, 0.0 ], [ -61.12282219414481, -29.567631169472971, 0.0 ], [ -61.075406739201689, -29.651227150317091, 0.0 ], [ -60.96946732988566, -29.67741831300582, 0.0 ], [ -60.911107760023235, -29.673316645259504, 0.0 ], [ -60.877411114689423, -29.701042848543956, 0.0 ], [ -60.843681370030673, -29.701817269128707, 0.0 ], [ -60.826622406802684, -29.761749216831237, 0.0 ], [ -60.801193389118303, -29.746048449642092, 0.0 ], [ -60.764671102041447, -29.754491551577495, 0.0 ], [ -60.766441089476686, -29.790352636830782, 0.0 ], [ -60.719082343380812, -29.867359706286226, 0.0 ], [ -60.699431734269943, -29.875059364528564, 0.0 ], [ -60.722220307788589, -29.91526576136749, 0.0 ], [ -60.693081748342387, -29.962009884698585, 0.0 ], [ -60.726739454403564, -29.981553218880251, 0.0 ], [ -60.718100357214489, -30.009248450608336, 0.0 ], [ -60.728639781098302, -30.028553172858153, 0.0 ], [ -60.738901986682059, -30.022751359571707, 0.0 ], [ -60.752071728023438, -30.079676550838894, 0.0 ], [ -60.701341071066985, -30.142374910145904, 0.0 ], [ -60.73582345661012, -30.210264558259258, 0.0 ], [ -60.697807034060553, -30.254011759404943, 0.0 ], [ -60.65681258135978, -30.259029150200654, 0.0 ], [ -60.641553620975607, -30.288385181649033, 0.0 ], [ -60.656796020917511, -30.30374611940805, 0.0 ], [ -60.649947516719671, -30.342164629756166, 0.0 ], [ -60.672629382958966, -30.342216164110823, 0.0 ], [ -60.682599334241452, -30.37921380010004, 0.0 ], [ -60.652517043385316, -30.397849785950516, 0.0 ], [ -60.666085617848225, -30.399444524235136, 0.0 ], [ -60.653704050252287, -30.417457898948729, 0.0 ], [ -60.664037963853609, -30.423257919036764, 0.0 ], [ -60.646612813179836, -30.427138261945593, 0.0 ], [ -60.659127406896296, -30.42978613003233, 0.0 ], [ -60.638020070856079, -30.479391689879915, 0.0 ], [ -60.650847618752877, -30.474708228786412, 0.0 ], [ -60.655551462583546, -30.510231089930116, 0.0 ], [ -60.68535218729366, -30.50919699201377, 0.0 ], [ -60.674971732875775, -30.518737572676148, 0.0 ], [ -60.689907093145145, -30.542113665999668, 0.0 ], [ -60.66099797420231, -30.550125190200344, 0.0 ], [ -60.664122816918706, -30.570904388434776, 0.0 ], [ -60.639449733342545, -30.579445231218056, 0.0 ], [ -60.627398558023287, -30.603734635612337, 0.0 ], [ -60.619086269731206, -30.594164902546517, 0.0 ], [ -60.627861504804962, -30.618435261947301, 0.0 ], [ -60.609041996333708, -30.634010024336288, 0.0 ], [ -60.619186310612839, -30.650864427472943, 0.0 ], [ -60.590903710885108, -30.666329835481424, 0.0 ], [ -60.608210848083381, -30.703270170949295, 0.0 ], [ -60.598091303051561, -30.713480938938105, 0.0 ], [ -60.626186973250128, -30.731604522898152, 0.0 ], [ -60.622486717373427, -30.746861776890658, 0.0 ], [ -60.67904549387459, -30.744715722616974, 0.0 ], [ -60.688046394730854, -30.758281393280029, 0.0 ], [ -60.701489379327136, -30.747569651316379, 0.0 ], [ -60.725040662946185, -30.768913429349791, 0.0 ], [ -60.710855326768772, -30.77234192485562, 0.0 ], [ -60.718124482369767, -30.786481112237141, 0.0 ], [ -60.760275180028941, -30.80779311308212, 0.0 ], [ -60.794663593708528, -30.7828784743364, 0.0 ], [ -60.822692486742142, -30.802181723097874, 0.0 ], [ -60.891424883427341, -30.76308398530449, 0.0 ], [ -60.903808057211002, -30.71220917765373, 0.0 ], [ -60.924807208243244, -30.706384901367592, 0.0 ], [ -60.892471288681001, -30.669304454671561, 0.0 ], [ -61.178513888885959, -30.609689656402388, 0.0 ], [ -61.209783263864189, -30.747943971376618, 0.0 ], [ -61.4231295487848, -30.711694106341849, 0.0 ], [ -61.43806638229124, -30.776079725326166, 0.0 ], [ -61.65527958842155, -30.737504244542595, 0.0 ], [ -61.666156198540513, -30.782457058563416, 0.0 ], [ -61.843368383571374, -30.750750953346849, 0.0 ], [ -62.13060252623719, -30.479927687076071, 0.0 ], [ -61.99225835137387, -29.661597310787943, 0.0 ], [ -61.92792338497253, -29.662062004304662, 0.0 ], [ -61.942139314175243, -29.740619054885752, 0.0 ], [ -61.906989265678661, -29.778501143266055, 0.0 ], [ -61.747212423606747, -29.775346909941934, 0.0 ], [ -61.353687594416215, -29.839635000804229, 0.0 ], [ -61.27886957341515, -29.517166041153438, 0.0 ] ] ] } },
{ "type": "Feature", "properties": { "loc": "AR030008" }, "geometry": { "type": "Polygon", "coordinates": [ [ [ -58.288491224324524, -31.672785205952401, 0.0 ], [ -58.278983025064363, -31.698534458093501, 0.0 ], [ -58.228508665543323, -31.735369673506849, 0.0 ], [ -58.162584837220855, -31.744294534249644, 0.0 ], [ -58.122384603029069, -31.721150885078476, 0.0 ], [ -58.086878368929057, -31.734295198035785, 0.0 ], [ -58.082169022917299, -31.720195286358052, 0.0 ], [ -58.063604067353147, -31.738104691098368, 0.0 ], [ -58.036984923851101, -31.727222136245771, 0.0 ], [ -58.038504603817238, -31.759884746658884, 0.0 ], [ -58.083943269265269, -31.819572711906293, 0.0 ], [ -58.190237362201557, -31.852978362062689, 0.0 ], [ -58.206810308114747, -31.871645232970433, 0.0 ], [ -58.138299954306504, -32.001842502048625, 0.0 ], [ -58.143142157555531, -32.060555702936782, 0.0 ], [ -58.167404183735805, -32.091381704077207, 0.0 ], [ -58.183326346938038, -32.159199911747798, 0.0 ], [ -58.104918348142846, -32.244510727602339, 0.0 ], [ -58.099082720478982, -32.270130384160126, 0.0 ], [ -58.123566778756434, -32.340766171446425, 0.0 ], [ -58.184578437645662, -32.380633793835841, 0.0 ], [ -58.197152420782174, -32.356819005198794, 0.0 ], [ -58.224328927595508, -32.366998589974301, 0.0 ], [ -58.235993714154851, -32.346052398714626, 0.0 ], [ -58.285917940904355, -32.331519220403912, 0.0 ], [ -58.340014810707522, -32.264408920255413, 0.0 ], [ -58.417097524065746, -32.249674792193588, 0.0 ], [ -58.411753305405007, -32.184261526204388, 0.0 ], [ -58.528945526704561, -32.190712597933135, 0.0 ], [ -58.5548499436171, -32.245321148334305, 0.0 ], [ -58.586270727839839, -32.196260829140478, 0.0 ], [ -58.628258111780347, -32.192945389562553, 0.0 ], [ -58.651693072553265, -32.162080157992875, 0.0 ], [ -58.665977263836105, -32.061977017700393, 0.0 ], [ -58.69734150180664, -32.028799351361549, 0.0 ], [ -58.698959108020226, -31.978152387179623, 0.0 ], [ -58.707505077762114, -31.964821660327349, 0.0 ], [ -58.731447208479807, -31.976795894683256, 0.0 ], [ -58.742708819461548, -31.921607549141765, 0.0 ], [ -58.729326715488703, -31.856570574773482, 0.0 ], [ -58.698352145128837, -31.860863328262511, 0.0 ], [ -58.708576996068153, -31.88819062254991, 0.0 ], [ -58.607473061619672, -31.90239197303006, 0.0 ], [ -58.627773651245938, -31.882961152595612, 0.0 ], [ -58.594143919621025, -31.845614038721969, 0.0 ], [ -58.564755174876638, -31.861722913354996, 0.0 ], [ -58.536793353655391, -31.843207535425581, 0.0 ], [ -58.543207998520479, -31.822279014774804, 0.0 ], [ -58.507129934639842, -31.787599474501945, 0.0 ], [ -58.460268149135551, -31.816118232110313, 0.0 ], [ -58.400639263369925, -31.81119336205996, 0.0 ], [ -58.430793963827846, -31.741355608882969, 0.0 ], [ -58.378802974121051, -31.743797331938346, 0.0 ], [ -58.373415347967487, -31.721548655738317, 0.0 ], [ -58.288491224324524, -31.672785205952401, 0.0 ] ] ] } },
{ "type": "Feature", "properties": { "loc": "AR090007" }, "geometry": { "type": "Polygon", "coordinates": [ [ [ -64.622259173455333, -26.224129819281206, 0.0 ], [ -64.495146840303562, -26.218868948880882, 0.0 ], [ -64.50227936304816, -26.239006289231408, 0.0 ], [ -64.48198842132804, -26.306837620297731, 0.0 ], [ -64.521371450021022, -26.353031526280088, 0.0 ], [ -64.53438690930561, -26.410613895041461, 0.0 ], [ -64.498763622029117, -26.673464965745509, 0.0 ], [ -64.587517514358268, -26.658117443214753, 0.0 ], [ -64.617889424756939, -26.802693197660176, 0.0 ], [ -64.672617026873937, -26.794008163631354, 0.0 ], [ -64.677569830700747, -26.824509328849178, 0.0 ], [ -64.707200711838397, -26.81951016831837, 0.0 ], [ -64.719700990002494, -26.884827448151487, 0.0 ], [ -64.738035153098778, -26.885345020967485, 0.0 ], [ -64.736642024196598, -26.866960660140837, 0.0 ], [ -64.808372965859178, -26.839843188196703, 0.0 ], [ -64.805185120698624, -26.822490159351599, 0.0 ], [ -64.845995818516457, -26.815032020880579, 0.0 ], [ -64.852081176930994, -26.840917570306427, 0.0 ], [ -64.894047030949096, -26.833003826877402, 0.0 ], [ -64.879699311707668, -26.77394713624534, 0.0 ], [ -64.93688577882709, -26.763534947762135, 0.0 ], [ -64.947885140136378, -26.806720568220005, 0.0 ], [ -65.104677812072069, -26.776862706710826, 0.0 ], [ -65.099867306776162, -26.75574169826141, 0.0 ], [ -65.130144467370243, -26.74401345016172, 0.0 ], [ -65.158069297764712, -26.757746164980798, 0.0 ], [ -65.173144292161837, -26.65644459781111, 0.0 ], [ -65.191811924264641, -26.640989407814043, 0.0 ], [ -65.165428133078834, -26.599397055954054, 0.0 ], [ -65.171904571255681, -26.578438072767408, 0.0 ], [ -65.191430893057102, -26.58075004158864, 0.0 ], [ -65.191155750763656, -26.553675199393226, 0.0 ], [ -65.167333331337375, -26.553633485115697, 0.0 ], [ -65.140915608088321, -26.507788840041982, 0.0 ], [ -65.113438946290799, -26.506944562510899, 0.0 ], [ -65.102767385618591, -26.400889507685012, 0.0 ], [ -65.044727487538239, -26.320316877276895, 0.0 ], [ -65.040492277723317, -26.273996929993952, 0.0 ], [ -64.973664036352574, -26.276937521382166, 0.0 ], [ -64.951182088383121, -26.306848084105006, 0.0 ], [ -64.873443097319367, -26.274922198058398, 0.0 ], [ -64.845318960407766, -26.238596438574639, 0.0 ], [ -64.790411826387981, -26.223718169088709, 0.0 ], [ -64.662387970022465, -26.244232722063938, 0.0 ], [ -64.622259173455333, -26.224129819281206, 0.0 ] ] ] } },
{ "type": "Feature", "properties": { "loc": "AR054105" }, "geometry": { "type": "Polygon", "coordinates": [ [ [ -55.076572417904643, -27.61525535564515, 0.0 ], [ -55.038314818362529, -27.647363662620773, 0.0 ], [ -54.998657227687779, -27.734270095765375, 0.0 ], [ -54.976066588958865, -27.749237061496117, 0.0 ], [ -54.976167922516161, -27.771127885293254, 0.0 ], [ -55.005044347274243, -27.796571959668693, 0.0 ], [ -55.055930574471603, -27.770048764462082, 0.0 ], [ -55.083936364632727, -27.785968453894654, 0.0 ], [ -55.028735424022848, -27.828052521133483, 0.0 ], [ -55.026260784604041, -27.850467044100821, 0.0 ], [ -55.11587128613359, -27.850467044100821, 0.0 ], [ -55.134383492624252, -27.896152695051647, 0.0 ], [ -55.171451025637523, -27.861077050686877, 0.0 ], [ -55.19720126290121, -27.857129534347632, 0.0 ], [ -55.264206885607948, -27.928894078785795, 0.0 ], [ -55.31066645134208, -27.921644088614965, 0.0 ], [ -55.362674712956853, -27.774511337353907, 0.0 ], [ -55.325603484274502, -27.783607483007241, 0.0 ], [ -55.28686142060473, -27.727005004888991, 0.0 ], [ -55.260608672957623, -27.740264893134338, 0.0 ], [ -55.194831848541511, -27.733272551525019, 0.0 ], [ -55.189228058086172, -27.699012755878456, 0.0 ], [ -55.165458678787516, -27.695247649608209, 0.0 ], [ -55.171600341807419, -27.620294571631046, 0.0 ], [ -55.076572417904643, -27.61525535564515, 0.0 ] ] ] } },
{ "type": "Feature", "properties": { "loc": "AR006238" }, "geometry": { "type": "Polygon", "coordinates": [ [ [ -57.645233155232383, -36.107498173651592, 0.0 ], [ -57.419166565090194, -36.157215118615703, 0.0 ], [ -57.473365785343589, -36.340244298559561, 0.0 ], [ -57.34424591156791, -36.365428924836436, 0.0 ], [ -57.445060730428708, -36.479000091845343, 0.0 ], [ -57.400661468765001, -36.51253128095356, 0.0 ], [ -57.655048377995385, -36.727725974948214, 0.0 ], [ -57.776355742983945, -36.634838104442935, 0.0 ], [ -57.763298034134912, -36.624389647818141, 0.0 ], [ -57.848567963348188, -36.555244445474329, 0.0 ], [ -57.778236388489134, -36.492824554060938, 0.0 ], [ -57.811229705956073, -36.467727661150342, 0.0 ], [ -57.775684356513644, -36.437599181365961, 0.0 ], [ -57.988739014157062, -36.27769088674092, 0.0 ], [ -57.972732544065408, -36.263668060210577, 0.0 ], [ -57.883781432903859, -36.302219391134564, 0.0 ], [ -57.872333528400169, -36.267276768019684, 0.0 ], [ -57.815853119127759, -36.278850554933605, 0.0 ], [ -57.784687044119003, -36.177516943314693, 0.0 ], [ -57.671730042515833, -36.203025818052573, 0.0 ], [ -57.645233155232383, -36.107498173651592, 0.0 ] ] ] } },
{ "type": "Feature", "properties": { "loc": "AR082056" }, "geometry": { "type": "Polygon", "coordinates": [ [ [ -61.192770445295714, -32.438831770701682, 0.0 ], [ -60.896692850391815, -32.467447953855597, 0.0 ], [ -60.867642836086546, -32.451597732319328, 0.0 ], [ -60.827821906540336, -32.458237602923035, 0.0 ], [ -60.855669249156691, -32.474469789184546, 0.0 ], [ -60.86020454298891, -32.50206755369571, 0.0 ], [ -60.842397116042605, -32.590678541459425, 0.0 ], [ -60.812422163981466, -32.637559452537843, 0.0 ], [ -60.874438201342073, -32.680302201897057, 0.0 ], [ -60.888647121888951, -32.668881792121958, 0.0 ], [ -60.995131137540902, -32.69417077259849, 0.0 ], [ -61.05469089794542, -32.770020375545187, 0.0 ], [ -61.062543111369806, -32.802532287380451, 0.0 ], [ -61.17800064722816, -32.85723778693562, 0.0 ], [ -61.246233055999284, -32.943182812682529, 0.0 ], [ -61.236294596057405, -32.951190373763176, 0.0 ], [ -61.296765182582995, -32.986913197163872, 0.0 ], [ -61.543062330590232, -33.04129052705958, 0.0 ], [ -61.565237180496638, -33.063718688859211, 0.0 ], [ -61.635657040883508, -33.066655197077736, 0.0 ], [ -61.649399374675177, -33.088897055024603, 0.0 ], [ -61.712784272052261, -33.090654231922301, 0.0 ], [ -61.642431482579454, -32.883241135844933, 0.0 ], [ -61.51828995353074, -32.849087012839284, 0.0 ], [ -61.532835909395814, -32.846618671950012, 0.0 ], [ -61.437693249969989, -32.39378485651541, 0.0 ], [ -61.192770445295714, -32.438831770701682, 0.0 ] ] ] } },
{ "type": "Feature", "properties": { "loc": "AR014133" }, "geometry": { "type": "Polygon", "coordinates": [ [ [ -64.992026970690773, -31.866750965987102, 0.0 ], [ -64.928818053277865, -31.909291780019604, 0.0 ], [ -64.962229192454785, -32.226814246894733, 0.0 ], [ -64.952800154534145, -32.308596159648424, 0.0 ], [ -64.976147233122788, -32.321127480084527, 0.0 ], [ -65.21141643542839, -32.325588969528823, 0.0 ], [ -65.208382623491318, -32.248375462537247, 0.0 ], [ -65.23223671931116, -32.209054869386406, 0.0 ], [ -65.224391740019769, -32.167483290997296, 0.0 ], [ -65.244907348595831, -32.090141307944442, 0.0 ], [ -65.313019419051486, -32.041540818161458, 0.0 ], [ -65.606365344974222, -31.908318787107504, 0.0 ], [ -65.605852755493316, -31.895464732960917, 0.0 ], [ -65.352631821772491, -31.904233729955717, 0.0 ], [ -65.352274134185919, -31.92060788706597, 0.0 ], [ -65.251988356552133, -31.948400008976474, 0.0 ], [ -65.204125074371888, -31.930733265317617, 0.0 ], [ -65.179884341857132, -31.939711295951835, 0.0 ], [ -65.173975880586653, -31.925800078737055, 0.0 ], [ -65.103997404719692, -31.91499130715529, 0.0 ], [ -65.044972811154111, -31.872023239538628, 0.0 ], [ -64.992026970690773, -31.866750965987102, 0.0 ] ] ] } },
{ "type": "Feature", "properties": { "loc": "AR006322" }, "geometry": { "type": "Polygon", "coordinates": [ [ [ -61.422630310065664, -36.863872527854795, 0.0 ], [ -60.891506195333619, -37.302337645788398, 0.0 ], [ -60.977188109902485, -37.369144440371777, 0.0 ], [ -60.878238677763449, -37.451011658126802, 0.0 ], [ -61.508979797756453, -37.938896179196618, 0.0 ], [ -61.60556793181437, -37.861793517376682, 0.0 ], [ -61.442371367847542, -37.735027313464549, 0.0 ], [ -61.53824615512822, -37.656429291347941, 0.0 ], [ -61.488655090161437, -37.618865967481568, 0.0 ], [ -61.596969603766169, -37.530513763016287, 0.0 ], [ -61.536724091033314, -37.483291625664386, 0.0 ], [ -61.750057220126607, -37.303924561574448, 0.0 ], [ -61.744430542394454, -37.271533966162082, 0.0 ], [ -61.702259064007841, -37.218315125427338, 0.0 ], [ -61.734565735322725, -37.092948913420713, 0.0 ], [ -61.422630310065664, -36.863872527854795, 0.0 ] ] ] } },
{ "type": "Feature", "properties": { "loc": "AR006070" }, "geometry": { "type": "Polygon", "coordinates": [ [ [ -59.393677755661336, -33.736573151635234, 0.0 ], [ -59.239807129071707, -33.730102539442136, 0.0 ], [ -59.254821777343004, -33.793884276994049, 0.0 ], [ -59.225800827130435, -33.812422809157809, 0.0 ], [ -59.28562927273812, -33.824577331536176, 0.0 ], [ -59.302974702421984, -33.851005554306035, 0.0 ], [ -59.239894867525507, -33.896125792741444, 0.0 ], [ -59.229629517838248, -33.925098418748121, 0.0 ], [ -59.259140015744684, -33.941349030441486, 0.0 ], [ -59.340835571798635, -33.925601958673489, 0.0 ], [ -59.345371247414839, -33.952266693320468, 0.0 ], [ -59.319721223509312, -34.02360916061032, 0.0 ], [ -59.406955719739933, -34.060382842997143, 0.0 ], [ -59.395595551893415, -34.07421112113677, 0.0 ], [ -59.463462831434157, -34.135143279913869, 0.0 ], [ -59.510604858967731, -34.099063873418736, 0.0 ], [ -59.562534332942199, -34.168144226253645, 0.0 ], [ -59.675720215398293, -34.166770934939734, 0.0 ], [ -59.72312545739495, -34.130828857288442, 0.0 ], [ -59.708549499596046, -34.093215941648332, 0.0 ], [ -59.754108428799348, -34.013481139718756, 0.0 ], [ -59.714271546071998, -33.946117401458096, 0.0 ], [ -59.653244018443296, -33.917121887422915, 0.0 ], [ -59.604583741061504, -33.865974425746721, 0.0 ], [ -59.602840423708741, -33.821987152173286, 0.0 ], [ -59.573234559753438, -33.776206970073702, 0.0 ], [ -59.510253906949167, -33.778686523367199, 0.0 ], [ -59.562572480799055, -33.759178162410564, 0.0 ], [ -59.49156718474827, -33.640916111940413, 0.0 ], [ -59.456481933529723, -33.719177246029709, 0.0 ], [ -59.393677755661336, -33.736573151635234, 0.0 ] ] ] } },
{ "type": "Feature", "properties": { "loc": "AR014077" }, "geometry": { "type": "Polygon", "coordinates": [ [ [ -65.771494711529968, -31.261402053140234, 0.0 ], [ -64.911018986053605, -31.282302310957164, 0.0 ], [ -64.921224798098777, -31.402700959374062, 0.0 ], [ -65.06651663499764, -31.413536897154522, 0.0 ], [ -65.133500316353548, -31.450604163404254, 0.0 ], [ -65.171952097524098, -31.453319956952136, 0.0 ], [ -65.182061064893432, -31.490386031766363, 0.0 ], [ -65.166491911750072, -31.490829088121689, 0.0 ], [ -65.166524119946288, -31.559577292461878, 0.0 ], [ -65.250714576920288, -31.567036620952951, 0.0 ], [ -65.236815671266186, -31.67548179509377, 0.0 ], [ -65.261290195723532, -31.673689782498379, 0.0 ], [ -65.273401959713752, -31.649834009278308, 0.0 ], [ -65.399468826351352, -31.64904415875759, 0.0 ], [ -65.399265993048402, -31.620130041804572, 0.0 ], [ -65.469263432351013, -31.619858579923172, 0.0 ], [ -65.470109776502696, -31.691025543578391, 0.0 ], [ -65.48456031421658, -31.691071825439355, 0.0 ], [ -65.502235219895525, -31.759374416496588, 0.0 ], [ -65.770407883885142, -31.743343509553636, 0.0 ], [ -65.771494711529968, -31.261402053140234, 0.0 ] ] ] } },
{ "type": "Feature", "properties": { "loc": "AR086175" }, "geometry": { "type": "Polygon", "coordinates": [ [ [ -64.081951587861937, -28.278226783044399, 0.0 ], [ -64.060096787029991, -28.094337382115331, 0.0 ], [ -64.109770833871153, -27.972600871773491, 0.0 ], [ -64.040975051161183, -27.961235187589637, 0.0 ], [ -64.046359857503077, -27.985375158283226, 0.0 ], [ -63.956497922017086, -28.000898175465071, 0.0 ], [ -63.963381653648781, -28.029768976481492, 0.0 ], [ -63.93047805272591, -28.036204343262369, 0.0 ], [ -63.923810519531933, -27.966973774247496, 0.0 ], [ -63.734566598724562, -28.003070341627645, 0.0 ], [ -63.737018636530841, -28.014485162367507, 0.0 ], [ -63.641670022156454, -28.090280328111742, 0.0 ], [ -63.653861674223201, -28.147529948277931, 0.0 ], [ -63.606406644000252, -28.149717728319089, 0.0 ], [ -63.628522347031726, -28.251809404228883, 0.0 ], [ -63.611537045657037, -28.254620298835295, 0.0 ], [ -63.635768556965424, -28.351237518406212, 0.0 ], [ -63.709886077097828, -28.348398746185271, 0.0 ], [ -63.711098393997936, -28.371614909214671, 0.0 ], [ -63.694057069190571, -28.379495598585383, 0.0 ], [ -63.786460123019666, -28.435725355955977, 0.0 ], [ -63.81624685287597, -28.41549040948366, 0.0 ], [ -63.81904224205519, -28.39456136799647, 0.0 ], [ -63.838894114213886, -28.405059990688095, 0.0 ], [ -63.875878341060975, -28.376540140943582, 0.0 ], [ -63.902197850601674, -28.392885726536672, 0.0 ], [ -63.927063945301491, -28.367457122416941, 0.0 ], [ -63.948241077744342, -28.381399821580352, 0.0 ], [ -63.968951353937406, -28.343362239856727, 0.0 ], [ -64.03055523346589, -28.335461926302109, 0.0 ], [ -64.017114544065151, -28.307710988977242, 0.0 ], [ -64.051899188446882, -28.328498066209487, 0.0 ], [ -64.081951587861937, -28.278226783044399, 0.0 ] ] ] } },
{ "type": "Feature", "properties": { "loc": "AR082126" }, "geometry": { "type": "Polygon", "coordinates": [ [ [ -61.625582644279589, -31.76553713054744, 0.0 ], [ -61.61325306668072, -31.754530665410137, 0.0 ], [ -61.539066823632446, -31.768009597016601, 0.0 ], [ -61.558839094277204, -31.850132933183335, 0.0 ], [ -61.39758200917845, -31.878353321668378, 0.0 ], [ -61.392775886762806, -31.857950995570828, 0.0 ], [ -61.347760263134909, -31.86657192002977, 0.0 ], [ -61.378058049946226, -31.989120781774972, 0.0 ], [ -61.355358447369966, -32.082715307107222, 0.0 ], [ -61.369330759755833, -32.135341174252702, 0.0 ], [ -61.39194232114604, -32.210239431009697, 0.0 ], [ -61.448042540932342, -32.19996014615738, 0.0 ], [ -61.495217760317331, -32.383249907627047, 0.0 ], [ -61.912430809613888, -32.307208032017527, 0.0 ], [ -61.903750565991544, -32.327450036516858, 0.0 ], [ -62.011324838157762, -32.345313125549893, 0.0 ], [ -62.038404326022089, -32.260578077787208, 0.0 ], [ -62.127753085427315, -32.208527369115721, 0.0 ], [ -62.179506361146998, -32.156655120536193, 0.0 ], [ -62.196043614299008, -32.113824823485089, 0.0 ], [ -62.167014191176676, -31.986642634957029, 0.0 ], [ -62.187953447037351, -31.922040269979856, 0.0 ], [ -62.222396145011253, -31.883671461703553, 0.0 ], [ -62.217399277023112, -31.740546885656933, 0.0 ], [ -62.24036107447462, -31.699382210141092, 0.0 ], [ -62.132351924286105, -31.620366169769856, 0.0 ], [ -62.022062465427545, -31.639974011735625, 0.0 ], [ -62.030283651075074, -31.673632782662523, 0.0 ], [ -61.708165415135689, -31.731011633316921, 0.0 ], [ -61.712692021360795, -31.749631619737645, 0.0 ], [ -61.625582644279589, -31.76553713054744, 0.0 ] ] ] } },
{ "type": "Feature", "properties": { "loc": "AR090098" }, "geometry": { "type": "Polygon", "coordinates": [ [ [ -66.099756972160122, -26.220485677594791, 0.0 ], [ -65.710922267729245, -26.356503014831642, 0.0 ], [ -65.725318935272171, -26.386974816169928, 0.0 ], [ -65.701814891358978, -26.503312829293854, 0.0 ], [ -65.72233844104214, -26.521404889531205, 0.0 ], [ -65.746455732460461, -26.506422059627745, 0.0 ], [ -65.721542490581285, -26.54242139760326, 0.0 ], [ -65.730362176091901, -26.602723163987648, 0.0 ], [ -65.7555885042038, -26.601056053723081, 0.0 ], [ -65.775669961494614, -26.63994350604294, 0.0 ], [ -65.758538794379021, -26.667908678986155, 0.0 ], [ -65.704811841826711, -26.697375294661747, 0.0 ], [ -65.694986332455386, -26.717768111903997, 0.0 ], [ -65.71084700777304, -26.738777787725347, 0.0 ], [ -65.680011732876096, -26.812888642573064, 0.0 ], [ -65.633836654609283, -26.811308832397742, 0.0 ], [ -65.623065420466418, -26.826837643276214, 0.0 ], [ -65.628707173725658, -26.876289930126337, 0.0 ], [ -65.663151476090647, -26.910210612297508, 0.0 ], [ -65.651884842628135, -26.944948496200322, 0.0 ], [ -65.712420443824115, -26.972181433234091, 0.0 ], [ -65.742429613612757, -27.035228243959722, 0.0 ], [ -65.780106235829692, -27.047235419795388, 0.0 ], [ -65.77054093785344, -27.092383283611969, 0.0 ], [ -65.781052624456223, -27.099728987908716, 0.0 ], [ -65.854179096217749, -27.016445572874726, 0.0 ], [ -65.860732123857389, -26.984054476760313, 0.0 ], [ -65.88982981444974, -26.969776186488623, 0.0 ], [ -65.874895298596741, -26.932913430754066, 0.0 ], [ -65.857789634652079, -26.929196344367135, 0.0 ], [ -65.857168314885826, -26.904240925704464, 0.0 ], [ -65.900474505613488, -26.863790090499357, 0.0 ], [ -65.874419407091821, -26.818223412467646, 0.0 ], [ -65.881451614968654, -26.806165005065161, 0.0 ], [ -65.832659867348397, -26.737916605370362, 0.0 ], [ -66.042189837650852, -26.600372426077072, 0.0 ], [ -66.172310617011036, -26.628951884626805, 0.0 ], [ -66.164458394603528, -26.502602506658814, 0.0 ], [ -66.177664404526183, -26.471669514460512, 0.0 ], [ -66.154843695574868, -26.443665763160276, 0.0 ], [ -66.15577336296073, -26.397311359672507, 0.0 ], [ -66.119129663183344, -26.376966967389397, 0.0 ], [ -66.118958640122941, -26.266923592093399, 0.0 ], [ -66.09813835624017, -26.251576067499581, 0.0 ], [ -66.099756972160122, -26.220485677594791, 0.0 ] ] ] } },
{ "type": "Feature", "properties": { "loc": "AR066035" }, "geometry": { "type": "Polygon", "coordinates": [ [ [ -65.391740741234628, -24.851303868814838, 0.0 ], [ -65.342763664883066, -24.862338107861731, 0.0 ], [ -65.350514602242299, -24.907036251432299, 0.0 ], [ -65.317011887906958, -24.95119216341385, 0.0 ], [ -65.32355414115311, -25.000423597904298, 0.0 ], [ -65.305691281865563, -25.060155830740701, 0.0 ], [ -65.244552780858228, -25.115386823624192, 0.0 ], [ -65.228725633361933, -25.15545934696976, 0.0 ], [ -65.287279520498416, -25.154857092443567, 0.0 ], [ -65.369367864012034, -25.074471811991604, 0.0 ], [ -65.393713930282061, -25.099199097037456, 0.0 ], [ -65.531705546939079, -25.026898985023124, 0.0 ], [ -65.514913592657933, -24.988228827674206, 0.0 ], [ -65.541504124818189, -24.972135666522554, 0.0 ], [ -65.520435762186565, -24.934936541582282, 0.0 ], [ -65.547158363761554, -24.911023730247315, 0.0 ], [ -65.54187038053594, -24.879181384335503, 0.0 ], [ -65.391740741234628, -24.851303868814838, 0.0 ] ] ] } },
{ "type": "Feature", "properties": { "loc": "AR074063" }, "geometry": { "type": "Polygon", "coordinates": [ [ [ -65.698277184734607, -32.203686138079483, 0.0 ], [ -65.69276014728122, -32.228313265461665, 0.0 ], [ -65.584507924654915, -32.250058782446509, 0.0 ], [ -65.580660438496395, -32.264209221695864, 0.0 ], [ -65.475097475386704, -32.276754396713045, 0.0 ], [ -65.470712420294177, -32.256902457938722, 0.0 ], [ -65.443976492211945, -32.270046790551604, 0.0 ], [ -65.41544677672934, -32.262817094129787, 0.0 ], [ -65.403316702378675, -32.290574405911883, 0.0 ], [ -65.417616063511744, -32.33962576796889, 0.0 ], [ -65.375960687917072, -32.365870211203436, 0.0 ], [ -65.384927639642129, -32.40408326983259, 0.0 ], [ -65.411176596398732, -32.426940045123985, 0.0 ], [ -65.404666032122563, -32.449067138554874, 0.0 ], [ -65.430271031567742, -32.466828897526391, 0.0 ], [ -65.418697131158936, -32.511265131767964, 0.0 ], [ -65.435956089911883, -32.523929690941053, 0.0 ], [ -65.408242351931094, -32.536191422525661, 0.0 ], [ -65.406416818966918, -32.617786798483827, 0.0 ], [ -65.428895608459811, -32.629794887699816, 0.0 ], [ -65.444968521543146, -32.690779764857325, 0.0 ], [ -65.468098595905246, -32.707108062449876, 0.0 ], [ -65.452793588777936, -32.758423155062189, 0.0 ], [ -65.490441017544768, -32.774483451602876, 0.0 ], [ -65.508016970201908, -32.890275839934731, 0.0 ], [ -65.611690871490509, -32.872226139050966, 0.0 ], [ -65.619972573943798, -32.919511080529773, 0.0 ], [ -65.64800190984684, -32.943040267547289, 0.0 ], [ -65.717763164993258, -32.92572656714222, 0.0 ], [ -65.718557695217655, -32.897420605383381, 0.0 ], [ -65.772658019941417, -32.827927952479939, 0.0 ], [ -65.833347332763964, -32.813274499116091, 0.0 ], [ -65.838245352833184, -32.794572302220409, 0.0 ], [ -65.864233319355336, -32.851079000235423, 0.0 ], [ -65.935002198586304, -32.830059354925552, 0.0 ], [ -65.943078129347327, -32.812114705491688, 0.0 ], [ -65.968481469587644, -32.822148080015467, 0.0 ], [ -66.011907236859415, -32.80771498138423, 0.0 ], [ -66.025659793479022, -32.790102386045035, 0.0 ], [ -66.085095626798505, -32.797213074157042, 0.0 ], [ -66.085730044001608, -32.782213494922701, 0.0 ], [ -66.135321913858903, -32.757479967246503, 0.0 ], [ -66.100551802421833, -32.632055196800579, 0.0 ], [ -66.0692821157282, -32.609752751538856, 0.0 ], [ -66.020988432729027, -32.637547444325399, 0.0 ], [ -65.996765268566278, -32.612738829529597, 0.0 ], [ -66.004069366835196, -32.582692050270516, 0.0 ], [ -65.956974617635012, -32.430477556292828, 0.0 ], [ -65.931853228019676, -32.402075084704357, 0.0 ], [ -65.836568201790996, -32.382347436936222, 0.0 ], [ -65.82700322541163, -32.322264008235848, 0.0 ], [ -65.788389055787164, -32.309851066959936, 0.0 ], [ -65.757655571689995, -32.265904412230356, 0.0 ], [ -65.75771482366784, -32.243596491198019, 0.0 ], [ -65.780287909316129, -32.239871349852393, 0.0 ], [ -65.698277184734607, -32.203686138079483, 0.0 ] ] ] } },
{ "type": "Feature", "properties": { "loc": "AR018091" }, "geometry": { "type": "Polygon", "coordinates": [ [ [ -59.120552063266082, -28.772872925252006, 0.0 ], [ -59.038349151316076, -28.793287277908203, 0.0 ], [ -59.041961668738985, -28.811935424598229, 0.0 ], [ -58.896347045598972, -28.841201782000134, 0.0 ], [ -58.70874023432831, -28.951208114606708, 0.0 ], [ -58.599752426231611, -29.049273491271606, 0.0 ], [ -58.618732453762668, -29.067237853959075, 0.0 ], [ -58.645313262558282, -29.064672469912246, 0.0 ], [ -58.673637389604949, -29.103195190605664, 0.0 ], [ -58.689048767143376, -29.099519729862138, 0.0 ], [ -58.687343598545773, -29.118032455855239, 0.0 ], [ -58.717845916475952, -29.135274886573569, 0.0 ], [ -58.730232238854668, -29.178718567009732, 0.0 ], [ -58.763031005485558, -29.199878692324305, 0.0 ], [ -58.797527313118977, -29.257638931342882, 0.0 ], [ -58.813266754500845, -29.238363266448605, 0.0 ], [ -58.858084360694043, -29.254736581887425, 0.0 ], [ -58.869112015341521, -29.222111702177457, 0.0 ], [ -58.845962524792846, -29.173316955516, 0.0 ], [ -58.83046340880064, -29.173694610041526, 0.0 ], [ -58.788278579652243, -29.112658500564649, 0.0 ], [ -58.942623138521157, -29.071382522617313, 0.0 ], [ -59.018932342232624, -29.064992904767344, 0.0 ], [ -59.026535034213779, -29.089982986447509, 0.0 ], [ -59.116870880419498, -29.081548690940021, 0.0 ], [ -59.117992401000564, -29.06623077406536, 0.0 ], [ -59.137573242454913, -29.078987121412244, 0.0 ], [ -59.144779205168916, -29.050374983951766, 0.0 ], [ -59.164124806596433, -29.06595865848135, 0.0 ], [ -59.183191298770232, -29.059808729641816, 0.0 ], [ -59.192731857143521, -29.089927673026196, 0.0 ], [ -59.211715698022971, -29.094150543525569, 0.0 ], [ -59.211868285857122, -29.078672408589107, 0.0 ], [ -59.234396631811002, -29.071425225645275, 0.0 ], [ -59.199715308958304, -29.03154491708564, 0.0 ], [ -59.20947109918211, -28.968965093364503, 0.0 ], [ -59.158074742091102, -28.87735584638347, 0.0 ], [ -59.160454203208943, -28.79478855200103, 0.0 ], [ -59.120552063266082, -28.772872925252006, 0.0 ] ] ] } },
{ "type": "Feature", "properties": { "loc": "AR074021" }, "geometry": { "type": "Polygon", "coordinates": [ [ [ -66.201614021803451, -32.582150230711008, 0.0 ], [ -66.183484340418644, -32.601970086602748, 0.0 ], [ -66.185493320143649, -32.651066275838616, 0.0 ], [ -66.153821181016212, -32.64947943325916, 0.0 ], [ -66.144024319817618, -32.676072984905439, 0.0 ], [ -66.166681252417888, -32.740281218041289, 0.0 ], [ -66.085736114816314, -32.782208890949924, 0.0 ], [ -66.085095626798505, -32.797213074157042, 0.0 ], [ -66.025659793479022, -32.790102386045035, 0.0 ], [ -66.011907236859415, -32.80771498138423, 0.0 ], [ -65.968481469587644, -32.822148080015467, 0.0 ], [ -65.943078129347327, -32.812114705491688, 0.0 ], [ -65.935002198586304, -32.830059354925552, 0.0 ], [ -65.864233319355336, -32.851079000235423, 0.0 ], [ -65.838245352833184, -32.794572302220409, 0.0 ], [ -65.833347332763964, -32.813274499116091, 0.0 ], [ -65.772658019941417, -32.827927952479939, 0.0 ], [ -65.718557695217655, -32.897420605383381, 0.0 ], [ -65.717763164993258, -32.92572656714222, 0.0 ], [ -65.666652413772113, -32.943280984542895, 0.0 ], [ -65.619972573943798, -32.919511080529773, 0.0 ], [ -65.611690871490509, -32.872226139050966, 0.0 ], [ -65.53182700904695, -32.881099208062992, 0.0 ], [ -65.509809289755097, -32.899139373074398, 0.0 ], [ -65.56587052355637, -32.942925211578817, 0.0 ], [ -65.57801319947383, -33.012176386525567, 0.0 ], [ -65.559995680837091, -33.006406980670469, 0.0 ], [ -65.551052042190307, -33.019357833578404, 0.0 ], [ -65.570774921664096, -33.056759635166017, 0.0 ], [ -65.608125706062864, -33.054501089847228, 0.0 ], [ -65.616628778554968, -33.075556538556135, 0.0 ], [ -65.599469157302778, -33.189656834961767, 0.0 ], [ -65.626458719315579, -33.231994257010108, 0.0 ], [ -65.607786425854783, -33.285602765509744, 0.0 ], [ -65.613246046588486, -33.334363935426182, 0.0 ], [ -65.563707822323323, -33.411775999801364, 0.0 ], [ -65.557004197516193, -33.469822432213071, 0.0 ], [ -65.735468934988745, -33.469994116404848, 0.0 ], [ -65.734447868514309, -33.456718767944501, 0.0 ], [ -65.756620847229996, -33.461327033790404, 0.0 ], [ -65.768009762962222, -33.438800612009807, 0.0 ], [ -65.7866382024675, -33.438460809397142, 0.0 ], [ -65.792911290810096, -33.507467149511911, 0.0 ], [ -66.0478725451039, -33.375881079724756, 0.0 ], [ -66.110120543640548, -33.38343434003567, 0.0 ], [ -66.123499642748769, -33.365103683392867, 0.0 ], [ -66.105418076927222, -33.221908874328456, 0.0 ], [ -66.180149107771115, -33.239525822836747, 0.0 ], [ -66.228309390052303, -33.168575730101857, 0.0 ], [ -66.204143923781913, -33.077017316430648, 0.0 ], [ -66.204800135012135, -33.00242860179732, 0.0 ], [ -66.186607242774045, -32.990805003594318, 0.0 ], [ -66.193345794977759, -32.923670517599696, 0.0 ], [ -66.216971813936865, -32.912584452487366, 0.0 ], [ -66.20953525458772, -32.867383535170738, 0.0 ], [ -66.226871932884094, -32.832729850833637, 0.0 ], [ -66.21129425742366, -32.731077180393079, 0.0 ], [ -66.23819043686774, -32.712125596921723, 0.0 ], [ -66.242779997027966, -32.684041993462287, 0.0 ], [ -66.236168941814213, -32.614411211172765, 0.0 ], [ -66.222972417202641, -32.584691541128358, 0.0 ], [ -66.201614021803451, -32.582150230711008, 0.0 ] ] ] } },
{ "type": "Feature", "properties": { "loc": "AR006483" }, "geometry": { "type": "Polygon", "coordinates": [ [ [ -59.070594788395624, -34.961692809745365, 0.0 ], [ -58.992622377291802, -35.021144867526701, 0.0 ], [ -59.015068055781654, -35.040573120104852, 0.0 ], [ -58.869121553653194, -35.153675078974345, 0.0 ], [ -58.894714356671777, -35.176239013588237, 0.0 ], [ -58.807949068480355, -35.238903046702234, 0.0 ], [ -58.92436981481729, -35.341747284374385, 0.0 ], [ -58.967926027349783, -35.337295532179603, 0.0 ], [ -59.006374360786268, -35.366138457865361, 0.0 ], [ -59.025405886037618, -35.35208129829455, 0.0 ], [ -59.127773286560149, -35.435943603657293, 0.0 ], [ -59.164188386657301, -35.420677184758922, 0.0 ], [ -59.167484284773494, -35.405349730345748, 0.0 ], [ -59.262840273418021, -35.390445709004304, 0.0 ], [ -59.293674471234951, -35.365085602762889, 0.0 ], [ -59.323947908312192, -35.374244690447789, 0.0 ], [ -59.322189333074327, -35.358749389987658, 0.0 ], [ -59.380256654025388, -35.333515167334397, 0.0 ], [ -59.392910005113883, -35.292819977069215, 0.0 ], [ -59.469150544299978, -35.307018279791826, 0.0 ], [ -59.480823518104827, -35.2867240915376, 0.0 ], [ -59.523513795127599, -35.28580856245464, 0.0 ], [ -59.549690247959319, -35.267898559356851, 0.0 ], [ -59.553104401197807, -35.254482269428024, 0.0 ], [ -59.252281190802549, -35.098239898742911, 0.0 ], [ -59.247070313571008, -35.065174102828536, 0.0 ], [ -59.221374514213551, -35.084884643532142, 0.0 ], [ -59.070594788395624, -34.961692809745365, 0.0 ] ] ] } },
{ "type": "Feature", "properties": { "loc": "AR006574" }, "geometry": { "type": "Polygon", "coordinates": [ [ [ -59.193889619356426, -34.811325073090003, 0.0 ], [ -59.165737152275717, -34.804332732377496, 0.0 ], [ -59.21943283177805, -34.852188110099526, 0.0 ], [ -59.070594788395624, -34.961692809745365, 0.0 ], [ -59.221374514213551, -35.084884643532142, 0.0 ], [ -59.247070313571008, -35.065174102828536, 0.0 ], [ -59.252281190802549, -35.098239898742911, 0.0 ], [ -59.553104401197807, -35.254482269428024, 0.0 ], [ -59.543190002630809, -35.204006194995344, 0.0 ], [ -59.574813844735303, -35.177253723639879, 0.0 ], [ -59.669563293594969, -35.222881317171797, 0.0 ], [ -59.699245454162295, -35.210502625307427, 0.0 ], [ -59.721443176972492, -35.222129822177322, 0.0 ], [ -59.775806428698445, -35.173320770667608, 0.0 ], [ -59.822776793571116, -35.176414490337123, 0.0 ], [ -59.605773927066281, -34.997203826891109, 0.0 ], [ -59.63469314666618, -34.957405090182291, 0.0 ], [ -59.408561708041944, -34.842708587539732, 0.0 ], [ -59.373344421544651, -34.891731261835162, 0.0 ], [ -59.289463044317174, -34.821746825981101, 0.0 ], [ -59.279327394288977, -34.834529876773551, 0.0 ], [ -59.205821992479365, -34.795810699701768, 0.0 ], [ -59.193889619356426, -34.811325073090003, 0.0 ] ] ] } },
{ "type": "Feature", "properties": { "loc": "AR018049" }, "geometry": { "type": "Polygon", "coordinates": [ [ [ -58.859653473153642, -29.47885894804115, 0.0 ], [ -58.874286652737851, -29.551757812472687, 0.0 ], [ -58.73067474447204, -29.589212417276514, 0.0 ], [ -58.718399047823929, -29.645626067759576, 0.0 ], [ -58.87522506701962, -29.726541518599561, 0.0 ], [ -58.878044128603214, -29.738632202159103, 0.0 ], [ -58.856788635219807, -29.742139816450948, 0.0 ], [ -58.862316131758064, -29.760158538552325, 0.0 ], [ -58.911861419476288, -29.809671401802017, 0.0 ], [ -59.025436400909499, -29.85147476199144, 0.0 ], [ -59.0735130311731, -30.099573135261334, 0.0 ], [ -59.069408417535854, -30.128562926996015, 0.0 ], [ -59.052436828045671, -30.13528203865598, 0.0 ], [ -59.067768096522016, -30.164109547692046, 0.0 ], [ -59.125799179434495, -30.182503700546356, 0.0 ], [ -59.110211904576921, -30.280025814338046, 0.0 ], [ -59.135731624257225, -30.286212413561273, 0.0 ], [ -59.14352435843, -30.316907459083534, 0.0 ], [ -59.171661484082307, -30.318632568602347, 0.0 ], [ -59.240844312220645, -30.365924355126673, 0.0 ], [ -59.273204981267284, -30.352837319937152, 0.0 ], [ -59.288968909825478, -30.361462865953083, 0.0 ], [ -59.299973917046309, -30.346948153981735, 0.0 ], [ -59.323114174710476, -30.354562429053843, 0.0 ], [ -59.347741594225816, -30.324700194179815, 0.0 ], [ -59.422337697215724, -30.314765943787755, 0.0 ], [ -59.488724656474496, -30.344806638890478, 0.0 ], [ -59.557431593107943, -30.333147280026235, 0.0 ], [ -59.572541169948565, -30.409409004553428, 0.0 ], [ -59.587768770146162, -30.434821908246288, 0.0 ], [ -59.60961353859301, -30.425137502015364, 0.0 ], [ -59.633409538566809, -30.362794789327896, 0.0 ], [ -59.693453459468429, -30.313122591305699, 0.0 ], [ -59.710823523652344, -30.270292294624891, 0.0 ], [ -59.636584341986058, -30.237455733616681, 0.0 ], [ -59.612075893550319, -30.102540295819399, 0.0 ], [ -59.569479548865225, -30.019010233579852, 0.0 ], [ -59.545570373742045, -30.016551970811381, 0.0 ], [ -59.51259231595683, -29.976678848348524, 0.0 ], [ -59.487239838327902, -29.867254256682244, 0.0 ], [ -59.410869598584455, -29.812675476169282, 0.0 ], [ -59.382049561076769, -29.824441910041074, 0.0 ], [ -59.353107452403428, -29.800037383714709, 0.0 ], [ -59.333114623796867, -29.81660079977296, 0.0 ], [ -59.30772781345609, -29.800650596496979, 0.0 ], [ -59.314136505185772, -29.785806654867745, 0.0 ], [ -59.261703491358581, -29.783269881763932, 0.0 ], [ -59.171215057318697, -29.733739853644931, 0.0 ], [ -59.171237945493836, -29.71832466076237, 0.0 ], [ -59.135143279848435, -29.70721435533957, 0.0 ], [ -59.144344330739877, -29.685029983077289, 0.0 ], [ -59.080955505030076, -29.656965256772764, 0.0 ], [ -59.088390350393638, -29.646909713725176, 0.0 ], [ -59.056438446242318, -29.580484390837192, 0.0 ], [ -58.960247039654909, -29.532699584857141, 0.0 ], [ -58.925434112714768, -29.473711013745636, 0.0 ], [ -58.859653473153642, -29.47885894804115, 0.0 ] ] ] } },
{ "type": "Feature", "properties": { "loc": "AR022021" }, "geometry": { "type": "Polygon", "coordinates": [ [ [ -60.509586563856374, -26.526978894139479, 0.0 ], [ -60.228759682802313, -26.626445059765178, 0.0 ], [ -60.413651176226615, -27.047077150974889, 0.0 ], [ -60.695173701856909, -26.947663172444432, 0.0 ], [ -60.509586563856374, -26.526978894139479, 0.0 ] ] ] } },
{ "type": "Feature", "properties": { "loc": "AR018007" }, "geometry": { "type": "Polygon", "coordinates": [ [ [ -59.020271300926545, -28.173210144274947, 0.0 ], [ -58.99229812679674, -28.172889709985885, 0.0 ], [ -58.984138488322593, -28.194311141354614, 0.0 ], [ -59.020385741802158, -28.212200164295009, 0.0 ], [ -59.015892027391189, -28.254571438661422, 0.0 ], [ -59.032711029047213, -28.266473769767789, 0.0 ], [ -58.951953887275025, -28.303943634315388, 0.0 ], [ -58.859312057650143, -28.280267715452325, 0.0 ], [ -58.851119995384117, -28.257183074879013, 0.0 ], [ -58.81333857840108, -28.240880335183562, 0.0 ], [ -58.758785247652582, -28.336112976250561, 0.0 ], [ -58.753723144008518, -28.383897781606304, 0.0 ], [ -58.707015990903976, -28.403976440335668, 0.0 ], [ -58.697174072007357, -28.420003890958885, 0.0 ], [ -58.713394165066838, -28.441280364615924, 0.0 ], [ -58.660099029078324, -28.511686325306098, 0.0 ], [ -58.736029625236867, -28.587745188801534, 0.0 ], [ -58.856540680438449, -28.639122009077774, 0.0 ], [ -58.932653427987169, -28.729319572580881, 0.0 ], [ -58.927680969021935, -28.746883391943783, 0.0 ], [ -58.957289377904452, -28.763344447057452, 0.0 ], [ -58.987243652544386, -28.822921752688632, 0.0 ], [ -59.041961668738985, -28.811935424598229, 0.0 ], [ -59.038349151316076, -28.793287277908203, 0.0 ], [ -59.142624826826989, -28.774429650115273, 0.0 ], [ -59.078600745785913, -28.667487390027969, 0.0 ], [ -59.105012762936262, -28.63393699060596, 0.0 ], [ -59.100721823437745, -28.580087349190723, 0.0 ], [ -59.048857483609574, -28.493310847498126, 0.0 ], [ -59.085977074891865, -28.435965838814312, 0.0 ], [ -59.076213375002006, -28.365340996542599, 0.0 ], [ -59.103458203184275, -28.328816272255295, 0.0 ], [ -59.109533738521158, -28.229666573026975, 0.0 ], [ -59.061775207089568, -28.192995071302423, 0.0 ], [ -59.040363311625306, -28.222045897832693, 0.0 ], [ -59.030342102472709, -28.190832137765074, 0.0 ], [ -59.011600494106261, -28.187397003638239, 0.0 ], [ -59.020271300926545, -28.173210144274947, 0.0 ] ] ] } },
{ "type": "Feature", "properties": { "loc": "AR014007" }, "geometry": { "type": "Polygon", "coordinates": [ [ [ -64.328479169909215, -31.808836548635792, 0.0 ], [ -64.335353738725033, -31.841108518070712, 0.0 ], [ -64.287238460242975, -31.842232092256975, 0.0 ], [ -64.288253237612096, -31.949969133708585, 0.0 ], [ -64.274767700719124, -31.944975200445146, 0.0 ], [ -64.274288717212997, -31.912657834411242, 0.0 ], [ -64.254283213377775, -31.912626609182045, 0.0 ], [ -64.254420606208896, -31.931283785892145, 0.0 ], [ -64.223728965637662, -31.929655282934238, 0.0 ], [ -64.277539200101685, -32.141072789474052, 0.0 ], [ -64.263722307938068, -32.158587421787189, 0.0 ], [ -64.293956872218018, -32.188194521794308, 0.0 ], [ -64.293490581008527, -32.312183303645014, 0.0 ], [ -64.26087573365227, -32.318292903916735, 0.0 ], [ -64.255804106967872, -32.388260567731059, 0.0 ], [ -64.321945485692581, -32.37614038593474, 0.0 ], [ -64.32494809913986, -32.39881151490053, 0.0 ], [ -64.426096077088403, -32.37988304519196, 0.0 ], [ -64.448502501895291, -32.466961903941055, 0.0 ], [ -64.459069855299575, -32.481558491110277, 0.0 ], [ -64.487502559918013, -32.476551728372556, 0.0 ], [ -64.526788807715562, -32.61769970491617, 0.0 ], [ -64.550088351950947, -32.630820318062987, 0.0 ], [ -64.594495882606836, -32.616848142273447, 0.0 ], [ -64.663192327816063, -32.632052565634503, 0.0 ], [ -64.888354280331171, -32.579886807344309, 0.0 ], [ -64.895496159029463, -32.48518045242588, 0.0 ], [ -64.919781716578584, -32.466738176323609, 0.0 ], [ -64.929271852515001, -32.41850691962226, 0.0 ], [ -64.924393957403097, -32.328801241716576, 0.0 ], [ -64.961365916856664, -32.281971401100243, 0.0 ], [ -64.928818053277865, -31.909291780019604, 0.0 ], [ -64.894940062342712, -31.906930926939481, 0.0 ], [ -64.834533310999518, -31.865261192476474, 0.0 ], [ -64.609142564768078, -31.89660064365734, 0.0 ], [ -64.582163864285363, -31.878414427627348, 0.0 ], [ -64.547318077870443, -31.880879609061708, 0.0 ], [ -64.552718731392261, -31.868763152063433, 0.0 ], [ -64.527434705387989, -31.852061960299388, 0.0 ], [ -64.530495189204188, -31.833150342159943, 0.0 ], [ -64.515349958229947, -31.81613008904489, 0.0 ], [ -64.494270383725251, -31.823193481303274, 0.0 ], [ -64.495529376189211, -31.846470881500949, 0.0 ], [ -64.432130691469155, -31.839999638980661, 0.0 ], [ -64.426511142767112, -31.857201717947273, 0.0 ], [ -64.405386052423609, -31.837296587004747, 0.0 ], [ -64.378595990065719, -31.845669477520392, 0.0 ], [ -64.370179984985882, -31.817478430052091, 0.0 ], [ -64.328479169909215, -31.808836548635792, 0.0 ] ] ] } },
{ "type": "Feature", "properties": { "loc": "AR030070" }, "geometry": { "type": "Polygon", "coordinates": [ [ [ -59.421028992882263, -30.316372080188376, 0.0 ], [ -59.347741594225816, -30.324700194179815, 0.0 ], [ -59.323114174710476, -30.354562429053843, 0.0 ], [ -59.299973917046309, -30.346948153981735, 0.0 ], [ -59.288968909825478, -30.361462865953083, 0.0 ], [ -59.273204981267284, -30.352837319937152, 0.0 ], [ -59.240844312220645, -30.365924355126673, 0.0 ], [ -59.203539962637244, -30.347904780537203, 0.0 ], [ -59.176337651717375, -30.377455352604212, 0.0 ], [ -59.09643137082611, -30.387729285202191, 0.0 ], [ -59.068703818552869, -30.414450716657011, 0.0 ], [ -59.07725917928272, -30.488413160380915, 0.0 ], [ -59.045453305264004, -30.51986499453162, 0.0 ], [ -58.980315849564839, -30.521842530706174, 0.0 ], [ -58.98095900288407, -30.557783243464076, 0.0 ], [ -58.931404081632728, -30.561355995142709, 0.0 ], [ -59.012296883385872, -30.613910517328613, 0.0 ], [ -59.011843494678821, -30.635874343978056, 0.0 ], [ -59.051166163771235, -30.677789483059652, 0.0 ], [ -59.06803126337438, -30.676217331324441, 0.0 ], [ -59.066127352401658, -30.689994704341952, 0.0 ], [ -59.097033529527351, -30.691217954168568, 0.0 ], [ -59.115688974186696, -30.7178354006668, 0.0 ], [ -59.201213243406357, -30.746157711183237, 0.0 ], [ -59.208392445308071, -30.765753336945796, 0.0 ], [ -59.26075202006416, -30.7633353661667, 0.0 ], [ -59.333349146968082, -30.798873256737824, 0.0 ], [ -59.292447738171163, -30.846275404889717, 0.0 ], [ -59.270985215454125, -30.902536825064828, 0.0 ], [ -59.309197217410727, -30.93685871708562, 0.0 ], [ -59.280514928467014, -30.968551411077406, 0.0 ], [ -59.336286460080728, -30.994734035234206, 0.0 ], [ -59.339891270856825, -31.009805745618447, 0.0 ], [ -59.27465293524957, -31.059063945775478, 0.0 ], [ -59.30167113914689, -31.109910635063056, 0.0 ], [ -59.25843585603787, -31.147408041793124, 0.0 ], [ -59.296231769134657, -31.275341657375325, 0.0 ], [ -59.285084899065829, -31.30359835622242, 0.0 ], [ -59.625040737260207, -31.504941387255251, 0.0 ], [ -59.612692159394797, -31.451429772107971, 0.0 ], [ -59.736733777817605, -31.42963046785442, 0.0 ], [ -59.735669260731186, -31.418718515078361, 0.0 ], [ -59.75871576931398, -31.421764956833446, 0.0 ], [ -59.824684714623288, -31.499679058940565, 0.0 ], [ -59.86239514313931, -31.493932416182069, 0.0 ], [ -59.858608376805776, -31.429603477303843, 0.0 ], [ -59.885615102928732, -31.407634006977716, 0.0 ], [ -59.898598851683786, -31.341116804354183, 0.0 ], [ -59.953479028160203, -31.236468775671227, 0.0 ], [ -59.941876975448714, -31.226856651887406, 0.0 ], [ -59.983958826224509, -31.18738995653775, 0.0 ], [ -59.984191895023294, -31.160705566352451, 0.0 ], [ -59.963378906358948, -31.119873046282571, 0.0 ], [ -59.925442992621768, -31.105052347549695, 0.0 ], [ -59.877929687788011, -31.056213379394745, 0.0 ], [ -59.818176269472858, -30.942504883057381, 0.0 ], [ -59.734848169120454, -30.876624095700979, 0.0 ], [ -59.69939420080032, -30.769072460682494, 0.0 ], [ -59.633300780433679, -30.71392822307569, 0.0 ], [ -59.678405761279535, -30.646911620838448, 0.0 ], [ -59.645142491086553, -30.588233427494885, 0.0 ], [ -59.653808594327998, -30.487792968783758, 0.0 ], [ -59.703439283981979, -30.442610416720299, 0.0 ], [ -59.684403596835914, -30.355998037795036, 0.0 ], [ -59.67167210669075, -30.338662073642205, 0.0 ], [ -59.636819724845012, -30.357754363601131, 0.0 ], [ -59.615097058106528, -30.419206918439009, 0.0 ], [ -59.587768770146162, -30.434821908246288, 0.0 ], [ -59.557431593107943, -30.333147280026235, 0.0 ], [ -59.488724656474496, -30.344806638890478, 0.0 ], [ -59.421028992882263, -30.316372080188376, 0.0 ] ] ] } },
{ "type": "Feature", "properties": { "loc": "AR030042" }, "geometry": { "type": "Polygon", "coordinates": [ [ [ -58.581376705273655, -30.160100981704431, 0.0 ], [ -58.552856852394548, -30.185769663055265, 0.0 ], [ -58.461446273461007, -30.207396042133709, 0.0 ], [ -58.368791460485312, -30.264791475039061, 0.0 ], [ -58.269607300359176, -30.252399554839872, 0.0 ], [ -58.307897219488567, -30.330874020692171, 0.0 ], [ -58.338374477117249, -30.313977720243194, 0.0 ], [ -58.353342593555141, -30.329802058843775, 0.0 ], [ -58.408052006584256, -30.316910397330403, 0.0 ], [ -58.406282539273576, -30.346523120924598, 0.0 ], [ -58.361477181609288, -30.335296397918938, 0.0 ], [ -58.3421574130344, -30.35932217314442, 0.0 ], [ -58.40953564793783, -30.425152392336464, 0.0 ], [ -58.398502175800587, -30.440398391896558, 0.0 ], [ -58.457105140595992, -30.552363239394079, 0.0 ], [ -58.522418482834517, -30.608804389618975, 0.0 ], [ -58.501071962265058, -30.626754308558144, 0.0 ], [ -58.568622583871509, -30.667307493116493, 0.0 ], [ -58.577313353054031, -30.690160161794381, 0.0 ], [ -58.598353591230733, -30.674873939262152, 0.0 ], [ -58.664744327905282, -30.702162842968942, 0.0 ], [ -58.76112409593641, -30.691193459320473, 0.0 ], [ -58.822969053642737, -30.654682986610954, 0.0 ], [ -58.872029257395774, -30.661957956215193, 0.0 ], [ -58.905926714823124, -30.62263280640023, 0.0 ], [ -58.963382974768457, -30.601561595997495, 0.0 ], [ -59.008829513949948, -30.621873261302547, 0.0 ], [ -58.931404081632728, -30.561355995142709, 0.0 ], [ -58.98095900288407, -30.557783243464076, 0.0 ], [ -58.980315849564839, -30.521842530706174, 0.0 ], [ -59.045453305264004, -30.51986499453162, 0.0 ], [ -59.07725917928272, -30.488413160380915, 0.0 ], [ -59.068703818552869, -30.414450716657011, 0.0 ], [ -59.094999343973818, -30.388481243099225, 0.0 ], [ -59.176337651717375, -30.377455352604212, 0.0 ], [ -59.210446697428445, -30.347067126874311, 0.0 ], [ -59.136385975974811, -30.311910591189537, 0.0 ], [ -59.135731624257225, -30.286212413561273, 0.0 ], [ -59.075590748187011, -30.257361449081039, 0.0 ], [ -59.06369344349612, -30.230770971577137, 0.0 ], [ -58.965300511387404, -30.218132585610238, 0.0 ], [ -58.911996885421132, -30.248096440086918, 0.0 ], [ -58.879642138068867, -30.246118496020625, 0.0 ], [ -58.804340585391387, -30.210985425717858, 0.0 ], [ -58.748414866043994, -30.214114746017152, 0.0 ], [ -58.682242039996119, -30.163878957522371, 0.0 ], [ -58.629858222405467, -30.177054641251306, 0.0 ], [ -58.581376705273655, -30.160100981704431, 0.0 ] ] ] } },
{ "type": "Feature", "properties": { "loc": "AR042021" }, "geometry": { "type": "Polygon", "coordinates": [ [ [ -63.942845302074524, -36.2656131246572, 0.0 ], [ -63.945801363027137, -36.806207529751852, 0.0 ], [ -64.169898519978091, -36.805551925411841, 0.0 ], [ -64.170454732547498, -36.716354663810684, 0.0 ], [ -64.282981279432818, -36.715188645560325, 0.0 ], [ -64.282649987044238, -36.686816902958036, 0.0 ], [ -64.356967061628822, -36.624948310334389, 0.0 ], [ -64.505383225611126, -36.622327206900017, 0.0 ], [ -64.499617114973844, -36.260164445697256, 0.0 ], [ -63.942845302074524, -36.2656131246572, 0.0 ] ] ] } },
{ "type": "Feature", "properties": { "loc": "AR006021" }, "geometry": { "type": "Polygon", "coordinates": [ [ [ -60.322334289780571, -34.762142181001344, 0.0 ], [ -60.239833831553938, -34.826469420835785, 0.0 ], [ -60.303653716547807, -34.88130950863502, 0.0 ], [ -60.122848511128943, -35.032699585507849, 0.0 ], [ -60.157150268824644, -35.062408447320905, 0.0 ], [ -60.114727020511651, -35.090190886365342, 0.0 ], [ -60.054439544776947, -35.090015411132605, 0.0 ], [ -60.021499633950278, -35.107753754271876, 0.0 ], [ -60.238281249892211, -35.293785094927571, 0.0 ], [ -60.353927611623305, -35.194366454669257, 0.0 ], [ -60.338630675858823, -35.180564879863546, 0.0 ], [ -60.365161895854115, -35.160026550111262, 0.0 ], [ -60.329143523227472, -35.127861022908462, 0.0 ], [ -60.38908004874024, -35.088382721490859, 0.0 ], [ -60.43930816656718, -35.035682678085287, 0.0 ], [ -60.435489655568162, -35.016220093444872, 0.0 ], [ -60.48874664369982, -34.974323273244281, 0.0 ], [ -60.475959777807283, -34.940765380812401, 0.0 ], [ -60.453884124366105, -34.930965423377771, 0.0 ], [ -60.459968567397361, -34.862205504658085, 0.0 ], [ -60.372528076692312, -34.787914275730628, 0.0 ], [ -60.362075805560735, -34.796058654831917, 0.0 ], [ -60.322334289780571, -34.762142181001344, 0.0 ] ] ] } },
{ "type": "Feature", "properties": { "loc": "AR086140" }, "geometry": { "type": "Polygon", "coordinates": [ [ [ -63.851908879100755, -28.938051779738153, 0.0 ], [ -63.919444947999622, -28.937660612022221, 0.0 ], [ -63.835487580485633, -28.894182610630068, 0.0 ], [ -63.73177124457964, -28.943521179128975, 0.0 ], [ -63.637296938013399, -28.932762145364414, 0.0 ], [ -63.626201799226841, -28.949515667329731, 0.0 ], [ -63.595766495616893, -28.948369122313441, 0.0 ], [ -63.578892468556461, -28.978204451956643, 0.0 ], [ -63.56593184423344, -28.967981785627092, 0.0 ], [ -63.550918764420651, -28.98345996761612, 0.0 ], [ -63.542321747912759, -28.969149956524237, 0.0 ], [ -63.537230051966588, -29.020342977506871, 0.0 ], [ -63.475874494630425, -29.026997929849649, 0.0 ], [ -63.448973097771159, -29.059206914870412, 0.0 ], [ -63.395945559126012, -29.084211231113027, 0.0 ], [ -63.381513813269542, -29.136710062535339, 0.0 ], [ -63.32201794284466, -29.139435652089482, 0.0 ], [ -63.307552366434585, -29.195352928060419, 0.0 ], [ -63.280550184888668, -29.225815804749828, 0.0 ], [ -63.214187278919951, -29.238999411407647, 0.0 ], [ -63.185224478452334, -29.287431027749047, 0.0 ], [ -63.158120946281123, -29.291319952312531, 0.0 ], [ -63.159372785460469, -29.310801824083214, 0.0 ], [ -63.133464357570197, -29.317827487535006, 0.0 ], [ -63.118459680598555, -29.362278026133886, 0.0 ], [ -63.128038675187938, -29.405346598090787, 0.0 ], [ -63.097688584867491, -29.415075040350622, 0.0 ], [ -63.054950443809751, -29.480297441664597, 0.0 ], [ -63.031444128057188, -29.481663713266649, 0.0 ], [ -63.039657889128897, -29.503782238473271, 0.0 ], [ -63.012376247087971, -29.519504792023426, 0.0 ], [ -62.992184906074975, -29.558118702569217, 0.0 ], [ -62.965329961099073, -29.562577299496429, 0.0 ], [ -62.93510751958388, -29.621941880527892, 0.0 ], [ -62.883792054885888, -29.636459124664544, 0.0 ], [ -62.844874912262185, -29.668435794620372, 0.0 ], [ -62.848975399937324, -29.748770628962681, 0.0 ], [ -62.805775148429426, -29.781893887893805, 0.0 ], [ -62.808650553245954, -29.815710428372967, 0.0 ], [ -63.270474377929723, -29.774122974444598, 0.0 ], [ -63.278525407391093, -29.63495730848884, 0.0 ], [ -63.344584112363563, -29.614260774469887, 0.0 ], [ -63.329398109553523, -29.537481972523352, 0.0 ], [ -63.532692833044734, -29.48332914088359, 0.0 ], [ -63.538507143686893, -29.519039041245701, 0.0 ], [ -63.574882790675083, -29.500255693780055, 0.0 ], [ -63.580941818570309, -29.452956395141715, 0.0 ], [ -63.642221672182536, -29.439622009465769, 0.0 ], [ -63.678220814573898, -29.41269728807821, 0.0 ], [ -63.653165062161413, -29.392494731373247, 0.0 ], [ -63.647258720915012, -29.306298401184534, 0.0 ], [ -63.705054840481779, -29.334884542184991, 0.0 ], [ -63.670600959380927, -29.181852759145031, 0.0 ], [ -63.738302762059817, -29.170155592691014, 0.0 ], [ -63.750408176757595, -29.225509155319553, 0.0 ], [ -63.794507667017719, -29.217592021321074, 0.0 ], [ -63.774111142708989, -29.101051308860896, 0.0 ], [ -63.73006727163969, -29.10878714044048, 0.0 ], [ -63.71875784782695, -29.059203733103022, 0.0 ], [ -63.83571749889272, -29.036486831946032, 0.0 ], [ -63.831217053405318, -29.016793848361505, 0.0 ], [ -63.845920868418624, -29.003683502467982, 0.0 ], [ -63.795996840196821, -28.962080707116169, 0.0 ], [ -63.851908879100755, -28.938051779738153, 0.0 ] ] ] } },
{ "type": "Feature", "properties": { "loc": "AR066126" }, "geometry": { "type": "Polygon", "coordinates": [ [ [ -64.483734417456986, -22.4830770915103, 0.0 ], [ -64.412079726592339, -22.538378014044408, 0.0 ], [ -64.409580294570006, -22.562950178930596, 0.0 ], [ -64.430199938835742, -22.581729123319125, 0.0 ], [ -64.423987480486602, -22.634355684860605, 0.0 ], [ -64.441351653518879, -22.638785922613771, 0.0 ], [ -64.413667806080852, -22.656641508190493, 0.0 ], [ -64.415918507177437, -22.678567294629929, 0.0 ], [ -64.394727759868147, -22.68568446170061, 0.0 ], [ -64.390730287396522, -22.712100357993357, 0.0 ], [ -64.403209964496199, -22.718700231796532, 0.0 ], [ -64.362535165611163, -22.723711053945824, 0.0 ], [ -64.339347356525764, -22.754293817652265, 0.0 ], [ -64.342541013786203, -22.805808251087115, 0.0 ], [ -64.32672910620866, -22.837671607568289, 0.0 ], [ -64.328205711058629, -22.862032995487557, 0.0 ], [ -64.340856430083349, -22.861582007056644, 0.0 ], [ -64.312769445695281, -22.872166651114075, 0.0 ], [ -64.342432772184367, -22.930243337325997, 0.0 ], [ -64.327219719304466, -22.953351352941525, 0.0 ], [ -64.330717126606885, -23.013444103731359, 0.0 ], [ -64.281585039664819, -23.0289420277748, 0.0 ], [ -64.276115994705464, -23.066512739216009, 0.0 ], [ -64.247628094901046, -23.068779051945057, 0.0 ], [ -64.238799923904239, -23.096327456415455, 0.0 ], [ -64.212287838922819, -23.087949686676534, 0.0 ], [ -64.211845853429992, -23.137201715406832, 0.0 ], [ -64.1908620114868, -23.128201183046809, 0.0 ], [ -64.209228248032005, -23.155959627564858, 0.0 ], [ -64.182836654977962, -23.153564469455855, 0.0 ], [ -64.203675353425723, -23.182063937069191, 0.0 ], [ -64.168205366347422, -23.201306283658067, 0.0 ], [ -64.214072499439879, -23.182121424014461, 0.0 ], [ -64.226908432211573, -23.206846283626309, 0.0 ], [ -64.211897613458333, -23.226875355489682, 0.0 ], [ -64.178854918295173, -23.230546423208196, 0.0 ], [ -64.188424361996454, -23.267676350343606, 0.0 ], [ -64.162397371760022, -23.273129831581425, 0.0 ], [ -64.140933364127804, -23.248341013415079, 0.0 ], [ -64.108328064066384, -23.262920596350032, 0.0 ], [ -64.093386760543098, -23.254458567533888, 0.0 ], [ -64.072966442557444, -23.30585981130384, 0.0 ], [ -64.039198833909467, -23.307916784919144, 0.0 ], [ -64.007043541296355, -23.332433366951776, 0.0 ], [ -63.95631008339285, -23.314765773804424, 0.0 ], [ -63.944227755397854, -23.327978579604405, 0.0 ], [ -63.910013732562689, -23.299718471742981, 0.0 ], [ -63.844335340145527, -23.323429444902853, 0.0 ], [ -63.725720206300537, -23.322599644847699, 0.0 ], [ -63.662444462315321, -23.390945450757627, 0.0 ], [ -63.617459314033432, -23.388018990677931, 0.0 ], [ -63.589518761324875, -23.430636657253089, 0.0 ], [ -63.499552116412708, -23.45112905350739, 0.0 ], [ -63.412514438365896, -23.509559428514823, 0.0 ], [ -63.38033065837849, -23.557657541157468, 0.0 ], [ -63.493883075030091, -23.962981892768841, 0.0 ], [ -63.481441126274021, -23.965593264553107, 0.0 ], [ -63.521930440120869, -24.128361084006766, 0.0 ], [ -63.623727647593228, -24.106971919044209, 0.0 ], [ -63.650592297967478, -24.214430754956616, 0.0 ], [ -63.987794621051293, -24.143052847818485, 0.0 ], [ -64.1508895738814, -24.134367260185112, 0.0 ], [ -64.157056930515054, -23.518041975754432, 0.0 ], [ -64.357050625611478, -23.517923003486072, 0.0 ], [ -64.397077997891472, -23.573415331086228, 0.0 ], [ -64.396760788391603, -23.612133059007615, 0.0 ], [ -64.444974615653607, -23.640091724962044, 0.0 ], [ -64.495621441827723, -23.567256425098421, 0.0 ], [ -64.535435773248196, -23.53744177942189, 0.0 ], [ -64.533651177409823, -23.520190686840834, 0.0 ], [ -64.656734744378738, -23.482821253347705, 0.0 ], [ -64.68567493874221, -23.451067345461404, 0.0 ], [ -64.78642435575874, -23.494485313036567, 0.0 ], [ -64.864223740559041, -23.484962767816182, 0.0 ], [ -64.86850676859487, -23.447129337907779, 0.0 ], [ -64.906935064210629, -23.423096782241821, 0.0 ], [ -64.90015360038413, -23.334104943616509, 0.0 ], [ -64.943578763089704, -23.271525118675886, 0.0 ], [ -65.003779125598058, -23.287705454096198, 0.0 ], [ -65.040303850702571, -23.225125631076324, 0.0 ], [ -65.077542414861085, -23.231788121180522, 0.0 ], [ -65.044421496199618, -23.156026921424356, 0.0 ], [ -65.070939411247252, -23.134111248773007, 0.0 ], [ -65.067975251084022, -23.044943307722615, 0.0 ], [ -65.025080865150571, -23.018970320357532, 0.0 ], [ -64.990896107630746, -23.048309706515486, 0.0 ], [ -64.94047317845633, -23.031757034062245, 0.0 ], [ -64.898676304729705, -23.05167645015435, 0.0 ], [ -64.730423424065862, -23.064209742529947, 0.0 ], [ -64.679396800071075, -23.034112068237164, 0.0 ], [ -64.631519044234977, -23.086624749554158, 0.0 ], [ -64.563387359963386, -23.070208188133815, 0.0 ], [ -64.562358446704948, -23.005544606307541, 0.0 ], [ -64.526853958031538, -22.939525113388544, 0.0 ], [ -64.573767736227822, -22.907268549959213, 0.0 ], [ -64.497842672793112, -22.907969652382715, 0.0 ], [ -64.501025308623312, -22.878661640932823, 0.0 ], [ -64.486284171304902, -22.869005799260592, 0.0 ], [ -64.50345491639527, -22.865843332636903, 0.0 ], [ -64.519791065501238, -22.831141250940714, 0.0 ], [ -64.515641464234591, -22.763169569688699, 0.0 ], [ -64.537615040313383, -22.711290486899294, 0.0 ], [ -64.585719070989782, -22.679229706086439, 0.0 ], [ -64.547039119533707, -22.661682579983712, 0.0 ], [ -64.503303589795763, -22.606766789408905, 0.0 ], [ -64.503468030001798, -22.521970658734428, 0.0 ], [ -64.483734417456986, -22.4830770915103, 0.0 ] ] ] } },
{ "type": "Feature", "properties": { "loc": "AR006385" }, "geometry": { "type": "Polygon", "coordinates": [ [ [ -60.904487610265555, -34.810543060359095, 0.0 ], [ -60.849624634730191, -34.762535094518448, 0.0 ], [ -60.725421906156136, -34.860595703235305, 0.0 ], [ -60.847908019799263, -34.968059539676588, 0.0 ], [ -60.7546806341362, -35.04078292841821, 0.0 ], [ -60.984569550422414, -35.246978759206243, 0.0 ], [ -61.061794280240527, -35.18719863862173, 0.0 ], [ -61.154895782287873, -35.264667511626342, 0.0 ], [ -61.277961730599131, -35.166095734261127, 0.0 ], [ -61.300331116070225, -35.185321807515656, 0.0 ], [ -61.420478820705675, -35.087177277042024, 0.0 ], [ -61.127922058471839, -34.846805573757287, 0.0 ], [ -61.183147429664167, -34.801662444759458, 0.0 ], [ -61.048336028775992, -34.691940308221007, 0.0 ], [ -60.904487610265555, -34.810543060359095, 0.0 ] ] ] } },
{ "type": "Feature", "properties": { "loc": "AR006595" }, "geometry": { "type": "Polygon", "coordinates": [ [ [ -60.651191710337635, -36.342281342281765, 0.0 ], [ -60.534122466603833, -36.411552429542134, 0.0 ], [ -60.438724518550671, -36.498001099368366, 0.0 ], [ -60.478263855001408, -36.529388428158221, 0.0 ], [ -60.32190704294662, -36.656299591080064, 0.0 ], [ -60.280406951928612, -36.623287201460336, 0.0 ], [ -60.002040864559909, -36.833801270136306, 0.0 ], [ -60.021575927867353, -36.851264954340706, 0.0 ], [ -60.007984161598763, -36.862281799351948, 0.0 ], [ -60.028274537380263, -36.878452301334129, 0.0 ], [ -60.012565613565229, -36.889949798719897, 0.0 ], [ -60.032592773985321, -36.906574249068456, 0.0 ], [ -60.022891998386136, -36.913684845083488, 0.0 ], [ -60.10493087796528, -36.97827911431397, 0.0 ], [ -60.095588683776384, -36.988349914820219, 0.0 ], [ -60.115951538329945, -37.005405425925595, 0.0 ], [ -60.101806641611688, -37.016143799063862, 0.0 ], [ -60.146282195395813, -37.079933166769251, 0.0 ], [ -60.126346588574535, -37.095050811977366, 0.0 ], [ -60.277580260953307, -37.247772216494596, 0.0 ], [ -60.437606812216295, -37.375076293624595, 0.0 ], [ -60.626972197826497, -37.230388640953734, 0.0 ], [ -60.731376648630025, -37.138931274164626, 0.0 ], [ -60.717033385930733, -37.127563477232272, 0.0 ], [ -60.814815521138428, -37.050304412804465, 0.0 ], [ -61.011875153226903, -37.202980042639993, 0.0 ], [ -61.422630310065664, -36.863872527854795, 0.0 ], [ -60.897262572724777, -36.450332642115633, 0.0 ], [ -60.87566375671453, -36.46797561547924, 0.0 ], [ -60.763214111007407, -36.378002167045217, 0.0 ], [ -60.730548859180544, -36.403621673922153, 0.0 ], [ -60.651191710337635, -36.342281342281765, 0.0 ] ] ] } },
{ "type": "Feature", "properties": { "loc": "AR066140" }, "geometry": { "type": "Polygon", "coordinates": [ [ [ -64.386981521596169, -25.524163742367225, 0.0 ], [ -64.315208448946763, -25.513292314371551, 0.0 ], [ -64.210538280075468, -25.540630133758771, 0.0 ], [ -64.195662468227965, -25.727844583467313, 0.0 ], [ -64.197509020871479, -25.709286918652182, 0.0 ], [ -64.268060038883107, -25.700007020987748, 0.0 ], [ -64.403629827178534, -26.031168500452338, 0.0 ], [ -64.412195885945096, -26.113497849787485, 0.0 ], [ -64.495146840303562, -26.218868948880882, 0.0 ], [ -64.622259173455333, -26.224129819281206, 0.0 ], [ -64.662387970022465, -26.244232722063938, 0.0 ], [ -64.790411826387981, -26.223718169088709, 0.0 ], [ -64.845318960407766, -26.238596438574639, 0.0 ], [ -64.873443097319367, -26.274922198058398, 0.0 ], [ -64.941614597619278, -26.302251972382905, 0.0 ], [ -64.917338380752483, -26.199506422144061, 0.0 ], [ -64.89169050382047, -26.179654390618939, 0.0 ], [ -64.872917088804741, -26.125312182494188, 0.0 ], [ -64.894393688122292, -26.090938512737168, 0.0 ], [ -64.884321301049638, -26.04481090106508, 0.0 ], [ -65.108008268377233, -26.007916215556229, 0.0 ], [ -65.103238901429762, -26.053936180761177, 0.0 ], [ -65.194624562893949, -26.025163100203191, 0.0 ], [ -65.246781539705694, -25.972090415814606, 0.0 ], [ -65.254313327661478, -25.889381928142381, 0.0 ], [ -65.298399890266339, -25.859840241908863, 0.0 ], [ -65.278361849451528, -25.807629548768055, 0.0 ], [ -65.290288534442084, -25.774757011834062, 0.0 ], [ -65.258956966401797, -25.776079390511853, 0.0 ], [ -65.239472332717753, -25.711998231891254, 0.0 ], [ -65.196634166948073, -25.690329553484663, 0.0 ], [ -65.163973569292693, -25.619468335444214, 0.0 ], [ -65.134066157066172, -25.620948037121519, 0.0 ], [ -65.123243495271609, -25.645783399005392, 0.0 ], [ -65.087965319167708, -25.662389802617746, 0.0 ], [ -65.049702446514885, -25.657201031058733, 0.0 ], [ -65.027701919180942, -25.672195968174314, 0.0 ], [ -64.919783458411928, -25.638099505467284, 0.0 ], [ -64.835753261782912, -25.651522676278081, 0.0 ], [ -64.647923266774853, -25.605522609852748, 0.0 ], [ -64.480846313157272, -25.634798776063075, 0.0 ], [ -64.449455275746857, -25.511516578538295, 0.0 ], [ -64.386981521596169, -25.524163742367225, 0.0 ] ] ] } },
{ "type": "Feature", "properties": { "loc": "AR006462" }, "geometry": { "type": "Polygon", "coordinates": [ [ [ -61.548889160154197, -34.303176879684443, 0.0 ], [ -61.509395599155397, -34.335941314974406, 0.0 ], [ -61.473243713521327, -34.306632996291953, 0.0 ], [ -61.394844054685237, -34.3738060005061, 0.0 ], [ -61.416252135902809, -34.39266586301369, 0.0 ], [ -61.329452514999531, -34.452682495585854, 0.0 ], [ -61.355800628695533, -34.473846436023699, 0.0 ], [ -61.274425507093305, -34.540702819784116, 0.0 ], [ -61.437274933288265, -34.670578003072748, 0.0 ], [ -61.516765594240276, -34.602558135854565, 0.0 ], [ -61.597869872886022, -34.668128966993052, 0.0 ], [ -61.612152099553342, -34.656402588513707, 0.0 ], [ -61.645080565843287, -34.683364867879376, 0.0 ], [ -61.769561767663852, -34.576068877421434, 0.0 ], [ -61.845272063677086, -34.637245177871428, 0.0 ], [ -61.984409332358652, -34.517654418959431, 0.0 ], [ -61.815717041671903, -34.383596916297876, 0.0 ], [ -61.717601437457695, -34.383606962430484, 0.0 ], [ -61.648769573016018, -34.319507930856638, 0.0 ], [ -61.61049652065438, -34.352634430411499, 0.0 ], [ -61.548889160154197, -34.303176879684443, 0.0 ] ] ] } },
{ "type": "Feature", "properties": { "loc": "AR022063" }, "geometry": { "type": "Polygon", "coordinates": [ [ [ -62.315340623343566, -24.118622799914526, 0.0 ], [ -62.165570391902591, -24.173472485963654, 0.0 ], [ -62.174922658002451, -24.197347816910447, 0.0 ], [ -62.138321775524766, -24.187494568308889, 0.0 ], [ -62.13760893539736, -24.217385939948215, 0.0 ], [ -62.076428492049416, -24.201301042043408, 0.0 ], [ -62.087582386045447, -24.232044214393426, 0.0 ], [ -62.056888561669751, -24.212393641586342, 0.0 ], [ -62.042075765741117, -24.23723985472769, 0.0 ], [ -61.985262881897221, -24.246842480699147, 0.0 ], [ -61.984651610685724, -24.22709537066989, 0.0 ], [ -61.957520576592088, -24.234422806736216, 0.0 ], [ -61.933911409129401, -24.273009099580783, 0.0 ], [ -61.907837859211796, -24.259432069292057, 0.0 ], [ -61.904007837200716, -24.277770469998277, 0.0 ], [ -61.92026416290885, -24.283898981731415, 0.0 ], [ -61.90851647622182, -24.30676229262945, 0.0 ], [ -61.886818783546545, -24.273768369723633, 0.0 ], [ -61.879320765957246, -24.307321475394957, 0.0 ], [ -61.843645914485151, -24.305456223992991, 0.0 ], [ -61.848007874790028, -24.321981865833287, 0.0 ], [ -61.813473814558478, -24.313609594330622, 0.0 ], [ -61.793897270644479, -24.334303111893902, 0.0 ], [ -61.771719679079816, -24.311896431911812, 0.0 ], [ -61.743701013365715, -24.339357042687549, 0.0 ], [ -61.719881985079603, -24.336048200555876, 0.0 ], [ -61.732495992653604, -24.358459316983975, 0.0 ], [ -61.692479252833316, -24.367660709083477, 0.0 ], [ -61.712527653918293, -24.379855916002416, 0.0 ], [ -61.697573151448559, -24.413406570055027, 0.0 ], [ -61.647060632392545, -24.43383278236492, 0.0 ], [ -61.610007202929232, -24.423685132008018, 0.0 ], [ -61.606367129684998, -24.450351708193331, 0.0 ], [ -61.584484057074427, -24.439993797269214, 0.0 ], [ -61.593109252834466, -24.484109213403048, 0.0 ], [ -61.576340831718845, -24.495162691005916, 0.0 ], [ -61.554936639308146, -24.485193003975606, 0.0 ], [ -61.562258797307528, -24.502647369009452, 0.0 ], [ -61.524996224774718, -24.513182353585115, 0.0 ], [ -61.5239563745277, -24.539262051671148, 0.0 ], [ -61.461057347141704, -24.610884957862009, 0.0 ], [ -61.382725158969969, -24.61275731847574, 0.0 ], [ -61.375481272977915, -24.641579388881514, 0.0 ], [ -61.364185721848116, -24.619510093432449, 0.0 ], [ -61.341840177664665, -24.639461473688353, 0.0 ], [ -61.294447974714345, -24.625710368505022, 0.0 ], [ -61.274128261752303, -24.638878278977046, 0.0 ], [ -61.262249517153528, -24.619970510287814, 0.0 ], [ -61.245766606686324, -24.64955994127061, 0.0 ], [ -61.232046197177475, -24.639676334984987, 0.0 ], [ -61.201566627285246, -24.655790910740574, 0.0 ], [ -61.208073846235308, -24.698026447275396, 0.0 ], [ -61.183641079065616, -24.721077965606248, 0.0 ], [ -61.157397340622495, -24.709721025260176, 0.0 ], [ -61.173849554758128, -24.733570599315719, 0.0 ], [ -61.147845233507908, -24.7552028067139, 0.0 ], [ -61.16035873936454, -24.770859422435315, 0.0 ], [ -61.137669416210073, -24.78531772708039, 0.0 ], [ -61.142973413702251, -24.808989272332813, 0.0 ], [ -61.107416984439126, -24.834841348988284, 0.0 ], [ -61.100718232094088, -24.824842330281133, 0.0 ], [ -61.046381721417504, -24.899117942833346, 0.0 ], [ -61.028839240886164, -24.888667104105025, 0.0 ], [ -61.022219065975648, -24.920785755900983, 0.0 ], [ -60.994186455713411, -24.916385402700367, 0.0 ], [ -60.99801712091822, -24.933967172858452, 0.0 ], [ -60.963973313558043, -24.948386188857196, 0.0 ], [ -60.953522474341035, -24.972647066818855, 0.0 ], [ -60.939005235818968, -24.960153206254692, 0.0 ], [ -60.942737679230625, -24.980642352098592, 0.0 ], [ -60.920853776576742, -24.980485196275573, 0.0 ], [ -60.941578656681379, -24.99126999150991, 0.0 ], [ -60.925101886199137, -25.00377367649676, 0.0 ], [ -60.931954724768239, -25.0131256708423, 0.0 ], [ -60.874980297785122, -25.019712276081741, 0.0 ], [ -60.87423729582374, -25.034955758651265, 0.0 ], [ -60.82672586936723, -25.033329824664143, 0.0 ], [ -60.834663304165957, -25.043795427040926, 0.0 ], [ -60.812443662462833, -25.073534952689251, 0.0 ], [ -60.754451760469799, -25.067629310116885, 0.0 ], [ -60.765735364006318, -25.090262278013949, 0.0 ], [ -60.739909474222671, -25.091346172152274, 0.0 ], [ -60.721446819701399, -25.125210233435059, 0.0 ], [ -60.657942073590675, -25.110997440453758, 0.0 ], [ -60.663184190634531, -25.162526386607542, 0.0 ], [ -60.622059360944988, -25.177511378522993, 0.0 ], [ -60.6117403485976, -25.16036076693749, 0.0 ], [ -60.551134498248103, -25.193437236931363, 0.0 ], [ -60.546948019342395, -25.167059834069281, 0.0 ], [ -60.529647974343298, -25.171783645689889, 0.0 ], [ -60.483488643543424, -25.221986981040921, 0.0 ], [ -60.487141772003703, -25.235324509957074, 0.0 ], [ -60.448694230881294, -25.258955453296998, 0.0 ], [ -60.419524268129408, -25.317948034328239, 0.0 ], [ -60.407379385051293, -25.308465500695146, 0.0 ], [ -60.396838353183114, -25.331265516961597, 0.0 ], [ -60.348443676189802, -25.338565918039937, 0.0 ], [ -60.345089707380396, -25.377349322089277, 0.0 ], [ -60.319128472026144, -25.364100443943506, 0.0 ], [ -60.307640444270305, -25.391665283414511, 0.0 ], [ -60.322529198146086, -25.376020155913167, 0.0 ], [ -60.335910438837956, -25.392920089998672, 0.0 ], [ -60.282628493711066, -25.433154944383475, 0.0 ], [ -60.281263625807732, -25.466703898822015, 0.0 ], [ -60.261092948741215, -25.460754037341694, 0.0 ], [ -60.228261888574153, -25.480144203327139, 0.0 ], [ -60.238441561441178, -25.499973352659381, 0.0 ], [ -60.222966056767895, -25.525672415675928, 0.0 ], [ -60.23989262808594, -25.55771648546072, 0.0 ], [ -60.21358275477327, -25.578468956185379, 0.0 ], [ -60.219942571863307, -25.599773620061963, 0.0 ], [ -60.199001586745716, -25.600708651522794, 0.0 ], [ -60.181536828452757, -25.634282901595544, 0.0 ], [ -60.192489094684937, -25.644176788855784, 0.0 ], [ -60.172871080944148, -25.653877654475021, 0.0 ], [ -60.138338490356411, -25.642448529377138, 0.0 ], [ -60.099041521165958, -25.66894501032872, 0.0 ], [ -60.099869882842277, -26.124249977012543, 0.0 ], [ -61.204129752556184, -26.11099320794521, 0.0 ], [ -61.197173753256507, -25.565118385761306, 0.0 ], [ -61.394233465295038, -25.562398475336956, 0.0 ], [ -61.393634206355522, -25.471418539924528, 0.0 ], [ -62.236556599651912, -25.466957897167628, 0.0 ], [ -62.219306747120996, -24.832197988727245, 0.0 ], [ -62.72002019992965, -24.832300991705313, 0.0 ], [ -62.3417328676762, -24.392471276041825, 0.0 ], [ -62.333850087277646, -24.086661354792867, 0.0 ], [ -62.313912947032179, -24.095304083062178, 0.0 ], [ -62.315340623343566, -24.118622799914526, 0.0 ] ] ] } },
{ "type": "Feature", "properties": { "loc": "AR090091" }, "geometry": { "type": "Polygon", "coordinates": [ [ [ -65.398269396682309, -27.174263503034368, 0.0 ], [ -65.353980309794935, -27.180339602456474, 0.0 ], [ -65.335005839242228, -27.216513618009856, 0.0 ], [ -65.301304118427069, -27.224121729959126, 0.0 ], [ -65.300805381866169, -27.267265649696391, 0.0 ], [ -65.217564810660107, -27.315125698723605, 0.0 ], [ -65.213438027499976, -27.342411192152213, 0.0 ], [ -65.157238543874797, -27.371956731772734, 0.0 ], [ -65.111453781802297, -27.426428283769951, 0.0 ], [ -65.092855057668316, -27.420864853357813, 0.0 ], [ -65.088642206022499, -27.438572028557132, 0.0 ], [ -65.103198921908046, -27.447776936757428, 0.0 ], [ -65.063288152748569, -27.46162972798744, 0.0 ], [ -65.063131182034141, -27.44232970837616, 0.0 ], [ -65.037928470631073, -27.479267368457968, 0.0 ], [ -64.972640615393786, -27.498703154079838, 0.0 ], [ -64.973592399301921, -27.562710654287368, 0.0 ], [ -65.010949938133322, -27.561758869061677, 0.0 ], [ -65.027115237553716, -27.587145180116845, 0.0 ], [ -65.115060528447827, -27.568188572830518, 0.0 ], [ -65.152377616141976, -27.587831620376438, 0.0 ], [ -65.168705532188369, -27.565585645180033, 0.0 ], [ -65.259812571285721, -27.564023849561796, 0.0 ], [ -65.348071465842153, -27.52431620082713, 0.0 ], [ -65.407262660960328, -27.540374581808862, 0.0 ], [ -65.545113004962516, -27.5416150819552, 0.0 ], [ -65.53219815609144, -27.484941251985212, 0.0 ], [ -65.558417692124166, -27.479979900270241, 0.0 ], [ -65.548925991322534, -27.430831867264974, 0.0 ], [ -65.498178506225884, -27.432725072029651, 0.0 ], [ -65.487185996367259, -27.404634646331129, 0.0 ], [ -65.471464038895775, -27.421671553821479, 0.0 ], [ -65.460679494415345, -27.245954693348189, 0.0 ], [ -65.446047029890096, -27.216925548345987, 0.0 ], [ -65.416689073105445, -27.211048527952212, 0.0 ], [ -65.398269396682309, -27.174263503034368, 0.0 ] ] ] } },
{ "type": "Feature", "properties": { "loc": "AR082021" }, "geometry": { "type": "Polygon", "coordinates": [ [ [ -61.210460493875416, -30.750961645198572, 0.0 ], [ -61.391598772143738, -31.539273656184101, 0.0 ], [ -61.42925938997557, -31.532857133773568, 0.0 ], [ -61.449992547157237, -31.596946689033107, 0.0 ], [ -61.499352330074359, -31.588328022059205, 0.0 ], [ -61.541434080238837, -31.767575108239377, 0.0 ], [ -61.712692021360795, -31.749631619737645, 0.0 ], [ -61.708165415135689, -31.731011633316921, 0.0 ], [ -62.030283651075074, -31.673632782662523, 0.0 ], [ -62.022062465427545, -31.639974011735625, 0.0 ], [ -62.132351924286105, -31.620366169769856, 0.0 ], [ -61.843368383571374, -30.750750953346849, 0.0 ], [ -61.666156198540513, -30.782457058563416, 0.0 ], [ -61.65527958842155, -30.737504244542595, 0.0 ], [ -61.43806638229124, -30.776079725326166, 0.0 ], [ -61.4231295487848, -30.711694106341849, 0.0 ], [ -61.210460493875416, -30.750961645198572, 0.0 ] ] ] } },
{ "type": "Feature", "properties": { "loc": "AR022028" }, "geometry": { "type": "Polygon", "coordinates": [ [ [ -61.711191865379035, -26.758910828069325, 0.0 ], [ -60.821524975113448, -27.372087112787213, 0.0 ], [ -60.910452519871832, -27.402097332915041, 0.0 ], [ -60.997434310131567, -27.402205153186472, 0.0 ], [ -60.997247671656559, -27.419699125641024, 0.0 ], [ -61.513124400796876, -27.068807227898787, 0.0 ], [ -61.711200859311653, -26.931832398594665, 0.0 ], [ -61.711191865379035, -26.758910828069325, 0.0 ] ] ] } },
{ "type": "Feature", "properties": { "loc": "AR066084" }, "geometry": { "type": "Polygon", "coordinates": [ [ [ -65.296234467137992, -25.859992950966628, 0.0 ], [ -65.254313327661478, -25.889381928142381, 0.0 ], [ -65.246781539705694, -25.972090415814606, 0.0 ], [ -65.194624562893949, -26.025163100203191, 0.0 ], [ -65.103238901429762, -26.053936180761177, 0.0 ], [ -65.108008268377233, -26.007916215556229, 0.0 ], [ -64.884321301049638, -26.04481090106508, 0.0 ], [ -64.894393688122292, -26.090938512737168, 0.0 ], [ -64.872917088804741, -26.125312182494188, 0.0 ], [ -64.89169050382047, -26.179654390618939, 0.0 ], [ -64.917338380752483, -26.199506422144061, 0.0 ], [ -64.943310359957536, -26.303900628030004, 0.0 ], [ -64.960929883600883, -26.303977471375855, 0.0 ], [ -64.973664036352574, -26.276937521382166, 0.0 ], [ -65.040492277723317, -26.273996929993952, 0.0 ], [ -65.040204000263785, -26.229717379448925, 0.0 ], [ -65.273648377477656, -26.171950975710466, 0.0 ], [ -65.297906030659107, -26.081735546475727, 0.0 ], [ -65.347059393300341, -26.060437716277001, 0.0 ], [ -65.377278521828757, -26.065067756969384, 0.0 ], [ -65.431453183040617, -26.109953663206586, 0.0 ], [ -65.465396398851908, -26.091276635429089, 0.0 ], [ -65.563371500267479, -26.088892522258377, 0.0 ], [ -65.550944710581845, -26.038804681072211, 0.0 ], [ -65.535725059576208, -26.045229488999951, 0.0 ], [ -65.527313705074604, -26.041210098372353, 0.0 ], [ -65.531020167411597, -26.021015138925307, 0.0 ], [ -65.470330231158243, -26.014959325655212, 0.0 ], [ -65.442243384212389, -25.957733220326979, 0.0 ], [ -65.384363351218298, -25.944279383036097, 0.0 ], [ -65.350983563244768, -25.875752259835021, 0.0 ], [ -65.296234467137992, -25.859992950966628, 0.0 ] ] ] } },
{ "type": "Feature", "properties": { "loc": "AR054112" }, "geometry": { "type": "Polygon", "coordinates": [ [ [ -53.77757263116883, -26.380659102860815, 0.0 ], [ -53.730762481725407, -26.460891723523414, 0.0 ], [ -53.69897030881139, -26.46307019570267, 0.0 ], [ -53.715337194673126, -26.471120863205272, 0.0 ], [ -53.69587320337601, -26.475237330256562, 0.0 ], [ -53.695837510614815, -26.490061372126824, 0.0 ], [ -53.705212586736373, -26.509001881801378, 0.0 ], [ -53.7294926070701, -26.501475647035338, 0.0 ], [ -53.716738695873758, -26.526954914423129, 0.0 ], [ -53.741427984159344, -26.543934748749706, 0.0 ], [ -53.725295237888204, -26.554280646126738, 0.0 ], [ -53.736830865574333, -26.565625915627958, 0.0 ], [ -53.714254538804497, -26.556460231910449, 0.0 ], [ -53.707544458703723, -26.560914583113838, 0.0 ], [ -53.732785781494336, -26.586479512116167, 0.0 ], [ -53.739828986546861, -26.64408150345443, 0.0 ], [ -53.759530922698126, -26.641140490546135, 0.0 ], [ -53.726342200995639, -26.658777054357987, 0.0 ], [ -53.722011582012705, -26.648412123116476, 0.0 ], [ -53.731605569484167, -26.677774671425521, 0.0 ], [ -53.716662553771961, -26.683152254533141, 0.0 ], [ -53.728759733613536, -26.692184687393059, 0.0 ], [ -53.742922284922074, -26.680287383040213, 0.0 ], [ -53.73444188680606, -26.717016743167363, 0.0 ], [ -53.757954189829981, -26.720287232876327, 0.0 ], [ -53.742722410669671, -26.731084116512271, 0.0 ], [ -53.750098739775638, -26.74070665667697, 0.0 ], [ -53.731757854586093, -26.730893758659551, 0.0 ], [ -53.714102253702578, -26.750690875048448, 0.0 ], [ -53.7435409456751, -26.763854052871821, 0.0 ], [ -53.698788041538556, -26.769517169846544, 0.0 ], [ -53.717043266975885, -26.782109278121855, 0.0 ], [ -53.700187165796947, -26.79789938100101, 0.0 ], [ -53.698121793431675, -26.814317662154419, 0.0 ], [ -53.710799562526226, -26.811310022986863, 0.0 ], [ -53.694809583706551, -26.846982903572744, 0.0 ], [ -53.660174148595196, -26.858394798258125, 0.0 ], [ -53.696751223921225, -26.859822473592317, 0.0 ], [ -53.679971264844077, -26.869730550355047, 0.0 ], [ -53.695609083411114, -26.886891222586083, 0.0 ], [ -53.670891242174228, -26.89466730105244, 0.0 ], [ -53.69685591987264, -26.929217075071584, 0.0 ], [ -53.671195813276363, -26.942484950111226, 0.0 ], [ -53.70903876036477, -26.934090210620393, 0.0 ], [ -53.703175769119049, -26.960178622296151, 0.0 ], [ -53.726075701393562, -26.958817570129192, 0.0 ], [ -53.736954596826607, -26.974303101651792, 0.0 ], [ -53.717852284330874, -26.9901883838941, 0.0 ], [ -53.743569498626393, -26.991968221096968, 0.0 ], [ -53.740333431901405, -27.01460165409916, 0.0 ], [ -53.763523659251561, -27.008393639622579, 0.0 ], [ -53.74724814552895, -27.032176353189733, 0.0 ], [ -53.763999550756466, -27.045358567105151, 0.0 ], [ -53.785569365556107, -27.026346672805406, 0.0 ], [ -53.760061542265092, -27.06509619622663, 0.0 ], [ -53.802178002433848, -27.040088060577265, 0.0 ], [ -53.77169710662826, -27.073626564002296, 0.0 ], [ -53.797395285622926, -27.066083672539282, 0.0 ], [ -53.805402171871215, -27.078611534387662, 0.0 ], [ -53.776348953275324, -27.103429313450956, 0.0 ], [ -53.818643872758415, -27.102156300686122, 0.0 ], [ -53.804438490675452, -27.122667255502559, 0.0 ], [ -53.824692463128379, -27.132358800698917, 0.0 ], [ -53.798865793607042, -27.1464356914768, 0.0 ], [ -53.827933289127742, -27.145745646752854, 0.0 ], [ -53.836695876820606, -27.16966115524226, 0.0 ], [ -53.873404787999398, -27.125934255294062, 0.0 ], [ -53.913087882743376, -27.176285835148427, 0.0 ], [ -53.93370108429189, -27.156233730931444, 0.0 ], [ -53.934421538539652, -27.130826950289208, 0.0 ], [ -53.911510468053926, -27.135198593121629, 0.0 ], [ -53.901325225632121, -27.11940193209869, 0.0 ], [ -53.926292419428954, -27.112554550093691, 0.0 ], [ -53.879661560241502, -27.099828720065215, 0.0 ], [ -53.907325745354584, -27.086036682158365, 0.0 ], [ -53.892440796742335, -27.079044342195019, 0.0 ], [ -53.904735564623934, -27.069469451908507, 0.0 ], [ -53.888610840308274, -27.045864104770249, 0.0 ], [ -53.911895751886021, -27.056457519983166, 0.0 ], [ -53.923332213649608, -27.031465530127669, 0.0 ], [ -53.947307587422713, -27.050991058311855, 0.0 ], [ -53.938343047674209, -27.023540497029913, 0.0 ], [ -53.970989226470948, -27.040210723590402, 0.0 ], [ -53.984214782835863, -27.005685806088618, 0.0 ], [ -54.003059387541214, -27.017316817893857, 0.0 ], [ -54.020011902204651, -27.003885268921845, 0.0 ], [ -54.000617980398012, -26.999155044681569, 0.0 ], [ -53.995944976629374, -26.975568770704257, 0.0 ], [ -54.033344268256847, -26.974178313992354, 0.0 ], [ -54.019710540783031, -26.954721450486048, 0.0 ], [ -54.03400039684206, -26.929367065016638, 0.0 ], [ -54.014640807747263, -26.92304420494332, 0.0 ], [ -54.028942107444692, -26.89529800392436, 0.0 ], [ -54.0529365542479, -26.894247054571402, 0.0 ], [ -54.050674438259009, -26.87528419470474, 0.0 ], [ -54.080513000008871, -26.880332946719271, 0.0 ], [ -54.081237793119463, -26.860448837403688, 0.0 ], [ -54.101425170765417, -26.854022979918117, 0.0 ], [ -54.085475921560743, -26.840078353855422, 0.0 ], [ -54.108802795242035, -26.830976486516526, 0.0 ], [ -54.104698181604789, -26.808052063340181, 0.0 ], [ -54.131515503339969, -26.802682876832904, 0.0 ], [ -54.139778137254716, -26.746192932008366, 0.0 ], [ -54.245597838872605, -26.800966263714407, 0.0 ], [ -54.258701324071872, -26.737379074195324, 0.0 ], [ -54.245250701999055, -26.699245452918657, 0.0 ], [ -54.216571807788803, -26.694101333889975, 0.0 ], [ -54.194686890038639, -26.664766311803398, 0.0 ], [ -54.267932891631851, -26.640613556121693, 0.0 ], [ -54.268665314134132, -26.448301314825866, 0.0 ], [ -54.177989960446567, -26.448223114043703, 0.0 ], [ -54.179298400675329, -26.330411911114251, 0.0 ], [ -53.752208709901502, -26.325710296795013, 0.0 ], [ -53.77757263116883, -26.380659102860815, 0.0 ] ] ] } },
{ "type": "Feature", "properties": { "loc": "AR006778" }, "geometry": { "type": "Polygon", "coordinates": [ [ [ -58.316635131358879, -34.925868988008894, 0.0 ], [ -58.287536626892901, -34.965297699024717, 0.0 ], [ -58.301006321995835, -34.972003938683585, 0.0 ], [ -58.277492522378658, -35.009468078762055, 0.0 ], [ -58.288566593875167, -35.016925812994494, 0.0 ], [ -58.235908515238378, -35.056053162505023, 0.0 ], [ -58.469020843682188, -35.237667083998154, 0.0 ], [ -58.577373509635365, -35.14771652209177, 0.0 ], [ -58.578697207749222, -35.065357208437696, 0.0 ], [ -58.599567416402209, -35.049919127838365, 0.0 ], [ -58.553817753304514, -35.009181975664362, 0.0 ], [ -58.553974156283672, -34.975387573231714, 0.0 ], [ -58.491500853985578, -34.928344727238056, 0.0 ], [ -58.463459018923665, -34.951400757152797, 0.0 ], [ -58.468334201123412, -35.010593413888238, 0.0 ], [ -58.316635131358879, -34.925868988008894, 0.0 ] ] ] } },
{ "type": "Feature", "properties": { "loc": "AR054077" }, "geometry": { "type": "Polygon", "coordinates": [ [ [ -54.795892211973552, -26.647071359024618, 0.0 ], [ -54.655448914141424, -26.960578917559033, 0.0 ], [ -54.696327208387757, -26.976673125846254, 0.0 ], [ -54.711666106255798, -26.933982848686156, 0.0 ], [ -54.749885558839367, -26.943695067707758, 0.0 ], [ -54.723438263051179, -27.041231154710097, 0.0 ], [ -54.756721497403014, -27.047588347764343, 0.0 ], [ -54.787403107385785, -27.008699417426271, 0.0 ], [ -54.816574096912049, -27.001428604563674, 0.0 ], [ -54.816394805757753, -26.986288071010748, 0.0 ], [ -54.88120269742695, -26.978113173695199, 0.0 ], [ -54.900028229102197, -27.00113105827414, 0.0 ], [ -54.887863159083011, -27.001703262039808, 0.0 ], [ -54.88942718528147, -27.054800033695479, 0.0 ], [ -54.949565887428712, -27.075336456144008, 0.0 ], [ -54.968894958058357, -27.09716033906976, 0.0 ], [ -55.010833740447062, -27.053625106467038, 0.0 ], [ -55.143585205574077, -27.054769515543867, 0.0 ], [ -55.17010879527934, -27.035030364931693, 0.0 ], [ -55.179534911878704, -26.990249633792789, 0.0 ], [ -55.204380034509896, -26.985868454097584, 0.0 ], [ -55.201068983611499, -26.969926646066138, 0.0 ], [ -55.132060260653311, -26.944512220751953, 0.0 ], [ -55.150289892189875, -26.895953899258004, 0.0 ], [ -55.135788282557137, -26.859054148620306, 0.0 ], [ -55.057542884218265, -26.79898476742791, 0.0 ], [ -54.956259821210573, -26.781355538932857, 0.0 ], [ -54.947749207361639, -26.69290170906519, 0.0 ], [ -54.926959570403113, -26.672315393554825, 0.0 ], [ -54.862455784508747, -26.655083886628692, 0.0 ], [ -54.823662407273325, -26.673903893229909, 0.0 ], [ -54.795892211973552, -26.647071359024618, 0.0 ] ] ] } },
{ "type": "Feature", "properties": { "loc": "AR014119" }, "geometry": { "type": "Polygon", "coordinates": [ [ [ -63.263213249674116, -31.333528640296155, 0.0 ], [ -63.261426889544516, -31.473026191396652, 0.0 ], [ -63.176852036273914, -31.461160571001429, 0.0 ], [ -63.206736634885459, -31.553095315909072, 0.0 ], [ -63.181260736821336, -31.543468026526508, 0.0 ], [ -63.186794704822894, -31.563673549923848, 0.0 ], [ -63.163775292124029, -31.563705112678822, 0.0 ], [ -63.152690719321832, -31.622961705069478, 0.0 ], [ -63.111356875021876, -31.622786832585543, 0.0 ], [ -63.111664989977804, -31.665275314706758, 0.0 ], [ -63.052724838048938, -31.665689350535892, 0.0 ], [ -63.03553932196035, -31.723428303034321, 0.0 ], [ -63.014717370804433, -31.723432407034331, 0.0 ], [ -63.009709798491386, -31.799976240476589, 0.0 ], [ -62.982918626714103, -31.798873561513343, 0.0 ], [ -62.982470319776624, -31.833588730968835, 0.0 ], [ -62.968616169986603, -31.836100957274802, 0.0 ], [ -62.963930473022991, -31.867452634193523, 0.0 ], [ -62.949582154605267, -31.867439914894113, 0.0 ], [ -62.949414830807193, -31.919724684662182, 0.0 ], [ -62.899864631100982, -31.96595285747545, 0.0 ], [ -62.881761915344399, -31.966105974890556, 0.0 ], [ -62.881045357988327, -32.012824837400039, 0.0 ], [ -62.83859179153449, -32.011335621427619, 0.0 ], [ -62.851178517273311, -32.060529532105321, 0.0 ], [ -63.006235445552413, -32.036614192138622, 0.0 ], [ -63.006307822814854, -32.021499893102011, 0.0 ], [ -63.097011915405005, -32.005466729996535, 0.0 ], [ -63.083484110981288, -31.952208217119065, 0.0 ], [ -63.125630216452727, -31.947395691207102, 0.0 ], [ -63.210841375185154, -32.009995663996051, 0.0 ], [ -63.244447326607876, -31.924843011639112, 0.0 ], [ -63.342522454532016, -31.941777181572498, 0.0 ], [ -63.348103511322456, -31.963837519238862, 0.0 ], [ -63.424387867633143, -31.983982679344944, 0.0 ], [ -63.554991005469972, -31.981376000479642, 0.0 ], [ -63.5700116913183, -31.964225291609242, 0.0 ], [ -63.658898051015846, -32.020754858612818, 0.0 ], [ -63.67761272609345, -31.999059307731503, 0.0 ], [ -63.677877685084823, -32.035053912967378, 0.0 ], [ -63.699694000293356, -32.035456901010775, 0.0 ], [ -63.699783039507679, -31.988379897084808, 0.0 ], [ -63.918953982764222, -31.986993278508312, 0.0 ], [ -63.91808874614383, -31.874602929461719, 0.0 ], [ -63.946873744863865, -31.874438680620017, 0.0 ], [ -63.947788181314081, -31.75286231224279, 0.0 ], [ -64.012600096537412, -31.750039233761619, 0.0 ], [ -64.050343900161195, -31.78550573844019, 0.0 ], [ -64.045887620344743, -31.687066089983681, 0.0 ], [ -64.014614068200444, -31.656003439752663, 0.0 ], [ -63.985281878691374, -31.651136488006326, 0.0 ], [ -64.016609104275588, -31.620397815827019, 0.0 ], [ -63.934107238388918, -31.558247201261413, 0.0 ], [ -63.956748702, -31.53647182362182, 0.0 ], [ -63.690876016191872, -31.522255645461623, 0.0 ], [ -63.68076676136166, -31.492909166717553, 0.0 ], [ -63.618981732064562, -31.49409189810164, 0.0 ], [ -63.572219982052005, -31.46999917072711, 0.0 ], [ -63.530627090573546, -31.403284127506645, 0.0 ], [ -63.48952314132449, -31.402365340172732, 0.0 ], [ -63.449620342018221, -31.375353957347727, 0.0 ], [ -63.358428890928565, -31.367609019830702, 0.0 ], [ -63.365608682125107, -31.315060705349595, 0.0 ], [ -63.263213249674116, -31.333528640296155, 0.0 ] ] ] } },
{ "type": "Feature", "properties": { "loc": "AR034007" }, "geometry": { "type": "Polygon", "coordinates": [ [ [ -61.848683140185734, -23.09449113830788, 0.0 ], [ -61.806031301175629, -23.157219680167806, 0.0 ], [ -61.752915783328191, -23.172989558190867, 0.0 ], [ -61.730574304919706, -23.238564140113219, 0.0 ], [ -61.664811951464507, -23.274523744637442, 0.0 ], [ -61.670552401725708, -23.283773899341259, 0.0 ], [ -61.609935631455606, -23.28264365496339, 0.0 ], [ -61.575463191160992, -23.30411829069303, 0.0 ], [ -61.568027376515218, -23.337579461733316, 0.0 ], [ -61.516393071875115, -23.351618280617714, 0.0 ], [ -61.522728387415761, -23.375472377515432, 0.0 ], [ -61.493133840436407, -23.421990840441026, 0.0 ], [ -61.452147625286777, -23.417112944204714, 0.0 ], [ -61.385195539476037, -23.45720686302495, 0.0 ], [ -61.385284770031511, -23.446766978209212, 0.0 ], [ -61.353727168797754, -23.450068479232947, 0.0 ], [ -61.293497062172023, -23.496111050340897, 0.0 ], [ -61.282194621862295, -23.490162397440681, 0.0 ], [ -61.292931940111622, -23.509525261860414, 0.0 ], [ -61.275294185159574, -23.5066104224118, 0.0 ], [ -61.249030884104506, -23.539714673943394, 0.0 ], [ -61.21777071506132, -23.552236587508496, 0.0 ], [ -61.191715616539646, -23.542540284107581, 0.0 ], [ -61.197426323581794, -23.551076599883647, 0.0 ], [ -61.133061904117213, -23.581474213191306, 0.0 ], [ -61.134519323647652, -23.598844279785041, 0.0 ], [ -61.124198411363452, -23.587244407123787, 0.0 ], [ -61.091213132919989, -23.617552791909461, 0.0 ], [ -61.098083827301984, -23.662643578214926, 0.0 ], [ -60.985386605004258, -23.808653254177933, 0.0 ], [ -60.958439209012553, -23.818409044090224, 0.0 ], [ -60.93244359782733, -23.800444113151979, 0.0 ], [ -60.832187175340394, -23.872721181725989, 0.0 ], [ -60.742973576452826, -23.872720490055396, 0.0 ], [ -60.69421194215753, -23.902590735442814, 0.0 ], [ -60.612821871690656, -23.903818852133774, 0.0 ], [ -60.587354500435218, -23.917023670544165, 0.0 ], [ -60.589927661684506, -23.958838685087976, 0.0 ], [ -60.509661133008109, -23.970864766407402, 0.0 ], [ -60.477794443942962, -23.950936110983342, 0.0 ], [ -60.365049131234798, -24.020310907952968, 0.0 ], [ -61.144236770181884, -24.798877576905035, 0.0 ], [ -61.137669416210073, -24.78531772708039, 0.0 ], [ -61.16035873936454, -24.770859422435315, 0.0 ], [ -61.147845233507908, -24.7552028067139, 0.0 ], [ -61.173849554758128, -24.733570599315719, 0.0 ], [ -61.157397340622495, -24.709721025260176, 0.0 ], [ -61.183641079065616, -24.721077965606248, 0.0 ], [ -61.208073846235308, -24.698026447275396, 0.0 ], [ -61.201566627285246, -24.655790910740574, 0.0 ], [ -61.232046197177475, -24.639676334984987, 0.0 ], [ -61.245766606686324, -24.64955994127061, 0.0 ], [ -61.262249517153528, -24.619970510287814, 0.0 ], [ -61.274128261752303, -24.638878278977046, 0.0 ], [ -61.294447974714345, -24.625710368505022, 0.0 ], [ -61.341840177664665, -24.639461473688353, 0.0 ], [ -61.364185721848116, -24.619510093432449, 0.0 ], [ -61.375481272977915, -24.641579388881514, 0.0 ], [ -61.382725158969969, -24.61275731847574, 0.0 ], [ -61.461057347141704, -24.610884957862009, 0.0 ], [ -61.5239563745277, -24.539262051671148, 0.0 ], [ -61.524996224774718, -24.513182353585115, 0.0 ], [ -61.562258797307528, -24.502647369009452, 0.0 ], [ -61.554936639308146, -24.485193003975606, 0.0 ], [ -61.576340831718845, -24.495162691005916, 0.0 ], [ -61.593109252834466, -24.484109213403048, 0.0 ], [ -61.584484057074427, -24.439993797269214, 0.0 ], [ -61.606367129684998, -24.450351708193331, 0.0 ], [ -61.610007202929232, -24.423685132008018, 0.0 ], [ -61.647060632392545, -24.43383278236492, 0.0 ], [ -61.697573151448559, -24.413406570055027, 0.0 ], [ -61.712527653918293, -24.379855916002416, 0.0 ], [ -61.692479252833316, -24.367660709083477, 0.0 ], [ -61.732495992653604, -24.358459316983975, 0.0 ], [ -61.714856799498769, -24.340510074895604, 0.0 ], [ -61.743701013365715, -24.339357042687549, 0.0 ], [ -61.761882342489457, -24.314628414312317, 0.0 ], [ -61.782058565754525, -24.314362831451533, 0.0 ], [ -61.793897270644479, -24.334303111893902, 0.0 ], [ -61.813473814558478, -24.313609594330622, 0.0 ], [ -61.834774542608017, -24.319365926566373, 0.0 ], [ -61.848683140185734, -23.09449113830788, 0.0 ] ] ] } },
{ "type": "Feature", "properties": { "loc": "AR082007" }, "geometry": { "type": "Polygon", "coordinates": [ [ [ -61.912430809613888, -32.307208032017527, 0.0 ], [ -61.437693249969989, -32.39378485651541, 0.0 ], [ -61.532835909395814, -32.846618671950012, 0.0 ], [ -61.51828995353074, -32.849087012839284, 0.0 ], [ -61.642431482579454, -32.883241135844933, 0.0 ], [ -61.712883611349632, -33.090497267791186, 0.0 ], [ -61.794529720537099, -33.019163655662041, 0.0 ], [ -61.770893427546092, -32.901664347383516, 0.0 ], [ -61.791178331689196, -32.877750765177794, 0.0 ], [ -61.777020538756709, -32.830340004917431, 0.0 ], [ -61.79540187508352, -32.773946779992002, 0.0 ], [ -61.826989218638033, -32.75508955243896, 0.0 ], [ -61.85738683253193, -32.694234837552003, 0.0 ], [ -61.907414999749676, -32.695959947342466, 0.0 ], [ -61.94548637494011, -32.67858988184387, 0.0 ], [ -61.945367402063894, -32.651345053928367, 0.0 ], [ -61.889271610073628, -32.61416597762171, 0.0 ], [ -61.889747502476872, -32.592155963147967, 0.0 ], [ -61.921275359593267, -32.592869800888813, 0.0 ], [ -61.901168914764511, -32.568956218275595, 0.0 ], [ -61.904262214038035, -32.552775884205566, 0.0 ], [ -61.929543987067575, -32.544150337744355, 0.0 ], [ -61.91211443464892, -32.527553597421502, 0.0 ], [ -61.912649813490276, -32.497096497156221, 0.0 ], [ -62.011324838157762, -32.345313125549893, 0.0 ], [ -61.903750565991544, -32.327450036516858, 0.0 ], [ -61.912430809613888, -32.307208032017527, 0.0 ] ] ] } },
{ "type": "Feature", "properties": { "loc": "AR086007" }, "geometry": { "type": "Polygon", "coordinates": [ [ [ -62.643867819608907, -28.861771630914944, 0.0 ], [ -62.641406488731015, -28.908207940162846, 0.0 ], [ -62.673557999436781, -28.934940367132977, 0.0 ], [ -62.653669447268392, -28.94891742093127, 0.0 ], [ -62.673131239489692, -28.957849312006839, 0.0 ], [ -62.674815663292428, -28.986061986557072, 0.0 ], [ -62.651628640232893, -29.029018441566645, 0.0 ], [ -62.628548400809485, -29.03706019141881, 0.0 ], [ -62.640862019837314, -29.06592530471405, 0.0 ], [ -62.619998715635603, -29.095634905660997, 0.0 ], [ -62.570279205057901, -29.104835149338879, 0.0 ], [ -62.535354052487627, -29.137134208207897, 0.0 ], [ -62.489389430627277, -29.13525283544487, 0.0 ], [ -62.474620130226377, -29.142364463267842, 0.0 ], [ -62.479693070247713, -29.157345058267129, 0.0 ], [ -62.437104853519322, -29.153432474747227, 0.0 ], [ -62.41601242232629, -29.178900668370151, 0.0 ], [ -62.427703692118541, -29.184093506249798, 0.0 ], [ -62.413849573769532, -29.184500896223312, 0.0 ], [ -62.418359999539746, -29.203377644692157, 0.0 ], [ -62.367781750754403, -29.225433411821065, 0.0 ], [ -62.358606799515201, -29.243778371891, 0.0 ], [ -62.370489876688602, -29.247419103708815, 0.0 ], [ -62.321878910527715, -29.262609961829096, 0.0 ], [ -62.303191882899611, -29.292745611899637, 0.0 ], [ -62.2854546907338, -29.28704239659249, 0.0 ], [ -62.310080660368278, -29.325818669958945, 0.0 ], [ -62.248753757493056, -29.371147985934304, 0.0 ], [ -62.199219156133431, -29.358237253558862, 0.0 ], [ -62.199996772877654, -29.372578435551997, 0.0 ], [ -62.157375535876035, -29.384938320950347, 0.0 ], [ -62.110311421921992, -29.354557094683571, 0.0 ], [ -62.043795134906716, -29.372796567774369, 0.0 ], [ -61.991862823154278, -29.425394713474731, 0.0 ], [ -61.950669769113844, -29.41559345177663, 0.0 ], [ -61.992843781647892, -29.665060207959367, 0.0 ], [ -62.437510399750963, -29.666601779571845, 0.0 ], [ -62.437843739400073, -29.596777736968992, 0.0 ], [ -62.533618277389998, -29.596851025731635, 0.0 ], [ -62.545012533606609, -29.521155368302999, 0.0 ], [ -62.558374888117932, -29.520889242224047, 0.0 ], [ -62.558011053359856, -29.482396585710269, 0.0 ], [ -62.497812026646351, -29.482182988128088, 0.0 ], [ -62.497827907962247, -29.442757011944853, 0.0 ], [ -62.617113803050117, -29.442529110270314, 0.0 ], [ -62.616519374351867, -29.364141210978882, 0.0 ], [ -62.75261089068961, -29.363373783159794, 0.0 ], [ -62.752747048337213, -29.306957392591446, 0.0 ], [ -62.802175711375362, -29.306418596760395, 0.0 ], [ -62.802218363385066, -29.284285453573769, 0.0 ], [ -62.891455616710708, -29.283612255599976, 0.0 ], [ -62.891541589974963, -29.202103927326529, 0.0 ], [ -62.980707026586892, -29.201990402154902, 0.0 ], [ -62.980219404880998, -28.966660825618742, 0.0 ], [ -63.068115548945926, -28.970097080809477, 0.0 ], [ -63.068069550711812, -28.891836068756433, 0.0 ], [ -62.894522023119563, -28.891656794221134, 0.0 ], [ -62.894550985702644, -28.862979465431238, 0.0 ], [ -62.643867819608907, -28.861771630914944, 0.0 ] ] ] } },
{ "type": "Feature", "properties": { "loc": "AR006728" }, "geometry": { "type": "Polygon", "coordinates": [ [ [ -59.374572753609641, -34.238883971583142, 0.0 ], [ -59.298255920506463, -34.264083862662908, 0.0 ], [ -59.31032180843345, -34.28903198191874, 0.0 ], [ -59.192680359423228, -34.370571136449477, 0.0 ], [ -59.239128114108013, -34.413932799899527, 0.0 ], [ -59.217735291673854, -34.446727753465112, 0.0 ], [ -59.523284913376358, -34.596992492653897, 0.0 ], [ -59.568592071755006, -34.560478210110972, 0.0 ], [ -59.632408143400468, -34.615516663113581, 0.0 ], [ -59.768711090816723, -34.507289885484496, 0.0 ], [ -59.735374450722922, -34.47765350330527, 0.0 ], [ -59.766250610643411, -34.452835083010832, 0.0 ], [ -59.670631409332401, -34.397560120076037, 0.0 ], [ -59.644737243993895, -34.417694092129636, 0.0 ], [ -59.618572236597224, -34.39707183837843, 0.0 ], [ -59.606418610216437, -34.406517029396966, 0.0 ], [ -59.490447998888605, -34.318965911840685, 0.0 ], [ -59.423149109479276, -34.302829741476678, 0.0 ], [ -59.415363312995439, -34.270183562823796, 0.0 ], [ -59.374572753609641, -34.238883971583142, 0.0 ] ] ] } },
{ "type": "Feature", "properties": { "loc": "AR038021" }, "geometry": { "type": "Polygon", "coordinates": [ [ [ -65.59755394462546, -23.993221848109329, 0.0 ], [ -65.54705922658512, -24.021267052437096, 0.0 ], [ -65.507633790224205, -24.012833307164016, 0.0 ], [ -65.433090854024385, -24.026793629426805, 0.0 ], [ -65.443455497194932, -23.990447620223069, 0.0 ], [ -65.419725391342169, -23.978263806797539, 0.0 ], [ -65.419307356731437, -23.943212638032492, 0.0 ], [ -65.361449999910064, -23.919081713038484, 0.0 ], [ -65.34508423604413, -23.927245395189512, 0.0 ], [ -65.339241835083016, -23.86857278570043, 0.0 ], [ -65.353234945264361, -23.856679137574691, 0.0 ], [ -65.317874167273473, -23.845846549266263, 0.0 ], [ -65.305530902942948, -23.86425305064709, 0.0 ], [ -65.281352315879531, -23.863602763864694, 0.0 ], [ -65.184758075074328, -23.920243090122284, 0.0 ], [ -65.182089925966878, -23.951090818353382, 0.0 ], [ -65.219119248241228, -23.972494659544243, 0.0 ], [ -65.223007010365507, -23.998251615910966, 0.0 ], [ -65.13660065931721, -23.974285603301855, 0.0 ], [ -65.10987276486857, -24.032541260006912, 0.0 ], [ -65.131154007561278, -24.086569006774301, 0.0 ], [ -65.158354340390872, -24.095359462190963, 0.0 ], [ -65.200770561183404, -24.082409157583673, 0.0 ], [ -65.20913545032694, -24.108155288478315, 0.0 ], [ -65.240760921975379, -24.129379460362493, 0.0 ], [ -65.213407818055273, -24.138855302296875, 0.0 ], [ -65.218384165827388, -24.208136661537566, 0.0 ], [ -65.204266091006872, -24.230208667017965, 0.0 ], [ -65.234876560707363, -24.217066361918317, 0.0 ], [ -65.25711945350497, -24.229781632516495, 0.0 ], [ -65.228054854152745, -24.254578322514583, 0.0 ], [ -65.234956999451157, -24.276729484346415, 0.0 ], [ -65.345794871705834, -24.254992126112032, 0.0 ], [ -65.379626527538619, -24.277695553119347, 0.0 ], [ -65.445910235336967, -24.2691995313129, 0.0 ], [ -65.488098832917956, -24.295716039125118, 0.0 ], [ -65.575466429829277, -24.294425444406901, 0.0 ], [ -65.628354083716715, -24.27777703816124, 0.0 ], [ -65.697282012198258, -24.228846451642223, 0.0 ], [ -65.729999599873551, -24.172929118728849, 0.0 ], [ -65.723610738453758, -24.104723722652352, 0.0 ], [ -65.753437289728282, -24.070374352096582, 0.0 ], [ -65.705044219821019, -23.983854028171987, 0.0 ], [ -65.688172992809328, -23.863836441541924, 0.0 ], [ -65.647584778042955, -23.829944630222929, 0.0 ], [ -65.594586738275112, -23.886364146052028, 0.0 ], [ -65.59755394462546, -23.993221848109329, 0.0 ] ] ] } },
{ "type": "Feature", "properties": { "loc": "AR042119" }, "geometry": { "type": "Polygon", "coordinates": [ [ [ -63.384172224639293, -35.905473102444134, 0.0 ], [ -63.384085477925559, -36.356318304832961, 0.0 ], [ -63.943343388255151, -36.355569747097121, 0.0 ], [ -63.940406251212302, -35.904449516558095, 0.0 ], [ -63.384172224639293, -35.905473102444134, 0.0 ] ] ] } },
{ "type": "Feature", "properties": { "loc": "AR006168" }, "geometry": { "type": "Polygon", "coordinates": [ [ [ -57.409584044613332, -35.742813109924164, 0.0 ], [ -57.362053369056945, -35.750612975798695, 0.0 ], [ -57.389714604102629, -35.853167745125653, 0.0 ], [ -57.368808658671007, -35.951096841761363, 0.0 ], [ -57.382452191256149, -35.966739419114113, 0.0 ], [ -57.279239501204081, -36.137590668302195, 0.0 ], [ -57.206830417740271, -36.198391846752777, 0.0 ], [ -57.645233155232383, -36.107498173651592, 0.0 ], [ -57.671730042515833, -36.203025818052573, 0.0 ], [ -57.784687044119003, -36.177516943314693, 0.0 ], [ -57.815853119127759, -36.278850554933605, 0.0 ], [ -57.872333528400169, -36.267276768019684, 0.0 ], [ -57.883781432903859, -36.302219391134564, 0.0 ], [ -57.965026862033554, -36.270050052024921, 0.0 ], [ -57.960437774387181, -36.252735138316226, 0.0 ], [ -58.093463905700517, -36.154582975381331, 0.0 ], [ -57.966873179318469, -36.064788819257629, 0.0 ], [ -58.005023955698576, -36.041896820687064, 0.0 ], [ -57.986564642910153, -36.019622805830174, 0.0 ], [ -57.959312445847623, -36.029125211976897, 0.0 ], [ -57.93972778296007, -35.992698668558681, 0.0 ], [ -57.912803657825805, -35.991367335300168, 0.0 ], [ -57.904476167344185, -35.97400665096432, 0.0 ], [ -57.727180480314381, -35.919868469081429, 0.0 ], [ -57.733474731168457, -35.897026061560375, 0.0 ], [ -57.707725525170716, -35.832496640832211, 0.0 ], [ -57.657028198406259, -35.850257872857362, 0.0 ], [ -57.648384094906106, -35.836936948081039, 0.0 ], [ -57.587719000663618, -35.83087920896137, 0.0 ], [ -57.567134859614555, -35.856960292467015, 0.0 ], [ -57.490238190046625, -35.825866699302146, 0.0 ], [ -57.476169585448815, -35.783218384089928, 0.0 ], [ -57.425380706882173, -35.784847260193843, 0.0 ], [ -57.402526855486784, -35.757747649882951, 0.0 ], [ -57.409584044613332, -35.742813109924164, 0.0 ] ] ] } },
{ "type": "Feature", "properties": { "loc": "AR034049" }, "geometry": { "type": "Polygon", "coordinates": [ [ [ -58.227214520205663, -24.928779363894087, 0.0 ], [ -58.193467360806814, -24.96803256227841, 0.0 ], [ -58.14978045687522, -24.975213774797396, 0.0 ], [ -58.137159795479903, -25.011676634780123, 0.0 ], [ -58.090574708151124, -25.00874989846918, 0.0 ], [ -58.068674148935237, -25.045712446392436, 0.0 ], [ -58.005742164158121, -25.035061977393951, 0.0 ], [ -57.990708728520978, -25.081789833385852, 0.0 ], [ -57.941767974649593, -25.071681883172403, 0.0 ], [ -57.86087486657096, -25.081770798226472, 0.0 ], [ -57.837013631839554, -25.131425389772982, 0.0 ], [ -57.753504068206496, -25.176473345510406, 0.0 ], [ -57.759062490146718, -25.220274463523655, 0.0 ], [ -57.735677146920217, -25.234636891302582, 0.0 ], [ -57.741026175160961, -25.253253792755565, 0.0 ], [ -57.722685289971416, -25.25305391910582, 0.0 ], [ -57.722428308019765, -25.27753381405897, 0.0 ], [ -57.694445847106572, -25.285966622976094, 0.0 ], [ -57.702850103120788, -25.322201055803014, 0.0 ], [ -57.570381156354003, -25.433440803356063, 0.0 ], [ -57.559388047319104, -25.461780183607299, 0.0 ], [ -57.579708644223395, -25.512534087018867, 0.0 ], [ -57.578129317020689, -25.567473886957082, 0.0 ], [ -57.604569888020656, -25.568787350396061, 0.0 ], [ -57.616847905915456, -25.616071999549888, 0.0 ], [ -57.674982897855188, -25.596998240258284, 0.0 ], [ -57.678066678579938, -25.661072365934846, 0.0 ], [ -57.742511870063289, -25.651607041617915, 0.0 ], [ -57.766649780512317, -25.700130594174112, 0.0 ], [ -57.727232488277757, -25.715408679007165, 0.0 ], [ -57.776575659548662, -25.759597117998283, 0.0 ], [ -57.827230256149981, -25.759365371510576, 0.0 ], [ -57.979263306062428, -25.712795257618097, 0.0 ], [ -58.020584105926147, -25.687278747601368, 0.0 ], [ -58.037158966149207, -25.608295440971958, 0.0 ], [ -58.15269088700466, -25.562923430729843, 0.0 ], [ -58.190135955880706, -25.577745437717425, 0.0 ], [ -58.220619202577389, -25.560407639060909, 0.0 ], [ -58.221210479985601, -25.58795356777744, 0.0 ], [ -58.604972839079885, -25.583074570531846, 0.0 ], [ -58.605171204162595, -25.394346237291394, 0.0 ], [ -58.378353118488022, -25.392969131407501, 0.0 ], [ -58.380843925785314, -24.956243602861115, 0.0 ], [ -58.329584428824489, -25.000875071892974, 0.0 ], [ -58.255365470031883, -24.931864754411354, 0.0 ], [ -58.227214520205663, -24.928779363894087, 0.0 ] ] ] } },
{ "type": "Feature", "properties": { "loc": "AR006266" }, "geometry": { "type": "Polygon", "coordinates": [ [ [ -59.325019837398024, -34.163890839017476, 0.0 ], [ -59.102844237925233, -34.200248718534397, 0.0 ], [ -59.091533663370612, -34.228382110687114, 0.0 ], [ -59.057857514896654, -34.241016387518052, 0.0 ], [ -58.91827392814762, -34.382324218492606, 0.0 ], [ -58.919445039325652, -34.414863585735084, 0.0 ], [ -58.980224611274686, -34.350643157677908, 0.0 ], [ -58.993087771084312, -34.379142760788035, 0.0 ], [ -59.097415926174122, -34.464420318872172, 0.0 ], [ -59.129650117818635, -34.420757294073361, 0.0 ], [ -59.31032180843345, -34.28903198191874, 0.0 ], [ -59.298255920506463, -34.264083862662908, 0.0 ], [ -59.376571656033761, -34.237590789790012, 0.0 ], [ -59.366748811065591, -34.198192596197096, 0.0 ], [ -59.325019837398024, -34.163890839017476, 0.0 ] ] ] } },
{ "type": "Feature", "properties": { "loc": "AR006119" }, "geometry": { "type": "Polygon", "coordinates": [ [ [ -58.120338447424352, -35.004272460947412, 0.0 ], [ -58.17793656123451, -35.056266786501631, 0.0 ], [ -58.018520363104813, -35.167541503747948, 0.0 ], [ -58.077144629650533, -35.218852996535759, 0.0 ], [ -58.053695685701911, -35.235553738749417, 0.0 ], [ -57.970127106347952, -35.159774779830101, 0.0 ], [ -57.890201579051741, -35.222080231264826, 0.0 ], [ -58.139869697383432, -35.41939925812089, 0.0 ], [ -58.187610633513565, -35.382198337427312, 0.0 ], [ -58.218360908021687, -35.409023282334751, 0.0 ], [ -58.26136780435121, -35.377277373973392, 0.0 ], [ -58.247753150805821, -35.364795685534155, 0.0 ], [ -58.44704437772311, -35.212162018048218, 0.0 ], [ -58.352199560119637, -35.135429384548061, 0.0 ], [ -58.338336949996261, -35.145992277576887, 0.0 ], [ -58.30096054744223, -35.114585875832233, 0.0 ], [ -58.161937720534581, -34.971969608049193, 0.0 ], [ -58.120338447424352, -35.004272460947412, 0.0 ] ] ] } },
{ "type": "Feature", "properties": { "loc": "AR042133" }, "geometry": { "type": "Polygon", "coordinates": [ [ [ -64.480766711643312, -35.000050973047529, 0.0 ], [ -63.934866546569346, -35.000092692412267, 0.0 ], [ -63.938499535699258, -35.452204616934907, 0.0 ], [ -64.487672869716107, -35.449910861787814, 0.0 ], [ -64.480766711643312, -35.000050973047529, 0.0 ] ] ] } },
{ "type": "Feature", "properties": { "loc": "AR034014" }, "geometry": { "type": "Polygon", "coordinates": [ [ [ -58.196083068962899, -25.576089858425949, 0.0 ], [ -58.15269088700466, -25.562923430729843, 0.0 ], [ -58.037158966149207, -25.608295440971958, 0.0 ], [ -58.020584105926147, -25.687278747601368, 0.0 ], [ -57.92613220154648, -25.732599258621331, 0.0 ], [ -57.832813262284603, -25.752454757757189, 0.0 ], [ -57.795193268066541, -25.815718294503064, 0.0 ], [ -57.81124035368714, -25.844100506627552, 0.0 ], [ -57.858468747947072, -25.858001473139979, 0.0 ], [ -57.863037312682465, -25.882200592115254, 0.0 ], [ -57.836767210482371, -25.915598549913238, 0.0 ], [ -57.893988489115692, -25.953174999004307, 0.0 ], [ -57.852471652602453, -25.989552198055808, 0.0 ], [ -57.854755936317623, -26.008454637414712, 0.0 ], [ -57.919515345910931, -26.032325390171941, 0.0 ], [ -57.946412774013268, -26.066018557228791, 0.0 ], [ -58.015404055281905, -26.101667642480599, 0.0 ], [ -58.090928147604714, -26.116279911769507, 0.0 ], [ -58.118637825200423, -26.154353824125522, 0.0 ], [ -58.119660140333096, -26.186495427075833, 0.0 ], [ -58.159009285471875, -26.181186848775525, 0.0 ], [ -58.104226956191148, -26.229894416083582, 0.0 ], [ -58.166561696051652, -26.26951720081874, 0.0 ], [ -58.154357439723128, -26.313901286975618, 0.0 ], [ -58.166014419922661, -26.357683369676518, 0.0 ], [ -58.215851524462636, -26.384135489879007, 0.0 ], [ -58.267353058103737, -26.3441848751688, 0.0 ], [ -58.504131316898942, -26.343353270932489, 0.0 ], [ -58.505393982574091, -26.173637390283581, 0.0 ], [ -58.568973541279981, -26.173500060724901, 0.0 ], [ -58.568695068033477, -26.15920829775839, 0.0 ], [ -58.756660461612725, -26.157299041931779, 0.0 ], [ -58.757656096781467, -26.183553696437055, 0.0 ], [ -58.926033019514684, -26.185304642553373, 0.0 ], [ -58.925861358650408, -25.778560637948029, 0.0 ], [ -58.604747771575326, -25.777242660784594, 0.0 ], [ -58.604972839079885, -25.583074570531846, 0.0 ], [ -58.221210479985601, -25.58795356777744, 0.0 ], [ -58.220619202577389, -25.560407639060909, 0.0 ], [ -58.196083068962899, -25.576089858425949, 0.0 ] ] ] } },
{ "type": "Feature", "properties": { "loc": "AR034035" }, "geometry": { "type": "Polygon", "coordinates": [ [ [ -60.192252777578084, -24.044894443854606, 0.0 ], [ -60.039005556642806, -24.011655555719997, 0.0 ], [ -59.475908333027157, -24.331138889336824, 0.0 ], [ -59.421275505867598, -24.408878617764223, 0.0 ], [ -59.374103881540343, -24.42186690680262, 0.0 ], [ -59.350487730574649, -24.483048796841469, 0.0 ], [ -59.257605469558897, -24.519680598510693, 0.0 ], [ -59.241276418940309, -24.54606287236054, 0.0 ], [ -59.185537544680415, -24.56364114094854, 0.0 ], [ -59.129858156858653, -24.616851838235171, 0.0 ], [ -59.079829990539238, -24.62128358398142, 0.0 ], [ -59.023882912847654, -24.660098542066155, 0.0 ], [ -58.972970774644224, -24.662055647958123, 0.0 ], [ -58.891744342187835, -24.715016144430695, 0.0 ], [ -58.891178131369315, -25.051959991125649, 0.0 ], [ -59.635147095023655, -25.607522963502156, 0.0 ], [ -59.636642199778571, -26.119929839630458, 0.0 ], [ -59.646908781954387, -26.122483668987183, 0.0 ], [ -59.626247179178357, -26.13434003951474, 0.0 ], [ -59.658593860557694, -26.143556676426392, 0.0 ], [ -59.649267558464494, -26.119454906699559, 0.0 ], [ -59.678303660560964, -26.115001604970821, 0.0 ], [ -59.682510156626151, -26.089486371946666, 0.0 ], [ -59.663610830146936, -26.062459819022941, 0.0 ], [ -59.678640845897796, -26.054132571999972, 0.0 ], [ -59.668182379085707, -26.024916032658606, 0.0 ], [ -59.685434787323601, -26.009402882965681, 0.0 ], [ -59.67116782932117, -26.003304008302923, 0.0 ], [ -59.725093929388841, -25.99975756186004, 0.0 ], [ -59.727870339861056, -25.970149566065519, 0.0 ], [ -59.740804542036599, -25.975545444595163, 0.0 ], [ -59.743571817540698, -25.949520904943018, 0.0 ], [ -59.754520203050866, -25.955628184243253, 0.0 ], [ -59.753458393486717, -25.920720839727846, 0.0 ], [ -59.788283950739753, -25.909711622443169, 0.0 ], [ -59.781179728519881, -25.896681420661203, 0.0 ], [ -59.826802897147473, -25.889937050586898, 0.0 ], [ -59.815720194637699, -25.884432117559189, 0.0 ], [ -59.827161482150998, -25.869636867266784, 0.0 ], [ -59.871339102484654, -25.845801750734189, 0.0 ], [ -59.859206758091268, -25.838027656773047, 0.0 ], [ -59.877212842971076, -25.845089603605786, 0.0 ], [ -59.87669768071521, -25.801151380842487, 0.0 ], [ -59.925541877371622, -25.790789545530711, 0.0 ], [ -59.930613003694397, -25.766014922154287, 0.0 ], [ -59.967627008794835, -25.771941097238301, 0.0 ], [ -59.965011050008776, -25.750665713862709, 0.0 ], [ -59.976199134782831, -25.759520536143008, 0.0 ], [ -59.994728576350525, -25.734805295636953, 0.0 ], [ -59.980492068541281, -25.721906983040125, 0.0 ], [ -60.012668423054542, -25.735539865080437, 0.0 ], [ -60.018864810543235, -25.713683273374158, 0.0 ], [ -60.033758406338436, -25.717504786951316, 0.0 ], [ -60.020836029585269, -25.702697939899842, 0.0 ], [ -60.044826458224222, -25.695885607758957, 0.0 ], [ -60.040207271625931, -25.683828060842131, 0.0 ], [ -60.138338490356411, -25.642448529377138, 0.0 ], [ -60.189202345909919, -25.648122845883311, 0.0 ], [ -60.181536828452757, -25.634282901595544, 0.0 ], [ -60.199001586745716, -25.600708651522794, 0.0 ], [ -60.219942571863307, -25.599773620061963, 0.0 ], [ -60.21358275477327, -25.578468956185379, 0.0 ], [ -60.23989262808594, -25.55771648546072, 0.0 ], [ -60.222966056767895, -25.525672415675928, 0.0 ], [ -60.238441561441178, -25.499973352659381, 0.0 ], [ -60.228261888574153, -25.480144203327139, 0.0 ], [ -60.261092948741215, -25.460754037341694, 0.0 ], [ -60.281263625807732, -25.466703898822015, 0.0 ], [ -60.282628493711066, -25.433154944383475, 0.0 ], [ -60.335910438837956, -25.392920089998672, 0.0 ], [ -60.322529198146086, -25.376020155913167, 0.0 ], [ -60.307640444270305, -25.391665283414511, 0.0 ], [ -60.31629448942568, -25.366994035359749, 0.0 ], [ -60.345089707380396, -25.377349322089277, 0.0 ], [ -60.348443676189802, -25.338565918039937, 0.0 ], [ -60.396838353183114, -25.331265516961597, 0.0 ], [ -60.407379385051293, -25.308465500695146, 0.0 ], [ -60.419524268129408, -25.317948034328239, 0.0 ], [ -60.448694230881294, -25.258955453296998, 0.0 ], [ -60.487141772003703, -25.235324509957074, 0.0 ], [ -60.483488643543424, -25.221986981040921, 0.0 ], [ -60.526693230320888, -25.174260396455338, 0.0 ], [ -60.546948019342395, -25.167059834069281, 0.0 ], [ -60.549153802878152, -25.191830086532505, 0.0 ], [ -60.56189562724235, -25.192559519720955, 0.0 ], [ -60.6117403485976, -25.16036076693749, 0.0 ], [ -60.622059360944988, -25.177511378522993, 0.0 ], [ -60.663184190634531, -25.162526386607542, 0.0 ], [ -60.657942073590675, -25.110997440453758, 0.0 ], [ -60.721446819701399, -25.125210233435059, 0.0 ], [ -60.739909474222671, -25.091346172152274, 0.0 ], [ -60.765735364006318, -25.090262278013949, 0.0 ], [ -60.754451760469799, -25.067629310116885, 0.0 ], [ -60.812443662462833, -25.073534952689251, 0.0 ], [ -60.834663304165957, -25.043795427040926, 0.0 ], [ -60.82672586936723, -25.033329824664143, 0.0 ], [ -60.87423729582374, -25.034955758651265, 0.0 ], [ -60.874980297785122, -25.019712276081741, 0.0 ], [ -60.931954724768239, -25.0131256708423, 0.0 ], [ -60.925101886199137, -25.00377367649676, 0.0 ], [ -60.941578656681379, -24.99126999150991, 0.0 ], [ -60.920853776576742, -24.980485196275573, 0.0 ], [ -60.942737679230625, -24.980642352098592, 0.0 ], [ -60.939005235818968, -24.960153206254692, 0.0 ], [ -60.953522474341035, -24.972647066818855, 0.0 ], [ -60.963973313558043, -24.948386188857196, 0.0 ], [ -60.99801712091822, -24.933967172858452, 0.0 ], [ -60.994186455713411, -24.916385402700367, 0.0 ], [ -61.022219065975648, -24.920785755900983, 0.0 ], [ -61.028839240886164, -24.888667104105025, 0.0 ], [ -61.046381721417504, -24.899117942833346, 0.0 ], [ -61.100718232094088, -24.824842330281133, 0.0 ], [ -61.107416984439126, -24.834841348988284, 0.0 ], [ -61.142973413702251, -24.808989272332813, 0.0 ], [ -60.365049131234798, -24.020310907952968, 0.0 ], [ -60.280299999409188, -24.043613889072933, 0.0 ], [ -60.192252777578084, -24.044894443854606, 0.0 ] ] ] } },
{ "type": "Feature", "properties": { "loc": "AR042077" }, "geometry": { "type": "Polygon", "coordinates": [ [ [ -63.383825038358403, -37.709890322477172, 0.0 ], [ -63.383720553511068, -38.252932903808961, 0.0 ], [ -64.528231005293492, -38.246397660239836, 0.0 ], [ -64.520221619932087, -37.705344097971498, 0.0 ], [ -63.383825038358403, -37.709890322477172, 0.0 ] ] ] } },
{ "type": "Feature", "properties": { "loc": "AR010098" }, "geometry": { "type": "Polygon", "coordinates": [ [ [ -65.363760323090375, -27.846262482301832, 0.0 ], [ -65.17079821872818, -27.946464541004875, 0.0 ], [ -65.111948138177894, -28.18571091413995, 0.0 ], [ -65.104725276356746, -28.322631236692214, 0.0 ], [ -65.176857143317136, -28.332474280107181, 0.0 ], [ -65.177811554797501, -28.308740486502426, 0.0 ], [ -65.202798422597368, -28.296852220138366, 0.0 ], [ -65.195163034634817, -28.28135726549985, 0.0 ], [ -65.24736312698694, -28.286152936616404, 0.0 ], [ -65.308833594119307, -28.205898524646148, 0.0 ], [ -65.329725659681472, -28.220962452961352, 0.0 ], [ -65.335708451151802, -28.198483368836033, 0.0 ], [ -65.362673694871575, -28.215754554897945, 0.0 ], [ -65.401359641683854, -28.206093112308462, 0.0 ], [ -65.391058856153592, -28.168386622410921, 0.0 ], [ -65.425550499734044, -28.19000720134418, 0.0 ], [ -65.470100415159095, -28.186727181920336, 0.0 ], [ -65.506736516985825, -28.239470332912692, 0.0 ], [ -65.572866138560073, -28.231529938650858, 0.0 ], [ -65.5854482379752, -28.145567080873242, 0.0 ], [ -65.561856646949352, -28.120273086884477, 0.0 ], [ -65.575801773619773, -28.076910010357061, 0.0 ], [ -65.559420958481255, -27.997260910336674, 0.0 ], [ -65.507310763234543, -27.929077457089072, 0.0 ], [ -65.363760323090375, -27.846262482301832, 0.0 ] ] ] } },
{ "type": "Feature", "properties": { "loc": "AR014168" }, "geometry": { "type": "Polygon", "coordinates": [ [ [ -63.96356919582896, -30.414910695877239, 0.0 ], [ -63.847102290459475, -30.416595312518364, 0.0 ], [ -63.84550476698238, -30.510823955020708, 0.0 ], [ -63.802383822341035, -30.510260298165395, 0.0 ], [ -63.795702088579063, -30.569191277836733, 0.0 ], [ -63.615454376727214, -30.571915948804012, 0.0 ], [ -63.604329656418365, -30.526146470471222, 0.0 ], [ -63.565037664792897, -30.534026034592323, 0.0 ], [ -63.598510474212404, -30.672190970018068, 0.0 ], [ -63.662384834841696, -30.667025477639893, 0.0 ], [ -63.728235465739878, -30.934369823591972, 0.0 ], [ -63.76442150621935, -30.927781644471889, 0.0 ], [ -63.764270305383974, -30.971319530175801, 0.0 ], [ -63.820108846826329, -30.971572764834132, 0.0 ], [ -63.820192979442574, -31.018040749299157, 0.0 ], [ -63.89570048796692, -31.018725233899747, 0.0 ], [ -63.887988585101752, -30.952973934104314, 0.0 ], [ -63.991175786355939, -30.918198814916234, 0.0 ], [ -63.990617577729957, -30.9437021503098, 0.0 ], [ -64.038606657287644, -30.959992433993889, 0.0 ], [ -64.179287360984745, -30.976252788560082, 0.0 ], [ -64.238793594374727, -30.954791478408676, 0.0 ], [ -64.282070991402605, -30.957881168204043, 0.0 ], [ -64.306787738491479, -30.933518119444742, 0.0 ], [ -64.344228424487241, -30.938236891166188, 0.0 ], [ -64.377090182782524, -30.908976560377127, 0.0 ], [ -64.438753226253908, -30.913772979720292, 0.0 ], [ -64.44718896103231, -30.833414581765567, 0.0 ], [ -64.428111911857314, -30.772934870400331, 0.0 ], [ -64.262015334625062, -30.812758146914152, 0.0 ], [ -64.217357084173386, -30.790247999490582, 0.0 ], [ -64.142501993293791, -30.783419097454463, 0.0 ], [ -64.101549775784406, -30.799889802058932, 0.0 ], [ -64.229002629717669, -30.546100712648929, 0.0 ], [ -64.298264153868161, -30.463715432173764, 0.0 ], [ -64.083312080969847, -30.465693083186572, 0.0 ], [ -64.005591601489158, -30.483222596189151, 0.0 ], [ -63.96356919582896, -30.414910695877239, 0.0 ] ] ] } },
{ "type": "Feature", "properties": { "loc": "AR086189" }, "geometry": { "type": "Polygon", "coordinates": [ [ [ -64.106215821202852, -27.997098023230151, 0.0 ], [ -64.060096787029991, -28.094337382115331, 0.0 ], [ -64.077854055644096, -28.246976261948372, 0.0 ], [ -64.178113835135221, -28.282590973284574, 0.0 ], [ -64.188603411503934, -28.306292103400661, 0.0 ], [ -64.263100627049042, -28.340788507867032, 0.0 ], [ -64.490713774750688, -28.371332935997742, 0.0 ], [ -64.48162720695565, -28.331162425611478, 0.0 ], [ -64.551090753230412, -28.318785359165968, 0.0 ], [ -64.512372961141295, -28.316551470781729, 0.0 ], [ -64.484102456330561, -28.189785148185699, 0.0 ], [ -64.451505640856993, -28.195958952602282, 0.0 ], [ -64.434932765012405, -28.116136585553825, 0.0 ], [ -64.401850222379878, -28.121799032522464, 0.0 ], [ -64.41435499212038, -28.062521672154435, 0.0 ], [ -64.245305912162337, -28.093530672503043, 0.0 ], [ -64.221793063861043, -27.99076084964711, 0.0 ], [ -64.10359615686626, -27.965315951573427, 0.0 ], [ -64.106215821202852, -27.997098023230151, 0.0 ] ] ] } },
{ "type": "Feature", "properties": { "loc": "AR014042" }, "geometry": { "type": "Polygon", "coordinates": [ [ [ -63.006235445552413, -32.036614192138622, 0.0 ], [ -62.851178517273311, -32.060529532105321, 0.0 ], [ -62.878124447214454, -32.157171146521073, 0.0 ], [ -62.861467754062282, -32.16055177118777, 0.0 ], [ -62.927380732532747, -32.391462390316804, 0.0 ], [ -63.017425936913121, -32.370295085292675, 0.0 ], [ -63.020428411121536, -32.382017374016037, 0.0 ], [ -63.053155177782422, -32.376423185427022, 0.0 ], [ -63.068340850910758, -32.393787241317597, 0.0 ], [ -63.057793831771228, -32.394173570102041, 0.0 ], [ -63.065907371399952, -32.426727886808926, 0.0 ], [ -63.092368860569628, -32.417903748341971, 0.0 ], [ -63.097697003878338, -32.438324030368044, 0.0 ], [ -63.126475942563481, -32.422325523089469, 0.0 ], [ -63.163393962675805, -32.472298136646216, 0.0 ], [ -63.146575323939146, -32.506082701628472, 0.0 ], [ -63.081047230448796, -32.525884551992284, 0.0 ], [ -63.101127896323838, -32.547964115081477, 0.0 ], [ -63.118060993004114, -32.61609555754066, 0.0 ], [ -63.058800337453221, -32.632841780350709, 0.0 ], [ -63.103317827289779, -32.811029210670135, 0.0 ], [ -63.054823370824607, -32.819732283369866, 0.0 ], [ -63.05585041738388, -32.857049982331262, 0.0 ], [ -63.090610978831151, -32.850247070798972, 0.0 ], [ -63.10979919452258, -32.923186245050864, 0.0 ], [ -63.131753742487042, -32.919096570888648, 0.0 ], [ -63.180191692225897, -33.102497464483143, 0.0 ], [ -63.300329752548457, -33.08144769427394, 0.0 ], [ -63.316602979160365, -33.14326408260316, 0.0 ], [ -63.3394852505564, -33.145391695077521, 0.0 ], [ -63.481337757134284, -33.118902457718747, 0.0 ], [ -63.458682805319221, -33.033244311358885, 0.0 ], [ -63.393003663707098, -33.045808461827299, 0.0 ], [ -63.345375645808176, -32.861306627585897, 0.0 ], [ -63.404789843204057, -32.850128083162893, 0.0 ], [ -63.420807547626652, -32.909828333743256, 0.0 ], [ -63.524450552259367, -32.872076062329796, 0.0 ], [ -63.513140995495974, -32.829308981220841, 0.0 ], [ -63.55024982765611, -32.822658617473444, 0.0 ], [ -63.576771558747069, -32.769391280695963, 0.0 ], [ -63.560294278920061, -32.707101117407774, 0.0 ], [ -63.581384011573967, -32.70313956081484, 0.0 ], [ -63.498892326294403, -32.392853110834345, 0.0 ], [ -63.572436543409118, -32.378820039382425, 0.0 ], [ -63.542777338390565, -32.261906058527991, 0.0 ], [ -63.525838035249997, -32.258213989567061, 0.0 ], [ -63.516175356303705, -32.222389805364777, 0.0 ], [ -63.459314701849635, -32.247409763748159, 0.0 ], [ -63.371241466604545, -32.191024108299729, 0.0 ], [ -63.447723910418546, -32.103725787533641, 0.0 ], [ -63.408943676434014, -32.084921026735955, 0.0 ], [ -63.358698465463853, -32.087908297052245, 0.0 ], [ -63.201318810965297, -32.048266857951987, 0.0 ], [ -63.185919831974438, -32.095959268236193, 0.0 ], [ -63.115946826847548, -32.000936692355467, 0.0 ], [ -63.006307822814854, -32.021499893102011, 0.0 ], [ -63.006235445552413, -32.036614192138622, 0.0 ] ] ] } },
{ "type": "Feature", "properties": { "loc": "AR006854" }, "geometry": { "type": "Polygon", "coordinates": [ [ [ -60.020515442419935, -35.108005523788762, 0.0 ], [ -59.97409820620031, -35.132305145492722, 0.0 ], [ -59.8998184215815, -35.116722107194455, 0.0 ], [ -59.865428925431978, -35.155952454364552, 0.0 ], [ -59.797203064480982, -35.183097839161981, 0.0 ], [ -59.775806428698445, -35.173320770667608, 0.0 ], [ -59.721443176972492, -35.222129822177322, 0.0 ], [ -59.699245454162295, -35.210502625307427, 0.0 ], [ -59.668472290580723, -35.222656250418517, 0.0 ], [ -59.573947906530655, -35.177555084377573, 0.0 ], [ -59.543190002630809, -35.204006194995344, 0.0 ], [ -59.549690247959319, -35.267898559356851, 0.0 ], [ -59.505130768171426, -35.288681029741255, 0.0 ], [ -59.585311891318824, -35.35969161979061, 0.0 ], [ -59.642387391347832, -35.316249847086588, 0.0 ], [ -59.713428497839111, -35.377822876016211, 0.0 ], [ -59.755893708255655, -35.346187591519637, 0.0 ], [ -59.82550811759922, -35.406608581691067, 0.0 ], [ -59.76879882927053, -35.450313567471561, 0.0 ], [ -59.775329589470914, -35.478267669381346, 0.0 ], [ -59.829612732134777, -35.497207641681108, 0.0 ], [ -59.907970429765633, -35.481403351301481, 0.0 ], [ -60.005065917922963, -35.527633666987768, 0.0 ], [ -60.028411864634386, -35.554626464867553, 0.0 ], [ -60.010856628924316, -35.596359252533475, 0.0 ], [ -60.040016173913855, -35.623394011914598, 0.0 ], [ -60.032932281467176, -35.657135010548487, 0.0 ], [ -60.012218474895029, -35.657405852986997, 0.0 ], [ -60.037528992217034, -35.678085327407373, 0.0 ], [ -60.031654357906909, -35.696327208935166, 0.0 ], [ -60.063648224161795, -35.705585480405546, 0.0 ], [ -60.117733002641238, -35.664085388221601, 0.0 ], [ -60.357692718676994, -35.882755280443718, 0.0 ], [ -60.461559296017647, -35.949512482355857, 0.0 ], [ -60.462062836768688, -35.972187042212852, 0.0 ], [ -60.495059966685687, -35.994831085592921, 0.0 ], [ -60.51680755628341, -35.98515319842172, 0.0 ], [ -60.5319213866469, -36.000484467282647, 0.0 ], [ -60.638416289880119, -35.920658111974618, 0.0 ], [ -60.69633865418534, -35.968101500993896, 0.0 ], [ -60.868206023175823, -35.839458466388045, 0.0 ], [ -60.444370269312941, -35.474594116451918, 0.0 ], [ -60.527904510565165, -35.410175323147371, 0.0 ], [ -60.322521210326578, -35.229553222927272, 0.0 ], [ -60.238281249892211, -35.293785094927571, 0.0 ], [ -60.020515442419935, -35.108005523788762, 0.0 ] ] ] } },
{ "type": "Feature", "properties": { "loc": "AR006448" }, "geometry": { "type": "Polygon", "coordinates": [ [ [ -60.717033385930733, -37.127563477232272, 0.0 ], [ -60.731376648630025, -37.138931274164626, 0.0 ], [ -60.470748900575757, -37.348819733503468, 0.0 ], [ -60.501945495846279, -37.373020171819157, 0.0 ], [ -60.349544524739564, -37.496105194348381, 0.0 ], [ -60.466598511486573, -37.58940124513461, 0.0 ], [ -60.452518463250371, -37.601169585567462, 0.0 ], [ -60.582019805713138, -37.700939177958595, 0.0 ], [ -60.55549240086286, -37.720859527652934, 0.0 ], [ -60.852737427445383, -37.939647675181007, 0.0 ], [ -61.178489685577254, -37.679672240587486, 0.0 ], [ -60.878238677763449, -37.451011658126802, 0.0 ], [ -60.977188109902485, -37.369144440371777, 0.0 ], [ -60.891506195333619, -37.302337645788398, 0.0 ], [ -61.011875153226903, -37.202980042639993, 0.0 ], [ -60.814815521138428, -37.050304412804465, 0.0 ], [ -60.717033385930733, -37.127563477232272, 0.0 ] ] ] } },
{ "type": "Feature", "properties": { "loc": "AR006084" }, "geometry": { "type": "Polygon", "coordinates": [ [ [ -59.987586976129982, -37.339481353569241, 0.0 ], [ -60.03726196440558, -37.379936217918114, 0.0 ], [ -59.953319550247805, -37.447067261101061, 0.0 ], [ -59.860691072283004, -37.370758057116078, 0.0 ], [ -59.880470277023413, -37.35537338248426, 0.0 ], [ -59.826957704718687, -37.311515808111189, 0.0 ], [ -59.812328340279507, -37.256366729788731, 0.0 ], [ -59.780357361301441, -37.23782348624627, 0.0 ], [ -59.226165770409544, -37.65040588418163, 0.0 ], [ -59.274219515192954, -37.700969695819573, 0.0 ], [ -59.340255738927148, -37.733818054168893, 0.0 ], [ -59.676242828281133, -37.999778748494784, 0.0 ], [ -59.673019409835341, -37.979396820374319, 0.0 ], [ -59.717506409952826, -37.956054687793831, 0.0 ], [ -59.754272462068549, -37.913158416961075, 0.0 ], [ -59.936443329501451, -37.794666290009559, 0.0 ], [ -60.019618988445082, -37.859851837332961, 0.0 ], [ -60.058990479176558, -37.828460693044065, 0.0 ], [ -60.087242126552844, -37.851470947106662, 0.0 ], [ -60.261417388780799, -37.727478027154632, 0.0 ], [ -60.323200226188604, -37.777118682802794, 0.0 ], [ -60.423763275123029, -37.697158813588338, 0.0 ], [ -60.377960204486733, -37.661914824855138, 0.0 ], [ -60.466598511486573, -37.58940124513461, 0.0 ], [ -60.349544524739564, -37.496105194348381, 0.0 ], [ -60.501945495846279, -37.373020171819157, 0.0 ], [ -60.470748900575757, -37.348819733503468, 0.0 ], [ -60.437606812216295, -37.375076293624595, 0.0 ], [ -60.200832366769468, -37.176586150529943, 0.0 ], [ -59.987586976129982, -37.339481353569241, 0.0 ] ] ] } },
{ "type": "Feature", "properties": { "loc": "AR090014" }, "geometry": { "type": "Polygon", "coordinates": [ [ [ -65.129686439763063, -26.748780365022185, 0.0 ], [ -65.099867306776162, -26.75574169826141, 0.0 ], [ -65.104677812072069, -26.776862706710826, 0.0 ], [ -64.947885140136378, -26.806720568220005, 0.0 ], [ -64.93688577882709, -26.763534947762135, 0.0 ], [ -64.879699311707668, -26.77394713624534, 0.0 ], [ -64.894047030949096, -26.833003826877402, 0.0 ], [ -64.852081176930994, -26.840917570306427, 0.0 ], [ -64.845995818516457, -26.815032020880579, 0.0 ], [ -64.805185120698624, -26.822490159351599, 0.0 ], [ -64.80840351935862, -26.839807350463065, 0.0 ], [ -64.778297180602337, -26.844324189362549, 0.0 ], [ -64.781246757515234, -26.857897417109125, 0.0 ], [ -64.736642024196598, -26.866960660140837, 0.0 ], [ -64.738035153098778, -26.885345020967485, 0.0 ], [ -64.719700990002494, -26.884827448151487, 0.0 ], [ -64.742586399213806, -27.004409796445984, 0.0 ], [ -64.766975873874998, -27.014284560061704, 0.0 ], [ -64.781179149408644, -27.076638065537448, 0.0 ], [ -65.046546134017447, -27.015124835936998, 0.0 ], [ -65.049651168881837, -27.029449160712289, 0.0 ], [ -65.121312640230244, -27.025949268255932, 0.0 ], [ -65.24904578380351, -26.997042332543412, 0.0 ], [ -65.21405535155985, -26.951100291032738, 0.0 ], [ -65.214396084343747, -26.909442977477031, 0.0 ], [ -65.161638248692967, -26.819555474764609, 0.0 ], [ -65.164108790895781, -26.764493486773887, 0.0 ], [ -65.129686439763063, -26.748780365022185, 0.0 ] ] ] } },
{ "type": "Feature", "properties": { "loc": "AR074035" }, "geometry": { "type": "Polygon", "coordinates": [ [ [ -65.225385035975521, -32.918762868442059, 0.0 ], [ -65.126716768435571, -32.94900783854294, 0.0 ], [ -65.064428414881419, -32.942119685185567, 0.0 ], [ -65.071022606022339, -32.968070821205465, 0.0 ], [ -65.012234880230878, -32.961801198554838, 0.0 ], [ -65.021475964542987, -32.977085380972881, 0.0 ], [ -64.999703896752067, -33.002664585546995, 0.0 ], [ -65.044913655296014, -33.06250803035384, 0.0 ], [ -65.070076454551014, -33.137104130952089, 0.0 ], [ -65.142729431512791, -33.194527743436673, 0.0 ], [ -65.117471616551882, -33.949979060213593, 0.0 ], [ -65.117485700338904, -34.652173976712945, 0.0 ], [ -65.251981646136969, -34.652964588591637, 0.0 ], [ -65.252487332064902, -34.667777735851672, 0.0 ], [ -65.567978926122052, -34.668865557668838, 0.0 ], [ -65.568157469878031, -34.694789770671029, 0.0 ], [ -65.669799343366421, -34.69272254444013, 0.0 ], [ -65.669826826424213, -34.712299409663316, 0.0 ], [ -66.009650634729724, -34.712349045756277, 0.0 ], [ -66.012968754471089, -34.421448477074549, 0.0 ], [ -65.996090311292704, -34.401049136553297, 0.0 ], [ -65.995597136201724, -34.346420730930518, 0.0 ], [ -66.005320747873739, -34.044007756220473, 0.0 ], [ -66.037393791637754, -34.044392622068919, 0.0 ], [ -66.0379862045165, -34.006937974133741, 0.0 ], [ -66.142374906954771, -34.007196788962496, 0.0 ], [ -66.147301262582971, -33.950791705118817, 0.0 ], [ -66.119490332278346, -33.860574389258886, 0.0 ], [ -66.139844047372208, -33.839990480854951, 0.0 ], [ -66.220157877738203, -33.837065155620984, 0.0 ], [ -66.165555335481798, -33.654806685503644, 0.0 ], [ -66.189980423852447, -33.655792172506715, 0.0 ], [ -66.156277384310442, -33.565089518408065, 0.0 ], [ -66.156732414239542, -33.446382749838108, 0.0 ], [ -66.135689983275199, -33.389874546145606, 0.0 ], [ -66.048597350790899, -33.375597362474032, 0.0 ], [ -65.792911290810096, -33.507467149511911, 0.0 ], [ -65.7866382024675, -33.438460809397142, 0.0 ], [ -65.768009762962222, -33.438800612009807, 0.0 ], [ -65.756620847229996, -33.461327033790404, 0.0 ], [ -65.734447868514309, -33.456718767944501, 0.0 ], [ -65.735468934988745, -33.469994116404848, 0.0 ], [ -65.557004197516193, -33.469822432213071, 0.0 ], [ -65.563707822323323, -33.411775999801364, 0.0 ], [ -65.61276183668403, -33.336422221566792, 0.0 ], [ -65.607786425854783, -33.285602765509744, 0.0 ], [ -65.626423232268593, -33.233825280900412, 0.0 ], [ -65.599489403532644, -33.190144964155515, 0.0 ], [ -65.608125706062864, -33.054501089847228, 0.0 ], [ -65.570774921664096, -33.056759635166017, 0.0 ], [ -65.551052042190307, -33.019357833578404, 0.0 ], [ -65.559995680837091, -33.006406980670469, 0.0 ], [ -65.479038867831761, -32.959840166722223, 0.0 ], [ -65.435872829559784, -32.969648788516643, 0.0 ], [ -65.379779682209744, -32.943613245081274, 0.0 ], [ -65.358065832435756, -32.908270966801823, 0.0 ], [ -65.225385035975521, -32.918762868442059, 0.0 ] ] ] } },
{ "type": "Feature", "properties": { "loc": "AR022140" }, "geometry": { "type": "Polygon", "coordinates": [ [ [ -58.97163272684201, -27.33612148234171, 0.0 ], [ -58.869400626974304, -27.428073309945422, 0.0 ], [ -58.880303809259367, -27.464317472072295, 0.0 ], [ -58.901542901202319, -27.472832821171227, 0.0 ], [ -58.878823012870306, -27.471750424972328, 0.0 ], [ -58.87490636901132, -27.488555428034832, 0.0 ], [ -58.882746472247355, -27.608522892063625, 0.0 ], [ -58.835496937035508, -27.646641431701937, 0.0 ], [ -58.818775212144963, -27.681178080874211, 0.0 ], [ -58.80970753232711, -27.783407081225299, 0.0 ], [ -58.845497343002755, -27.8916294459673, 0.0 ], [ -58.829261559968543, -27.961873395207906, 0.0 ], [ -58.857739186639392, -28.011612224596295, 0.0 ], [ -58.859734297274713, -28.050317695655771, 0.0 ], [ -58.880821878463507, -28.066824880674034, 0.0 ], [ -58.892414936344068, -28.045668771858821, 0.0 ], [ -58.883922369649206, -27.999444444552747, 0.0 ], [ -59.401372541128794, -27.999440090052609, 0.0 ], [ -59.405263194031647, -27.452123403959778, 0.0 ], [ -59.217748312753898, -27.450350790632239, 0.0 ], [ -59.173016323193821, -27.412710755329577, 0.0 ], [ -59.116603847218144, -27.462999493497584, 0.0 ], [ -58.97163272684201, -27.33612148234171, 0.0 ] ] ] } },
{ "type": "Feature", "properties": { "loc": "AR074007" }, "geometry": { "type": "Polygon", "coordinates": [ [ [ -66.543411363211163, -31.955029695836064, 0.0 ], [ -66.349781477317876, -31.997690049763005, 0.0 ], [ -66.338098324702528, -31.943723875429317, 0.0 ], [ -66.299634339020528, -31.931065142780479, 0.0 ], [ -66.160233618720639, -31.963532888465679, 0.0 ], [ -66.161149710765898, -31.938500958097745, 0.0 ], [ -66.14433881910027, -31.936978102786348, 0.0 ], [ -66.079498508130797, -31.971349417028463, 0.0 ], [ -66.069243030928504, -31.93646651863012, 0.0 ], [ -65.979025768628503, -31.889162835155208, 0.0 ], [ -65.914209252234272, -31.910006912806697, 0.0 ], [ -65.8250667118823, -31.897072259998133, 0.0 ], [ -65.811214164686731, -32.059263002914278, 0.0 ], [ -65.683868433952782, -32.062648142348323, 0.0 ], [ -65.717325783366263, -32.211908980041024, 0.0 ], [ -65.780287909316129, -32.239871349852393, 0.0 ], [ -65.75771482366784, -32.243596491198019, 0.0 ], [ -65.757655571689995, -32.265904412230356, 0.0 ], [ -65.788389055787164, -32.309851066959936, 0.0 ], [ -65.82700322541163, -32.322264008235848, 0.0 ], [ -65.836568201790996, -32.382347436936222, 0.0 ], [ -65.931853228019676, -32.402075084704357, 0.0 ], [ -65.956974617635012, -32.430477556292828, 0.0 ], [ -66.004069366835196, -32.582692050270516, 0.0 ], [ -65.996765268566278, -32.612738829529597, 0.0 ], [ -66.020988432729027, -32.637547444325399, 0.0 ], [ -66.0692821157282, -32.609752751538856, 0.0 ], [ -66.100551802421833, -32.632055196800579, 0.0 ], [ -66.132861301633255, -32.760506991252981, 0.0 ], [ -66.167579546142449, -32.738040897509897, 0.0 ], [ -66.144021966231577, -32.676086064693727, 0.0 ], [ -66.153821181016212, -32.64947943325916, 0.0 ], [ -66.185493320143649, -32.651066275838616, 0.0 ], [ -66.187550831351857, -32.588321782300255, 0.0 ], [ -66.228468564334122, -32.55739419727643, 0.0 ], [ -66.255883793044305, -32.571266747464271, 0.0 ], [ -66.208247646290388, -32.505059375436609, 0.0 ], [ -66.219538667216227, -32.432623122050941, 0.0 ], [ -66.197374594398269, -32.344391891544468, 0.0 ], [ -66.435905444753232, -32.335930632136829, 0.0 ], [ -66.646628799961178, -32.365235091043211, 0.0 ], [ -66.924484963150434, -32.362741205306833, 0.0 ], [ -67.010642142200155, -32.389200694370437, 0.0 ], [ -67.038011365489709, -32.37201933013467, 0.0 ], [ -67.15871635797798, -32.371730787841884, 0.0 ], [ -67.266225056721709, -32.339350283050969, 0.0 ], [ -67.27800789448581, -32.292323989994948, 0.0 ], [ -67.37602168005246, -32.237438396623716, 0.0 ], [ -67.383793472699324, -32.125211863596576, 0.0 ], [ -67.36523367615986, -31.975900686436283, 0.0 ], [ -67.379244215454335, -31.868115938800258, 0.0 ], [ -67.241536251729741, -31.880804981763163, 0.0 ], [ -67.136728705298651, -31.833804675683353, 0.0 ], [ -67.005930202752154, -31.855355390822595, 0.0 ], [ -66.885695572638227, -31.897693202766124, 0.0 ], [ -66.604538466394175, -31.923379483583009, 0.0 ], [ -66.543411363211163, -31.955029695836064, 0.0 ] ] ] } },
{ "type": "Feature", "properties": { "loc": "AR042154" }, "geometry": { "type": "Polygon", "coordinates": [ [ [ -64.180216451652171, -37.707771897873727, 0.0 ], [ -65.654651415649681, -37.690144201057521, 0.0 ], [ -65.654885754666282, -37.675961152435974, 0.0 ], [ -65.977724409819132, -37.683216480899425, 0.0 ], [ -65.99974947014347, -36.961394732250078, 0.0 ], [ -65.634372898528241, -36.951566802045718, 0.0 ], [ -65.634781766729816, -36.965811074170041, 0.0 ], [ -64.172098435718411, -36.986758629909303, 0.0 ], [ -64.180216451652171, -37.707771897873727, 0.0 ] ] ] } },
{ "type": "Feature", "properties": { "loc": "AR018175" }, "geometry": { "type": "Polygon", "coordinates": [ [ [ -58.696830750278814, -29.62920951903957, 0.0 ], [ -58.716510772927037, -29.727586745568178, 0.0 ], [ -58.683038710905855, -29.772524832458622, 0.0 ], [ -58.752965926207764, -29.857785224895565, 0.0 ], [ -58.694118500179144, -29.834726333840827, 0.0 ], [ -58.580535889354231, -29.838394164868848, 0.0 ], [ -58.537548065156521, -29.881086348606164, 0.0 ], [ -58.530921935313984, -29.929935454718223, 0.0 ], [ -58.50687408456546, -29.963996887856361, 0.0 ], [ -58.468753814074098, -29.989717483926093, 0.0 ], [ -58.445075988374242, -30.09738349914263, 0.0 ], [ -58.472614288074993, -30.122945785620516, 0.0 ], [ -58.508632659803318, -30.117250443265586, 0.0 ], [ -58.538562774253684, -30.151649475413247, 0.0 ], [ -58.625218274842659, -30.176459775859598, 0.0 ], [ -58.682242039996119, -30.163878957522371, 0.0 ], [ -58.748414866043994, -30.214114746017152, 0.0 ], [ -58.804340585391387, -30.210985425717858, 0.0 ], [ -58.90195494584674, -30.248399293695403, 0.0 ], [ -58.965300511387404, -30.218132585610238, 0.0 ], [ -59.008608921852129, -30.218992640815038, 0.0 ], [ -59.064764201178818, -30.231187377455775, 0.0 ], [ -59.075590748187011, -30.257361449081039, 0.0 ], [ -59.107970779521267, -30.273581347909108, 0.0 ], [ -59.125799179434495, -30.182503700546356, 0.0 ], [ -59.067768096522016, -30.164109547692046, 0.0 ], [ -59.052436828045671, -30.13528203865598, 0.0 ], [ -59.069408417535854, -30.128562926996015, 0.0 ], [ -59.0735130311731, -30.099573135261334, 0.0 ], [ -59.025436400909499, -29.85147476199144, 0.0 ], [ -58.911861419476288, -29.809671401802017, 0.0 ], [ -58.862316131758064, -29.760158538552325, 0.0 ], [ -58.856788635219807, -29.742139816450948, 0.0 ], [ -58.878044128603214, -29.738632202159103, 0.0 ], [ -58.87522506701962, -29.726541518599561, 0.0 ], [ -58.696830750278814, -29.62920951903957, 0.0 ] ] ] } },
{ "type": "Feature", "properties": { "loc": "AR022039" }, "geometry": { "type": "Polygon", "coordinates": [ [ [ -61.022589969576693, -27.480525628625269, 0.0 ], [ -61.019345376043013, -27.636722610657134, 0.0 ], [ -61.130109292695273, -27.636832760506095, 0.0 ], [ -61.130396131952018, -27.706838568317664, 0.0 ], [ -61.241255479331876, -27.707211288629864, 0.0 ], [ -61.241347959093744, -27.795672038706648, 0.0 ], [ -61.569607557117429, -27.79680352028463, 0.0 ], [ -61.570840400521767, -27.481961126497644, 0.0 ], [ -61.022589969576693, -27.480525628625269, 0.0 ] ] ] } },
{ "type": "Feature", "properties": { "loc": "AR006413" }, "geometry": { "type": "Polygon", "coordinates": [ [ [ -60.966629028185316, -34.345573424915543, 0.0 ], [ -60.902084350979209, -34.326324462862736, 0.0 ], [ -60.647403716905437, -34.532115935872547, 0.0 ], [ -60.759235381884203, -34.630401611521116, 0.0 ], [ -60.74193954459389, -34.64854049702862, 0.0 ], [ -60.714553832727297, -34.646579742205226, 0.0 ], [ -60.795936583721243, -34.716701508263512, 0.0 ], [ -60.764774322959177, -34.740741730281542, 0.0 ], [ -60.816024780173308, -34.788906096750999, 0.0 ], [ -60.849624634730191, -34.762535094518448, 0.0 ], [ -60.904487610265555, -34.810543060359095, 0.0 ], [ -61.048336028775992, -34.691940308221007, 0.0 ], [ -61.152313231847231, -34.776767730988986, 0.0 ], [ -61.223308562886587, -34.716808319312655, 0.0 ], [ -61.205623626619158, -34.701663971654327, 0.0 ], [ -61.338958739762681, -34.591117858962889, 0.0 ], [ -61.274425507093305, -34.540702819784116, 0.0 ], [ -61.355800628695533, -34.473846436023699, 0.0 ], [ -61.261409759449521, -34.399681091117301, 0.0 ], [ -61.236076354850695, -34.403205872446556, 0.0 ], [ -61.228130341140997, -34.436035155931108, 0.0 ], [ -61.197566985382231, -34.424316406177915, 0.0 ], [ -61.194484711132183, -34.366172791365493, 0.0 ], [ -61.12114334079515, -34.319286345961935, 0.0 ], [ -61.130489349230743, -34.311267852884541, 0.0 ], [ -61.098087310968666, -34.284072875626826, 0.0 ], [ -61.07025527923799, -34.307392120113157, 0.0 ], [ -61.041500092008967, -34.28330230718732, 0.0 ], [ -60.966629028185316, -34.345573424915543, 0.0 ] ] ] } },
{ "type": "Feature", "properties": { "loc": "AR030113" }, "geometry": { "type": "Polygon", "coordinates": [ [ [ -58.893877198692202, -31.214215338416864, 0.0 ], [ -58.684389707024572, -31.301263857994083, 0.0 ], [ -58.638022083859767, -31.38129922221793, 0.0 ], [ -58.627711901951628, -31.36756147211274, 0.0 ], [ -58.585769735609254, -31.392154862547219, 0.0 ], [ -58.565884307781431, -31.444289361377134, 0.0 ], [ -58.51232983715353, -31.470526621965377, 0.0 ], [ -58.526761862386053, -31.502250280466189, 0.0 ], [ -58.518108197218041, -31.555273844818611, 0.0 ], [ -58.558161648489033, -31.61866350576366, 0.0 ], [ -58.590460596089116, -31.639699169247312, 0.0 ], [ -58.598330093099548, -31.711915926680028, 0.0 ], [ -58.586730787436181, -31.714040187534518, 0.0 ], [ -58.603566247126537, -31.770007800746559, 0.0 ], [ -58.657025671505785, -31.833677472066821, 0.0 ], [ -58.72273784327259, -31.823949411550441, 0.0 ], [ -58.742733559064469, -31.921089451839247, 0.0 ], [ -58.723691012382893, -31.969719495690036, 0.0 ], [ -58.773107528401788, -32.014569904463286, 0.0 ], [ -58.860809638161967, -32.026687191118228, 0.0 ], [ -58.870934677290052, -32.046695296591963, 0.0 ], [ -58.917712071463285, -32.065713369656748, 0.0 ], [ -58.967870484515757, -32.051989694174601, 0.0 ], [ -59.003156049262856, -32.083612044495602, 0.0 ], [ -59.065709982544234, -32.06832492118528, 0.0 ], [ -59.080349797085127, -31.991199966319282, 0.0 ], [ -59.151230657604437, -31.985556038913582, 0.0 ], [ -59.273642771627728, -31.914170131964649, 0.0 ], [ -59.40167250297521, -31.934118698021116, 0.0 ], [ -59.439503430605122, -31.970575329206675, 0.0 ], [ -59.486168174245101, -31.94990412842871, 0.0 ], [ -59.571991448605388, -31.955670091550942, 0.0 ], [ -59.534421485158767, -31.924866168413555, 0.0 ], [ -59.611931416604861, -31.869047942524809, 0.0 ], [ -59.613331923370467, -31.838143473819688, 0.0 ], [ -59.580412178823615, -31.784953913016565, 0.0 ], [ -59.593949642831589, -31.753222001365806, 0.0 ], [ -59.57203029714816, -31.720318143893429, 0.0 ], [ -59.520478873771133, -31.692031475760654, 0.0 ], [ -59.502204407318729, -31.631213115459737, 0.0 ], [ -59.520192812455434, -31.613117134615479, 0.0 ], [ -59.565097310889421, -31.622782266705947, 0.0 ], [ -59.58228927239017, -31.603140858792731, 0.0 ], [ -59.573124269992739, -31.473131884720839, 0.0 ], [ -59.234777247996881, -31.267693386480573, 0.0 ], [ -59.172727191436458, -31.350013372051983, 0.0 ], [ -59.148149372399537, -31.413758646507333, 0.0 ], [ -59.09426457237705, -31.455149715627226, 0.0 ], [ -59.065382903254346, -31.412476946315216, 0.0 ], [ -59.070274933357233, -31.409704540791321, 0.0 ], [ -59.074338559563003, -31.403486211485106, 0.0 ], [ -59.044625909276625, -31.393580901792074, 0.0 ], [ -59.052169301669231, -31.378982131709645, 0.0 ], [ -59.034472857084708, -31.376132907571918, 0.0 ], [ -59.04592656111187, -31.36717971345902, 0.0 ], [ -59.034891401040191, -31.349167211263229, 0.0 ], [ -59.010571688645655, -31.339060723595281, 0.0 ], [ -59.018196077635871, -31.325073688167272, 0.0 ], [ -58.971274701488888, -31.271719460230401, 0.0 ], [ -58.975331121409461, -31.256893946645889, 0.0 ], [ -58.893877198692202, -31.214215338416864, 0.0 ] ] ] } },
{ "type": "Feature", "properties": { "loc": "AR030028" }, "geometry": { "type": "Polygon", "coordinates": [ [ [ -58.269607300359176, -30.252399554839872, 0.0 ], [ -58.207860821364179, -30.288056495033537, 0.0 ], [ -58.141176428118222, -30.405720839720875, 0.0 ], [ -58.071934113541744, -30.425410879211245, 0.0 ], [ -58.079429416422258, -30.4558679795995, 0.0 ], [ -58.057597893634281, -30.497048918087405, 0.0 ], [ -58.068749550825245, -30.54481992836374, 0.0 ], [ -58.036780521191353, -30.56820104537297, 0.0 ], [ -58.033624793497168, -30.598040772047298, 0.0 ], [ -57.979944600950311, -30.629499503266757, 0.0 ], [ -57.974850369060114, -30.647340484410428, 0.0 ], [ -57.894778702935149, -30.669411395177672, 0.0 ], [ -57.854834690720274, -30.694650301565375, 0.0 ], [ -57.843748054487889, -30.721657958004734, 0.0 ], [ -57.809198778592048, -30.729622512386292, 0.0 ], [ -57.799266702976901, -30.853223936152414, 0.0 ], [ -57.821807504970494, -30.907831811922417, 0.0 ], [ -57.84506971073111, -30.919925422353355, 0.0 ], [ -57.894413783910544, -30.90720720430345, 0.0 ], [ -57.914899120159824, -30.920564425874492, 0.0 ], [ -57.861624860120209, -31.042011593850031, 0.0 ], [ -57.91906604004685, -31.129907298086582, 0.0 ], [ -57.913068608732345, -31.212248546484279, 0.0 ], [ -57.924361448746623, -31.237157594359051, 0.0 ], [ -57.961913351564455, -31.212903930916799, 0.0 ], [ -58.027844530800891, -31.123380182360592, 0.0 ], [ -58.105443050507034, -31.084616213586468, 0.0 ], [ -58.273497089082746, -31.037117904293758, 0.0 ], [ -58.230719980904588, -31.013035582859057, 0.0 ], [ -58.249025506607936, -30.992341294316113, 0.0 ], [ -58.25088097682729, -30.927292072588159, 0.0 ], [ -58.274495888117897, -30.918475320319626, 0.0 ], [ -58.276348642730156, -30.88330913092928, 0.0 ], [ -58.250345603375848, -30.853969696329862, 0.0 ], [ -58.38969722715219, -30.825593674203315, 0.0 ], [ -58.409465440106814, -30.838434611216588, 0.0 ], [ -58.471700899958712, -30.798745804896935, 0.0 ], [ -58.491732001287964, -30.732379471094308, 0.0 ], [ -58.577313353054031, -30.690160161794381, 0.0 ], [ -58.568622583871509, -30.667307493116493, 0.0 ], [ -58.501071962265058, -30.626754308558144, 0.0 ], [ -58.522418482834517, -30.608804389618975, 0.0 ], [ -58.457105140595992, -30.552363239394079, 0.0 ], [ -58.398502175800587, -30.440398391896558, 0.0 ], [ -58.40953564793783, -30.425152392336464, 0.0 ], [ -58.3421574130344, -30.35932217314442, 0.0 ], [ -58.361477181609288, -30.335296397918938, 0.0 ], [ -58.406282539273576, -30.346523120924598, 0.0 ], [ -58.408052006584256, -30.316910397330403, 0.0 ], [ -58.353342593555141, -30.329802058843775, 0.0 ], [ -58.338374477117249, -30.313977720243194, 0.0 ], [ -58.307897219488567, -30.330874020692171, 0.0 ], [ -58.269607300359176, -30.252399554839872, 0.0 ] ] ] } },
{ "type": "Feature", "properties": { "loc": "AR010042" }, "geometry": { "type": "Polygon", "coordinates": [ [ [ -65.951203496195077, -28.339221021488886, 0.0 ], [ -65.936027427853745, -28.43749012124194, 0.0 ], [ -65.918485872587141, -28.436211698190341, 0.0 ], [ -65.898243081464585, -28.481667266416579, 0.0 ], [ -65.785251899863169, -28.559999276790215, 0.0 ], [ -65.80920611292143, -28.633518205766539, 0.0 ], [ -65.794264235374698, -28.669079940822851, 0.0 ], [ -65.851796620353809, -28.745005718824633, 0.0 ], [ -65.73473008504061, -28.756720144556031, 0.0 ], [ -65.691614265287953, -28.783700011380091, 0.0 ], [ -65.685894483464807, -28.830967707031881, 0.0 ], [ -65.642542994290622, -28.901127239980749, 0.0 ], [ -65.650844800141641, -28.928540948128298, 0.0 ], [ -65.605749486964896, -29.020279877468152, 0.0 ], [ -65.607779373181486, -29.068529192594045, 0.0 ], [ -65.587739014713236, -29.098952085859963, 0.0 ], [ -65.609877675988443, -29.252656631786508, 0.0 ], [ -65.547583937932458, -29.409930095871108, 0.0 ], [ -65.560646212918073, -29.518098590450748, 0.0 ], [ -65.52012308738226, -29.605465310692125, 0.0 ], [ -65.589774143497834, -29.72039166618751, 0.0 ], [ -65.71945929474245, -29.409989074949909, 0.0 ], [ -65.717258293837261, -29.328611509698835, 0.0 ], [ -65.748158569031574, -29.269685647235459, 0.0 ], [ -65.814426557210723, -29.269804620345866, 0.0 ], [ -65.814664502963211, -29.180931753071796, 0.0 ], [ -66.099518697624276, -28.944090619078423, 0.0 ], [ -66.403808593837539, -28.854309081935618, 0.0 ], [ -66.411376953106867, -28.814208984515322, 0.0 ], [ -66.391380083878147, -28.824544492645366, 0.0 ], [ -66.365366612388442, -28.795077153435088, 0.0 ], [ -66.337113687607811, -28.800940212192096, 0.0 ], [ -66.323542499945759, -28.732254295075325, 0.0 ], [ -66.301298588458607, -28.722129043084522, 0.0 ], [ -66.297169425661295, -28.679241659448852, 0.0 ], [ -66.274018068413469, -28.665843642819411, 0.0 ], [ -66.264224916358671, -28.629048550322828, 0.0 ], [ -66.2102617931249, -28.630464396863534, 0.0 ], [ -66.177888305119168, -28.579641660200998, 0.0 ], [ -66.183728468376898, -28.563952661595074, 0.0 ], [ -66.147617809126174, -28.544813208901076, 0.0 ], [ -66.129600012011707, -28.499005999683721, 0.0 ], [ -66.08258483288445, -28.481874892575156, 0.0 ], [ -66.083492359493491, -28.451737133761288, 0.0 ], [ -66.047766403763177, -28.448162900955797, 0.0 ], [ -66.05732366451258, -28.362916457866845, 0.0 ], [ -65.951203496195077, -28.339221021488886, 0.0 ] ] ] } },
{ "type": "Feature", "properties": { "loc": "AR014063" }, "geometry": { "type": "Polygon", "coordinates": [ [ [ -62.196043614299008, -32.113824823485089, 0.0 ], [ -62.179506361146998, -32.156655120536193, 0.0 ], [ -62.127753085427315, -32.208527369115721, 0.0 ], [ -62.038404326022089, -32.260578077787208, 0.0 ], [ -62.010441450178725, -32.347409189580709, 0.0 ], [ -61.927402471702194, -32.464259936089292, 0.0 ], [ -61.911935976232883, -32.526720786155046, 0.0 ], [ -61.929365526854909, -32.544983148701256, 0.0 ], [ -61.904262214038035, -32.552775884205566, 0.0 ], [ -61.901168914764511, -32.56853981332069, 0.0 ], [ -61.925141984358916, -32.583054524808773, 0.0 ], [ -61.891056205912015, -32.590252394279155, 0.0 ], [ -61.888736231232301, -32.613452137799534, 0.0 ], [ -61.944832022324221, -32.650571728700974, 0.0 ], [ -61.94548637494011, -32.67858988184387, 0.0 ], [ -61.907414999749676, -32.695959947342466, 0.0 ], [ -61.85738683253193, -32.694234837552003, 0.0 ], [ -61.826989218638033, -32.75508955243896, 0.0 ], [ -61.785348651770832, -32.794291170734304, 0.0 ], [ -61.777020538756709, -32.831291789182849, 0.0 ], [ -61.791892169844871, -32.872991843708881, 0.0 ], [ -61.770893427546092, -32.901664347383516, 0.0 ], [ -61.790107574006498, -32.958414491229313, 0.0 ], [ -61.786419410351833, -33.004397573704878, 0.0 ], [ -61.920323575685124, -33.120158349944973, 0.0 ], [ -62.543163859142375, -33.943431419444991, 0.0 ], [ -62.805150942376159, -33.895995991228411, 0.0 ], [ -62.776692850469466, -33.779326443428673, 0.0 ], [ -62.75336973444103, -33.783465962238779, 0.0 ], [ -62.645662868243924, -33.358521748325856, 0.0 ], [ -62.603343616094733, -33.301352989979442, 0.0 ], [ -62.688415479364281, -33.285672672965703, 0.0 ], [ -62.574896337209132, -33.211517815757254, 0.0 ], [ -62.520811718629794, -33.127526078786552, 0.0 ], [ -62.62523377012468, -33.107961870933075, 0.0 ], [ -62.530602815339201, -33.043449436653468, 0.0 ], [ -62.50780309552453, -32.952753788294579, 0.0 ], [ -62.542887672108272, -32.946712453898193, 0.0 ], [ -62.515901824629161, -32.837040017236312, 0.0 ], [ -62.451133775039445, -32.848265579734743, 0.0 ], [ -62.480185952487922, -32.779844011783567, 0.0 ], [ -62.462529082284924, -32.69401437523527, 0.0 ], [ -62.490501587169831, -32.697023646409917, 0.0 ], [ -62.48630487196148, -32.679132288265073, 0.0 ], [ -62.45627295233826, -32.684690599438021, 0.0 ], [ -62.390519074487763, -32.4381484091708, 0.0 ], [ -62.354478501795498, -32.444627513375636, 0.0 ], [ -62.345251318014121, -32.406591992876251, 0.0 ], [ -62.263673365803903, -32.418726182972293, 0.0 ], [ -62.245146496112852, -32.328622322612894, 0.0 ], [ -62.299109522328592, -32.31962536805559, 0.0 ], [ -62.294682312893066, -32.301348916483612, 0.0 ], [ -62.375949479456011, -32.287481018141769, 0.0 ], [ -62.33938651935803, -32.136807198375578, 0.0 ], [ -62.306503582381652, -32.14208214579164, 0.0 ], [ -62.28245769624862, -32.04651580005212, 0.0 ], [ -62.181864733415239, -32.063728977232138, 0.0 ], [ -62.196043614299008, -32.113824823485089, 0.0 ] ] ] } },
{ "type": "Feature", "properties": { "loc": "AR090105" }, "geometry": { "type": "Polygon", "coordinates": [ [ [ -65.739862676790054, -26.508507838172672, 0.0 ], [ -65.650986551598521, -26.524504025962131, 0.0 ], [ -65.622073368677334, -26.555148849041238, 0.0 ], [ -65.559889662565581, -26.534774150248563, 0.0 ], [ -65.502632241115123, -26.548051632050008, 0.0 ], [ -65.497075749654442, -26.524315313004536, 0.0 ], [ -65.465898013614989, -26.5191706971309, 0.0 ], [ -65.495777908647725, -26.566310044026348, 0.0 ], [ -65.473390635922698, -26.603280938039305, 0.0 ], [ -65.458948017756342, -26.584947076287047, 0.0 ], [ -65.351177882315469, -26.624465917217794, 0.0 ], [ -65.330503303375153, -26.610297309419856, 0.0 ], [ -65.226316619467852, -26.601191193840432, 0.0 ], [ -65.221094231224285, -26.52355908202048, 0.0 ], [ -65.183418976243217, -26.533287651242741, 0.0 ], [ -65.197457366006446, -26.556306298865859, 0.0 ], [ -65.191430893057102, -26.58075004158864, 0.0 ], [ -65.171904571255681, -26.578438072767408, 0.0 ], [ -65.165451109288853, -26.599759638813072, 0.0 ], [ -65.191811924264641, -26.640989407814043, 0.0 ], [ -65.17322682667519, -26.656170140846172, 0.0 ], [ -65.176890720545828, -26.685122611096755, 0.0 ], [ -65.154809025934384, -26.726278325280067, 0.0 ], [ -65.161153782768665, -26.790910900133255, 0.0 ], [ -65.267136882546851, -26.779370318266878, 0.0 ], [ -65.259374124256794, -26.750869962158824, 0.0 ], [ -65.357807257771114, -26.733757638210037, 0.0 ], [ -65.355473848786318, -26.763454969821662, 0.0 ], [ -65.396273121830362, -26.786671550875944, 0.0 ], [ -65.429528175133427, -26.705509190788238, 0.0 ], [ -65.427162412425361, -26.767596078050225, 0.0 ], [ -65.445339327227799, -26.800616199645585, 0.0 ], [ -65.4621180493248, -26.773898669313517, 0.0 ], [ -65.515816923236287, -26.748103901855689, 0.0 ], [ -65.545207567019204, -26.764143697610304, 0.0 ], [ -65.608210985827739, -26.728474247314423, 0.0 ], [ -65.651387543371683, -26.756758899355798, 0.0 ], [ -65.705990652465019, -26.741053132523795, 0.0 ], [ -65.694986332455386, -26.717768111903997, 0.0 ], [ -65.704811841826711, -26.697375294661747, 0.0 ], [ -65.758538794379021, -26.667908678986155, 0.0 ], [ -65.775669961494614, -26.63994350604294, 0.0 ], [ -65.7555885042038, -26.601056053723081, 0.0 ], [ -65.73165112198069, -26.607793456857951, 0.0 ], [ -65.721542490581285, -26.54242139760326, 0.0 ], [ -65.739862676790054, -26.508507838172672, 0.0 ] ] ] } },
{ "type": "Feature", "properties": { "loc": "AR014035" }, "geometry": { "type": "Polygon", "coordinates": [ [ [ -65.111023891226452, -33.955930684911856, 0.0 ], [ -65.076243577622719, -33.988992706543357, 0.0 ], [ -65.062561404903931, -33.980242986934449, 0.0 ], [ -65.061433623065327, -34.006216280700713, 0.0 ], [ -65.023580659761478, -34.008259624263786, 0.0 ], [ -64.997334460832803, -34.037393080766158, 0.0 ], [ -64.912602270335128, -34.042348795828055, 0.0 ], [ -64.859040318537552, -34.067441195395091, 0.0 ], [ -64.851284273357621, -34.05593959231507, 0.0 ], [ -64.814435331894018, -34.060748915550782, 0.0 ], [ -64.805818299124951, -34.083954531747452, 0.0 ], [ -64.787157595727933, -34.09408198898177, 0.0 ], [ -64.759759372126069, -34.083860069701032, 0.0 ], [ -64.705857101667945, -34.127965125105447, 0.0 ], [ -64.687150462020568, -34.115714532033962, 0.0 ], [ -64.621803955778361, -34.170319478667651, 0.0 ], [ -64.57826314036987, -34.1708072281494, 0.0 ], [ -64.547654276857102, -34.191410353056007, 0.0 ], [ -64.520831852691103, -34.182078605073769, 0.0 ], [ -64.466784334533003, -34.210576751963373, 0.0 ], [ -64.425229102227902, -34.205585088415155, 0.0 ], [ -64.410519377198355, -34.222304365796241, 0.0 ], [ -64.398372691201459, -34.206713508168789, 0.0 ], [ -64.317638831066489, -34.226331709789939, 0.0 ], [ -64.294315389847881, -34.21394828702887, 0.0 ], [ -64.277933337729209, -34.231012233851978, 0.0 ], [ -64.165508150452354, -34.257347215675622, 0.0 ], [ -64.162196478818089, -34.37045856747968, 0.0 ], [ -63.834941409284454, -34.364239990234907, 0.0 ], [ -63.829820420175217, -34.545433398577849, 0.0 ], [ -63.501538851156326, -34.544843011678772, 0.0 ], [ -63.502403628737611, -34.521050359020322, 0.0 ], [ -63.383553933093843, -34.529733609970087, 0.0 ], [ -63.384346419650981, -35.00013476423053, 0.0 ], [ -65.117492676655388, -35.000002313060641, 0.0 ], [ -65.111023891226452, -33.955930684911856, 0.0 ] ] ] } },
{ "type": "Feature", "properties": { "loc": "AR086182" }, "geometry": { "type": "Polygon", "coordinates": [ [ [ -63.479497985872833, -27.836342136946225, 0.0 ], [ -63.466975274979475, -27.907176257274507, 0.0 ], [ -63.442471492393331, -27.922786500975011, 0.0 ], [ -63.444959879629252, -27.953416645795329, 0.0 ], [ -63.40974175859705, -27.972763023152556, 0.0 ], [ -63.398049405436574, -28.028547402790348, 0.0 ], [ -63.32796984843889, -28.054334544586581, 0.0 ], [ -63.317560803340484, -28.080660233255696, 0.0 ], [ -63.293758855621185, -28.086729099113388, 0.0 ], [ -63.270201196658583, -28.159665802236983, 0.0 ], [ -63.200284832106973, -28.165871154095239, 0.0 ], [ -63.144931287493286, -28.206930791831606, 0.0 ], [ -63.133606466556571, -28.243386091124677, 0.0 ], [ -63.095400841740179, -28.270138363696436, 0.0 ], [ -63.115350651824414, -28.30768619223339, 0.0 ], [ -63.109665620429723, -28.327233836582462, 0.0 ], [ -63.228288172562323, -28.32732814380261, 0.0 ], [ -63.23093379012581, -28.349337881790508, 0.0 ], [ -63.333948877764819, -28.329881509400316, 0.0 ], [ -63.459686476816479, -28.212364648723856, 0.0 ], [ -63.467341039318768, -28.255242440368445, 0.0 ], [ -63.512872541159837, -28.256584203227217, 0.0 ], [ -63.578635840541033, -28.242103831969384, 0.0 ], [ -63.580860817481145, -28.205035708444015, 0.0 ], [ -63.616830204975344, -28.198956302211137, 0.0 ], [ -63.606406644000252, -28.149717728319089, 0.0 ], [ -63.653861674223201, -28.147529948277931, 0.0 ], [ -63.650739526452639, -28.074785606620935, 0.0 ], [ -63.737018636530841, -28.014485162367507, 0.0 ], [ -63.729076524204416, -27.977283870554771, 0.0 ], [ -63.68917893153354, -27.983887734290146, 0.0 ], [ -63.660507683782974, -27.817631755282321, 0.0 ], [ -63.592627944609241, -27.829567250824233, 0.0 ], [ -63.580909002214668, -27.867016049709402, 0.0 ], [ -63.479497985872833, -27.836342136946225, 0.0 ] ] ] } },
{ "type": "Feature", "properties": { "loc": "AR006763" }, "geometry": { "type": "Polygon", "coordinates": [ [ [ -60.263185569704, -33.259891773737067, 0.0 ], [ -60.200683594080324, -33.292175292579827, 0.0 ], [ -60.165552576393026, -33.350769379940132, 0.0 ], [ -60.194553374698827, -33.444469452485855, 0.0 ], [ -60.160373688168754, -33.477752685636723, 0.0 ], [ -60.242652893137546, -33.613613128939264, 0.0 ], [ -60.286357880155812, -33.624370575341423, 0.0 ], [ -60.326671600314079, -33.683532714646297, 0.0 ], [ -60.45817654069495, -33.588606794982731, 0.0 ], [ -60.418142108555166, -33.558506613098878, 0.0 ], [ -60.409576049788576, -33.467789664330304, 0.0 ], [ -60.334979948595297, -33.412467196841597, 0.0 ], [ -60.323725118995625, -33.349104930698417, 0.0 ], [ -60.282512833821606, -33.313600593626539, 0.0 ], [ -60.263185569704, -33.259891773737067, 0.0 ] ] ] } },
{ "type": "Feature", "properties": { "loc": "AR066077" }, "geometry": { "type": "Polygon", "coordinates": [ [ [ -65.659246137529507, -24.381674485922385, 0.0 ], [ -65.620520601064342, -24.384439403664022, 0.0 ], [ -65.600151893986691, -24.417039691342111, 0.0 ], [ -65.569005271097097, -24.423557741359627, 0.0 ], [ -65.540784863533133, -24.451516408627445, 0.0 ], [ -65.507443449791907, -24.457482513087651, 0.0 ], [ -65.490637506046852, -24.428153137678294, 0.0 ], [ -65.464285194523541, -24.430577151572106, 0.0 ], [ -65.434660904325128, -24.462818848032875, 0.0 ], [ -65.425618954053647, -24.451516408627445, 0.0 ], [ -65.356662174380133, -24.462676079672743, 0.0 ], [ -65.353925794633611, -24.491705503415144, 0.0 ], [ -65.328822481816729, -24.499914643629442, 0.0 ], [ -65.228290255876331, -24.486708636020239, 0.0 ], [ -65.22912306780654, -24.468981651827541, 0.0 ], [ -65.206161268558418, -24.458155105015237, 0.0 ], [ -65.181509696938335, -24.465269761001942, 0.0 ], [ -65.1553641156097, -24.488720089905126, 0.0 ], [ -65.210172398117294, -24.54363156542912, 0.0 ], [ -65.199732537211375, -24.585365188482232, 0.0 ], [ -65.261441609459609, -24.59827648185912, 0.0 ], [ -65.279582738974398, -24.640579548253882, 0.0 ], [ -65.274700448405795, -24.6774251578857, 0.0 ], [ -65.220124163006844, -24.7159700420404, 0.0 ], [ -65.45048722537139, -24.712469377874303, 0.0 ], [ -65.581355553066601, -24.64454754056889, 0.0 ], [ -65.582332058611385, -24.57374340522119, 0.0 ], [ -65.667654495251327, -24.545241495575478, 0.0 ], [ -65.654101658373904, -24.5011981845736, 0.0 ], [ -65.659246137529507, -24.381674485922385, 0.0 ] ] ] } },
{ "type": "Feature", "properties": { "loc": "AR042070" }, "geometry": { "type": "Polygon", "coordinates": [ [ [ -63.383911804835044, -37.2589384763289, 0.0 ], [ -63.383825038358403, -37.709890322477172, 0.0 ], [ -64.180216451652171, -37.707771897873727, 0.0 ], [ -64.174235295115665, -37.256869537799439, 0.0 ], [ -63.383911804835044, -37.2589384763289, 0.0 ] ] ] } },
{ "type": "Feature", "properties": { "loc": "AR042028" }, "geometry": { "type": "Polygon", "coordinates": [ [ [ -63.384085477925559, -36.356318304832961, 0.0 ], [ -63.38399859915949, -36.807848014930734, 0.0 ], [ -63.945801363027137, -36.806207529751852, 0.0 ], [ -63.943460533059778, -36.355569315914025, 0.0 ], [ -63.384085477925559, -36.356318304832961, 0.0 ] ] ] } },
{ "type": "Feature", "properties": { "loc": "AR018021" }, "geometry": { "type": "Polygon", "coordinates": [ [ [ -58.703571320098639, -27.37188911448024, 0.0 ], [ -58.663375855062704, -27.422672272100478, 0.0 ], [ -58.678844451691454, -27.47099781014877, 0.0 ], [ -58.636381893101628, -27.474431842743822, 0.0 ], [ -58.626379013174095, -27.507863045021125, 0.0 ], [ -58.647261618577986, -27.51883363724615, 0.0 ], [ -58.687296548384467, -27.623929341485137, 0.0 ], [ -58.727587938221404, -27.627940653679513, 0.0 ], [ -58.777700424006646, -27.660111427101004, 0.0 ], [ -58.804233550226975, -27.654878616565473, 0.0 ], [ -58.815441131137632, -27.67547988759469, 0.0 ], [ -58.882746472247355, -27.608522892063625, 0.0 ], [ -58.871019021010397, -27.571271193100305, 0.0 ], [ -58.881402328477606, -27.497892072712929, 0.0 ], [ -58.781012165709484, -27.381777966099392, 0.0 ], [ -58.703571320098639, -27.37188911448024, 0.0 ] ] ] } },
{ "type": "Feature", "properties": { "loc": "AR082119" }, "geometry": { "type": "Polygon", "coordinates": [ [ [ -60.803599303824612, -32.442134315190813, 0.0 ], [ -60.794975128550739, -32.497451946923888, 0.0 ], [ -60.769142033380191, -32.496754852800578, 0.0 ], [ -60.774719238194685, -32.514404296903862, 0.0 ], [ -60.747375487533347, -32.554321288580702, 0.0 ], [ -60.752075195520433, -32.622192382634694, 0.0 ], [ -60.723514198004693, -32.67168944436709, 0.0 ], [ -60.716003418050143, -32.773620604909425, 0.0 ], [ -60.65892223078707, -32.833918048885394, 0.0 ], [ -60.809083735128148, -32.829401725178897, 0.0 ], [ -60.819942702334941, -32.835451709332183, 0.0 ], [ -60.805382579139525, -32.85466023199151, 0.0 ], [ -60.861080704021489, -32.885526826686117, 0.0 ], [ -60.924567892559971, -33.145725554285612, 0.0 ], [ -60.945690055293959, -33.161065473787573, 0.0 ], [ -60.94436460726191, -33.198206276786344, 0.0 ], [ -60.981661721814035, -33.192160540229793, 0.0 ], [ -60.995778344058721, -33.232384969366102, 0.0 ], [ -60.982059246988499, -33.245004128709624, 0.0 ], [ -61.001613700431356, -33.24738298749724, 0.0 ], [ -60.924204133260403, -33.340290748783218, 0.0 ], [ -60.987473478545844, -33.393328677529738, 0.0 ], [ -61.066812685337595, -33.429335236233662, 0.0 ], [ -61.129567312134924, -33.349297382184311, 0.0 ], [ -61.09909731648699, -33.332650688651242, 0.0 ], [ -61.168606189056035, -33.243837681397331, 0.0 ], [ -61.132566600019025, -33.231363295301108, 0.0 ], [ -61.154841994761931, -33.164672235359006, 0.0 ], [ -61.106761415504337, -33.156095200493873, 0.0 ], [ -61.061950306825594, -33.090011225714164, 0.0 ], [ -61.207199357865782, -32.902700536821811, 0.0 ], [ -61.203470187915023, -32.88445562418093, 0.0 ], [ -61.16089634243454, -32.845377799988768, 0.0 ], [ -61.062543111369806, -32.802532287380451, 0.0 ], [ -61.05469089794542, -32.770020375545187, 0.0 ], [ -60.99425785650714, -32.693606764968678, 0.0 ], [ -60.888647121888951, -32.668881792121958, 0.0 ], [ -60.874438201342073, -32.680302201897057, 0.0 ], [ -60.812568968461825, -32.637766613995041, 0.0 ], [ -60.842397116042605, -32.590678541459425, 0.0 ], [ -60.86020454298891, -32.50206755369571, 0.0 ], [ -60.855272881910615, -32.474006749894059, 0.0 ], [ -60.803599303824612, -32.442134315190813, 0.0 ] ] ] } },
{ "type": "Feature", "properties": { "loc": "AR090112" }, "geometry": { "type": "Polygon", "coordinates": [ [ [ -65.359154251895248, -26.059437688635629, 0.0 ], [ -65.297906030659107, -26.081735546475727, 0.0 ], [ -65.273648377477656, -26.171950975710466, 0.0 ], [ -65.040204000263785, -26.229717379448925, 0.0 ], [ -65.03783840015079, -26.297184465197397, 0.0 ], [ -65.102767385618591, -26.400889507685012, 0.0 ], [ -65.114445810400582, -26.508747737946813, 0.0 ], [ -65.147829937236935, -26.512801890375915, 0.0 ], [ -65.167333331337375, -26.553633485115697, 0.0 ], [ -65.197457366006446, -26.556306298865859, 0.0 ], [ -65.183418976243217, -26.533287651242741, 0.0 ], [ -65.221043754888456, -26.52350560167438, 0.0 ], [ -65.226316619467852, -26.601191193840432, 0.0 ], [ -65.330503303375153, -26.610297309419856, 0.0 ], [ -65.35104610934475, -26.624468841964404, 0.0 ], [ -65.458948017756342, -26.584947076287047, 0.0 ], [ -65.473390635922698, -26.603280938039305, 0.0 ], [ -65.495777908647725, -26.566310044026348, 0.0 ], [ -65.465898013614989, -26.5191706971309, 0.0 ], [ -65.497075749654442, -26.524315313004536, 0.0 ], [ -65.502632241115123, -26.548051632050008, 0.0 ], [ -65.559889662565581, -26.534774150248563, 0.0 ], [ -65.621783198467512, -26.555153745856735, 0.0 ], [ -65.650986551598521, -26.524504025962131, 0.0 ], [ -65.708589033017603, -26.517550545106193, 0.0 ], [ -65.69958492517577, -26.483192241967217, 0.0 ], [ -65.725318935272171, -26.386974816169928, 0.0 ], [ -65.710922267729245, -26.356503014831642, 0.0 ], [ -65.72302968836506, -26.312712403393899, 0.0 ], [ -65.707276506352613, -26.29591094765884, 0.0 ], [ -65.724167808914288, -26.278894198599453, 0.0 ], [ -65.702835600303928, -26.239998455805431, 0.0 ], [ -65.71036551796729, -26.209094645819139, 0.0 ], [ -65.688515223084806, -26.1172620248947, 0.0 ], [ -65.640059808300208, -26.111038576374661, 0.0 ], [ -65.613632946489773, -26.123472968758932, 0.0 ], [ -65.548145698497081, -26.087534770020024, 0.0 ], [ -65.465396398851908, -26.091276635429089, 0.0 ], [ -65.424556169817421, -26.109014875948599, 0.0 ], [ -65.359154251895248, -26.059437688635629, 0.0 ] ] ] } },
{ "type": "Feature", "properties": { "loc": "AR082133" }, "geometry": { "type": "Polygon", "coordinates": [ [ [ -60.909991133463812, -27.999427393788661, 0.0 ], [ -59.811111174273492, -27.999436641351853, 0.0 ], [ -59.811046067076646, -28.104616114664328, 0.0 ], [ -59.790203871487478, -28.104516788828526, 0.0 ], [ -59.790406352650841, -28.250795206195729, 0.0 ], [ -59.876276731969682, -28.251545694661107, 0.0 ], [ -59.878718767933577, -28.331830450763604, 0.0 ], [ -59.858296763810138, -28.37855439192731, 0.0 ], [ -59.798365955175825, -28.379104215050493, 0.0 ], [ -59.798458122323972, -28.433813782406478, 0.0 ], [ -59.765109496009345, -28.45583514462097, 0.0 ], [ -59.81092255591161, -28.527939556474504, 0.0 ], [ -59.818165734031219, -28.563208571836906, 0.0 ], [ -59.801167944277452, -28.61648711317849, 0.0 ], [ -59.817163638178954, -28.624479052783393, 0.0 ], [ -59.772794266159693, -28.679389218765316, 0.0 ], [ -59.792762883372738, -28.697880438510207, 0.0 ], [ -59.778581677649001, -28.717251849497089, 0.0 ], [ -59.804592924910054, -28.757676547627206, 0.0 ], [ -59.773458956587881, -28.768581336057665, 0.0 ], [ -59.749008333605296, -28.813400801265409, 0.0 ], [ -59.762283699756075, -28.838343852665897, 0.0 ], [ -59.961809969070828, -28.80746225129835, 0.0 ], [ -59.977955477707212, -28.891668440806878, 0.0 ], [ -60.019748004486189, -28.886084587601264, 0.0 ], [ -60.042010117637624, -29.011680224604135, 0.0 ], [ -59.988043232259429, -29.032485884559691, 0.0 ], [ -60.005179176615684, -29.072646594317813, 0.0 ], [ -60.116408079225309, -29.047414702869052, 0.0 ], [ -60.066113349523434, -29.115963542954358, 0.0 ], [ -60.061509065975699, -29.141258792364393, 0.0 ], [ -60.075701965967802, -29.139110836874913, 0.0 ], [ -60.035869204710977, -29.191642107650651, 0.0 ], [ -60.036209848561661, -29.228515233885112, 0.0 ], [ -60.017313463166701, -29.242643200097962, 0.0 ], [ -60.027321242505806, -29.284870637910142, 0.0 ], [ -60.010750018663018, -29.303065243836045, 0.0 ], [ -60.081813989074924, -29.380562267109433, 0.0 ], [ -60.078260548458339, -29.405512409405748, 0.0 ], [ -60.100967571118865, -29.434172819894972, 0.0 ], [ -60.105285879589147, -29.482983060644283, 0.0 ], [ -60.082776267102204, -29.534710169188276, 0.0 ], [ -60.084969320612053, -29.63463757186684, 0.0 ], [ -60.061464193330643, -29.656659627536321, 0.0 ], [ -60.000072093427015, -29.654705389877446, 0.0 ], [ -59.998575255821919, -29.773035106120222, 0.0 ], [ -59.970556637718545, -29.812708524698319, 0.0 ], [ -59.910763366544117, -29.800058317121941, 0.0 ], [ -59.876828589506601, -29.81303392909329, 0.0 ], [ -59.874593854167557, -29.833128787322167, 0.0 ], [ -59.889492053828562, -29.834234921176215, 0.0 ], [ -59.92645168570148, -29.915057507166637, 0.0 ], [ -59.941396387551499, -29.909298965811224, 0.0 ], [ -59.960608638566654, -29.93606667326311, 0.0 ], [ -59.988926118978533, -29.928755985675252, 0.0 ], [ -60.020673988779372, -29.951781053553557, 0.0 ], [ -60.032396245059033, -30.009357563033639, 0.0 ], [ -60.045592959215121, -30.02758005055615, 0.0 ], [ -60.099187774080747, -30.041263427241997, 0.0 ], [ -60.097754857896305, -30.070088317795353, 0.0 ], [ -60.129075509609279, -30.087986780464849, 0.0 ], [ -60.116626340194955, -30.121523045714799, 0.0 ], [ -60.157719359641966, -30.117726293193428, 0.0 ], [ -60.132709655769268, -30.137423533413443, 0.0 ], [ -60.174714180463731, -30.165808123344604, 0.0 ], [ -60.18506593191163, -30.146516832046434, 0.0 ], [ -60.15664287070777, -30.12414408915317, 0.0 ], [ -60.198310747257928, -30.122039515555503, 0.0 ], [ -60.212131978284368, -30.067661312441864, 0.0 ], [ -60.289675311787668, -30.029938314095702, 0.0 ], [ -60.279628295833589, -29.978877799416647, 0.0 ], [ -60.720536941302939, -29.910136474360623, 0.0 ], [ -60.699319128652448, -29.875339912360573, 0.0 ], [ -60.719088212972878, -29.867352278505919, 0.0 ], [ -60.766441089476686, -29.790352636830782, 0.0 ], [ -60.764760531124622, -29.754404339751371, 0.0 ], [ -60.803125158644619, -29.746422220609155, 0.0 ], [ -60.817929145693576, -29.765774141071354, 0.0 ], [ -60.843820334015234, -29.701739195536931, 0.0 ], [ -60.877411114689423, -29.701042848543956, 0.0 ], [ -60.911127899353581, -29.673312627182817, 0.0 ], [ -61.040459394650632, -29.664613378590108, 0.0 ], [ -61.038384642077162, -29.653025053168076, 0.0 ], [ -61.075406739201689, -29.651227150317091, 0.0 ], [ -61.082809434759554, -29.635043366956911, 0.0 ], [ -60.89839914008688, -28.582098458800562, 0.0 ], [ -60.829864545240696, -28.273558280946734, 0.0 ], [ -60.748572937315494, -28.221641368444182, 0.0 ], [ -60.747743596475516, -28.099319022078685, 0.0 ], [ -60.644588832487919, -28.100226479317055, 0.0 ], [ -60.644412636029763, -28.000665599666025, 0.0 ], [ -60.909991133463812, -27.999427393788661, 0.0 ] ] ] } },
{ "type": "Feature", "properties": { "loc": "AR006182" }, "geometry": { "type": "Polygon", "coordinates": [ [ [ -61.727401732915624, -38.646125792467394, 0.0 ], [ -61.722553253137697, -38.750755310057478, 0.0 ], [ -61.699218750064716, -38.781455994436811, 0.0 ], [ -61.693569182360797, -38.82647323562707, 0.0 ], [ -61.65037155213691, -38.866573333881178, 0.0 ], [ -61.474674224915738, -38.945819855334534, 0.0 ], [ -61.456069945600035, -38.941925048594292, 0.0 ], [ -61.456152656183193, -38.99539078790869, 0.0 ], [ -61.612869842685576, -39.003649333688955, 0.0 ], [ -61.706696749596212, -38.965466122920709, 0.0 ], [ -61.813030102503674, -38.992392104433648, 0.0 ], [ -62.073408572558179, -38.925111060228204, 0.0 ], [ -62.07553581010044, -38.905466229782235, 0.0 ], [ -62.105782327363556, -38.8971012335357, 0.0 ], [ -62.126323025885483, -38.841726418411135, 0.0 ], [ -62.182944128399384, -38.814937167213699, 0.0 ], [ -62.062519072513219, -38.71209716838203, 0.0 ], [ -62.014427185262825, -38.706207275071286, 0.0 ], [ -61.926521300765287, -38.730476379109327, 0.0 ], [ -61.8483963018273, -38.665283203136312, 0.0 ], [ -61.819473267082394, -38.68768692034535, 0.0 ], [ -61.743190764894436, -38.62708663909541, 0.0 ], [ -61.727401732915624, -38.646125792467394, 0.0 ] ] ] } },
{ "type": "Feature", "properties": { "loc": "AR006469" }, "geometry": { "type": "Polygon", "coordinates": [ [ [ -61.205623626619158, -34.701663971654327, 0.0 ], [ -61.223308562886587, -34.716808319312655, 0.0 ], [ -61.152313231847231, -34.776767730988986, 0.0 ], [ -61.183147429664167, -34.801662444759458, 0.0 ], [ -61.127922058471839, -34.846805573757287, 0.0 ], [ -61.420478820705675, -35.087177277042024, 0.0 ], [ -61.300331116070225, -35.185321807515656, 0.0 ], [ -61.783538817764544, -35.585666656542045, 0.0 ], [ -62.149150848595525, -35.283710480442686, 0.0 ], [ -62.225944519129612, -35.212890625028152, 0.0 ], [ -62.210968017816867, -35.200756073508607, 0.0 ], [ -62.270423888957069, -35.151790618944062, 0.0 ], [ -62.166210175641211, -35.066387177188595, 0.0 ], [ -62.186115264895648, -35.049854279569857, 0.0 ], [ -61.984283446946314, -34.885189055831155, 0.0 ], [ -61.903263092507672, -34.952083587823175, 0.0 ], [ -61.673721313095008, -34.760746002331906, 0.0 ], [ -61.772449492874507, -34.676151275597228, 0.0 ], [ -61.710472106427297, -34.626834869043726, 0.0 ], [ -61.645080565843287, -34.683364867879376, 0.0 ], [ -61.612152099553342, -34.656402588513707, 0.0 ], [ -61.597869872886022, -34.668128966993052, 0.0 ], [ -61.516765594240276, -34.602558135854565, 0.0 ], [ -61.437274933288265, -34.670578003072748, 0.0 ], [ -61.338958739762681, -34.591117858962889, 0.0 ], [ -61.205623626619158, -34.701663971654327, 0.0 ] ] ] } },
{ "type": "Feature", "properties": { "loc": "AR086105" }, "geometry": { "type": "Polygon", "coordinates": [ [ [ -64.049353991752369, -28.330137154921434, 0.0 ], [ -64.017114544065151, -28.307710988977242, 0.0 ], [ -64.03055523346589, -28.335461926302109, 0.0 ], [ -63.968951353937406, -28.343362239856727, 0.0 ], [ -63.948241077744342, -28.381399821580352, 0.0 ], [ -63.927063945301491, -28.367457122416941, 0.0 ], [ -63.902197850601674, -28.392885726536672, 0.0 ], [ -63.875878341060975, -28.376540140943582, 0.0 ], [ -63.851277298777319, -28.391108471258406, 0.0 ], [ -64.019708168936603, -28.488065039875394, 0.0 ], [ -64.043498796985006, -28.593775339487184, 0.0 ], [ -64.155318166722481, -28.57745978023625, 0.0 ], [ -64.160773057826205, -28.60337048025108, 0.0 ], [ -64.217018850502598, -28.605144423997007, 0.0 ], [ -64.23441031794647, -28.682425406208225, 0.0 ], [ -64.194029006749616, -28.759608333122944, 0.0 ], [ -64.266085936249013, -29.037323214489227, 0.0 ], [ -64.513643596669652, -29.034437341376861, 0.0 ], [ -64.511834247753612, -29.024095922952654, 0.0 ], [ -64.55902338473733, -29.01581974498675, 0.0 ], [ -64.52304887774433, -28.783223230453387, 0.0 ], [ -64.497933609249316, -28.787551798010405, 0.0 ], [ -64.493814216529032, -28.769302328095595, 0.0 ], [ -64.523506364565705, -28.764113925200657, 0.0 ], [ -64.513299691036181, -28.717080229015153, 0.0 ], [ -64.542582395949495, -28.711926189152909, 0.0 ], [ -64.53474898965392, -28.678501146266278, 0.0 ], [ -64.566791863499105, -28.672791007074, 0.0 ], [ -64.54927033707007, -28.567268835269221, 0.0 ], [ -64.523479548956132, -28.571932444857246, 0.0 ], [ -64.512527833391232, -28.524291192322089, 0.0 ], [ -64.554205930972699, -28.51621144340918, 0.0 ], [ -64.545944520563353, -28.477609949975623, 0.0 ], [ -64.600486061822082, -28.467635771060902, 0.0 ], [ -64.589599006092982, -28.419823215269812, 0.0 ], [ -64.574880261079642, -28.422251354842381, 0.0 ], [ -64.557605478502978, -28.385824322868604, 0.0 ], [ -64.453467119466382, -28.404285311839121, 0.0 ], [ -64.448644450981533, -28.383514422677948, 0.0 ], [ -64.490713774750688, -28.371332935997742, 0.0 ], [ -64.263100627049042, -28.340788507867032, 0.0 ], [ -64.188603411503934, -28.306292103400661, 0.0 ], [ -64.178113835135221, -28.282590973284574, 0.0 ], [ -64.082570392345417, -28.248904163341091, 0.0 ], [ -64.081951587861937, -28.278226783044399, 0.0 ], [ -64.049353991752369, -28.330137154921434, 0.0 ] ] ] } },
{ "type": "Feature", "properties": { "loc": "AR006638" }, "geometry": { "type": "Polygon", "coordinates": [ [ [ -58.902488710415504, -34.308597565225305, 0.0 ], [ -58.817016604567769, -34.415443420578576, 0.0 ], [ -58.778167727617436, -34.403976439757656, 0.0 ], [ -58.737358092506597, -34.456455231078671, 0.0 ], [ -58.784736632979737, -34.47613525405724, 0.0 ], [ -58.821811677705419, -34.451915740888367, 0.0 ], [ -58.813617708316045, -34.491264342659427, 0.0 ], [ -58.846626284566398, -34.547832489007448, 0.0 ], [ -58.885108948019784, -34.576965331582592, 0.0 ], [ -58.928508760268052, -34.5162315375443, 0.0 ], [ -58.96187973037874, -34.533653258965423, 0.0 ], [ -59.056522370449422, -34.427005767872828, 0.0 ], [ -58.993087771084312, -34.379142760788035, 0.0 ], [ -58.980224611274686, -34.350643157677908, 0.0 ], [ -58.919445039325652, -34.414863585735084, 0.0 ], [ -58.921329499975855, -34.37189483558322, 0.0 ], [ -58.907764437027396, -34.359909057921662, 0.0 ], [ -58.917415621131319, -34.32841491701533, 0.0 ], [ -58.902488710415504, -34.308597565225305, 0.0 ] ] ] } },
{ "type": "Feature", "properties": { "loc": "AR042056" }, "geometry": { "type": "Polygon", "coordinates": [ [ [ -63.384346419650981, -35.00013476423053, 0.0 ], [ -63.38425880336807, -35.455492239089921, 0.0 ], [ -63.938499535699258, -35.452204616934907, 0.0 ], [ -63.934866546569346, -35.000092692412267, 0.0 ], [ -63.384346419650981, -35.00013476423053, 0.0 ] ] ] } },
{ "type": "Feature", "properties": { "loc": "AR014182" }, "geometry": { "type": "Polygon", "coordinates": [ [ [ -62.520825823976388, -31.967241047429681, 0.0 ], [ -62.316270121846145, -32.004361675878592, 0.0 ], [ -62.324623009497465, -32.038981581015236, 0.0 ], [ -62.28245769624862, -32.04651580005212, 0.0 ], [ -62.306503582381652, -32.14208214579164, 0.0 ], [ -62.33938651935803, -32.136807198375578, 0.0 ], [ -62.375949479456011, -32.287481018141769, 0.0 ], [ -62.294682312893066, -32.301348916483612, 0.0 ], [ -62.299109522328592, -32.31962536805559, 0.0 ], [ -62.245146496112852, -32.328622322612894, 0.0 ], [ -62.254503083109242, -32.380415382459645, 0.0 ], [ -62.263673365803903, -32.418726182972293, 0.0 ], [ -62.345251318014121, -32.406591992876251, 0.0 ], [ -62.354478501795498, -32.444627513375636, 0.0 ], [ -62.390519074487763, -32.4381484091708, 0.0 ], [ -62.45627295233826, -32.684690599438021, 0.0 ], [ -62.48630487196148, -32.679132288265073, 0.0 ], [ -62.490501587169831, -32.697023646409917, 0.0 ], [ -62.462529082284924, -32.69401437523527, 0.0 ], [ -62.480185952487922, -32.779844011783567, 0.0 ], [ -62.451133775039445, -32.848265579734743, 0.0 ], [ -62.515901824629161, -32.837040017236312, 0.0 ], [ -62.542887672108272, -32.946712453898193, 0.0 ], [ -62.50780309552453, -32.952753788294579, 0.0 ], [ -62.530602815339201, -33.043449436653468, 0.0 ], [ -62.62523377012468, -33.107961870933075, 0.0 ], [ -62.520811718629794, -33.127526078786552, 0.0 ], [ -62.574896337209132, -33.211517815757254, 0.0 ], [ -62.688415479364281, -33.285672672965703, 0.0 ], [ -62.603343616094733, -33.301352989979442, 0.0 ], [ -62.645662868243924, -33.358521748325856, 0.0 ], [ -62.75336973444103, -33.783465962238779, 0.0 ], [ -62.776692850469466, -33.779326443428673, 0.0 ], [ -62.805150942376159, -33.895995991228411, 0.0 ], [ -63.224709522523945, -33.815258548025739, 0.0 ], [ -63.08166011413622, -33.272761941482017, 0.0 ], [ -63.218447929023718, -33.247014204248522, 0.0 ], [ -63.204303211968515, -33.194275728721692, 0.0 ], [ -63.215281769194128, -33.192041517792646, 0.0 ], [ -63.131753742487042, -32.919096570888648, 0.0 ], [ -63.10979919452258, -32.923186245050864, 0.0 ], [ -63.090610978831151, -32.850247070798972, 0.0 ], [ -63.05585041738388, -32.857049982331262, 0.0 ], [ -63.054823370824607, -32.819732283369866, 0.0 ], [ -63.103317827289779, -32.811029210670135, 0.0 ], [ -63.058800337453221, -32.632841780350709, 0.0 ], [ -63.118060993004114, -32.61609555754066, 0.0 ], [ -63.101127896323838, -32.547964115081477, 0.0 ], [ -63.081047230448796, -32.525884551992284, 0.0 ], [ -63.146575323939146, -32.506082701628472, 0.0 ], [ -63.163393962675805, -32.472298136646216, 0.0 ], [ -63.126475942563481, -32.422325523089469, 0.0 ], [ -63.097697003878338, -32.438324030368044, 0.0 ], [ -63.092368860569628, -32.417903748341971, 0.0 ], [ -63.065907371399952, -32.426727886808926, 0.0 ], [ -63.057793831771228, -32.394173570102041, 0.0 ], [ -63.068340850910758, -32.393787241317597, 0.0 ], [ -63.053155177782422, -32.376423185427022, 0.0 ], [ -63.020428411121536, -32.382017374016037, 0.0 ], [ -63.017425936913121, -32.370295085292675, 0.0 ], [ -62.927380732532747, -32.391462390316804, 0.0 ], [ -62.861467754062282, -32.16055177118777, 0.0 ], [ -62.878124447214454, -32.157171146521073, 0.0 ], [ -62.837834280882959, -32.008354600083393, 0.0 ], [ -62.635630305284465, -32.047210180779828, 0.0 ], [ -62.619373474723112, -31.983290340652342, 0.0 ], [ -62.528957831170715, -31.998894637390329, 0.0 ], [ -62.520825823976388, -31.967241047429681, 0.0 ] ] ] } },
{ "type": "Feature", "properties": { "loc": "AR006126" }, "geometry": { "type": "Polygon", "coordinates": [ [ [ -58.77770996052169, -33.942626952577378, 0.0 ], [ -58.675145077062041, -34.02556943129391, 0.0 ], [ -58.804981234207617, -34.086257934911075, 0.0 ], [ -58.746330262545122, -34.165748595507054, 0.0 ], [ -58.691577914537, -34.172351837403582, 0.0 ], [ -58.711376189612594, -34.248424529945986, 0.0 ], [ -58.798149110788977, -34.230972289643915, 0.0 ], [ -58.778640749005028, -34.286350249606549, 0.0 ], [ -58.862518312884127, -34.264228821080629, 0.0 ], [ -58.914737702845159, -34.320522307402953, 0.0 ], [ -58.907764437027396, -34.359909057921662, 0.0 ], [ -58.919898986784801, -34.38072967439561, 0.0 ], [ -59.057857514896654, -34.241016387518052, 0.0 ], [ -59.091533663370612, -34.228382110687114, 0.0 ], [ -59.102165224758167, -34.197559356971006, 0.0 ], [ -58.973155976713102, -34.128555297731339, 0.0 ], [ -59.009563448316847, -34.098850250029152, 0.0 ], [ -58.966156008473504, -33.960617064551442, 0.0 ], [ -58.77770996052169, -33.942626952577378, 0.0 ] ] ] } },
{ "type": "Feature", "properties": { "loc": "AR006392" }, "geometry": { "type": "Polygon", "coordinates": [ [ [ -62.268193620041629, -34.383550595537557, 0.0 ], [ -62.347625731498376, -34.65376663198424, 0.0 ], [ -62.583843231350514, -34.610725402630543, 0.0 ], [ -62.593788146586014, -34.650100708048896, 0.0 ], [ -62.621246338123015, -34.632167816167076, 0.0 ], [ -62.605785369987636, -34.996509552444635, 0.0 ], [ -62.641487122409231, -34.996978760031929, 0.0 ], [ -62.610145569594557, -35.022438048830196, 0.0 ], [ -62.688255309749117, -35.085262298706496, 0.0 ], [ -62.657165526860808, -35.110862732198044, 0.0 ], [ -62.676902771294316, -35.126602172340213, 0.0 ], [ -62.707660675194163, -35.101356505957369, 0.0 ], [ -62.964759827337694, -35.311943053976471, 0.0 ], [ -63.115180969050385, -35.188858031796833, 0.0 ], [ -63.089797974752955, -35.168556213670058, 0.0 ], [ -63.138465881526443, -35.128303527996565, 0.0 ], [ -63.235797882623366, -35.208286284562355, 0.0 ], [ -63.211132049349835, -35.228836059330781, 0.0 ], [ -63.285221100074274, -35.288402557242961, 0.0 ], [ -63.309707642193487, -35.267833709335399, 0.0 ], [ -63.346828460574471, -35.299953461629052, 0.0 ], [ -63.329338074244767, -35.323081970638228, 0.0 ], [ -63.384275445557009, -35.369000829810815, 0.0 ], [ -63.383307279073037, -34.383325387803673, 0.0 ], [ -62.268193620041629, -34.383550595537557, 0.0 ] ] ] } },
{ "type": "Feature", "properties": { "loc": "AR042147" }, "geometry": { "type": "Polygon", "coordinates": [ [ [ -63.937379993208431, -35.452206739791833, 0.0 ], [ -63.93977051618068, -35.81401696530299, 0.0 ], [ -64.493200100353036, -35.810672725558945, 0.0 ], [ -64.487672869716107, -35.449910861787814, 0.0 ], [ -63.937379993208431, -35.452206739791833, 0.0 ] ] ] } },
{ "type": "Feature", "properties": { "loc": "AR006301" }, "geometry": { "type": "Polygon", "coordinates": [ [ [ -58.97721481489841, -35.588348388521453, 0.0 ], [ -58.947299959231451, -35.622871398675358, 0.0 ], [ -58.881824494440316, -35.593132019488827, 0.0 ], [ -58.876281740016964, -35.640701294128732, 0.0 ], [ -58.843070986233819, -35.651512145769601, 0.0 ], [ -58.843372347655453, -35.681209563592603, 0.0 ], [ -58.788917545025626, -35.699699402058748, 0.0 ], [ -58.760139467824857, -35.756847382059718, 0.0 ], [ -58.716293338407468, -35.721897125242876, 0.0 ], [ -58.661193850830841, -35.725067139399563, 0.0 ], [ -58.660476688010284, -35.742156982339033, 0.0 ], [ -58.628059390964772, -35.751277924299494, 0.0 ], [ -58.540924076826357, -35.746185303200207, 0.0 ], [ -58.523941045494418, -35.72272491535287, 0.0 ], [ -58.501823429949688, -35.753398895349797, 0.0 ], [ -58.466117864179701, -35.685043335144194, 0.0 ], [ -58.438793185650148, -35.709026335882406, 0.0 ], [ -58.453781134194578, -35.769432070291181, 0.0 ], [ -58.416622167956724, -35.791313170505049, 0.0 ], [ -58.415683750980023, -35.813610078645461, 0.0 ], [ -58.342922218006045, -35.843601225854925, 0.0 ], [ -58.337039953405899, -35.862606048944599, 0.0 ], [ -58.283344269411977, -35.860038757230406, 0.0 ], [ -58.572242742364239, -36.120677947611306, 0.0 ], [ -58.750331881640072, -35.984432219968426, 0.0 ], [ -58.730312351510015, -35.96746063190205, 0.0 ], [ -58.891941072336756, -35.840370178327568, 0.0 ], [ -58.900913240578639, -35.847843169768574, 0.0 ], [ -58.957618715558972, -35.802970886662976, 0.0 ], [ -58.974479677521906, -35.816772460740744, 0.0 ], [ -59.144371034958318, -35.657970428154755, 0.0 ], [ -59.143413545849818, -35.625415802488661, 0.0 ], [ -59.060585023779744, -35.604270935404401, 0.0 ], [ -59.037532808199941, -35.612888335976947, 0.0 ], [ -59.030326843689288, -35.591323853667177, 0.0 ], [ -59.019409181460155, -35.601726531595851, 0.0 ], [ -58.97721481489841, -35.588348388521453, 0.0 ] ] ] } },
{ "type": "Feature", "properties": { "loc": "AR010056" }, "geometry": { "type": "Polygon", "coordinates": [ [ [ -65.391058856153592, -28.168386622410921, 0.0 ], [ -65.401359641683854, -28.206093112308462, 0.0 ], [ -65.362673694871575, -28.215754554897945, 0.0 ], [ -65.335708451151802, -28.198483368836033, 0.0 ], [ -65.329725659681472, -28.220962452961352, 0.0 ], [ -65.308833594119307, -28.205898524646148, 0.0 ], [ -65.24736312698694, -28.286152936616404, 0.0 ], [ -65.195163034634817, -28.28135726549985, 0.0 ], [ -65.202798422597368, -28.296852220138366, 0.0 ], [ -65.177811554797501, -28.308740486502426, 0.0 ], [ -65.176857143317136, -28.332474280107181, 0.0 ], [ -65.104725276356746, -28.322631236692214, 0.0 ], [ -65.096898046877072, -28.471008284221696, 0.0 ], [ -65.125563116015115, -28.611528466598021, 0.0 ], [ -65.184616504178805, -28.600569933292359, 0.0 ], [ -65.199432322040053, -28.618660665670905, 0.0 ], [ -65.212245187871858, -28.596853920590434, 0.0 ], [ -65.342910798146818, -28.591594378273541, 0.0 ], [ -65.357807041277141, -28.625608452695815, 0.0 ], [ -65.389671430655142, -28.63026290143074, 0.0 ], [ -65.426461457009168, -28.666619953525498, 0.0 ], [ -65.45491672910417, -28.658327012896589, 0.0 ], [ -65.455133279681505, -28.635230917718793, 0.0 ], [ -65.610682763214058, -28.595037423832444, 0.0 ], [ -65.618952270139033, -28.545418399361875, 0.0 ], [ -65.557165399295599, -28.417660411185363, 0.0 ], [ -65.550420560681545, -28.370312020238458, 0.0 ], [ -65.572866138560073, -28.231529938650858, 0.0 ], [ -65.506736516985825, -28.239470332912692, 0.0 ], [ -65.470100415159095, -28.186727181920336, 0.0 ], [ -65.425550499734044, -28.19000720134418, 0.0 ], [ -65.391058856153592, -28.168386622410921, 0.0 ] ] ] } },
{ "type": "Feature", "properties": { "loc": "AR006609" }, "geometry": { "type": "Polygon", "coordinates": [ [ [ -61.783538817764544, -35.585666656542045, 0.0 ], [ -61.723327636845227, -35.53734970092372, 0.0 ], [ -61.573440552552078, -35.642780304064715, 0.0 ], [ -61.600154877050059, -35.664497374911896, 0.0 ], [ -61.501392364558711, -35.745353698794467, 0.0 ], [ -61.635135650607772, -35.852645874059107, 0.0 ], [ -61.543083191267762, -35.928932190196669, 0.0 ], [ -61.559371947954276, -35.940345764634394, 0.0 ], [ -61.43510818514487, -36.039039612423551, 0.0 ], [ -61.450096130096014, -36.051654816467924, 0.0 ], [ -61.491321563910851, -36.01934051487774, 0.0 ], [ -61.596580504789053, -36.107170104594523, 0.0 ], [ -61.616207123491954, -36.091670989604204, 0.0 ], [ -61.742000579787977, -36.162307738823927, 0.0 ], [ -61.77200698905375, -36.138473511394579, 0.0 ], [ -61.945255279740032, -36.269042969584397, 0.0 ], [ -61.921482086194658, -36.288642882694539, 0.0 ], [ -61.974433899556317, -36.333621978462197, 0.0 ], [ -62.014942169652286, -36.300628662361802, 0.0 ], [ -62.047916412292466, -36.326347351142253, 0.0 ], [ -62.144691466896404, -36.245525359627862, 0.0 ], [ -62.17834854054361, -36.271892547365354, 0.0 ], [ -62.205059052591515, -36.249095917136522, 0.0 ], [ -62.080982208531488, -36.151557921830964, 0.0 ], [ -62.431175231534013, -35.858715056626636, 0.0 ], [ -62.097915649266504, -35.591262817445354, 0.0 ], [ -62.129650116203287, -35.564914702708258, 0.0 ], [ -62.049602508758269, -35.50139617824086, 0.0 ], [ -61.98723983758066, -35.551948546683406, 0.0 ], [ -61.906257629202223, -35.485671996523749, 0.0 ], [ -61.783538817764544, -35.585666656542045, 0.0 ] ] ] } },
{ "type": "Feature", "properties": { "loc": "AR086049" }, "geometry": { "type": "Polygon", "coordinates": [ [ [ -64.438150440528588, -27.604273729993139, 0.0 ], [ -64.406207126966336, -27.607567279003611, 0.0 ], [ -64.395486929708014, -27.632028946256, 0.0 ], [ -64.368210622761566, -27.637428230690944, 0.0 ], [ -64.348740733126292, -27.673294939525885, 0.0 ], [ -64.320119194550301, -27.687562797243878, 0.0 ], [ -64.307256521627551, -27.735965319355504, 0.0 ], [ -64.194790865247128, -27.820474640403809, 0.0 ], [ -64.142451540314184, -27.917235458609067, 0.0 ], [ -64.153074918947794, -27.932929217687438, 0.0 ], [ -64.118926078767984, -27.939794752377836, 0.0 ], [ -64.10302677679141, -27.964002631176943, 0.0 ], [ -64.221793063861043, -27.99076084964711, 0.0 ], [ -64.245305912162337, -28.093530672503043, 0.0 ], [ -64.41435499212038, -28.062521672154435, 0.0 ], [ -64.401850222379878, -28.121799032522464, 0.0 ], [ -64.434932765012405, -28.116136585553825, 0.0 ], [ -64.451505640856993, -28.195958952602282, 0.0 ], [ -64.620992265037103, -28.165943553324091, 0.0 ], [ -64.604273988778942, -28.088573807266521, 0.0 ], [ -64.582378944320581, -28.09226438219207, 0.0 ], [ -64.545860485863486, -27.93611397214551, 0.0 ], [ -64.56639982703102, -27.93236809414525, 0.0 ], [ -64.557925545543753, -27.892422859182936, 0.0 ], [ -64.659753692791142, -27.887897938514769, 0.0 ], [ -64.652470509098663, -27.835954525813708, 0.0 ], [ -64.709423387294763, -27.825808983368464, 0.0 ], [ -64.703405127642071, -27.652145688594228, 0.0 ], [ -64.533330451903907, -27.666204368263461, 0.0 ], [ -64.522930256109376, -27.705855220871587, 0.0 ], [ -64.438150440528588, -27.604273729993139, 0.0 ] ] ] } },
{ "type": "Feature", "properties": { "loc": "AR054049" }, "geometry": { "type": "Polygon", "coordinates": [ [ [ -54.092637404193468, -25.509033569027448, 0.0 ], [ -54.123582294216334, -25.571637187874853, 0.0 ], [ -54.100405971888463, -25.618192428680359, 0.0 ], [ -54.081094859479641, -25.55824972028514, 0.0 ], [ -54.049077460059287, -25.585373469137323, 0.0 ], [ -54.016362692195649, -25.563654945600643, 0.0 ], [ -53.970143763566576, -25.601016565110353, 0.0 ], [ -53.962259182045891, -25.643476920011533, 0.0 ], [ -53.947683751558039, -25.640211206083382, 0.0 ], [ -53.947846737391615, -25.611475200558413, 0.0 ], [ -53.916624718900238, -25.616216247197986, 0.0 ], [ -53.912177974700512, -25.63632351659836, 0.0 ], [ -53.892591837677571, -25.622287472709349, 0.0 ], [ -53.894968756563159, -25.643188357573344, 0.0 ], [ -53.876413917825744, -25.645103045818239, 0.0 ], [ -53.889993501142449, -25.661277482142108, 0.0 ], [ -53.862377239353137, -25.658668205767569, 0.0 ], [ -53.842548533847292, -25.687295142358415, 0.0 ], [ -53.851491799693257, -25.706188619159796, 0.0 ], [ -53.872322791494192, -25.693423999680881, 0.0 ], [ -53.865576228114797, -25.705407167646715, 0.0 ], [ -53.879304130471411, -25.707793564753416, 0.0 ], [ -53.859014957534093, -25.723349559602784, 0.0 ], [ -53.866337269145397, -25.744244945614366, 0.0 ], [ -53.834108908465396, -25.751332775765224, 0.0 ], [ -53.857144208768382, -25.766109991162931, 0.0 ], [ -53.831003450494492, -25.780734157675209, 0.0 ], [ -53.843300505486802, -25.790656510229667, 0.0 ], [ -53.82211854280267, -25.793326265227847, 0.0 ], [ -53.819563002007669, -25.816178608747883, 0.0 ], [ -53.838408334348401, -25.815888314931144, 0.0 ], [ -53.850081264135802, -25.839601424009231, 0.0 ], [ -53.823358020265395, -25.872081781969218, 0.0 ], [ -53.849898528840725, -25.883774452643799, 0.0 ], [ -53.819574677411424, -25.898436691962942, 0.0 ], [ -53.835241048929767, -25.911833056591444, 0.0 ], [ -53.818801352817616, -25.912606382332967, 0.0 ], [ -53.820604927363, -25.927607565113238, 0.0 ], [ -53.833806233706817, -25.920625166127895, 0.0 ], [ -53.842916595178771, -25.933680672649619, 0.0 ], [ -53.836783772479571, -25.970100228628652, 0.0 ], [ -53.817882523605675, -25.989981814482128, 0.0 ], [ -53.802864159004059, -25.98461652623806, 0.0 ], [ -53.77163985250364, -26.031510084156384, 0.0 ], [ -53.737275588233821, -26.041432525073521, 0.0 ], [ -53.726722054511853, -26.064821805598942, 0.0 ], [ -53.744292506784518, -26.116237483011155, 0.0 ], [ -53.710402777563544, -26.130530556153303, 0.0 ], [ -53.641272222391578, -26.213877778159784, 0.0 ], [ -53.653513889060086, -26.235097221422631, 0.0 ], [ -53.637369444028998, -26.24967777812137, 0.0 ], [ -53.642368636857086, -26.284163750167959, 0.0 ], [ -53.709983406259674, -26.387613678644406, 0.0 ], [ -53.687330938286358, -26.430848484388175, 0.0 ], [ -53.704248904642292, -26.441865390351694, 0.0 ], [ -53.69897030881139, -26.46307019570267, 0.0 ], [ -53.730762481725407, -26.460891723523414, 0.0 ], [ -53.77757263116883, -26.380659102860815, 0.0 ], [ -53.752208709901502, -26.325710296795013, 0.0 ], [ -54.179298400675329, -26.330411911114251, 0.0 ], [ -54.180065154991155, -26.261840819925592, 0.0 ], [ -54.168727875319767, -26.261848449690635, 0.0 ], [ -54.148357390476185, -26.138290405251222, 0.0 ], [ -54.148670197332841, -26.116058349949526, 0.0 ], [ -54.200515747100205, -26.097339630114945, 0.0 ], [ -54.176372527607839, -25.84539604190514, 0.0 ], [ -54.172221033590866, -25.541921765814493, 0.0 ], [ -54.102558115221974, -25.494314737378907, 0.0 ], [ -54.092637404193468, -25.509033569027448, 0.0 ] ] ] } },
{ "type": "Feature", "properties": { "loc": "AR006042" }, "geometry": { "type": "Polygon", "coordinates": [ [ [ -58.114418038560622, -36.728042602452703, 0.0 ], [ -58.286342626641435, -36.880928038352451, 0.0 ], [ -58.020259865312539, -37.07681274248835, 0.0 ], [ -57.944320678564921, -37.007602692304161, 0.0 ], [ -57.769550347139941, -37.136081708294242, 0.0 ], [ -58.095649718789183, -37.437019347756717, 0.0 ], [ -58.16363526333371, -37.388160709897861, 0.0 ], [ -58.282386787489976, -37.49211501818079, 0.0 ], [ -58.354591377564212, -37.439414982249772, 0.0 ], [ -58.426830297655343, -37.500732419281199, 0.0 ], [ -58.577545172296254, -37.383548739108186, 0.0 ], [ -58.611370087171153, -37.410530089517678, 0.0 ], [ -59.089836120571469, -37.062614441104735, 0.0 ], [ -59.040348054638514, -37.025001525718658, 0.0 ], [ -59.021896364055294, -36.961170197692475, 0.0 ], [ -58.93657684604171, -36.93621063179588, 0.0 ], [ -58.910037996654701, -36.875473021778006, 0.0 ], [ -58.872207644844877, -36.860679625598578, 0.0 ], [ -58.865547183188831, -36.838134766003797, 0.0 ], [ -58.835845949591381, -36.836395263896826, 0.0 ], [ -58.790306094316485, -36.789382934998322, 0.0 ], [ -58.719947818832246, -36.752681731443886, 0.0 ], [ -58.666492465617857, -36.742618560769877, 0.0 ], [ -58.720825198878664, -36.700191498669476, 0.0 ], [ -58.437644958155659, -36.452041626468485, 0.0 ], [ -58.212615967082407, -36.615345000922467, 0.0 ], [ -58.226230628712628, -36.627910614297917, 0.0 ], [ -58.114418038560622, -36.728042602452703, 0.0 ] ] ] } },
{ "type": "Feature", "properties": { "loc": "AR054119" }, "geometry": { "type": "Polygon", "coordinates": [ [ [ -54.62389421446602, -27.20834399668037, 0.0 ], [ -54.592117309318589, -27.216798781970077, 0.0 ], [ -54.604965209446476, -27.236547469632761, 0.0 ], [ -54.586151122307953, -27.272289276076471, 0.0 ], [ -54.361026764287487, -27.229978560483733, 0.0 ], [ -54.354560851670833, -27.247627257860586, 0.0 ], [ -54.367088317346997, -27.252218245788129, 0.0 ], [ -54.328830718703209, -27.289964675751428, 0.0 ], [ -54.320705413839214, -27.349029541071339, 0.0 ], [ -54.300884246995238, -27.360078811669137, 0.0 ], [ -54.321807861390177, -27.374174118274439, 0.0 ], [ -54.292766571522947, -27.378166198936114, 0.0 ], [ -54.319980621626939, -27.388753890544454, 0.0 ], [ -54.299686431598765, -27.406314849928105, 0.0 ], [ -54.339994486980842, -27.403824366636005, 0.0 ], [ -54.333778145214737, -27.44967063205371, 0.0 ], [ -54.347091228929358, -27.467302437861964, 0.0 ], [ -54.40623273194096, -27.406768950032134, 0.0 ], [ -54.464731780522605, -27.423758302763641, 0.0 ], [ -54.444030471312708, -27.471371317067355, 0.0 ], [ -54.504278422971538, -27.481829047770432, 0.0 ], [ -54.526907096369619, -27.506313702237513, 0.0 ], [ -54.58165571547098, -27.453406735978753, 0.0 ], [ -54.622275894091793, -27.542041309259144, 0.0 ], [ -54.642209702485864, -27.544459939495539, 0.0 ], [ -54.658681648116719, -27.510917959377942, 0.0 ], [ -54.677907692763064, -27.510251709707411, 0.0 ], [ -54.678954655870506, -27.573926085683549, 0.0 ], [ -54.74296215670639, -27.562266727572563, 0.0 ], [ -54.774466220145854, -27.585109553103536, 0.0 ], [ -54.809366157006096, -27.530940012271234, 0.0 ], [ -54.838890274270554, -27.601210748413383, 0.0 ], [ -54.867408752727258, -27.607913970909486, 0.0 ], [ -54.868465423927979, -27.578580856335439, 0.0 ], [ -54.852184295734844, -27.563796997485827, 0.0 ], [ -54.880157470762946, -27.552845001118911, 0.0 ], [ -54.862571716587738, -27.547750473160686, 0.0 ], [ -54.866519928144122, -27.503231048813419, 0.0 ], [ -54.910121917925167, -27.484786987240369, 0.0 ], [ -54.902011870946282, -27.469184874431122, 0.0 ], [ -54.929916382347329, -27.445486068500916, 0.0 ], [ -54.912143707626115, -27.426002501851876, 0.0 ], [ -54.924148560419425, -27.404045104571285, 0.0 ], [ -54.908477782664619, -27.383968353019117, 0.0 ], [ -54.9229087829194, -27.349439620693463, 0.0 ], [ -54.823520660308006, -27.377384186450083, 0.0 ], [ -54.835437775545842, -27.353292465089016, 0.0 ], [ -54.81980895989458, -27.353502274066727, 0.0 ], [ -54.813186646095382, -27.321262360328305, 0.0 ], [ -54.829421997039958, -27.309001923710049, 0.0 ], [ -54.819786071719449, -27.289810181110905, 0.0 ], [ -54.833038330506191, -27.27465629523768, 0.0 ], [ -54.818626404179824, -27.26252937283903, 0.0 ], [ -54.834800719990746, -27.242078780512223, 0.0 ], [ -54.702075958183862, -27.210472107005611, 0.0 ], [ -54.71741867119691, -27.163442612203916, 0.0 ], [ -54.612895965271072, -27.16220664989692, 0.0 ], [ -54.603469849570018, -27.174772263550459, 0.0 ], [ -54.62389421446602, -27.20834399668037, 0.0 ] ] ] } },
{ "type": "Feature", "properties": { "loc": "AR086035" }, "geometry": { "type": "Polygon", "coordinates": [ [ [ -64.456771285676439, -27.224456801112311, 0.0 ], [ -64.445179525861491, -27.174764345502226, 0.0 ], [ -64.327925872372901, -27.19636737660645, 0.0 ], [ -64.323816830041309, -27.175674646457644, 0.0 ], [ -64.177974483976783, -27.198591168144389, 0.0 ], [ -64.176706838041696, -27.108619568708498, 0.0 ], [ -64.1130201561365, -27.109138588274192, 0.0 ], [ -64.113352762760343, -27.142730068761299, 0.0 ], [ -64.085452081775642, -27.142948601592014, 0.0 ], [ -64.084810252573149, -27.061865607513543, 0.0 ], [ -64.020549943358432, -27.061000082369222, 0.0 ], [ -64.021021335202093, -27.030008583684943, 0.0 ], [ -63.939781079470116, -27.030625845379451, 0.0 ], [ -63.940315599522044, -27.144902826918479, 0.0 ], [ -63.976083132876958, -27.144534125315335, 0.0 ], [ -63.977004550135227, -27.170212249842582, 0.0 ], [ -63.97566489075539, -27.191458198881662, 0.0 ], [ -63.926553598015538, -27.192492528989849, 0.0 ], [ -63.926787727724673, -27.237746429091054, 0.0 ], [ -63.980857059672822, -27.247273563544535, 0.0 ], [ -64.003794245082162, -27.389478845907316, 0.0 ], [ -63.964539717695622, -27.396249112742701, 0.0 ], [ -63.995571987744505, -27.517790493482277, 0.0 ], [ -63.96017179886546, -27.517555822036947, 0.0 ], [ -63.988654103962318, -27.558674944722206, 0.0 ], [ -63.915972431217106, -27.65550377425712, 0.0 ], [ -63.879992353771023, -27.644795144513502, 0.0 ], [ -63.879884148101794, -27.664568691753448, 0.0 ], [ -63.934165262369753, -27.697500149247904, 0.0 ], [ -63.933906465821231, -27.736424706698244, 0.0 ], [ -64.085704135569657, -27.755041325871325, 0.0 ], [ -64.085356222551681, -27.739898197164017, 0.0 ], [ -64.207614175790752, -27.811755818401494, 0.0 ], [ -64.224276610075904, -27.808582607854675, 0.0 ], [ -64.277148589259937, -27.748209577443006, 0.0 ], [ -64.307256521627551, -27.735965319355504, 0.0 ], [ -64.320119194550301, -27.687562797243878, 0.0 ], [ -64.348740733126292, -27.673294939525885, 0.0 ], [ -64.368210622761566, -27.637428230690944, 0.0 ], [ -64.4657839634461, -27.586325666096961, 0.0 ], [ -64.463918737522761, -27.549628791641251, 0.0 ], [ -64.513005800902761, -27.49520004625661, 0.0 ], [ -64.558810902629915, -27.495363846648598, 0.0 ], [ -64.616573846514939, -27.444136391424212, 0.0 ], [ -64.55812236013432, -27.30945612452863, 0.0 ], [ -64.487468553294633, -27.352838788518056, 0.0 ], [ -64.468836844820046, -27.260322578059512, 0.0 ], [ -64.440540736227078, -27.264648105418306, 0.0 ], [ -64.456771285676439, -27.224456801112311, 0.0 ] ] ] } },
{ "type": "Feature", "properties": { "loc": "AR014028" }, "geometry": { "type": "Polygon", "coordinates": [ [ [ -64.870823653070005, -30.634533953642237, 0.0 ], [ -64.714851159158371, -30.634132186078865, 0.0 ], [ -64.714700763213514, -30.689943554884305, 0.0 ], [ -64.624300002050404, -30.690112985379461, 0.0 ], [ -64.619744871620085, -30.771219230981963, 0.0 ], [ -64.670991953863719, -30.828782620729985, 0.0 ], [ -64.64469286123277, -30.856234856703072, 0.0 ], [ -64.648172516926863, -30.92224892096273, 0.0 ], [ -64.674526077108411, -30.921910267729785, 0.0 ], [ -64.674554906740809, -30.943649236593558, 0.0 ], [ -64.699863016577865, -30.94941553441042, 0.0 ], [ -64.676111267614957, -30.971892244304851, 0.0 ], [ -64.687377589362058, -31.017816604072593, 0.0 ], [ -64.647977833140175, -31.010401618976104, 0.0 ], [ -64.642721985347194, -31.045222886873415, 0.0 ], [ -64.677417588717972, -31.071486926094217, 0.0 ], [ -64.677518695899835, -31.137264582764299, 0.0 ], [ -64.704069964495631, -31.178786888633113, 0.0 ], [ -64.696258000087568, -31.223967403569645, 0.0 ], [ -64.71116566888999, -31.261875655871567, 0.0 ], [ -64.700514751503022, -31.277615063912634, 0.0 ], [ -64.732431713884722, -31.314746909573934, 0.0 ], [ -64.763533906998674, -31.424730492439384, 0.0 ], [ -64.831603869823724, -31.409040727547229, 0.0 ], [ -64.922917829558557, -31.41183979952552, 0.0 ], [ -64.911018986053605, -31.282302310957164, 0.0 ], [ -64.928972229333453, -31.274272333789529, 0.0 ], [ -64.882730691006984, -31.276940013065083, 0.0 ], [ -64.894752962133666, -31.235566209794491, 0.0 ], [ -64.940246971888016, -31.167039646077768, 0.0 ], [ -65.018897552640851, -31.105691777824045, 0.0 ], [ -65.068391419893899, -31.070214021019275, 0.0 ], [ -65.102975875612884, -31.077507982264891, 0.0 ], [ -65.119488243634876, -31.021174251284929, 0.0 ], [ -65.109405436104936, -31.002105581941798, 0.0 ], [ -65.152331785892812, -30.946820838909673, 0.0 ], [ -65.158121985752757, -30.874280960415575, 0.0 ], [ -65.335021032448623, -30.882483664210483, 0.0 ], [ -65.348173595306818, -30.846250090310139, 0.0 ], [ -65.347007883003641, -30.737846338565902, 0.0 ], [ -65.373476002638441, -30.693183799765475, 0.0 ], [ -65.59813194583208, -30.656949613084635, 0.0 ], [ -65.520803560311663, -30.484529318472358, 0.0 ], [ -65.42298521581148, -30.11960248500165, 0.0 ], [ -65.158270183520131, -30.04726687247474, 0.0 ], [ -64.985964147413469, -29.891056376556147, 0.0 ], [ -65.001870997035056, -30.418515585164119, 0.0 ], [ -65.065264837140788, -30.418669213740774, 0.0 ], [ -65.033471798250829, -30.475058909213832, 0.0 ], [ -64.870823653070005, -30.634533953642237, 0.0 ] ] ] } },
{ "type": "Feature", "properties": { "loc": "AR054007" }, "geometry": { "type": "Polygon", "coordinates": [ [ [ -55.48793029848494, -27.703063965269294, 0.0 ], [ -55.495456695650688, -27.759887695262041, 0.0 ], [ -55.52092742840194, -27.757070541398289, 0.0 ], [ -55.624778747857484, -27.936504363703996, 0.0 ], [ -55.572601318203347, -27.937534332281668, 0.0 ], [ -55.548751831639223, -28.021490097112206, 0.0 ], [ -55.555286406984621, -28.068658829518579, 0.0 ], [ -55.58402252118352, -28.09053230313144, 0.0 ], [ -55.58971345361131, -28.11793716281251, 0.0 ], [ -55.630750962563653, -28.138875078644798, 0.0 ], [ -55.711437321583034, -28.088541099481837, 0.0 ], [ -55.716827962482704, -28.061959003374742, 0.0 ], [ -55.758171096261009, -28.060947732078692, 0.0 ], [ -55.749426577281781, -28.027099900320316, 0.0 ], [ -55.824796003068876, -27.948220769665227, 0.0 ], [ -55.814445347565602, -27.919488778449438, 0.0 ], [ -55.832172332174828, -27.903962794973317, 0.0 ], [ -55.827770329466155, -27.854707952947752, 0.0 ], [ -55.846806017510552, -27.832400506727726, 0.0 ], [ -55.825866760751566, -27.791771210614581, 0.0 ], [ -55.852761693334031, -27.757046516528597, 0.0 ], [ -55.769046782911872, -27.726936340716744, 0.0 ], [ -55.766750336007753, -27.695327758809182, 0.0 ], [ -55.744819641009016, -27.716869353823114, 0.0 ], [ -55.721847533592992, -27.711095809677659, 0.0 ], [ -55.692398071718557, -27.740879059131238, 0.0 ], [ -55.661994934083978, -27.743217468186657, 0.0 ], [ -55.657268524573361, -27.70621108938375, 0.0 ], [ -55.616210936477792, -27.708400725608808, 0.0 ], [ -55.614418030324721, -27.692369461114055, 0.0 ], [ -55.48793029848494, -27.703063965269294, 0.0 ] ] ] } },
{ "type": "Feature", "properties": { "loc": "AR006007" }, "geometry": { "type": "Polygon", "coordinates": [ [ [ -63.384052791825646, -36.526194179956327, 0.0 ], [ -62.64735031128432, -37.123054504242234, 0.0 ], [ -62.594718933272723, -37.095851898223899, 0.0 ], [ -62.51097869844439, -37.195854187078005, 0.0 ], [ -62.509094237794194, -37.23368835431242, 0.0 ], [ -62.538341521237541, -37.257164000998237, 0.0 ], [ -62.425487517769888, -37.348434448045026, 0.0 ], [ -62.645034789553478, -37.521842957334272, 0.0 ], [ -62.812534332240261, -37.3739242551625, 0.0 ], [ -63.377845764690711, -37.815174103290005, 0.0 ], [ -63.384052791825646, -36.526194179956327, 0.0 ] ] ] } },
{ "type": "Feature", "properties": { "loc": "AR006798" }, "geometry": { "type": "Polygon", "coordinates": [ [ [ -59.382404329138666, -36.135257720654472, 0.0 ], [ -59.634113312896375, -36.358882904084048, 0.0 ], [ -59.727390290054686, -36.287940979452024, 0.0 ], [ -59.84299087633385, -36.371955872445689, 0.0 ], [ -59.972988129257629, -36.503536224296283, 0.0 ], [ -59.984821320288347, -36.494888306201652, 0.0 ], [ -60.025794983278523, -36.529762268162891, 0.0 ], [ -59.919517517259827, -36.614444732849265, 0.0 ], [ -60.05776977560496, -36.732505797602542, 0.0 ], [ -60.135475158897314, -36.674095153998074, 0.0 ], [ -60.161224364895055, -36.718383788580439, 0.0 ], [ -60.280406951928612, -36.623287201460336, 0.0 ], [ -60.32190704294662, -36.656299591080064, 0.0 ], [ -60.478263855001408, -36.529388428158221, 0.0 ], [ -60.438724518550671, -36.498001099368366, 0.0 ], [ -60.534122466603833, -36.411552429542134, 0.0 ], [ -60.651191710337635, -36.342281342281765, 0.0 ], [ -60.730548859180544, -36.403621673922153, 0.0 ], [ -60.763214111007407, -36.378002167045217, 0.0 ], [ -60.87566375671453, -36.46797561547924, 0.0 ], [ -60.929260253226353, -36.424678801440109, 0.0 ], [ -60.86595535352027, -36.37207412690595, 0.0 ], [ -60.905826568959462, -36.341590881346541, 0.0 ], [ -60.860042571353283, -36.322566985985233, 0.0 ], [ -60.805690765062366, -36.252971648966891, 0.0 ], [ -60.81075286870643, -36.209926604466503, 0.0 ], [ -60.721347809187421, -36.135154724436681, 0.0 ], [ -60.699558258384442, -36.135704040630877, 0.0 ], [ -60.565216064637156, -36.235546111872786, 0.0 ], [ -60.523914336905221, -36.214107513379503, 0.0 ], [ -60.359279633050576, -36.326461792072621, 0.0 ], [ -60.296688080121747, -36.267154693930877, 0.0 ], [ -60.245609282873566, -36.302867888931644, 0.0 ], [ -60.090686798256499, -36.161148071418289, 0.0 ], [ -59.965808868965425, -36.248264313054506, 0.0 ], [ -59.947853088843232, -36.201725006470561, 0.0 ], [ -59.838512420706294, -36.111282348850082, 0.0 ], [ -59.85853195263298, -36.095310210479511, 0.0 ], [ -59.796482086515418, -36.043849944602194, 0.0 ], [ -59.718029022835672, -36.105426787723829, 0.0 ], [ -59.614032746734324, -36.02379989607671, 0.0 ], [ -59.592868805153088, -36.040176392324909, 0.0 ], [ -59.552555084096525, -36.007141113183948, 0.0 ], [ -59.382404329138666, -36.135257720654472, 0.0 ] ] ] } },
{ "type": "Feature", "properties": { "loc": "AR006063" }, "geometry": { "type": "Polygon", "coordinates": [ [ [ -58.577545172296254, -37.383548739108186, 0.0 ], [ -58.426830297655343, -37.500732419281199, 0.0 ], [ -58.354591377564212, -37.439414982249772, 0.0 ], [ -58.282386787489976, -37.49211501818079, 0.0 ], [ -58.16363526333371, -37.388160709897861, 0.0 ], [ -57.734199523380717, -37.697975159780967, 0.0 ], [ -58.255718240240583, -38.129833214703822, 0.0 ], [ -58.590686804454066, -37.877822876412118, 0.0 ], [ -58.507389075243111, -37.805713653728368, 0.0 ], [ -58.808990478202716, -37.578044890981509, 0.0 ], [ -58.577545172296254, -37.383548739108186, 0.0 ] ] ] } },
{ "type": "Feature", "properties": { "loc": "AR082098" }, "geometry": { "type": "Polygon", "coordinates": [ [ [ -60.069291370708022, -29.37063382974635, 0.0 ], [ -59.778849298348547, -29.415156408695179, 0.0 ], [ -59.768376684867363, -29.442548547223058, 0.0 ], [ -59.721044201018834, -29.460740268738729, 0.0 ], [ -59.719787777736606, -29.487839967518958, 0.0 ], [ -59.670873118127588, -29.473014207428658, 0.0 ], [ -59.661832636601602, -29.446603609032994, 0.0 ], [ -59.580921405012099, -29.474067663822549, 0.0 ], [ -59.617548653941689, -29.775840305547028, 0.0 ], [ -59.659903058964574, -29.837230398761676, 0.0 ], [ -59.604699565342663, -29.902665574629491, 0.0 ], [ -59.588911183744116, -29.976252328154906, 0.0 ], [ -59.566390242603127, -30.008075696239946, 0.0 ], [ -59.616120977630302, -30.113009923314056, 0.0 ], [ -59.636584341986058, -30.237455733616681, 0.0 ], [ -59.712013254211271, -30.276240946350093, 0.0 ], [ -59.693453459468429, -30.313122591305699, 0.0 ], [ -59.666803496565606, -30.327161411113806, 0.0 ], [ -59.703439283981979, -30.442610416720299, 0.0 ], [ -59.650329589912523, -30.500976562904722, 0.0 ], [ -59.645856329242235, -30.597037433169454, 0.0 ], [ -59.678405761279535, -30.646911620838448, 0.0 ], [ -59.636185246556465, -30.702124158795655, 0.0 ], [ -60.204936974118503, -30.650664857207584, 0.0 ], [ -60.212160241978154, -30.688568493145191, 0.0 ], [ -60.338889749986762, -30.669237205834161, 0.0 ], [ -60.345362741327861, -30.632221691777087, 0.0 ], [ -60.382772760636463, -30.608879957020402, 0.0 ], [ -60.339761776972409, -30.568735742349471, 0.0 ], [ -60.350826620974317, -30.510006823947126, 0.0 ], [ -60.324556428044389, -30.496502123633753, 0.0 ], [ -60.332759845913912, -30.475089419396472, 0.0 ], [ -60.276144746841069, -30.421251682608663, 0.0 ], [ -60.255262991243427, -30.422972238607031, 0.0 ], [ -60.225414750146371, -30.374005723192973, 0.0 ], [ -60.196521888015212, -30.363387286507955, 0.0 ], [ -60.214033541959267, -30.344894136300518, 0.0 ], [ -60.202455494927101, -30.337903914746786, 0.0 ], [ -60.194649104565386, -30.318674719945797, 0.0 ], [ -60.215980878391143, -30.307020892528701, 0.0 ], [ -60.180273421667501, -30.290340630617933, 0.0 ], [ -60.160442746156221, -30.253930394790569, 0.0 ], [ -60.174992684252935, -30.241819688821906, 0.0 ], [ -60.158958732001807, -30.229195683360214, 0.0 ], [ -60.167669476122981, -30.218485406871153, 0.0 ], [ -60.118573009178576, -30.14859283134291, 0.0 ], [ -60.118725360755825, -30.133749784196464, 0.0 ], [ -60.159521464543559, -30.120070251127977, 0.0 ], [ -60.116626340194955, -30.121523045714799, 0.0 ], [ -60.129075509609279, -30.087986780464849, 0.0 ], [ -60.097754857896305, -30.070088317795353, 0.0 ], [ -60.099187774080747, -30.041263427241997, 0.0 ], [ -60.045592959215121, -30.02758005055615, 0.0 ], [ -60.035526651940316, -29.988200972676569, 0.0 ], [ -60.017313876391732, -29.975706090285779, 0.0 ], [ -60.020673988779372, -29.951781053553557, 0.0 ], [ -59.988926118978533, -29.928755985675252, 0.0 ], [ -59.960608638566654, -29.93606667326311, 0.0 ], [ -59.941396387551499, -29.909298965811224, 0.0 ], [ -59.92645168570148, -29.915057507166637, 0.0 ], [ -59.889492053828562, -29.834234921176215, 0.0 ], [ -59.874593854167557, -29.833128787322167, 0.0 ], [ -59.876828589506601, -29.81303392909329, 0.0 ], [ -59.910763366544117, -29.800058317121941, 0.0 ], [ -59.970556637718545, -29.812708524698319, 0.0 ], [ -59.998575255821919, -29.773035106120222, 0.0 ], [ -60.000072093427015, -29.654705389877446, 0.0 ], [ -60.061464193330643, -29.656659627536321, 0.0 ], [ -60.084969320612053, -29.63463757186684, 0.0 ], [ -60.082776267102204, -29.534710169188276, 0.0 ], [ -60.105285879589147, -29.482983060644283, 0.0 ], [ -60.100215971381893, -29.431141324015048, 0.0 ], [ -60.069291370708022, -29.37063382974635, 0.0 ] ] ] } },
{ "type": "Feature", "properties": { "loc": "AR006210" }, "geometry": { "type": "Polygon", "coordinates": [ [ [ -60.516502379716776, -34.439437865426875, 0.0 ], [ -60.48905181936815, -34.415573119761852, 0.0 ], [ -60.403705597136103, -34.48042678822592, 0.0 ], [ -60.375896453580559, -34.456809997865648, 0.0 ], [ -60.321773529040883, -34.499126433604708, 0.0 ], [ -60.244022369398287, -34.428565978922286, 0.0 ], [ -60.208515166914403, -34.456577301007435, 0.0 ], [ -60.154560088992291, -34.409603118370121, 0.0 ], [ -60.083160400192433, -34.469619751327841, 0.0 ], [ -60.09727096599547, -34.482860565357086, 0.0 ], [ -60.014545441162603, -34.54653930742635, 0.0 ], [ -59.974792479947432, -34.510391234627441, 0.0 ], [ -59.909233092745822, -34.561740875294113, 0.0 ], [ -59.93362808216456, -34.581230164501385, 0.0 ], [ -59.884799957266878, -34.618961334251864, 0.0 ], [ -59.968460083033129, -34.691398621366403, 0.0 ], [ -60.007202148499537, -34.640201568713344, 0.0 ], [ -60.063518523604436, -34.690483092960065, 0.0 ], [ -60.106254577875781, -34.657279967611508, 0.0 ], [ -60.190086364506307, -34.727039336876949, 0.0 ], [ -60.163486480883954, -34.748172759661109, 0.0 ], [ -60.177272797090247, -34.759960174847912, 0.0 ], [ -60.166923523195898, -34.773136139257744, 0.0 ], [ -60.239833831553938, -34.826469420835785, 0.0 ], [ -60.322334289780571, -34.762142181001344, 0.0 ], [ -60.459968567397361, -34.862205504658085, 0.0 ], [ -60.494426727173931, -34.838581085278491, 0.0 ], [ -60.528629302777418, -34.841117858555478, 0.0 ], [ -60.539985657275558, -34.821914673063134, 0.0 ], [ -60.58672332794692, -34.81703567477529, 0.0 ], [ -60.625263214083901, -34.743038177144506, 0.0 ], [ -60.658126830993496, -34.708393097215392, 0.0 ], [ -60.686901093049251, -34.706733703849942, 0.0 ], [ -60.685089111171123, -34.656841277376309, 0.0 ], [ -60.74193954459389, -34.64854049702862, 0.0 ], [ -60.759235381884203, -34.630401611521116, 0.0 ], [ -60.647403716905437, -34.532115935872547, 0.0 ], [ -60.676681518813936, -34.509239197082138, 0.0 ], [ -60.559478760276093, -34.406345366759581, 0.0 ], [ -60.516502379716776, -34.439437865426875, 0.0 ] ] ] } },
{ "type": "Feature", "properties": { "loc": "AR030088" }, "geometry": { "type": "Polygon", "coordinates": [ [ [ -58.58386426246625, -31.257818504571173, 0.0 ], [ -58.465268401975678, -31.260798421643248, 0.0 ], [ -58.41142817995086, -31.35157375048108, 0.0 ], [ -58.459547180153145, -31.38928067381698, 0.0 ], [ -58.449355767203663, -31.431754551986987, 0.0 ], [ -58.346326301130205, -31.490456909893588, 0.0 ], [ -58.325991123670548, -31.486360610178128, 0.0 ], [ -58.34598486676208, -31.506504873931483, 0.0 ], [ -58.329092533832778, -31.54435942162263, 0.0 ], [ -58.286711730916956, -31.539555088434298, 0.0 ], [ -58.297031268778767, -31.602706368820918, 0.0 ], [ -58.280192658696734, -31.602199102714167, 0.0 ], [ -58.27794372728124, -31.582480849955179, 0.0 ], [ -58.260575170470375, -31.60035200907884, 0.0 ], [ -58.27473625842331, -31.662676021033018, 0.0 ], [ -58.373415347967487, -31.721548655738317, 0.0 ], [ -58.378802974121051, -31.743797331938346, 0.0 ], [ -58.430793963827846, -31.741355608882969, 0.0 ], [ -58.400639263369925, -31.81119336205996, 0.0 ], [ -58.460268149135551, -31.816118232110313, 0.0 ], [ -58.507129934639842, -31.787599474501945, 0.0 ], [ -58.543207998520479, -31.822279014774804, 0.0 ], [ -58.536793353655391, -31.843207535425581, 0.0 ], [ -58.564755174876638, -31.861722913354996, 0.0 ], [ -58.594143919621025, -31.845614038721969, 0.0 ], [ -58.627773651245938, -31.882961152595612, 0.0 ], [ -58.607473061619672, -31.90239197303006, 0.0 ], [ -58.708576996068153, -31.88819062254991, 0.0 ], [ -58.698352145128837, -31.860863328262511, 0.0 ], [ -58.729326715488703, -31.856570574773482, 0.0 ], [ -58.72273784327259, -31.823949411550441, 0.0 ], [ -58.657025671505785, -31.833677472066821, 0.0 ], [ -58.603566247126537, -31.770007800746559, 0.0 ], [ -58.586730787436181, -31.714040187534518, 0.0 ], [ -58.598330093099548, -31.711915926680028, 0.0 ], [ -58.590460596089116, -31.639699169247312, 0.0 ], [ -58.558161648489033, -31.61866350576366, 0.0 ], [ -58.518108197218041, -31.555273844818611, 0.0 ], [ -58.526761862386053, -31.502250280466189, 0.0 ], [ -58.51232983715353, -31.470526621965377, 0.0 ], [ -58.565884307781431, -31.444289361377134, 0.0 ], [ -58.585769735609254, -31.392154862547219, 0.0 ], [ -58.627711901951628, -31.36756147211274, 0.0 ], [ -58.638022083859767, -31.38129922221793, 0.0 ], [ -58.684389707024572, -31.301263857994083, 0.0 ], [ -58.635845831540664, -31.297282955097749, 0.0 ], [ -58.58386426246625, -31.257818504571173, 0.0 ] ] ] } },
{ "type": "Feature", "properties": { "loc": "AR066007" }, "geometry": { "type": "Polygon", "coordinates": [ [ [ -63.436146522749794, -24.171949258370788, 0.0 ], [ -63.348075196424695, -24.15312369353461, 0.0 ], [ -63.376988883300754, -24.304160967589478, 0.0 ], [ -63.299566428898721, -24.278254246514358, 0.0 ], [ -63.30315998378429, -24.316447345858361, 0.0 ], [ -63.232060950330236, -24.322048738529663, 0.0 ], [ -63.203707337880999, -24.216982587464386, 0.0 ], [ -63.160990868679463, -24.2217115878382, 0.0 ], [ -63.171883418504834, -24.304538828485011, 0.0 ], [ -63.053050096453752, -24.392223767806989, 0.0 ], [ -63.026266827156036, -24.234042860616913, 0.0 ], [ -62.946539388261421, -24.274229929337935, 0.0 ], [ -62.936936234380809, -24.715992840880382, 0.0 ], [ -63.234117163472867, -24.718761801934498, 0.0 ], [ -63.233513409363681, -24.856567573799538, 0.0 ], [ -63.074613967999454, -24.855588656820025, 0.0 ], [ -63.074155405894693, -25.244049347619473, 0.0 ], [ -63.476056457374384, -25.709762810388135, 0.0 ], [ -63.567308786392516, -25.709465378073833, 0.0 ], [ -63.660464681430327, -25.685373336350303, 0.0 ], [ -63.914293679377089, -25.682815416122494, 0.0 ], [ -63.950118276413789, -25.669498595391978, 0.0 ], [ -63.959210171218437, -25.656348321067497, 0.0 ], [ -63.941247947480697, -25.551096705005563, 0.0 ], [ -63.987913254364344, -25.516643371192384, 0.0 ], [ -64.00580293914291, -25.472680223064213, 0.0 ], [ -64.029417604295119, -25.468155179330996, 0.0 ], [ -64.014404788587015, -25.443410256432085, 0.0 ], [ -64.062956495583578, -25.361159883302324, 0.0 ], [ -64.044433526377475, -25.334752313234471, 0.0 ], [ -64.072351431659413, -25.290636256495553, 0.0 ], [ -64.057792635275689, -25.27668655124593, 0.0 ], [ -64.063123140255286, -25.252055060218677, 0.0 ], [ -64.096430634509687, -25.172001690238083, 0.0 ], [ -64.150523228332119, -25.147516039768881, 0.0 ], [ -64.159809966823588, -25.108884980968892, 0.0 ], [ -64.230614699614151, -25.126692237232778, 0.0 ], [ -64.246753302900942, -25.114931793032909, 0.0 ], [ -64.277035723131021, -25.146642712402357, 0.0 ], [ -64.304496419171016, -25.146073553875258, 0.0 ], [ -64.307002042382294, -25.170487976038853, 0.0 ], [ -64.362203936104663, -25.242353263190211, 0.0 ], [ -64.397426802936508, -25.251849039046999, 0.0 ], [ -64.464286957856032, -25.22257247242954, 0.0 ], [ -64.545419678061975, -25.256288409073946, 0.0 ], [ -64.570888421943181, -25.314884559578143, 0.0 ], [ -64.624150867340205, -25.365077045275527, 0.0 ], [ -64.704743120647038, -25.379703628971043, 0.0 ], [ -64.776966187270048, -25.368877481208749, 0.0 ], [ -64.828147787719345, -25.34549807562831, 0.0 ], [ -64.894506260502126, -25.285212562263066, 0.0 ], [ -64.894134489128533, -25.244286998958977, 0.0 ], [ -64.914406644381117, -25.210095694939547, 0.0 ], [ -64.976602480444157, -25.148787552095438, 0.0 ], [ -64.900865087648697, -25.113907851693686, 0.0 ], [ -64.905935824102656, -25.039217919523804, 0.0 ], [ -64.891488508645665, -25.00308442645796, 0.0 ], [ -64.856456368521691, -25.022211521608483, 0.0 ], [ -64.81638816691374, -24.972163678003373, 0.0 ], [ -64.826411143950821, -24.940229014679726, 0.0 ], [ -64.795866206350311, -24.898049524475041, 0.0 ], [ -64.797944204536904, -24.839617445492909, 0.0 ], [ -64.812628962689772, -24.827568371958247, 0.0 ], [ -64.795562933313775, -24.801593773929991, 0.0 ], [ -64.799011714809836, -24.771644200097622, 0.0 ], [ -64.727980800603774, -24.704957809793367, 0.0 ], [ -64.703633210790997, -24.638594291463875, 0.0 ], [ -64.560137618184825, -24.575343556388393, 0.0 ], [ -64.536818900307992, -24.508004812002756, 0.0 ], [ -64.499999936523736, -24.506369017052286, 0.0 ], [ -64.48212934992813, -24.466303189518786, 0.0 ], [ -64.454608525154612, -24.464103756808768, 0.0 ], [ -64.436643593894587, -24.443997311706774, 0.0 ], [ -64.420701206022059, -24.402594690907502, 0.0 ], [ -64.31933616904972, -24.426520171272323, 0.0 ], [ -64.273769490978765, -24.393326690855474, 0.0 ], [ -64.246405689920294, -24.337885249592752, 0.0 ], [ -64.223324919592542, -24.327891513409188, 0.0 ], [ -64.180018729763205, -24.263646068193935, 0.0 ], [ -64.1508895738814, -24.134367260185112, 0.0 ], [ -63.987794621051293, -24.143052847818485, 0.0 ], [ -63.650592297967478, -24.214430754956616, 0.0 ], [ -63.623727647593228, -24.106971919044209, 0.0 ], [ -63.433285049905024, -24.146924489997257, 0.0 ], [ -63.436146522749794, -24.171949258370788, 0.0 ] ] ] } },
{ "type": "Feature", "properties": { "loc": "AR054014" }, "geometry": { "type": "Polygon", "coordinates": [ [ [ -54.604748357933509, -26.937244227761578, 0.0 ], [ -54.540988922371767, -27.085397720528746, 0.0 ], [ -54.496921538798219, -27.085847855230988, 0.0 ], [ -54.497657775547204, -27.174726486227346, 0.0 ], [ -54.518463135718136, -27.174991607968401, 0.0 ], [ -54.507080077899872, -27.190587997273319, 0.0 ], [ -54.52890014626967, -27.207353592253025, 0.0 ], [ -54.513374328753933, -27.258020401031143, 0.0 ], [ -54.586151122307953, -27.272289276076471, 0.0 ], [ -54.597366333508646, -27.26212692292307, 0.0 ], [ -54.586776733326317, -27.251207351919138, 0.0 ], [ -54.604965209446476, -27.236547469632761, 0.0 ], [ -54.592117309318589, -27.216798781970077, 0.0 ], [ -54.626060486502325, -27.203163147135641, 0.0 ], [ -54.603469849570018, -27.174772263550459, 0.0 ], [ -54.612895965271072, -27.16220664989692, 0.0 ], [ -54.71741867119691, -27.163442612203916, 0.0 ], [ -54.702075958183862, -27.210472107005611, 0.0 ], [ -54.834800719990746, -27.242078780512223, 0.0 ], [ -54.818626404179824, -27.26252937283903, 0.0 ], [ -54.833038330506191, -27.27465629523768, 0.0 ], [ -54.819786071719449, -27.289810181110905, 0.0 ], [ -54.829421997039958, -27.309001923710049, 0.0 ], [ -54.813186646095382, -27.321262360328305, 0.0 ], [ -54.81980895989458, -27.353502274066727, 0.0 ], [ -54.835437775545842, -27.353292465089016, 0.0 ], [ -54.823520660308006, -27.377384186450083, 0.0 ], [ -54.9229087829194, -27.349439620693463, 0.0 ], [ -54.937812804561759, -27.368757248037337, 0.0 ], [ -55.073230742539877, -27.188503265419193, 0.0 ], [ -55.100452422933905, -27.179458617843977, 0.0 ], [ -55.097156524817741, -27.053031920845942, 0.0 ], [ -55.010833740447062, -27.053625106467038, 0.0 ], [ -54.968894958058357, -27.09716033906976, 0.0 ], [ -54.949565887428712, -27.075336456144008, 0.0 ], [ -54.88942718528147, -27.054800033695479, 0.0 ], [ -54.887863159083011, -27.001703262039808, 0.0 ], [ -54.900028229102197, -27.00113105827414, 0.0 ], [ -54.88120269742695, -26.978113173695199, 0.0 ], [ -54.816394805757753, -26.986288071010748, 0.0 ], [ -54.813411712701601, -27.004257201954498, 0.0 ], [ -54.787403107385785, -27.008699417426271, 0.0 ], [ -54.78332138102536, -27.02813148538614, 0.0 ], [ -54.746215820529493, -27.047220230497899, 0.0 ], [ -54.723438263051179, -27.041231154710097, 0.0 ], [ -54.749885558839367, -26.943695067707758, 0.0 ], [ -54.711666106255798, -26.933982848686156, 0.0 ], [ -54.696327208387757, -26.976673125846254, 0.0 ], [ -54.655448914141424, -26.960578917559033, 0.0 ], [ -54.66053008991728, -26.949249268243921, 0.0 ], [ -54.604748357933509, -26.937244227761578, 0.0 ] ] ] } },
{ "type": "Feature", "properties": { "loc": "AR054070" }, "geometry": { "type": "Polygon", "coordinates": [ [ [ -55.366394042761982, -27.456483840966197, 0.0 ], [ -55.332698821257928, -27.470933914210057, 0.0 ], [ -55.296810150086948, -27.461307525789657, 0.0 ], [ -55.270446776709228, -27.498268126733162, 0.0 ], [ -55.221836089924388, -27.512563704758911, 0.0 ], [ -55.250698089535625, -27.519144057999721, 0.0 ], [ -55.232055663261384, -27.542209625405874, 0.0 ], [ -55.250099181837392, -27.557073593061386, 0.0 ], [ -55.172149658010404, -27.61367034944077, 0.0 ], [ -55.165458678787516, -27.695247649608209, 0.0 ], [ -55.189228058086172, -27.699012755878456, 0.0 ], [ -55.194831848541511, -27.733272551525019, 0.0 ], [ -55.260608672957623, -27.740264893134338, 0.0 ], [ -55.28686142060473, -27.727005004888991, 0.0 ], [ -55.325603484274502, -27.783607483007241, 0.0 ], [ -55.495456695650688, -27.759887695262041, 0.0 ], [ -55.48793029848494, -27.703063965269294, 0.0 ], [ -55.614418030324721, -27.692369461114055, 0.0 ], [ -55.608657836890202, -27.640924453977718, 0.0 ], [ -55.651355742406388, -27.630796432299114, 0.0 ], [ -55.660614014184809, -27.614444732816899, 0.0 ], [ -55.624488830972567, -27.617532730062358, 0.0 ], [ -55.555778503198944, -27.566698074042204, 0.0 ], [ -55.570072174402981, -27.545387268014576, 0.0 ], [ -55.513099669814565, -27.51081657383612, 0.0 ], [ -55.49681091312803, -27.534107207994687, 0.0 ], [ -55.366394042761982, -27.456483840966197, 0.0 ] ] ] } },
{ "type": "Feature", "properties": { "loc": "AR054035" }, "geometry": { "type": "Polygon", "coordinates": [ [ [ -55.370462141679546, -28.028452771488038, 0.0 ], [ -55.451990468258536, -28.099576916735764, 0.0 ], [ -55.49815549078405, -28.080989226521929, 0.0 ], [ -55.513098505597945, -28.113873377396658, 0.0 ], [ -55.54132647877325, -28.124554802024136, 0.0 ], [ -55.554786662513962, -28.162795095906585, 0.0 ], [ -55.587765992313606, -28.146138868664494, 0.0 ], [ -55.58402252118352, -28.09053230313144, 0.0 ], [ -55.555286406984621, -28.068658829518579, 0.0 ], [ -55.554454803288429, -27.98543739290724, 0.0 ], [ -55.572601318203347, -27.937534332281668, 0.0 ], [ -55.624778747857484, -27.936504363703996, 0.0 ], [ -55.52092742840194, -27.757070541398289, 0.0 ], [ -55.362674712956853, -27.774511337353907, 0.0 ], [ -55.31066645134208, -27.921644088614965, 0.0 ], [ -55.332211880475015, -27.932701217626082, 0.0 ], [ -55.341634545747048, -27.968535898948868, 0.0 ], [ -55.383560649313836, -27.98119463197726, 0.0 ], [ -55.370462141679546, -28.028452771488038, 0.0 ] ] ] } },
{ "type": "Feature", "properties": { "loc": "AR030077" }, "geometry": { "type": "Polygon", "coordinates": [ [ [ -59.607133739251189, -31.871774079341371, 0.0 ], [ -59.534421485158767, -31.924866168413555, 0.0 ], [ -59.571991448605388, -31.955670091550942, 0.0 ], [ -59.486168174245101, -31.94990412842871, 0.0 ], [ -59.439503430605122, -31.970575329206675, 0.0 ], [ -59.40167250297521, -31.934118698021116, 0.0 ], [ -59.314439165571301, -31.923571745181619, 0.0 ], [ -59.341905169756316, -31.941176979779502, 0.0 ], [ -59.370445835702206, -32.023029678554991, 0.0 ], [ -59.474854195973855, -32.126417127635548, 0.0 ], [ -59.456605597408384, -32.140535778973017, 0.0 ], [ -59.482911780441846, -32.268686078882816, 0.0 ], [ -59.462561651422597, -32.284860240044559, 0.0 ], [ -59.495834550657094, -32.338838781019106, 0.0 ], [ -59.441411260927438, -32.355171379066078, 0.0 ], [ -59.47583873784717, -32.426955348048978, 0.0 ], [ -59.439349073089858, -32.489497762793, 0.0 ], [ -59.460325008061879, -32.523893319913356, 0.0 ], [ -59.455266212014706, -32.556832688837439, 0.0 ], [ -59.600731794767597, -32.551965519850562, 0.0 ], [ -59.607136322805964, -32.632006384042739, 0.0 ], [ -59.705247113846873, -32.609703116186481, 0.0 ], [ -59.752673612678095, -32.581773123103744, 0.0 ], [ -59.77173817886392, -32.587895623157408, 0.0 ], [ -59.769585395031619, -32.551340095649195, 0.0 ], [ -59.786836178217143, -32.541545986882618, 0.0 ], [ -59.942033145764221, -32.52195247677659, 0.0 ], [ -59.999580298148324, -32.491505216183405, 0.0 ], [ -59.999639623788006, -32.453342288139275, 0.0 ], [ -59.976817480227197, -32.42167016222443, 0.0 ], [ -60.036740120480609, -32.388798471304895, 0.0 ], [ -60.046404168459397, -32.349298983771078, 0.0 ], [ -60.115863613026562, -32.303441163353355, 0.0 ], [ -60.131232267588381, -32.268972440052849, 0.0 ], [ -60.189602628912326, -32.269260813177205, 0.0 ], [ -60.177028514621789, -32.242346903420497, 0.0 ], [ -60.189220304130764, -32.234518852002289, 0.0 ], [ -60.171100415280883, -32.216735609885987, 0.0 ], [ -60.181176515988916, -32.192519968263561, 0.0 ], [ -60.140632284535478, -32.158468129091929, 0.0 ], [ -60.182145617619106, -32.123109656234192, 0.0 ], [ -60.20893214600467, -32.145196131191007, 0.0 ], [ -60.257844260686468, -32.051696315591052, 0.0 ], [ -60.181918776840199, -32.023485866846777, 0.0 ], [ -60.140157395550432, -31.982437313132973, 0.0 ], [ -60.025991122335974, -32.031073654728793, 0.0 ], [ -60.012844771327977, -31.974981161709319, 0.0 ], [ -59.943784647667542, -31.95171859409443, 0.0 ], [ -59.919224555086096, -31.883327337667659, 0.0 ], [ -59.762685922221173, -31.928934765552192, 0.0 ], [ -59.607133739251189, -31.871774079341371, 0.0 ] ] ] } },
{ "type": "Feature", "properties": { "loc": "AR006105" }, "geometry": { "type": "Polygon", "coordinates": [ [ [ -60.868206023175823, -35.839458466388045, 0.0 ], [ -60.69633865418534, -35.968101500993896, 0.0 ], [ -60.638416289880119, -35.920658111974618, 0.0 ], [ -60.5319213866469, -36.000484467282647, 0.0 ], [ -60.572917938710503, -36.028629303109227, 0.0 ], [ -60.635063170876968, -36.110027312817095, 0.0 ], [ -60.729240417155147, -36.137729645186859, 0.0 ], [ -60.81075286870643, -36.209926604466503, 0.0 ], [ -60.805690765062366, -36.252971648966891, 0.0 ], [ -60.860042571353283, -36.322566985985233, 0.0 ], [ -60.905826568959462, -36.341590881346541, 0.0 ], [ -60.86595535352027, -36.37207412690595, 0.0 ], [ -60.929260253226353, -36.424678801440109, 0.0 ], [ -60.897262572724777, -36.450332642115633, 0.0 ], [ -61.254558563000764, -36.734466552858805, 0.0 ], [ -61.367877959362595, -36.641311645266789, 0.0 ], [ -61.49732971122841, -36.743915557871951, 0.0 ], [ -61.663825989354756, -36.60691070587346, 0.0 ], [ -61.616844177250414, -36.56993866036386, 0.0 ], [ -61.685249328457417, -36.535968780578834, 0.0 ], [ -61.724239348705169, -36.494232177911051, 0.0 ], [ -61.405708312969047, -36.241691589210987, 0.0 ], [ -61.439693451358025, -36.214344024938974, 0.0 ], [ -61.035762786749594, -35.875740051008826, 0.0 ], [ -60.970756530895983, -35.926094055067722, 0.0 ], [ -60.868206023175823, -35.839458466388045, 0.0 ] ] ] } },
{ "type": "Feature", "properties": { "loc": "AR018070" }, "geometry": { "type": "Polygon", "coordinates": [ [ [ -59.140343920777291, -29.056604787645465, 0.0 ], [ -59.137573242454913, -29.078987121412244, 0.0 ], [ -59.117992401000564, -29.06623077406536, 0.0 ], [ -59.116870880419498, -29.081548690940021, 0.0 ], [ -59.026535034213779, -29.089982986447509, 0.0 ], [ -59.018932342232624, -29.064992904767344, 0.0 ], [ -58.942623138521157, -29.071382522617313, 0.0 ], [ -58.788278579652243, -29.112658500564649, 0.0 ], [ -58.83046340880064, -29.173694610041526, 0.0 ], [ -58.845962524792846, -29.173316955516, 0.0 ], [ -58.869112015341521, -29.222111702177457, 0.0 ], [ -58.858084360694043, -29.254736581887425, 0.0 ], [ -58.813266754500845, -29.238363266448605, 0.0 ], [ -58.792228697433657, -29.269186020409897, 0.0 ], [ -58.835521697299683, -29.32093048105202, 0.0 ], [ -58.861164092711846, -29.328786849570189, 0.0 ], [ -58.863468169905971, -29.34549140987372, 0.0 ], [ -58.844421386769525, -29.348474502573136, 0.0 ], [ -58.874580383869457, -29.389759063701032, 0.0 ], [ -58.868679047137491, -29.412345886707232, 0.0 ], [ -58.886032104416465, -29.414039611834443, 0.0 ], [ -58.957908630647246, -29.530601501507221, 0.0 ], [ -59.056438446242318, -29.580484390837192, 0.0 ], [ -59.088390350393638, -29.646909713725176, 0.0 ], [ -59.080955505030076, -29.656965256772764, 0.0 ], [ -59.144344330739877, -29.685029983077289, 0.0 ], [ -59.135143279848435, -29.70721435533957, 0.0 ], [ -59.261703491358581, -29.783269881763932, 0.0 ], [ -59.312400817224734, -29.784971237794519, 0.0 ], [ -59.30772781345609, -29.800650596496979, 0.0 ], [ -59.333114623796867, -29.81660079977296, 0.0 ], [ -59.353107452403428, -29.800037383714709, 0.0 ], [ -59.382049561076769, -29.824441910041074, 0.0 ], [ -59.409061431851349, -29.811950684052228, 0.0 ], [ -59.474086761633373, -29.851861953926825, 0.0 ], [ -59.513378143302766, -29.978132248287466, 0.0 ], [ -59.545570373742045, -30.016551970811381, 0.0 ], [ -59.569479548865225, -30.019010233579852, 0.0 ], [ -59.604699565342663, -29.902665574629491, 0.0 ], [ -59.659665113212114, -29.843179051049532, 0.0 ], [ -59.617548653941689, -29.775840305547028, 0.0 ], [ -59.61397946316324, -29.668764563321204, 0.0 ], [ -59.590184852883191, -29.569778986853326, 0.0 ], [ -59.579953171154465, -29.459847889668222, 0.0 ], [ -59.604283190818585, -29.394743162982593, 0.0 ], [ -59.519787984876004, -29.343189025838747, 0.0 ], [ -59.500633424566722, -29.243517511743768, 0.0 ], [ -59.402065327265795, -29.216896414260432, 0.0 ], [ -59.346765996877814, -29.114350159561351, 0.0 ], [ -59.275303441279398, -29.099566867048758, 0.0 ], [ -59.234396631811002, -29.071425225645275, 0.0 ], [ -59.20084381034745, -29.09297180204512, 0.0 ], [ -59.183191298770232, -29.059808729641816, 0.0 ], [ -59.140343920777291, -29.056604787645465, 0.0 ] ] ] } },
{ "type": "Feature", "properties": { "loc": "AR006329" }, "geometry": { "type": "Polygon", "coordinates": [ [ [ -59.089706423607389, -34.717247009399536, 0.0 ], [ -58.951381684693551, -34.831199645834253, 0.0 ], [ -58.926143647940236, -34.825839995796287, 0.0 ], [ -58.846035006259875, -34.891628265584067, 0.0 ], [ -58.85948944347772, -34.903560638691943, 0.0 ], [ -58.777503969640534, -34.965091704765385, 0.0 ], [ -58.933860779000391, -35.103744507420679, 0.0 ], [ -59.015068055781654, -35.040573120104852, 0.0 ], [ -58.992622377291802, -35.021144867526701, 0.0 ], [ -59.21943283177805, -34.852188110099526, 0.0 ], [ -59.089706423607389, -34.717247009399536, 0.0 ] ] ] } },
{ "type": "Feature", "properties": { "loc": "AR086056" }, "geometry": { "type": "Polygon", "coordinates": [ [ [ -63.422473701493132, -25.649034457804209, 0.0 ], [ -61.711134445964383, -25.6546690218286, 0.0 ], [ -61.711164597916891, -26.234490080763788, 0.0 ], [ -63.761330432971107, -26.214309956959301, 0.0 ], [ -63.762569499903741, -26.194266360271605, 0.0 ], [ -63.70509507692168, -26.109869573039742, 0.0 ], [ -63.690186964351497, -26.034136249650032, 0.0 ], [ -63.731587006403061, -26.009567968487044, 0.0 ], [ -63.727570750158876, -25.968366332993252, 0.0 ], [ -63.745269113544836, -25.966717560162174, 0.0 ], [ -63.734856997106455, -25.955579872964872, 0.0 ], [ -63.764681632274488, -25.915195369804337, 0.0 ], [ -63.791565576664389, -25.929924403669201, 0.0 ], [ -63.785596948032833, -25.880235388039253, 0.0 ], [ -63.830305438563414, -25.846838799656442, 0.0 ], [ -63.846242758141116, -25.820539870275475, 0.0 ], [ -63.838669268593229, -25.78970228464345, 0.0 ], [ -63.877670930108756, -25.773748527511671, 0.0 ], [ -63.892623354775246, -25.715111407297769, 0.0 ], [ -63.91815080625522, -25.682425049857919, 0.0 ], [ -63.660464681430327, -25.685373336350303, 0.0 ], [ -63.567308786392516, -25.709465378073833, 0.0 ], [ -63.476056457374384, -25.709762810388135, 0.0 ], [ -63.422473701493132, -25.649034457804209, 0.0 ] ] ] } },
{ "type": "Feature", "properties": { "loc": "AR042140" }, "geometry": { "type": "Polygon", "coordinates": [ [ [ -64.170454732547498, -36.716354663810684, 0.0 ], [ -64.172098435718411, -36.986758629909303, 0.0 ], [ -65.071335286216538, -36.977221689323876, 0.0 ], [ -65.056546868768081, -36.254714026947696, 0.0 ], [ -64.499617114973844, -36.260164445697256, 0.0 ], [ -64.505383225611126, -36.622327206900017, 0.0 ], [ -64.356967061628822, -36.624948310334389, 0.0 ], [ -64.282649987044238, -36.686816902958036, 0.0 ], [ -64.282981279432818, -36.715188645560325, 0.0 ], [ -64.170454732547498, -36.716354663810684, 0.0 ] ] ] } },
{ "type": "Feature", "properties": { "loc": "AR006547" }, "geometry": { "type": "Polygon", "coordinates": [ [ [ -58.770904544016467, -35.273941039406616, 0.0 ], [ -58.748016359909229, -35.254066466897633, 0.0 ], [ -58.679290774250482, -35.306228638260244, 0.0 ], [ -58.707733157317797, -35.334796906180429, 0.0 ], [ -58.664375308071399, -35.354114531906752, 0.0 ], [ -58.470687871609456, -35.511352538765159, 0.0 ], [ -58.568870547636017, -35.596004486276279, 0.0 ], [ -58.500064855610134, -35.645057678164576, 0.0 ], [ -58.486675262382768, -35.707767487410379, 0.0 ], [ -58.500904088698022, -35.75310134966994, 0.0 ], [ -58.525844579174723, -35.722446442224751, 0.0 ], [ -58.540924076826357, -35.746185303200207, 0.0 ], [ -58.628059390964772, -35.751277924299494, 0.0 ], [ -58.660476688010284, -35.742156982339033, 0.0 ], [ -58.661193850830841, -35.725067139399563, 0.0 ], [ -58.716293338407468, -35.721897125242876, 0.0 ], [ -58.763999941825745, -35.755912781508371, 0.0 ], [ -58.788917545025626, -35.699699402058748, 0.0 ], [ -58.843372347655453, -35.681209563592603, 0.0 ], [ -58.843070986233819, -35.651512145769601, 0.0 ], [ -58.876281740016964, -35.640701294128732, 0.0 ], [ -58.881824494440316, -35.593132019488827, 0.0 ], [ -58.947921755104794, -35.622825623129948, 0.0 ], [ -58.975002291303078, -35.589244842612352, 0.0 ], [ -59.024948122535136, -35.601501464987457, 0.0 ], [ -59.032199862497713, -35.578159331368376, 0.0 ], [ -59.070117951863025, -35.571086884482632, 0.0 ], [ -59.068305970883202, -35.55596923819494, 0.0 ], [ -59.037078858944163, -35.562015533575376, 0.0 ], [ -59.047515870394001, -35.52864456177543, 0.0 ], [ -59.021030428545593, -35.514049530135779, 0.0 ], [ -59.007835389747505, -35.479862212425957, 0.0 ], [ -59.121143340674287, -35.43058395381685, 0.0 ], [ -59.025405886037618, -35.35208129829455, 0.0 ], [ -59.006374360786268, -35.366138457865361, 0.0 ], [ -58.967926027349783, -35.337295532179603, 0.0 ], [ -58.92436981481729, -35.341747284374385, 0.0 ], [ -58.811584473180069, -35.2426147461981, 0.0 ], [ -58.770904544016467, -35.273941039406616, 0.0 ] ] ] } },
{ "type": "Feature", "properties": { "loc": "AR006525" }, "geometry": { "type": "Polygon", "coordinates": [ [ [ -58.861442568653274, -34.688053131723173, 0.0 ], [ -58.707111360546115, -34.811092377358477, 0.0 ], [ -58.774501802655941, -34.828372955543045, 0.0 ], [ -58.750610353988272, -34.846878051723237, 0.0 ], [ -58.762908937913188, -34.858089446831386, 0.0 ], [ -58.693344116471621, -34.911846160707029, 0.0 ], [ -58.765331271127955, -34.958923339949571, 0.0 ], [ -58.85948944347772, -34.903560638691943, 0.0 ], [ -58.846035006259875, -34.891628265584067, 0.0 ], [ -58.9360275289404, -34.818042755159418, 0.0 ], [ -58.951381684693551, -34.831199645834253, 0.0 ], [ -59.033786775972978, -34.766937256752897, 0.0 ], [ -58.999301911977966, -34.762687682568902, 0.0 ], [ -58.936382296103993, -34.703548431333992, 0.0 ], [ -58.861442568653274, -34.688053131723173, 0.0 ] ] ] } },
{ "type": "Feature", "properties": { "loc": "AR022098" }, "geometry": { "type": "Polygon", "coordinates": [ [ [ -60.904410454864127, -27.462176119532828, 0.0 ], [ -60.468381820937473, -27.466773519278945, 0.0 ], [ -60.469717902327524, -27.647463013043662, 0.0 ], [ -60.52372001873286, -27.646971808783039, 0.0 ], [ -60.522914406891118, -27.738987887997478, 0.0 ], [ -60.216258683291073, -27.740019816026674, 0.0 ], [ -60.216736922992133, -27.999433228343584, 0.0 ], [ -60.909991133463812, -27.999427393788661, 0.0 ], [ -60.90988229627893, -27.795892998056829, 0.0 ], [ -61.014253710639579, -27.79557238458473, 0.0 ], [ -61.022589969576693, -27.480525628625269, 0.0 ], [ -60.996597177304821, -27.480695466263562, 0.0 ], [ -60.997434310131567, -27.402205153186472, 0.0 ], [ -60.910452524363414, -27.402096302515346, 0.0 ], [ -60.904410454864127, -27.462176119532828, 0.0 ] ] ] } },
{ "type": "Feature", "properties": { "loc": "AR006287" }, "geometry": { "type": "Polygon", "coordinates": [ [ [ -60.119091034365262, -35.833072662324248, 0.0 ], [ -60.056518554466528, -35.779945373960153, 0.0 ], [ -59.886280059258233, -35.911937714500496, 0.0 ], [ -59.872287750374142, -35.876415253695804, 0.0 ], [ -59.834472657347732, -35.848854065467144, 0.0 ], [ -59.700462341690582, -35.831859588847443, 0.0 ], [ -59.516693115347373, -35.976360320893882, 0.0 ], [ -59.592868805153088, -36.040176392324909, 0.0 ], [ -59.614032746734324, -36.02379989607671, 0.0 ], [ -59.718029022835672, -36.105426787723829, 0.0 ], [ -59.796482086515418, -36.043849944602194, 0.0 ], [ -59.85853195263298, -36.095310210479511, 0.0 ], [ -59.838512420706294, -36.111282348850082, 0.0 ], [ -59.947853088843232, -36.201725006470561, 0.0 ], [ -59.965808868965425, -36.248264313054506, 0.0 ], [ -60.090686798256499, -36.161148071418289, 0.0 ], [ -60.245609282873566, -36.302867888931644, 0.0 ], [ -60.296688080121747, -36.267154693930877, 0.0 ], [ -60.359279633050576, -36.326461792072621, 0.0 ], [ -60.523914336905221, -36.214107513379503, 0.0 ], [ -60.565216064637156, -36.235546111872786, 0.0 ], [ -60.699558258384442, -36.135704040630877, 0.0 ], [ -60.635063170876968, -36.110027312817095, 0.0 ], [ -60.572574615185339, -36.028270720693946, 0.0 ], [ -60.518985748065212, -35.985988617124924, 0.0 ], [ -60.495059966685687, -35.994831085592921, 0.0 ], [ -60.470619201815019, -35.980697632608546, 0.0 ], [ -60.461559296017647, -35.949512482355857, 0.0 ], [ -60.357692718676994, -35.882755280443718, 0.0 ], [ -60.214614868729065, -35.755432128771062, 0.0 ], [ -60.119091034365262, -35.833072662324248, 0.0 ] ] ] } },
{ "type": "Feature", "properties": { "loc": "AR006875" }, "geometry": { "type": "MultiPolygon", "coordinates": [ [ [ [ -62.900188445913138, -38.455791473370496, 0.0 ], [ -62.738216400662907, -38.585525513278732, 0.0 ], [ -62.649150847727427, -38.515213013167013, 0.0 ], [ -62.60766601639115, -38.61613082956378, 0.0 ], [ -62.51055526765375, -38.644554138469317, 0.0 ], [ -62.459152221707143, -38.684902191454434, 0.0 ], [ -62.443776040161538, -38.741361149153249, 0.0 ], [ -62.478754115180152, -38.750369789042985, 0.0 ], [ -62.503352983540815, -38.737991832205445, 0.0 ], [ -62.495024871425009, -38.746185505337991, 0.0 ], [ -62.511562124577019, -38.758915622942389, 0.0 ], [ -62.487672335995967, -38.77118174366678, 0.0 ], [ -62.47396664089149, -38.80255493778067, 0.0 ], [ -62.476357998398626, -38.784352061719005, 0.0 ], [ -62.420714304236377, -38.773144799799375, 0.0 ], [ -62.412139320707432, -38.786136656949544, 0.0 ], [ -62.406517844220787, -38.766446616863512, 0.0 ], [ -62.375882283676127, -38.790717119343995, 0.0 ], [ -62.37362179633282, -38.769212740400505, 0.0 ], [ -62.352890742107249, -38.76951017311454, 0.0 ], [ -62.368833131776412, -38.78096132873052, 0.0 ], [ -62.343997506134407, -38.773614743433377, 0.0 ], [ -62.356846595631737, -38.787653562295645, 0.0 ], [ -62.340577030552936, -38.802079045255077, 0.0 ], [ -62.327252050449005, -38.789646362278361, 0.0 ], [ -62.306193819915485, -38.7992950761084, 0.0 ], [ -62.337216042307901, -38.814464139693875, 0.0 ], [ -62.352236390389677, -38.80268580801804, 0.0 ], [ -62.353277403954976, -38.815118491788496, 0.0 ], [ -62.371866942815196, -38.799354562721639, 0.0 ], [ -62.365591114610964, -38.815237465141564, 0.0 ], [ -62.39726768961927, -38.795606912029967, 0.0 ], [ -62.388523169741738, -38.815029261643282, 0.0 ], [ -62.414013146202997, -38.817497953285674, 0.0 ], [ -62.393341579313827, -38.820680482278313, 0.0 ], [ -62.395304634466555, -38.834451612021354, 0.0 ], [ -62.38715854977341, -38.838058875502107, 0.0 ], [ -62.375784725737944, -38.825638089443437, 0.0 ], [ -62.371953793733489, -38.843674403252884, 0.0 ], [ -62.360794121773566, -38.826685052476378, 0.0 ], [ -62.347897443125738, -38.846410783028702, 0.0 ], [ -62.336047727585353, -38.836440841663638, 0.0 ], [ -62.326149169011764, -38.838177848309876, 0.0 ], [ -62.351952045754466, -38.863036870888585, 0.0 ], [ -62.320528881894539, -38.904268171323459, 0.0 ], [ -62.345713097884236, -38.950310741196688, 0.0 ], [ -62.321742407927033, -38.96844223375188, 0.0 ], [ -62.321371211475224, -38.995753688198214, 0.0 ], [ -62.300384366464051, -38.993398021344795, 0.0 ], [ -62.316945414191302, -39.002992007889702, 0.0 ], [ -62.29928505493173, -39.025006781348381, 0.0 ], [ -62.306613794887227, -39.052894064517275, 0.0 ], [ -62.354160183774589, -39.101106703123676, 0.0 ], [ -62.330546412446061, -39.116582717750511, 0.0 ], [ -62.352018669307519, -39.113004008228202, 0.0 ], [ -62.33233576755881, -39.132496553103785, 0.0 ], [ -62.342234325234088, -39.162953653761768, 0.0 ], [ -62.286364580810357, -39.23329528001657, 0.0 ], [ -62.26029520716051, -39.231239425816263, 0.0 ], [ -62.237414310186878, -39.25158857595008, 0.0 ], [ -62.301687119458755, -39.245043075000297, 0.0 ], [ -62.316915670972236, -39.266053715616451, 0.0 ], [ -62.129890035554418, -39.292722715004977, 0.0 ], [ -62.06229430774092, -39.319829535275147, 0.0 ], [ -62.009277536302754, -39.366995211246739, 0.0 ], [ -62.031811032298158, -39.393579739651578, 0.0 ], [ -62.085586850506992, -39.390105725368244, 0.0 ], [ -62.167464104301899, -39.331118887639391, 0.0 ], [ -62.185013819864544, -39.298358468739863, 0.0 ], [ -62.288496577627001, -39.298638054640868, 0.0 ], [ -62.277146549065087, -39.306752016688272, 0.0 ], [ -62.28590296623026, -39.317316824226566, 0.0 ], [ -62.260561705864276, -39.315431100600556, 0.0 ], [ -62.262512864627702, -39.318911063509105, 0.0 ], [ -62.274433963893813, -39.317364412999538, 0.0 ], [ -62.286830956461472, -39.32293235185513, 0.0 ], [ -62.259824073133338, -39.322289897966428, 0.0 ], [ -62.279930518860418, -39.325859088310729, 0.0 ], [ -62.262608042928676, -39.347226648556642, 0.0 ], [ -62.230318756709472, -39.353008738890416, 0.0 ], [ -62.203121517677715, -39.346845934691039, 0.0 ], [ -62.211568604466351, -39.360932343654291, 0.0 ], [ -62.239313119627099, -39.360194710697051, 0.0 ], [ -62.194174743910573, -39.376969911518287, 0.0 ], [ -62.207591001830522, -39.401039111076628, 0.0 ], [ -62.192433834941085, -39.382265163300481, 0.0 ], [ -62.180441351949241, -39.396970232571263, 0.0 ], [ -62.167068780898177, -39.375269548973215, 0.0 ], [ -62.172227451638662, -39.390774117239417, 0.0 ], [ -62.164032589323909, -39.397455642906159, 0.0 ], [ -62.149855760192239, -39.380023712388585, 0.0 ], [ -62.147191952642565, -39.397808992621243, 0.0 ], [ -62.160487192222384, -39.400039737597822, 0.0 ], [ -62.147995021353744, -39.402865348314855, 0.0 ], [ -62.14121355752723, -39.395013125213367, 0.0 ], [ -62.045499739362306, -39.447420755098221, 0.0 ], [ -62.089579253785459, -39.540100761031823, 0.0 ], [ -62.119054826990272, -39.662553773175659, 0.0 ], [ -62.092226403874797, -39.679834609237922, 0.0 ], [ -62.122713247425899, -39.707674302963547, 0.0 ], [ -62.111767727541469, -39.706068166034164, 0.0 ], [ -62.124914250127695, -39.74223597413431, 0.0 ], [ -62.119440998357874, -39.845709215463366, 0.0 ], [ -62.16209283736795, -39.828934015725274, 0.0 ], [ -62.214060265163184, -39.842639710043358, 0.0 ], [ -62.23654617200809, -39.81697722331198, 0.0 ], [ -62.389705658082832, -39.780345917228466, 0.0 ], [ -62.374927520954493, -39.763763428598104, 0.0 ], [ -62.396518706674733, -39.754707336010242, 0.0 ], [ -62.410278320459206, -39.724315642882601, 0.0 ], [ -62.477359771755708, -39.693271637212639, 0.0 ], [ -62.487262725785982, -39.664318085341129, 0.0 ], [ -62.475563049559319, -39.628372192475318, 0.0 ], [ -62.492565155718019, -39.606006622394538, 0.0 ], [ -62.618106842087691, -39.547039031807742, 0.0 ], [ -62.626754761631133, -39.529399872078322, 0.0 ], [ -62.692329406717832, -39.534236907985786, 0.0 ], [ -62.755111693541075, -39.506027222337792, 0.0 ], [ -62.855091094458999, -39.530426025459008, 0.0 ], [ -62.913288115967404, -39.503635405927078, 0.0 ], [ -62.963092803902015, -39.516181945873448, 0.0 ], [ -62.972557068358249, -39.502624512571273, 0.0 ], [ -63.014450072600063, -39.501659393032163, 0.0 ], [ -63.01584625218095, -39.48534774801449, 0.0 ], [ -63.028614044145058, -39.494289397811563, 0.0 ], [ -63.032608032051698, -39.480381011892824, 0.0 ], [ -63.073776244979555, -39.476528167736369, 0.0 ], [ -63.065979003959015, -39.459930420473057, 0.0 ], [ -63.09707641623902, -39.470775603963361, 0.0 ], [ -63.091938018677894, -39.451984405382603, 0.0 ], [ -63.113662720100486, -39.452301025312565, 0.0 ], [ -63.101966858120512, -39.425571442105706, 0.0 ], [ -63.137844085653079, -39.392650603737586, 0.0 ], [ -63.172405243565166, -39.412666320911811, 0.0 ], [ -63.288372040646315, -39.346366882415559, 0.0 ], [ -63.383512932187649, -39.328717168962427, 0.0 ], [ -63.383609757998869, -38.828766236428578, 0.0 ], [ -62.900188445913138, -38.455791473370496, 0.0 ] ] ], [ [ [ -62.020732879755293, -39.087177277143248, 0.0 ], [ -61.98670959530611, -39.09756851228903, 0.0 ], [ -62.001483917289434, -39.104743958014836, 0.0 ], [ -61.99874114962293, -39.109157561388542, 0.0 ], [ -61.989612578401847, -39.109512328599529, 0.0 ], [ -62.002937316858976, -39.116168976118971, 0.0 ], [ -61.999111175569922, -39.130046844512037, 0.0 ], [ -61.989719390784074, -39.12603759842878, 0.0 ], [ -61.987735748041665, -39.109088898359623, 0.0 ], [ -61.999538422403873, -39.105453490468882, 0.0 ], [ -61.985652924105388, -39.10076904292535, 0.0 ], [ -61.984703063490265, -39.095676422036441, 0.0 ], [ -61.99029540940888, -39.089706421016075, 0.0 ], [ -61.977245330849883, -39.090061188504244, 0.0 ], [ -61.980503082007516, -39.101375579622761, 0.0 ], [ -61.966880798172099, -39.114536285515854, 0.0 ], [ -61.975234984787328, -39.090190886898611, 0.0 ], [ -61.931720733460089, -39.095596312856379, 0.0 ], [ -61.928100585747153, -39.099205017543731, 0.0 ], [ -61.93244934081735, -39.102527618013177, 0.0 ], [ -61.930080414242859, -39.106281280458425, 0.0 ], [ -61.936897277979774, -39.102264403668755, 0.0 ], [ -61.941417694812571, -39.102664948422259, 0.0 ], [ -61.945064544947321, -39.106739043520157, 0.0 ], [ -61.943164825513712, -39.114185333151973, 0.0 ], [ -61.912868500261339, -39.101657866950021, 0.0 ], [ -61.926403045642957, -39.111644744698069, 0.0 ], [ -61.917346954092267, -39.111469269201528, 0.0 ], [ -61.924839019444498, -39.120628356954008, 0.0 ], [ -61.913486480989697, -39.131542206311764, 0.0 ], [ -61.923145294485316, -39.141258240049304, 0.0 ], [ -61.934108733963015, -39.138500214163649, 0.0 ], [ -61.947246551874123, -39.147335052215446, 0.0 ], [ -61.928699492547068, -39.140003204108936, 0.0 ], [ -61.90929412800034, -39.162647246569257, 0.0 ], [ -61.904693603902082, -39.145477295202738, 0.0 ], [ -61.888645171706891, -39.158645629962486, 0.0 ], [ -61.887756348022066, -39.106651305644384, 0.0 ], [ -61.895580292362737, -39.09090042149149, 0.0 ], [ -61.884796143141031, -39.09658431994837, 0.0 ], [ -61.870716094904822, -39.150180817007893, 0.0 ], [ -61.885463714466319, -39.159057617514407, 0.0 ], [ -61.87973022435196, -39.165023804343015, 0.0 ], [ -61.869010924510604, -39.165000915557577, 0.0 ], [ -61.865036011430732, -39.194015502594205, 0.0 ], [ -61.873592377375381, -39.19202041601956, 0.0 ], [ -61.883399963560144, -39.199890137061502, 0.0 ], [ -61.863586426107879, -39.193923949649275, 0.0 ], [ -61.864940642686911, -39.162120818962698, 0.0 ], [ -61.852367400660491, -39.193611144884656, 0.0 ], [ -61.852069855282203, -39.224666594982345, 0.0 ], [ -61.869819640929975, -39.244331359896961, 0.0 ], [ -61.949806213241331, -39.178596496302788, 0.0 ], [ -62.056797028732191, -39.157665252504984, 0.0 ], [ -62.054466248217921, -39.136253357308753, 0.0 ], [ -62.039627075057602, -39.134559631209719, 0.0 ], [ -62.034873961328557, -39.115570067618691, 0.0 ], [ -62.041374206657061, -39.109416962272029, 0.0 ], [ -62.016166687470573, -39.11767196665167, 0.0 ], [ -62.032089233355123, -39.10986709611587, 0.0 ], [ -62.012989044476704, -39.107559203733686, 0.0 ], [ -62.011318207692653, -39.100238799358408, 0.0 ], [ -62.020732879755293, -39.087177277143248, 0.0 ] ] ], [ [ [ -62.079212274096847, -38.983865152020854, 0.0 ], [ -62.011466980381797, -39.008682251317275, 0.0 ], [ -62.020156860232198, -39.01947403007685, 0.0 ], [ -62.008216858615882, -39.01480483999373, 0.0 ], [ -62.040519713887441, -39.039772033769175, 0.0 ], [ -62.074451446534468, -39.003360747802674, 0.0 ], [ -62.097080231323623, -39.023807526225191, 0.0 ], [ -62.112010955387809, -39.00872802643682, 0.0 ], [ -62.126770020384356, -39.004623413270949, 0.0 ], [ -62.079212274096847, -38.983865152020854, 0.0 ] ] ], [ [ [ -62.03767013473702, -39.081726073589934, 0.0 ], [ -62.014461517076349, -39.106830597030488, 0.0 ], [ -62.022819518836606, -39.103057861095905, 0.0 ], [ -62.037776947119255, -39.103126526514522, 0.0 ], [ -62.042793273514746, -39.111259460014438, 0.0 ], [ -62.03631973330301, -39.115051269768344, 0.0 ], [ -62.05537414583118, -39.134723662939507, 0.0 ], [ -62.061180115615926, -39.150394439995679, 0.0 ], [ -62.072883605190988, -39.148670196567757, 0.0 ], [ -62.074691771924101, -39.134696959817923, 0.0 ], [ -62.061389922540435, -39.135047913127494, 0.0 ], [ -62.080127715761869, -39.085540770962723, 0.0 ], [ -62.03767013473702, -39.081726073589934, 0.0 ] ] ], [ [ [ -62.159534453405108, -39.195350647234264, 0.0 ], [ -62.064479827978808, -39.245998382786887, 0.0 ], [ -62.114730834879182, -39.243835449200631, 0.0 ], [ -62.159534453405108, -39.195350647234264, 0.0 ] ] ], [ [ [ -61.908397674923805, -39.10754394509749, 0.0 ], [ -61.904541016067931, -39.135475159031301, 0.0 ], [ -61.910766602396627, -39.154045104786981, 0.0 ], [ -61.920616149786639, -39.141963959540277, 0.0 ], [ -61.910198211366911, -39.128440857683309, 0.0 ], [ -61.922447205593187, -39.119953155768407, 0.0 ], [ -61.908397674923805, -39.10754394509749, 0.0 ] ] ], [ [ [ -62.018165588098078, -39.238922119579478, 0.0 ], [ -61.996955871963245, -39.248424529915425, 0.0 ], [ -62.011043548692854, -39.261699676509608, 0.0 ], [ -62.032760619825417, -39.251445769308305, 0.0 ], [ -62.018165588098078, -39.238922119579478, 0.0 ] ] ], [ [ [ -62.257747718863733, -38.827218469915827, 0.0 ], [ -62.227420879637812, -38.857293533831381, 0.0 ], [ -62.270973274330331, -38.839425496741086, 0.0 ], [ -62.257747718863733, -38.827218469915827, 0.0 ] ] ], [ [ [ -62.260677405279623, -38.932485010128133, 0.0 ], [ -62.283207005281632, -38.951844592454826, 0.0 ], [ -62.294113225668987, -38.944932364059426, 0.0 ], [ -62.280403203379763, -38.926236537346597, 0.0 ], [ -62.260677405279623, -38.932485010128133, 0.0 ] ] ], [ [ [ -62.127208709958396, -39.006065369075031, 0.0 ], [ -62.122264862334973, -39.028648375980403, 0.0 ], [ -62.140640259001117, -39.035545348791842, 0.0 ], [ -62.138080596735612, -39.013046264817334, 0.0 ], [ -62.127208709958396, -39.006065369075031, 0.0 ] ] ], [ [ [ -62.29913330163248, -39.023159026988829, 0.0 ], [ -62.302185059214004, -39.009864806571272, 0.0 ], [ -62.270313262328152, -38.999858855767229, 0.0 ], [ -62.278095244565286, -39.017597198363283, 0.0 ], [ -62.29913330163248, -39.023159026988829, 0.0 ] ] ], [ [ [ -62.056533901405693, -38.982053172039578, 0.0 ], [ -62.021812529860995, -38.985970863978402, 0.0 ], [ -62.01414117335446, -38.994138129452843, 0.0 ], [ -62.056533901405693, -38.982053172039578, 0.0 ] ] ], [ [ [ -62.259391853225971, -38.813626707287568, 0.0 ], [ -62.273994514345013, -38.819520413385433, 0.0 ], [ -62.279769964766324, -38.800107424043325, 0.0 ], [ -62.259391853225971, -38.813626707287568, 0.0 ] ] ], [ [ [ -62.302787845837649, -38.87247984052005, 0.0 ], [ -62.286880559634824, -38.877004068909471, 0.0 ], [ -62.30516440180385, -38.878339213078306, 0.0 ], [ -62.294426029830703, -38.892461218067361, 0.0 ], [ -62.312583987485695, -38.88209287426227, 0.0 ], [ -62.302787845837649, -38.87247984052005, 0.0 ] ] ], [ [ [ -62.240474700578282, -39.190383910992274, 0.0 ], [ -62.223861693396678, -39.198070526125122, 0.0 ], [ -62.224548340447036, -39.205154418832819, 0.0 ], [ -62.240474700578282, -39.190383910992274, 0.0 ] ] ], [ [ [ -62.220092772994612, -39.34987258867713, 0.0 ], [ -62.226829529466052, -39.338207245224666, 0.0 ], [ -62.211822509688162, -39.344146728822608, 0.0 ], [ -62.220092772994612, -39.34987258867713, 0.0 ] ] ], [ [ [ -62.308662479249442, -38.855115343098284, 0.0 ], [ -62.299144809949574, -38.846238544570895, 0.0 ], [ -62.294849461519647, -38.852593828499508, 0.0 ], [ -62.308662479249442, -38.855115343098284, 0.0 ] ] ], [ [ [ -62.218368530468588, -39.006687163891051, 0.0 ], [ -62.208904266012368, -39.009105681734859, 0.0 ], [ -62.210418701613868, -39.021320343248561, 0.0 ], [ -62.218368530468588, -39.006687163891051, 0.0 ] ] ], [ [ [ -62.330879274191439, -38.847974231843509, 0.0 ], [ -62.317661349014863, -38.847955158110445, 0.0 ], [ -62.313671175354933, -38.855706620792411, 0.0 ], [ -62.330879274191439, -38.847974231843509, 0.0 ] ] ], [ [ [ -62.285892552959474, -38.871537609763472, 0.0 ], [ -62.281757421755408, -38.869992657786895, 0.0 ], [ -62.279213019171642, -38.872029705049393, 0.0 ], [ -62.267376013894214, -38.873246593102948, 0.0 ], [ -62.285892552959474, -38.871537609763472, 0.0 ] ] ], [ [ [ -62.317844454415848, -38.833661491763927, 0.0 ], [ -62.307815615871554, -38.837651664144857, 0.0 ], [ -62.319248263388445, -38.838281088529207, 0.0 ], [ -62.317844454415848, -38.833661491763927, 0.0 ] ] ], [ [ [ -62.316200320053611, -38.863782332220737, 0.0 ], [ -62.318409030300572, -38.874608440106606, 0.0 ], [ -62.324390474297957, -38.874242228926988, 0.0 ], [ -62.316200320053611, -38.863782332220737, 0.0 ] ] ], [ [ [ -62.296363895324525, -38.954167742861863, 0.0 ], [ -62.30323797994842, -38.961709397517005, 0.0 ], [ -62.29838568502548, -38.952691456007855, 0.0 ], [ -62.296363895324525, -38.954167742861863, 0.0 ] ] ], [ [ [ -62.071193781615079, -38.979066265050086, 0.0 ], [ -62.083950127245849, -38.979642283241425, 0.0 ], [ -62.070755091142715, -38.976891887808598, 0.0 ], [ -62.071193781615079, -38.979066265050086, 0.0 ] ] ], [ [ [ -61.870426178019919, -39.153362273612935, 0.0 ], [ -61.876708983438945, -39.162155151105992, 0.0 ], [ -61.871200561727449, -39.15106201174585, 0.0 ], [ -61.870426178019919, -39.153362273612935, 0.0 ] ] ], [ [ [ -62.284275122815686, -38.852555682106441, 0.0 ], [ -62.28208930074387, -38.858601975608089, 0.0 ], [ -62.286453313699191, -38.858392166930855, 0.0 ], [ -62.284275122815686, -38.852555682106441, 0.0 ] ] ], [ [ [ -62.259056090820536, -39.338127136471947, 0.0 ], [ -62.246025085291663, -39.338500977227227, 0.0 ], [ -62.255081176842346, -39.342674255427987, 0.0 ], [ -62.259056090820536, -39.338127136471947, 0.0 ] ] ], [ [ [ -62.190025330391791, -39.175498961830662, 0.0 ], [ -62.19782257141236, -39.174854279118215, 0.0 ], [ -62.194694519015428, -39.172370911051324, 0.0 ], [ -62.190025330391791, -39.175498961830662, 0.0 ] ] ], [ [ [ -62.28512198439698, -38.958714860935615, 0.0 ], [ -62.291992253875847, -38.961877244013259, 0.0 ], [ -62.294570988273144, -38.954308886822105, 0.0 ], [ -62.28512198439698, -38.958714860935615, 0.0 ] ] ], [ [ [ -62.278797216874388, -38.868974134295549, 0.0 ], [ -62.268222876373798, -38.868779583888319, 0.0 ], [ -62.279289313088704, -38.871068402189991, 0.0 ], [ -62.278797216874388, -38.868974134295549, 0.0 ] ] ], [ [ [ -62.251533507901478, -39.333232879776361, 0.0 ], [ -62.249401093368242, -39.336299895941025, 0.0 ], [ -62.260154724124817, -39.334243773677052, 0.0 ], [ -62.251533507901478, -39.333232879776361, 0.0 ] ] ], [ [ [ -61.919456482247028, -39.097942352027651, 0.0 ], [ -61.907676696958241, -39.09956741274425, 0.0 ], [ -61.912590027014843, -39.100177765426508, 0.0 ], [ -61.919456482247028, -39.097942352027651, 0.0 ] ] ], [ [ [ -62.28353888516839, -38.975308788782286, 0.0 ], [ -62.28898245749955, -38.979112040474917, 0.0 ], [ -62.291210239878289, -38.977311505551988, 0.0 ], [ -62.28353888516839, -38.975308788782286, 0.0 ] ] ], [ [ [ -62.30253607591127, -38.820908961745772, 0.0 ], [ -62.305870120986008, -38.825368342188071, 0.0 ], [ -62.309829775282466, -38.824021753833364, 0.0 ], [ -62.30253607591127, -38.820908961745772, 0.0 ] ] ], [ [ [ -62.240482400936898, -38.871438426704728, 0.0 ], [ -62.236824107163734, -38.87439863180542, 0.0 ], [ -62.241447518538813, -38.874127787458939, 0.0 ], [ -62.240482400936898, -38.871438426704728, 0.0 ] ] ], [ [ [ -62.333259644404336, -38.855531144960892, 0.0 ], [ -62.331962647813974, -38.860913680908411, 0.0 ], [ -62.335796418494731, -38.858899520736671, 0.0 ], [ -62.333259644404336, -38.855531144960892, 0.0 ] ] ], [ [ [ -62.317123477348602, -38.826531824058918, 0.0 ], [ -62.323932710795489, -38.826814112018575, 0.0 ], [ -62.316791597461837, -38.824849543289488, 0.0 ], [ -62.317123477348602, -38.826531824058918, 0.0 ] ] ], [ [ [ -62.032127380313668, -39.10432052561795, 0.0 ], [ -62.037475585697614, -39.104480742883673, 0.0 ], [ -62.032279968147826, -39.103939055832974, 0.0 ], [ -62.032127380313668, -39.10432052561795, 0.0 ] ] ], [ [ [ -61.86328506558457, -39.155738830890371, 0.0 ], [ -61.867195128385781, -39.156314849624458, 0.0 ], [ -61.865200042903282, -39.153678894439501, 0.0 ], [ -61.86328506558457, -39.155738830890371, 0.0 ] ] ], [ [ [ -62.310127321559072, -38.988797554563796, 0.0 ], [ -62.311782900458034, -38.99189127257663, 0.0 ], [ -62.313003604029646, -38.987988839473971, 0.0 ], [ -62.310127321559072, -38.988797554563796, 0.0 ] ] ], [ [ [ -62.254531929809637, -38.868924543093264, 0.0 ], [ -62.258007119080119, -38.868218824306595, 0.0 ], [ -62.257347175349892, -38.866853163266036, 0.0 ], [ -62.254531929809637, -38.868924543093264, 0.0 ] ] ], [ [ [ -62.264911719474185, -38.86485807687589, 0.0 ], [ -62.269313880286369, -38.8657545300957, 0.0 ], [ -62.264873573413986, -38.863915847212859, 0.0 ], [ -62.264911719474185, -38.86485807687589, 0.0 ] ] ], [ [ [ -62.260311196274273, -38.866162702501292, 0.0 ], [ -62.260341712942775, -38.867619917092789, 0.0 ], [ -62.262294838118351, -38.866521283881205, 0.0 ], [ -62.260311196274273, -38.866162702501292, 0.0 ] ] ], [ [ [ -62.261695931318435, -38.862180160038456, 0.0 ], [ -62.263931342190567, -38.862595961863249, 0.0 ], [ -62.264392921736366, -38.861882613947976, 0.0 ], [ -62.261695931318435, -38.862180160038456, 0.0 ] ] ], [ [ [ -62.257244179011003, -38.864636823977762, 0.0 ], [ -62.25902945846731, -38.865315839789126, 0.0 ], [ -62.259182045403158, -38.865235731841778, 0.0 ], [ -62.257244179011003, -38.864636823977762, 0.0 ] ] ], [ [ [ -62.253540108887599, -38.865643904428147, 0.0 ], [ -62.25452811466463, -38.86610166857664, 0.0 ], [ -62.254737923385754, -38.865495131441968, 0.0 ], [ -62.253540108887599, -38.865643904428147, 0.0 ] ] ] ] } },
{ "type": "Feature", "properties": { "loc": "AR082042" }, "geometry": { "type": "Polygon", "coordinates": [ [ [ -61.468718843739673, -33.467457657122978, 0.0 ], [ -61.422263807311197, -33.443157026447707, 0.0 ], [ -61.125938556764936, -33.833148900814315, 0.0 ], [ -61.717601437457695, -34.383606962430484, 0.0 ], [ -62.879730169615144, -34.383487989335521, 0.0 ], [ -62.138195552345877, -33.407667910827193, 0.0 ], [ -61.522043360027872, -33.398095765098361, 0.0 ], [ -61.468718843739673, -33.467457657122978, 0.0 ] ] ] } },
{ "type": "Feature", "properties": { "loc": "AR006112" }, "geometry": { "type": "Polygon", "coordinates": [ [ [ -60.714096069224823, -34.646961212163305, 0.0 ], [ -60.685089111171123, -34.656841277376309, 0.0 ], [ -60.686901093049251, -34.706733703849942, 0.0 ], [ -60.658126830993496, -34.708393097215392, 0.0 ], [ -60.625263214083901, -34.743038177144506, 0.0 ], [ -60.58672332794692, -34.81703567477529, 0.0 ], [ -60.539985657275558, -34.821914673063134, 0.0 ], [ -60.528629302777418, -34.841117858555478, 0.0 ], [ -60.494426727173931, -34.838581085278491, 0.0 ], [ -60.454208374861167, -34.864597320954658, 0.0 ], [ -60.453884124366105, -34.930965423377771, 0.0 ], [ -60.475959777807283, -34.940765380812401, 0.0 ], [ -60.486049652383571, -34.980705261371419, 0.0 ], [ -60.435489655568162, -35.016220093444872, 0.0 ], [ -60.43930816656718, -35.035682678085287, 0.0 ], [ -60.38908004874024, -35.088382721490859, 0.0 ], [ -60.329143523227472, -35.127861022908462, 0.0 ], [ -60.365161895854115, -35.160026550111262, 0.0 ], [ -60.338630675858823, -35.180564879863546, 0.0 ], [ -60.353927611623305, -35.194366454669257, 0.0 ], [ -60.315799713536862, -35.223621367574658, 0.0 ], [ -60.527904510565165, -35.410175323147371, 0.0 ], [ -60.873039245966957, -35.143459319348366, 0.0 ], [ -60.7546806341362, -35.04078292841821, 0.0 ], [ -60.847908019799263, -34.968059539676588, 0.0 ], [ -60.725421906156136, -34.860595703235305, 0.0 ], [ -60.816024780173308, -34.788906096750999, 0.0 ], [ -60.764774322959177, -34.740741730281542, 0.0 ], [ -60.795936583721243, -34.716701508263512, 0.0 ], [ -60.714096069224823, -34.646961212163305, 0.0 ] ] ] } },
{ "type": "Feature", "properties": { "loc": "AR014147" }, "geometry": { "type": "Polygon", "coordinates": [ [ [ -64.406893017635213, -31.355118600398946, 0.0 ], [ -64.35108609509426, -31.37133734796085, 0.0 ], [ -64.310091246236439, -31.363091001707772, 0.0 ], [ -64.309785978939956, -31.524999375652609, 0.0 ], [ -64.057384187485681, -31.524983895556144, 0.0 ], [ -64.056063540050502, -31.421109983330322, 0.0 ], [ -63.975042574757495, -31.452107985830924, 0.0 ], [ -63.95210297288002, -31.439694363080356, 0.0 ], [ -63.956748702, -31.53647182362182, 0.0 ], [ -63.934107238388918, -31.558247201261413, 0.0 ], [ -64.016609104275588, -31.620397815827019, 0.0 ], [ -63.985281878691374, -31.651136488006326, 0.0 ], [ -64.014614068200444, -31.656003439752663, 0.0 ], [ -64.045887620344743, -31.687066089983681, 0.0 ], [ -64.050343900161195, -31.78550573844019, 0.0 ], [ -64.012600096537412, -31.750039233761619, 0.0 ], [ -63.947788181314081, -31.75286231224279, 0.0 ], [ -63.946873744863865, -31.874438680620017, 0.0 ], [ -63.91808874614383, -31.874602929461719, 0.0 ], [ -63.919286859780968, -32.009833262694855, 0.0 ], [ -63.974445255280664, -31.998013884152115, 0.0 ], [ -63.973793688340464, -31.95175111858352, 0.0 ], [ -64.084101465644295, -31.950585976896754, 0.0 ], [ -64.084511770252007, -32.004652789765359, 0.0 ], [ -64.241407551714332, -32.004466521654955, 0.0 ], [ -64.223728965637662, -31.929655282934238, 0.0 ], [ -64.254420606208896, -31.931283785892145, 0.0 ], [ -64.254283213377775, -31.912626609182045, 0.0 ], [ -64.274288717212997, -31.912657834411242, 0.0 ], [ -64.274767700719124, -31.944975200445146, 0.0 ], [ -64.288253237612096, -31.949969133708585, 0.0 ], [ -64.287238460242975, -31.842232092256975, 0.0 ], [ -64.335353738725033, -31.841108518070712, 0.0 ], [ -64.333081109752356, -31.807597142878272, 0.0 ], [ -64.370179984985882, -31.817478430052091, 0.0 ], [ -64.378595990065719, -31.845669477520392, 0.0 ], [ -64.405386052423609, -31.837296587004747, 0.0 ], [ -64.426511142767112, -31.857201717947273, 0.0 ], [ -64.432130691469155, -31.839999638980661, 0.0 ], [ -64.495529376189211, -31.846470881500949, 0.0 ], [ -64.494270383725251, -31.823193481303274, 0.0 ], [ -64.515349958229947, -31.81613008904489, 0.0 ], [ -64.527434705387989, -31.852061960299388, 0.0 ], [ -64.552718731392261, -31.868763152063433, 0.0 ], [ -64.547318077870443, -31.880879609061708, 0.0 ], [ -64.582163864285363, -31.878414427627348, 0.0 ], [ -64.609142564768078, -31.89660064365734, 0.0 ], [ -64.834533310999518, -31.865261192476474, 0.0 ], [ -64.894940062342712, -31.906930926939481, 0.0 ], [ -64.928153934178198, -31.909056756493335, 0.0 ], [ -64.884703268301706, -31.846709130817249, 0.0 ], [ -64.887325764128093, -31.82806316571352, 0.0 ], [ -64.783517002359147, -31.826652246143531, 0.0 ], [ -64.759966551478357, -31.759866879781207, 0.0 ], [ -64.726859429143019, -31.735372841071865, 0.0 ], [ -64.717102843011887, -31.671190661151403, 0.0 ], [ -64.677755942763, -31.675795574584026, 0.0 ], [ -64.664011559914158, -31.692375462602328, 0.0 ], [ -64.639494528075886, -31.678307377732839, 0.0 ], [ -64.633124195307133, -31.694428889204811, 0.0 ], [ -64.59981012718147, -31.693904337796106, 0.0 ], [ -64.598097759485213, -31.709847480564427, 0.0 ], [ -64.548032086706044, -31.690979052256708, 0.0 ], [ -64.547248143127248, -31.548203065649133, 0.0 ], [ -64.479766437574469, -31.420777436532987, 0.0 ], [ -64.448185949063884, -31.41799595125924, 0.0 ], [ -64.446223003505622, -31.434532323363722, 0.0 ], [ -64.428767205907633, -31.421976112557061, 0.0 ], [ -64.429571634668136, -31.363416870078726, 0.0 ], [ -64.406893017635213, -31.355118600398946, 0.0 ] ] ] } },
{ "type": "Feature", "properties": { "loc": "AR090056" }, "geometry": { "type": "Polygon", "coordinates": [ [ [ -65.291424392135099, -26.927359336058977, 0.0 ], [ -65.250977669212489, -26.973487249487135, 0.0 ], [ -65.26917333275324, -27.020967260983422, 0.0 ], [ -65.256502858877099, -27.022297868303436, 0.0 ], [ -65.24904578380351, -26.997042332543412, 0.0 ], [ -65.121312640230244, -27.025949268255932, 0.0 ], [ -65.049651168881837, -27.029449160712289, 0.0 ], [ -65.046546134017447, -27.015124835936998, 0.0 ], [ -64.781179149408644, -27.076638065537448, 0.0 ], [ -64.85406414503862, -27.317308912634541, 0.0 ], [ -64.934367085128414, -27.344428634987569, 0.0 ], [ -64.937523738087364, -27.357878723243743, 0.0 ], [ -64.974286409842662, -27.350621367223933, 0.0 ], [ -65.008867909206046, -27.483712550310504, 0.0 ], [ -65.040437757172086, -27.477666540979708, 0.0 ], [ -65.063131182034141, -27.44232970837616, 0.0 ], [ -65.063288152748569, -27.46162972798744, 0.0 ], [ -65.104219146661066, -27.446912860523621, 0.0 ], [ -65.088642206022499, -27.438572028557132, 0.0 ], [ -65.09271135776558, -27.421000847717572, 0.0 ], [ -65.111453781802297, -27.426428283769951, 0.0 ], [ -65.157238543874797, -27.371956731772734, 0.0 ], [ -65.193428695943325, -27.36184075244288, 0.0 ], [ -65.219668276983313, -27.333064587101422, 0.0 ], [ -65.217374901419149, -27.315288277696542, 0.0 ], [ -65.300805381866169, -27.267265649696391, 0.0 ], [ -65.301304118427069, -27.224121729959126, 0.0 ], [ -65.335005839242228, -27.216513618009856, 0.0 ], [ -65.368865865668312, -27.16206709568889, 0.0 ], [ -65.426516759992992, -27.127741110899137, 0.0 ], [ -65.389996468972711, -27.088707501964933, 0.0 ], [ -65.343001307004954, -27.103102754449345, 0.0 ], [ -65.351350659785638, -27.087394954187491, 0.0 ], [ -65.310657334944523, -27.027475026949084, 0.0 ], [ -65.314750591181607, -27.010011603880152, 0.0 ], [ -65.300534008903668, -27.020119717608793, 0.0 ], [ -65.283824609797151, -26.986355546935119, 0.0 ], [ -65.314031008299679, -26.986476144079163, 0.0 ], [ -65.291424392135099, -26.927359336058977, 0.0 ] ] ] } },
{ "type": "Feature", "properties": { "loc": "AR014014" }, "geometry": { "type": "Polygon", "coordinates": [ [ [ -64.285464238149501, -31.308558457242352, 0.0 ], [ -64.057384245876179, -31.308532331412533, 0.0 ], [ -64.057384187485681, -31.524983895556144, 0.0 ], [ -64.309785978939956, -31.524999375652609, 0.0 ], [ -64.310074463910297, -31.322805923956611, 0.0 ], [ -64.298256542442786, -31.328717436918549, 0.0 ], [ -64.285464238149501, -31.308558457242352, 0.0 ] ] ] } },
{ "type": "Feature", "properties": { "loc": "AR006476" }, "geometry": { "type": "Polygon", "coordinates": [ [ [ -58.507389075243111, -37.805713653728368, 0.0 ], [ -58.590686804454066, -37.877822876412118, 0.0 ], [ -58.328887939831873, -38.074039458361888, 0.0 ], [ -58.343322762418197, -38.159481048494094, 0.0 ], [ -58.323188789615877, -38.223495483820294, 0.0 ], [ -58.338283546949249, -38.251136779608331, 0.0 ], [ -58.283809671289319, -38.315608978661224, 0.0 ], [ -58.270214089875729, -38.354400635066824, 0.0 ], [ -58.285106667879674, -38.385219574322434, 0.0 ], [ -58.237955694922505, -38.44575480075121, 0.0 ], [ -58.497551399987906, -38.53747128290204, 0.0 ], [ -58.619801697784112, -38.561977167755046, 0.0 ], [ -58.707519537044924, -38.495170596154523, 0.0 ], [ -58.739910130770284, -38.516040801857365, 0.0 ], [ -58.751926428100326, -38.488658905533185, 0.0 ], [ -58.74005127586436, -38.480995177029634, 0.0 ], [ -58.774242406032826, -38.436260222620938, 0.0 ], [ -58.808479313449858, -38.329612732346888, 0.0 ], [ -58.867168431172566, -38.291622161822737, 0.0 ], [ -58.907100680847115, -38.245399475076105, 0.0 ], [ -58.920074467285666, -38.193260192867598, 0.0 ], [ -58.951656345489994, -38.182880402298977, 0.0 ], [ -58.954151157476815, -38.155391693154478, 0.0 ], [ -59.038700106927898, -38.087043761304521, 0.0 ], [ -59.07854843419198, -38.020427704121509, 0.0 ], [ -59.125408175130659, -37.99528503387765, 0.0 ], [ -59.127399447264786, -37.973953247033847, 0.0 ], [ -59.168277741511112, -37.93633270317477, 0.0 ], [ -59.167972566741106, -37.886184691750273, 0.0 ], [ -58.808990478202716, -37.578044890981509, 0.0 ], [ -58.507389075243111, -37.805713653728368, 0.0 ] ] ] } },
{ "type": "Feature", "properties": { "loc": "AR054028" }, "geometry": { "type": "MultiPolygon", "coordinates": [ [ [ [ -56.006749892326368, -27.339667799721681, 0.0 ], [ -55.975489193277149, -27.355628547066875, 0.0 ], [ -55.896346250408669, -27.342717624127811, 0.0 ], [ -55.838907891192008, -27.407475562356002, 0.0 ], [ -55.806325599679958, -27.420183163058446, 0.0 ], [ -55.792910309245563, -27.43563025035812, 0.0 ], [ -55.808429718180051, -27.473834991429289, 0.0 ], [ -55.783985138164383, -27.49545288093627, 0.0 ], [ -55.787910461545643, -27.551092148362656, 0.0 ], [ -55.808433532426747, -27.566873550432714, 0.0 ], [ -55.723167419256811, -27.584379195532257, 0.0 ], [ -55.719997405654645, -27.602579117067471, 0.0 ], [ -55.679290770475951, -27.590574264474107, 0.0 ], [ -55.651355742406388, -27.630796432299114, 0.0 ], [ -55.608657836890202, -27.640924453977718, 0.0 ], [ -55.616210936477792, -27.708400725608808, 0.0 ], [ -55.657268524573361, -27.70621108938375, 0.0 ], [ -55.661994934083978, -27.743217468186657, 0.0 ], [ -55.692398071718557, -27.740879059131238, 0.0 ], [ -55.721847533592992, -27.711095809677659, 0.0 ], [ -55.744819641009016, -27.716869353823114, 0.0 ], [ -55.766750336007753, -27.695327758809182, 0.0 ], [ -55.769046782911872, -27.726936340716744, 0.0 ], [ -55.852761693334031, -27.757046516528597, 0.0 ], [ -55.978454993764082, -27.542838925124244, 0.0 ], [ -56.027288131261045, -27.506890247248013, 0.0 ], [ -56.054889878072004, -27.450972915039422, 0.0 ], [ -56.055544229789568, -27.421170166242497, 0.0 ], [ -56.035973163802169, -27.414269728913194, 0.0 ], [ -56.028888276022137, -27.38285490969448, 0.0 ], [ -56.039329543689796, -27.345882105138458, 0.0 ], [ -56.024264331047803, -27.324261579453612, 0.0 ], [ -56.006749892326368, -27.339667799721681, 0.0 ] ] ], [ [ [ -55.947100290511976, -27.335238715291052, 0.0 ], [ -55.928886542986255, -27.3383442833751, 0.0 ], [ -55.960361912438898, -27.341869526599822, 0.0 ], [ -55.947100290511976, -27.335238715291052, 0.0 ] ] ], [ [ [ -56.005098904716824, -27.33742100735742, 0.0 ], [ -55.997125143844634, -27.33859608647661, 0.0 ], [ -55.996201866175383, -27.340274773828565, 0.0 ], [ -56.005098904716824, -27.33742100735742, 0.0 ] ] ] ] } },
{ "type": "Feature", "properties": { "loc": "AR006700" }, "geometry": { "type": "Polygon", "coordinates": [ [ [ -62.044124602816957, -37.752555847125748, 0.0 ], [ -62.098590850881799, -37.93436050378515, 0.0 ], [ -62.15758514337454, -37.966094971202551, 0.0 ], [ -62.169330596849768, -37.993633270076153, 0.0 ], [ -62.245334624892919, -38.040618895638424, 0.0 ], [ -62.278797150399051, -38.087337493861313, 0.0 ], [ -62.332046509139012, -38.107742309262633, 0.0 ], [ -62.347423553067266, -38.135158538499667, 0.0 ], [ -62.439655303561594, -38.055892944050981, 0.0 ], [ -62.474891663089004, -38.06777572584258, 0.0 ], [ -62.468185425082702, -38.049945831410696, 0.0 ], [ -62.490116119183099, -38.0083732598642, 0.0 ], [ -62.574848175831811, -38.07537841771056, 0.0 ], [ -62.895175933764328, -37.819114685050558, 0.0 ], [ -62.581192017282824, -37.549026489035363, 0.0 ], [ -62.629531860212872, -37.509990692039381, 0.0 ], [ -62.425487517769888, -37.348434448045026, 0.0 ], [ -62.044124602816957, -37.752555847125748, 0.0 ] ] ] } },
{ "type": "Feature", "properties": { "loc": "AR006602" }, "geometry": { "type": "MultiPolygon", "coordinates": [ [ [ [ -63.383512932187649, -39.328717168962427, 0.0 ], [ -63.241981506848504, -39.365447997848705, 0.0 ], [ -63.172405243565166, -39.412666320911811, 0.0 ], [ -63.137844085653079, -39.392650603737586, 0.0 ], [ -63.101966858120512, -39.425571442105706, 0.0 ], [ -63.113662720100486, -39.452301025312565, 0.0 ], [ -63.091938018677894, -39.451984405382603, 0.0 ], [ -63.09707641623902, -39.470775603963361, 0.0 ], [ -63.065979003959015, -39.459930420473057, 0.0 ], [ -63.073776244979555, -39.476528167736369, 0.0 ], [ -63.032608032051698, -39.480381011892824, 0.0 ], [ -63.028614044145058, -39.494289397811563, 0.0 ], [ -63.01584625218095, -39.48534774801449, 0.0 ], [ -63.014450072600063, -39.501659393032163, 0.0 ], [ -62.972557068358249, -39.502624512571273, 0.0 ], [ -62.963092803902015, -39.516181945873448, 0.0 ], [ -62.913288115967404, -39.503635405927078, 0.0 ], [ -62.855091094458999, -39.530426025459008, 0.0 ], [ -62.755111693541075, -39.506027222337792, 0.0 ], [ -62.692329406717832, -39.534236907985786, 0.0 ], [ -62.62235259992066, -39.531276703062339, 0.0 ], [ -62.618106842087691, -39.547039031807742, 0.0 ], [ -62.492565155718019, -39.606006622394538, 0.0 ], [ -62.475563049559319, -39.628372192475318, 0.0 ], [ -62.487262725785982, -39.664318085341129, 0.0 ], [ -62.477359771755708, -39.693271637212639, 0.0 ], [ -62.410278320459206, -39.724315642882601, 0.0 ], [ -62.396518706674733, -39.754707336010242, 0.0 ], [ -62.374927520954493, -39.763763428598104, 0.0 ], [ -62.389705658082832, -39.780345917228466, 0.0 ], [ -62.256683349999349, -39.814876556090809, 0.0 ], [ -62.296651357113781, -39.827863257522196, 0.0 ], [ -62.26609907758246, -39.859057991131294, 0.0 ], [ -62.303968198883311, -39.862555798573354, 0.0 ], [ -62.342229931574032, -39.963599610143604, 0.0 ], [ -62.328809772270802, -39.977483764544971, 0.0 ], [ -62.351866748921623, -40.069997209169017, 0.0 ], [ -62.327646811507364, -40.151361390577797, 0.0 ], [ -62.338889764480655, -40.186874846376568, 0.0 ], [ -62.445751358216206, -40.250192304334007, 0.0 ], [ -62.48940256938662, -40.31711464470304, 0.0 ], [ -62.446857806863449, -40.407879185468744, 0.0 ], [ -62.421016861315628, -40.428616188423312, 0.0 ], [ -62.418946728777684, -40.463665648388989, 0.0 ], [ -62.320365659804068, -40.50485411796393, 0.0 ], [ -62.320734476618682, -40.535335014222881, 0.0 ], [ -62.297606114445507, -40.542711342601748, 0.0 ], [ -62.282496537604899, -40.57147902622669, 0.0 ], [ -62.262152146125345, -40.562960556414147, 0.0 ], [ -62.255108941971145, -40.577070759553948, 0.0 ], [ -62.250778322988211, -40.556773957283283, 0.0 ], [ -62.318450193801823, -40.526412035239282, 0.0 ], [ -62.255132737444697, -40.539142151302357, 0.0 ], [ -62.172589233746287, -40.584827802858307, 0.0 ], [ -62.174540392509705, -40.637532863641155, 0.0 ], [ -62.232313704749728, -40.68790605349421, 0.0 ], [ -62.312549131056031, -40.87114834596477, 0.0 ], [ -62.41327171449673, -40.92016524206646, 0.0 ], [ -62.553041254306187, -40.959188403007644, 0.0 ], [ -62.710423564224726, -41.037676114181771, 0.0 ], [ -62.744598573227101, -41.037586884359044, 0.0 ], [ -62.789666574025965, -41.024163782202152, 0.0 ], [ -62.801534581062157, -40.982131227219945, 0.0 ], [ -62.957154170017795, -40.81767499787027, 0.0 ], [ -63.191647195578568, -40.716250264903351, 0.0 ], [ -63.283970281381094, -40.72871864049835, 0.0 ], [ -63.310025379004429, -40.706530166770733, 0.0 ], [ -63.358923302101367, -40.720806931952154, 0.0 ], [ -63.362730439530594, -40.703020461031088, 0.0 ], [ -63.379349551662855, -40.709770314240323, 0.0 ], [ -63.383512932187649, -39.328717168962427, 0.0 ] ] ], [ [ [ -62.163902283302036, -40.360973358010909, 0.0 ], [ -62.141693115056839, -40.386585235910431, 0.0 ], [ -62.152252196773993, -40.396358489395112, 0.0 ], [ -62.13176345860473, -40.39184570313919, 0.0 ], [ -62.136913299804284, -40.401187896851553, 0.0 ], [ -62.137729645615352, -40.410591125312301, 0.0 ], [ -62.143432617264565, -40.420516967729853, 0.0 ], [ -62.198364258223627, -40.436714172685683, 0.0 ], [ -62.173946380629772, -40.368511199826919, 0.0 ], [ -62.163902283302036, -40.360973358010909, 0.0 ] ] ], [ [ [ -62.180404662956398, -40.46089935319268, 0.0 ], [ -62.156623840019314, -40.457675933783193, 0.0 ], [ -62.217144012650301, -40.523475647351297, 0.0 ], [ -62.234912872226488, -40.507953643566204, 0.0 ], [ -62.200939177475917, -40.446643828964874, 0.0 ], [ -62.180404662956398, -40.46089935319268, 0.0 ] ] ], [ [ [ -62.110290526210171, -40.124980927151533, 0.0 ], [ -62.109169006527402, -40.201580047858144, 0.0 ], [ -62.093013762848301, -40.206401825522391, 0.0 ], [ -62.108772277260272, -40.220001221361514, 0.0 ], [ -62.131473540821503, -40.178009033311156, 0.0 ], [ -62.124549865600677, -40.144626616976105, 0.0 ], [ -62.116508484045475, -40.126937866245768, 0.0 ], [ -62.110290526210171, -40.124980927151533, 0.0 ] ] ], [ [ [ -62.343357086388579, -40.285705566073823, 0.0 ], [ -62.311237334721369, -40.297943114970913, 0.0 ], [ -62.328029633057255, -40.341609954984939, 0.0 ], [ -62.344757079317851, -40.341629027831722, 0.0 ], [ -62.343357086388579, -40.285705566073823, 0.0 ] ] ], [ [ [ -62.287662506258734, -40.29948425248223, 0.0 ], [ -62.264919281492261, -40.299430847213124, 0.0 ], [ -62.266963959368333, -40.315116881535552, 0.0 ], [ -62.312057495677458, -40.342857360254975, 0.0 ], [ -62.287662506258734, -40.29948425248223, 0.0 ] ] ], [ [ [ -62.250808715689224, -39.865558623939599, 0.0 ], [ -62.199310303693728, -39.863319396528155, 0.0 ], [ -62.189777373813818, -39.873035431169889, 0.0 ], [ -62.22246170046742, -39.881092071967892, 0.0 ], [ -62.250808715689224, -39.865558623939599, 0.0 ] ] ], [ [ [ -62.15966796910746, -40.019851685333556, 0.0 ], [ -62.149738312655352, -40.034885406183101, 0.0 ], [ -62.119403838647827, -40.025619507247896, 0.0 ], [ -62.155620574560558, -40.036933899105669, 0.0 ], [ -62.168769835211769, -40.027324677345256, 0.0 ], [ -62.15966796910746, -40.019851685333556, 0.0 ] ] ], [ [ [ -62.369338989282568, -40.255989075196815, 0.0 ], [ -62.374675751028114, -40.237430572878743, 0.0 ], [ -62.357101440491327, -40.233909607475155, 0.0 ], [ -62.357063292634464, -40.250976561592175, 0.0 ], [ -62.369338989282568, -40.255989075196815, 0.0 ] ] ], [ [ [ -62.353603363045707, -40.22306442271276, 0.0 ], [ -62.342670441134857, -40.207454680603362, 0.0 ], [ -62.319168091444276, -40.194419861100435, 0.0 ], [ -62.332969666434003, -40.212684631540419, 0.0 ], [ -62.353603363045707, -40.22306442271276, 0.0 ] ] ], [ [ [ -62.157833099054194, -40.446758269444587, 0.0 ], [ -62.158535003989655, -40.456462859919654, 0.0 ], [ -62.176700591934676, -40.454364776666985, 0.0 ], [ -62.157833099054194, -40.446758269444587, 0.0 ] ] ], [ [ [ -62.121257782629506, -40.395473479958618, 0.0 ], [ -62.126594542578438, -40.406391144013185, 0.0 ], [ -62.133148192750561, -40.399032592767327, 0.0 ], [ -62.121257782629506, -40.395473479958618, 0.0 ] ] ], [ [ [ -62.072147369340321, -40.251895905459826, 0.0 ], [ -62.081829071011072, -40.25948715218086, 0.0 ], [ -62.074962615778894, -40.245830535663821, 0.0 ], [ -62.072147369340321, -40.251895905459826, 0.0 ] ] ], [ [ [ -62.361705780632896, -40.218627929754334, 0.0 ], [ -62.369091034501224, -40.21496582037409, 0.0 ], [ -62.353328704944225, -40.205677031859942, 0.0 ], [ -62.361705780632896, -40.218627929754334, 0.0 ] ] ], [ [ [ -62.364349365308904, -40.357612609892435, 0.0 ], [ -62.356048584435619, -40.35655975306539, 0.0 ], [ -62.357067107779486, -40.364261627014614, 0.0 ], [ -62.364349365308904, -40.357612609892435, 0.0 ] ] ], [ [ [ -62.113670348533461, -40.386253357181097, 0.0 ], [ -62.125205994185897, -40.38655853284088, 0.0 ], [ -62.112323760447843, -40.379386902313719, 0.0 ], [ -62.113670348533461, -40.386253357181097, 0.0 ] ] ], [ [ [ -62.346397399433386, -40.211929321418701, 0.0 ], [ -62.35324096738875, -40.211662291924917, 0.0 ], [ -62.343383788810407, -40.207073211440779, 0.0 ], [ -62.346397399433386, -40.211929321418701, 0.0 ] ] ], [ [ [ -62.13059616077507, -40.406455994067308, 0.0 ], [ -62.136020660076127, -40.401885986656744, 0.0 ], [ -62.134216308488007, -40.400779724078468, 0.0 ], [ -62.13059616077507, -40.406455994067308, 0.0 ] ] ], [ [ [ -62.115482329513263, -39.874881743614118, 0.0 ], [ -62.123695373729383, -39.881412506264383, 0.0 ], [ -62.113418579505399, -39.865161896192639, 0.0 ], [ -62.115482329513263, -39.874881743614118, 0.0 ] ] ], [ [ [ -62.149635314519834, -39.886608123955412, 0.0 ], [ -62.149909973519634, -39.891239166586232, 0.0 ], [ -62.153179169213999, -39.886840819878181, 0.0 ], [ -62.149635314519834, -39.886608123955412, 0.0 ] ] ] ] } },
{ "type": "Feature", "properties": { "loc": "AR014126" }, "geometry": { "type": "Polygon", "coordinates": [ [ [ -64.975181524429431, -31.40263588802928, 0.0 ], [ -64.802451192454512, -31.418330448969837, 0.0 ], [ -64.783774236737372, -31.504626345573396, 0.0 ], [ -64.75136507842835, -31.516125112876914, 0.0 ], [ -64.772441956190534, -31.560105492110843, 0.0 ], [ -64.711732422290964, -31.692956393061671, 0.0 ], [ -64.726859429143019, -31.735372841071865, 0.0 ], [ -64.759966551478357, -31.759866879781207, 0.0 ], [ -64.783517002359147, -31.826652246143531, 0.0 ], [ -64.887325764128093, -31.82806316571352, 0.0 ], [ -64.884703268301706, -31.846709130817249, 0.0 ], [ -64.928818053277865, -31.909291780019604, 0.0 ], [ -64.995605001789926, -31.859996032917785, 0.0 ], [ -65.018724604490771, -31.878587994113115, 0.0 ], [ -65.044972811154111, -31.872023239538628, 0.0 ], [ -65.105699952033277, -31.915777591555226, 0.0 ], [ -65.251988356552133, -31.948400008976474, 0.0 ], [ -65.352274134185919, -31.92060788706597, 0.0 ], [ -65.352631821772491, -31.904233729955717, 0.0 ], [ -65.605852755493316, -31.895464732960917, 0.0 ], [ -65.606365344974222, -31.908318787107504, 0.0 ], [ -65.770080227876832, -31.888636612012561, 0.0 ], [ -65.770407883885142, -31.743343509553636, 0.0 ], [ -65.502235219895525, -31.759374416496588, 0.0 ], [ -65.48456031421658, -31.691071825439355, 0.0 ], [ -65.470109776502696, -31.691025543578391, 0.0 ], [ -65.469263432351013, -31.619858579923172, 0.0 ], [ -65.399265993048402, -31.620130041804572, 0.0 ], [ -65.399468826351352, -31.64904415875759, 0.0 ], [ -65.273401959713752, -31.649834009278308, 0.0 ], [ -65.261290195723532, -31.673689782498379, 0.0 ], [ -65.236815671266186, -31.67548179509377, 0.0 ], [ -65.250714576920288, -31.567036620952951, 0.0 ], [ -65.166524119946288, -31.559577292461878, 0.0 ], [ -65.166491911750072, -31.490829088121689, 0.0 ], [ -65.182061064893432, -31.490386031766363, 0.0 ], [ -65.171952097524098, -31.453319956952136, 0.0 ], [ -65.133500316353548, -31.450604163404254, 0.0 ], [ -65.06651663499764, -31.413536897154522, 0.0 ], [ -64.975181524429431, -31.40263588802928, 0.0 ] ] ] } },
{ "type": "Feature", "properties": { "loc": "AR006616" }, "geometry": { "type": "Polygon", "coordinates": [ [ [ -63.38417632544855, -35.884159550784453, 0.0 ], [ -62.939235687047869, -36.248500824197471, 0.0 ], [ -62.978965759189613, -36.280212401413969, 0.0 ], [ -62.959312438963217, -36.296249390034966, 0.0 ], [ -63.067890167031038, -36.399517058769142, 0.0 ], [ -63.048450469772455, -36.415515899634016, 0.0 ], [ -63.282455444232632, -36.607727051078037, 0.0 ], [ -63.384052791825646, -36.526194179956327, 0.0 ], [ -63.38417632544855, -35.884159550784453, 0.0 ] ] ] } },
{ "type": "Feature", "properties": { "loc": "AR006140" }, "geometry": { "type": "Polygon", "coordinates": [ [ [ -59.746604919808711, -33.997650146607711, 0.0 ], [ -59.741016388136813, -34.048362732349005, 0.0 ], [ -59.708549499596046, -34.093215941648332, 0.0 ], [ -59.72312545739495, -34.130828857288442, 0.0 ], [ -59.675720215398293, -34.166770934939734, 0.0 ], [ -59.874702454197198, -34.264137267447957, 0.0 ], [ -59.894496917721042, -34.23648071281302, 0.0 ], [ -59.9707870484024, -34.286735534467198, 0.0 ], [ -60.040069580554125, -34.268520354730732, 0.0 ], [ -59.984638213989058, -34.196945189671297, 0.0 ], [ -59.985923766941021, -34.083984375080846, 0.0 ], [ -59.895957947580605, -34.077781677321937, 0.0 ], [ -59.844429016221653, -34.052516937544056, 0.0 ], [ -59.812282562132616, -34.01430892926809, 0.0 ], [ -59.746604919808711, -33.997650146607711, 0.0 ] ] ] } },
{ "type": "Feature", "properties": { "loc": "AR006812" }, "geometry": { "type": "Polygon", "coordinates": [ [ [ -57.419166565090194, -36.157215118615703, 0.0 ], [ -57.206275708950642, -36.198657155304851, 0.0 ], [ -57.115189940162587, -36.280148936614481, 0.0 ], [ -57.018512440801885, -36.322274913134365, 0.0 ], [ -57.015842437571706, -36.340484618645299, 0.0 ], [ -57.069702147648307, -36.386756897161447, 0.0 ], [ -57.040767669264987, -36.428398132219243, 0.0 ], [ -57.082847594951126, -36.453514098747618, 0.0 ], [ -57.099601746328474, -36.441429137723638, 0.0 ], [ -57.177059173941146, -36.5119857791356, 0.0 ], [ -57.165241241693842, -36.520572661827821, 0.0 ], [ -57.329536438066633, -36.668567656876512, 0.0 ], [ -57.465759277319101, -36.570419311973346, 0.0 ], [ -57.400661468765001, -36.51253128095356, 0.0 ], [ -57.445060730428708, -36.479000091845343, 0.0 ], [ -57.34424591156791, -36.365428924836436, 0.0 ], [ -57.473365785343589, -36.340244298559561, 0.0 ], [ -57.419166565090194, -36.157215118615703, 0.0 ] ] ] } },
{ "type": "Feature", "properties": { "loc": "AR066133" }, "geometry": { "type": "Polygon", "coordinates": [ [ [ -62.811175678882066, -21.998767870231198, 0.0 ], [ -62.814240371305353, -22.042162169080694, 0.0 ], [ -62.7969559623821, -22.066759993147141, 0.0 ], [ -62.813937795361468, -22.105008290609117, 0.0 ], [ -62.788852214389969, -22.16495043889104, 0.0 ], [ -62.765128293437961, -22.152307956984739, 0.0 ], [ -62.720627996457608, -22.202054806175422, 0.0 ], [ -62.684916268244777, -22.212339940441296, 0.0 ], [ -62.660228127107821, -22.250683425432705, 0.0 ], [ -62.635431695859964, -22.239136773744626, 0.0 ], [ -62.636413223885491, -22.305910397881714, 0.0 ], [ -62.603878853002271, -22.306626616145795, 0.0 ], [ -62.595369901036634, -22.320903382798004, 0.0 ], [ -62.569329079439768, -22.309424861855014, 0.0 ], [ -62.570140476431945, -22.334461550415742, 0.0 ], [ -62.540559016109633, -22.328315402845217, 0.0 ], [ -62.520647687157229, -22.377960478501659, 0.0 ], [ -62.463293158722884, -22.372554342120136, 0.0 ], [ -62.464187835830103, -22.404115512432618, 0.0 ], [ -62.448159786408702, -22.402078694354707, 0.0 ], [ -62.445951647490276, -22.42311312984468, 0.0 ], [ -62.384504445825456, -22.454255514239989, 0.0 ], [ -62.38067827309537, -22.473291202633341, 0.0 ], [ -62.342530754006496, -22.456501726108595, 0.0 ], [ -62.3417328676762, -24.392471276041825, 0.0 ], [ -63.074155405894693, -25.244049347619473, 0.0 ], [ -63.074613967999454, -24.855588656820025, 0.0 ], [ -63.233513409363681, -24.856567573799538, 0.0 ], [ -63.234117163472867, -24.718761801934498, 0.0 ], [ -62.936936234380809, -24.715992840880382, 0.0 ], [ -62.946539388261421, -24.274229929337935, 0.0 ], [ -63.026266827156036, -24.234042860616913, 0.0 ], [ -63.053050096453752, -24.392223767806989, 0.0 ], [ -63.171883418504834, -24.304538828485011, 0.0 ], [ -63.160990868679463, -24.2217115878382, 0.0 ], [ -63.203707337880999, -24.216982587464386, 0.0 ], [ -63.232060950330236, -24.322048738529663, 0.0 ], [ -63.30315998378429, -24.316447345858361, 0.0 ], [ -63.299566428898721, -24.278254246514358, 0.0 ], [ -63.376988883300754, -24.304160967589478, 0.0 ], [ -63.348075196424695, -24.15312369353461, 0.0 ], [ -63.436306681585179, -24.173349904572277, 0.0 ], [ -63.433285049905024, -24.146924489997257, 0.0 ], [ -63.521930440120869, -24.128361084006766, 0.0 ], [ -63.481441126274021, -23.965593264553107, 0.0 ], [ -63.493883075030091, -23.962981892768841, 0.0 ], [ -63.38033065837849, -23.557657541157468, 0.0 ], [ -63.361864016235671, -23.563193614179525, 0.0 ], [ -63.367589608362081, -23.587203993975336, 0.0 ], [ -63.323254954431924, -23.604935073521744, 0.0 ], [ -63.331235635925076, -23.62563253287933, 0.0 ], [ -63.276716184239199, -23.649425197456399, 0.0 ], [ -63.285428711516211, -23.454442005062983, 0.0 ], [ -63.272207055636251, -23.4559069222754, 0.0 ], [ -63.201963911832074, -22.936393650557726, 0.0 ], [ -63.121631006639333, -22.934956140736926, 0.0 ], [ -63.155417823963042, -21.999329124305884, 0.0 ], [ -62.811175678882066, -21.998767870231198, 0.0 ] ] ] } },
{ "type": "Feature", "properties": { "loc": "AR014084" }, "geometry": { "type": "Polygon", "coordinates": [ [ [ -63.193193118029114, -33.822580726419233, 0.0 ], [ -62.543163859142375, -33.943431419444991, 0.0 ], [ -62.879730169615144, -34.383487989335521, 0.0 ], [ -63.383307279073037, -34.383325387803673, 0.0 ], [ -63.383553933093843, -34.529733609970087, 0.0 ], [ -63.502403628737611, -34.521050359020322, 0.0 ], [ -63.501538851156326, -34.544843011678772, 0.0 ], [ -63.829820420175217, -34.545433398577849, 0.0 ], [ -63.834941409284454, -34.364239990234907, 0.0 ], [ -64.162196478818089, -34.37045856747968, 0.0 ], [ -64.165508150452354, -34.257347215675622, 0.0 ], [ -64.208542647518954, -34.239100374774033, 0.0 ], [ -64.160196192090112, -34.208414625393708, 0.0 ], [ -64.03171194734486, -34.174234139353828, 0.0 ], [ -64.034825924039581, -33.832831318865061, 0.0 ], [ -63.193193118029114, -33.822580726419233, 0.0 ] ] ] } },
{ "type": "Feature", "properties": { "loc": "AR006882" }, "geometry": { "type": "Polygon", "coordinates": [ [ [ -59.165356616039887, -33.814192167972315, 0.0 ], [ -59.130676270554225, -33.847717284473198, 0.0 ], [ -59.055480956235499, -33.832397461660889, 0.0 ], [ -59.020482428374514, -33.848942086972492, 0.0 ], [ -58.992880682461852, -33.841803703790454, 0.0 ], [ -58.977890078497474, -33.870357234927056, 0.0 ], [ -58.899780272765902, -33.890991211142499, 0.0 ], [ -58.851769314739457, -33.948520194750046, 0.0 ], [ -58.966156008473504, -33.960617064551442, 0.0 ], [ -59.009563448316847, -34.098850250029152, 0.0 ], [ -58.973155976713102, -34.128555297731339, 0.0 ], [ -59.102844237925233, -34.200248718534397, 0.0 ], [ -59.312099457599736, -34.161087036803785, 0.0 ], [ -59.279308320360528, -34.145935059165026, 0.0 ], [ -59.266010285223558, -34.091495514298416, 0.0 ], [ -59.302684784638771, -34.063709259373042, 0.0 ], [ -59.346984863311945, -33.935050964213339, 0.0 ], [ -59.309806824942306, -33.924007416297862, 0.0 ], [ -59.259140015744684, -33.941349030441486, 0.0 ], [ -59.229629517838248, -33.925098418748121, 0.0 ], [ -59.239894867525507, -33.896125792741444, 0.0 ], [ -59.30243301561071, -33.852985382130775, 0.0 ], [ -59.288055421097887, -33.825817107321235, 0.0 ], [ -59.165356616039887, -33.814192167972315, 0.0 ] ] ] } },
{ "type": "Feature", "properties": { "loc": "AR086042" }, "geometry": { "type": "Polygon", "coordinates": [ [ [ -62.644652037173834, -28.865516102502269, 0.0 ], [ -61.857831676463988, -28.866439625540071, 0.0 ], [ -61.950669769113844, -29.41559345177663, 0.0 ], [ -61.991862823154278, -29.425394713474731, 0.0 ], [ -62.043795134906716, -29.372796567774369, 0.0 ], [ -62.110311421921992, -29.354557094683571, 0.0 ], [ -62.157375535876035, -29.384938320950347, 0.0 ], [ -62.199996772877654, -29.372578435551997, 0.0 ], [ -62.199219156133431, -29.358237253558862, 0.0 ], [ -62.248753757493056, -29.371147985934304, 0.0 ], [ -62.310080660368278, -29.325818669958945, 0.0 ], [ -62.2854546907338, -29.28704239659249, 0.0 ], [ -62.303191882899611, -29.292745611899637, 0.0 ], [ -62.321878910527715, -29.262609961829096, 0.0 ], [ -62.370489876688602, -29.247419103708815, 0.0 ], [ -62.358606799515201, -29.243778371891, 0.0 ], [ -62.367781750754403, -29.225433411821065, 0.0 ], [ -62.418359999539746, -29.203377644692157, 0.0 ], [ -62.413849573769532, -29.184500896223312, 0.0 ], [ -62.427703692118541, -29.184093506249798, 0.0 ], [ -62.41601242232629, -29.178900668370151, 0.0 ], [ -62.437104853519322, -29.153432474747227, 0.0 ], [ -62.479693070247713, -29.157345058267129, 0.0 ], [ -62.475512728632047, -29.141433303973994, 0.0 ], [ -62.501416810472982, -29.144024902900217, 0.0 ], [ -62.505397441329642, -29.128455381536178, 0.0 ], [ -62.535354052487627, -29.137134208207897, 0.0 ], [ -62.570279205057901, -29.104835149338879, 0.0 ], [ -62.631751013374995, -29.083978843117389, 0.0 ], [ -62.641807945831495, -29.048940311429639, 0.0 ], [ -62.628548400809485, -29.03706019141881, 0.0 ], [ -62.651628640232893, -29.029018441566645, 0.0 ], [ -62.674815663292428, -28.986061986557072, 0.0 ], [ -62.673131239489692, -28.957849312006839, 0.0 ], [ -62.653669447268392, -28.94891742093127, 0.0 ], [ -62.673557999436781, -28.934940367132977, 0.0 ], [ -62.641406488731015, -28.908207940162846, 0.0 ], [ -62.644652037173834, -28.865516102502269, 0.0 ] ] ] } },
{ "type": "Feature", "properties": { "loc": "AR054063" }, "geometry": { "type": "Polygon", "coordinates": [ [ [ -54.172221033590866, -25.541921765814493, 0.0 ], [ -54.176372527607839, -25.84539604190514, 0.0 ], [ -54.200515747100205, -26.097339630114945, 0.0 ], [ -54.148670197332841, -26.116058349949526, 0.0 ], [ -54.148357390476185, -26.138290405251222, 0.0 ], [ -54.318962096486452, -26.140106200653982, 0.0 ], [ -54.430969238372811, -26.119504929022035, 0.0 ], [ -54.433616638193811, -26.149429320859301, 0.0 ], [ -54.4654579157162, -26.127344131316434, 0.0 ], [ -54.518096924017833, -26.17355155862295, 0.0 ], [ -54.529335021597028, -26.154119491985401, 0.0 ], [ -54.543666839759595, -26.160715102366183, 0.0 ], [ -54.540569304929512, -26.146203994468205, 0.0 ], [ -54.579193114375293, -26.14726257312584, 0.0 ], [ -54.588764191213741, -26.133661269565799, 0.0 ], [ -54.602138519369497, -26.161819457642626, 0.0 ], [ -54.622379302757402, -26.150213241938872, 0.0 ], [ -54.627372741876094, -26.164400100720425, 0.0 ], [ -54.638515471609786, -26.149190903424067, 0.0 ], [ -54.657419175579342, -26.177850582618177, 0.0 ], [ -54.67408800317439, -26.142861684969947, 0.0 ], [ -54.643107420390336, -26.093606841809102, 0.0 ], [ -54.67879933446293, -25.994740237112335, 0.0 ], [ -54.664308418375342, -25.980677622188495, 0.0 ], [ -54.610734853157759, -25.977786578269889, 0.0 ], [ -54.622013499790562, -25.912398989520515, 0.0 ], [ -54.586718892601816, -25.830620227416027, 0.0 ], [ -54.627391467258192, -25.774150729882159, 0.0 ], [ -54.658053269388958, -25.678127400204797, 0.0 ], [ -54.640428139359891, -25.660057123813932, 0.0 ], [ -54.583673905622582, -25.666262803795846, 0.0 ], [ -54.593344932612808, -25.593259951597837, 0.0 ], [ -54.551249199272611, -25.589130527924656, 0.0 ], [ -54.526450456659553, -25.629005536291178, 0.0 ], [ -54.494723785302781, -25.617111819023119, 0.0 ], [ -54.429937010330981, -25.694221822471317, 0.0 ], [ -54.424760120858231, -25.657993477606706, 0.0 ], [ -54.394242290819747, -25.636645467614308, 0.0 ], [ -54.388155162724097, -25.600416979382047, 0.0 ], [ -54.347343668100599, -25.606058014195803, 0.0 ], [ -54.321477937135782, -25.566939019002206, 0.0 ], [ -54.284014775291595, -25.556622788999043, 0.0 ], [ -54.248734805252099, -25.597965924391964, 0.0 ], [ -54.230555723713195, -25.563011642284224, 0.0 ], [ -54.181153353465092, -25.585521343131074, 0.0 ], [ -54.175121419657124, -25.57217256641427, 0.0 ], [ -54.208207825045392, -25.552220785556511, 0.0 ], [ -54.190649774913531, -25.534662657942111, 0.0 ], [ -54.172221033590866, -25.541921765814493, 0.0 ] ] ] } },
{ "type": "Feature", "properties": { "loc": "AR006277" }, "geometry": { "type": "Polygon", "coordinates": [ [ [ -62.583843231350514, -34.610725402630543, 0.0 ], [ -62.18780898985483, -34.682548523136745, 0.0 ], [ -62.263118744150859, -34.742706298907983, 0.0 ], [ -62.240116119167986, -34.762031555566992, 0.0 ], [ -62.305118560774908, -34.812541961832274, 0.0 ], [ -62.28543472298167, -34.81359863330767, 0.0 ], [ -62.283214569096309, -34.855857849123495, 0.0 ], [ -62.222541808631185, -34.854587554657328, 0.0 ], [ -62.220462799839915, -34.889453888159096, 0.0 ], [ -62.105117797733804, -34.983932494742191, 0.0 ], [ -62.186115264895648, -35.049854279569857, 0.0 ], [ -62.166210175641211, -35.066387177188595, 0.0 ], [ -62.285137177603367, -35.163589478318166, 0.0 ], [ -62.471343994148135, -35.010189056013559, 0.0 ], [ -62.548393250651905, -35.073642731649691, 0.0 ], [ -62.641487122409231, -34.996978760031929, 0.0 ], [ -62.605785369987636, -34.996509552444635, 0.0 ], [ -62.621246338123015, -34.632167816167076, 0.0 ], [ -62.593788146586014, -34.650100708048896, 0.0 ], [ -62.583843231350514, -34.610725402630543, 0.0 ] ] ] } },
{ "type": "Feature", "properties": { "loc": "AR006154" }, "geometry": { "type": "Polygon", "coordinates": [ [ [ -62.285137177603367, -35.163589478318166, 0.0 ], [ -62.270423888957069, -35.151790618944062, 0.0 ], [ -62.210968017816867, -35.200756073508607, 0.0 ], [ -62.225944519129612, -35.212890625028152, 0.0 ], [ -61.906257629202223, -35.485671996523749, 0.0 ], [ -61.98723983758066, -35.551948546683406, 0.0 ], [ -62.049602508758269, -35.50139617824086, 0.0 ], [ -62.129650116203287, -35.564914702708258, 0.0 ], [ -62.097915649266504, -35.591262817445354, 0.0 ], [ -62.336696624732518, -35.783329010404174, 0.0 ], [ -62.777011870972956, -35.408500670835096, 0.0 ], [ -62.803115845032607, -35.429454803047477, 0.0 ], [ -62.872856139788496, -35.371364594070094, 0.0 ], [ -62.846210479815909, -35.350605010830208, 0.0 ], [ -62.893287658867436, -35.311447144591263, 0.0 ], [ -62.86391067486673, -35.288436889651138, 0.0 ], [ -62.899402618567208, -35.259174347203533, 0.0 ], [ -62.707660675194163, -35.101356505957369, 0.0 ], [ -62.676902771294316, -35.126602172340213, 0.0 ], [ -62.657165526860808, -35.110862732198044, 0.0 ], [ -62.688255309749117, -35.085262298706496, 0.0 ], [ -62.610145569594557, -35.022438048830196, 0.0 ], [ -62.548393250651905, -35.073642731649691, 0.0 ], [ -62.471343994148135, -35.010189056013559, 0.0 ], [ -62.285137177603367, -35.163589478318166, 0.0 ] ] ] } },
{ "type": "Feature", "properties": { "loc": "AR090049" }, "geometry": { "type": "Polygon", "coordinates": [ [ [ -65.547585271032332, -27.609200196223409, 0.0 ], [ -65.532296315900851, -27.622767548189575, 0.0 ], [ -65.511271354473877, -27.614121252680945, 0.0 ], [ -65.52029236321944, -27.663543527287288, 0.0 ], [ -65.499428181363697, -27.667151506193562, 0.0 ], [ -65.50527485740723, -27.692213859697929, 0.0 ], [ -65.494154390621247, -27.694294304561382, 0.0 ], [ -65.503933365464235, -27.738183496364737, 0.0 ], [ -65.464014323719297, -27.760695504532997, 0.0 ], [ -65.472819760152888, -27.788324397790436, 0.0 ], [ -65.41493678966782, -27.796494494026888, 0.0 ], [ -65.437252941873496, -27.887493682260306, 0.0 ], [ -65.507310763234543, -27.929077457089072, 0.0 ], [ -65.527893102263178, -27.97244313286399, 0.0 ], [ -65.573935671839038, -28.013917137353761, 0.0 ], [ -65.612259864391476, -27.991133054699297, 0.0 ], [ -65.617487242776477, -27.971688397599792, 0.0 ], [ -65.666266191200535, -27.973235046949345, 0.0 ], [ -65.698864807796255, -27.889596994028931, 0.0 ], [ -65.703913725968576, -27.808093763550385, 0.0 ], [ -65.719804064555248, -27.816071650363725, 0.0 ], [ -65.770008113820779, -27.741272262338175, 0.0 ], [ -65.741542489540436, -27.679254144580927, 0.0 ], [ -65.752688783789154, -27.656989759953223, 0.0 ], [ -65.732364179500394, -27.611408398549283, 0.0 ], [ -65.672107423453454, -27.636182242907744, 0.0 ], [ -65.547585271032332, -27.609200196223409, 0.0 ] ] ] } },
{ "type": "Feature", "properties": { "loc": "AR014105" }, "geometry": { "type": "Polygon", "coordinates": [ [ [ -63.565037664792897, -30.534026034592323, 0.0 ], [ -63.356979535574418, -30.575860652843986, 0.0 ], [ -63.365041610720532, -30.609435461430326, 0.0 ], [ -63.207509541762654, -30.639008670877551, 0.0 ], [ -63.213639158374612, -30.662077727398803, 0.0 ], [ -63.030020682810807, -30.695347554247757, 0.0 ], [ -63.040426915284058, -30.712933183106305, 0.0 ], [ -63.026160772053601, -30.703344025524146, 0.0 ], [ -62.93241669789699, -30.719941112303317, 0.0 ], [ -62.905775458533917, -30.785790470394279, 0.0 ], [ -62.842269671275794, -30.805006731877022, 0.0 ], [ -62.815290987861076, -30.850464964852296, 0.0 ], [ -62.834050152003101, -30.932505757213956, 0.0 ], [ -62.933761363587912, -30.967460912652548, 0.0 ], [ -62.955166633078633, -31.079795918987642, 0.0 ], [ -63.00994125481423, -31.071884999163871, 0.0 ], [ -63.040309882768838, -31.13152379410144, 0.0 ], [ -63.11963071811472, -31.117218980816236, 0.0 ], [ -63.131242700803369, -31.16337460274201, 0.0 ], [ -63.153924706281536, -31.159464689569763, 0.0 ], [ -63.177584155145624, -31.283441123233217, 0.0 ], [ -63.245915590600418, -31.264815912358213, 0.0 ], [ -63.26402506887446, -31.333518271768042, 0.0 ], [ -63.365608682125107, -31.315060705349595, 0.0 ], [ -63.358428890928565, -31.367609019830702, 0.0 ], [ -63.449620342018221, -31.375353957347727, 0.0 ], [ -63.48952314132449, -31.402365340172732, 0.0 ], [ -63.530627090573546, -31.403284127506645, 0.0 ], [ -63.572219982052005, -31.46999917072711, 0.0 ], [ -63.618981732064562, -31.49409189810164, 0.0 ], [ -63.68076676136166, -31.492909166717553, 0.0 ], [ -63.690876016191872, -31.522255645461623, 0.0 ], [ -63.735254265362762, -31.515785479668356, 0.0 ], [ -63.898267103192751, -31.542972294659911, 0.0 ], [ -63.954347179157097, -31.535376445589129, 0.0 ], [ -63.953240205893721, -31.365742500338392, 0.0 ], [ -63.966711621270441, -31.37565411700319, 0.0 ], [ -63.975253846834207, -31.345610575287818, 0.0 ], [ -63.96475878714903, -31.320671079620244, 0.0 ], [ -63.950772205024869, -31.320823614287225, 0.0 ], [ -63.950883518864977, -31.273618525987406, 0.0 ], [ -63.922360979124868, -31.27412596507768, 0.0 ], [ -63.922479215382559, -31.245946008529067, 0.0 ], [ -63.86608195237622, -31.226061001035372, 0.0 ], [ -63.864402718140887, -31.111935103886296, 0.0 ], [ -63.830984997906178, -31.093423834886085, 0.0 ], [ -63.839490313491538, -31.069721710405581, 0.0 ], [ -63.823203437877233, -31.073393116398233, 0.0 ], [ -63.820108846826329, -30.971572764834132, 0.0 ], [ -63.764270305383974, -30.971319530175801, 0.0 ], [ -63.76442150621935, -30.927781644471889, 0.0 ], [ -63.728235465739878, -30.934369823591972, 0.0 ], [ -63.662384834841696, -30.667025477639893, 0.0 ], [ -63.598510474212404, -30.672190970018068, 0.0 ], [ -63.565037664792897, -30.534026034592323, 0.0 ] ] ] } },
{ "type": "Feature", "properties": { "loc": "AR054091" }, "geometry": { "type": "Polygon", "coordinates": [ [ [ -55.135841370295488, -27.180006027275049, 0.0 ], [ -55.073230742539877, -27.188503265419193, 0.0 ], [ -54.937812804561759, -27.368757248037337, 0.0 ], [ -54.915725708380506, -27.359783173666845, 0.0 ], [ -54.908477782664619, -27.383968353019117, 0.0 ], [ -54.924148560419425, -27.404045104571285, 0.0 ], [ -54.912143707626115, -27.426002501851876, 0.0 ], [ -54.928310394045305, -27.45066451981571, 0.0 ], [ -54.902011870946282, -27.469184874431122, 0.0 ], [ -54.910121917925167, -27.484786987240369, 0.0 ], [ -54.866519928144122, -27.503231048813419, 0.0 ], [ -54.862571716587738, -27.547750473160686, 0.0 ], [ -54.880157470762946, -27.552845001118911, 0.0 ], [ -54.852184295734844, -27.563796997485827, 0.0 ], [ -54.868465423927979, -27.578580856335439, 0.0 ], [ -54.867408752727258, -27.607913970909486, 0.0 ], [ -54.838890274270554, -27.601210748413383, 0.0 ], [ -54.856176911015723, -27.628082619165461, 0.0 ], [ -54.905051040435715, -27.638647424510445, 0.0 ], [ -54.902814347667679, -27.72102436444435, 0.0 ], [ -54.944195307705961, -27.776229173057366, 0.0 ], [ -54.976167922516161, -27.771127885293254, 0.0 ], [ -54.976066588958865, -27.749237061496117, 0.0 ], [ -54.998657227687779, -27.734270095765375, 0.0 ], [ -55.054141998198205, -27.63033485427837, 0.0 ], [ -55.076572417904643, -27.61525535564515, 0.0 ], [ -55.184524535852397, -27.614383698241305, 0.0 ], [ -55.250099181837392, -27.557073593061386, 0.0 ], [ -55.232055663261384, -27.542209625405874, 0.0 ], [ -55.250698089535625, -27.519144057999721, 0.0 ], [ -55.221836089924388, -27.512563704758911, 0.0 ], [ -55.261413574231987, -27.504432677887788, 0.0 ], [ -55.304058074904511, -27.458471298207744, 0.0 ], [ -55.332698821257928, -27.470933914210057, 0.0 ], [ -55.366394042761982, -27.456483840966197, 0.0 ], [ -55.281806946352376, -27.406011581433031, 0.0 ], [ -55.294681548902091, -27.375757216528289, 0.0 ], [ -55.270133971649201, -27.333084105884161, 0.0 ], [ -55.218177795252906, -27.326826095862984, 0.0 ], [ -55.212188721863789, -27.309686660842559, 0.0 ], [ -55.185581207053119, -27.311334609900712, 0.0 ], [ -55.185749054569001, -27.288259505952048, 0.0 ], [ -55.142906189712058, -27.280162811257938, 0.0 ], [ -55.135841370295488, -27.180006027275049, 0.0 ] ] ] } },
{ "type": "Feature", "properties": { "loc": "AR074049" }, "geometry": { "type": "Polygon", "coordinates": [ [ [ -65.8250667118823, -31.897072259998133, 0.0 ], [ -65.628476455817975, -31.898297267531373, 0.0 ], [ -65.313019419051486, -32.041540818161458, 0.0 ], [ -65.236465578935324, -32.110032142737097, 0.0 ], [ -65.23223671931116, -32.209054869386406, 0.0 ], [ -65.206835972507051, -32.261165063957165, 0.0 ], [ -65.219268657835912, -32.279665372878817, 0.0 ], [ -65.21141643542839, -32.325588969528823, 0.0 ], [ -64.976147233122788, -32.321127480084527, 0.0 ], [ -64.941407102958323, -32.298344142177505, 0.0 ], [ -64.924393957403097, -32.328801241716576, 0.0 ], [ -64.919781716578584, -32.466738176323609, 0.0 ], [ -64.900646825780768, -32.479844667333381, 0.0 ], [ -65.014107678952044, -32.483043781784552, 0.0 ], [ -65.081556539403124, -32.467944050161194, 0.0 ], [ -65.084796513799617, -32.498862343846376, 0.0 ], [ -65.222451030459752, -32.484629280064659, 0.0 ], [ -65.261012677386177, -32.546777492229118, 0.0 ], [ -65.300140845948206, -32.527541695649298, 0.0 ], [ -65.348566822042656, -32.552601538054859, 0.0 ], [ -65.425267248348561, -32.535828089151153, 0.0 ], [ -65.430271031567742, -32.466828897526391, 0.0 ], [ -65.404666032122563, -32.449067138554874, 0.0 ], [ -65.411176596398732, -32.426940045123985, 0.0 ], [ -65.384927639642129, -32.40408326983259, 0.0 ], [ -65.375960687917072, -32.365870211203436, 0.0 ], [ -65.417616063511744, -32.33962576796889, 0.0 ], [ -65.405097064457138, -32.268550565488951, 0.0 ], [ -65.470712420294177, -32.256902457938722, 0.0 ], [ -65.475097475386704, -32.276754396713045, 0.0 ], [ -65.580660438496395, -32.264209221695864, 0.0 ], [ -65.584507924654915, -32.250058782446509, 0.0 ], [ -65.69276014728122, -32.228313265461665, 0.0 ], [ -65.698277184734607, -32.203686138079483, 0.0 ], [ -65.717325783366263, -32.211908980041024, 0.0 ], [ -65.683868433952782, -32.062648142348323, 0.0 ], [ -65.811214164686731, -32.059263002914278, 0.0 ], [ -65.82172114771069, -32.015894366378163, 0.0 ], [ -65.8250667118823, -31.897072259998133, 0.0 ] ] ] } },
{ "type": "Feature", "properties": { "loc": "AR090042" }, "geometry": { "type": "Polygon", "coordinates": [ [ [ -65.891178284505884, -27.507720511215044, 0.0 ], [ -65.726450562798533, -27.541529589695124, 0.0 ], [ -65.601413549955467, -27.515848546486914, 0.0 ], [ -65.5167757104104, -27.550361127121473, 0.0 ], [ -65.535171515901482, -27.621488800810837, 0.0 ], [ -65.549640601131046, -27.608980623301953, 0.0 ], [ -65.672107423453454, -27.636182242907744, 0.0 ], [ -65.710237880840126, -27.609720090596497, 0.0 ], [ -65.734323797698835, -27.61295134442209, 0.0 ], [ -65.752688783789154, -27.656989759953223, 0.0 ], [ -65.741542489540436, -27.679254144580927, 0.0 ], [ -65.770008113820779, -27.741272262338175, 0.0 ], [ -65.754828471981256, -27.770475151387735, 0.0 ], [ -65.79927805996212, -27.787220686284009, 0.0 ], [ -65.794638111500987, -27.80661329314556, 0.0 ], [ -65.820693209124329, -27.820354679784074, 0.0 ], [ -65.831460269694375, -27.851406645539587, 0.0 ], [ -65.828842862824104, -27.814168080476371, 0.0 ], [ -65.86548656080484, -27.689008434866203, 0.0 ], [ -65.875420811241312, -27.672471181524237, 0.0 ], [ -65.915395755146363, -27.669139935925251, 0.0 ], [ -65.965855128073528, -27.54359361821772, 0.0 ], [ -65.973263681545376, -27.420419247587201, 0.0 ], [ -65.930107127686171, -27.439852234354106, 0.0 ], [ -65.931648830749808, -27.469063966036519, 0.0 ], [ -65.891178284505884, -27.507720511215044, 0.0 ] ] ] } },
{ "type": "Feature", "properties": { "loc": "AR006770" }, "geometry": { "type": "Polygon", "coordinates": [ [ [ -59.830772400572712, -33.580284118762933, 0.0 ], [ -59.749787199906073, -33.619324108723845, 0.0 ], [ -59.664428710280525, -33.617492676781453, 0.0 ], [ -59.608093262145509, -33.695007323998674, 0.0 ], [ -59.531311035249836, -33.635375976911696, 0.0 ], [ -59.49156718474827, -33.640916111940413, 0.0 ], [ -59.562572480799055, -33.759178162410564, 0.0 ], [ -59.532947540220377, -33.765724181886306, 0.0 ], [ -59.510253906949167, -33.778686523367199, 0.0 ], [ -59.573234559753438, -33.776206970073702, 0.0 ], [ -59.602840423708741, -33.821987152173286, 0.0 ], [ -59.604583741061504, -33.865974425746721, 0.0 ], [ -59.653244018443296, -33.917121887422915, 0.0 ], [ -59.713409423910683, -33.945072174304123, 0.0 ], [ -59.7301597592447, -33.985363007163379, 0.0 ], [ -59.77945709218158, -34.013206481377843, 0.0 ], [ -60.071136475267309, -33.780647278487251, 0.0 ], [ -60.041751861874907, -33.769405365377111, 0.0 ], [ -59.830772400572712, -33.580284118762933, 0.0 ] ] ] } },
{ "type": "Feature", "properties": { "loc": "AR038070" }, "geometry": { "type": "Polygon", "coordinates": [ [ [ -64.157056930515054, -23.518041975754432, 0.0 ], [ -64.15076964070613, -24.136406115987423, 0.0 ], [ -64.175397062018106, -24.21242989442263, 0.0 ], [ -64.162785919171554, -24.221947737751613, 0.0 ], [ -64.192629872609771, -24.285775055415517, 0.0 ], [ -64.288522149190712, -24.406651672202759, 0.0 ], [ -64.31933616904972, -24.426520171272323, 0.0 ], [ -64.420701206022059, -24.402594690907502, 0.0 ], [ -64.436643593894587, -24.443997311706774, 0.0 ], [ -64.454608525154612, -24.464103756808768, 0.0 ], [ -64.48212934992813, -24.466303189518786, 0.0 ], [ -64.499999936523736, -24.506369017052286, 0.0 ], [ -64.533387308074893, -24.505318583053672, 0.0 ], [ -64.522670254021747, -24.460181909452622, 0.0 ], [ -64.547268878938979, -24.421421937189546, 0.0 ], [ -64.524167231764025, -24.333997719561467, 0.0 ], [ -64.495877853349171, -24.3015000807214, 0.0 ], [ -64.530494910726446, -24.325431580123009, 0.0 ], [ -64.644529872704268, -24.335988486438843, 0.0 ], [ -64.741186456590199, -24.315240676704732, 0.0 ], [ -64.692782153250292, -24.209367378633317, 0.0 ], [ -64.692893521887655, -24.165477013176364, 0.0 ], [ -64.721683390374849, -24.097048835572117, 0.0 ], [ -64.705715555925252, -24.064190899399474, 0.0 ], [ -64.715659703101196, -24.050959731347842, 0.0 ], [ -64.679622676059381, -24.01618161090062, 0.0 ], [ -64.693554897532437, -24.013995011569449, 0.0 ], [ -64.688747267743736, -23.993227421449394, 0.0 ], [ -64.664027079209006, -23.99241312116105, 0.0 ], [ -64.674222067453314, -23.982661149143318, 0.0 ], [ -64.66135310991686, -23.973383614749761, 0.0 ], [ -64.665012017239334, -23.931503101797649, 0.0 ], [ -64.647606260294239, -23.92570780358627, 0.0 ], [ -64.660060554597237, -23.913385823378015, 0.0 ], [ -64.644745372252714, -23.877322967420437, 0.0 ], [ -64.628276634505738, -23.873720659913538, 0.0 ], [ -64.627216836269525, -23.848724841816157, 0.0 ], [ -64.611785730829155, -23.847613229077346, 0.0 ], [ -64.611400145163117, -23.816367773531411, 0.0 ], [ -64.590604954819497, -23.818693135448289, 0.0 ], [ -64.572274025658217, -23.788499391299077, 0.0 ], [ -64.568365186362456, -23.730259093328613, 0.0 ], [ -64.484765310602299, -23.700612566498368, 0.0 ], [ -64.462014184254599, -23.652981545569499, 0.0 ], [ -64.411037553302009, -23.627123662709167, 0.0 ], [ -64.393191595816532, -23.605946459609573, 0.0 ], [ -64.397077997891472, -23.573415331086228, 0.0 ], [ -64.357050625611478, -23.517923003486072, 0.0 ], [ -64.157056930515054, -23.518041975754432, 0.0 ] ] ] } },
{ "type": "Feature", "properties": { "loc": "AR006784" }, "geometry": { "type": "Polygon", "coordinates": [ [ [ -59.754741669209444, -34.517852783097496, 0.0 ], [ -59.67302322408203, -34.582790374290319, 0.0 ], [ -59.716602325687973, -34.620265960447426, 0.0 ], [ -59.526321412174475, -34.765029906922557, 0.0 ], [ -59.492229463199898, -34.802749633402989, 0.0 ], [ -59.523220063097696, -34.829242706186193, 0.0 ], [ -59.466094971573419, -34.872989655302895, 0.0 ], [ -59.63254165550957, -34.960468291984441, 0.0 ], [ -59.782398224032498, -34.84353256209171, 0.0 ], [ -59.810279847258421, -34.806545257992298, 0.0 ], [ -59.790000916013646, -34.788215637194249, 0.0 ], [ -59.944465636229907, -34.671737671593156, 0.0 ], [ -59.754741669209444, -34.517852783097496, 0.0 ] ] ] } },
{ "type": "Feature", "properties": { "loc": "AR006714" }, "geometry": { "type": "Polygon", "coordinates": [ [ [ -60.298889160078666, -33.998374938753642, 0.0 ], [ -60.24216461206823, -34.007671355729926, 0.0 ], [ -60.166679381762926, -34.060100555018835, 0.0 ], [ -60.206546782955414, -34.17090225159891, 0.0 ], [ -60.203006744304574, -34.203273772840106, 0.0 ], [ -59.9707870484024, -34.286735534467198, 0.0 ], [ -60.064807891701392, -34.382591247916416, 0.0 ], [ -60.083820343024314, -34.367481231710364, 0.0 ], [ -60.208515166914403, -34.456577301007435, 0.0 ], [ -60.244022369398287, -34.428565978922286, 0.0 ], [ -60.321773529040883, -34.499126433604708, 0.0 ], [ -60.375896453580559, -34.456809997865648, 0.0 ], [ -60.403705597136103, -34.48042678822592, 0.0 ], [ -60.48905181936815, -34.415573119761852, 0.0 ], [ -60.516502379716776, -34.439437865426875, 0.0 ], [ -60.578086852940174, -34.392288207461974, 0.0 ], [ -60.538986206063477, -34.349563599043634, 0.0 ], [ -60.548683167415973, -34.275852202408963, 0.0 ], [ -60.469982147158241, -34.200092316544897, 0.0 ], [ -60.496673584379408, -34.176651001357257, 0.0 ], [ -60.298889160078666, -33.998374938753642, 0.0 ] ] ] } }
]
}
