{
"type": "FeatureCollection",
"name": "regions_IT",
"crs": { "type": "name", "properties": { "name": "urn:ogc:def:crs:OGC:1.3:CRS84" } },
"features": [
{ "type": "Feature", "properties": { "loc": "ITF61" }, "geometry": { "type": "Polygon", "coordinates": [ [ [ 16.398881, 40.0554 ], [ 16.412694, 40.08357 ], [ 16.412322, 40.122353 ], [ 16.424004, 40.135555 ], [ 16.510111, 40.128816 ], [ 16.530224, 40.120381 ], [ 16.587383, 40.132068 ], [ 16.620709, 40.130252 ], [ 16.644317, 40.119096 ], [ 16.609857, 40.085126 ], [ 16.603782, 40.068876 ], [ 16.601312, 40.037779 ], [ 16.625799, 39.959881 ], [ 16.505705, 39.83059 ], [ 16.488453, 39.789796 ], [ 16.492663, 39.751739 ], [ 16.527874, 39.722031 ], [ 16.522791, 39.665619 ], [ 16.623923, 39.621815 ], [ 16.769039, 39.620732 ], [ 16.87398, 39.535673 ], [ 16.962034, 39.496032 ], [ 17.025065, 39.483578 ], [ 16.958878, 39.436996 ], [ 16.953599, 39.398415 ], [ 16.907064, 39.410437 ], [ 16.911595, 39.38427 ], [ 16.836692, 39.34672 ], [ 16.777741, 39.349522 ], [ 16.760336, 39.359258 ], [ 16.708463, 39.352526 ], [ 16.709555, 39.323235 ], [ 16.757275, 39.292354 ], [ 16.749334, 39.243233 ], [ 16.772663, 39.196607 ], [ 16.738488, 39.191224 ], [ 16.679112, 39.204834 ], [ 16.613149, 39.19421 ], [ 16.538236, 39.14845 ], [ 16.5204, 39.160477 ], [ 16.505592, 39.158903 ], [ 16.483777, 39.127575 ], [ 16.501349, 39.110314 ], [ 16.478524, 39.103766 ], [ 16.480462, 39.060051 ], [ 16.473226, 39.053483 ], [ 16.44252, 39.066146 ], [ 16.422543, 39.064733 ], [ 16.388665, 39.103668 ], [ 16.36499, 39.096964 ], [ 16.333721, 39.108065 ], [ 16.304058, 39.101271 ], [ 16.262023, 39.110292 ], [ 16.234048, 39.094187 ], [ 16.215106, 39.099867 ], [ 16.210811, 39.083899 ], [ 16.143028, 39.051291 ], [ 16.120876, 39.05596 ], [ 16.093153, 39.048743 ], [ 16.068185, 39.132848 ], [ 16.053993, 39.277623 ], [ 16.036513, 39.34719 ], [ 15.989075, 39.449373 ], [ 15.924133, 39.525184 ], [ 15.884265, 39.544025 ], [ 15.872391, 39.558905 ], [ 15.83272, 39.664062 ], [ 15.813708, 39.688363 ], [ 15.78726, 39.810326 ], [ 15.773134, 39.83729 ], [ 15.789528, 39.862743 ], [ 15.755959, 39.923496 ], [ 15.776526, 39.961076 ], [ 15.819667, 39.999723 ], [ 15.845144, 40.004855 ], [ 15.900114, 39.984258 ], [ 15.930244, 39.999461 ], [ 15.981985, 39.984798 ], [ 16.023115, 39.993989 ], [ 16.029831, 39.983327 ], [ 16.010395, 39.95099 ], [ 16.021064, 39.924963 ], [ 16.050766, 39.89736 ], [ 16.138576, 39.904744 ], [ 16.161467, 39.917332 ], [ 16.211365, 39.898074 ], [ 16.218672, 39.924925 ], [ 16.268966, 39.934225 ], [ 16.308784, 39.931947 ], [ 16.350614, 39.901864 ], [ 16.357701, 39.917202 ], [ 16.341629, 39.938791 ], [ 16.394916, 40.012947 ], [ 16.398881, 40.0554 ] ] ] } },
{ "type": "Feature", "properties": { "loc": "ITF62" }, "geometry": { "type": "Polygon", "coordinates": [ [ [ 16.613149, 39.19421 ], [ 16.679112, 39.204834 ], [ 16.738488, 39.191224 ], [ 16.772663, 39.196607 ], [ 16.749334, 39.243233 ], [ 16.757275, 39.292354 ], [ 16.709555, 39.323235 ], [ 16.708463, 39.352526 ], [ 16.760336, 39.359258 ], [ 16.777741, 39.349522 ], [ 16.836692, 39.34672 ], [ 16.911595, 39.38427 ], [ 16.907064, 39.410437 ], [ 16.953599, 39.398415 ], [ 16.958878, 39.436996 ], [ 17.025065, 39.483578 ], [ 17.055506, 39.438277 ], [ 17.109442, 39.409896 ], [ 17.15354, 39.398782 ], [ 17.110689, 39.308949 ], [ 17.107913, 39.254531 ], [ 17.144221, 39.203779 ], [ 17.11596, 39.138603 ], [ 17.1132, 39.103253 ], [ 17.146841, 39.049774 ], [ 17.190988, 39.022196 ], [ 17.16198, 38.978361 ], [ 17.165443, 38.953906 ], [ 17.098446, 38.900519 ], [ 17.064701, 38.915589 ], [ 17.019171, 38.910595 ], [ 16.973557, 38.93691 ], [ 16.890732, 38.927128 ], [ 16.915918, 38.953775 ], [ 16.894049, 38.977827 ], [ 16.891837, 39.002166 ], [ 16.84167, 39.040875 ], [ 16.76455, 39.065708 ], [ 16.732699, 39.062587 ], [ 16.680665, 39.094688 ], [ 16.651639, 39.12619 ], [ 16.672422, 39.137727 ], [ 16.669569, 39.152089 ], [ 16.633532, 39.160952 ], [ 16.613149, 39.19421 ] ] ] } },
{ "type": "Feature", "properties": { "loc": "ITF63" }, "geometry": { "type": "Polygon", "coordinates": [ [ [ 16.419985, 38.553952 ], [ 16.43103, 38.571478 ], [ 16.426947, 38.58261 ], [ 16.408234, 38.598062 ], [ 16.381738, 38.603569 ], [ 16.370735, 38.623852 ], [ 16.332243, 38.641782 ], [ 16.344376, 38.661319 ], [ 16.331273, 38.677883 ], [ 16.345496, 38.707326 ], [ 16.341793, 38.722759 ], [ 16.368392, 38.745342 ], [ 16.356925, 38.789926 ], [ 16.287017, 38.822623 ], [ 16.272876, 38.819222 ], [ 16.275267, 38.794003 ], [ 16.247596, 38.808607 ], [ 16.213754, 38.81044 ], [ 16.221636, 38.848837 ], [ 16.215454, 38.926212 ], [ 16.15775, 38.95062 ], [ 16.124538, 39.004124 ], [ 16.098828, 39.028524 ], [ 16.093153, 39.048743 ], [ 16.120876, 39.05596 ], [ 16.143028, 39.051291 ], [ 16.210811, 39.083899 ], [ 16.215106, 39.099867 ], [ 16.234048, 39.094187 ], [ 16.262023, 39.110292 ], [ 16.304058, 39.101271 ], [ 16.333721, 39.108065 ], [ 16.36499, 39.096964 ], [ 16.388665, 39.103668 ], [ 16.422543, 39.064733 ], [ 16.44252, 39.066146 ], [ 16.473226, 39.053483 ], [ 16.480462, 39.060051 ], [ 16.478524, 39.103766 ], [ 16.501349, 39.110314 ], [ 16.483777, 39.127575 ], [ 16.505592, 39.158903 ], [ 16.5204, 39.160477 ], [ 16.538236, 39.14845 ], [ 16.613149, 39.19421 ], [ 16.633532, 39.160952 ], [ 16.669569, 39.152089 ], [ 16.672422, 39.137727 ], [ 16.651639, 39.12619 ], [ 16.680665, 39.094688 ], [ 16.732699, 39.062587 ], [ 16.76455, 39.065708 ], [ 16.84167, 39.040875 ], [ 16.891837, 39.002166 ], [ 16.894049, 38.977827 ], [ 16.915918, 38.953775 ], [ 16.890732, 38.927128 ], [ 16.785614, 38.898616 ], [ 16.623054, 38.823307 ], [ 16.573293, 38.772399 ], [ 16.536831, 38.710279 ], [ 16.557667, 38.680776 ], [ 16.582085, 38.46979 ], [ 16.536816, 38.465981 ], [ 16.459583, 38.510169 ], [ 16.412849, 38.512983 ], [ 16.410095, 38.518866 ], [ 16.4358, 38.53804 ], [ 16.419985, 38.553952 ] ] ] } },
{ "type": "Feature", "properties": { "loc": "ITF64" }, "geometry": { "type": "Polygon", "coordinates": [ [ [ 16.419985, 38.553952 ], [ 16.391887, 38.571034 ], [ 16.363279, 38.55663 ], [ 16.348096, 38.512997 ], [ 16.384281, 38.475352 ], [ 16.388199, 38.446796 ], [ 16.346258, 38.430114 ], [ 16.277143, 38.441983 ], [ 16.25647, 38.479565 ], [ 16.236249, 38.496851 ], [ 16.193607, 38.499541 ], [ 16.080415, 38.560021 ], [ 16.007251, 38.520054 ], [ 15.961783, 38.523063 ], [ 15.918956, 38.506761 ], [ 15.925999, 38.549368 ], [ 15.829908, 38.620783 ], [ 15.84505, 38.654413 ], [ 15.867539, 38.669317 ], [ 15.945865, 38.693267 ], [ 15.990759, 38.721688 ], [ 16.038855, 38.726046 ], [ 16.102236, 38.71431 ], [ 16.138884, 38.721565 ], [ 16.182999, 38.751821 ], [ 16.213754, 38.81044 ], [ 16.247596, 38.808607 ], [ 16.275267, 38.794003 ], [ 16.272876, 38.819222 ], [ 16.287017, 38.822623 ], [ 16.356925, 38.789926 ], [ 16.368392, 38.745342 ], [ 16.341793, 38.722759 ], [ 16.345496, 38.707326 ], [ 16.331273, 38.677883 ], [ 16.344376, 38.661319 ], [ 16.332243, 38.641782 ], [ 16.370735, 38.623852 ], [ 16.381738, 38.603569 ], [ 16.408234, 38.598062 ], [ 16.426947, 38.58261 ], [ 16.43103, 38.571478 ], [ 16.419985, 38.553952 ] ] ] } },
{ "type": "Feature", "properties": { "loc": "ITF65" }, "geometry": { "type": "Polygon", "coordinates": [ [ [ 16.391887, 38.571034 ], [ 16.4358, 38.53804 ], [ 16.410095, 38.518866 ], [ 16.412849, 38.512983 ], [ 16.459583, 38.510169 ], [ 16.536816, 38.465981 ], [ 16.582085, 38.46979 ], [ 16.568963, 38.425403 ], [ 16.491806, 38.355626 ], [ 16.457722, 38.336042 ], [ 16.327998, 38.295069 ], [ 16.169965, 38.139392 ], [ 16.140384, 38.025521 ], [ 16.102255, 37.962692 ], [ 16.066341, 37.927826 ], [ 15.996794, 37.916546 ], [ 15.921142, 37.928418 ], [ 15.760899, 37.918075 ], [ 15.677311, 37.956648 ], [ 15.638456, 38.005342 ], [ 15.637273, 38.017755 ], [ 15.654814, 38.040398 ], [ 15.632225, 38.096833 ], [ 15.655571, 38.141842 ], [ 15.634498, 38.190302 ], [ 15.634324, 38.223808 ], [ 15.686497, 38.248462 ], [ 15.749465, 38.257524 ], [ 15.806583, 38.290767 ], [ 15.824336, 38.315273 ], [ 15.837037, 38.361502 ], [ 15.85813, 38.382657 ], [ 15.880776, 38.426863 ], [ 15.903588, 38.44499 ], [ 15.918956, 38.506761 ], [ 15.961783, 38.523063 ], [ 16.007251, 38.520054 ], [ 16.080415, 38.560021 ], [ 16.193607, 38.499541 ], [ 16.236249, 38.496851 ], [ 16.25647, 38.479565 ], [ 16.277143, 38.441983 ], [ 16.346258, 38.430114 ], [ 16.388199, 38.446796 ], [ 16.384281, 38.475352 ], [ 16.348096, 38.512997 ], [ 16.363279, 38.55663 ], [ 16.391887, 38.571034 ] ] ] } },
{ "type": "Feature", "properties": { "loc": "ITG11" }, "geometry": { "type": "MultiPolygon", "coordinates": [ [ [ [ 12.896496, 37.577118 ], [ 12.771645, 37.578583 ], [ 12.675485, 37.564661 ], [ 12.635517, 37.597585 ], [ 12.599758, 37.642009 ], [ 12.499945, 37.67876 ], [ 12.478125, 37.702178 ], [ 12.466231, 37.748673 ], [ 12.434956, 37.798431 ], [ 12.459357, 37.822164 ], [ 12.474498, 37.852379 ], [ 12.467164, 37.912365 ], [ 12.493916, 37.956335 ], [ 12.51519, 38.018677 ], [ 12.566278, 38.063192 ], [ 12.624295, 38.072163 ], [ 12.669424, 38.109433 ], [ 12.717288, 38.119491 ], [ 12.729586, 38.137941 ], [ 12.722155, 38.169817 ], [ 12.729507, 38.181384 ], [ 12.766741, 38.171242 ], [ 12.810978, 38.085704 ], [ 12.879266, 38.033547 ], [ 12.913979, 38.027337 ], [ 12.977263, 38.040206 ], [ 13.008039, 37.990283 ], [ 13.04973, 37.960002 ], [ 13.043766, 37.918338 ], [ 13.018967, 37.90335 ], [ 12.940705, 37.901803 ], [ 12.934936, 37.887222 ], [ 12.955267, 37.866753 ], [ 12.947211, 37.842907 ], [ 12.975135, 37.824093 ], [ 13.094083, 37.812074 ], [ 13.077779, 37.793086 ], [ 13.09455, 37.771084 ], [ 12.945853, 37.714973 ], [ 12.897827, 37.660481 ], [ 12.891848, 37.644379 ], [ 12.913409, 37.640409 ], [ 12.896496, 37.577118 ] ] ], [ [ [ 12.451664, 37.849879 ], [ 12.444554, 37.847975 ], [ 12.428756, 37.892638 ], [ 12.442958, 37.898939 ], [ 12.451664, 37.849879 ] ] ], [ [ [ 12.306966, 37.953094 ], [ 12.323925, 37.930165 ], [ 12.345022, 37.936482 ], [ 12.368701, 37.922321 ], [ 12.36663, 37.907487 ], [ 12.352985, 37.905285 ], [ 12.335515, 37.919668 ], [ 12.281466, 37.920406 ], [ 12.272833, 37.93652 ], [ 12.306966, 37.953094 ] ] ], [ [ [ 12.353295, 37.993618 ], [ 12.329848, 37.986569 ], [ 12.319772, 38.000806 ], [ 12.322748, 38.009721 ], [ 12.332122, 38.017683 ], [ 12.353295, 37.993618 ] ] ], [ [ [ 12.063335, 37.992322 ], [ 12.080581, 37.949373 ], [ 12.053916, 37.953478 ], [ 12.03268, 37.989351 ], [ 12.063335, 37.992322 ] ] ], [ [ [ 11.953775, 36.83855 ], [ 12.002029, 36.820042 ], [ 12.012916, 36.824324 ], [ 12.050061, 36.79891 ], [ 12.054504, 36.76289 ], [ 12.025176, 36.735249 ], [ 11.993239, 36.737863 ], [ 11.928469, 36.801709 ], [ 11.931589, 36.828566 ], [ 11.953775, 36.83855 ] ] ] ] } },
{ "type": "Feature", "properties": { "loc": "ITG12" }, "geometry": { "type": "MultiPolygon", "coordinates": [ [ [ [ 12.977263, 38.040206 ], [ 13.073468, 38.088145 ], [ 13.056717, 38.136808 ], [ 13.079549, 38.156785 ], [ 13.082505, 38.174213 ], [ 13.101333, 38.18712 ], [ 13.155948, 38.18457 ], [ 13.167416, 38.172388 ], [ 13.193538, 38.170603 ], [ 13.230844, 38.182758 ], [ 13.245418, 38.199795 ], [ 13.272499, 38.200445 ], [ 13.313525, 38.221571 ], [ 13.333855, 38.198343 ], [ 13.362763, 38.184564 ], [ 13.374027, 38.151587 ], [ 13.366629, 38.130779 ], [ 13.387365, 38.108132 ], [ 13.451729, 38.096002 ], [ 13.488639, 38.102774 ], [ 13.511764, 38.11672 ], [ 13.531637, 38.112227 ], [ 13.540247, 38.062535 ], [ 13.560656, 38.043598 ], [ 13.71587, 37.97777 ], [ 13.750324, 37.971263 ], [ 13.798469, 37.975891 ], [ 13.857576, 37.989979 ], [ 13.951467, 38.030279 ], [ 14.024416, 38.039598 ], [ 14.065394, 38.020413 ], [ 14.11674, 38.016746 ], [ 14.147264, 38.027372 ], [ 14.183486, 38.019396 ], [ 14.255988, 37.919315 ], [ 14.284452, 37.915398 ], [ 14.270748, 37.877202 ], [ 14.27997, 37.840091 ], [ 14.26486, 37.826838 ], [ 14.265543, 37.793388 ], [ 14.288172, 37.76257 ], [ 14.288296, 37.737366 ], [ 14.252756, 37.695355 ], [ 14.212948, 37.678698 ], [ 14.175475, 37.676551 ], [ 14.161425, 37.665362 ], [ 14.159482, 37.636514 ], [ 14.135053, 37.616705 ], [ 14.055901, 37.646984 ], [ 14.026916, 37.631621 ], [ 14.025457, 37.605121 ], [ 14.017837, 37.598715 ], [ 13.962432, 37.586983 ], [ 13.929062, 37.595934 ], [ 13.925258, 37.607053 ], [ 13.902458, 37.618529 ], [ 13.900243, 37.656293 ], [ 13.872594, 37.683389 ], [ 13.821438, 37.702357 ], [ 13.807743, 37.741976 ], [ 13.781302, 37.724886 ], [ 13.772705, 37.702526 ], [ 13.746138, 37.704163 ], [ 13.732528, 37.682966 ], [ 13.683634, 37.692035 ], [ 13.656146, 37.660504 ], [ 13.601648, 37.654519 ], [ 13.567175, 37.63714 ], [ 13.528702, 37.639737 ], [ 13.506806, 37.656991 ], [ 13.470936, 37.651 ], [ 13.449241, 37.657404 ], [ 13.427086, 37.646366 ], [ 13.393973, 37.656333 ], [ 13.385902, 37.644948 ], [ 13.397133, 37.61887 ], [ 13.382735, 37.595448 ], [ 13.399766, 37.559784 ], [ 13.35702, 37.540742 ], [ 13.344345, 37.548761 ], [ 13.339639, 37.574774 ], [ 13.32432, 37.587794 ], [ 13.331858, 37.605594 ], [ 13.324618, 37.625794 ], [ 13.348364, 37.646293 ], [ 13.343321, 37.657158 ], [ 13.327556, 37.659649 ], [ 13.303977, 37.641247 ], [ 13.273605, 37.643926 ], [ 13.251075, 37.615373 ], [ 13.214464, 37.640309 ], [ 13.212005, 37.671924 ], [ 13.187447, 37.689368 ], [ 13.147559, 37.689346 ], [ 13.121878, 37.699398 ], [ 13.082522, 37.694102 ], [ 13.012098, 37.742671 ], [ 13.09455, 37.771084 ], [ 13.077779, 37.793086 ], [ 13.094083, 37.812074 ], [ 12.975135, 37.824093 ], [ 12.947211, 37.842907 ], [ 12.955267, 37.866753 ], [ 12.934936, 37.887222 ], [ 12.940705, 37.901803 ], [ 13.018967, 37.90335 ], [ 13.043766, 37.918338 ], [ 13.04973, 37.960002 ], [ 13.008039, 37.990283 ], [ 12.977263, 38.040206 ] ], [ [ 14.00729, 37.671587 ], [ 14.019193, 37.657501 ], [ 14.031012, 37.655782 ], [ 14.087662, 37.679879 ], [ 14.077761, 37.689972 ], [ 14.090473, 37.704923 ], [ 14.04358, 37.725747 ], [ 14.030122, 37.705453 ], [ 14.042257, 37.691048 ], [ 14.011055, 37.689305 ], [ 14.00729, 37.671587 ] ] ], [ [ [ 13.197196, 38.710771 ], [ 13.173269, 38.690813 ], [ 13.152588, 38.699036 ], [ 13.159504, 38.711799 ], [ 13.180668, 38.720581 ], [ 13.197196, 38.710771 ] ] ], [ [ [ 13.14475, 37.641151 ], [ 13.168961, 37.645993 ], [ 13.180226, 37.634218 ], [ 13.14514, 37.625646 ], [ 13.14475, 37.641151 ] ] ] ] } },
{ "type": "Feature", "properties": { "loc": "ITG13" }, "geometry": { "type": "MultiPolygon", "coordinates": [ [ [ [ 14.183486, 38.019396 ], [ 14.308186, 38.009052 ], [ 14.370394, 38.017743 ], [ 14.428038, 38.037382 ], [ 14.521103, 38.042771 ], [ 14.641519, 38.078447 ], [ 14.746658, 38.158731 ], [ 14.808637, 38.156268 ], [ 14.913128, 38.185134 ], [ 14.972616, 38.154829 ], [ 15.034927, 38.149859 ], [ 15.069164, 38.128348 ], [ 15.102562, 38.125411 ], [ 15.164077, 38.149976 ], [ 15.202422, 38.179392 ], [ 15.241295, 38.253817 ], [ 15.253895, 38.217203 ], [ 15.291333, 38.209066 ], [ 15.401595, 38.233788 ], [ 15.534464, 38.296378 ], [ 15.624744, 38.272021 ], [ 15.576555, 38.233014 ], [ 15.557005, 38.173912 ], [ 15.492221, 38.074682 ], [ 15.317589, 37.888766 ], [ 15.300005, 37.854108 ], [ 15.258083, 37.807224 ], [ 15.216746, 37.852066 ], [ 15.155008, 37.89192 ], [ 15.106474, 37.904053 ], [ 14.985235, 37.896122 ], [ 14.958868, 37.913827 ], [ 14.939789, 37.947906 ], [ 14.925843, 37.956267 ], [ 14.865381, 37.932056 ], [ 14.843784, 37.952448 ], [ 14.826003, 37.939951 ], [ 14.795275, 37.949841 ], [ 14.771108, 37.939942 ], [ 14.761722, 37.920591 ], [ 14.771871, 37.898733 ], [ 14.741813, 37.896023 ], [ 14.739531, 37.862289 ], [ 14.7445, 37.856122 ], [ 14.761737, 37.863939 ], [ 14.777324, 37.858788 ], [ 14.79456, 37.813151 ], [ 14.714312, 37.815002 ], [ 14.678107, 37.797549 ], [ 14.601731, 37.810296 ], [ 14.556195, 37.840719 ], [ 14.569153, 37.859627 ], [ 14.563271, 37.877201 ], [ 14.510807, 37.853772 ], [ 14.474934, 37.812947 ], [ 14.457424, 37.819014 ], [ 14.458576, 37.842348 ], [ 14.410275, 37.864026 ], [ 14.393932, 37.851658 ], [ 14.329102, 37.839459 ], [ 14.27997, 37.840091 ], [ 14.270748, 37.877202 ], [ 14.284452, 37.915398 ], [ 14.255988, 37.919315 ], [ 14.183486, 38.019396 ] ] ], [ [ [ 15.243755, 38.803738 ], [ 15.216637, 38.771501 ], [ 15.186406, 38.790787 ], [ 15.220655, 38.812635 ], [ 15.243755, 38.803738 ] ] ], [ [ [ 15.073141, 38.628247 ], [ 15.054957, 38.623806 ], [ 15.059244, 38.645175 ], [ 15.07694, 38.644448 ], [ 15.073141, 38.628247 ] ] ], [ [ [ 14.960253, 38.413974 ], [ 14.995995, 38.39771 ], [ 15.006886, 38.373694 ], [ 14.97592, 38.369354 ], [ 14.94958, 38.385062 ], [ 14.937669, 38.403067 ], [ 14.940637, 38.411262 ], [ 14.960206, 38.432418 ], [ 14.96884, 38.425906 ], [ 14.960253, 38.413974 ] ] ], [ [ [ 14.961584, 38.452699 ], [ 14.956195, 38.440518 ], [ 14.94424, 38.442944 ], [ 14.934535, 38.459791 ], [ 14.91409, 38.465145 ], [ 14.89978, 38.480256 ], [ 14.907226, 38.512926 ], [ 14.924429, 38.521313 ], [ 14.95841, 38.52184 ], [ 14.962901, 38.491026 ], [ 14.976328, 38.485412 ], [ 14.976265, 38.478487 ], [ 14.955861, 38.474963 ], [ 14.961584, 38.452699 ] ] ], [ [ [ 14.871643, 38.580829 ], [ 14.870745, 38.537463 ], [ 14.857395, 38.534709 ], [ 14.796626, 38.561366 ], [ 14.806895, 38.582646 ], [ 14.871643, 38.580829 ] ] ], [ [ [ 14.581255, 38.574713 ], [ 14.580766, 38.556645 ], [ 14.555496, 38.557368 ], [ 14.538661, 38.577745 ], [ 14.55265, 38.586287 ], [ 14.581255, 38.574713 ] ] ], [ [ [ 14.368002, 38.551682 ], [ 14.360746, 38.530725 ], [ 14.340092, 38.533214 ], [ 14.33713, 38.54314 ], [ 14.348438, 38.555428 ], [ 14.368002, 38.551682 ] ] ] ] } },
{ "type": "Feature", "properties": { "loc": "ITG14" }, "geometry": { "type": "MultiPolygon", "coordinates": [ [ [ [ 12.896496, 37.577118 ], [ 12.913409, 37.640409 ], [ 12.891848, 37.644379 ], [ 12.897827, 37.660481 ], [ 12.945853, 37.714973 ], [ 13.012098, 37.742671 ], [ 13.082522, 37.694102 ], [ 13.121878, 37.699398 ], [ 13.147559, 37.689346 ], [ 13.187447, 37.689368 ], [ 13.212005, 37.671924 ], [ 13.214464, 37.640309 ], [ 13.251075, 37.615373 ], [ 13.273605, 37.643926 ], [ 13.303977, 37.641247 ], [ 13.327556, 37.659649 ], [ 13.343321, 37.657158 ], [ 13.348364, 37.646293 ], [ 13.324618, 37.625794 ], [ 13.331858, 37.605594 ], [ 13.32432, 37.587794 ], [ 13.339639, 37.574774 ], [ 13.344345, 37.548761 ], [ 13.35702, 37.540742 ], [ 13.399766, 37.559784 ], [ 13.382735, 37.595448 ], [ 13.397133, 37.61887 ], [ 13.385902, 37.644948 ], [ 13.393973, 37.656333 ], [ 13.427086, 37.646366 ], [ 13.449241, 37.657404 ], [ 13.470936, 37.651 ], [ 13.506806, 37.656991 ], [ 13.528702, 37.639737 ], [ 13.567175, 37.63714 ], [ 13.601648, 37.654519 ], [ 13.656146, 37.660504 ], [ 13.683634, 37.692035 ], [ 13.732528, 37.682966 ], [ 13.795595, 37.686308 ], [ 13.820267, 37.67388 ], [ 13.814802, 37.642319 ], [ 13.826798, 37.621356 ], [ 13.789722, 37.620492 ], [ 13.752858, 37.59311 ], [ 13.679894, 37.583969 ], [ 13.671689, 37.574314 ], [ 13.685159, 37.559784 ], [ 13.693027, 37.521626 ], [ 13.687702, 37.498799 ], [ 13.654061, 37.462446 ], [ 13.683796, 37.458143 ], [ 13.70629, 37.441747 ], [ 13.746783, 37.430412 ], [ 13.773422, 37.439024 ], [ 13.844363, 37.435003 ], [ 13.861285, 37.406143 ], [ 13.893557, 37.402315 ], [ 13.905365, 37.393029 ], [ 13.890166, 37.373793 ], [ 13.890166, 37.354935 ], [ 13.929212, 37.331307 ], [ 13.961669, 37.328095 ], [ 13.999269, 37.294418 ], [ 14.025292, 37.28535 ], [ 13.991341, 37.191811 ], [ 14.029197, 37.148142 ], [ 14.036207, 37.106028 ], [ 13.984306, 37.108857 ], [ 13.900604, 37.0971 ], [ 13.865342, 37.109359 ], [ 13.825044, 37.142385 ], [ 13.752606, 37.150361 ], [ 13.664906, 37.194681 ], [ 13.641141, 37.22673 ], [ 13.555813, 37.283789 ], [ 13.449917, 37.295519 ], [ 13.370223, 37.348447 ], [ 13.274371, 37.39132 ], [ 13.220102, 37.455111 ], [ 13.170784, 37.490152 ], [ 13.078469, 37.50461 ], [ 13.021097, 37.497371 ], [ 12.961474, 37.563539 ], [ 12.896496, 37.577118 ] ], [ [ 13.14475, 37.641151 ], [ 13.14514, 37.625646 ], [ 13.180226, 37.634218 ], [ 13.168961, 37.645993 ], [ 13.14475, 37.641151 ] ] ], [ [ [ 12.883327, 35.85997 ], [ 12.859558, 35.854914 ], [ 12.848666, 35.868002 ], [ 12.877743, 35.87495 ], [ 12.883327, 35.85997 ] ] ], [ [ [ 12.531996, 35.529172 ], [ 12.626842, 35.517599 ], [ 12.629595, 35.494567 ], [ 12.518843, 35.519562 ], [ 12.531996, 35.529172 ] ] ] ] } },
{ "type": "Feature", "properties": { "loc": "ITI22" }, "geometry": { "type": "MultiPolygon", "coordinates": [ [ [ [ 12.896352, 42.616418 ], [ 12.880799, 42.603985 ], [ 12.892446, 42.577484 ], [ 12.889746, 42.564487 ], [ 12.820946, 42.535202 ], [ 12.777981, 42.530269 ], [ 12.768357, 42.513575 ], [ 12.715535, 42.501936 ], [ 12.737694, 42.471969 ], [ 12.73122, 42.464456 ], [ 12.665053, 42.442608 ], [ 12.64883, 42.446767 ], [ 12.637738, 42.466067 ], [ 12.6204, 42.466268 ], [ 12.609418, 42.409545 ], [ 12.530108, 42.367489 ], [ 12.516588, 42.373791 ], [ 12.511554, 42.400256 ], [ 12.444709, 42.398799 ], [ 12.464201, 42.423031 ], [ 12.416989, 42.426645 ], [ 12.413948, 42.449998 ], [ 12.426443, 42.460519 ], [ 12.41419, 42.47366 ], [ 12.422505, 42.492229 ], [ 12.394896, 42.497353 ], [ 12.355711, 42.476316 ], [ 12.328264, 42.491883 ], [ 12.297531, 42.490997 ], [ 12.302022, 42.499601 ], [ 12.278731, 42.510597 ], [ 12.280026, 42.521725 ], [ 12.269869, 42.531656 ], [ 12.274295, 42.555814 ], [ 12.238934, 42.576969 ], [ 12.241644, 42.602793 ], [ 12.232449, 42.613204 ], [ 12.239657, 42.628112 ], [ 12.206411, 42.657878 ], [ 12.162568, 42.674624 ], [ 12.121394, 42.653357 ], [ 12.105095, 42.661843 ], [ 12.032298, 42.646011 ], [ 11.945246, 42.68379 ], [ 11.929696, 42.709371 ], [ 11.962881, 42.731227 ], [ 11.979309, 42.759981 ], [ 11.927489, 42.784093 ], [ 11.893302, 42.843532 ], [ 11.912837, 42.8505 ], [ 11.926603, 42.867358 ], [ 11.957002, 42.863554 ], [ 12.015725, 42.882066 ], [ 12.00839, 42.907917 ], [ 12.052388, 42.93807 ], [ 12.190336, 42.937476 ], [ 12.212232, 42.9259 ], [ 12.313097, 42.914108 ], [ 12.308778, 42.892455 ], [ 12.326602, 42.887565 ], [ 12.329538, 42.874433 ], [ 12.324603, 42.845391 ], [ 12.29178, 42.777525 ], [ 12.292999, 42.763454 ], [ 12.308005, 42.747207 ], [ 12.344371, 42.738643 ], [ 12.386282, 42.67897 ], [ 12.405396, 42.695083 ], [ 12.427398, 42.688556 ], [ 12.493913, 42.729768 ], [ 12.531719, 42.714126 ], [ 12.568628, 42.716322 ], [ 12.589347, 42.744328 ], [ 12.620927, 42.71764 ], [ 12.588202, 42.705591 ], [ 12.587776, 42.694279 ], [ 12.610291, 42.690583 ], [ 12.692086, 42.638499 ], [ 12.718769, 42.606702 ], [ 12.79533, 42.659055 ], [ 12.831178, 42.669169 ], [ 12.867763, 42.657693 ], [ 12.887351, 42.639521 ], [ 12.896352, 42.616418 ] ] ], [ [ [ 11.958613, 42.874307 ], [ 11.952103, 42.90097 ], [ 11.958619, 42.913117 ], [ 11.994192, 42.907131 ], [ 11.958613, 42.874307 ] ] ] ] } },
{ "type": "Feature", "properties": { "loc": "ITI31" }, "geometry": { "type": "Polygon", "coordinates": [ [ [ 12.493956, 43.915546 ], [ 12.536856, 43.894093 ], [ 12.533892, 43.877897 ], [ 12.542199, 43.867023 ], [ 12.587943, 43.883223 ], [ 12.621425, 43.82445 ], [ 12.672688, 43.825441 ], [ 12.683496, 43.850321 ], [ 12.729657, 43.867958 ], [ 12.728102, 43.919875 ], [ 12.75107, 43.955172 ], [ 12.750685, 43.969669 ], [ 12.797157, 43.965047 ], [ 12.906852, 43.923175 ], [ 13.172615, 43.750346 ], [ 13.129132, 43.73178 ], [ 13.072412, 43.72484 ], [ 13.07649, 43.7041 ], [ 13.070486, 43.694702 ], [ 12.988785, 43.653372 ], [ 12.959568, 43.599748 ], [ 12.925875, 43.58691 ], [ 12.9131, 43.563877 ], [ 12.878964, 43.538319 ], [ 12.808893, 43.505232 ], [ 12.795282, 43.480278 ], [ 12.767457, 43.45983 ], [ 12.733234, 43.461463 ], [ 12.702754, 43.42757 ], [ 12.661638, 43.434691 ], [ 12.622439, 43.423905 ], [ 12.574521, 43.452804 ], [ 12.490612, 43.523625 ], [ 12.461881, 43.517606 ], [ 12.428796, 43.536769 ], [ 12.393953, 43.510764 ], [ 12.369066, 43.530823 ], [ 12.332761, 43.526496 ], [ 12.316745, 43.545739 ], [ 12.346179, 43.556727 ], [ 12.368016, 43.579829 ], [ 12.364395, 43.613292 ], [ 12.335023, 43.608646 ], [ 12.298316, 43.58831 ], [ 12.228744, 43.595199 ], [ 12.194873, 43.644021 ], [ 12.231065, 43.657159 ], [ 12.251843, 43.679538 ], [ 12.288887, 43.68376 ], [ 12.305757, 43.715101 ], [ 12.326578, 43.678642 ], [ 12.336403, 43.70379 ], [ 12.359848, 43.710887 ], [ 12.326834, 43.748439 ], [ 12.283798, 43.764899 ], [ 12.287608, 43.792272 ], [ 12.334019, 43.825825 ], [ 12.350871, 43.868079 ], [ 12.390346, 43.886318 ], [ 12.401234, 43.875634 ], [ 12.427595, 43.8747 ], [ 12.4177, 43.89903 ], [ 12.442129, 43.905622 ], [ 12.452187, 43.89531 ], [ 12.487416, 43.896451 ], [ 12.493956, 43.915546 ] ], [ [ 12.434715, 43.598902 ], [ 12.421194, 43.609827 ], [ 12.407306, 43.602151 ], [ 12.425604, 43.591714 ], [ 12.434715, 43.598902 ] ] ] } },
{ "type": "Feature", "properties": { "loc": "ITI32" }, "geometry": { "type": "Polygon", "coordinates": [ [ [ 13.172615, 43.750346 ], [ 13.339711, 43.655001 ], [ 13.456772, 43.610455 ], [ 13.481506, 43.608324 ], [ 13.508699, 43.623967 ], [ 13.525202, 43.620967 ], [ 13.567636, 43.580051 ], [ 13.624065, 43.547389 ], [ 13.624169, 43.503919 ], [ 13.642097, 43.474142 ], [ 13.615258, 43.458809 ], [ 13.651812, 43.442307 ], [ 13.651629, 43.432618 ], [ 13.597787, 43.422101 ], [ 13.574995, 43.441394 ], [ 13.451362, 43.441667 ], [ 13.335853, 43.39448 ], [ 13.308879, 43.406193 ], [ 13.263122, 43.458425 ], [ 13.241351, 43.454147 ], [ 13.20119, 43.418085 ], [ 13.149406, 43.415622 ], [ 13.093624, 43.431299 ], [ 13.079109, 43.417727 ], [ 13.075559, 43.389498 ], [ 13.018078, 43.31615 ], [ 12.963298, 43.282381 ], [ 12.897148, 43.270785 ], [ 12.890905, 43.233367 ], [ 12.862358, 43.211232 ], [ 12.839844, 43.216989 ], [ 12.826609, 43.261888 ], [ 12.793263, 43.2807 ], [ 12.801228, 43.303047 ], [ 12.794987, 43.328767 ], [ 12.750027, 43.380458 ], [ 12.750646, 43.392458 ], [ 12.778047, 43.412306 ], [ 12.768983, 43.427599 ], [ 12.767457, 43.45983 ], [ 12.795282, 43.480278 ], [ 12.808893, 43.505232 ], [ 12.878964, 43.538319 ], [ 12.9131, 43.563877 ], [ 12.925875, 43.58691 ], [ 12.959568, 43.599748 ], [ 12.988785, 43.653372 ], [ 13.070486, 43.694702 ], [ 13.07649, 43.7041 ], [ 13.072412, 43.72484 ], [ 13.129132, 43.73178 ], [ 13.172615, 43.750346 ] ] ] } },
{ "type": "Feature", "properties": { "loc": "ITI33" }, "geometry": { "type": "Polygon", "coordinates": [ [ [ 13.241772, 42.891976 ], [ 13.231844, 42.874437 ], [ 13.235288, 42.867663 ], [ 13.21531, 42.844997 ], [ 13.160117, 42.834644 ], [ 13.11051, 42.888838 ], [ 13.0523, 42.91645 ], [ 13.023922, 42.903921 ], [ 13.001123, 42.907496 ], [ 12.992991, 42.878519 ], [ 12.978605, 42.872105 ], [ 12.972792, 42.924376 ], [ 12.900407, 42.965172 ], [ 12.904558, 42.986702 ], [ 12.891337, 43.011987 ], [ 12.905079, 43.029213 ], [ 12.891339, 43.055361 ], [ 12.89734, 43.093464 ], [ 12.885903, 43.09913 ], [ 12.880852, 43.120964 ], [ 12.843246, 43.122865 ], [ 12.831397, 43.141194 ], [ 12.861957, 43.166162 ], [ 12.868056, 43.190703 ], [ 12.862358, 43.211232 ], [ 12.890905, 43.233367 ], [ 12.897148, 43.270785 ], [ 12.963298, 43.282381 ], [ 13.018078, 43.31615 ], [ 13.075559, 43.389498 ], [ 13.079109, 43.417727 ], [ 13.093624, 43.431299 ], [ 13.149406, 43.415622 ], [ 13.20119, 43.418085 ], [ 13.241351, 43.454147 ], [ 13.263122, 43.458425 ], [ 13.308879, 43.406193 ], [ 13.335853, 43.39448 ], [ 13.451362, 43.441667 ], [ 13.574995, 43.441394 ], [ 13.597787, 43.422101 ], [ 13.643502, 43.427923 ], [ 13.651812, 43.442307 ], [ 13.615258, 43.458809 ], [ 13.642097, 43.474142 ], [ 13.706601, 43.345392 ], [ 13.742971, 43.294147 ], [ 13.606813, 43.269383 ], [ 13.607338, 43.237297 ], [ 13.587571, 43.210925 ], [ 13.567636, 43.216429 ], [ 13.527565, 43.210408 ], [ 13.515659, 43.175657 ], [ 13.46304, 43.162521 ], [ 13.443011, 43.148156 ], [ 13.433307, 43.086942 ], [ 13.44936, 43.075891 ], [ 13.474635, 43.077253 ], [ 13.46399, 43.061788 ], [ 13.458698, 43.022191 ], [ 13.406025, 43.009436 ], [ 13.387238, 43.01695 ], [ 13.376565, 43.040048 ], [ 13.338936, 43.026781 ], [ 13.272855, 42.976373 ], [ 13.218799, 42.952154 ], [ 13.218429, 42.935837 ], [ 13.241772, 42.891976 ] ] ] } },
{ "type": "Feature", "properties": { "loc": "ITI34" }, "geometry": { "type": "Polygon", "coordinates": [ [ [ 13.260778, 42.806815 ], [ 13.231844, 42.874437 ], [ 13.241772, 42.891976 ], [ 13.298758, 42.924112 ], [ 13.354319, 42.913762 ], [ 13.378076, 42.893083 ], [ 13.405631, 42.923664 ], [ 13.39202, 42.946862 ], [ 13.40159, 42.970314 ], [ 13.417706, 42.975426 ], [ 13.454845, 42.967324 ], [ 13.489395, 42.987118 ], [ 13.557862, 42.989951 ], [ 13.636123, 43.034523 ], [ 13.654086, 43.034116 ], [ 13.77955, 43.07716 ], [ 13.7996, 43.063131 ], [ 13.849453, 43.066659 ], [ 13.879787, 42.968902 ], [ 13.915732, 42.894577 ], [ 13.878764, 42.892345 ], [ 13.776142, 42.860721 ], [ 13.715969, 42.852335 ], [ 13.698235, 42.824359 ], [ 13.654595, 42.805453 ], [ 13.621952, 42.813275 ], [ 13.569911, 42.802155 ], [ 13.53837, 42.814866 ], [ 13.506276, 42.774349 ], [ 13.502498, 42.749264 ], [ 13.491278, 42.736506 ], [ 13.450196, 42.731153 ], [ 13.436235, 42.703298 ], [ 13.395451, 42.690026 ], [ 13.357775, 42.69407 ], [ 13.283818, 42.73817 ], [ 13.266777, 42.738 ], [ 13.252035, 42.724678 ], [ 13.189226, 42.733565 ], [ 13.20429, 42.763454 ], [ 13.222958, 42.771542 ], [ 13.242961, 42.768583 ], [ 13.260778, 42.806815 ] ] ] } },
{ "type": "Feature", "properties": { "loc": "ITI35" }, "geometry": { "type": "Polygon", "coordinates": [ [ [ 13.849453, 43.066659 ], [ 13.7996, 43.063131 ], [ 13.77955, 43.07716 ], [ 13.654086, 43.034116 ], [ 13.636123, 43.034523 ], [ 13.557862, 42.989951 ], [ 13.489395, 42.987118 ], [ 13.454845, 42.967324 ], [ 13.417706, 42.975426 ], [ 13.40159, 42.970314 ], [ 13.39202, 42.946862 ], [ 13.405631, 42.923664 ], [ 13.378076, 42.893083 ], [ 13.354319, 42.913762 ], [ 13.298758, 42.924112 ], [ 13.241772, 42.891976 ], [ 13.218429, 42.935837 ], [ 13.218799, 42.952154 ], [ 13.272855, 42.976373 ], [ 13.338936, 43.026781 ], [ 13.376565, 43.040048 ], [ 13.387238, 43.01695 ], [ 13.406025, 43.009436 ], [ 13.458698, 43.022191 ], [ 13.46399, 43.061788 ], [ 13.474635, 43.077253 ], [ 13.44936, 43.075891 ], [ 13.433307, 43.086942 ], [ 13.443011, 43.148156 ], [ 13.46304, 43.162521 ], [ 13.515659, 43.175657 ], [ 13.527565, 43.210408 ], [ 13.567636, 43.216429 ], [ 13.587571, 43.210925 ], [ 13.607338, 43.237297 ], [ 13.606813, 43.269383 ], [ 13.742971, 43.294147 ], [ 13.846148, 43.086942 ], [ 13.849453, 43.066659 ] ] ] } },
{ "type": "Feature", "properties": { "loc": "ITI41" }, "geometry": { "type": "MultiPolygon", "coordinates": [ [ [ [ 12.519636, 42.294725 ], [ 12.487635, 42.26625 ], [ 12.456433, 42.205606 ], [ 12.416987, 42.187062 ], [ 12.411954, 42.237462 ], [ 12.375817, 42.208583 ], [ 12.368012, 42.175546 ], [ 12.326272, 42.149327 ], [ 12.267399, 42.179142 ], [ 12.219445, 42.184339 ], [ 12.175548, 42.176265 ], [ 12.13655, 42.152384 ], [ 12.101104, 42.161264 ], [ 12.017142, 42.156495 ], [ 12.000639, 42.165453 ], [ 11.971841, 42.209986 ], [ 11.907955, 42.236828 ], [ 11.879628, 42.224207 ], [ 11.822793, 42.151841 ], [ 11.773223, 42.162042 ], [ 11.733844, 42.158059 ], [ 11.738743, 42.171056 ], [ 11.721337, 42.187048 ], [ 11.696224, 42.2345 ], [ 11.658308, 42.273358 ], [ 11.551078, 42.340553 ], [ 11.449939, 42.37767 ], [ 11.45434, 42.397677 ], [ 11.489872, 42.436235 ], [ 11.615635, 42.438667 ], [ 11.615619, 42.486119 ], [ 11.564902, 42.517599 ], [ 11.583985, 42.542935 ], [ 11.583042, 42.567548 ], [ 11.615434, 42.561252 ], [ 11.670833, 42.578544 ], [ 11.733941, 42.61105 ], [ 11.755319, 42.635541 ], [ 11.782873, 42.637666 ], [ 11.80373, 42.651151 ], [ 11.784513, 42.697134 ], [ 11.802981, 42.717355 ], [ 11.812477, 42.745918 ], [ 11.746037, 42.785742 ], [ 11.77062, 42.817801 ], [ 11.808438, 42.802621 ], [ 11.817133, 42.821848 ], [ 11.846863, 42.835852 ], [ 11.894988, 42.834653 ], [ 11.927489, 42.784093 ], [ 11.979309, 42.759981 ], [ 11.962881, 42.731227 ], [ 11.929696, 42.709371 ], [ 11.945246, 42.68379 ], [ 12.032298, 42.646011 ], [ 12.105095, 42.661843 ], [ 12.121394, 42.653357 ], [ 12.162568, 42.674624 ], [ 12.206411, 42.657878 ], [ 12.239657, 42.628112 ], [ 12.232449, 42.613204 ], [ 12.241644, 42.602793 ], [ 12.238934, 42.576969 ], [ 12.274295, 42.555814 ], [ 12.269869, 42.531656 ], [ 12.280026, 42.521725 ], [ 12.278731, 42.510597 ], [ 12.302022, 42.499601 ], [ 12.297531, 42.490997 ], [ 12.328264, 42.491883 ], [ 12.355711, 42.476316 ], [ 12.394896, 42.497353 ], [ 12.422505, 42.492229 ], [ 12.41419, 42.47366 ], [ 12.426443, 42.460519 ], [ 12.413948, 42.449998 ], [ 12.416989, 42.426645 ], [ 12.464201, 42.423031 ], [ 12.440704, 42.387159 ], [ 12.45471, 42.379062 ], [ 12.458264, 42.358661 ], [ 12.470557, 42.354855 ], [ 12.464032, 42.338108 ], [ 12.481219, 42.319946 ], [ 12.48192, 42.305951 ], [ 12.519636, 42.294725 ] ] ], [ [ [ 12.466276, 42.394871 ], [ 12.481382, 42.404145 ], [ 12.488075, 42.398656 ], [ 12.474559, 42.38815 ], [ 12.466276, 42.394871 ] ] ] ] } },
{ "type": "Feature", "properties": { "loc": "ITI42" }, "geometry": { "type": "Polygon", "coordinates": [ [ [ 13.394032, 42.591234 ], [ 13.3732, 42.58134 ], [ 13.303748, 42.572922 ], [ 13.275394, 42.580984 ], [ 13.24216, 42.57634 ], [ 13.193931, 42.583146 ], [ 13.160828, 42.535925 ], [ 13.174542, 42.507455 ], [ 13.173252, 42.479821 ], [ 13.123443, 42.445134 ], [ 13.189179, 42.393435 ], [ 13.162848, 42.353537 ], [ 13.220721, 42.319294 ], [ 13.246997, 42.267669 ], [ 13.28552, 42.238516 ], [ 13.328762, 42.22218 ], [ 13.36789, 42.179476 ], [ 13.331198, 42.163505 ], [ 13.299427, 42.137854 ], [ 13.250235, 42.129824 ], [ 13.195717, 42.155028 ], [ 13.168002, 42.154928 ], [ 13.12566, 42.173796 ], [ 13.097604, 42.176178 ], [ 13.077248, 42.139178 ], [ 13.030575, 42.115353 ], [ 12.984496, 42.12751 ], [ 12.949914, 42.095327 ], [ 12.917885, 42.110328 ], [ 12.875869, 42.104166 ], [ 12.846671, 42.140071 ], [ 12.793071, 42.162885 ], [ 12.788656, 42.181202 ], [ 12.778611, 42.185311 ], [ 12.710518, 42.155475 ], [ 12.651968, 42.154992 ], [ 12.61458, 42.185294 ], [ 12.617536, 42.199928 ], [ 12.636373, 42.218437 ], [ 12.626297, 42.249118 ], [ 12.580625, 42.282826 ], [ 12.564573, 42.273684 ], [ 12.548916, 42.289414 ], [ 12.48192, 42.305951 ], [ 12.481219, 42.319946 ], [ 12.464032, 42.338108 ], [ 12.470557, 42.354855 ], [ 12.458264, 42.358661 ], [ 12.45471, 42.379062 ], [ 12.440704, 42.387159 ], [ 12.444709, 42.398799 ], [ 12.462124, 42.398693 ], [ 12.474559, 42.38815 ], [ 12.488075, 42.398656 ], [ 12.511554, 42.400256 ], [ 12.516588, 42.373791 ], [ 12.530108, 42.367489 ], [ 12.609418, 42.409545 ], [ 12.6204, 42.466268 ], [ 12.637738, 42.466067 ], [ 12.64883, 42.446767 ], [ 12.665053, 42.442608 ], [ 12.73122, 42.464456 ], [ 12.737694, 42.471969 ], [ 12.715535, 42.501936 ], [ 12.768357, 42.513575 ], [ 12.777981, 42.530269 ], [ 12.820946, 42.535202 ], [ 12.889746, 42.564487 ], [ 12.892446, 42.577484 ], [ 12.880799, 42.603985 ], [ 12.896352, 42.616418 ], [ 12.927762, 42.605831 ], [ 12.950325, 42.61775 ], [ 13.005393, 42.617137 ], [ 13.023573, 42.635073 ], [ 13.065174, 42.625173 ], [ 13.123086, 42.656406 ], [ 13.149074, 42.650666 ], [ 13.178079, 42.678664 ], [ 13.189226, 42.733565 ], [ 13.252035, 42.724678 ], [ 13.266777, 42.738 ], [ 13.283818, 42.73817 ], [ 13.357775, 42.69407 ], [ 13.357083, 42.662865 ], [ 13.403467, 42.638901 ], [ 13.394032, 42.591234 ] ] ] } },
{ "type": "Feature", "properties": { "loc": "ITI43" }, "geometry": { "type": "Polygon", "coordinates": [ [ [ 13.17509, 41.583538 ], [ 13.103968, 41.548203 ], [ 13.052026, 41.577398 ], [ 13.017879, 41.57592 ], [ 13.011216, 41.582936 ], [ 13.021175, 41.606993 ], [ 12.947345, 41.670719 ], [ 12.944145, 41.683087 ], [ 12.951967, 41.695044 ], [ 12.935784, 41.711501 ], [ 12.888134, 41.709769 ], [ 12.875831, 41.702897 ], [ 12.852795, 41.713644 ], [ 12.839427, 41.703749 ], [ 12.853893, 41.695044 ], [ 12.848356, 41.66764 ], [ 12.824332, 41.653799 ], [ 12.807087, 41.622781 ], [ 12.784269, 41.616924 ], [ 12.757216, 41.57643 ], [ 12.737366, 41.582001 ], [ 12.736545, 41.601449 ], [ 12.713624, 41.594622 ], [ 12.694181, 41.60784 ], [ 12.660305, 41.602596 ], [ 12.652873, 41.615107 ], [ 12.654786, 41.655177 ], [ 12.635331, 41.669783 ], [ 12.558826, 41.623354 ], [ 12.541845, 41.601654 ], [ 12.589845, 41.544588 ], [ 12.649532, 41.535298 ], [ 12.685014, 41.509057 ], [ 12.71846, 41.503169 ], [ 12.745255, 41.472787 ], [ 12.740743, 41.449988 ], [ 12.765153, 41.43624 ], [ 12.773322, 41.416264 ], [ 12.758995, 41.414002 ], [ 12.67215, 41.45505 ], [ 12.620207, 41.448743 ], [ 12.555281, 41.531133 ], [ 12.465437, 41.616519 ], [ 12.354107, 41.695044 ], [ 12.228678, 41.74432 ], [ 12.220342, 41.789333 ], [ 12.191884, 41.851272 ], [ 12.140788, 41.915669 ], [ 12.052203, 41.956411 ], [ 12.024589, 41.981355 ], [ 11.979644, 41.997994 ], [ 11.917167, 42.037782 ], [ 11.83533, 42.032148 ], [ 11.802602, 42.082692 ], [ 11.733844, 42.158059 ], [ 11.773223, 42.162042 ], [ 11.822793, 42.151841 ], [ 11.879628, 42.224207 ], [ 11.907955, 42.236828 ], [ 11.971841, 42.209986 ], [ 12.000639, 42.165453 ], [ 12.017142, 42.156495 ], [ 12.101104, 42.161264 ], [ 12.13655, 42.152384 ], [ 12.175548, 42.176265 ], [ 12.219445, 42.184339 ], [ 12.267399, 42.179142 ], [ 12.326272, 42.149327 ], [ 12.368012, 42.175546 ], [ 12.375817, 42.208583 ], [ 12.411954, 42.237462 ], [ 12.416987, 42.187062 ], [ 12.456433, 42.205606 ], [ 12.487635, 42.26625 ], [ 12.519636, 42.294725 ], [ 12.548916, 42.289414 ], [ 12.564573, 42.273684 ], [ 12.580625, 42.282826 ], [ 12.626297, 42.249118 ], [ 12.636373, 42.218437 ], [ 12.617536, 42.199928 ], [ 12.61458, 42.185294 ], [ 12.651968, 42.154992 ], [ 12.710518, 42.155475 ], [ 12.778611, 42.185311 ], [ 12.788656, 42.181202 ], [ 12.793071, 42.162885 ], [ 12.846671, 42.140071 ], [ 12.875869, 42.104166 ], [ 12.917885, 42.110328 ], [ 12.949914, 42.095327 ], [ 12.984496, 42.12751 ], [ 13.030575, 42.115353 ], [ 13.021416, 42.071844 ], [ 13.030159, 42.048408 ], [ 13.058263, 42.016025 ], [ 13.094294, 42.009802 ], [ 13.101557, 42.022957 ], [ 13.114175, 42.022346 ], [ 13.226089, 41.982924 ], [ 13.2963, 41.948588 ], [ 13.267294, 41.918941 ], [ 13.245827, 41.913192 ], [ 13.238859, 41.893916 ], [ 13.195368, 41.867362 ], [ 13.184963, 41.848298 ], [ 13.13919, 41.845294 ], [ 13.094725, 41.858827 ], [ 13.07335, 41.85269 ], [ 13.06064, 41.830328 ], [ 13.012075, 41.822572 ], [ 12.99509, 41.771218 ], [ 13.086866, 41.717323 ], [ 13.091972, 41.695044 ], [ 13.119111, 41.666664 ], [ 13.150153, 41.654909 ], [ 13.159055, 41.616026 ], [ 13.152213, 41.595451 ], [ 13.17509, 41.583538 ] ], [ [ 12.443038, 41.902916 ], [ 12.449201, 41.896612 ], [ 12.463442, 41.898654 ], [ 12.458185, 41.912533 ], [ 12.443038, 41.902916 ] ] ] } },
{ "type": "Feature", "properties": { "loc": "ITI44" }, "geometry": { "type": "MultiPolygon", "coordinates": [ [ [ [ 13.760796, 41.223168 ], [ 13.708395, 41.251094 ], [ 13.680166, 41.246647 ], [ 13.625303, 41.260209 ], [ 13.575487, 41.238928 ], [ 13.570943, 41.224932 ], [ 13.578734, 41.207252 ], [ 13.54979, 41.20932 ], [ 13.393956, 41.274479 ], [ 13.285393, 41.297108 ], [ 13.252349, 41.283898 ], [ 13.167852, 41.273197 ], [ 13.092232, 41.227631 ], [ 13.059146, 41.224462 ], [ 13.038585, 41.236355 ], [ 13.010742, 41.295547 ], [ 12.94881, 41.362299 ], [ 12.855082, 41.410866 ], [ 12.773322, 41.416264 ], [ 12.765153, 41.43624 ], [ 12.740743, 41.449988 ], [ 12.745255, 41.472787 ], [ 12.71846, 41.503169 ], [ 12.685014, 41.509057 ], [ 12.649532, 41.535298 ], [ 12.589845, 41.544588 ], [ 12.541845, 41.601654 ], [ 12.558826, 41.623354 ], [ 12.635331, 41.669783 ], [ 12.654786, 41.655177 ], [ 12.652873, 41.615107 ], [ 12.660305, 41.602596 ], [ 12.694181, 41.60784 ], [ 12.713624, 41.594622 ], [ 12.736545, 41.601449 ], [ 12.737366, 41.582001 ], [ 12.757216, 41.57643 ], [ 12.784269, 41.616924 ], [ 12.807087, 41.622781 ], [ 12.824332, 41.653799 ], [ 12.848356, 41.66764 ], [ 12.853893, 41.695044 ], [ 12.839427, 41.703749 ], [ 12.852795, 41.713644 ], [ 12.875831, 41.702897 ], [ 12.888134, 41.709769 ], [ 12.935784, 41.711501 ], [ 12.951967, 41.695044 ], [ 12.944145, 41.683087 ], [ 12.947345, 41.670719 ], [ 13.021175, 41.606993 ], [ 13.011216, 41.582936 ], [ 13.017879, 41.57592 ], [ 13.052026, 41.577398 ], [ 13.103968, 41.548203 ], [ 13.17509, 41.583538 ], [ 13.196702, 41.582804 ], [ 13.213506, 41.543471 ], [ 13.251297, 41.536179 ], [ 13.269868, 41.52301 ], [ 13.295305, 41.471513 ], [ 13.266552, 41.451289 ], [ 13.257706, 41.434464 ], [ 13.307118, 41.404699 ], [ 13.424701, 41.398506 ], [ 13.436731, 41.4242 ], [ 13.430891, 41.453557 ], [ 13.444777, 41.462114 ], [ 13.515728, 41.424493 ], [ 13.547155, 41.418545 ], [ 13.575022, 41.382968 ], [ 13.564835, 41.367107 ], [ 13.624789, 41.318665 ], [ 13.643502, 41.319145 ], [ 13.700924, 41.354521 ], [ 13.766343, 41.305475 ], [ 13.811459, 41.320784 ], [ 13.829235, 41.335525 ], [ 13.873719, 41.338294 ], [ 13.891473, 41.312934 ], [ 13.886213, 41.296478 ], [ 13.833139, 41.280747 ], [ 13.827644, 41.250199 ], [ 13.776141, 41.241273 ], [ 13.760796, 41.223168 ] ] ], [ [ [ 13.435481, 40.793428 ], [ 13.420406, 40.785788 ], [ 13.414185, 40.789318 ], [ 13.432306, 40.805136 ], [ 13.435481, 40.793428 ] ] ], [ [ [ 13.065384, 40.964133 ], [ 13.048088, 40.963872 ], [ 13.045119, 40.969143 ], [ 13.055568, 40.97587 ], [ 13.067298, 40.970252 ], [ 13.065384, 40.964133 ] ] ], [ [ [ 12.988856, 40.929361 ], [ 12.968257, 40.920602 ], [ 12.965581, 40.92934 ], [ 12.984654, 40.936218 ], [ 12.988856, 40.929361 ] ] ], [ [ [ 12.968286, 40.89353 ], [ 12.95436, 40.879919 ], [ 12.947428, 40.885931 ], [ 12.953763, 40.894237 ], [ 12.94266, 40.899992 ], [ 12.95101, 40.919977 ], [ 12.965205, 40.921423 ], [ 12.959989, 40.895951 ], [ 12.968286, 40.89353 ] ] ], [ [ [ 12.864574, 40.9275 ], [ 12.852847, 40.926613 ], [ 12.855056, 40.943001 ], [ 12.863045, 40.939721 ], [ 12.864574, 40.9275 ] ] ] ] } },
{ "type": "Feature", "properties": { "loc": "ITC34" }, "geometry": { "type": "Polygon", "coordinates": [ [ [ 10.01877, 44.044536 ], [ 9.996569, 44.049475 ], [ 9.963183, 44.038921 ], [ 9.837572, 44.105751 ], [ 9.825351, 44.088821 ], [ 9.845406, 44.0633 ], [ 9.841004, 44.053453 ], [ 9.851814, 44.042694 ], [ 9.844719, 44.037799 ], [ 9.674517, 44.138763 ], [ 9.652385, 44.144531 ], [ 9.631491, 44.137543 ], [ 9.603866, 44.170626 ], [ 9.572203, 44.183653 ], [ 9.550927, 44.204318 ], [ 9.511344, 44.216675 ], [ 9.532021, 44.249365 ], [ 9.569261, 44.255892 ], [ 9.572245, 44.266579 ], [ 9.502535, 44.326684 ], [ 9.514702, 44.355124 ], [ 9.471943, 44.389902 ], [ 9.468833, 44.401374 ], [ 9.494191, 44.422774 ], [ 9.545278, 44.4284 ], [ 9.559565, 44.437426 ], [ 9.600204, 44.433792 ], [ 9.655951, 44.408288 ], [ 9.673909, 44.369106 ], [ 9.708565, 44.36022 ], [ 9.730904, 44.330606 ], [ 9.766093, 44.305937 ], [ 9.851427, 44.265591 ], [ 9.870077, 44.222372 ], [ 9.86393, 44.188602 ], [ 9.907026, 44.205359 ], [ 9.918369, 44.193013 ], [ 9.902217, 44.166735 ], [ 9.97086, 44.162574 ], [ 9.996191, 44.10373 ], [ 10.023388, 44.116047 ], [ 10.060629, 44.101776 ], [ 10.060527, 44.082253 ], [ 10.01877, 44.044536 ] ] ] } },
{ "type": "Feature", "properties": { "loc": "ITC41" }, "geometry": { "type": "Polygon", "coordinates": [ [ [ 8.713936, 46.097272 ], [ 8.742918, 46.119222 ], [ 8.764892, 46.100612 ], [ 8.810346, 46.097822 ], [ 8.851401, 46.072628 ], [ 8.849771, 46.05591 ], [ 8.799491, 46.014538 ], [ 8.788291, 45.992739 ], [ 8.829279, 45.986918 ], [ 8.893428, 45.954707 ], [ 8.896253, 45.930042 ], [ 8.920818, 45.908157 ], [ 8.936074, 45.867491 ], [ 8.90001, 45.811211 ], [ 8.903635, 45.776277 ], [ 8.939492, 45.744064 ], [ 8.950548, 45.720461 ], [ 8.899081, 45.678794 ], [ 8.931163, 45.655803 ], [ 8.980079, 45.677455 ], [ 8.989605, 45.650208 ], [ 9.055755, 45.646504 ], [ 9.052902, 45.623193 ], [ 9.064275, 45.593448 ], [ 9.053741, 45.579853 ], [ 9.02557, 45.586746 ], [ 9.001442, 45.57726 ], [ 8.975385, 45.590412 ], [ 8.969667, 45.622329 ], [ 8.940843, 45.640345 ], [ 8.92954, 45.618254 ], [ 8.874253, 45.594339 ], [ 8.860459, 45.576533 ], [ 8.839456, 45.570883 ], [ 8.809209, 45.599431 ], [ 8.792509, 45.60184 ], [ 8.743254, 45.562773 ], [ 8.720026, 45.568477 ], [ 8.706897, 45.558316 ], [ 8.697007, 45.577558 ], [ 8.700151, 45.601492 ], [ 8.664393, 45.627418 ], [ 8.663749, 45.640022 ], [ 8.684229, 45.641341 ], [ 8.673549, 45.661393 ], [ 8.67896, 45.673192 ], [ 8.642683, 45.680233 ], [ 8.649871, 45.715517 ], [ 8.596999, 45.729706 ], [ 8.555612, 45.777726 ], [ 8.55805, 45.800634 ], [ 8.593811, 45.828225 ], [ 8.572935, 45.900567 ], [ 8.722372, 46.016356 ], [ 8.726427, 46.030069 ], [ 8.707901, 46.081363 ], [ 8.713936, 46.097272 ] ] ] } },
{ "type": "Feature", "properties": { "loc": "ITC42" }, "geometry": { "type": "MultiPolygon", "coordinates": [ [ [ [ 8.912147, 45.830445 ], [ 8.953618, 45.84159 ], [ 8.991802, 45.835795 ], [ 9.003498, 45.820962 ], [ 9.027657, 45.821584 ], [ 9.054465, 45.870051 ], [ 9.0833, 45.893263 ], [ 9.071412, 45.91218 ], [ 9.022254, 45.930011 ], [ 9.013306, 45.957012 ], [ 8.996171, 45.9683 ], [ 8.997438, 45.977628 ], [ 9.026342, 45.996052 ], [ 9.010919, 46.034214 ], [ 9.023613, 46.051674 ], [ 9.075481, 46.065964 ], [ 9.087018, 46.086646 ], [ 9.076196, 46.117969 ], [ 9.120551, 46.1361 ], [ 9.159378, 46.169601 ], [ 9.185327, 46.173578 ], [ 9.222222, 46.226738 ], [ 9.248532, 46.233768 ], [ 9.333951, 46.23334 ], [ 9.379982, 46.21286 ], [ 9.434304, 46.217025 ], [ 9.414124, 46.136869 ], [ 9.405259, 46.149427 ], [ 9.366603, 46.154858 ], [ 9.297306, 46.117579 ], [ 9.287331, 46.060126 ], [ 9.264655, 46.019879 ], [ 9.280103, 45.974343 ], [ 9.263776, 45.952489 ], [ 9.286782, 45.900792 ], [ 9.317183, 45.897521 ], [ 9.32818, 45.866947 ], [ 9.317053, 45.845391 ], [ 9.251539, 45.777492 ], [ 9.247139, 45.742652 ], [ 9.229688, 45.71916 ], [ 9.199915, 45.703654 ], [ 9.188974, 45.666677 ], [ 9.173066, 45.667686 ], [ 9.141413, 45.692127 ], [ 9.103336, 45.694327 ], [ 9.06783, 45.682414 ], [ 9.055755, 45.646504 ], [ 8.989605, 45.650208 ], [ 8.980079, 45.677455 ], [ 8.931163, 45.655803 ], [ 8.899081, 45.678794 ], [ 8.950548, 45.720461 ], [ 8.939492, 45.744064 ], [ 8.903635, 45.776277 ], [ 8.90001, 45.811211 ], [ 8.912147, 45.830445 ] ] ], [ [ [ 8.958165, 45.964494 ], [ 8.966769, 45.984624 ], [ 8.977887, 45.98297 ], [ 8.975915, 45.961267 ], [ 8.958165, 45.964494 ] ] ] ] } },
{ "type": "Feature", "properties": { "loc": "ITC43" }, "geometry": { "type": "Polygon", "coordinates": [ [ [ 9.414124, 46.136869 ], [ 9.4182, 46.094047 ], [ 9.502578, 46.064419 ], [ 9.526921, 46.01151 ], [ 9.490009, 46.004481 ], [ 9.50329, 45.970479 ], [ 9.5372, 45.951401 ], [ 9.536658, 45.936471 ], [ 9.508812, 45.899162 ], [ 9.520158, 45.871265 ], [ 9.469272, 45.850125 ], [ 9.476268, 45.82287 ], [ 9.51484, 45.783279 ], [ 9.480333, 45.764311 ], [ 9.449229, 45.758398 ], [ 9.453328, 45.685991 ], [ 9.476588, 45.669248 ], [ 9.444519, 45.651391 ], [ 9.424874, 45.657153 ], [ 9.411695, 45.674276 ], [ 9.374731, 45.657977 ], [ 9.345069, 45.669933 ], [ 9.318561, 45.660212 ], [ 9.297711, 45.688854 ], [ 9.282702, 45.733875 ], [ 9.247139, 45.742652 ], [ 9.251539, 45.777492 ], [ 9.317053, 45.845391 ], [ 9.32818, 45.866947 ], [ 9.317183, 45.897521 ], [ 9.286782, 45.900792 ], [ 9.263776, 45.952489 ], [ 9.280103, 45.974343 ], [ 9.264655, 46.019879 ], [ 9.287331, 46.060126 ], [ 9.297306, 46.117579 ], [ 9.366603, 46.154858 ], [ 9.405259, 46.149427 ], [ 9.414124, 46.136869 ] ] ] } },
{ "type": "Feature", "properties": { "loc": "ITC44" }, "geometry": { "type": "Polygon", "coordinates": [ [ [ 10.564808, 46.375298 ], [ 10.501818, 46.336077 ], [ 10.467125, 46.353402 ], [ 10.420078, 46.333314 ], [ 10.373026, 46.295466 ], [ 10.322359, 46.281588 ], [ 10.293842, 46.226553 ], [ 10.277729, 46.212413 ], [ 10.181007, 46.175592 ], [ 10.162152, 46.157362 ], [ 10.170488, 46.135725 ], [ 10.166631, 46.108963 ], [ 10.182151, 46.082223 ], [ 10.16959, 46.057053 ], [ 10.101064, 46.053854 ], [ 10.093836, 46.065525 ], [ 10.101352, 46.085708 ], [ 10.088324, 46.089491 ], [ 10.026215, 46.085516 ], [ 9.980624, 46.066964 ], [ 9.920928, 46.060407 ], [ 9.8993, 46.046277 ], [ 9.838514, 46.0453 ], [ 9.764546, 46.063326 ], [ 9.65169, 46.060083 ], [ 9.606809, 46.042716 ], [ 9.582082, 46.023591 ], [ 9.526921, 46.01151 ], [ 9.502578, 46.064419 ], [ 9.4182, 46.094047 ], [ 9.414124, 46.136869 ], [ 9.434304, 46.217025 ], [ 9.379982, 46.21286 ], [ 9.333951, 46.23334 ], [ 9.248532, 46.233768 ], [ 9.254627, 46.267212 ], [ 9.283652, 46.300657 ], [ 9.297323, 46.336732 ], [ 9.279411, 46.368891 ], [ 9.277267, 46.409246 ], [ 9.251726, 46.441866 ], [ 9.272277, 46.459666 ], [ 9.287211, 46.495327 ], [ 9.366603, 46.504264 ], [ 9.376361, 46.487438 ], [ 9.408166, 46.46858 ], [ 9.434437, 46.496692 ], [ 9.457059, 46.505222 ], [ 9.463513, 46.471417 ], [ 9.456207, 46.423722 ], [ 9.464722, 46.377089 ], [ 9.499393, 46.359724 ], [ 9.539543, 46.308733 ], [ 9.63291, 46.287002 ], [ 9.674594, 46.30044 ], [ 9.709307, 46.293618 ], [ 9.722353, 46.310757 ], [ 9.726637, 46.340087 ], [ 9.738751, 46.34824 ], [ 9.775336, 46.337676 ], [ 9.902045, 46.378321 ], [ 9.925758, 46.369243 ], [ 9.955258, 46.376711 ], [ 9.994, 46.348236 ], [ 9.984179, 46.324411 ], [ 9.998322, 46.310266 ], [ 9.997108, 46.28872 ], [ 10.051369, 46.266383 ], [ 10.058631, 46.248032 ], [ 10.04847, 46.230141 ], [ 10.069423, 46.21934 ], [ 10.139051, 46.228989 ], [ 10.173441, 46.258573 ], [ 10.154121, 46.290294 ], [ 10.116928, 46.315944 ], [ 10.106483, 46.335414 ], [ 10.132688, 46.37959 ], [ 10.161665, 46.390588 ], [ 10.163027, 46.40988 ], [ 10.132538, 46.430294 ], [ 10.083465, 46.422619 ], [ 10.04341, 46.446557 ], [ 10.050846, 46.464854 ], [ 10.047016, 46.540495 ], [ 10.097181, 46.581844 ], [ 10.103089, 46.607878 ], [ 10.130976, 46.607535 ], [ 10.187346, 46.624084 ], [ 10.21408, 46.619827 ], [ 10.236266, 46.632194 ], [ 10.254863, 46.610757 ], [ 10.24369, 46.591608 ], [ 10.246708, 46.577398 ], [ 10.281116, 46.571454 ], [ 10.300133, 46.550102 ], [ 10.416954, 46.54893 ], [ 10.452801, 46.530683 ], [ 10.458143, 46.510971 ], [ 10.47614, 46.495553 ], [ 10.552405, 46.491203 ], [ 10.577735, 46.47344 ], [ 10.600488, 46.468681 ], [ 10.622146, 46.448102 ], [ 10.617883, 46.426812 ], [ 10.625429, 46.398685 ], [ 10.604815, 46.38006 ], [ 10.564808, 46.375298 ] ] ] } },
{ "type": "Feature", "properties": { "loc": "ITC46" }, "geometry": { "type": "Polygon", "coordinates": [ [ [ 10.16959, 46.057053 ], [ 10.22166, 46.04988 ], [ 10.259177, 46.020707 ], [ 10.248721, 46.011965 ], [ 10.199913, 46.003454 ], [ 10.173495, 45.972739 ], [ 10.12675, 45.957915 ], [ 10.095121, 45.925348 ], [ 10.111172, 45.88626 ], [ 10.147475, 45.858769 ], [ 10.105116, 45.813534 ], [ 10.062132, 45.784119 ], [ 10.056622, 45.765659 ], [ 10.065045, 45.739403 ], [ 10.062462, 45.684941 ], [ 10.042639, 45.675296 ], [ 9.943947, 45.663668 ], [ 9.917885, 45.645884 ], [ 9.892678, 45.607822 ], [ 9.853056, 45.602034 ], [ 9.839359, 45.550492 ], [ 9.889333, 45.465159 ], [ 9.889639, 45.427335 ], [ 9.823378, 45.454492 ], [ 9.807194, 45.426157 ], [ 9.788036, 45.426073 ], [ 9.771302, 45.432414 ], [ 9.74056, 45.471038 ], [ 9.714272, 45.480353 ], [ 9.684101, 45.444931 ], [ 9.668403, 45.439133 ], [ 9.645126, 45.455474 ], [ 9.618059, 45.459221 ], [ 9.601993, 45.475356 ], [ 9.575042, 45.461219 ], [ 9.554301, 45.460987 ], [ 9.543072, 45.486576 ], [ 9.519207, 45.504482 ], [ 9.542781, 45.504804 ], [ 9.549247, 45.519746 ], [ 9.528497, 45.544464 ], [ 9.533596, 45.593175 ], [ 9.476588, 45.669248 ], [ 9.453328, 45.685991 ], [ 9.449229, 45.758398 ], [ 9.480333, 45.764311 ], [ 9.51484, 45.783279 ], [ 9.476268, 45.82287 ], [ 9.469272, 45.850125 ], [ 9.520158, 45.871265 ], [ 9.508812, 45.899162 ], [ 9.536658, 45.936471 ], [ 9.5372, 45.951401 ], [ 9.50329, 45.970479 ], [ 9.490009, 46.004481 ], [ 9.582082, 46.023591 ], [ 9.606809, 46.042716 ], [ 9.65169, 46.060083 ], [ 9.764546, 46.063326 ], [ 9.838514, 46.0453 ], [ 9.8993, 46.046277 ], [ 9.920928, 46.060407 ], [ 9.980624, 46.066964 ], [ 10.026215, 46.085516 ], [ 10.088324, 46.089491 ], [ 10.101352, 46.085708 ], [ 10.093836, 46.065525 ], [ 10.101064, 46.053854 ], [ 10.16959, 46.057053 ] ] ] } },
{ "type": "Feature", "properties": { "loc": "ITC47" }, "geometry": { "type": "Polygon", "coordinates": [ [ [ 9.888385, 45.354324 ], [ 9.889333, 45.465159 ], [ 9.839359, 45.550492 ], [ 9.853056, 45.602034 ], [ 9.892678, 45.607822 ], [ 9.917885, 45.645884 ], [ 9.943947, 45.663668 ], [ 10.042639, 45.675296 ], [ 10.062462, 45.684941 ], [ 10.065045, 45.739403 ], [ 10.056622, 45.765659 ], [ 10.062132, 45.784119 ], [ 10.105116, 45.813534 ], [ 10.147475, 45.858769 ], [ 10.111172, 45.88626 ], [ 10.095121, 45.925348 ], [ 10.12675, 45.957915 ], [ 10.173495, 45.972739 ], [ 10.199913, 46.003454 ], [ 10.248721, 46.011965 ], [ 10.259177, 46.020707 ], [ 10.22166, 46.04988 ], [ 10.16959, 46.057053 ], [ 10.182151, 46.082223 ], [ 10.166631, 46.108963 ], [ 10.170488, 46.135725 ], [ 10.162152, 46.157362 ], [ 10.181007, 46.175592 ], [ 10.277729, 46.212413 ], [ 10.293842, 46.226553 ], [ 10.322359, 46.281588 ], [ 10.373026, 46.295466 ], [ 10.420078, 46.333314 ], [ 10.467125, 46.353402 ], [ 10.501818, 46.336077 ], [ 10.515752, 46.343224 ], [ 10.562356, 46.325477 ], [ 10.576426, 46.299115 ], [ 10.564223, 46.283501 ], [ 10.583149, 46.250101 ], [ 10.544611, 46.193138 ], [ 10.562175, 46.166283 ], [ 10.54858, 46.141712 ], [ 10.544329, 46.110145 ], [ 10.483853, 46.057153 ], [ 10.483799, 46.02687 ], [ 10.461058, 46.011233 ], [ 10.454283, 45.993469 ], [ 10.455999, 45.977814 ], [ 10.485236, 45.968548 ], [ 10.492185, 45.936042 ], [ 10.508164, 45.919715 ], [ 10.49217, 45.89064 ], [ 10.502048, 45.872849 ], [ 10.505828, 45.829301 ], [ 10.53751, 45.819594 ], [ 10.529799, 45.805733 ], [ 10.535397, 45.790486 ], [ 10.553552, 45.784513 ], [ 10.611677, 45.804486 ], [ 10.64146, 45.804941 ], [ 10.657676, 45.830559 ], [ 10.696697, 45.839285 ], [ 10.840177, 45.832758 ], [ 10.70886, 45.680114 ], [ 10.63028, 45.607284 ], [ 10.647579, 45.420981 ], [ 10.654656, 45.415827 ], [ 10.634793, 45.386501 ], [ 10.581466, 45.3827 ], [ 10.54632, 45.388936 ], [ 10.508765, 45.412007 ], [ 10.466041, 45.414292 ], [ 10.453359, 45.384828 ], [ 10.467952, 45.357704 ], [ 10.468363, 45.330633 ], [ 10.431713, 45.31928 ], [ 10.424801, 45.299209 ], [ 10.3993, 45.285966 ], [ 10.392114, 45.248434 ], [ 10.363172, 45.242685 ], [ 10.357195, 45.21532 ], [ 10.317723, 45.204716 ], [ 10.308375, 45.220413 ], [ 10.259868, 45.250956 ], [ 10.209682, 45.227766 ], [ 10.106417, 45.247759 ], [ 10.080198, 45.269487 ], [ 10.028192, 45.278582 ], [ 9.899233, 45.340002 ], [ 9.888385, 45.354324 ] ] ] } },
{ "type": "Feature", "properties": { "loc": "ITC48" }, "geometry": { "type": "Polygon", "coordinates": [ [ [ 9.200074, 44.686099 ], [ 9.210839, 44.751306 ], [ 9.176198, 44.769673 ], [ 9.171938, 44.795053 ], [ 9.154495, 44.810259 ], [ 9.111202, 44.807916 ], [ 9.07747, 44.818972 ], [ 9.052729, 44.847737 ], [ 9.064813, 44.862254 ], [ 9.05614, 44.883646 ], [ 9.00755, 44.905339 ], [ 8.97419, 44.940195 ], [ 8.977801, 44.964191 ], [ 8.961902, 44.984618 ], [ 8.917258, 44.988762 ], [ 8.903122, 45.008997 ], [ 8.89416, 45.048904 ], [ 8.878243, 45.054821 ], [ 8.843141, 45.048473 ], [ 8.800299, 45.032834 ], [ 8.798363, 45.023781 ], [ 8.771481, 45.010437 ], [ 8.709962, 45.035851 ], [ 8.693557, 45.024342 ], [ 8.658469, 45.02307 ], [ 8.640616, 45.040227 ], [ 8.642211, 45.078881 ], [ 8.612817, 45.105757 ], [ 8.610457, 45.125194 ], [ 8.547798, 45.168147 ], [ 8.564228, 45.197873 ], [ 8.542139, 45.199559 ], [ 8.531627, 45.220088 ], [ 8.535892, 45.262382 ], [ 8.50487, 45.29469 ], [ 8.51356, 45.313278 ], [ 8.532078, 45.319742 ], [ 8.532352, 45.341025 ], [ 8.542861, 45.348537 ], [ 8.615754, 45.353881 ], [ 8.65301, 45.325094 ], [ 8.666377, 45.297417 ], [ 8.693172, 45.294919 ], [ 8.713267, 45.305173 ], [ 8.728279, 45.332626 ], [ 8.754214, 45.347736 ], [ 8.732286, 45.37469 ], [ 8.842916, 45.393841 ], [ 8.869363, 45.345067 ], [ 8.938285, 45.316083 ], [ 8.948367, 45.290639 ], [ 8.984099, 45.267548 ], [ 9.015588, 45.28163 ], [ 8.997399, 45.297256 ], [ 8.993258, 45.314435 ], [ 9.015181, 45.324156 ], [ 9.029816, 45.315462 ], [ 9.032121, 45.299415 ], [ 9.072133, 45.310803 ], [ 9.091073, 45.303563 ], [ 9.12879, 45.310297 ], [ 9.188387, 45.294602 ], [ 9.186426, 45.308646 ], [ 9.204683, 45.33211 ], [ 9.299581, 45.329132 ], [ 9.338847, 45.312966 ], [ 9.354127, 45.295697 ], [ 9.325938, 45.294541 ], [ 9.33695, 45.272536 ], [ 9.318408, 45.2619 ], [ 9.314219, 45.248713 ], [ 9.366603, 45.244248 ], [ 9.403889, 45.206141 ], [ 9.479613, 45.162768 ], [ 9.531602, 45.165352 ], [ 9.548685, 45.132648 ], [ 9.540157, 45.118125 ], [ 9.545771, 45.093438 ], [ 9.537561, 45.084512 ], [ 9.482062, 45.100114 ], [ 9.440153, 45.090879 ], [ 9.383155, 45.056962 ], [ 9.366603, 45.009436 ], [ 9.288379, 44.916356 ], [ 9.288068, 44.89314 ], [ 9.337078, 44.865777 ], [ 9.355254, 44.829792 ], [ 9.292183, 44.767163 ], [ 9.323515, 44.734309 ], [ 9.314152, 44.695981 ], [ 9.27398, 44.684006 ], [ 9.244319, 44.698056 ], [ 9.229096, 44.688049 ], [ 9.200074, 44.686099 ] ] ] } },
{ "type": "Feature", "properties": { "loc": "ITC49" }, "geometry": { "type": "Polygon", "coordinates": [ [ [ 9.438572, 45.187634 ], [ 9.403889, 45.206141 ], [ 9.366603, 45.244248 ], [ 9.314219, 45.248713 ], [ 9.318408, 45.2619 ], [ 9.33695, 45.272536 ], [ 9.325938, 45.294541 ], [ 9.354127, 45.295697 ], [ 9.338847, 45.312966 ], [ 9.376625, 45.312656 ], [ 9.360733, 45.358619 ], [ 9.381927, 45.39049 ], [ 9.405756, 45.396745 ], [ 9.41606, 45.408294 ], [ 9.424435, 45.454222 ], [ 9.447199, 45.465829 ], [ 9.48393, 45.448691 ], [ 9.48308, 45.427111 ], [ 9.458261, 45.392588 ], [ 9.463601, 45.378932 ], [ 9.505137, 45.363933 ], [ 9.513388, 45.349771 ], [ 9.550066, 45.34098 ], [ 9.561832, 45.345234 ], [ 9.569597, 45.364155 ], [ 9.579432, 45.362641 ], [ 9.631133, 45.283307 ], [ 9.677, 45.259587 ], [ 9.716037, 45.261025 ], [ 9.710844, 45.251649 ], [ 9.722438, 45.228841 ], [ 9.772196, 45.21556 ], [ 9.762868, 45.190518 ], [ 9.776499, 45.185545 ], [ 9.788354, 45.165758 ], [ 9.835254, 45.152167 ], [ 9.868079, 45.155552 ], [ 9.891102, 45.130898 ], [ 9.878123, 45.117513 ], [ 9.896548, 45.096601 ], [ 9.894166, 45.081388 ], [ 9.880755, 45.077197 ], [ 9.858764, 45.093111 ], [ 9.840262, 45.093514 ], [ 9.823406, 45.055161 ], [ 9.810809, 45.076454 ], [ 9.783534, 45.087383 ], [ 9.758323, 45.111008 ], [ 9.746955, 45.107366 ], [ 9.748111, 45.079026 ], [ 9.71248, 45.060366 ], [ 9.637421, 45.085803 ], [ 9.638765, 45.118959 ], [ 9.630439, 45.128378 ], [ 9.620104, 45.129975 ], [ 9.608495, 45.110407 ], [ 9.590138, 45.102418 ], [ 9.570248, 45.108063 ], [ 9.514824, 45.18531 ], [ 9.473026, 45.198881 ], [ 9.438572, 45.187634 ] ] ] } },
{ "type": "Feature", "properties": { "loc": "ITC4A" }, "geometry": { "type": "Polygon", "coordinates": [ [ [ 9.48308, 45.427111 ], [ 9.498274, 45.485453 ], [ 9.519207, 45.504482 ], [ 9.543072, 45.486576 ], [ 9.554301, 45.460987 ], [ 9.575042, 45.461219 ], [ 9.601993, 45.475356 ], [ 9.618059, 45.459221 ], [ 9.645126, 45.455474 ], [ 9.668403, 45.439133 ], [ 9.684101, 45.444931 ], [ 9.714272, 45.480353 ], [ 9.74056, 45.471038 ], [ 9.771302, 45.432414 ], [ 9.788036, 45.426073 ], [ 9.807194, 45.426157 ], [ 9.823378, 45.454492 ], [ 9.889639, 45.427335 ], [ 9.888385, 45.354324 ], [ 9.899233, 45.340002 ], [ 10.028192, 45.278582 ], [ 10.080198, 45.269487 ], [ 10.106417, 45.247759 ], [ 10.209682, 45.227766 ], [ 10.259868, 45.250956 ], [ 10.308375, 45.220413 ], [ 10.323648, 45.18393 ], [ 10.380074, 45.143007 ], [ 10.418481, 45.135359 ], [ 10.466111, 45.1423 ], [ 10.480477, 45.135828 ], [ 10.454677, 45.096046 ], [ 10.41975, 45.084221 ], [ 10.420812, 45.048646 ], [ 10.48067, 45.056846 ], [ 10.506017, 45.071024 ], [ 10.53249, 45.062921 ], [ 10.532035, 45.048561 ], [ 10.517554, 45.030724 ], [ 10.467816, 45.00888 ], [ 10.463649, 44.990724 ], [ 10.491119, 44.982924 ], [ 10.547019, 45.000499 ], [ 10.558782, 44.992709 ], [ 10.464031, 44.937171 ], [ 10.436819, 44.945487 ], [ 10.404181, 44.983025 ], [ 10.351921, 44.969078 ], [ 10.215957, 45.031808 ], [ 10.186905, 45.030175 ], [ 10.160334, 45.042679 ], [ 10.100354, 45.023456 ], [ 10.083503, 45.043958 ], [ 10.053688, 45.044065 ], [ 10.024903, 45.0739 ], [ 10.02531, 45.096571 ], [ 9.987486, 45.131041 ], [ 9.972656, 45.130859 ], [ 9.922816, 45.101694 ], [ 9.916677, 45.106787 ], [ 9.921756, 45.132404 ], [ 9.891102, 45.130898 ], [ 9.868079, 45.155552 ], [ 9.835254, 45.152167 ], [ 9.788354, 45.165758 ], [ 9.776499, 45.185545 ], [ 9.762868, 45.190518 ], [ 9.772196, 45.21556 ], [ 9.722438, 45.228841 ], [ 9.710844, 45.251649 ], [ 9.716037, 45.261025 ], [ 9.677, 45.259587 ], [ 9.631133, 45.283307 ], [ 9.579432, 45.362641 ], [ 9.569597, 45.364155 ], [ 9.561832, 45.345234 ], [ 9.550066, 45.34098 ], [ 9.513388, 45.349771 ], [ 9.505137, 45.363933 ], [ 9.463601, 45.378932 ], [ 9.458261, 45.392588 ], [ 9.48308, 45.427111 ] ] ] } },
{ "type": "Feature", "properties": { "loc": "ITC4B" }, "geometry": { "type": "Polygon", "coordinates": [ [ [ 11.205503, 45.109487 ], [ 11.179662, 45.095274 ], [ 11.178931, 45.061948 ], [ 11.238841, 45.044785 ], [ 11.264685, 45.052594 ], [ 11.276231, 45.019714 ], [ 11.414225, 44.966585 ], [ 11.426766, 44.950076 ], [ 11.380124, 44.957101 ], [ 11.354691, 44.952233 ], [ 11.326109, 44.960916 ], [ 11.289357, 44.95577 ], [ 11.270419, 44.943131 ], [ 11.246232, 44.951428 ], [ 11.151443, 44.93635 ], [ 11.08017, 44.960599 ], [ 11.05492, 44.949775 ], [ 10.999759, 44.953581 ], [ 10.942526, 44.924134 ], [ 10.88791, 44.914266 ], [ 10.86593, 44.92627 ], [ 10.753744, 44.948895 ], [ 10.727475, 44.987076 ], [ 10.69996, 44.968985 ], [ 10.681577, 44.978725 ], [ 10.628836, 44.931075 ], [ 10.596774, 44.915511 ], [ 10.559659, 44.910442 ], [ 10.504344, 44.922418 ], [ 10.464031, 44.937171 ], [ 10.558782, 44.992709 ], [ 10.547019, 45.000499 ], [ 10.491119, 44.982924 ], [ 10.463649, 44.990724 ], [ 10.467816, 45.00888 ], [ 10.517554, 45.030724 ], [ 10.532035, 45.048561 ], [ 10.53249, 45.062921 ], [ 10.506017, 45.071024 ], [ 10.48067, 45.056846 ], [ 10.420812, 45.048646 ], [ 10.41975, 45.084221 ], [ 10.454677, 45.096046 ], [ 10.480477, 45.135828 ], [ 10.466111, 45.1423 ], [ 10.418481, 45.135359 ], [ 10.380074, 45.143007 ], [ 10.323648, 45.18393 ], [ 10.317723, 45.204716 ], [ 10.357195, 45.21532 ], [ 10.363172, 45.242685 ], [ 10.392114, 45.248434 ], [ 10.3993, 45.285966 ], [ 10.424801, 45.299209 ], [ 10.431713, 45.31928 ], [ 10.468363, 45.330633 ], [ 10.467952, 45.357704 ], [ 10.453359, 45.384828 ], [ 10.466041, 45.414292 ], [ 10.508765, 45.412007 ], [ 10.54632, 45.388936 ], [ 10.581466, 45.3827 ], [ 10.634793, 45.386501 ], [ 10.654656, 45.415827 ], [ 10.671491, 45.426174 ], [ 10.713974, 45.414205 ], [ 10.715295, 45.395996 ], [ 10.702205, 45.378697 ], [ 10.709664, 45.365373 ], [ 10.687284, 45.348476 ], [ 10.729367, 45.312766 ], [ 10.732457, 45.291015 ], [ 10.785606, 45.312776 ], [ 10.828191, 45.283387 ], [ 10.849074, 45.257948 ], [ 10.932794, 45.23232 ], [ 10.942714, 45.209735 ], [ 10.992744, 45.191488 ], [ 10.998952, 45.151853 ], [ 11.043585, 45.150171 ], [ 11.032451, 45.123579 ], [ 11.044429, 45.111757 ], [ 11.087792, 45.098118 ], [ 11.101933, 45.109221 ], [ 11.129316, 45.106058 ], [ 11.145834, 45.124234 ], [ 11.205503, 45.109487 ] ] ] } },
{ "type": "Feature", "properties": { "loc": "ITH33" }, "geometry": { "type": "Polygon", "coordinates": [ [ [ 12.477924, 46.679835 ], [ 12.514642, 46.677918 ], [ 12.567411, 46.65322 ], [ 12.622712, 46.661145 ], [ 12.715312, 46.648857 ], [ 12.731393, 46.634288 ], [ 12.741393, 46.588284 ], [ 12.734213, 46.566056 ], [ 12.739768, 46.544445 ], [ 12.699232, 46.540337 ], [ 12.633479, 46.511597 ], [ 12.633189, 46.500312 ], [ 12.65552, 46.480795 ], [ 12.656082, 46.469075 ], [ 12.626252, 46.473717 ], [ 12.604402, 46.466537 ], [ 12.572189, 46.474207 ], [ 12.531824, 46.461108 ], [ 12.496819, 46.429022 ], [ 12.498703, 46.412222 ], [ 12.457876, 46.389422 ], [ 12.459273, 46.371644 ], [ 12.420543, 46.352735 ], [ 12.412025, 46.333337 ], [ 12.36048, 46.321659 ], [ 12.352141, 46.295379 ], [ 12.323316, 46.270287 ], [ 12.337855, 46.242883 ], [ 12.357961, 46.230703 ], [ 12.400018, 46.227123 ], [ 12.406492, 46.209188 ], [ 12.443053, 46.206637 ], [ 12.451067, 46.178059 ], [ 12.495049, 46.1483 ], [ 12.495686, 46.129445 ], [ 12.483769, 46.105786 ], [ 12.436445, 46.08234 ], [ 12.400535, 46.041996 ], [ 12.399241, 46.057867 ], [ 12.383276, 46.072826 ], [ 12.311972, 46.078434 ], [ 12.224138, 46.013932 ], [ 12.114522, 46.001276 ], [ 12.058853, 45.962326 ], [ 12.032703, 45.970996 ], [ 11.96128, 45.953328 ], [ 11.94739, 45.93234 ], [ 11.944809, 45.895499 ], [ 11.864367, 45.881842 ], [ 11.825923, 45.905285 ], [ 11.799596, 45.880558 ], [ 11.777944, 45.892517 ], [ 11.786505, 45.92163 ], [ 11.732856, 45.935539 ], [ 11.711564, 45.97113 ], [ 11.684319, 45.984078 ], [ 11.670869, 46.037354 ], [ 11.703292, 46.04981 ], [ 11.68629, 46.071164 ], [ 11.687193, 46.091194 ], [ 11.723611, 46.102973 ], [ 11.805908, 46.102641 ], [ 11.886011, 46.11857 ], [ 11.917094, 46.147965 ], [ 11.930064, 46.172693 ], [ 11.948343, 46.17267 ], [ 11.960185, 46.190296 ], [ 11.91415, 46.222997 ], [ 11.920704, 46.247255 ], [ 11.891263, 46.25611 ], [ 11.883501, 46.275801 ], [ 11.835239, 46.275293 ], [ 11.829252, 46.288178 ], [ 11.838297, 46.306413 ], [ 11.82936, 46.322972 ], [ 11.778008, 46.355671 ], [ 11.819882, 46.373725 ], [ 11.832349, 46.370144 ], [ 11.846733, 46.428078 ], [ 11.886596, 46.444686 ], [ 11.88613, 46.461411 ], [ 11.876846, 46.470486 ], [ 11.814877, 46.480383 ], [ 11.81474, 46.495455 ], [ 11.828337, 46.508914 ], [ 11.912733, 46.531381 ], [ 11.938617, 46.529271 ], [ 11.965349, 46.543775 ], [ 12.001699, 46.537069 ], [ 12.046514, 46.588808 ], [ 12.048837, 46.608133 ], [ 12.069918, 46.637494 ], [ 12.071216, 46.67244 ], [ 12.170909, 46.632484 ], [ 12.193654, 46.61799 ], [ 12.196447, 46.597131 ], [ 12.257103, 46.626767 ], [ 12.289144, 46.618857 ], [ 12.327866, 46.630399 ], [ 12.380401, 46.62285 ], [ 12.386538, 46.627599 ], [ 12.382935, 46.641101 ], [ 12.477924, 46.679835 ] ] ] } },
{ "type": "Feature", "properties": { "loc": "ITH34" }, "geometry": { "type": "Polygon", "coordinates": [ [ [ 12.092477, 45.598335 ], [ 12.073548, 45.638406 ], [ 12.036946, 45.646705 ], [ 12.011234, 45.64261 ], [ 12.003353, 45.625261 ], [ 11.965452, 45.610333 ], [ 11.903552, 45.624502 ], [ 11.8971, 45.61702 ], [ 11.880759, 45.66167 ], [ 11.821667, 45.687179 ], [ 11.815949, 45.738505 ], [ 11.832021, 45.744602 ], [ 11.829595, 45.761672 ], [ 11.810229, 45.795189 ], [ 11.7783, 45.794529 ], [ 11.761963, 45.806778 ], [ 11.747199, 45.852425 ], [ 11.799596, 45.880558 ], [ 11.825923, 45.905285 ], [ 11.864367, 45.881842 ], [ 11.944809, 45.895499 ], [ 11.94739, 45.93234 ], [ 11.96128, 45.953328 ], [ 12.032703, 45.970996 ], [ 12.058853, 45.962326 ], [ 12.114522, 46.001276 ], [ 12.224138, 46.013932 ], [ 12.311972, 46.078434 ], [ 12.383276, 46.072826 ], [ 12.399241, 46.057867 ], [ 12.400535, 46.041996 ], [ 12.426843, 45.994123 ], [ 12.428716, 45.950802 ], [ 12.504456, 45.920765 ], [ 12.512236, 45.895446 ], [ 12.531745, 45.881779 ], [ 12.534951, 45.863817 ], [ 12.549179, 45.857101 ], [ 12.555993, 45.832133 ], [ 12.589541, 45.81834 ], [ 12.602932, 45.834401 ], [ 12.626407, 45.828484 ], [ 12.649126, 45.815116 ], [ 12.661673, 45.792441 ], [ 12.657034, 45.78156 ], [ 12.665873, 45.765246 ], [ 12.651538, 45.746888 ], [ 12.663636, 45.743838 ], [ 12.680037, 45.709043 ], [ 12.656274, 45.707173 ], [ 12.602471, 45.683055 ], [ 12.577378, 45.695107 ], [ 12.533285, 45.680653 ], [ 12.504331, 45.685476 ], [ 12.484291, 45.642736 ], [ 12.443091, 45.639857 ], [ 12.428491, 45.622499 ], [ 12.449831, 45.572054 ], [ 12.439546, 45.561758 ], [ 12.396169, 45.567332 ], [ 12.354107, 45.58557 ], [ 12.334589, 45.564644 ], [ 12.286667, 45.570237 ], [ 12.276339, 45.536783 ], [ 12.248443, 45.532015 ], [ 12.210309, 45.540594 ], [ 12.208919, 45.567653 ], [ 12.187061, 45.581402 ], [ 12.165311, 45.576919 ], [ 12.113563, 45.610901 ], [ 12.092477, 45.598335 ] ] ] } },
{ "type": "Feature", "properties": { "loc": "ITG15" }, "geometry": { "type": "MultiPolygon", "coordinates": [ [ [ [ 14.036207, 37.106028 ], [ 14.029197, 37.148142 ], [ 13.991341, 37.191811 ], [ 14.025292, 37.28535 ], [ 13.999269, 37.294418 ], [ 13.961669, 37.328095 ], [ 13.929212, 37.331307 ], [ 13.890166, 37.354935 ], [ 13.890166, 37.373793 ], [ 13.905365, 37.393029 ], [ 13.893557, 37.402315 ], [ 13.861285, 37.406143 ], [ 13.844363, 37.435003 ], [ 13.773422, 37.439024 ], [ 13.746783, 37.430412 ], [ 13.70629, 37.441747 ], [ 13.683796, 37.458143 ], [ 13.654061, 37.462446 ], [ 13.687702, 37.498799 ], [ 13.693027, 37.521626 ], [ 13.685159, 37.559784 ], [ 13.671689, 37.574314 ], [ 13.679894, 37.583969 ], [ 13.752858, 37.59311 ], [ 13.789722, 37.620492 ], [ 13.826798, 37.621356 ], [ 13.814802, 37.642319 ], [ 13.820267, 37.67388 ], [ 13.795595, 37.686308 ], [ 13.732528, 37.682966 ], [ 13.746138, 37.704163 ], [ 13.772705, 37.702526 ], [ 13.781302, 37.724886 ], [ 13.807743, 37.741976 ], [ 13.821438, 37.702357 ], [ 13.872594, 37.683389 ], [ 13.900243, 37.656293 ], [ 13.902458, 37.618529 ], [ 13.925258, 37.607053 ], [ 13.929062, 37.595934 ], [ 13.962432, 37.586983 ], [ 14.017837, 37.598715 ], [ 14.025457, 37.605121 ], [ 14.026916, 37.631621 ], [ 14.055901, 37.646984 ], [ 14.153667, 37.612494 ], [ 14.156728, 37.58706 ], [ 14.137866, 37.574915 ], [ 14.139872, 37.559784 ], [ 14.127412, 37.524187 ], [ 14.152017, 37.483067 ], [ 14.07591, 37.42543 ], [ 14.065408, 37.400695 ], [ 14.088858, 37.33952 ], [ 14.1119, 37.334765 ], [ 14.12804, 37.341503 ], [ 14.175475, 37.32698 ], [ 14.240655, 37.346035 ], [ 14.312112, 37.325475 ], [ 14.321089, 37.304435 ], [ 14.352671, 37.30614 ], [ 14.355485, 37.281267 ], [ 14.380944, 37.283012 ], [ 14.389669, 37.268001 ], [ 14.375725, 37.210239 ], [ 14.384015, 37.192359 ], [ 14.403366, 37.17878 ], [ 14.431716, 37.184912 ], [ 14.473267, 37.135382 ], [ 14.452004, 37.100569 ], [ 14.430919, 37.094019 ], [ 14.444123, 37.05295 ], [ 14.362135, 37.003128 ], [ 14.337595, 37.00198 ], [ 14.254892, 37.059529 ], [ 14.170269, 37.091085 ], [ 14.072195, 37.110201 ], [ 14.036207, 37.106028 ] ], [ [ 14.085897, 37.553148 ], [ 14.098937, 37.536691 ], [ 14.107612, 37.538843 ], [ 14.100337, 37.554298 ], [ 14.085897, 37.553148 ] ] ], [ [ [ 14.00729, 37.671587 ], [ 14.011055, 37.689305 ], [ 14.042257, 37.691048 ], [ 14.030122, 37.705453 ], [ 14.04358, 37.725747 ], [ 14.090473, 37.704923 ], [ 14.077761, 37.689972 ], [ 14.087662, 37.679879 ], [ 14.031012, 37.655782 ], [ 14.019193, 37.657501 ], [ 14.00729, 37.671587 ] ] ] ] } },
{ "type": "Feature", "properties": { "loc": "ITG16" }, "geometry": { "type": "MultiPolygon", "coordinates": [ [ [ [ 14.433248, 37.296082 ], [ 14.321089, 37.304435 ], [ 14.312112, 37.325475 ], [ 14.240655, 37.346035 ], [ 14.175475, 37.32698 ], [ 14.12804, 37.341503 ], [ 14.1119, 37.334765 ], [ 14.088858, 37.33952 ], [ 14.065408, 37.400695 ], [ 14.07591, 37.42543 ], [ 14.152017, 37.483067 ], [ 14.127412, 37.524187 ], [ 14.139872, 37.559784 ], [ 14.137866, 37.574915 ], [ 14.156728, 37.58706 ], [ 14.159606, 37.599531 ], [ 14.153667, 37.612494 ], [ 14.135053, 37.616705 ], [ 14.159482, 37.636514 ], [ 14.161425, 37.665362 ], [ 14.175475, 37.676551 ], [ 14.212948, 37.678698 ], [ 14.252756, 37.695355 ], [ 14.288296, 37.737366 ], [ 14.288172, 37.76257 ], [ 14.265543, 37.793388 ], [ 14.26486, 37.826838 ], [ 14.27997, 37.840091 ], [ 14.329102, 37.839459 ], [ 14.393932, 37.851658 ], [ 14.410275, 37.864026 ], [ 14.458576, 37.842348 ], [ 14.457424, 37.819014 ], [ 14.474934, 37.812947 ], [ 14.510807, 37.853772 ], [ 14.563271, 37.877201 ], [ 14.569153, 37.859627 ], [ 14.556195, 37.840719 ], [ 14.601731, 37.810296 ], [ 14.678107, 37.797549 ], [ 14.714312, 37.815002 ], [ 14.742269, 37.818132 ], [ 14.740348, 37.793683 ], [ 14.719581, 37.77282 ], [ 14.730589, 37.750935 ], [ 14.712219, 37.727811 ], [ 14.722776, 37.692695 ], [ 14.731421, 37.687156 ], [ 14.795157, 37.705295 ], [ 14.794964, 37.657925 ], [ 14.820695, 37.632876 ], [ 14.826499, 37.607112 ], [ 14.825227, 37.594064 ], [ 14.796201, 37.560924 ], [ 14.789377, 37.51232 ], [ 14.778346, 37.505304 ], [ 14.761412, 37.508561 ], [ 14.692355, 37.555161 ], [ 14.624319, 37.537253 ], [ 14.578702, 37.546176 ], [ 14.545881, 37.539418 ], [ 14.504335, 37.508494 ], [ 14.522352, 37.493464 ], [ 14.527625, 37.464861 ], [ 14.552234, 37.448566 ], [ 14.601565, 37.44328 ], [ 14.626023, 37.426138 ], [ 14.587482, 37.403333 ], [ 14.583121, 37.37008 ], [ 14.497599, 37.348647 ], [ 14.514219, 37.327546 ], [ 14.502676, 37.313687 ], [ 14.443021, 37.342342 ], [ 14.429519, 37.334887 ], [ 14.448412, 37.308461 ], [ 14.433248, 37.296082 ] ] ], [ [ [ 14.085897, 37.553148 ], [ 14.100337, 37.554298 ], [ 14.107612, 37.538843 ], [ 14.098937, 37.536691 ], [ 14.085897, 37.553148 ] ] ] ] } },
{ "type": "Feature", "properties": { "loc": "ITG17" }, "geometry": { "type": "Polygon", "coordinates": [ [ [ 14.742269, 37.818132 ], [ 14.79456, 37.813151 ], [ 14.777324, 37.858788 ], [ 14.761737, 37.863939 ], [ 14.7445, 37.856122 ], [ 14.739531, 37.862289 ], [ 14.741813, 37.896023 ], [ 14.771871, 37.898733 ], [ 14.761722, 37.920591 ], [ 14.771108, 37.939942 ], [ 14.795275, 37.949841 ], [ 14.826003, 37.939951 ], [ 14.843784, 37.952448 ], [ 14.865381, 37.932056 ], [ 14.925843, 37.956267 ], [ 14.939789, 37.947906 ], [ 14.958868, 37.913827 ], [ 14.985235, 37.896122 ], [ 15.106474, 37.904053 ], [ 15.155008, 37.89192 ], [ 15.216746, 37.852066 ], [ 15.258083, 37.807224 ], [ 15.208185, 37.745491 ], [ 15.216095, 37.708599 ], [ 15.19561, 37.653803 ], [ 15.175446, 37.630178 ], [ 15.175422, 37.581183 ], [ 15.158819, 37.559784 ], [ 15.117951, 37.53135 ], [ 15.089134, 37.491676 ], [ 15.091499, 37.357708 ], [ 15.040022, 37.363582 ], [ 15.02559, 37.374632 ], [ 14.983791, 37.374705 ], [ 14.936185, 37.407022 ], [ 14.891706, 37.407586 ], [ 14.879306, 37.391811 ], [ 14.845407, 37.378122 ], [ 14.837942, 37.359185 ], [ 14.788266, 37.336864 ], [ 14.782373, 37.326634 ], [ 14.803814, 37.31727 ], [ 14.846904, 37.322688 ], [ 14.887832, 37.309128 ], [ 14.878659, 37.286942 ], [ 14.85938, 37.279249 ], [ 14.848159, 37.263068 ], [ 14.798691, 37.246284 ], [ 14.777066, 37.2263 ], [ 14.781973, 37.213306 ], [ 14.811507, 37.209992 ], [ 14.828972, 37.198375 ], [ 14.861781, 37.205309 ], [ 14.870212, 37.199131 ], [ 14.867686, 37.186734 ], [ 14.838376, 37.163535 ], [ 14.844849, 37.142334 ], [ 14.839923, 37.128784 ], [ 14.777385, 37.135739 ], [ 14.785075, 37.110791 ], [ 14.764236, 37.097494 ], [ 14.730771, 37.098589 ], [ 14.725078, 37.117211 ], [ 14.709059, 37.123759 ], [ 14.676236, 37.103523 ], [ 14.653452, 37.102224 ], [ 14.63571, 37.084484 ], [ 14.608864, 37.085692 ], [ 14.565127, 37.054115 ], [ 14.542542, 37.056167 ], [ 14.528721, 37.073456 ], [ 14.474265, 37.052485 ], [ 14.444123, 37.05295 ], [ 14.430919, 37.094019 ], [ 14.452004, 37.100569 ], [ 14.473267, 37.135382 ], [ 14.431716, 37.184912 ], [ 14.403366, 37.17878 ], [ 14.384015, 37.192359 ], [ 14.375725, 37.210239 ], [ 14.389669, 37.268001 ], [ 14.380944, 37.283012 ], [ 14.355485, 37.281267 ], [ 14.352671, 37.30614 ], [ 14.433248, 37.296082 ], [ 14.448412, 37.308461 ], [ 14.429519, 37.334887 ], [ 14.443021, 37.342342 ], [ 14.502676, 37.313687 ], [ 14.514219, 37.327546 ], [ 14.497599, 37.348647 ], [ 14.583121, 37.37008 ], [ 14.587482, 37.403333 ], [ 14.626023, 37.426138 ], [ 14.601565, 37.44328 ], [ 14.552234, 37.448566 ], [ 14.527625, 37.464861 ], [ 14.522352, 37.493464 ], [ 14.504335, 37.508494 ], [ 14.545881, 37.539418 ], [ 14.578702, 37.546176 ], [ 14.624319, 37.537253 ], [ 14.692355, 37.555161 ], [ 14.761412, 37.508561 ], [ 14.778346, 37.505304 ], [ 14.789377, 37.51232 ], [ 14.796201, 37.560924 ], [ 14.825227, 37.594064 ], [ 14.826499, 37.607112 ], [ 14.820695, 37.632876 ], [ 14.794964, 37.657925 ], [ 14.795157, 37.705295 ], [ 14.731421, 37.687156 ], [ 14.722776, 37.692695 ], [ 14.712219, 37.727811 ], [ 14.730589, 37.750935 ], [ 14.719581, 37.77282 ], [ 14.740348, 37.793683 ], [ 14.742269, 37.818132 ] ] ] } },
{ "type": "Feature", "properties": { "loc": "ITG18" }, "geometry": { "type": "Polygon", "coordinates": [ [ [ 15.000358, 36.702847 ], [ 14.961337, 36.694369 ], [ 14.886142, 36.72944 ], [ 14.857624, 36.728519 ], [ 14.788273, 36.70546 ], [ 14.740475, 36.720021 ], [ 14.701497, 36.718573 ], [ 14.625354, 36.765391 ], [ 14.494914, 36.78863 ], [ 14.461949, 36.817391 ], [ 14.437402, 36.881139 ], [ 14.385128, 36.953073 ], [ 14.337595, 37.00198 ], [ 14.362135, 37.003128 ], [ 14.444123, 37.05295 ], [ 14.474265, 37.052485 ], [ 14.528721, 37.073456 ], [ 14.542542, 37.056167 ], [ 14.565127, 37.054115 ], [ 14.608864, 37.085692 ], [ 14.63571, 37.084484 ], [ 14.653452, 37.102224 ], [ 14.676236, 37.103523 ], [ 14.709059, 37.123759 ], [ 14.725078, 37.117211 ], [ 14.730771, 37.098589 ], [ 14.764236, 37.097494 ], [ 14.785075, 37.110791 ], [ 14.777385, 37.135739 ], [ 14.793879, 37.132053 ], [ 14.818969, 37.098486 ], [ 14.828806, 37.053748 ], [ 14.876573, 37.000454 ], [ 14.917007, 36.92635 ], [ 14.886495, 36.910897 ], [ 14.928055, 36.858652 ], [ 14.915554, 36.853587 ], [ 14.873999, 36.862999 ], [ 14.861859, 36.829358 ], [ 14.926135, 36.810445 ], [ 14.974708, 36.783911 ], [ 15.000358, 36.702847 ] ], [ [ 14.838042, 36.973797 ], [ 14.841241, 36.945518 ], [ 14.877949, 36.936206 ], [ 14.854286, 36.974661 ], [ 14.838042, 36.973797 ] ] ] } },
{ "type": "Feature", "properties": { "loc": "ITG19" }, "geometry": { "type": "MultiPolygon", "coordinates": [ [ [ [ 14.793879, 37.132053 ], [ 14.839923, 37.128784 ], [ 14.844849, 37.142334 ], [ 14.838376, 37.163535 ], [ 14.867686, 37.186734 ], [ 14.870212, 37.199131 ], [ 14.861781, 37.205309 ], [ 14.828972, 37.198375 ], [ 14.811507, 37.209992 ], [ 14.781973, 37.213306 ], [ 14.777066, 37.2263 ], [ 14.798691, 37.246284 ], [ 14.848159, 37.263068 ], [ 14.85938, 37.279249 ], [ 14.878659, 37.286942 ], [ 14.887832, 37.309128 ], [ 14.846904, 37.322688 ], [ 14.803814, 37.31727 ], [ 14.782373, 37.326634 ], [ 14.788266, 37.336864 ], [ 14.837942, 37.359185 ], [ 14.845407, 37.378122 ], [ 14.879306, 37.391811 ], [ 14.891706, 37.407586 ], [ 14.936185, 37.407022 ], [ 14.983791, 37.374705 ], [ 15.02559, 37.374632 ], [ 15.040022, 37.363582 ], [ 15.091499, 37.357708 ], [ 15.111332, 37.313065 ], [ 15.207778, 37.28559 ], [ 15.245542, 37.24641 ], [ 15.240051, 37.236238 ], [ 15.209605, 37.238751 ], [ 15.196463, 37.231659 ], [ 15.187906, 37.194182 ], [ 15.229829, 37.123722 ], [ 15.293767, 37.101329 ], [ 15.296856, 37.080088 ], [ 15.277883, 37.060265 ], [ 15.275934, 37.046061 ], [ 15.312348, 37.034383 ], [ 15.327247, 37.011335 ], [ 15.280788, 37.005241 ], [ 15.257075, 36.976379 ], [ 15.205506, 36.957431 ], [ 15.155845, 36.913515 ], [ 15.13553, 36.871876 ], [ 15.114683, 36.850456 ], [ 15.097763, 36.779614 ], [ 15.118018, 36.740558 ], [ 15.135088, 36.685721 ], [ 15.131277, 36.673998 ], [ 15.077582, 36.654612 ], [ 15.031051, 36.693901 ], [ 15.000358, 36.702847 ], [ 14.974708, 36.783911 ], [ 14.926135, 36.810445 ], [ 14.861859, 36.829358 ], [ 14.873999, 36.862999 ], [ 14.915554, 36.853587 ], [ 14.928055, 36.858652 ], [ 14.886495, 36.910897 ], [ 14.917007, 36.92635 ], [ 14.876573, 37.000454 ], [ 14.828806, 37.053748 ], [ 14.818969, 37.098486 ], [ 14.793879, 37.132053 ] ] ], [ [ [ 15.23958, 37.150721 ], [ 15.223717, 37.151531 ], [ 15.221488, 37.160862 ], [ 15.233575, 37.162474 ], [ 15.23958, 37.150721 ] ] ], [ [ [ 14.838042, 36.973797 ], [ 14.854286, 36.974661 ], [ 14.877949, 36.936206 ], [ 14.841241, 36.945518 ], [ 14.838042, 36.973797 ] ] ] ] } },
{ "type": "Feature", "properties": { "loc": "ITG25" }, "geometry": { "type": "MultiPolygon", "coordinates": [ [ [ [ 8.647044, 40.30142 ], [ 8.594019, 40.334928 ], [ 8.546609, 40.397334 ], [ 8.526591, 40.403627 ], [ 8.510522, 40.420746 ], [ 8.49573, 40.423234 ], [ 8.478318, 40.41026 ], [ 8.425933, 40.395058 ], [ 8.399809, 40.407568 ], [ 8.373973, 40.490382 ], [ 8.340239, 40.504189 ], [ 8.313648, 40.575434 ], [ 8.295593, 40.591244 ], [ 8.276618, 40.59112 ], [ 8.237041, 40.571118 ], [ 8.207104, 40.570581 ], [ 8.201325, 40.580175 ], [ 8.216185, 40.602806 ], [ 8.197163, 40.615746 ], [ 8.158014, 40.571983 ], [ 8.146012, 40.619176 ], [ 8.18442, 40.641302 ], [ 8.202787, 40.683501 ], [ 8.177129, 40.696304 ], [ 8.138241, 40.733198 ], [ 8.163851, 40.76441 ], [ 8.164972, 40.793837 ], [ 8.216949, 40.869064 ], [ 8.219011, 40.896234 ], [ 8.180287, 40.933769 ], [ 8.202528, 40.967502 ], [ 8.233352, 40.951662 ], [ 8.236391, 40.907819 ], [ 8.271399, 40.872628 ], [ 8.312003, 40.846503 ], [ 8.414557, 40.83857 ], [ 8.464082, 40.819704 ], [ 8.5548, 40.830382 ], [ 8.598311, 40.846821 ], [ 8.642483, 40.886315 ], [ 8.698657, 40.913208 ], [ 8.774986, 40.917992 ], [ 8.832348, 40.945672 ], [ 8.883169, 40.933166 ], [ 8.94202, 40.959385 ], [ 8.969161, 40.954017 ], [ 8.96682, 40.936389 ], [ 8.982039, 40.92519 ], [ 8.983612, 40.908918 ], [ 8.931192, 40.887515 ], [ 8.900017, 40.88896 ], [ 8.900853, 40.864857 ], [ 8.924256, 40.852437 ], [ 8.950559, 40.864193 ], [ 8.975787, 40.858752 ], [ 9.00283, 40.829073 ], [ 8.993694, 40.810892 ], [ 9.023013, 40.798747 ], [ 9.028764, 40.744893 ], [ 9.017208, 40.703737 ], [ 9.006623, 40.692977 ], [ 9.012826, 40.681745 ], [ 9.114074, 40.647886 ], [ 9.174941, 40.658327 ], [ 9.192858, 40.622724 ], [ 9.187224, 40.514258 ], [ 9.194859, 40.507242 ], [ 9.273207, 40.50753 ], [ 9.278764, 40.476571 ], [ 9.252441, 40.4612 ], [ 9.224984, 40.415255 ], [ 9.18011, 40.37416 ], [ 9.057832, 40.333579 ], [ 9.028777, 40.299809 ], [ 8.89568, 40.399831 ], [ 8.864995, 40.393419 ], [ 8.833982, 40.40954 ], [ 8.818148, 40.402068 ], [ 8.806476, 40.365715 ], [ 8.784777, 40.354321 ], [ 8.735719, 40.349253 ], [ 8.647044, 40.30142 ] ] ], [ [ [ 8.335915, 41.080237 ], [ 8.338638, 41.060799 ], [ 8.323785, 41.055625 ], [ 8.283045, 41.064355 ], [ 8.266664, 41.053476 ], [ 8.267973, 41.04716 ], [ 8.245988, 41.029948 ], [ 8.247722, 41.015891 ], [ 8.263401, 41.000224 ], [ 8.25979, 40.990521 ], [ 8.21893, 40.98923 ], [ 8.211583, 41.001455 ], [ 8.23025, 41.023877 ], [ 8.218851, 41.025927 ], [ 8.221822, 41.041275 ], [ 8.247722, 41.048942 ], [ 8.267888, 41.073147 ], [ 8.284822, 41.076007 ], [ 8.272907, 41.097127 ], [ 8.276331, 41.104132 ], [ 8.302073, 41.105529 ], [ 8.318312, 41.119965 ], [ 8.327936, 41.110535 ], [ 8.323912, 41.105897 ], [ 8.349844, 41.088527 ], [ 8.335915, 41.080237 ] ] ], [ [ [ 8.225736, 40.968869 ], [ 8.216262, 40.965883 ], [ 8.209999, 40.979845 ], [ 8.217314, 40.984099 ], [ 8.225736, 40.968869 ] ] ] ] } },
{ "type": "Feature", "properties": { "loc": "ITG26" }, "geometry": { "type": "Polygon", "coordinates": [ [ [ 9.165613, 39.83256 ], [ 9.160289, 39.855474 ], [ 9.135377, 39.877896 ], [ 9.095455, 39.879747 ], [ 9.038124, 39.909118 ], [ 8.994476, 39.920912 ], [ 9.007978, 39.981743 ], [ 8.967626, 39.992578 ], [ 8.95262, 40.006396 ], [ 8.954132, 40.026049 ], [ 8.977046, 40.048062 ], [ 8.997251, 40.052953 ], [ 9.0251, 40.045394 ], [ 9.03827, 40.059362 ], [ 9.033046, 40.092325 ], [ 9.013588, 40.130186 ], [ 9.003102, 40.1996 ], [ 8.959044, 40.215212 ], [ 8.858627, 40.209363 ], [ 8.754637, 40.190313 ], [ 8.710685, 40.208755 ], [ 8.683026, 40.208485 ], [ 8.662537, 40.247068 ], [ 8.622088, 40.274965 ], [ 8.620307, 40.318978 ], [ 8.647044, 40.30142 ], [ 8.735719, 40.349253 ], [ 8.784777, 40.354321 ], [ 8.806476, 40.365715 ], [ 8.818148, 40.402068 ], [ 8.833982, 40.40954 ], [ 8.864995, 40.393419 ], [ 8.89568, 40.399831 ], [ 9.028777, 40.299809 ], [ 9.057832, 40.333579 ], [ 9.18011, 40.37416 ], [ 9.224984, 40.415255 ], [ 9.252441, 40.4612 ], [ 9.278764, 40.476571 ], [ 9.273207, 40.50753 ], [ 9.194859, 40.507242 ], [ 9.187224, 40.514258 ], [ 9.189468, 40.536827 ], [ 9.232275, 40.539353 ], [ 9.288205, 40.528925 ], [ 9.371292, 40.573747 ], [ 9.390826, 40.594144 ], [ 9.382921, 40.614336 ], [ 9.413044, 40.633615 ], [ 9.422099, 40.655859 ], [ 9.511765, 40.650522 ], [ 9.555328, 40.67438 ], [ 9.584325, 40.703572 ], [ 9.647334, 40.692463 ], [ 9.67571, 40.664796 ], [ 9.697547, 40.676999 ], [ 9.73047, 40.671698 ], [ 9.74937, 40.658097 ], [ 9.744271, 40.630577 ], [ 9.755102, 40.598727 ], [ 9.786041, 40.574483 ], [ 9.797405, 40.545764 ], [ 9.82519, 40.528457 ], [ 9.825617, 40.510427 ], [ 9.797432, 40.450505 ], [ 9.774977, 40.426722 ], [ 9.763496, 40.39062 ], [ 9.715982, 40.36488 ], [ 9.661016, 40.312172 ], [ 9.631798, 40.275103 ], [ 9.623301, 40.248093 ], [ 9.626527, 40.224877 ], [ 9.597036, 40.214108 ], [ 9.573475, 40.193393 ], [ 9.524287, 40.21441 ], [ 9.51494, 40.192595 ], [ 9.482463, 40.171067 ], [ 9.432834, 40.105762 ], [ 9.371646, 40.074593 ], [ 9.334259, 40.067992 ], [ 9.317923, 40.042225 ], [ 9.296569, 40.031707 ], [ 9.320424, 39.997501 ], [ 9.29162, 39.979948 ], [ 9.280399, 39.917398 ], [ 9.214248, 39.911615 ], [ 9.201991, 39.903625 ], [ 9.190929, 39.890497 ], [ 9.186916, 39.856976 ], [ 9.198623, 39.829885 ], [ 9.165613, 39.83256 ] ] ] } },
{ "type": "Feature", "properties": { "loc": "ITG27" }, "geometry": { "type": "MultiPolygon", "coordinates": [ [ [ [ 9.280399, 39.917398 ], [ 9.274971, 39.852353 ], [ 9.290326, 39.82821 ], [ 9.290881, 39.810592 ], [ 9.345661, 39.782773 ], [ 9.363408, 39.753368 ], [ 9.391575, 39.737771 ], [ 9.382342, 39.713496 ], [ 9.355687, 39.703678 ], [ 9.352431, 39.695133 ], [ 9.398257, 39.686599 ], [ 9.398878, 39.653478 ], [ 9.415942, 39.626917 ], [ 9.428818, 39.625794 ], [ 9.443369, 39.640056 ], [ 9.4604, 39.638991 ], [ 9.487055, 39.619594 ], [ 9.505495, 39.618675 ], [ 9.527932, 39.589624 ], [ 9.554548, 39.575711 ], [ 9.594948, 39.57272 ], [ 9.651119, 39.549324 ], [ 9.63936, 39.536766 ], [ 9.633058, 39.507313 ], [ 9.643022, 39.487583 ], [ 9.643479, 39.456264 ], [ 9.604293, 39.376592 ], [ 9.599165, 39.346705 ], [ 9.605287, 39.321396 ], [ 9.629524, 39.299361 ], [ 9.603047, 39.289926 ], [ 9.582773, 39.265146 ], [ 9.565132, 39.201333 ], [ 9.576787, 39.179215 ], [ 9.567108, 39.15169 ], [ 9.556296, 39.13612 ], [ 9.526527, 39.122851 ], [ 9.517156, 39.103506 ], [ 9.506622, 39.108836 ], [ 9.499176, 39.131118 ], [ 9.43761, 39.125919 ], [ 9.396212, 39.145877 ], [ 9.384795, 39.161951 ], [ 9.328356, 39.199366 ], [ 9.292773, 39.211915 ], [ 9.208098, 39.225552 ], [ 9.17425, 39.210181 ], [ 9.164394, 39.186982 ], [ 9.15492, 39.182951 ], [ 9.116561, 39.209528 ], [ 9.094828, 39.213096 ], [ 9.036382, 39.168189 ], [ 9.013141, 39.126621 ], [ 9.018287, 39.08985 ], [ 9.043392, 39.054287 ], [ 9.021313, 38.997232 ], [ 8.858246, 38.879331 ], [ 8.839774, 38.878297 ], [ 8.809718, 38.895655 ], [ 8.792675, 38.8939 ], [ 8.775861, 38.91281 ], [ 8.724012, 38.933742 ], [ 8.669042, 38.908065 ], [ 8.652724, 38.892492 ], [ 8.656524, 38.874815 ], [ 8.645687, 38.867717 ], [ 8.641888, 38.892549 ], [ 8.609142, 38.897733 ], [ 8.621618, 38.931576 ], [ 8.612392, 38.957788 ], [ 8.63885, 38.992786 ], [ 8.657772, 39.001147 ], [ 8.655029, 39.024562 ], [ 8.662746, 39.038691 ], [ 8.70225, 39.030599 ], [ 8.745618, 39.048542 ], [ 8.830877, 39.050352 ], [ 8.851369, 39.084179 ], [ 8.84499, 39.103435 ], [ 8.822848, 39.121758 ], [ 8.819532, 39.157267 ], [ 8.775492, 39.178556 ], [ 8.759616, 39.199614 ], [ 8.740442, 39.273719 ], [ 8.723798, 39.285592 ], [ 8.702565, 39.323097 ], [ 8.708185, 39.361816 ], [ 8.699288, 39.374976 ], [ 8.760267, 39.404552 ], [ 8.830137, 39.412535 ], [ 8.881506, 39.399364 ], [ 8.922701, 39.399576 ], [ 8.974745, 39.420916 ], [ 8.966429, 39.461362 ], [ 9.013772, 39.489626 ], [ 9.008661, 39.52327 ], [ 8.98616, 39.534662 ], [ 9.046008, 39.642962 ], [ 9.056575, 39.730087 ], [ 9.070298, 39.748999 ], [ 9.003261, 39.760611 ], [ 9.036382, 39.796899 ], [ 9.109794, 39.844824 ], [ 9.198623, 39.829885 ], [ 9.186916, 39.856976 ], [ 9.190929, 39.890497 ], [ 9.201991, 39.903625 ], [ 9.214248, 39.911615 ], [ 9.280399, 39.917398 ] ] ], [ [ [ 9.538049, 39.093688 ], [ 9.536981, 39.076519 ], [ 9.522043, 39.087714 ], [ 9.526375, 39.095248 ], [ 9.538049, 39.093688 ] ] ] ] } },
{ "type": "Feature", "properties": { "loc": "ITH35" }, "geometry": { "type": "MultiPolygon", "coordinates": [ [ [ [ 12.979058, 45.834049 ], [ 12.978938, 45.786666 ], [ 13.002724, 45.766859 ], [ 13.011535, 45.733238 ], [ 13.026401, 45.734011 ], [ 13.038261, 45.718843 ], [ 13.04134, 45.699596 ], [ 13.063606, 45.674939 ], [ 13.06687, 45.659017 ], [ 13.098786, 45.644533 ], [ 13.085454, 45.634421 ], [ 12.909778, 45.612999 ], [ 12.723477, 45.526806 ], [ 12.434391, 45.427997 ], [ 12.423716, 45.435805 ], [ 12.426551, 45.447646 ], [ 12.485343, 45.496436 ], [ 12.535468, 45.510253 ], [ 12.559995, 45.488598 ], [ 12.597986, 45.511981 ], [ 12.622886, 45.516063 ], [ 12.629649, 45.527502 ], [ 12.610442, 45.537118 ], [ 12.582045, 45.527959 ], [ 12.58671, 45.547079 ], [ 12.534248, 45.573664 ], [ 12.473439, 45.561215 ], [ 12.434048, 45.531227 ], [ 12.417406, 45.541999 ], [ 12.341242, 45.495557 ], [ 12.284315, 45.475719 ], [ 12.276107, 45.45568 ], [ 12.261267, 45.450599 ], [ 12.25557, 45.420861 ], [ 12.187142, 45.407407 ], [ 12.169293, 45.392102 ], [ 12.180141, 45.370788 ], [ 12.168001, 45.370664 ], [ 12.148573, 45.387602 ], [ 12.132562, 45.30037 ], [ 12.086898, 45.330277 ], [ 12.048642, 45.313894 ], [ 12.027303, 45.319185 ], [ 12.015999, 45.340913 ], [ 12.030632, 45.36145 ], [ 11.979019, 45.399011 ], [ 11.99975, 45.4224 ], [ 12.0176, 45.427104 ], [ 12.023375, 45.442479 ], [ 11.978887, 45.460265 ], [ 12.002346, 45.519471 ], [ 12.028522, 45.532032 ], [ 12.038164, 45.566541 ], [ 12.077098, 45.58151 ], [ 12.113563, 45.610901 ], [ 12.165311, 45.576919 ], [ 12.187061, 45.581402 ], [ 12.208919, 45.567653 ], [ 12.210309, 45.540594 ], [ 12.248443, 45.532015 ], [ 12.276339, 45.536783 ], [ 12.286667, 45.570237 ], [ 12.334589, 45.564644 ], [ 12.354107, 45.58557 ], [ 12.396169, 45.567332 ], [ 12.439546, 45.561758 ], [ 12.449831, 45.572054 ], [ 12.428491, 45.622499 ], [ 12.443091, 45.639857 ], [ 12.484291, 45.642736 ], [ 12.504331, 45.685476 ], [ 12.533285, 45.680653 ], [ 12.577378, 45.695107 ], [ 12.602471, 45.683055 ], [ 12.656274, 45.707173 ], [ 12.680037, 45.709043 ], [ 12.663636, 45.743838 ], [ 12.651538, 45.746888 ], [ 12.665873, 45.765246 ], [ 12.657034, 45.78156 ], [ 12.661673, 45.792441 ], [ 12.68148, 45.797516 ], [ 12.726161, 45.832796 ], [ 12.746292, 45.830128 ], [ 12.779444, 45.852188 ], [ 12.799475, 45.845061 ], [ 12.80699, 45.823837 ], [ 12.855291, 45.849515 ], [ 12.872633, 45.844339 ], [ 12.874309, 45.829734 ], [ 12.88922, 45.822375 ], [ 12.919038, 45.828388 ], [ 12.931663, 45.819169 ], [ 12.950043, 45.82161 ], [ 12.958331, 45.843555 ], [ 12.979058, 45.834049 ] ] ], [ [ [ 12.414696, 45.453521 ], [ 12.39134, 45.444259 ], [ 12.386324, 45.452143 ], [ 12.432857, 45.472518 ], [ 12.414696, 45.453521 ] ] ], [ [ [ 12.424377, 45.497272 ], [ 12.405282, 45.483517 ], [ 12.399975, 45.490381 ], [ 12.424377, 45.497272 ] ] ], [ [ [ 12.398876, 45.42911 ], [ 12.335543, 45.369912 ], [ 12.382225, 45.429193 ], [ 12.372501, 45.442408 ], [ 12.384214, 45.445522 ], [ 12.383365, 45.433932 ], [ 12.398876, 45.42911 ] ] ], [ [ [ 12.326516, 45.448728 ], [ 12.361454, 45.439939 ], [ 12.366072, 45.426872 ], [ 12.308093, 45.426739 ], [ 12.309061, 45.441615 ], [ 12.326516, 45.448728 ] ] ], [ [ [ 12.360961, 45.455646 ], [ 12.348576, 45.451297 ], [ 12.344568, 45.464331 ], [ 12.355308, 45.46634 ], [ 12.360961, 45.455646 ] ] ], [ [ [ 12.329942, 45.356797 ], [ 12.328619, 45.338333 ], [ 12.309001, 45.341251 ], [ 12.329942, 45.356797 ] ] ], [ [ [ 11.968785, 45.133983 ], [ 11.964774, 45.147578 ], [ 11.980131, 45.156883 ], [ 11.979792, 45.185737 ], [ 12.117361, 45.208898 ], [ 12.163349, 45.19557 ], [ 12.15694, 45.220088 ], [ 12.189124, 45.233988 ], [ 12.200494, 45.257337 ], [ 12.221585, 45.194375 ], [ 12.256756, 45.188452 ], [ 12.276688, 45.209419 ], [ 12.27506, 45.223046 ], [ 12.296734, 45.222308 ], [ 12.330572, 45.16055 ], [ 12.288202, 45.140602 ], [ 12.258475, 45.114269 ], [ 12.168677, 45.08979 ], [ 12.133966, 45.058697 ], [ 12.110093, 45.064869 ], [ 12.056045, 45.100207 ], [ 12.033116, 45.120498 ], [ 12.035264, 45.13434 ], [ 11.968785, 45.133983 ] ] ], [ [ [ 12.296757, 45.24823 ], [ 12.302853, 45.231697 ], [ 12.283526, 45.240407 ], [ 12.296757, 45.24823 ] ] ] ] } },
{ "type": "Feature", "properties": { "loc": "ITH36" }, "geometry": { "type": "Polygon", "coordinates": [ [ [ 11.821667, 45.687179 ], [ 11.880759, 45.66167 ], [ 11.8971, 45.61702 ], [ 11.903552, 45.624502 ], [ 11.965452, 45.610333 ], [ 12.003353, 45.625261 ], [ 12.011234, 45.64261 ], [ 12.036946, 45.646705 ], [ 12.073548, 45.638406 ], [ 12.092477, 45.598335 ], [ 12.077098, 45.58151 ], [ 12.038164, 45.566541 ], [ 12.028522, 45.532032 ], [ 12.002346, 45.519471 ], [ 11.978887, 45.460265 ], [ 12.023375, 45.442479 ], [ 12.0176, 45.427104 ], [ 11.99975, 45.4224 ], [ 11.979019, 45.399011 ], [ 12.030632, 45.36145 ], [ 12.015999, 45.340913 ], [ 12.027303, 45.319185 ], [ 12.048642, 45.313894 ], [ 12.086898, 45.330277 ], [ 12.132562, 45.30037 ], [ 12.133966, 45.259141 ], [ 12.147634, 45.26334 ], [ 12.173306, 45.252791 ], [ 12.200494, 45.257337 ], [ 12.189124, 45.233988 ], [ 12.15694, 45.220088 ], [ 12.163349, 45.19557 ], [ 12.117361, 45.208898 ], [ 11.979792, 45.185737 ], [ 11.980131, 45.156883 ], [ 11.964774, 45.147578 ], [ 11.968785, 45.133983 ], [ 11.929756, 45.142228 ], [ 11.874528, 45.134549 ], [ 11.81053, 45.120754 ], [ 11.752639, 45.096174 ], [ 11.614613, 45.110119 ], [ 11.571742, 45.122505 ], [ 11.526235, 45.119425 ], [ 11.48969, 45.104816 ], [ 11.416932, 45.129329 ], [ 11.425857, 45.150158 ], [ 11.408356, 45.180696 ], [ 11.404079, 45.241185 ], [ 11.394938, 45.255955 ], [ 11.404379, 45.262543 ], [ 11.428579, 45.255378 ], [ 11.487055, 45.265952 ], [ 11.596357, 45.260175 ], [ 11.582481, 45.293893 ], [ 11.620252, 45.339418 ], [ 11.619391, 45.386874 ], [ 11.686376, 45.433468 ], [ 11.710465, 45.471861 ], [ 11.739528, 45.477755 ], [ 11.736417, 45.511263 ], [ 11.752665, 45.525186 ], [ 11.735705, 45.550327 ], [ 11.65924, 45.547307 ], [ 11.669782, 45.582018 ], [ 11.647696, 45.60165 ], [ 11.652079, 45.633276 ], [ 11.680616, 45.645157 ], [ 11.716376, 45.679014 ], [ 11.821667, 45.687179 ] ] ] } },
{ "type": "Feature", "properties": { "loc": "ITH37" }, "geometry": { "type": "MultiPolygon", "coordinates": [ [ [ [ 12.399057, 44.792615 ], [ 12.35665, 44.815562 ], [ 12.337933, 44.848363 ], [ 12.290827, 44.867954 ], [ 12.283427, 44.905446 ], [ 12.29157, 44.927699 ], [ 12.277599, 44.94038 ], [ 12.223317, 44.925029 ], [ 12.190082, 44.927491 ], [ 12.17011, 44.938974 ], [ 12.140346, 44.929769 ], [ 12.096117, 44.968575 ], [ 11.969526, 44.985711 ], [ 11.926396, 44.975723 ], [ 11.81229, 44.976139 ], [ 11.747098, 44.956048 ], [ 11.734856, 44.928895 ], [ 11.612418, 44.889272 ], [ 11.595459, 44.89217 ], [ 11.581474, 44.912763 ], [ 11.535412, 44.935094 ], [ 11.43606, 44.930969 ], [ 11.414225, 44.966585 ], [ 11.276231, 45.019714 ], [ 11.264685, 45.052594 ], [ 11.238841, 45.044785 ], [ 11.178931, 45.061948 ], [ 11.179662, 45.095274 ], [ 11.205503, 45.109487 ], [ 11.223267, 45.086147 ], [ 11.306866, 45.091092 ], [ 11.363585, 45.058437 ], [ 11.400031, 45.055043 ], [ 11.441245, 45.075478 ], [ 11.438119, 45.098202 ], [ 11.413682, 45.122365 ], [ 11.416932, 45.129329 ], [ 11.48969, 45.104816 ], [ 11.526235, 45.119425 ], [ 11.571742, 45.122505 ], [ 11.614613, 45.110119 ], [ 11.752639, 45.096174 ], [ 11.81053, 45.120754 ], [ 11.929756, 45.142228 ], [ 11.968785, 45.133983 ], [ 12.035264, 45.13434 ], [ 12.033116, 45.120498 ], [ 12.056045, 45.100207 ], [ 12.110093, 45.064869 ], [ 12.133966, 45.058697 ], [ 12.168677, 45.08979 ], [ 12.258475, 45.114269 ], [ 12.288202, 45.140602 ], [ 12.330572, 45.16055 ], [ 12.333804, 45.097146 ], [ 12.350865, 45.076118 ], [ 12.350384, 45.06519 ], [ 12.33597, 45.0736 ], [ 12.303941, 45.135192 ], [ 12.266079, 45.098496 ], [ 12.275088, 45.083032 ], [ 12.294642, 45.074803 ], [ 12.293234, 45.056346 ], [ 12.327463, 45.041415 ], [ 12.304439, 45.009681 ], [ 12.313318, 44.975247 ], [ 12.348035, 44.994244 ], [ 12.399241, 45.006946 ], [ 12.41654, 45.024766 ], [ 12.493232, 44.962639 ], [ 12.483076, 44.901144 ], [ 12.463739, 44.879514 ], [ 12.457242, 44.837799 ], [ 12.439344, 44.852448 ], [ 12.43335, 44.894131 ], [ 12.411951, 44.894033 ], [ 12.394432, 44.877568 ], [ 12.399348, 44.828562 ], [ 12.415036, 44.810933 ], [ 12.399057, 44.792615 ] ] ], [ [ [ 12.38572, 45.036361 ], [ 12.374383, 45.029553 ], [ 12.364849, 45.043222 ], [ 12.373087, 45.047378 ], [ 12.38572, 45.036361 ] ] ], [ [ [ 12.358977, 45.042986 ], [ 12.346844, 45.031288 ], [ 12.341173, 45.047375 ], [ 12.352263, 45.050348 ], [ 12.358977, 45.042986 ] ] ] ] } },
{ "type": "Feature", "properties": { "loc": "ITH41" }, "geometry": { "type": "Polygon", "coordinates": [ [ [ 12.661673, 45.792441 ], [ 12.649126, 45.815116 ], [ 12.626407, 45.828484 ], [ 12.602932, 45.834401 ], [ 12.589541, 45.81834 ], [ 12.555993, 45.832133 ], [ 12.549179, 45.857101 ], [ 12.534951, 45.863817 ], [ 12.531745, 45.881779 ], [ 12.512236, 45.895446 ], [ 12.504456, 45.920765 ], [ 12.428716, 45.950802 ], [ 12.426843, 45.994123 ], [ 12.400535, 46.041996 ], [ 12.436445, 46.08234 ], [ 12.483769, 46.105786 ], [ 12.495686, 46.129445 ], [ 12.495049, 46.1483 ], [ 12.451067, 46.178059 ], [ 12.443053, 46.206637 ], [ 12.406492, 46.209188 ], [ 12.400018, 46.227123 ], [ 12.357961, 46.230703 ], [ 12.337855, 46.242883 ], [ 12.323316, 46.270287 ], [ 12.352141, 46.295379 ], [ 12.36048, 46.321659 ], [ 12.412025, 46.333337 ], [ 12.420543, 46.352735 ], [ 12.459273, 46.371644 ], [ 12.457876, 46.389422 ], [ 12.498703, 46.412222 ], [ 12.537351, 46.364156 ], [ 12.586772, 46.365183 ], [ 12.607836, 46.345414 ], [ 12.646003, 46.339169 ], [ 12.67908, 46.346959 ], [ 12.713202, 46.327836 ], [ 12.810202, 46.358479 ], [ 12.836304, 46.345637 ], [ 12.872894, 46.34292 ], [ 12.884392, 46.332268 ], [ 12.91824, 46.343117 ], [ 12.970981, 46.328898 ], [ 12.972521, 46.317029 ], [ 12.957155, 46.29596 ], [ 12.986572, 46.27303 ], [ 12.971062, 46.23485 ], [ 12.941769, 46.212308 ], [ 12.962091, 46.193685 ], [ 12.917975, 46.073111 ], [ 12.904888, 45.963189 ], [ 12.917957, 45.911521 ], [ 12.973358, 45.871675 ], [ 12.979058, 45.834049 ], [ 12.958331, 45.843555 ], [ 12.950043, 45.82161 ], [ 12.931663, 45.819169 ], [ 12.919038, 45.828388 ], [ 12.88922, 45.822375 ], [ 12.874309, 45.829734 ], [ 12.872633, 45.844339 ], [ 12.855291, 45.849515 ], [ 12.80699, 45.823837 ], [ 12.799475, 45.845061 ], [ 12.779444, 45.852188 ], [ 12.746292, 45.830128 ], [ 12.726161, 45.832796 ], [ 12.68148, 45.797516 ], [ 12.661673, 45.792441 ] ] ] } },
{ "type": "Feature", "properties": { "loc": "ITH42" }, "geometry": { "type": "MultiPolygon", "coordinates": [ [ [ [ 13.50425, 46.566304 ], [ 13.519442, 46.548469 ], [ 13.548464, 46.552765 ], [ 13.576163, 46.540296 ], [ 13.620594, 46.541998 ], [ 13.678411, 46.522856 ], [ 13.714185, 46.522703 ], [ 13.695357, 46.450218 ], [ 13.684032, 46.437472 ], [ 13.641557, 46.443942 ], [ 13.595832, 46.436221 ], [ 13.562719, 46.398979 ], [ 13.451009, 46.360682 ], [ 13.437287, 46.323758 ], [ 13.382031, 46.294831 ], [ 13.415967, 46.235463 ], [ 13.420551, 46.211097 ], [ 13.457898, 46.22429 ], [ 13.520255, 46.217959 ], [ 13.553802, 46.206342 ], [ 13.570211, 46.187698 ], [ 13.63395, 46.189455 ], [ 13.66011, 46.174105 ], [ 13.639533, 46.136256 ], [ 13.484074, 46.043042 ], [ 13.461782, 45.988971 ], [ 13.440351, 45.971138 ], [ 13.397989, 45.910238 ], [ 13.418402, 45.875042 ], [ 13.413354, 45.853673 ], [ 13.437619, 45.788131 ], [ 13.42854, 45.762723 ], [ 13.436099, 45.750059 ], [ 13.411255, 45.737869 ], [ 13.406494, 45.725175 ], [ 13.381952, 45.725505 ], [ 13.36329, 45.737189 ], [ 13.312928, 45.748438 ], [ 13.254814, 45.750299 ], [ 13.19772, 45.770125 ], [ 13.157429, 45.757069 ], [ 13.13143, 45.76452 ], [ 13.118964, 45.759918 ], [ 13.07806, 45.709194 ], [ 13.091443, 45.692086 ], [ 13.134238, 45.686995 ], [ 13.098786, 45.644533 ], [ 13.06687, 45.659017 ], [ 13.063606, 45.674939 ], [ 13.04134, 45.699596 ], [ 13.038261, 45.718843 ], [ 13.026401, 45.734011 ], [ 13.011535, 45.733238 ], [ 13.002724, 45.766859 ], [ 12.978938, 45.786666 ], [ 12.973358, 45.871675 ], [ 12.917957, 45.911521 ], [ 12.904888, 45.963189 ], [ 12.917975, 46.073111 ], [ 12.962091, 46.193685 ], [ 12.941769, 46.212308 ], [ 12.971062, 46.23485 ], [ 12.986572, 46.27303 ], [ 12.957155, 46.29596 ], [ 12.972521, 46.317029 ], [ 12.970981, 46.328898 ], [ 12.91824, 46.343117 ], [ 12.884392, 46.332268 ], [ 12.872894, 46.34292 ], [ 12.836304, 46.345637 ], [ 12.810202, 46.358479 ], [ 12.713202, 46.327836 ], [ 12.67908, 46.346959 ], [ 12.646003, 46.339169 ], [ 12.607836, 46.345414 ], [ 12.586772, 46.365183 ], [ 12.537351, 46.364156 ], [ 12.498703, 46.412222 ], [ 12.496819, 46.429022 ], [ 12.531824, 46.461108 ], [ 12.572189, 46.474207 ], [ 12.604402, 46.466537 ], [ 12.626252, 46.473717 ], [ 12.656082, 46.469075 ], [ 12.65552, 46.480795 ], [ 12.633189, 46.500312 ], [ 12.633479, 46.511597 ], [ 12.699232, 46.540337 ], [ 12.739768, 46.544445 ], [ 12.734213, 46.566056 ], [ 12.741393, 46.588284 ], [ 12.731393, 46.634288 ], [ 12.777672, 46.644644 ], [ 12.826613, 46.628126 ], [ 12.850871, 46.607237 ], [ 12.931504, 46.609006 ], [ 13.158762, 46.589008 ], [ 13.239764, 46.556109 ], [ 13.321285, 46.556146 ], [ 13.378439, 46.575566 ], [ 13.440228, 46.558497 ], [ 13.50425, 46.566304 ] ] ], [ [ [ 13.244871, 45.723743 ], [ 13.243954, 45.710388 ], [ 13.224229, 45.7155 ], [ 13.226212, 45.720895 ], [ 13.244871, 45.723743 ] ] ], [ [ [ 13.179204, 45.712503 ], [ 13.168113, 45.702266 ], [ 13.152979, 45.704172 ], [ 13.179204, 45.712503 ] ] ] ] } },
{ "type": "Feature", "properties": { "loc": "ITH43" }, "geometry": { "type": "MultiPolygon", "coordinates": [ [ [ [ 13.597145, 45.819522 ], [ 13.579783, 45.786951 ], [ 13.566625, 45.779611 ], [ 13.542541, 45.785295 ], [ 13.529219, 45.770332 ], [ 13.522747, 45.747343 ], [ 13.540676, 45.728039 ], [ 13.534923, 45.721936 ], [ 13.453793, 45.69362 ], [ 13.44696, 45.715595 ], [ 13.406494, 45.725175 ], [ 13.411255, 45.737869 ], [ 13.436099, 45.750059 ], [ 13.42854, 45.762723 ], [ 13.437619, 45.788131 ], [ 13.413354, 45.853673 ], [ 13.418402, 45.875042 ], [ 13.397989, 45.910238 ], [ 13.440351, 45.971138 ], [ 13.461782, 45.988971 ], [ 13.484074, 46.043042 ], [ 13.496939, 46.051335 ], [ 13.506356, 46.035665 ], [ 13.483443, 46.003289 ], [ 13.527016, 45.970798 ], [ 13.565459, 45.970514 ], [ 13.593807, 45.986638 ], [ 13.638259, 45.977827 ], [ 13.632834, 45.933341 ], [ 13.593863, 45.88918 ], [ 13.580059, 45.858377 ], [ 13.597145, 45.819522 ] ] ], [ [ [ 13.43794, 45.683983 ], [ 13.431311, 45.676764 ], [ 13.404452, 45.679804 ], [ 13.417912, 45.692169 ], [ 13.43794, 45.683983 ] ] ], [ [ [ 13.400019, 45.677053 ], [ 13.3872, 45.672465 ], [ 13.375247, 45.681347 ], [ 13.380596, 45.685253 ], [ 13.400019, 45.677053 ] ] ], [ [ [ 13.353669, 45.735112 ], [ 13.36329, 45.737189 ], [ 13.365792, 45.732726 ], [ 13.353669, 45.735112 ] ] ], [ [ [ 13.31811, 45.72223 ], [ 13.321376, 45.699397 ], [ 13.285966, 45.713017 ], [ 13.298838, 45.722535 ], [ 13.31811, 45.72223 ] ] ], [ [ [ 13.282035, 45.720848 ], [ 13.282135, 45.71081 ], [ 13.276419, 45.714881 ], [ 13.282035, 45.720848 ] ] ], [ [ [ 13.254814, 45.750299 ], [ 13.237588, 45.755237 ], [ 13.250071, 45.756451 ], [ 13.254814, 45.750299 ] ] ] ] } },
{ "type": "Feature", "properties": { "loc": "ITH44" }, "geometry": { "type": "Polygon", "coordinates": [ [ [ 13.722824, 45.594725 ], [ 13.733882, 45.608668 ], [ 13.782712, 45.601139 ], [ 13.795372, 45.607853 ], [ 13.772454, 45.630986 ], [ 13.750118, 45.638992 ], [ 13.763266, 45.660785 ], [ 13.746144, 45.6855 ], [ 13.631168, 45.767639 ], [ 13.596631, 45.774293 ], [ 13.579783, 45.786951 ], [ 13.596243, 45.807937 ], [ 13.669347, 45.796661 ], [ 13.743486, 45.757816 ], [ 13.791433, 45.74387 ], [ 13.859239, 45.665859 ], [ 13.913363, 45.630761 ], [ 13.842009, 45.583286 ], [ 13.722824, 45.594725 ] ] ] } },
{ "type": "Feature", "properties": { "loc": "ITI45" }, "geometry": { "type": "Polygon", "coordinates": [ [ [ 13.17509, 41.583538 ], [ 13.152213, 41.595451 ], [ 13.159055, 41.616026 ], [ 13.150153, 41.654909 ], [ 13.119111, 41.666664 ], [ 13.091972, 41.695044 ], [ 13.086866, 41.717323 ], [ 12.99509, 41.771218 ], [ 13.012075, 41.822572 ], [ 13.06064, 41.830328 ], [ 13.07335, 41.85269 ], [ 13.094725, 41.858827 ], [ 13.13919, 41.845294 ], [ 13.184963, 41.848298 ], [ 13.195368, 41.867362 ], [ 13.238859, 41.893916 ], [ 13.245827, 41.913192 ], [ 13.267294, 41.918941 ], [ 13.2963, 41.948588 ], [ 13.314031, 41.947639 ], [ 13.376374, 41.910782 ], [ 13.378312, 41.896319 ], [ 13.363118, 41.86561 ], [ 13.378972, 41.823288 ], [ 13.40644, 41.834031 ], [ 13.439174, 41.826474 ], [ 13.500284, 41.800662 ], [ 13.529682, 41.770458 ], [ 13.568806, 41.75862 ], [ 13.627781, 41.782713 ], [ 13.652412, 41.808275 ], [ 13.701059, 41.79159 ], [ 13.724112, 41.795183 ], [ 13.765556, 41.750726 ], [ 13.813485, 41.749586 ], [ 13.860262, 41.732177 ], [ 13.891848, 41.731388 ], [ 13.987357, 41.653166 ], [ 14.010516, 41.604459 ], [ 14.001704, 41.573579 ], [ 14.022203, 41.556682 ], [ 14.009699, 41.538426 ], [ 14.017141, 41.522029 ], [ 13.977619, 41.494876 ], [ 13.989344, 41.481115 ], [ 13.977928, 41.462454 ], [ 13.961071, 41.461102 ], [ 13.904063, 41.426551 ], [ 13.865543, 41.418492 ], [ 13.866464, 41.408563 ], [ 13.883613, 41.400245 ], [ 13.871503, 41.366622 ], [ 13.873719, 41.338294 ], [ 13.829235, 41.335525 ], [ 13.811459, 41.320784 ], [ 13.766343, 41.305475 ], [ 13.700924, 41.354521 ], [ 13.643502, 41.319145 ], [ 13.624789, 41.318665 ], [ 13.564835, 41.367107 ], [ 13.575022, 41.382968 ], [ 13.547155, 41.418545 ], [ 13.515728, 41.424493 ], [ 13.444777, 41.462114 ], [ 13.430891, 41.453557 ], [ 13.436731, 41.4242 ], [ 13.424701, 41.398506 ], [ 13.307118, 41.404699 ], [ 13.257706, 41.434464 ], [ 13.266552, 41.451289 ], [ 13.295305, 41.471513 ], [ 13.269868, 41.52301 ], [ 13.251297, 41.536179 ], [ 13.213506, 41.543471 ], [ 13.196702, 41.582804 ], [ 13.17509, 41.583538 ] ] ] } },
{ "type": "Feature", "properties": { "loc": "ITC4C" }, "geometry": { "type": "MultiPolygon", "coordinates": [ [ [ [ 9.338847, 45.312966 ], [ 9.299581, 45.329132 ], [ 9.204683, 45.33211 ], [ 9.186426, 45.308646 ], [ 9.188387, 45.294602 ], [ 9.12879, 45.310297 ], [ 9.091073, 45.303563 ], [ 9.072133, 45.310803 ], [ 9.032121, 45.299415 ], [ 9.029816, 45.315462 ], [ 9.015181, 45.324156 ], [ 8.993258, 45.314435 ], [ 8.997399, 45.297256 ], [ 9.015588, 45.28163 ], [ 8.984099, 45.267548 ], [ 8.948367, 45.290639 ], [ 8.938285, 45.316083 ], [ 8.869363, 45.345067 ], [ 8.823899, 45.430066 ], [ 8.791215, 45.462113 ], [ 8.785522, 45.483995 ], [ 8.721045, 45.510564 ], [ 8.706897, 45.558316 ], [ 8.720026, 45.568477 ], [ 8.743254, 45.562773 ], [ 8.792509, 45.60184 ], [ 8.809209, 45.599431 ], [ 8.839456, 45.570883 ], [ 8.860459, 45.576533 ], [ 8.874253, 45.594339 ], [ 8.92954, 45.618254 ], [ 8.940843, 45.640345 ], [ 8.969667, 45.622329 ], [ 8.975385, 45.590412 ], [ 9.001442, 45.57726 ], [ 9.02557, 45.586746 ], [ 9.053741, 45.579853 ], [ 9.064275, 45.593448 ], [ 9.052902, 45.623193 ], [ 9.104399, 45.621032 ], [ 9.097569, 45.601263 ], [ 9.106436, 45.588485 ], [ 9.174051, 45.590239 ], [ 9.308639, 45.537578 ], [ 9.320957, 45.540531 ], [ 9.329087, 45.560304 ], [ 9.380618, 45.557054 ], [ 9.41008, 45.575863 ], [ 9.477397, 45.59718 ], [ 9.495871, 45.639704 ], [ 9.519207, 45.619895 ], [ 9.533596, 45.593175 ], [ 9.528497, 45.544464 ], [ 9.549247, 45.519746 ], [ 9.542781, 45.504804 ], [ 9.519207, 45.504482 ], [ 9.498274, 45.485453 ], [ 9.48393, 45.448691 ], [ 9.447199, 45.465829 ], [ 9.424435, 45.454222 ], [ 9.41606, 45.408294 ], [ 9.405756, 45.396745 ], [ 9.381927, 45.39049 ], [ 9.360733, 45.358619 ], [ 9.376625, 45.312656 ], [ 9.338847, 45.312966 ] ] ], [ [ [ 9.531602, 45.165352 ], [ 9.479613, 45.162768 ], [ 9.438572, 45.187634 ], [ 9.473026, 45.198881 ], [ 9.514824, 45.18531 ], [ 9.531602, 45.165352 ] ] ] ] } },
{ "type": "Feature", "properties": { "loc": "ITC4D" }, "geometry": { "type": "Polygon", "coordinates": [ [ [ 9.052902, 45.623193 ], [ 9.06783, 45.682414 ], [ 9.103336, 45.694327 ], [ 9.141413, 45.692127 ], [ 9.173066, 45.667686 ], [ 9.188974, 45.666677 ], [ 9.199915, 45.703654 ], [ 9.229688, 45.71916 ], [ 9.247139, 45.742652 ], [ 9.282702, 45.733875 ], [ 9.297711, 45.688854 ], [ 9.318561, 45.660212 ], [ 9.345069, 45.669933 ], [ 9.374731, 45.657977 ], [ 9.411695, 45.674276 ], [ 9.424874, 45.657153 ], [ 9.444519, 45.651391 ], [ 9.476588, 45.669248 ], [ 9.495871, 45.639704 ], [ 9.477397, 45.59718 ], [ 9.41008, 45.575863 ], [ 9.380618, 45.557054 ], [ 9.329087, 45.560304 ], [ 9.320957, 45.540531 ], [ 9.308639, 45.537578 ], [ 9.174051, 45.590239 ], [ 9.106436, 45.588485 ], [ 9.097569, 45.601263 ], [ 9.104399, 45.621032 ], [ 9.052902, 45.623193 ] ] ] } },
{ "type": "Feature", "properties": { "loc": "ITF11" }, "geometry": { "type": "Polygon", "coordinates": [ [ [ 13.941039, 41.687944 ], [ 13.891848, 41.731388 ], [ 13.860262, 41.732177 ], [ 13.813485, 41.749586 ], [ 13.765556, 41.750726 ], [ 13.724112, 41.795183 ], [ 13.701059, 41.79159 ], [ 13.652412, 41.808275 ], [ 13.627781, 41.782713 ], [ 13.568806, 41.75862 ], [ 13.529682, 41.770458 ], [ 13.500284, 41.800662 ], [ 13.439174, 41.826474 ], [ 13.40644, 41.834031 ], [ 13.378972, 41.823288 ], [ 13.363118, 41.86561 ], [ 13.378312, 41.896319 ], [ 13.376374, 41.910782 ], [ 13.314031, 41.947639 ], [ 13.2963, 41.948588 ], [ 13.226089, 41.982924 ], [ 13.114175, 42.022346 ], [ 13.101557, 42.022957 ], [ 13.094294, 42.009802 ], [ 13.058263, 42.016025 ], [ 13.030159, 42.048408 ], [ 13.021416, 42.071844 ], [ 13.030575, 42.115353 ], [ 13.077248, 42.139178 ], [ 13.097604, 42.176178 ], [ 13.12566, 42.173796 ], [ 13.168002, 42.154928 ], [ 13.195717, 42.155028 ], [ 13.250235, 42.129824 ], [ 13.299427, 42.137854 ], [ 13.331198, 42.163505 ], [ 13.36789, 42.179476 ], [ 13.328762, 42.22218 ], [ 13.28552, 42.238516 ], [ 13.246997, 42.267669 ], [ 13.220721, 42.319294 ], [ 13.162848, 42.353537 ], [ 13.189179, 42.393435 ], [ 13.123443, 42.445134 ], [ 13.173252, 42.479821 ], [ 13.174542, 42.507455 ], [ 13.160828, 42.535925 ], [ 13.193931, 42.583146 ], [ 13.24216, 42.57634 ], [ 13.275394, 42.580984 ], [ 13.303748, 42.572922 ], [ 13.3732, 42.58134 ], [ 13.394032, 42.591234 ], [ 13.407937, 42.544024 ], [ 13.424763, 42.521135 ], [ 13.469844, 42.486662 ], [ 13.523571, 42.470559 ], [ 13.531844, 42.450231 ], [ 13.564869, 42.455669 ], [ 13.666254, 42.439204 ], [ 13.723162, 42.441183 ], [ 13.765288, 42.420117 ], [ 13.808672, 42.375533 ], [ 13.801577, 42.362322 ], [ 13.806804, 42.336221 ], [ 13.842323, 42.278099 ], [ 13.837677, 42.252553 ], [ 13.8026, 42.239066 ], [ 13.808058, 42.19705 ], [ 13.793385, 42.153091 ], [ 13.846386, 42.146296 ], [ 13.862819, 42.158531 ], [ 13.89864, 42.16336 ], [ 13.914388, 42.142482 ], [ 13.960818, 42.122509 ], [ 14.005152, 42.075823 ], [ 14.085253, 42.086697 ], [ 14.097881, 42.074841 ], [ 14.101884, 42.053308 ], [ 14.082072, 42.011357 ], [ 14.09666, 41.95462 ], [ 14.085024, 41.937398 ], [ 14.100454, 41.904995 ], [ 14.110627, 41.893823 ], [ 14.137831, 41.888665 ], [ 14.185669, 41.902465 ], [ 14.229758, 41.877056 ], [ 14.214911, 41.855105 ], [ 14.193635, 41.843862 ], [ 14.159881, 41.840285 ], [ 14.151366, 41.821893 ], [ 14.175535, 41.778792 ], [ 14.196884, 41.767687 ], [ 14.190259, 41.751519 ], [ 14.168168, 41.758573 ], [ 14.126204, 41.742373 ], [ 14.111399, 41.714228 ], [ 14.091537, 41.734101 ], [ 14.073411, 41.734798 ], [ 14.050189, 41.704967 ], [ 14.016297, 41.685292 ], [ 13.965513, 41.694559 ], [ 13.941039, 41.687944 ] ] ] } },
{ "type": "Feature", "properties": { "loc": "ITF12" }, "geometry": { "type": "Polygon", "coordinates": [ [ [ 13.394032, 42.591234 ], [ 13.403467, 42.638901 ], [ 13.357083, 42.662865 ], [ 13.357775, 42.69407 ], [ 13.395451, 42.690026 ], [ 13.436235, 42.703298 ], [ 13.450196, 42.731153 ], [ 13.491278, 42.736506 ], [ 13.502498, 42.749264 ], [ 13.506276, 42.774349 ], [ 13.53837, 42.814866 ], [ 13.569911, 42.802155 ], [ 13.621952, 42.813275 ], [ 13.654595, 42.805453 ], [ 13.698235, 42.824359 ], [ 13.715969, 42.852335 ], [ 13.776142, 42.860721 ], [ 13.878764, 42.892345 ], [ 13.915732, 42.894577 ], [ 13.943513, 42.807206 ], [ 14.004904, 42.695537 ], [ 14.103465, 42.569977 ], [ 14.146907, 42.530596 ], [ 14.129578, 42.527714 ], [ 14.074387, 42.543515 ], [ 14.052265, 42.532389 ], [ 13.990637, 42.540426 ], [ 13.956147, 42.530084 ], [ 13.954774, 42.507665 ], [ 13.894684, 42.510009 ], [ 13.871976, 42.488676 ], [ 13.815003, 42.492096 ], [ 13.765288, 42.420117 ], [ 13.723162, 42.441183 ], [ 13.666254, 42.439204 ], [ 13.564869, 42.455669 ], [ 13.531844, 42.450231 ], [ 13.523571, 42.470559 ], [ 13.469844, 42.486662 ], [ 13.424763, 42.521135 ], [ 13.407937, 42.544024 ], [ 13.394032, 42.591234 ] ] ] } },
{ "type": "Feature", "properties": { "loc": "ITF13" }, "geometry": { "type": "Polygon", "coordinates": [ [ [ 14.146907, 42.530596 ], [ 14.253961, 42.444798 ], [ 14.228745, 42.41547 ], [ 14.222471, 42.427255 ], [ 14.207541, 42.425668 ], [ 14.194234, 42.43497 ], [ 14.185595, 42.426898 ], [ 14.175475, 42.43389 ], [ 14.159348, 42.417632 ], [ 14.155061, 42.397436 ], [ 14.131107, 42.380089 ], [ 14.117666, 42.338837 ], [ 14.079177, 42.325126 ], [ 14.107493, 42.294693 ], [ 14.101937, 42.282786 ], [ 14.113166, 42.269963 ], [ 14.108856, 42.251505 ], [ 14.124212, 42.227515 ], [ 14.098459, 42.202958 ], [ 14.101781, 42.179353 ], [ 14.125837, 42.159592 ], [ 14.112277, 42.141118 ], [ 14.11433, 42.110244 ], [ 14.085253, 42.086697 ], [ 14.005152, 42.075823 ], [ 13.960818, 42.122509 ], [ 13.914388, 42.142482 ], [ 13.89864, 42.16336 ], [ 13.862819, 42.158531 ], [ 13.846386, 42.146296 ], [ 13.793385, 42.153091 ], [ 13.808058, 42.19705 ], [ 13.8026, 42.239066 ], [ 13.837677, 42.252553 ], [ 13.842323, 42.278099 ], [ 13.806804, 42.336221 ], [ 13.801577, 42.362322 ], [ 13.808672, 42.375533 ], [ 13.765288, 42.420117 ], [ 13.815003, 42.492096 ], [ 13.871976, 42.488676 ], [ 13.894684, 42.510009 ], [ 13.954774, 42.507665 ], [ 13.956147, 42.530084 ], [ 13.990637, 42.540426 ], [ 14.052265, 42.532389 ], [ 14.074387, 42.543515 ], [ 14.129578, 42.527714 ], [ 14.146907, 42.530596 ] ] ] } },
{ "type": "Feature", "properties": { "loc": "ITF14" }, "geometry": { "type": "Polygon", "coordinates": [ [ [ 14.485359, 41.759623 ], [ 14.4596, 41.764705 ], [ 14.463604, 41.779048 ], [ 14.445897, 41.83399 ], [ 14.404636, 41.865273 ], [ 14.381801, 41.867659 ], [ 14.372318, 41.87761 ], [ 14.347083, 41.862953 ], [ 14.322743, 41.893769 ], [ 14.285454, 41.907947 ], [ 14.229758, 41.877056 ], [ 14.185669, 41.902465 ], [ 14.137831, 41.888665 ], [ 14.110627, 41.893823 ], [ 14.085024, 41.937398 ], [ 14.09666, 41.95462 ], [ 14.082072, 42.011357 ], [ 14.101884, 42.053308 ], [ 14.097881, 42.074841 ], [ 14.085253, 42.086697 ], [ 14.11433, 42.110244 ], [ 14.112277, 42.141118 ], [ 14.125837, 42.159592 ], [ 14.101781, 42.179353 ], [ 14.098459, 42.202958 ], [ 14.124212, 42.227515 ], [ 14.108856, 42.251505 ], [ 14.113166, 42.269963 ], [ 14.101937, 42.282786 ], [ 14.107493, 42.294693 ], [ 14.079177, 42.325126 ], [ 14.117666, 42.338837 ], [ 14.131107, 42.380089 ], [ 14.155061, 42.397436 ], [ 14.159348, 42.417632 ], [ 14.175475, 42.43389 ], [ 14.185595, 42.426898 ], [ 14.194234, 42.43497 ], [ 14.207541, 42.425668 ], [ 14.222471, 42.427255 ], [ 14.228745, 42.41547 ], [ 14.253961, 42.444798 ], [ 14.398784, 42.366829 ], [ 14.431278, 42.32151 ], [ 14.496965, 42.275087 ], [ 14.51424, 42.249491 ], [ 14.619626, 42.199959 ], [ 14.713192, 42.171595 ], [ 14.722652, 42.102084 ], [ 14.779647, 42.070021 ], [ 14.765089, 42.046573 ], [ 14.774806, 42.02723 ], [ 14.718129, 41.994387 ], [ 14.670034, 41.946108 ], [ 14.658863, 41.912155 ], [ 14.617124, 41.889374 ], [ 14.569902, 41.822836 ], [ 14.485359, 41.759623 ] ] ] } },
{ "type": "Feature", "properties": { "loc": "ITF21" }, "geometry": { "type": "Polygon", "coordinates": [ [ [ 14.382519, 41.443216 ], [ 14.32502, 41.455553 ], [ 14.280984, 41.483902 ], [ 14.253564, 41.485591 ], [ 14.236684, 41.496189 ], [ 14.175475, 41.498959 ], [ 14.15946, 41.481349 ], [ 14.123241, 41.504611 ], [ 14.086619, 41.467444 ], [ 14.08117, 41.446504 ], [ 14.10388, 41.418454 ], [ 14.108676, 41.389775 ], [ 14.080549, 41.398832 ], [ 14.039685, 41.39629 ], [ 14.004402, 41.430645 ], [ 14.004796, 41.450121 ], [ 13.977928, 41.462454 ], [ 13.989344, 41.481115 ], [ 13.977619, 41.494876 ], [ 14.017141, 41.522029 ], [ 14.009699, 41.538426 ], [ 14.022203, 41.556682 ], [ 14.001704, 41.573579 ], [ 14.010516, 41.604459 ], [ 13.987357, 41.653166 ], [ 13.941039, 41.687944 ], [ 13.965513, 41.694559 ], [ 14.016297, 41.685292 ], [ 14.050189, 41.704967 ], [ 14.073411, 41.734798 ], [ 14.091537, 41.734101 ], [ 14.111399, 41.714228 ], [ 14.126204, 41.742373 ], [ 14.168168, 41.758573 ], [ 14.190259, 41.751519 ], [ 14.196884, 41.767687 ], [ 14.175535, 41.778792 ], [ 14.151366, 41.821893 ], [ 14.159881, 41.840285 ], [ 14.193635, 41.843862 ], [ 14.214911, 41.855105 ], [ 14.229758, 41.877056 ], [ 14.285454, 41.907947 ], [ 14.322743, 41.893769 ], [ 14.347083, 41.862953 ], [ 14.372318, 41.87761 ], [ 14.381801, 41.867659 ], [ 14.404636, 41.865273 ], [ 14.445897, 41.83399 ], [ 14.463604, 41.779048 ], [ 14.4596, 41.764705 ], [ 14.485359, 41.759623 ], [ 14.480137, 41.745211 ], [ 14.511158, 41.729802 ], [ 14.520982, 41.704706 ], [ 14.498578, 41.676651 ], [ 14.434915, 41.669573 ], [ 14.4267, 41.643984 ], [ 14.474504, 41.632481 ], [ 14.485031, 41.617736 ], [ 14.506483, 41.610166 ], [ 14.509548, 41.59903 ], [ 14.446851, 41.522029 ], [ 14.426637, 41.522497 ], [ 14.391794, 41.503582 ], [ 14.379487, 41.460277 ], [ 14.382519, 41.443216 ] ] ] } },
{ "type": "Feature", "properties": { "loc": "ITF22" }, "geometry": { "type": "Polygon", "coordinates": [ [ [ 14.382519, 41.443216 ], [ 14.379487, 41.460277 ], [ 14.391794, 41.503582 ], [ 14.426637, 41.522497 ], [ 14.446851, 41.522029 ], [ 14.509548, 41.59903 ], [ 14.506483, 41.610166 ], [ 14.485031, 41.617736 ], [ 14.474504, 41.632481 ], [ 14.4267, 41.643984 ], [ 14.434915, 41.669573 ], [ 14.498578, 41.676651 ], [ 14.520982, 41.704706 ], [ 14.511158, 41.729802 ], [ 14.480137, 41.745211 ], [ 14.485359, 41.759623 ], [ 14.569902, 41.822836 ], [ 14.617124, 41.889374 ], [ 14.658863, 41.912155 ], [ 14.670034, 41.946108 ], [ 14.718129, 41.994387 ], [ 14.774806, 42.02723 ], [ 14.765089, 42.046573 ], [ 14.779647, 42.070021 ], [ 14.894498, 42.023315 ], [ 14.994578, 42.004595 ], [ 15.081399, 41.942819 ], [ 15.138179, 41.927007 ], [ 15.137496, 41.880766 ], [ 15.10429, 41.840285 ], [ 15.114367, 41.806314 ], [ 15.101978, 41.765341 ], [ 15.113933, 41.731803 ], [ 15.140847, 41.704237 ], [ 15.054257, 41.656425 ], [ 15.02266, 41.626288 ], [ 14.965601, 41.641702 ], [ 14.940269, 41.621147 ], [ 14.947778, 41.593204 ], [ 14.940848, 41.530235 ], [ 15.007656, 41.486357 ], [ 14.944576, 41.456366 ], [ 14.890085, 41.446103 ], [ 14.862733, 41.427961 ], [ 14.83996, 41.428765 ], [ 14.787222, 41.450391 ], [ 14.75291, 41.410401 ], [ 14.718276, 41.402465 ], [ 14.694153, 41.410802 ], [ 14.671396, 41.407819 ], [ 14.606247, 41.365779 ], [ 14.568395, 41.389522 ], [ 14.549331, 41.381623 ], [ 14.5051, 41.382461 ], [ 14.471164, 41.420407 ], [ 14.382519, 41.443216 ] ] ] } },
{ "type": "Feature", "properties": { "loc": "ITF31" }, "geometry": { "type": "Polygon", "coordinates": [ [ [ 13.760796, 41.223168 ], [ 13.776141, 41.241273 ], [ 13.827644, 41.250199 ], [ 13.833139, 41.280747 ], [ 13.886213, 41.296478 ], [ 13.891473, 41.312934 ], [ 13.873719, 41.338294 ], [ 13.871503, 41.366622 ], [ 13.883613, 41.400245 ], [ 13.866464, 41.408563 ], [ 13.865543, 41.418492 ], [ 13.904063, 41.426551 ], [ 13.961071, 41.461102 ], [ 13.977928, 41.462454 ], [ 14.004796, 41.450121 ], [ 14.004402, 41.430645 ], [ 14.039685, 41.39629 ], [ 14.080549, 41.398832 ], [ 14.108676, 41.389775 ], [ 14.10388, 41.418454 ], [ 14.08117, 41.446504 ], [ 14.086619, 41.467444 ], [ 14.123241, 41.504611 ], [ 14.15946, 41.481349 ], [ 14.175475, 41.498959 ], [ 14.236684, 41.496189 ], [ 14.253564, 41.485591 ], [ 14.280984, 41.483902 ], [ 14.32502, 41.455553 ], [ 14.471164, 41.420407 ], [ 14.5051, 41.382461 ], [ 14.460667, 41.371347 ], [ 14.444235, 41.353587 ], [ 14.443366, 41.345359 ], [ 14.471697, 41.340098 ], [ 14.487833, 41.304017 ], [ 14.442856, 41.285879 ], [ 14.420303, 41.250318 ], [ 14.420601, 41.225518 ], [ 14.435872, 41.218742 ], [ 14.460292, 41.187785 ], [ 14.460395, 41.158214 ], [ 14.439224, 41.153608 ], [ 14.425262, 41.139885 ], [ 14.376598, 41.159417 ], [ 14.355229, 41.150815 ], [ 14.399856, 41.116015 ], [ 14.432484, 41.101767 ], [ 14.435276, 41.074409 ], [ 14.423237, 41.054382 ], [ 14.461684, 41.044058 ], [ 14.510169, 41.049853 ], [ 14.5312, 41.013306 ], [ 14.524304, 40.991062 ], [ 14.490046, 40.992576 ], [ 14.470619, 40.982191 ], [ 14.418038, 40.983451 ], [ 14.404084, 41.00142 ], [ 14.300975, 41.003139 ], [ 14.289108, 40.966122 ], [ 14.256372, 40.948738 ], [ 14.175475, 40.953917 ], [ 14.137072, 40.947895 ], [ 14.143837, 40.966604 ], [ 14.129966, 40.978985 ], [ 14.112718, 40.977351 ], [ 14.090753, 40.961118 ], [ 14.050377, 40.957997 ], [ 14.021435, 40.942893 ], [ 14.032131, 40.898839 ], [ 13.995377, 40.95651 ], [ 13.922572, 41.027693 ], [ 13.882101, 41.107049 ], [ 13.815425, 41.182318 ], [ 13.760796, 41.223168 ] ] ] } },
{ "type": "Feature", "properties": { "loc": "ITF32" }, "geometry": { "type": "MultiPolygon", "coordinates": [ [ [ [ 14.5312, 41.013306 ], [ 14.510169, 41.049853 ], [ 14.461684, 41.044058 ], [ 14.423237, 41.054382 ], [ 14.435276, 41.074409 ], [ 14.432484, 41.101767 ], [ 14.399856, 41.116015 ], [ 14.355229, 41.150815 ], [ 14.376598, 41.159417 ], [ 14.425262, 41.139885 ], [ 14.439224, 41.153608 ], [ 14.460395, 41.158214 ], [ 14.460292, 41.187785 ], [ 14.435872, 41.218742 ], [ 14.420601, 41.225518 ], [ 14.420303, 41.250318 ], [ 14.442856, 41.285879 ], [ 14.487833, 41.304017 ], [ 14.471697, 41.340098 ], [ 14.443366, 41.345359 ], [ 14.460667, 41.371347 ], [ 14.568395, 41.389522 ], [ 14.606247, 41.365779 ], [ 14.671396, 41.407819 ], [ 14.694153, 41.410802 ], [ 14.718276, 41.402465 ], [ 14.75291, 41.410401 ], [ 14.787222, 41.450391 ], [ 14.83996, 41.428765 ], [ 14.862733, 41.427961 ], [ 14.890085, 41.446103 ], [ 14.944576, 41.456366 ], [ 15.007656, 41.486357 ], [ 15.050475, 41.443909 ], [ 15.098627, 41.43007 ], [ 15.088743, 41.407758 ], [ 15.094843, 41.39167 ], [ 15.062976, 41.373415 ], [ 15.062103, 41.364068 ], [ 15.073171, 41.334791 ], [ 15.127602, 41.316228 ], [ 15.149197, 41.280412 ], [ 15.119617, 41.257717 ], [ 15.082625, 41.255259 ], [ 15.066698, 41.267823 ], [ 15.048296, 41.26009 ], [ 14.985926, 41.267768 ], [ 14.988031, 41.234971 ], [ 15.00269, 41.207498 ], [ 14.965552, 41.176967 ], [ 14.960056, 41.15146 ], [ 14.993356, 41.147656 ], [ 15.007603, 41.118346 ], [ 14.972381, 41.093837 ], [ 14.926734, 41.082105 ], [ 14.831061, 41.036614 ], [ 14.810028, 41.04147 ], [ 14.801881, 41.058291 ], [ 14.778041, 41.052267 ], [ 14.771268, 41.015016 ], [ 14.758225, 41.010449 ], [ 14.734872, 41.01993 ], [ 14.726822, 41.043547 ], [ 14.710552, 41.058279 ], [ 14.668698, 41.055668 ], [ 14.640191, 41.043968 ], [ 14.599004, 41.05635 ], [ 14.572122, 41.021447 ], [ 14.571968, 41.009466 ], [ 14.547148, 41.017459 ], [ 14.5312, 41.013306 ] ] ], [ [ [ 14.680033, 40.981961 ], [ 14.686099, 41.009307 ], [ 14.68012, 41.019105 ], [ 14.695723, 41.033374 ], [ 14.715364, 41.006941 ], [ 14.693661, 40.975522 ], [ 14.680033, 40.981961 ] ] ] ] } },
{ "type": "Feature", "properties": { "loc": "ITF33" }, "geometry": { "type": "MultiPolygon", "coordinates": [ [ [ [ 14.644877, 40.9088 ], [ 14.666067, 40.916488 ], [ 14.672289, 40.904074 ], [ 14.650428, 40.903269 ], [ 14.644877, 40.9088 ] ] ], [ [ [ 14.605582, 40.847567 ], [ 14.568595, 40.840142 ], [ 14.588233, 40.814678 ], [ 14.573671, 40.78944 ], [ 14.509944, 40.769685 ], [ 14.510866, 40.739419 ], [ 14.560546, 40.728101 ], [ 14.586611, 40.695157 ], [ 14.558625, 40.666449 ], [ 14.576912, 40.630643 ], [ 14.520829, 40.623191 ], [ 14.506527, 40.644373 ], [ 14.48838, 40.646175 ], [ 14.466205, 40.630776 ], [ 14.46862, 40.620201 ], [ 14.325425, 40.573554 ], [ 14.323931, 40.592053 ], [ 14.343862, 40.628696 ], [ 14.398034, 40.638067 ], [ 14.409881, 40.657714 ], [ 14.475322, 40.696673 ], [ 14.47883, 40.709026 ], [ 14.46841, 40.731344 ], [ 14.448923, 40.751482 ], [ 14.39574, 40.760543 ], [ 14.328095, 40.815807 ], [ 14.283919, 40.839063 ], [ 14.26657, 40.840928 ], [ 14.224347, 40.826094 ], [ 14.194765, 40.797914 ], [ 14.175475, 40.79982 ], [ 14.157393, 40.816043 ], [ 14.09692, 40.830726 ], [ 14.07625, 40.82136 ], [ 14.080023, 40.79073 ], [ 14.045679, 40.793144 ], [ 14.046573, 40.849052 ], [ 14.021435, 40.942893 ], [ 14.050377, 40.957997 ], [ 14.090753, 40.961118 ], [ 14.112718, 40.977351 ], [ 14.129966, 40.978985 ], [ 14.143837, 40.966604 ], [ 14.137072, 40.947895 ], [ 14.175475, 40.953917 ], [ 14.256372, 40.948738 ], [ 14.289108, 40.966122 ], [ 14.300975, 41.003139 ], [ 14.404084, 41.00142 ], [ 14.418038, 40.983451 ], [ 14.470619, 40.982191 ], [ 14.490046, 40.992576 ], [ 14.524304, 40.991062 ], [ 14.5312, 41.013306 ], [ 14.547148, 41.017459 ], [ 14.571968, 41.009466 ], [ 14.586328, 40.937391 ], [ 14.611908, 40.927441 ], [ 14.617021, 40.916352 ], [ 14.578993, 40.909669 ], [ 14.562976, 40.888465 ], [ 14.605582, 40.847567 ] ] ], [ [ [ 14.199822, 40.559883 ], [ 14.242026, 40.555911 ], [ 14.260612, 40.560696 ], [ 14.264706, 40.556606 ], [ 14.255285, 40.544813 ], [ 14.199342, 40.5377 ], [ 14.199822, 40.559883 ] ] ], [ [ [ 14.027986, 40.765507 ], [ 14.009256, 40.743706 ], [ 14.002914, 40.74739 ], [ 14.009316, 40.769951 ], [ 14.027986, 40.765507 ] ] ], [ [ [ 13.86315, 40.757256 ], [ 13.952514, 40.741955 ], [ 13.964308, 40.712958 ], [ 13.922421, 40.6976 ], [ 13.898321, 40.701083 ], [ 13.894121, 40.692587 ], [ 13.852517, 40.711233 ], [ 13.861268, 40.717714 ], [ 13.854755, 40.73527 ], [ 13.868102, 40.751768 ], [ 13.86315, 40.757256 ] ] ] ] } },
{ "type": "Feature", "properties": { "loc": "ITH51" }, "geometry": { "type": "Polygon", "coordinates": [ [ [ 9.548685, 45.132648 ], [ 9.570248, 45.108063 ], [ 9.590138, 45.102418 ], [ 9.608495, 45.110407 ], [ 9.620104, 45.129975 ], [ 9.630439, 45.128378 ], [ 9.638765, 45.118959 ], [ 9.637421, 45.085803 ], [ 9.71248, 45.060366 ], [ 9.748111, 45.079026 ], [ 9.746955, 45.107366 ], [ 9.758323, 45.111008 ], [ 9.783534, 45.087383 ], [ 9.810809, 45.076454 ], [ 9.823406, 45.055161 ], [ 9.840262, 45.093514 ], [ 9.858764, 45.093111 ], [ 9.880755, 45.077197 ], [ 9.894166, 45.081388 ], [ 9.896548, 45.096601 ], [ 9.878123, 45.117513 ], [ 9.891102, 45.130898 ], [ 9.921756, 45.132404 ], [ 9.916677, 45.106787 ], [ 9.922816, 45.101694 ], [ 9.972656, 45.130859 ], [ 9.987486, 45.131041 ], [ 10.02531, 45.096571 ], [ 10.024903, 45.0739 ], [ 10.053688, 45.044065 ], [ 10.083503, 45.043958 ], [ 10.049201, 45.03059 ], [ 10.03218, 44.986264 ], [ 9.994224, 44.952757 ], [ 9.989931, 44.936923 ], [ 10.009773, 44.88202 ], [ 9.983466, 44.846405 ], [ 9.938578, 44.835893 ], [ 9.88493, 44.802364 ], [ 9.874525, 44.766685 ], [ 9.82176, 44.757995 ], [ 9.813123, 44.739314 ], [ 9.764756, 44.704768 ], [ 9.761681, 44.68169 ], [ 9.699222, 44.672621 ], [ 9.666429, 44.68319 ], [ 9.629523, 44.659851 ], [ 9.624706, 44.639264 ], [ 9.587519, 44.622653 ], [ 9.493363, 44.555859 ], [ 9.431824, 44.571795 ], [ 9.409681, 44.597914 ], [ 9.380206, 44.579328 ], [ 9.341977, 44.58084 ], [ 9.29992, 44.605871 ], [ 9.257589, 44.599357 ], [ 9.243458, 44.618115 ], [ 9.202996, 44.613476 ], [ 9.200074, 44.686099 ], [ 9.229096, 44.688049 ], [ 9.244319, 44.698056 ], [ 9.27398, 44.684006 ], [ 9.314152, 44.695981 ], [ 9.323515, 44.734309 ], [ 9.292183, 44.767163 ], [ 9.355254, 44.829792 ], [ 9.337078, 44.865777 ], [ 9.288068, 44.89314 ], [ 9.288379, 44.916356 ], [ 9.366603, 45.009436 ], [ 9.383155, 45.056962 ], [ 9.440153, 45.090879 ], [ 9.482062, 45.100114 ], [ 9.537561, 45.084512 ], [ 9.545771, 45.093438 ], [ 9.540157, 45.118125 ], [ 9.548685, 45.132648 ] ] ] } },
{ "type": "Feature", "properties": { "loc": "ITH52" }, "geometry": { "type": "Polygon", "coordinates": [ [ [ 10.142055, 44.353853 ], [ 10.094784, 44.349141 ], [ 10.002146, 44.3947 ], [ 9.992038, 44.404696 ], [ 10.004109, 44.430132 ], [ 9.999455, 44.441735 ], [ 9.979548, 44.448194 ], [ 9.964277, 44.465033 ], [ 9.929334, 44.471231 ], [ 9.823963, 44.465676 ], [ 9.741805, 44.383655 ], [ 9.713986, 44.380577 ], [ 9.686726, 44.365922 ], [ 9.673909, 44.369106 ], [ 9.655951, 44.408288 ], [ 9.600204, 44.433792 ], [ 9.559565, 44.437426 ], [ 9.545278, 44.4284 ], [ 9.494191, 44.422774 ], [ 9.47906, 44.40924 ], [ 9.470577, 44.421325 ], [ 9.446433, 44.418536 ], [ 9.441032, 44.427269 ], [ 9.472852, 44.47924 ], [ 9.495178, 44.485572 ], [ 9.503198, 44.525635 ], [ 9.493363, 44.555859 ], [ 9.587519, 44.622653 ], [ 9.624706, 44.639264 ], [ 9.629523, 44.659851 ], [ 9.666429, 44.68319 ], [ 9.699222, 44.672621 ], [ 9.761681, 44.68169 ], [ 9.764756, 44.704768 ], [ 9.813123, 44.739314 ], [ 9.82176, 44.757995 ], [ 9.874525, 44.766685 ], [ 9.88493, 44.802364 ], [ 9.938578, 44.835893 ], [ 9.983466, 44.846405 ], [ 10.009773, 44.88202 ], [ 9.989931, 44.936923 ], [ 9.994224, 44.952757 ], [ 10.03218, 44.986264 ], [ 10.049201, 45.03059 ], [ 10.083503, 45.043958 ], [ 10.100354, 45.023456 ], [ 10.160334, 45.042679 ], [ 10.186905, 45.030175 ], [ 10.215957, 45.031808 ], [ 10.351921, 44.969078 ], [ 10.404181, 44.983025 ], [ 10.436819, 44.945487 ], [ 10.504344, 44.922418 ], [ 10.464053, 44.893162 ], [ 10.466741, 44.860167 ], [ 10.425109, 44.793009 ], [ 10.428193, 44.741048 ], [ 10.44461, 44.718154 ], [ 10.415995, 44.672051 ], [ 10.398646, 44.561607 ], [ 10.343939, 44.523394 ], [ 10.324726, 44.480633 ], [ 10.258037, 44.452629 ], [ 10.20946, 44.396605 ], [ 10.159541, 44.379105 ], [ 10.142055, 44.353853 ] ] ] } },
{ "type": "Feature", "properties": { "loc": "ITH53" }, "geometry": { "type": "Polygon", "coordinates": [ [ [ 10.142055, 44.353853 ], [ 10.159541, 44.379105 ], [ 10.20946, 44.396605 ], [ 10.258037, 44.452629 ], [ 10.324726, 44.480633 ], [ 10.343939, 44.523394 ], [ 10.398646, 44.561607 ], [ 10.415995, 44.672051 ], [ 10.44461, 44.718154 ], [ 10.428193, 44.741048 ], [ 10.425109, 44.793009 ], [ 10.466741, 44.860167 ], [ 10.464053, 44.893162 ], [ 10.504344, 44.922418 ], [ 10.559659, 44.910442 ], [ 10.596774, 44.915511 ], [ 10.628836, 44.931075 ], [ 10.681577, 44.978725 ], [ 10.69996, 44.968985 ], [ 10.727475, 44.987076 ], [ 10.753744, 44.948895 ], [ 10.86593, 44.92627 ], [ 10.88791, 44.914266 ], [ 10.879172, 44.900608 ], [ 10.880185, 44.871682 ], [ 10.847064, 44.86206 ], [ 10.818378, 44.81189 ], [ 10.83929, 44.791086 ], [ 10.816542, 44.751305 ], [ 10.809439, 44.700085 ], [ 10.817886, 44.686995 ], [ 10.813846, 44.660372 ], [ 10.785381, 44.629929 ], [ 10.78565, 44.605564 ], [ 10.763949, 44.539843 ], [ 10.736257, 44.507136 ], [ 10.661312, 44.460226 ], [ 10.653458, 44.435694 ], [ 10.62516, 44.410924 ], [ 10.611096, 44.373491 ], [ 10.531241, 44.349868 ], [ 10.514123, 44.308 ], [ 10.511938, 44.279237 ], [ 10.489471, 44.261654 ], [ 10.483192, 44.2372 ], [ 10.470149, 44.226041 ], [ 10.435739, 44.226218 ], [ 10.373272, 44.269428 ], [ 10.342363, 44.270115 ], [ 10.299727, 44.285449 ], [ 10.253875, 44.268567 ], [ 10.219182, 44.303883 ], [ 10.189436, 44.315075 ], [ 10.142055, 44.353853 ] ] ] } },
{ "type": "Feature", "properties": { "loc": "ITH54" }, "geometry": { "type": "Polygon", "coordinates": [ [ [ 10.814787, 44.116174 ], [ 10.742269, 44.15625 ], [ 10.665551, 44.152273 ], [ 10.641375, 44.15924 ], [ 10.621903, 44.14026 ], [ 10.624078, 44.120351 ], [ 10.590055, 44.118829 ], [ 10.527832, 44.156515 ], [ 10.517916, 44.179124 ], [ 10.489906, 44.199709 ], [ 10.488288, 44.217211 ], [ 10.470149, 44.226041 ], [ 10.483192, 44.2372 ], [ 10.489471, 44.261654 ], [ 10.511938, 44.279237 ], [ 10.514123, 44.308 ], [ 10.531241, 44.349868 ], [ 10.611096, 44.373491 ], [ 10.62516, 44.410924 ], [ 10.653458, 44.435694 ], [ 10.661312, 44.460226 ], [ 10.736257, 44.507136 ], [ 10.763949, 44.539843 ], [ 10.78565, 44.605564 ], [ 10.785381, 44.629929 ], [ 10.813846, 44.660372 ], [ 10.817886, 44.686995 ], [ 10.809439, 44.700085 ], [ 10.816542, 44.751305 ], [ 10.83929, 44.791086 ], [ 10.818378, 44.81189 ], [ 10.847064, 44.86206 ], [ 10.880185, 44.871682 ], [ 10.879172, 44.900608 ], [ 10.88791, 44.914266 ], [ 10.942526, 44.924134 ], [ 10.999759, 44.953581 ], [ 11.05492, 44.949775 ], [ 11.08017, 44.960599 ], [ 11.151443, 44.93635 ], [ 11.246232, 44.951428 ], [ 11.257167, 44.930924 ], [ 11.238732, 44.911523 ], [ 11.240077, 44.902736 ], [ 11.343025, 44.872041 ], [ 11.365167, 44.844941 ], [ 11.347601, 44.832208 ], [ 11.315386, 44.827467 ], [ 11.293371, 44.802797 ], [ 11.209025, 44.802426 ], [ 11.131674, 44.777708 ], [ 11.115487, 44.710564 ], [ 11.083891, 44.651787 ], [ 11.120944, 44.63116 ], [ 11.144953, 44.586346 ], [ 11.105943, 44.530095 ], [ 11.05879, 44.527425 ], [ 11.063288, 44.50075 ], [ 11.048645, 44.471572 ], [ 10.993184, 44.438303 ], [ 11.00036, 44.430425 ], [ 11.035202, 44.426226 ], [ 11.046821, 44.414436 ], [ 11.023428, 44.370016 ], [ 11.036733, 44.327133 ], [ 11.011544, 44.301029 ], [ 10.972018, 44.301971 ], [ 10.95363, 44.293472 ], [ 10.967052, 44.267756 ], [ 10.965214, 44.243029 ], [ 10.954669, 44.227661 ], [ 10.905375, 44.20728 ], [ 10.883041, 44.225518 ], [ 10.855233, 44.228311 ], [ 10.85174, 44.205741 ], [ 10.824384, 44.185068 ], [ 10.806999, 44.149454 ], [ 10.814787, 44.116174 ] ] ] } },
{ "type": "Feature", "properties": { "loc": "ITH55" }, "geometry": { "type": "Polygon", "coordinates": [ [ [ 10.814787, 44.116174 ], [ 10.806999, 44.149454 ], [ 10.824384, 44.185068 ], [ 10.85174, 44.205741 ], [ 10.855233, 44.228311 ], [ 10.883041, 44.225518 ], [ 10.905375, 44.20728 ], [ 10.954669, 44.227661 ], [ 10.965214, 44.243029 ], [ 10.967052, 44.267756 ], [ 10.95363, 44.293472 ], [ 10.972018, 44.301971 ], [ 11.011544, 44.301029 ], [ 11.036733, 44.327133 ], [ 11.023428, 44.370016 ], [ 11.046821, 44.414436 ], [ 11.035202, 44.426226 ], [ 11.00036, 44.430425 ], [ 10.993184, 44.438303 ], [ 11.048645, 44.471572 ], [ 11.063288, 44.50075 ], [ 11.05879, 44.527425 ], [ 11.105943, 44.530095 ], [ 11.144953, 44.586346 ], [ 11.120944, 44.63116 ], [ 11.083891, 44.651787 ], [ 11.115487, 44.710564 ], [ 11.131674, 44.777708 ], [ 11.209025, 44.802426 ], [ 11.293371, 44.802797 ], [ 11.256265, 44.76295 ], [ 11.266288, 44.714879 ], [ 11.291587, 44.7172 ], [ 11.376642, 44.773071 ], [ 11.459342, 44.756579 ], [ 11.589351, 44.709464 ], [ 11.67717, 44.636692 ], [ 11.740871, 44.647841 ], [ 11.794632, 44.633287 ], [ 11.799152, 44.624272 ], [ 11.785199, 44.592147 ], [ 11.763464, 44.57764 ], [ 11.789199, 44.554334 ], [ 11.779034, 44.512715 ], [ 11.763472, 44.497787 ], [ 11.78912, 44.48335 ], [ 11.788768, 44.436519 ], [ 11.832543, 44.421924 ], [ 11.833128, 44.410745 ], [ 11.781127, 44.344392 ], [ 11.740871, 44.312777 ], [ 11.704232, 44.295565 ], [ 11.676163, 44.308327 ], [ 11.663548, 44.284595 ], [ 11.623714, 44.250313 ], [ 11.563247, 44.220366 ], [ 11.556094, 44.19456 ], [ 11.535685, 44.18022 ], [ 11.52496, 44.15764 ], [ 11.455488, 44.193185 ], [ 11.449434, 44.220176 ], [ 11.420312, 44.233975 ], [ 11.380311, 44.201911 ], [ 11.335956, 44.200956 ], [ 11.316808, 44.178028 ], [ 11.282526, 44.158136 ], [ 11.199052, 44.149858 ], [ 11.201879, 44.139988 ], [ 11.26132, 44.108184 ], [ 11.244114, 44.099314 ], [ 11.156914, 44.111449 ], [ 11.127677, 44.109662 ], [ 11.087721, 44.09015 ], [ 11.049449, 44.09023 ], [ 11.008228, 44.108222 ], [ 11.013308, 44.132555 ], [ 10.999695, 44.135329 ], [ 10.946233, 44.084367 ], [ 10.909975, 44.064056 ], [ 10.88764, 44.093581 ], [ 10.814787, 44.116174 ] ] ] } },
{ "type": "Feature", "properties": { "loc": "ITH56" }, "geometry": { "type": "Polygon", "coordinates": [ [ [ 11.246232, 44.951428 ], [ 11.270419, 44.943131 ], [ 11.289357, 44.95577 ], [ 11.326109, 44.960916 ], [ 11.354691, 44.952233 ], [ 11.380124, 44.957101 ], [ 11.426766, 44.950076 ], [ 11.426999, 44.936697 ], [ 11.43606, 44.930969 ], [ 11.535412, 44.935094 ], [ 11.581474, 44.912763 ], [ 11.595459, 44.89217 ], [ 11.612418, 44.889272 ], [ 11.734856, 44.928895 ], [ 11.747098, 44.956048 ], [ 11.81229, 44.976139 ], [ 11.926396, 44.975723 ], [ 11.969526, 44.985711 ], [ 12.096117, 44.968575 ], [ 12.140346, 44.929769 ], [ 12.17011, 44.938974 ], [ 12.190082, 44.927491 ], [ 12.223317, 44.925029 ], [ 12.277599, 44.94038 ], [ 12.29157, 44.927699 ], [ 12.283427, 44.905446 ], [ 12.290827, 44.867954 ], [ 12.337933, 44.848363 ], [ 12.35665, 44.815562 ], [ 12.399057, 44.792615 ], [ 12.37654, 44.784046 ], [ 12.340836, 44.791885 ], [ 12.340714, 44.801089 ], [ 12.356654, 44.807603 ], [ 12.31368, 44.842057 ], [ 12.289259, 44.841261 ], [ 12.27193, 44.827535 ], [ 12.28176, 44.813137 ], [ 12.250127, 44.762438 ], [ 12.240853, 44.703365 ], [ 12.253123, 44.656748 ], [ 12.269892, 44.630007 ], [ 12.232718, 44.616276 ], [ 12.151688, 44.549857 ], [ 12.117335, 44.547233 ], [ 12.079795, 44.558956 ], [ 12.05418, 44.551456 ], [ 12.033729, 44.559782 ], [ 12.028408, 44.573579 ], [ 11.997719, 44.598245 ], [ 11.876115, 44.577735 ], [ 11.850189, 44.556946 ], [ 11.789199, 44.554334 ], [ 11.763464, 44.57764 ], [ 11.785199, 44.592147 ], [ 11.799152, 44.624272 ], [ 11.794632, 44.633287 ], [ 11.740871, 44.647841 ], [ 11.67717, 44.636692 ], [ 11.589351, 44.709464 ], [ 11.459342, 44.756579 ], [ 11.376642, 44.773071 ], [ 11.291587, 44.7172 ], [ 11.266288, 44.714879 ], [ 11.256265, 44.76295 ], [ 11.315386, 44.827467 ], [ 11.347601, 44.832208 ], [ 11.365167, 44.844941 ], [ 11.343025, 44.872041 ], [ 11.240077, 44.902736 ], [ 11.238732, 44.911523 ], [ 11.257167, 44.930924 ], [ 11.246232, 44.951428 ] ] ] } },
{ "type": "Feature", "properties": { "loc": "ITH57" }, "geometry": { "type": "Polygon", "coordinates": [ [ [ 12.384282, 44.224726 ], [ 12.348042, 44.193317 ], [ 12.276992, 44.231947 ], [ 12.218161, 44.215359 ], [ 12.204134, 44.228638 ], [ 12.205247, 44.25346 ], [ 12.170096, 44.245691 ], [ 12.11373, 44.267899 ], [ 12.101673, 44.291446 ], [ 12.058934, 44.305 ], [ 12.035025, 44.3289 ], [ 11.977487, 44.258941 ], [ 11.95063, 44.238907 ], [ 11.928903, 44.237984 ], [ 11.925775, 44.216657 ], [ 11.890209, 44.174464 ], [ 11.82985, 44.196634 ], [ 11.804397, 44.19679 ], [ 11.780992, 44.183423 ], [ 11.761804, 44.195621 ], [ 11.725076, 44.164995 ], [ 11.715907, 44.12254 ], [ 11.684482, 44.120454 ], [ 11.646436, 44.104802 ], [ 11.5978, 44.119305 ], [ 11.612939, 44.146191 ], [ 11.606942, 44.15728 ], [ 11.565021, 44.164722 ], [ 11.52496, 44.15764 ], [ 11.535685, 44.18022 ], [ 11.556094, 44.19456 ], [ 11.563247, 44.220366 ], [ 11.623714, 44.250313 ], [ 11.663548, 44.284595 ], [ 11.676163, 44.308327 ], [ 11.704232, 44.295565 ], [ 11.740871, 44.312777 ], [ 11.781127, 44.344392 ], [ 11.833128, 44.410745 ], [ 11.832543, 44.421924 ], [ 11.788768, 44.436519 ], [ 11.78912, 44.48335 ], [ 11.763472, 44.497787 ], [ 11.779034, 44.512715 ], [ 11.789199, 44.554334 ], [ 11.850189, 44.556946 ], [ 11.876115, 44.577735 ], [ 11.997719, 44.598245 ], [ 12.028408, 44.573579 ], [ 12.033729, 44.559782 ], [ 12.05418, 44.551456 ], [ 12.079795, 44.558956 ], [ 12.117335, 44.547233 ], [ 12.151688, 44.549857 ], [ 12.232718, 44.616276 ], [ 12.269892, 44.630007 ], [ 12.283173, 44.595558 ], [ 12.279798, 44.519931 ], [ 12.290552, 44.458406 ], [ 12.315846, 44.404072 ], [ 12.362554, 44.259203 ], [ 12.384282, 44.224726 ] ] ] } },
{ "type": "Feature", "properties": { "loc": "ITH58" }, "geometry": { "type": "Polygon", "coordinates": [ [ [ 12.450349, 44.162189 ], [ 12.433079, 44.148418 ], [ 12.453834, 44.091199 ], [ 12.42351, 44.086383 ], [ 12.395442, 44.065709 ], [ 12.36401, 44.061368 ], [ 12.362796, 44.050406 ], [ 12.391345, 44.02668 ], [ 12.368545, 43.992018 ], [ 12.325051, 43.962737 ], [ 12.306248, 43.936598 ], [ 12.268469, 43.926686 ], [ 12.249412, 43.912697 ], [ 12.16148, 43.919577 ], [ 12.164127, 43.890602 ], [ 12.140303, 43.852775 ], [ 12.146377, 43.834085 ], [ 12.104713, 43.789562 ], [ 12.098943, 43.766841 ], [ 12.107464, 43.753753 ], [ 12.074277, 43.741832 ], [ 12.021626, 43.762454 ], [ 11.981521, 43.764333 ], [ 11.944026, 43.789643 ], [ 11.918782, 43.795705 ], [ 11.908102, 43.810283 ], [ 11.833618, 43.81134 ], [ 11.785501, 43.845314 ], [ 11.710189, 43.87743 ], [ 11.714715, 43.920342 ], [ 11.688196, 43.933919 ], [ 11.688248, 43.955642 ], [ 11.654854, 43.977367 ], [ 11.648337, 43.990156 ], [ 11.661455, 44.016798 ], [ 11.686839, 44.027055 ], [ 11.702427, 44.057899 ], [ 11.747511, 44.110303 ], [ 11.742902, 44.122272 ], [ 11.715907, 44.12254 ], [ 11.725076, 44.164995 ], [ 11.761804, 44.195621 ], [ 11.780992, 44.183423 ], [ 11.804397, 44.19679 ], [ 11.82985, 44.196634 ], [ 11.890209, 44.174464 ], [ 11.925775, 44.216657 ], [ 11.928903, 44.237984 ], [ 11.95063, 44.238907 ], [ 11.977487, 44.258941 ], [ 12.035025, 44.3289 ], [ 12.058934, 44.305 ], [ 12.101673, 44.291446 ], [ 12.11373, 44.267899 ], [ 12.170096, 44.245691 ], [ 12.205247, 44.25346 ], [ 12.204134, 44.228638 ], [ 12.218161, 44.215359 ], [ 12.276992, 44.231947 ], [ 12.348042, 44.193317 ], [ 12.384282, 44.224726 ], [ 12.450349, 44.162189 ] ] ] } },
{ "type": "Feature", "properties": { "loc": "ITH59" }, "geometry": { "type": "Polygon", "coordinates": [ [ [ 12.107464, 43.753753 ], [ 12.098943, 43.766841 ], [ 12.104713, 43.789562 ], [ 12.146377, 43.834085 ], [ 12.140303, 43.852775 ], [ 12.164127, 43.890602 ], [ 12.16148, 43.919577 ], [ 12.249412, 43.912697 ], [ 12.268469, 43.926686 ], [ 12.306248, 43.936598 ], [ 12.325051, 43.962737 ], [ 12.368545, 43.992018 ], [ 12.391345, 44.02668 ], [ 12.362796, 44.050406 ], [ 12.36401, 44.061368 ], [ 12.395442, 44.065709 ], [ 12.42351, 44.086383 ], [ 12.453834, 44.091199 ], [ 12.433079, 44.148418 ], [ 12.450349, 44.162189 ], [ 12.536478, 44.090031 ], [ 12.57674, 44.07684 ], [ 12.665906, 44.001744 ], [ 12.72084, 43.972488 ], [ 12.750685, 43.969669 ], [ 12.75107, 43.955172 ], [ 12.728102, 43.919875 ], [ 12.729657, 43.867958 ], [ 12.683496, 43.850321 ], [ 12.672688, 43.825441 ], [ 12.621425, 43.82445 ], [ 12.587943, 43.883223 ], [ 12.542199, 43.867023 ], [ 12.533892, 43.877897 ], [ 12.536856, 43.894093 ], [ 12.493956, 43.915546 ], [ 12.513059, 43.941073 ], [ 12.509672, 43.989085 ], [ 12.406438, 43.952474 ], [ 12.427595, 43.8747 ], [ 12.401234, 43.875634 ], [ 12.390346, 43.886318 ], [ 12.350871, 43.868079 ], [ 12.334019, 43.825825 ], [ 12.287608, 43.792272 ], [ 12.283798, 43.764899 ], [ 12.245979, 43.753782 ], [ 12.216293, 43.757107 ], [ 12.192638, 43.735184 ], [ 12.161536, 43.759447 ], [ 12.107464, 43.753753 ] ], [ [ 12.172059, 43.792605 ], [ 12.199415, 43.770619 ], [ 12.214526, 43.783565 ], [ 12.239209, 43.78753 ], [ 12.234322, 43.804726 ], [ 12.187908, 43.804443 ], [ 12.176512, 43.811044 ], [ 12.172059, 43.792605 ] ] ] } },
{ "type": "Feature", "properties": { "loc": "ITI11" }, "geometry": { "type": "Polygon", "coordinates": [ [ [ 10.01877, 44.044536 ], [ 10.060527, 44.082253 ], [ 10.060629, 44.101776 ], [ 10.023388, 44.116047 ], [ 9.996191, 44.10373 ], [ 9.97086, 44.162574 ], [ 9.902217, 44.166735 ], [ 9.918369, 44.193013 ], [ 9.907026, 44.205359 ], [ 9.86393, 44.188602 ], [ 9.870077, 44.222372 ], [ 9.851427, 44.265591 ], [ 9.766093, 44.305937 ], [ 9.730904, 44.330606 ], [ 9.708565, 44.36022 ], [ 9.686726, 44.365922 ], [ 9.713986, 44.380577 ], [ 9.741805, 44.383655 ], [ 9.823963, 44.465676 ], [ 9.929334, 44.471231 ], [ 9.964277, 44.465033 ], [ 9.979548, 44.448194 ], [ 9.999455, 44.441735 ], [ 10.004109, 44.430132 ], [ 9.992038, 44.404696 ], [ 10.002146, 44.3947 ], [ 10.094784, 44.349141 ], [ 10.142055, 44.353853 ], [ 10.189436, 44.315075 ], [ 10.219182, 44.303883 ], [ 10.253875, 44.268567 ], [ 10.229721, 44.229406 ], [ 10.187727, 44.201982 ], [ 10.196757, 44.172984 ], [ 10.186449, 44.130509 ], [ 10.231953, 44.106347 ], [ 10.239348, 44.075737 ], [ 10.169249, 43.985676 ], [ 10.143476, 43.97542 ], [ 10.090402, 44.012894 ], [ 10.01877, 44.044536 ] ] ] } },
{ "type": "Feature", "properties": { "loc": "ITI12" }, "geometry": { "type": "Polygon", "coordinates": [ [ [ 10.470149, 44.226041 ], [ 10.488288, 44.217211 ], [ 10.489906, 44.199709 ], [ 10.517916, 44.179124 ], [ 10.527832, 44.156515 ], [ 10.590055, 44.118829 ], [ 10.624078, 44.120351 ], [ 10.643998, 44.10883 ], [ 10.678552, 44.104853 ], [ 10.722114, 44.078862 ], [ 10.721157, 44.048542 ], [ 10.735847, 44.02679 ], [ 10.704548, 44.012845 ], [ 10.672818, 43.980258 ], [ 10.671565, 43.949936 ], [ 10.650717, 43.909264 ], [ 10.657568, 43.868948 ], [ 10.681829, 43.870219 ], [ 10.727782, 43.814152 ], [ 10.711116, 43.786334 ], [ 10.689979, 43.801674 ], [ 10.661434, 43.804098 ], [ 10.619563, 43.757836 ], [ 10.502501, 43.755123 ], [ 10.44858, 43.771433 ], [ 10.441711, 43.784349 ], [ 10.44936, 43.802889 ], [ 10.425399, 43.830347 ], [ 10.378746, 43.813966 ], [ 10.305208, 43.827956 ], [ 10.258118, 43.815147 ], [ 10.225443, 43.89038 ], [ 10.143476, 43.97542 ], [ 10.169249, 43.985676 ], [ 10.239348, 44.075737 ], [ 10.231953, 44.106347 ], [ 10.186449, 44.130509 ], [ 10.196757, 44.172984 ], [ 10.187727, 44.201982 ], [ 10.229721, 44.229406 ], [ 10.253875, 44.268567 ], [ 10.299727, 44.285449 ], [ 10.342363, 44.270115 ], [ 10.373272, 44.269428 ], [ 10.435739, 44.226218 ], [ 10.470149, 44.226041 ] ] ] } },
{ "type": "Feature", "properties": { "loc": "ITF34" }, "geometry": { "type": "Polygon", "coordinates": [ [ [ 15.375915, 40.839817 ], [ 15.296277, 40.836126 ], [ 15.279216, 40.800803 ], [ 15.248372, 40.781804 ], [ 15.239947, 40.766729 ], [ 15.236915, 40.71954 ], [ 15.173685, 40.707581 ], [ 15.153853, 40.720349 ], [ 15.138962, 40.754136 ], [ 15.127894, 40.761382 ], [ 15.031747, 40.779923 ], [ 15.005321, 40.775412 ], [ 14.984907, 40.78626 ], [ 14.941294, 40.790573 ], [ 14.912953, 40.807432 ], [ 14.830012, 40.795764 ], [ 14.748616, 40.803765 ], [ 14.733698, 40.818153 ], [ 14.732488, 40.839563 ], [ 14.687886, 40.839466 ], [ 14.670456, 40.823267 ], [ 14.605582, 40.847567 ], [ 14.562976, 40.888465 ], [ 14.578993, 40.909669 ], [ 14.617021, 40.916352 ], [ 14.611908, 40.927441 ], [ 14.586328, 40.937391 ], [ 14.572122, 41.021447 ], [ 14.599004, 41.05635 ], [ 14.640191, 41.043968 ], [ 14.668698, 41.055668 ], [ 14.710552, 41.058279 ], [ 14.726822, 41.043547 ], [ 14.734872, 41.01993 ], [ 14.758225, 41.010449 ], [ 14.771268, 41.015016 ], [ 14.778041, 41.052267 ], [ 14.801881, 41.058291 ], [ 14.810028, 41.04147 ], [ 14.831061, 41.036614 ], [ 14.926734, 41.082105 ], [ 14.972381, 41.093837 ], [ 15.007603, 41.118346 ], [ 14.993356, 41.147656 ], [ 14.960056, 41.15146 ], [ 14.965552, 41.176967 ], [ 15.00269, 41.207498 ], [ 14.988031, 41.234971 ], [ 14.985926, 41.267768 ], [ 15.048296, 41.26009 ], [ 15.066698, 41.267823 ], [ 15.082625, 41.255259 ], [ 15.119617, 41.257717 ], [ 15.149197, 41.280412 ], [ 15.196997, 41.285081 ], [ 15.221781, 41.267817 ], [ 15.25106, 41.268496 ], [ 15.275145, 41.247908 ], [ 15.274771, 41.240697 ], [ 15.247608, 41.232631 ], [ 15.25899, 41.198534 ], [ 15.222772, 41.180255 ], [ 15.210147, 41.160253 ], [ 15.214233, 41.148081 ], [ 15.239136, 41.136521 ], [ 15.270013, 41.103888 ], [ 15.294463, 41.0946 ], [ 15.318089, 41.101725 ], [ 15.367775, 41.086915 ], [ 15.399117, 41.103806 ], [ 15.447469, 41.079343 ], [ 15.542921, 41.055823 ], [ 15.559964, 41.030442 ], [ 15.570415, 40.991692 ], [ 15.528581, 40.911846 ], [ 15.474454, 40.891194 ], [ 15.469566, 40.874325 ], [ 15.4597, 40.870157 ], [ 15.359447, 40.882695 ], [ 15.358072, 40.872584 ], [ 15.375115, 40.865018 ], [ 15.375915, 40.839817 ] ], [ [ 14.680033, 40.981961 ], [ 14.693661, 40.975522 ], [ 14.715364, 41.006941 ], [ 14.695723, 41.033374 ], [ 14.68012, 41.019105 ], [ 14.686099, 41.009307 ], [ 14.680033, 40.981961 ] ], [ [ 14.644877, 40.9088 ], [ 14.650428, 40.903269 ], [ 14.672289, 40.904074 ], [ 14.666067, 40.916488 ], [ 14.644877, 40.9088 ] ] ] } },
{ "type": "Feature", "properties": { "loc": "ITF35" }, "geometry": { "type": "Polygon", "coordinates": [ [ [ 14.605582, 40.847567 ], [ 14.670456, 40.823267 ], [ 14.687886, 40.839466 ], [ 14.732488, 40.839563 ], [ 14.733698, 40.818153 ], [ 14.748616, 40.803765 ], [ 14.830012, 40.795764 ], [ 14.912953, 40.807432 ], [ 14.941294, 40.790573 ], [ 14.984907, 40.78626 ], [ 15.005321, 40.775412 ], [ 15.031747, 40.779923 ], [ 15.127894, 40.761382 ], [ 15.138962, 40.754136 ], [ 15.153853, 40.720349 ], [ 15.173685, 40.707581 ], [ 15.236915, 40.71954 ], [ 15.239947, 40.766729 ], [ 15.248372, 40.781804 ], [ 15.279216, 40.800803 ], [ 15.296277, 40.836126 ], [ 15.335025, 40.834844 ], [ 15.375517, 40.810299 ], [ 15.370028, 40.800853 ], [ 15.384577, 40.792727 ], [ 15.385399, 40.723606 ], [ 15.429851, 40.693641 ], [ 15.499561, 40.662377 ], [ 15.468922, 40.636931 ], [ 15.452806, 40.610186 ], [ 15.535214, 40.569654 ], [ 15.530955, 40.555366 ], [ 15.547065, 40.510115 ], [ 15.540457, 40.489058 ], [ 15.573744, 40.469944 ], [ 15.592203, 40.44163 ], [ 15.643123, 40.416595 ], [ 15.661483, 40.396174 ], [ 15.702918, 40.381793 ], [ 15.704327, 40.352122 ], [ 15.740334, 40.30456 ], [ 15.79564, 40.284408 ], [ 15.803394, 40.27353 ], [ 15.790906, 40.220675 ], [ 15.733982, 40.197972 ], [ 15.715963, 40.17873 ], [ 15.703394, 40.157201 ], [ 15.702856, 40.115342 ], [ 15.663193, 40.078327 ], [ 15.673722, 40.05651 ], [ 15.644946, 40.04279 ], [ 15.625271, 40.071034 ], [ 15.533265, 40.073352 ], [ 15.504941, 40.062884 ], [ 15.415046, 39.993189 ], [ 15.352441, 40.001554 ], [ 15.316161, 40.028625 ], [ 15.273074, 40.025535 ], [ 15.283827, 40.044099 ], [ 15.267425, 40.076951 ], [ 15.208914, 40.119601 ], [ 15.178845, 40.12771 ], [ 15.130839, 40.170326 ], [ 15.038763, 40.172145 ], [ 14.992798, 40.21663 ], [ 14.933086, 40.231072 ], [ 14.910623, 40.244491 ], [ 14.910403, 40.254728 ], [ 14.943287, 40.279849 ], [ 14.944971, 40.331795 ], [ 14.984787, 40.352122 ], [ 14.998828, 40.368976 ], [ 14.994811, 40.400126 ], [ 14.905871, 40.547492 ], [ 14.840974, 40.624013 ], [ 14.787139, 40.665607 ], [ 14.750237, 40.676211 ], [ 14.718281, 40.664208 ], [ 14.688447, 40.634944 ], [ 14.628598, 40.647449 ], [ 14.57105, 40.616784 ], [ 14.531663, 40.610189 ], [ 14.493507, 40.626137 ], [ 14.46862, 40.620201 ], [ 14.466205, 40.630776 ], [ 14.48838, 40.646175 ], [ 14.506527, 40.644373 ], [ 14.520829, 40.623191 ], [ 14.576912, 40.630643 ], [ 14.558625, 40.666449 ], [ 14.586611, 40.695157 ], [ 14.560546, 40.728101 ], [ 14.510866, 40.739419 ], [ 14.509944, 40.769685 ], [ 14.573671, 40.78944 ], [ 14.588233, 40.814678 ], [ 14.568595, 40.840142 ], [ 14.605582, 40.847567 ] ] ] } },
{ "type": "Feature", "properties": { "loc": "ITF43" }, "geometry": { "type": "MultiPolygon", "coordinates": [ [ [ [ 17.763505, 40.295507 ], [ 17.666736, 40.304211 ], [ 17.514557, 40.295851 ], [ 17.443988, 40.328005 ], [ 17.399875, 40.332645 ], [ 17.20807, 40.411907 ], [ 17.247482, 40.442665 ], [ 17.245984, 40.458871 ], [ 17.22666, 40.476533 ], [ 17.188802, 40.479834 ], [ 17.169014, 40.497455 ], [ 17.122174, 40.517677 ], [ 17.079259, 40.518581 ], [ 17.016498, 40.503168 ], [ 16.934217, 40.459405 ], [ 16.867264, 40.397845 ], [ 16.827518, 40.418437 ], [ 16.795148, 40.459189 ], [ 16.742656, 40.466723 ], [ 16.723525, 40.479906 ], [ 16.734085, 40.506048 ], [ 16.707365, 40.556589 ], [ 16.715059, 40.592426 ], [ 16.724926, 40.601919 ], [ 16.710991, 40.630488 ], [ 16.724736, 40.683226 ], [ 16.700505, 40.703504 ], [ 16.783693, 40.730748 ], [ 16.806413, 40.695585 ], [ 16.856625, 40.721394 ], [ 16.913622, 40.709595 ], [ 16.927264, 40.713678 ], [ 16.932056, 40.737993 ], [ 17.016498, 40.758274 ], [ 17.020537, 40.751921 ], [ 17.001889, 40.731407 ], [ 17.016498, 40.719208 ], [ 17.143377, 40.710572 ], [ 17.164473, 40.745139 ], [ 17.245096, 40.765821 ], [ 17.250889, 40.799417 ], [ 17.303213, 40.798563 ], [ 17.306259, 40.790545 ], [ 17.284432, 40.771343 ], [ 17.310057, 40.742694 ], [ 17.339141, 40.739239 ], [ 17.353693, 40.748575 ], [ 17.354621, 40.732139 ], [ 17.385829, 40.718635 ], [ 17.4168, 40.680535 ], [ 17.430497, 40.631583 ], [ 17.47204, 40.608636 ], [ 17.450939, 40.550455 ], [ 17.488986, 40.483355 ], [ 17.513282, 40.475342 ], [ 17.535876, 40.446553 ], [ 17.559608, 40.440292 ], [ 17.581983, 40.443858 ], [ 17.588669, 40.459503 ], [ 17.629246, 40.460255 ], [ 17.679926, 40.439213 ], [ 17.693449, 40.415017 ], [ 17.728949, 40.393916 ], [ 17.768458, 40.395686 ], [ 17.798414, 40.379636 ], [ 17.798717, 40.352122 ], [ 17.780141, 40.327041 ], [ 17.78502, 40.311629 ], [ 17.768032, 40.311592 ], [ 17.763505, 40.295507 ] ] ], [ [ [ 17.164038, 40.445343 ], [ 17.156378, 40.442776 ], [ 17.142684, 40.449503 ], [ 17.161765, 40.458732 ], [ 17.164038, 40.445343 ] ] ] ] } },
{ "type": "Feature", "properties": { "loc": "ITF44" }, "geometry": { "type": "Polygon", "coordinates": [ [ [ 17.353693, 40.748575 ], [ 17.389804, 40.751505 ], [ 17.395282, 40.7832 ], [ 17.360404, 40.789013 ], [ 17.300287, 40.819628 ], [ 17.344664, 40.866967 ], [ 17.388981, 40.891863 ], [ 17.477472, 40.830855 ], [ 17.513522, 40.81502 ], [ 17.707805, 40.757035 ], [ 17.842934, 40.691208 ], [ 17.937729, 40.680702 ], [ 17.958279, 40.660948 ], [ 17.958979, 40.646425 ], [ 18.013686, 40.642702 ], [ 18.042407, 40.596888 ], [ 18.040929, 40.562109 ], [ 18.097453, 40.515378 ], [ 18.064466, 40.472428 ], [ 18.037871, 40.481838 ], [ 18.016178, 40.465967 ], [ 17.956479, 40.455066 ], [ 17.928388, 40.429019 ], [ 17.831263, 40.404199 ], [ 17.798414, 40.379636 ], [ 17.768458, 40.395686 ], [ 17.728949, 40.393916 ], [ 17.693449, 40.415017 ], [ 17.679926, 40.439213 ], [ 17.629246, 40.460255 ], [ 17.588669, 40.459503 ], [ 17.581983, 40.443858 ], [ 17.559608, 40.440292 ], [ 17.535876, 40.446553 ], [ 17.513282, 40.475342 ], [ 17.488986, 40.483355 ], [ 17.450939, 40.550455 ], [ 17.47204, 40.608636 ], [ 17.430497, 40.631583 ], [ 17.4168, 40.680535 ], [ 17.385829, 40.718635 ], [ 17.354621, 40.732139 ], [ 17.353693, 40.748575 ] ] ] } },
{ "type": "Feature", "properties": { "loc": "ITF45" }, "geometry": { "type": "Polygon", "coordinates": [ [ [ 18.097453, 40.515378 ], [ 18.130875, 40.492147 ], [ 18.237679, 40.445603 ], [ 18.3157, 40.374012 ], [ 18.42766, 40.287262 ], [ 18.460615, 40.230782 ], [ 18.464702, 40.194235 ], [ 18.491041, 40.149914 ], [ 18.512517, 40.137369 ], [ 18.516577, 40.107931 ], [ 18.484904, 40.077708 ], [ 18.472363, 40.04348 ], [ 18.438717, 40.024764 ], [ 18.414835, 39.988571 ], [ 18.39302, 39.909835 ], [ 18.39807, 39.883171 ], [ 18.387724, 39.815813 ], [ 18.370496, 39.796901 ], [ 18.34634, 39.793159 ], [ 18.268904, 39.833819 ], [ 18.212002, 39.837098 ], [ 18.17389, 39.851401 ], [ 18.047719, 39.930454 ], [ 17.999737, 39.992241 ], [ 18.015381, 40.006812 ], [ 18.018054, 40.023542 ], [ 17.986862, 40.057872 ], [ 18.005973, 40.078469 ], [ 18.00774, 40.105525 ], [ 17.987671, 40.136965 ], [ 17.926882, 40.183176 ], [ 17.91906, 40.200643 ], [ 17.921595, 40.223205 ], [ 17.902904, 40.253256 ], [ 17.858469, 40.282086 ], [ 17.763505, 40.295507 ], [ 17.768032, 40.311592 ], [ 17.78502, 40.311629 ], [ 17.780141, 40.327041 ], [ 17.798717, 40.352122 ], [ 17.798414, 40.379636 ], [ 17.831263, 40.404199 ], [ 17.928388, 40.429019 ], [ 17.956479, 40.455066 ], [ 18.016178, 40.465967 ], [ 18.037871, 40.481838 ], [ 18.064466, 40.472428 ], [ 18.097453, 40.515378 ] ] ] } },
{ "type": "Feature", "properties": { "loc": "ITF46" }, "geometry": { "type": "MultiPolygon", "coordinates": [ [ [ [ 15.007656, 41.486357 ], [ 14.940848, 41.530235 ], [ 14.947778, 41.593204 ], [ 14.940269, 41.621147 ], [ 14.965601, 41.641702 ], [ 15.02266, 41.626288 ], [ 15.054257, 41.656425 ], [ 15.140847, 41.704237 ], [ 15.113933, 41.731803 ], [ 15.101978, 41.765341 ], [ 15.114367, 41.806314 ], [ 15.10429, 41.840285 ], [ 15.137496, 41.880766 ], [ 15.138179, 41.927007 ], [ 15.332113, 41.917103 ], [ 15.365988, 41.90351 ], [ 15.405289, 41.900879 ], [ 15.622443, 41.927683 ], [ 15.687089, 41.915026 ], [ 15.735514, 41.915952 ], [ 16.012895, 41.948918 ], [ 16.064152, 41.946192 ], [ 16.146722, 41.910606 ], [ 16.177938, 41.885865 ], [ 16.178301, 41.856713 ], [ 16.197592, 41.821926 ], [ 16.185342, 41.773713 ], [ 16.039517, 41.681769 ], [ 15.937198, 41.63808 ], [ 15.905554, 41.617913 ], [ 15.898191, 41.604336 ], [ 15.89993, 41.547652 ], [ 15.925778, 41.494633 ], [ 15.962429, 41.458082 ], [ 16.024739, 41.42559 ], [ 15.958573, 41.440164 ], [ 15.940481, 41.427321 ], [ 16.033102, 41.38253 ], [ 15.982852, 41.353576 ], [ 15.985748, 41.306615 ], [ 16.010414, 41.268527 ], [ 16.032219, 41.26198 ], [ 16.017345, 41.218673 ], [ 15.987137, 41.195655 ], [ 15.928966, 41.180999 ], [ 15.870311, 41.1399 ], [ 15.805439, 41.112298 ], [ 15.79616, 41.092593 ], [ 15.773142, 41.086201 ], [ 15.741959, 41.097908 ], [ 15.677258, 41.087596 ], [ 15.584276, 41.096406 ], [ 15.54361, 41.071503 ], [ 15.542921, 41.055823 ], [ 15.447469, 41.079343 ], [ 15.399117, 41.103806 ], [ 15.367775, 41.086915 ], [ 15.318089, 41.101725 ], [ 15.294463, 41.0946 ], [ 15.270013, 41.103888 ], [ 15.239136, 41.136521 ], [ 15.214233, 41.148081 ], [ 15.210147, 41.160253 ], [ 15.222772, 41.180255 ], [ 15.25899, 41.198534 ], [ 15.247608, 41.232631 ], [ 15.274771, 41.240697 ], [ 15.275145, 41.247908 ], [ 15.25106, 41.268496 ], [ 15.221781, 41.267817 ], [ 15.196997, 41.285081 ], [ 15.149197, 41.280412 ], [ 15.127602, 41.316228 ], [ 15.073171, 41.334791 ], [ 15.062976, 41.373415 ], [ 15.094843, 41.39167 ], [ 15.088743, 41.407758 ], [ 15.098627, 41.43007 ], [ 15.050475, 41.443909 ], [ 15.007656, 41.486357 ] ] ], [ [ [ 15.524948, 42.137413 ], [ 15.507025, 42.131864 ], [ 15.504874, 42.140709 ], [ 15.515875, 42.14511 ], [ 15.524948, 42.137413 ] ] ], [ [ [ 15.496363, 42.115768 ], [ 15.482566, 42.103529 ], [ 15.474727, 42.112434 ], [ 15.49119, 42.125993 ], [ 15.496363, 42.115768 ] ] ] ] } },
{ "type": "Feature", "properties": { "loc": "ITF47" }, "geometry": { "type": "Polygon", "coordinates": [ [ [ 16.244099, 40.838008 ], [ 16.213496, 40.908307 ], [ 16.202532, 40.917511 ], [ 16.251969, 40.966841 ], [ 16.268039, 41.037644 ], [ 16.346149, 41.132504 ], [ 16.341024, 41.163184 ], [ 16.358448, 41.1649 ], [ 16.39394, 41.192615 ], [ 16.432941, 41.186671 ], [ 16.458114, 41.171448 ], [ 16.470752, 41.152547 ], [ 16.502065, 41.15312 ], [ 16.542303, 41.229441 ], [ 16.623933, 41.196598 ], [ 16.680448, 41.187335 ], [ 16.813944, 41.140791 ], [ 16.869552, 41.132504 ], [ 16.886044, 41.121 ], [ 17.060332, 41.075333 ], [ 17.179053, 41.025637 ], [ 17.207331, 41.00237 ], [ 17.282158, 40.968991 ], [ 17.351816, 40.906568 ], [ 17.388981, 40.891863 ], [ 17.344664, 40.866967 ], [ 17.300287, 40.819628 ], [ 17.360404, 40.789013 ], [ 17.395282, 40.7832 ], [ 17.389804, 40.751505 ], [ 17.353693, 40.748575 ], [ 17.339141, 40.739239 ], [ 17.310057, 40.742694 ], [ 17.284432, 40.771343 ], [ 17.306259, 40.790545 ], [ 17.303213, 40.798563 ], [ 17.250889, 40.799417 ], [ 17.245096, 40.765821 ], [ 17.164473, 40.745139 ], [ 17.143377, 40.710572 ], [ 17.016498, 40.719208 ], [ 17.001889, 40.731407 ], [ 17.020537, 40.751921 ], [ 17.016498, 40.758274 ], [ 16.932056, 40.737993 ], [ 16.927264, 40.713678 ], [ 16.913622, 40.709595 ], [ 16.856625, 40.721394 ], [ 16.806413, 40.695585 ], [ 16.783693, 40.730748 ], [ 16.72499, 40.713814 ], [ 16.666096, 40.74513 ], [ 16.653255, 40.74101 ], [ 16.633965, 40.753259 ], [ 16.585428, 40.759534 ], [ 16.572466, 40.755565 ], [ 16.568994, 40.742896 ], [ 16.542243, 40.751911 ], [ 16.529725, 40.732306 ], [ 16.501109, 40.759218 ], [ 16.443436, 40.711033 ], [ 16.412036, 40.70312 ], [ 16.382038, 40.733472 ], [ 16.279159, 40.802607 ], [ 16.244099, 40.838008 ] ] ] } },
{ "type": "Feature", "properties": { "loc": "ITF48" }, "geometry": { "type": "Polygon", "coordinates": [ [ [ 16.202532, 40.917511 ], [ 16.157546, 40.926109 ], [ 16.120172, 40.90043 ], [ 16.091543, 40.919847 ], [ 15.981441, 40.956393 ], [ 15.974793, 40.969897 ], [ 16.007124, 40.973651 ], [ 16.02787, 40.995 ], [ 16.037356, 41.03805 ], [ 16.022022, 41.052213 ], [ 15.997265, 41.058885 ], [ 15.97694, 41.090002 ], [ 15.958019, 41.094189 ], [ 15.952563, 41.108342 ], [ 15.918794, 41.114085 ], [ 15.870311, 41.1399 ], [ 15.928966, 41.180999 ], [ 15.987137, 41.195655 ], [ 16.017345, 41.218673 ], [ 16.032219, 41.26198 ], [ 16.010414, 41.268527 ], [ 15.985748, 41.306615 ], [ 15.982852, 41.353576 ], [ 16.033102, 41.38253 ], [ 15.940481, 41.427321 ], [ 15.958573, 41.440164 ], [ 16.024739, 41.42559 ], [ 16.211104, 41.356558 ], [ 16.259792, 41.329976 ], [ 16.353624, 41.306061 ], [ 16.542303, 41.229441 ], [ 16.502065, 41.15312 ], [ 16.470752, 41.152547 ], [ 16.458114, 41.171448 ], [ 16.432941, 41.186671 ], [ 16.39394, 41.192615 ], [ 16.358448, 41.1649 ], [ 16.341024, 41.163184 ], [ 16.346149, 41.132504 ], [ 16.268039, 41.037644 ], [ 16.251969, 40.966841 ], [ 16.202532, 40.917511 ] ] ] } },
{ "type": "Feature", "properties": { "loc": "ITF51" }, "geometry": { "type": "Polygon", "coordinates": [ [ [ 16.202532, 40.917511 ], [ 16.213496, 40.908307 ], [ 16.244099, 40.838008 ], [ 16.124704, 40.795393 ], [ 16.120319, 40.767389 ], [ 16.148765, 40.727636 ], [ 16.146799, 40.702074 ], [ 16.06067, 40.657868 ], [ 16.050966, 40.637248 ], [ 16.082253, 40.602728 ], [ 16.11772, 40.582099 ], [ 16.101475, 40.557647 ], [ 16.079265, 40.543351 ], [ 16.112992, 40.503051 ], [ 16.101582, 40.477431 ], [ 16.138193, 40.450306 ], [ 16.108995, 40.421932 ], [ 16.11053, 40.40617 ], [ 16.150803, 40.376061 ], [ 16.185769, 40.321482 ], [ 16.166852, 40.309494 ], [ 16.199909, 40.266278 ], [ 16.304944, 40.272743 ], [ 16.33613, 40.303929 ], [ 16.37355, 40.307944 ], [ 16.368534, 40.252696 ], [ 16.350397, 40.206221 ], [ 16.358974, 40.189319 ], [ 16.396339, 40.15932 ], [ 16.353808, 40.125384 ], [ 16.371323, 40.108283 ], [ 16.366832, 40.076628 ], [ 16.380908, 40.076717 ], [ 16.398881, 40.0554 ], [ 16.394916, 40.012947 ], [ 16.341629, 39.938791 ], [ 16.357701, 39.917202 ], [ 16.350614, 39.901864 ], [ 16.308784, 39.931947 ], [ 16.268966, 39.934225 ], [ 16.218672, 39.924925 ], [ 16.211365, 39.898074 ], [ 16.161467, 39.917332 ], [ 16.138576, 39.904744 ], [ 16.050766, 39.89736 ], [ 16.021064, 39.924963 ], [ 16.010395, 39.95099 ], [ 16.029831, 39.983327 ], [ 16.023115, 39.993989 ], [ 15.981985, 39.984798 ], [ 15.930244, 39.999461 ], [ 15.900114, 39.984258 ], [ 15.845144, 40.004855 ], [ 15.819667, 39.999723 ], [ 15.776526, 39.961076 ], [ 15.755959, 39.923496 ], [ 15.71215, 39.984893 ], [ 15.681303, 40.007671 ], [ 15.672298, 40.032175 ], [ 15.644946, 40.04279 ], [ 15.673722, 40.05651 ], [ 15.663193, 40.078327 ], [ 15.702856, 40.115342 ], [ 15.703394, 40.157201 ], [ 15.715963, 40.17873 ], [ 15.733982, 40.197972 ], [ 15.790906, 40.220675 ], [ 15.803394, 40.27353 ], [ 15.79564, 40.284408 ], [ 15.740334, 40.30456 ], [ 15.704327, 40.352122 ], [ 15.702918, 40.381793 ], [ 15.661483, 40.396174 ], [ 15.643123, 40.416595 ], [ 15.592203, 40.44163 ], [ 15.573744, 40.469944 ], [ 15.540457, 40.489058 ], [ 15.547065, 40.510115 ], [ 15.530955, 40.555366 ], [ 15.535214, 40.569654 ], [ 15.452806, 40.610186 ], [ 15.468922, 40.636931 ], [ 15.499561, 40.662377 ], [ 15.429851, 40.693641 ], [ 15.385399, 40.723606 ], [ 15.384577, 40.792727 ], [ 15.370028, 40.800853 ], [ 15.375517, 40.810299 ], [ 15.335025, 40.834844 ], [ 15.375915, 40.839817 ], [ 15.375115, 40.865018 ], [ 15.358072, 40.872584 ], [ 15.359447, 40.882695 ], [ 15.4597, 40.870157 ], [ 15.469566, 40.874325 ], [ 15.474454, 40.891194 ], [ 15.528581, 40.911846 ], [ 15.570415, 40.991692 ], [ 15.559964, 41.030442 ], [ 15.542921, 41.055823 ], [ 15.54361, 41.071503 ], [ 15.584276, 41.096406 ], [ 15.677258, 41.087596 ], [ 15.741959, 41.097908 ], [ 15.773142, 41.086201 ], [ 15.79616, 41.092593 ], [ 15.805439, 41.112298 ], [ 15.870311, 41.1399 ], [ 15.918794, 41.114085 ], [ 15.952563, 41.108342 ], [ 15.958019, 41.094189 ], [ 15.97694, 41.090002 ], [ 15.997265, 41.058885 ], [ 16.022022, 41.052213 ], [ 16.037356, 41.03805 ], [ 16.02787, 40.995 ], [ 16.007124, 40.973651 ], [ 15.974793, 40.969897 ], [ 15.981441, 40.956393 ], [ 16.091543, 40.919847 ], [ 16.120172, 40.90043 ], [ 16.157546, 40.926109 ], [ 16.202532, 40.917511 ] ], [ [ 15.941497, 40.637906 ], [ 15.955539, 40.610626 ], [ 15.984074, 40.605748 ], [ 15.981296, 40.648796 ], [ 15.954309, 40.648143 ], [ 15.941497, 40.637906 ] ] ] } },
{ "type": "Feature", "properties": { "loc": "ITF52" }, "geometry": { "type": "MultiPolygon", "coordinates": [ [ [ [ 16.644317, 40.119096 ], [ 16.620709, 40.130252 ], [ 16.587383, 40.132068 ], [ 16.530224, 40.120381 ], [ 16.510111, 40.128816 ], [ 16.424004, 40.135555 ], [ 16.412322, 40.122353 ], [ 16.412694, 40.08357 ], [ 16.398881, 40.0554 ], [ 16.380908, 40.076717 ], [ 16.366832, 40.076628 ], [ 16.371323, 40.108283 ], [ 16.353808, 40.125384 ], [ 16.396339, 40.15932 ], [ 16.358974, 40.189319 ], [ 16.350397, 40.206221 ], [ 16.368534, 40.252696 ], [ 16.37355, 40.307944 ], [ 16.33613, 40.303929 ], [ 16.304944, 40.272743 ], [ 16.199909, 40.266278 ], [ 16.166852, 40.309494 ], [ 16.185769, 40.321482 ], [ 16.150803, 40.376061 ], [ 16.11053, 40.40617 ], [ 16.108995, 40.421932 ], [ 16.138193, 40.450306 ], [ 16.101582, 40.477431 ], [ 16.112992, 40.503051 ], [ 16.079265, 40.543351 ], [ 16.101475, 40.557647 ], [ 16.11772, 40.582099 ], [ 16.082253, 40.602728 ], [ 16.050966, 40.637248 ], [ 16.06067, 40.657868 ], [ 16.146799, 40.702074 ], [ 16.148765, 40.727636 ], [ 16.120319, 40.767389 ], [ 16.124704, 40.795393 ], [ 16.244099, 40.838008 ], [ 16.279159, 40.802607 ], [ 16.382038, 40.733472 ], [ 16.412036, 40.70312 ], [ 16.443436, 40.711033 ], [ 16.501109, 40.759218 ], [ 16.529725, 40.732306 ], [ 16.542243, 40.751911 ], [ 16.568994, 40.742896 ], [ 16.572466, 40.755565 ], [ 16.585428, 40.759534 ], [ 16.633965, 40.753259 ], [ 16.653255, 40.74101 ], [ 16.666096, 40.74513 ], [ 16.72499, 40.713814 ], [ 16.700505, 40.703504 ], [ 16.724736, 40.683226 ], [ 16.710991, 40.630488 ], [ 16.724926, 40.601919 ], [ 16.715059, 40.592426 ], [ 16.707365, 40.556589 ], [ 16.734085, 40.506048 ], [ 16.723525, 40.479906 ], [ 16.742656, 40.466723 ], [ 16.795148, 40.459189 ], [ 16.827518, 40.418437 ], [ 16.867264, 40.397845 ], [ 16.786566, 40.302719 ], [ 16.750091, 40.246445 ], [ 16.737221, 40.210596 ], [ 16.686673, 40.146241 ], [ 16.644317, 40.119096 ] ] ], [ [ [ 15.941497, 40.637906 ], [ 15.954309, 40.648143 ], [ 15.981296, 40.648796 ], [ 15.984074, 40.605748 ], [ 15.955539, 40.610626 ], [ 15.941497, 40.637906 ] ] ] ] } },
{ "type": "Feature", "properties": { "loc": "ITI13" }, "geometry": { "type": "Polygon", "coordinates": [ [ [ 11.049449, 44.09023 ], [ 11.051525, 44.069104 ], [ 11.036371, 44.029085 ], [ 11.013864, 44.00173 ], [ 11.049761, 43.993164 ], [ 11.067615, 43.977711 ], [ 11.032848, 43.944526 ], [ 11.021927, 43.92032 ], [ 11.014635, 43.872928 ], [ 11.023942, 43.842887 ], [ 10.96412, 43.812481 ], [ 10.944058, 43.821563 ], [ 10.899146, 43.796419 ], [ 10.846744, 43.801527 ], [ 10.820661, 43.794168 ], [ 10.812764, 43.806342 ], [ 10.775903, 43.800003 ], [ 10.727782, 43.814152 ], [ 10.681829, 43.870219 ], [ 10.657568, 43.868948 ], [ 10.651195, 43.877432 ], [ 10.650717, 43.909264 ], [ 10.671565, 43.949936 ], [ 10.672818, 43.980258 ], [ 10.704548, 44.012845 ], [ 10.735847, 44.02679 ], [ 10.721157, 44.048542 ], [ 10.722114, 44.078862 ], [ 10.678552, 44.104853 ], [ 10.643998, 44.10883 ], [ 10.624078, 44.120351 ], [ 10.621903, 44.14026 ], [ 10.641375, 44.15924 ], [ 10.665551, 44.152273 ], [ 10.754916, 44.153033 ], [ 10.804953, 44.118653 ], [ 10.88764, 44.093581 ], [ 10.909975, 44.064056 ], [ 10.946233, 44.084367 ], [ 10.999695, 44.135329 ], [ 11.013308, 44.132555 ], [ 11.008228, 44.108222 ], [ 11.049449, 44.09023 ] ] ] } },
{ "type": "Feature", "properties": { "loc": "ITI14" }, "geometry": { "type": "Polygon", "coordinates": [ [ [ 10.711116, 43.786334 ], [ 10.727782, 43.814152 ], [ 10.775903, 43.800003 ], [ 10.812764, 43.806342 ], [ 10.820661, 43.794168 ], [ 10.846744, 43.801527 ], [ 10.899146, 43.796419 ], [ 10.944058, 43.821563 ], [ 10.96412, 43.812481 ], [ 10.983165, 43.783776 ], [ 11.024959, 43.777415 ], [ 11.054349, 43.761702 ], [ 11.059818, 43.786486 ], [ 11.07044, 43.794762 ], [ 11.066375, 43.819656 ], [ 11.095966, 43.82112 ], [ 11.124533, 43.853555 ], [ 11.14284, 43.862241 ], [ 11.138212, 43.888272 ], [ 11.147149, 43.909141 ], [ 11.165717, 43.920177 ], [ 11.176384, 44.008578 ], [ 11.188922, 44.02477 ], [ 11.181912, 44.047339 ], [ 11.189204, 44.073614 ], [ 11.208243, 44.087434 ], [ 11.20244, 44.100721 ], [ 11.244114, 44.099314 ], [ 11.26132, 44.108184 ], [ 11.201879, 44.139988 ], [ 11.199052, 44.149858 ], [ 11.282526, 44.158136 ], [ 11.316808, 44.178028 ], [ 11.335956, 44.200956 ], [ 11.380311, 44.201911 ], [ 11.420312, 44.233975 ], [ 11.449434, 44.220176 ], [ 11.455488, 44.193185 ], [ 11.52496, 44.15764 ], [ 11.565021, 44.164722 ], [ 11.606942, 44.15728 ], [ 11.612939, 44.146191 ], [ 11.5978, 44.119305 ], [ 11.646436, 44.104802 ], [ 11.684482, 44.120454 ], [ 11.742902, 44.122272 ], [ 11.747511, 44.110303 ], [ 11.702427, 44.057899 ], [ 11.686839, 44.027055 ], [ 11.661455, 44.016798 ], [ 11.648337, 43.990156 ], [ 11.654854, 43.977367 ], [ 11.688248, 43.955642 ], [ 11.688196, 43.933919 ], [ 11.714715, 43.920342 ], [ 11.710189, 43.87743 ], [ 11.660676, 43.870129 ], [ 11.650547, 43.846718 ], [ 11.631119, 43.84367 ], [ 11.624572, 43.819107 ], [ 11.606625, 43.808349 ], [ 11.575001, 43.730658 ], [ 11.60896, 43.690392 ], [ 11.546582, 43.663686 ], [ 11.541106, 43.646135 ], [ 11.492727, 43.63012 ], [ 11.51593, 43.580101 ], [ 11.463701, 43.584346 ], [ 11.367368, 43.529077 ], [ 11.31256, 43.520299 ], [ 11.273158, 43.539219 ], [ 11.243848, 43.500603 ], [ 11.210117, 43.485178 ], [ 11.18683, 43.492305 ], [ 11.183239, 43.515904 ], [ 11.128704, 43.477247 ], [ 11.072352, 43.524568 ], [ 11.028955, 43.543839 ], [ 10.962772, 43.508231 ], [ 10.952091, 43.452296 ], [ 10.908301, 43.463705 ], [ 10.873096, 43.462234 ], [ 10.855783, 43.478308 ], [ 10.855675, 43.491476 ], [ 10.841696, 43.497932 ], [ 10.842624, 43.511965 ], [ 10.82751, 43.536758 ], [ 10.843947, 43.562443 ], [ 10.834884, 43.571297 ], [ 10.839113, 43.586637 ], [ 10.826031, 43.61688 ], [ 10.852697, 43.626118 ], [ 10.873158, 43.618048 ], [ 10.924096, 43.656895 ], [ 10.87623, 43.716924 ], [ 10.80107, 43.706259 ], [ 10.781733, 43.732302 ], [ 10.737672, 43.755592 ], [ 10.711116, 43.786334 ] ] ] } },
{ "type": "Feature", "properties": { "loc": "ITI15" }, "geometry": { "type": "Polygon", "coordinates": [ [ [ 10.96412, 43.812481 ], [ 11.023942, 43.842887 ], [ 11.014635, 43.872928 ], [ 11.021927, 43.92032 ], [ 11.032848, 43.944526 ], [ 11.067615, 43.977711 ], [ 11.049761, 43.993164 ], [ 11.013864, 44.00173 ], [ 11.036371, 44.029085 ], [ 11.051525, 44.069104 ], [ 11.049449, 44.09023 ], [ 11.087721, 44.09015 ], [ 11.127677, 44.109662 ], [ 11.156914, 44.111449 ], [ 11.20244, 44.100721 ], [ 11.208243, 44.087434 ], [ 11.189204, 44.073614 ], [ 11.181912, 44.047339 ], [ 11.188922, 44.02477 ], [ 11.176384, 44.008578 ], [ 11.165717, 43.920177 ], [ 11.147149, 43.909141 ], [ 11.138212, 43.888272 ], [ 11.14284, 43.862241 ], [ 11.124533, 43.853555 ], [ 11.095966, 43.82112 ], [ 11.066375, 43.819656 ], [ 11.07044, 43.794762 ], [ 11.059818, 43.786486 ], [ 11.054349, 43.761702 ], [ 11.024959, 43.777415 ], [ 10.983165, 43.783776 ], [ 10.96412, 43.812481 ] ] ] } },
{ "type": "Feature", "properties": { "loc": "ITI16" }, "geometry": { "type": "MultiPolygon", "coordinates": [ [ [ [ 10.714126, 43.121936 ], [ 10.725356, 43.086942 ], [ 10.720546, 43.070243 ], [ 10.755858, 43.073421 ], [ 10.777577, 43.062943 ], [ 10.77648, 43.031559 ], [ 10.790387, 43.015458 ], [ 10.778942, 43.006578 ], [ 10.743667, 43.010783 ], [ 10.746618, 42.985211 ], [ 10.705673, 42.941864 ], [ 10.585432, 42.953292 ], [ 10.552627, 42.946261 ], [ 10.537758, 42.921719 ], [ 10.498868, 42.934097 ], [ 10.48593, 42.985884 ], [ 10.513106, 42.999832 ], [ 10.535948, 43.086942 ], [ 10.537079, 43.1801 ], [ 10.511271, 43.272992 ], [ 10.459908, 43.323725 ], [ 10.424307, 43.397166 ], [ 10.407705, 43.403361 ], [ 10.372939, 43.451961 ], [ 10.333233, 43.473269 ], [ 10.298095, 43.540123 ], [ 10.299847, 43.581929 ], [ 10.436803, 43.633034 ], [ 10.498788, 43.628165 ], [ 10.466985, 43.537663 ], [ 10.504034, 43.429366 ], [ 10.493782, 43.404242 ], [ 10.50111, 43.378232 ], [ 10.510818, 43.36518 ], [ 10.537414, 43.366574 ], [ 10.527991, 43.325715 ], [ 10.578836, 43.293096 ], [ 10.625901, 43.283007 ], [ 10.682153, 43.2984 ], [ 10.694721, 43.293147 ], [ 10.693962, 43.281734 ], [ 10.671045, 43.26616 ], [ 10.666583, 43.253746 ], [ 10.666621, 43.228413 ], [ 10.68652, 43.221609 ], [ 10.686647, 43.20481 ], [ 10.646549, 43.184271 ], [ 10.661271, 43.168911 ], [ 10.66492, 43.148534 ], [ 10.714126, 43.121936 ] ] ], [ [ [ 10.429817, 42.816122 ], [ 10.431706, 42.780153 ], [ 10.399753, 42.758103 ], [ 10.431104, 42.735149 ], [ 10.434541, 42.720163 ], [ 10.421872, 42.708353 ], [ 10.411487, 42.715744 ], [ 10.395539, 42.711092 ], [ 10.38024, 42.716593 ], [ 10.357231, 42.758642 ], [ 10.339818, 42.763459 ], [ 10.322789, 42.759556 ], [ 10.319695, 42.742414 ], [ 10.300565, 42.757005 ], [ 10.282496, 42.738085 ], [ 10.242246, 42.746355 ], [ 10.229776, 42.72849 ], [ 10.193579, 42.735939 ], [ 10.142019, 42.732258 ], [ 10.106323, 42.763459 ], [ 10.108094, 42.789998 ], [ 10.138164, 42.806857 ], [ 10.19088, 42.80973 ], [ 10.239901, 42.789792 ], [ 10.264166, 42.801111 ], [ 10.281085, 42.822558 ], [ 10.319047, 42.818416 ], [ 10.323101, 42.803425 ], [ 10.351611, 42.798998 ], [ 10.413846, 42.869498 ], [ 10.440109, 42.843874 ], [ 10.429817, 42.816122 ] ] ], [ [ [ 10.324172, 42.319999 ], [ 10.297179, 42.315975 ], [ 10.289432, 42.32803 ], [ 10.292597, 42.344043 ], [ 10.31417, 42.350407 ], [ 10.327167, 42.342573 ], [ 10.324172, 42.319999 ] ] ], [ [ [ 10.085402, 42.602916 ], [ 10.101542, 42.575747 ], [ 10.088863, 42.567304 ], [ 10.0456, 42.582946 ], [ 10.067213, 42.587202 ], [ 10.085402, 42.602916 ] ] ], [ [ [ 10.095043, 42.616742 ], [ 10.086946, 42.607219 ], [ 10.075947, 42.611262 ], [ 10.079703, 42.624157 ], [ 10.095043, 42.616742 ] ] ], [ [ [ 9.909513, 43.435625 ], [ 9.90108, 43.419091 ], [ 9.88712, 43.425004 ], [ 9.891854, 43.43673 ], [ 9.909513, 43.435625 ] ] ], [ [ [ 9.847667, 43.044551 ], [ 9.810591, 43.004059 ], [ 9.791881, 43.023772 ], [ 9.799871, 43.03051 ], [ 9.801693, 43.053444 ], [ 9.825941, 43.071923 ], [ 9.847667, 43.044551 ] ] ] ] } },
{ "type": "Feature", "properties": { "loc": "ITI17" }, "geometry": { "type": "Polygon", "coordinates": [ [ [ 10.911576, 43.16261 ], [ 10.845967, 43.162338 ], [ 10.820091, 43.1531 ], [ 10.801336, 43.160575 ], [ 10.77171, 43.146887 ], [ 10.758495, 43.151278 ], [ 10.74637, 43.125339 ], [ 10.717288, 43.108508 ], [ 10.714126, 43.121936 ], [ 10.66492, 43.148534 ], [ 10.661271, 43.168911 ], [ 10.646549, 43.184271 ], [ 10.686647, 43.20481 ], [ 10.68652, 43.221609 ], [ 10.666621, 43.228413 ], [ 10.666583, 43.253746 ], [ 10.671045, 43.26616 ], [ 10.693962, 43.281734 ], [ 10.694721, 43.293147 ], [ 10.682153, 43.2984 ], [ 10.625901, 43.283007 ], [ 10.578836, 43.293096 ], [ 10.527991, 43.325715 ], [ 10.537414, 43.366574 ], [ 10.510818, 43.36518 ], [ 10.50111, 43.378232 ], [ 10.493782, 43.404242 ], [ 10.504034, 43.429366 ], [ 10.466985, 43.537663 ], [ 10.498788, 43.628165 ], [ 10.436803, 43.633034 ], [ 10.299847, 43.581929 ], [ 10.272502, 43.673803 ], [ 10.280543, 43.689807 ], [ 10.277355, 43.730073 ], [ 10.258118, 43.815147 ], [ 10.305208, 43.827956 ], [ 10.378746, 43.813966 ], [ 10.425399, 43.830347 ], [ 10.44936, 43.802889 ], [ 10.441711, 43.784349 ], [ 10.44858, 43.771433 ], [ 10.502501, 43.755123 ], [ 10.619563, 43.757836 ], [ 10.661434, 43.804098 ], [ 10.689979, 43.801674 ], [ 10.737672, 43.755592 ], [ 10.781733, 43.732302 ], [ 10.80107, 43.706259 ], [ 10.87623, 43.716924 ], [ 10.924096, 43.656895 ], [ 10.873158, 43.618048 ], [ 10.852697, 43.626118 ], [ 10.826031, 43.61688 ], [ 10.839113, 43.586637 ], [ 10.834884, 43.571297 ], [ 10.843947, 43.562443 ], [ 10.82751, 43.536758 ], [ 10.842624, 43.511965 ], [ 10.841696, 43.497932 ], [ 10.855675, 43.491476 ], [ 10.855783, 43.478308 ], [ 10.873096, 43.462234 ], [ 10.908301, 43.463705 ], [ 10.952091, 43.452296 ], [ 10.981985, 43.406475 ], [ 10.999989, 43.395196 ], [ 11.012184, 43.36865 ], [ 10.998476, 43.347131 ], [ 10.974755, 43.341527 ], [ 10.969432, 43.320065 ], [ 10.953883, 43.3098 ], [ 10.984425, 43.284014 ], [ 10.994456, 43.263084 ], [ 10.992834, 43.238934 ], [ 10.982828, 43.232903 ], [ 10.937003, 43.239866 ], [ 10.931874, 43.231598 ], [ 10.94043, 43.206213 ], [ 10.914219, 43.181275 ], [ 10.911576, 43.16261 ] ] ] } },
{ "type": "Feature", "properties": { "loc": "ITI18" }, "geometry": { "type": "MultiPolygon", "coordinates": [ [ [ [ 11.961264, 43.16689 ], [ 11.926039, 43.17395 ], [ 11.883395, 43.162945 ], [ 11.852279, 43.185924 ], [ 11.82961, 43.220835 ], [ 11.740871, 43.240893 ], [ 11.70926, 43.277633 ], [ 11.676741, 43.288539 ], [ 11.653484, 43.323439 ], [ 11.569472, 43.363828 ], [ 11.535662, 43.390805 ], [ 11.546938, 43.457931 ], [ 11.500257, 43.464938 ], [ 11.457264, 43.508445 ], [ 11.437088, 43.513223 ], [ 11.397508, 43.548229 ], [ 11.463701, 43.584346 ], [ 11.51593, 43.580101 ], [ 11.492727, 43.63012 ], [ 11.541106, 43.646135 ], [ 11.546582, 43.663686 ], [ 11.60896, 43.690392 ], [ 11.575001, 43.730658 ], [ 11.606625, 43.808349 ], [ 11.624572, 43.819107 ], [ 11.631119, 43.84367 ], [ 11.650547, 43.846718 ], [ 11.660676, 43.870129 ], [ 11.710189, 43.87743 ], [ 11.785501, 43.845314 ], [ 11.833618, 43.81134 ], [ 11.908102, 43.810283 ], [ 11.918782, 43.795705 ], [ 11.944026, 43.789643 ], [ 11.981521, 43.764333 ], [ 12.021626, 43.762454 ], [ 12.074277, 43.741832 ], [ 12.107464, 43.753753 ], [ 12.161536, 43.759447 ], [ 12.192638, 43.735184 ], [ 12.216293, 43.757107 ], [ 12.245979, 43.753782 ], [ 12.283798, 43.764899 ], [ 12.326834, 43.748439 ], [ 12.359848, 43.710887 ], [ 12.336403, 43.70379 ], [ 12.326578, 43.678642 ], [ 12.305757, 43.715101 ], [ 12.288887, 43.68376 ], [ 12.251843, 43.679538 ], [ 12.231065, 43.657159 ], [ 12.194873, 43.644021 ], [ 12.213856, 43.610824 ], [ 12.164924, 43.561934 ], [ 12.15275, 43.532411 ], [ 12.105359, 43.528614 ], [ 12.095723, 43.520255 ], [ 12.095733, 43.501535 ], [ 12.141028, 43.473151 ], [ 12.108403, 43.461543 ], [ 12.084443, 43.437308 ], [ 12.056042, 43.434892 ], [ 12.032833, 43.417017 ], [ 12.039844, 43.402399 ], [ 12.071338, 43.398494 ], [ 12.080526, 43.369626 ], [ 12.105596, 43.368523 ], [ 12.122976, 43.357113 ], [ 12.133125, 43.338894 ], [ 12.129526, 43.307526 ], [ 12.13651, 43.294532 ], [ 12.171521, 43.284857 ], [ 12.196323, 43.307558 ], [ 12.215161, 43.293637 ], [ 12.153211, 43.258828 ], [ 12.096123, 43.240894 ], [ 12.044533, 43.247092 ], [ 12.020854, 43.190501 ], [ 11.961264, 43.16689 ] ] ], [ [ [ 12.199415, 43.770619 ], [ 12.172059, 43.792605 ], [ 12.176512, 43.811044 ], [ 12.187908, 43.804443 ], [ 12.234322, 43.804726 ], [ 12.239209, 43.78753 ], [ 12.214526, 43.783565 ], [ 12.199415, 43.770619 ] ] ] ] } },
{ "type": "Feature", "properties": { "loc": "ITI19" }, "geometry": { "type": "Polygon", "coordinates": [ [ [ 11.894988, 42.834653 ], [ 11.846863, 42.835852 ], [ 11.817133, 42.821848 ], [ 11.808438, 42.802621 ], [ 11.77062, 42.817801 ], [ 11.746037, 42.785742 ], [ 11.70801, 42.795052 ], [ 11.663495, 42.792682 ], [ 11.635942, 42.803471 ], [ 11.619743, 42.92269 ], [ 11.586277, 42.958579 ], [ 11.51312, 42.974984 ], [ 11.448674, 42.960784 ], [ 11.371867, 42.972328 ], [ 11.360114, 43.066386 ], [ 11.34926, 43.080993 ], [ 11.087383, 43.087239 ], [ 11.042779, 43.182729 ], [ 10.911576, 43.16261 ], [ 10.914219, 43.181275 ], [ 10.94043, 43.206213 ], [ 10.931874, 43.231598 ], [ 10.937003, 43.239866 ], [ 10.982828, 43.232903 ], [ 10.992834, 43.238934 ], [ 10.994456, 43.263084 ], [ 10.984425, 43.284014 ], [ 10.953883, 43.3098 ], [ 10.969432, 43.320065 ], [ 10.974755, 43.341527 ], [ 10.998476, 43.347131 ], [ 11.012184, 43.36865 ], [ 10.999989, 43.395196 ], [ 10.981985, 43.406475 ], [ 10.952091, 43.452296 ], [ 10.962772, 43.508231 ], [ 11.028955, 43.543839 ], [ 11.072352, 43.524568 ], [ 11.128704, 43.477247 ], [ 11.183239, 43.515904 ], [ 11.18683, 43.492305 ], [ 11.210117, 43.485178 ], [ 11.243848, 43.500603 ], [ 11.273158, 43.539219 ], [ 11.31256, 43.520299 ], [ 11.367368, 43.529077 ], [ 11.397508, 43.548229 ], [ 11.437088, 43.513223 ], [ 11.457264, 43.508445 ], [ 11.500257, 43.464938 ], [ 11.546938, 43.457931 ], [ 11.535662, 43.390805 ], [ 11.569472, 43.363828 ], [ 11.653484, 43.323439 ], [ 11.676741, 43.288539 ], [ 11.70926, 43.277633 ], [ 11.740871, 43.240893 ], [ 11.82961, 43.220835 ], [ 11.852279, 43.185924 ], [ 11.883395, 43.162945 ], [ 11.926039, 43.17395 ], [ 11.961264, 43.16689 ], [ 11.931077, 43.152633 ], [ 11.916352, 43.128247 ], [ 11.926372, 43.074075 ], [ 11.939314, 43.056458 ], [ 11.962123, 43.06634 ], [ 11.97987, 43.052872 ], [ 11.935668, 42.917354 ], [ 11.952103, 42.90097 ], [ 11.958613, 42.874307 ], [ 11.926603, 42.867358 ], [ 11.912837, 42.8505 ], [ 11.893302, 42.843532 ], [ 11.894988, 42.834653 ] ] ] } },
{ "type": "Feature", "properties": { "loc": "ITI1A" }, "geometry": { "type": "MultiPolygon", "coordinates": [ [ [ [ 11.449939, 42.37767 ], [ 11.263921, 42.417662 ], [ 11.222188, 42.410615 ], [ 11.176948, 42.365518 ], [ 11.150704, 42.367092 ], [ 11.096626, 42.396941 ], [ 11.088789, 42.423118 ], [ 11.102426, 42.442196 ], [ 11.155607, 42.434898 ], [ 11.181328, 42.459807 ], [ 11.19054, 42.510104 ], [ 11.176562, 42.540476 ], [ 11.155128, 42.560768 ], [ 11.124447, 42.558024 ], [ 11.080228, 42.628842 ], [ 11.013884, 42.658312 ], [ 10.981693, 42.713141 ], [ 10.952048, 42.735923 ], [ 10.895161, 42.757664 ], [ 10.788098, 42.776087 ], [ 10.742492, 42.798793 ], [ 10.768027, 42.826744 ], [ 10.781, 42.892491 ], [ 10.762368, 42.915121 ], [ 10.705673, 42.941864 ], [ 10.746618, 42.985211 ], [ 10.743667, 43.010783 ], [ 10.778942, 43.006578 ], [ 10.790387, 43.015458 ], [ 10.77648, 43.031559 ], [ 10.777577, 43.062943 ], [ 10.755858, 43.073421 ], [ 10.720546, 43.070243 ], [ 10.725356, 43.086942 ], [ 10.717288, 43.108508 ], [ 10.74637, 43.125339 ], [ 10.758495, 43.151278 ], [ 10.77171, 43.146887 ], [ 10.801336, 43.160575 ], [ 10.820091, 43.1531 ], [ 10.845967, 43.162338 ], [ 10.911576, 43.16261 ], [ 11.042779, 43.182729 ], [ 11.087383, 43.087239 ], [ 11.34926, 43.080993 ], [ 11.360114, 43.066386 ], [ 11.371867, 42.972328 ], [ 11.448674, 42.960784 ], [ 11.51312, 42.974984 ], [ 11.586277, 42.958579 ], [ 11.619743, 42.92269 ], [ 11.635942, 42.803471 ], [ 11.663495, 42.792682 ], [ 11.70801, 42.795052 ], [ 11.746037, 42.785742 ], [ 11.812477, 42.745918 ], [ 11.802981, 42.717355 ], [ 11.784513, 42.697134 ], [ 11.80373, 42.651151 ], [ 11.782873, 42.637666 ], [ 11.755319, 42.635541 ], [ 11.733941, 42.61105 ], [ 11.670833, 42.578544 ], [ 11.615434, 42.561252 ], [ 11.583042, 42.567548 ], [ 11.583985, 42.542935 ], [ 11.564902, 42.517599 ], [ 11.615619, 42.486119 ], [ 11.615635, 42.438667 ], [ 11.489872, 42.436235 ], [ 11.45434, 42.397677 ], [ 11.449939, 42.37767 ] ] ], [ [ [ 11.104094, 42.260987 ], [ 11.0966, 42.243574 ], [ 11.088446, 42.253762 ], [ 11.104094, 42.260987 ] ] ], [ [ [ 10.928939, 42.326304 ], [ 10.920069, 42.318073 ], [ 10.882512, 42.351796 ], [ 10.868163, 42.354696 ], [ 10.86593, 42.362602 ], [ 10.880779, 42.367401 ], [ 10.881694, 42.388227 ], [ 10.905219, 42.381654 ], [ 10.92516, 42.356527 ], [ 10.928939, 42.326304 ] ] ] ] } },
{ "type": "Feature", "properties": { "loc": "ITI21" }, "geometry": { "type": "MultiPolygon", "coordinates": [ [ [ [ 12.213856, 43.610824 ], [ 12.228744, 43.595199 ], [ 12.298316, 43.58831 ], [ 12.335023, 43.608646 ], [ 12.364395, 43.613292 ], [ 12.368016, 43.579829 ], [ 12.346179, 43.556727 ], [ 12.316745, 43.545739 ], [ 12.332761, 43.526496 ], [ 12.369066, 43.530823 ], [ 12.393953, 43.510764 ], [ 12.428796, 43.536769 ], [ 12.461881, 43.517606 ], [ 12.490612, 43.523625 ], [ 12.574521, 43.452804 ], [ 12.622439, 43.423905 ], [ 12.661638, 43.434691 ], [ 12.702754, 43.42757 ], [ 12.733234, 43.461463 ], [ 12.767457, 43.45983 ], [ 12.768983, 43.427599 ], [ 12.778047, 43.412306 ], [ 12.750646, 43.392458 ], [ 12.750027, 43.380458 ], [ 12.794987, 43.328767 ], [ 12.801228, 43.303047 ], [ 12.793263, 43.2807 ], [ 12.826609, 43.261888 ], [ 12.839844, 43.216989 ], [ 12.862358, 43.211232 ], [ 12.868056, 43.190703 ], [ 12.861957, 43.166162 ], [ 12.831397, 43.141194 ], [ 12.843246, 43.122865 ], [ 12.880852, 43.120964 ], [ 12.885903, 43.09913 ], [ 12.89734, 43.093464 ], [ 12.891339, 43.055361 ], [ 12.905079, 43.029213 ], [ 12.891337, 43.011987 ], [ 12.904558, 42.986702 ], [ 12.900407, 42.965172 ], [ 12.972792, 42.924376 ], [ 12.978605, 42.872105 ], [ 12.992991, 42.878519 ], [ 13.001123, 42.907496 ], [ 13.023922, 42.903921 ], [ 13.0523, 42.91645 ], [ 13.11051, 42.888838 ], [ 13.160117, 42.834644 ], [ 13.21531, 42.844997 ], [ 13.235288, 42.867663 ], [ 13.260778, 42.806815 ], [ 13.242961, 42.768583 ], [ 13.222958, 42.771542 ], [ 13.20429, 42.763454 ], [ 13.189226, 42.733565 ], [ 13.178079, 42.678664 ], [ 13.149074, 42.650666 ], [ 13.123086, 42.656406 ], [ 13.065174, 42.625173 ], [ 13.023573, 42.635073 ], [ 13.005393, 42.617137 ], [ 12.950325, 42.61775 ], [ 12.927762, 42.605831 ], [ 12.896352, 42.616418 ], [ 12.887351, 42.639521 ], [ 12.867763, 42.657693 ], [ 12.831178, 42.669169 ], [ 12.79533, 42.659055 ], [ 12.718769, 42.606702 ], [ 12.692086, 42.638499 ], [ 12.610291, 42.690583 ], [ 12.587776, 42.694279 ], [ 12.588202, 42.705591 ], [ 12.620927, 42.71764 ], [ 12.589347, 42.744328 ], [ 12.568628, 42.716322 ], [ 12.531719, 42.714126 ], [ 12.493913, 42.729768 ], [ 12.427398, 42.688556 ], [ 12.405396, 42.695083 ], [ 12.386282, 42.67897 ], [ 12.344371, 42.738643 ], [ 12.308005, 42.747207 ], [ 12.292999, 42.763454 ], [ 12.29178, 42.777525 ], [ 12.324603, 42.845391 ], [ 12.329538, 42.874433 ], [ 12.326602, 42.887565 ], [ 12.308778, 42.892455 ], [ 12.313097, 42.914108 ], [ 12.212232, 42.9259 ], [ 12.190336, 42.937476 ], [ 12.052388, 42.93807 ], [ 12.00839, 42.907917 ], [ 12.015725, 42.882066 ], [ 11.957002, 42.863554 ], [ 11.933317, 42.86933 ], [ 11.958613, 42.874307 ], [ 11.994192, 42.907131 ], [ 11.958619, 42.913117 ], [ 11.952103, 42.90097 ], [ 11.935668, 42.917354 ], [ 11.97987, 43.052872 ], [ 11.962123, 43.06634 ], [ 11.939314, 43.056458 ], [ 11.926372, 43.074075 ], [ 11.916352, 43.128247 ], [ 11.931077, 43.152633 ], [ 12.020854, 43.190501 ], [ 12.044533, 43.247092 ], [ 12.096123, 43.240894 ], [ 12.153211, 43.258828 ], [ 12.215161, 43.293637 ], [ 12.196323, 43.307558 ], [ 12.171521, 43.284857 ], [ 12.13651, 43.294532 ], [ 12.129526, 43.307526 ], [ 12.133125, 43.338894 ], [ 12.122976, 43.357113 ], [ 12.105596, 43.368523 ], [ 12.080526, 43.369626 ], [ 12.071338, 43.398494 ], [ 12.039844, 43.402399 ], [ 12.032833, 43.417017 ], [ 12.056042, 43.434892 ], [ 12.084443, 43.437308 ], [ 12.108403, 43.461543 ], [ 12.141028, 43.473151 ], [ 12.095733, 43.501535 ], [ 12.095723, 43.520255 ], [ 12.105359, 43.528614 ], [ 12.15275, 43.532411 ], [ 12.164924, 43.561934 ], [ 12.213856, 43.610824 ] ] ], [ [ [ 12.434715, 43.598902 ], [ 12.425604, 43.591714 ], [ 12.407306, 43.602151 ], [ 12.421194, 43.609827 ], [ 12.434715, 43.598902 ] ] ] ] } },
{ "type": "Feature", "properties": { "loc": "ITC11" }, "geometry": { "type": "Polygon", "coordinates": [ [ [ 7.065755, 44.713464 ], [ 7.04201, 44.720201 ], [ 7.028942, 44.734088 ], [ 7.02059, 44.770747 ], [ 7.002496, 44.789427 ], [ 7.02112, 44.820888 ], [ 7.000216, 44.840882 ], [ 6.934947, 44.861279 ], [ 6.91204, 44.846979 ], [ 6.866286, 44.851227 ], [ 6.753356, 44.907496 ], [ 6.763521, 44.963627 ], [ 6.742083, 44.990588 ], [ 6.745031, 45.010986 ], [ 6.725542, 45.020729 ], [ 6.671786, 45.024185 ], [ 6.660306, 45.068178 ], [ 6.630051, 45.109856 ], [ 6.665807, 45.122461 ], [ 6.684183, 45.138971 ], [ 6.742712, 45.140286 ], [ 6.771641, 45.158341 ], [ 6.853417, 45.129992 ], [ 6.890568, 45.137946 ], [ 6.892502, 45.164414 ], [ 6.943742, 45.171723 ], [ 6.970278, 45.207311 ], [ 7.045658, 45.22457 ], [ 7.073197, 45.212291 ], [ 7.128277, 45.248608 ], [ 7.133546, 45.28104 ], [ 7.111166, 45.323202 ], [ 7.158338, 45.360059 ], [ 7.181722, 45.404294 ], [ 7.117166, 45.433612 ], [ 7.101969, 45.456208 ], [ 7.133167, 45.513128 ], [ 7.141008, 45.509496 ], [ 7.144856, 45.48122 ], [ 7.193155, 45.481029 ], [ 7.22055, 45.471899 ], [ 7.271498, 45.512743 ], [ 7.355819, 45.524248 ], [ 7.377999, 45.519248 ], [ 7.485883, 45.581729 ], [ 7.528249, 45.578027 ], [ 7.566049, 45.589815 ], [ 7.612159, 45.565049 ], [ 7.63719, 45.569599 ], [ 7.674569, 45.554222 ], [ 7.731564, 45.552957 ], [ 7.840835, 45.600136 ], [ 7.895811, 45.590028 ], [ 7.899237, 45.558321 ], [ 7.886237, 45.53241 ], [ 7.91941, 45.520847 ], [ 7.92353, 45.507471 ], [ 7.973595, 45.473076 ], [ 8.032843, 45.44454 ], [ 8.027012, 45.403092 ], [ 8.01358, 45.402917 ], [ 8.009895, 45.395225 ], [ 8.021908, 45.359337 ], [ 8.019785, 45.333912 ], [ 7.964614, 45.345935 ], [ 7.954058, 45.320352 ], [ 7.956382, 45.311469 ], [ 7.976714, 45.315525 ], [ 7.988356, 45.307852 ], [ 7.988019, 45.234484 ], [ 8.009364, 45.214033 ], [ 8.041783, 45.201562 ], [ 8.053075, 45.184617 ], [ 8.094958, 45.18577 ], [ 8.151934, 45.168558 ], [ 8.139425, 45.159263 ], [ 8.143893, 45.143856 ], [ 8.136181, 45.12888 ], [ 8.128987, 45.122996 ], [ 8.097632, 45.126325 ], [ 8.070459, 45.101771 ], [ 8.051531, 45.109122 ], [ 8.036733, 45.128095 ], [ 7.992396, 45.127458 ], [ 7.937565, 45.107166 ], [ 7.930376, 45.082465 ], [ 7.898548, 45.089122 ], [ 7.899518, 45.061057 ], [ 7.927547, 45.046411 ], [ 7.944582, 45.050006 ], [ 7.952044, 45.041146 ], [ 7.92231, 45.017018 ], [ 7.92818, 44.988822 ], [ 7.88843, 44.933265 ], [ 7.894454, 44.920055 ], [ 7.919974, 44.905592 ], [ 7.898355, 44.888232 ], [ 7.919792, 44.877755 ], [ 7.943387, 44.846305 ], [ 7.897437, 44.823928 ], [ 7.877473, 44.832281 ], [ 7.863644, 44.828693 ], [ 7.813059, 44.850428 ], [ 7.779395, 44.838782 ], [ 7.761452, 44.816767 ], [ 7.7302, 44.813229 ], [ 7.656857, 44.819882 ], [ 7.645481, 44.837843 ], [ 7.603438, 44.834256 ], [ 7.591475, 44.810962 ], [ 7.567815, 44.812899 ], [ 7.558738, 44.798675 ], [ 7.483678, 44.761866 ], [ 7.471281, 44.770505 ], [ 7.456147, 44.762338 ], [ 7.442961, 44.77191 ], [ 7.354024, 44.752562 ], [ 7.340114, 44.78095 ], [ 7.29062, 44.780807 ], [ 7.162302, 44.758755 ], [ 7.115082, 44.725317 ], [ 7.065755, 44.713464 ] ] ] } },
{ "type": "Feature", "properties": { "loc": "ITC12" }, "geometry": { "type": "MultiPolygon", "coordinates": [ [ [ [ 7.936649, 45.72434 ], [ 7.929027, 45.74244 ], [ 7.900099, 45.749578 ], [ 7.863518, 45.791126 ], [ 7.862355, 45.819899 ], [ 7.873457, 45.825912 ], [ 7.864492, 45.839831 ], [ 7.875161, 45.861018 ], [ 7.861612, 45.911049 ], [ 7.877138, 45.926955 ], [ 7.916453, 45.922731 ], [ 7.962847, 45.902182 ], [ 8.043989, 45.935192 ], [ 8.092258, 45.923349 ], [ 8.199118, 45.948051 ], [ 8.215829, 45.925633 ], [ 8.297929, 45.887368 ], [ 8.298288, 45.871131 ], [ 8.32875, 45.851527 ], [ 8.318435, 45.773027 ], [ 8.349897, 45.772374 ], [ 8.375929, 45.738508 ], [ 8.388587, 45.701974 ], [ 8.329259, 45.70456 ], [ 8.31392, 45.695023 ], [ 8.351767, 45.64201 ], [ 8.374956, 45.631926 ], [ 8.389287, 45.614929 ], [ 8.402421, 45.493858 ], [ 8.410759, 45.476435 ], [ 8.403276, 45.46405 ], [ 8.402478, 45.400035 ], [ 8.43122, 45.409216 ], [ 8.453384, 45.381801 ], [ 8.490615, 45.376626 ], [ 8.497758, 45.350318 ], [ 8.470488, 45.339056 ], [ 8.465699, 45.328846 ], [ 8.51356, 45.313278 ], [ 8.50487, 45.29469 ], [ 8.535892, 45.262382 ], [ 8.531627, 45.220088 ], [ 8.542139, 45.199559 ], [ 8.564228, 45.197873 ], [ 8.547798, 45.168147 ], [ 8.511096, 45.173777 ], [ 8.495204, 45.195067 ], [ 8.473046, 45.202232 ], [ 8.436048, 45.196617 ], [ 8.399613, 45.203684 ], [ 8.364955, 45.197214 ], [ 8.333008, 45.170937 ], [ 8.268437, 45.179858 ], [ 8.223152, 45.165715 ], [ 8.201133, 45.175398 ], [ 8.177561, 45.16198 ], [ 8.170312, 45.169587 ], [ 8.094958, 45.18577 ], [ 8.053075, 45.184617 ], [ 8.041783, 45.201562 ], [ 8.009364, 45.214033 ], [ 7.988019, 45.234484 ], [ 7.988356, 45.307852 ], [ 7.976714, 45.315525 ], [ 7.956382, 45.311469 ], [ 7.964614, 45.345935 ], [ 8.019785, 45.333912 ], [ 8.01358, 45.402917 ], [ 8.121363, 45.378272 ], [ 8.145892, 45.404692 ], [ 8.166601, 45.414034 ], [ 8.165195, 45.430023 ], [ 8.175349, 45.441498 ], [ 8.216214, 45.454621 ], [ 8.22108, 45.473642 ], [ 8.280524, 45.51941 ], [ 8.294126, 45.548201 ], [ 8.276522, 45.566927 ], [ 8.258171, 45.60852 ], [ 8.307664, 45.620077 ], [ 8.303889, 45.640068 ], [ 8.318122, 45.645249 ], [ 8.18956, 45.726216 ], [ 8.176438, 45.750316 ], [ 8.122535, 45.755216 ], [ 8.084767, 45.735629 ], [ 8.074694, 45.721287 ], [ 8.054328, 45.739003 ], [ 8.021664, 45.735878 ], [ 7.996718, 45.721221 ], [ 7.936649, 45.72434 ] ] ], [ [ [ 8.260687, 45.633605 ], [ 8.284924, 45.632914 ], [ 8.262755, 45.619335 ], [ 8.260687, 45.633605 ] ] ] ] } },
{ "type": "Feature", "properties": { "loc": "ITC13" }, "geometry": { "type": "Polygon", "coordinates": [ [ [ 7.895811, 45.590028 ], [ 7.902878, 45.618461 ], [ 7.936696, 45.64039 ], [ 7.906839, 45.684036 ], [ 7.936649, 45.72434 ], [ 7.996718, 45.721221 ], [ 8.021664, 45.735878 ], [ 8.054328, 45.739003 ], [ 8.074694, 45.721287 ], [ 8.084767, 45.735629 ], [ 8.122535, 45.755216 ], [ 8.176438, 45.750316 ], [ 8.18956, 45.726216 ], [ 8.318122, 45.645249 ], [ 8.303889, 45.640068 ], [ 8.307664, 45.620077 ], [ 8.258171, 45.60852 ], [ 8.276522, 45.566927 ], [ 8.294126, 45.548201 ], [ 8.280524, 45.51941 ], [ 8.22108, 45.473642 ], [ 8.216214, 45.454621 ], [ 8.175349, 45.441498 ], [ 8.165195, 45.430023 ], [ 8.166601, 45.414034 ], [ 8.145892, 45.404692 ], [ 8.121363, 45.378272 ], [ 8.027012, 45.403092 ], [ 8.032843, 45.44454 ], [ 7.973595, 45.473076 ], [ 7.92353, 45.507471 ], [ 7.91941, 45.520847 ], [ 7.886237, 45.53241 ], [ 7.899237, 45.558321 ], [ 7.895811, 45.590028 ] ], [ [ 8.260687, 45.633605 ], [ 8.262755, 45.619335 ], [ 8.284924, 45.632914 ], [ 8.260687, 45.633605 ] ] ] } },
{ "type": "Feature", "properties": { "loc": "ITC14" }, "geometry": { "type": "Polygon", "coordinates": [ [ [ 8.593811, 45.828225 ], [ 8.566831, 45.836853 ], [ 8.555643, 45.852469 ], [ 8.538756, 45.840012 ], [ 8.49874, 45.834579 ], [ 8.49461, 45.847617 ], [ 8.459256, 45.873648 ], [ 8.418821, 45.831889 ], [ 8.400641, 45.850825 ], [ 8.379491, 45.836691 ], [ 8.37351, 45.786516 ], [ 8.349897, 45.772374 ], [ 8.318435, 45.773027 ], [ 8.32875, 45.851527 ], [ 8.298288, 45.871131 ], [ 8.297929, 45.887368 ], [ 8.215829, 45.925633 ], [ 8.199118, 45.948051 ], [ 8.092258, 45.923349 ], [ 8.043989, 45.935192 ], [ 7.962847, 45.902182 ], [ 7.916453, 45.922731 ], [ 7.877138, 45.926955 ], [ 7.871469, 45.938815 ], [ 7.880625, 45.971753 ], [ 7.907366, 45.994051 ], [ 7.987498, 45.997902 ], [ 8.012246, 46.015187 ], [ 8.016816, 46.032509 ], [ 8.031954, 46.045884 ], [ 8.02415, 46.071211 ], [ 8.035231, 46.0982 ], [ 8.103963, 46.111434 ], [ 8.119357, 46.130944 ], [ 8.15107, 46.145344 ], [ 8.161028, 46.184505 ], [ 8.13798, 46.224092 ], [ 8.087557, 46.255749 ], [ 8.087031, 46.264372 ], [ 8.137052, 46.299482 ], [ 8.205833, 46.306632 ], [ 8.229785, 46.336353 ], [ 8.258654, 46.34634 ], [ 8.266522, 46.362723 ], [ 8.313901, 46.380577 ], [ 8.311747, 46.398285 ], [ 8.292538, 46.409369 ], [ 8.3024, 46.420764 ], [ 8.384717, 46.452158 ], [ 8.440791, 46.463189 ], [ 8.463095, 46.4463 ], [ 8.462725, 46.335067 ], [ 8.430822, 46.297013 ], [ 8.451684, 46.269449 ], [ 8.446631, 46.250243 ], [ 8.47276, 46.232907 ], [ 8.530103, 46.216447 ], [ 8.577762, 46.163313 ], [ 8.598581, 46.154174 ], [ 8.597, 46.142883 ], [ 8.616096, 46.123222 ], [ 8.645366, 46.121636 ], [ 8.713936, 46.097272 ], [ 8.707901, 46.081363 ], [ 8.726427, 46.030069 ], [ 8.722372, 46.016356 ], [ 8.572935, 45.900567 ], [ 8.593811, 45.828225 ] ] ] } },
{ "type": "Feature", "properties": { "loc": "ITC15" }, "geometry": { "type": "Polygon", "coordinates": [ [ [ 8.349897, 45.772374 ], [ 8.37351, 45.786516 ], [ 8.379491, 45.836691 ], [ 8.400641, 45.850825 ], [ 8.418821, 45.831889 ], [ 8.459256, 45.873648 ], [ 8.49461, 45.847617 ], [ 8.49874, 45.834579 ], [ 8.538756, 45.840012 ], [ 8.555643, 45.852469 ], [ 8.566831, 45.836853 ], [ 8.593811, 45.828225 ], [ 8.55805, 45.800634 ], [ 8.555612, 45.777726 ], [ 8.596999, 45.729706 ], [ 8.649871, 45.715517 ], [ 8.642683, 45.680233 ], [ 8.67896, 45.673192 ], [ 8.673549, 45.661393 ], [ 8.684229, 45.641341 ], [ 8.663749, 45.640022 ], [ 8.664393, 45.627418 ], [ 8.700151, 45.601492 ], [ 8.697007, 45.577558 ], [ 8.721045, 45.510564 ], [ 8.785522, 45.483995 ], [ 8.791215, 45.462113 ], [ 8.823899, 45.430066 ], [ 8.842916, 45.393841 ], [ 8.732286, 45.37469 ], [ 8.754214, 45.347736 ], [ 8.728279, 45.332626 ], [ 8.713267, 45.305173 ], [ 8.693172, 45.294919 ], [ 8.666377, 45.297417 ], [ 8.65301, 45.325094 ], [ 8.615754, 45.353881 ], [ 8.542861, 45.348537 ], [ 8.532352, 45.341025 ], [ 8.532078, 45.319742 ], [ 8.51356, 45.313278 ], [ 8.465699, 45.328846 ], [ 8.470488, 45.339056 ], [ 8.497758, 45.350318 ], [ 8.490615, 45.376626 ], [ 8.453384, 45.381801 ], [ 8.43122, 45.409216 ], [ 8.402478, 45.400035 ], [ 8.403276, 45.46405 ], [ 8.410759, 45.476435 ], [ 8.402421, 45.493858 ], [ 8.389287, 45.614929 ], [ 8.374956, 45.631926 ], [ 8.351767, 45.64201 ], [ 8.31392, 45.695023 ], [ 8.329259, 45.70456 ], [ 8.388587, 45.701974 ], [ 8.375929, 45.738508 ], [ 8.349897, 45.772374 ] ] ] } },
{ "type": "Feature", "properties": { "loc": "ITC16" }, "geometry": { "type": "Polygon", "coordinates": [ [ [ 7.897437, 44.823928 ], [ 7.968778, 44.853137 ], [ 7.992649, 44.821087 ], [ 8.043341, 44.802566 ], [ 8.095345, 44.81902 ], [ 8.126321, 44.810711 ], [ 8.134098, 44.784493 ], [ 8.106258, 44.770512 ], [ 8.101099, 44.756804 ], [ 8.130308, 44.746103 ], [ 8.151701, 44.716342 ], [ 8.188755, 44.750793 ], [ 8.202937, 44.749519 ], [ 8.217937, 44.72822 ], [ 8.255832, 44.728621 ], [ 8.263209, 44.703578 ], [ 8.227663, 44.67951 ], [ 8.223253, 44.658952 ], [ 8.196264, 44.625479 ], [ 8.231326, 44.598213 ], [ 8.24132, 44.579167 ], [ 8.2353, 44.560449 ], [ 8.25282, 44.52874 ], [ 8.225947, 44.513083 ], [ 8.219743, 44.485389 ], [ 8.198701, 44.474165 ], [ 8.218937, 44.432662 ], [ 8.204958, 44.405442 ], [ 8.152351, 44.383535 ], [ 8.140295, 44.341769 ], [ 8.109577, 44.330532 ], [ 8.101853, 44.304157 ], [ 8.073485, 44.310102 ], [ 8.063091, 44.303154 ], [ 8.06424, 44.291817 ], [ 8.087664, 44.275147 ], [ 8.066913, 44.253372 ], [ 8.077376, 44.239489 ], [ 8.068322, 44.219255 ], [ 8.09113, 44.196731 ], [ 8.093656, 44.178665 ], [ 8.065057, 44.146051 ], [ 8.011874, 44.153863 ], [ 7.985671, 44.141273 ], [ 8.01563, 44.110676 ], [ 7.888881, 44.10661 ], [ 7.760457, 44.137693 ], [ 7.726837, 44.11999 ], [ 7.72422, 44.100583 ], [ 7.743811, 44.081654 ], [ 7.714237, 44.061513 ], [ 7.711456, 44.085865 ], [ 7.671726, 44.128237 ], [ 7.673614, 44.173803 ], [ 7.642752, 44.17492 ], [ 7.612904, 44.151404 ], [ 7.503938, 44.14172 ], [ 7.422311, 44.117399 ], [ 7.363876, 44.119539 ], [ 7.340773, 44.14176 ], [ 7.271918, 44.146388 ], [ 7.240947, 44.169641 ], [ 7.213814, 44.174335 ], [ 7.166677, 44.203171 ], [ 7.138905, 44.204807 ], [ 7.07919, 44.229039 ], [ 7.04028, 44.226837 ], [ 7.015147, 44.235252 ], [ 6.99065, 44.279031 ], [ 6.96251, 44.296969 ], [ 6.91736, 44.350649 ], [ 6.887428, 44.361287 ], [ 6.895803, 44.378492 ], [ 6.8961, 44.418227 ], [ 6.938918, 44.434553 ], [ 6.879845, 44.481012 ], [ 6.855901, 44.525436 ], [ 6.878798, 44.551307 ], [ 6.907258, 44.557598 ], [ 6.929298, 44.574238 ], [ 6.937438, 44.60082 ], [ 6.964632, 44.621224 ], [ 6.948443, 44.654742 ], [ 6.964041, 44.67544 ], [ 6.988487, 44.688639 ], [ 7.072572, 44.681694 ], [ 7.065755, 44.713464 ], [ 7.115082, 44.725317 ], [ 7.162302, 44.758755 ], [ 7.29062, 44.780807 ], [ 7.340114, 44.78095 ], [ 7.354024, 44.752562 ], [ 7.442961, 44.77191 ], [ 7.456147, 44.762338 ], [ 7.471281, 44.770505 ], [ 7.483678, 44.761866 ], [ 7.558738, 44.798675 ], [ 7.567815, 44.812899 ], [ 7.591475, 44.810962 ], [ 7.603438, 44.834256 ], [ 7.645481, 44.837843 ], [ 7.656857, 44.819882 ], [ 7.7302, 44.813229 ], [ 7.761452, 44.816767 ], [ 7.779395, 44.838782 ], [ 7.813059, 44.850428 ], [ 7.863644, 44.828693 ], [ 7.877473, 44.832281 ], [ 7.897437, 44.823928 ] ] ] } },
{ "type": "Feature", "properties": { "loc": "ITC17" }, "geometry": { "type": "Polygon", "coordinates": [ [ [ 7.943387, 44.846305 ], [ 7.919792, 44.877755 ], [ 7.898355, 44.888232 ], [ 7.919974, 44.905592 ], [ 7.894454, 44.920055 ], [ 7.88843, 44.933265 ], [ 7.92818, 44.988822 ], [ 7.92231, 45.017018 ], [ 7.952044, 45.041146 ], [ 7.944582, 45.050006 ], [ 7.927547, 45.046411 ], [ 7.899518, 45.061057 ], [ 7.898548, 45.089122 ], [ 7.930376, 45.082465 ], [ 7.937565, 45.107166 ], [ 7.992396, 45.127458 ], [ 8.036733, 45.128095 ], [ 8.051531, 45.109122 ], [ 8.070459, 45.101771 ], [ 8.097632, 45.126325 ], [ 8.128987, 45.122996 ], [ 8.115012, 45.098315 ], [ 8.117185, 45.083383 ], [ 8.160204, 45.032642 ], [ 8.187964, 45.037261 ], [ 8.22073, 45.020521 ], [ 8.242626, 45.059591 ], [ 8.3014, 45.071436 ], [ 8.327007, 45.040935 ], [ 8.352928, 45.026388 ], [ 8.358603, 44.993487 ], [ 8.382799, 44.970934 ], [ 8.379263, 44.934064 ], [ 8.363518, 44.912948 ], [ 8.384803, 44.875943 ], [ 8.381411, 44.852361 ], [ 8.419747, 44.845372 ], [ 8.427392, 44.82032 ], [ 8.479489, 44.80423 ], [ 8.496848, 44.783079 ], [ 8.48671, 44.753085 ], [ 8.460754, 44.750471 ], [ 8.431073, 44.734394 ], [ 8.406759, 44.692287 ], [ 8.353587, 44.688838 ], [ 8.351089, 44.637271 ], [ 8.319811, 44.602354 ], [ 8.356556, 44.574419 ], [ 8.292462, 44.55792 ], [ 8.261596, 44.519424 ], [ 8.2353, 44.560449 ], [ 8.24132, 44.579167 ], [ 8.231326, 44.598213 ], [ 8.196264, 44.625479 ], [ 8.223253, 44.658952 ], [ 8.227663, 44.67951 ], [ 8.263209, 44.703578 ], [ 8.255832, 44.728621 ], [ 8.217937, 44.72822 ], [ 8.202937, 44.749519 ], [ 8.188755, 44.750793 ], [ 8.151701, 44.716342 ], [ 8.130308, 44.746103 ], [ 8.101099, 44.756804 ], [ 8.106258, 44.770512 ], [ 8.134098, 44.784493 ], [ 8.126321, 44.810711 ], [ 8.095345, 44.81902 ], [ 8.043341, 44.802566 ], [ 7.992649, 44.821087 ], [ 7.968778, 44.853137 ], [ 7.943387, 44.846305 ] ] ] } },
{ "type": "Feature", "properties": { "loc": "ITC18" }, "geometry": { "type": "Polygon", "coordinates": [ [ [ 8.547798, 45.168147 ], [ 8.610457, 45.125194 ], [ 8.612817, 45.105757 ], [ 8.642211, 45.078881 ], [ 8.640616, 45.040227 ], [ 8.658469, 45.02307 ], [ 8.693557, 45.024342 ], [ 8.709962, 45.035851 ], [ 8.771481, 45.010437 ], [ 8.798363, 45.023781 ], [ 8.800299, 45.032834 ], [ 8.843141, 45.048473 ], [ 8.878243, 45.054821 ], [ 8.89416, 45.048904 ], [ 8.903122, 45.008997 ], [ 8.917258, 44.988762 ], [ 8.961902, 44.984618 ], [ 8.977801, 44.964191 ], [ 8.97419, 44.940195 ], [ 9.00755, 44.905339 ], [ 9.05614, 44.883646 ], [ 9.064813, 44.862254 ], [ 9.052729, 44.847737 ], [ 9.07747, 44.818972 ], [ 9.111202, 44.807916 ], [ 9.154495, 44.810259 ], [ 9.171938, 44.795053 ], [ 9.176198, 44.769673 ], [ 9.210839, 44.751306 ], [ 9.200074, 44.686099 ], [ 9.198455, 44.595274 ], [ 9.154776, 44.576308 ], [ 9.131941, 44.575935 ], [ 9.109377, 44.585004 ], [ 9.097883, 44.610915 ], [ 9.072775, 44.622179 ], [ 9.047404, 44.619754 ], [ 9.014529, 44.663218 ], [ 8.932035, 44.675374 ], [ 8.885938, 44.637277 ], [ 8.903089, 44.617153 ], [ 8.91763, 44.563787 ], [ 8.89185, 44.555055 ], [ 8.867485, 44.563857 ], [ 8.828704, 44.559893 ], [ 8.824261, 44.542034 ], [ 8.79813, 44.524167 ], [ 8.797493, 44.502063 ], [ 8.783615, 44.48978 ], [ 8.772929, 44.491304 ], [ 8.767307, 44.521867 ], [ 8.732713, 44.568075 ], [ 8.710668, 44.580898 ], [ 8.624361, 44.583368 ], [ 8.601541, 44.563178 ], [ 8.609182, 44.542019 ], [ 8.576939, 44.52216 ], [ 8.576182, 44.509206 ], [ 8.489483, 44.510064 ], [ 8.468258, 44.519181 ], [ 8.447302, 44.50062 ], [ 8.413066, 44.510531 ], [ 8.388995, 44.478225 ], [ 8.359821, 44.467657 ], [ 8.345214, 44.484281 ], [ 8.272827, 44.508846 ], [ 8.261596, 44.519424 ], [ 8.292462, 44.55792 ], [ 8.356556, 44.574419 ], [ 8.319811, 44.602354 ], [ 8.351089, 44.637271 ], [ 8.353587, 44.688838 ], [ 8.406759, 44.692287 ], [ 8.431073, 44.734394 ], [ 8.460754, 44.750471 ], [ 8.48671, 44.753085 ], [ 8.496848, 44.783079 ], [ 8.479489, 44.80423 ], [ 8.427392, 44.82032 ], [ 8.419747, 44.845372 ], [ 8.381411, 44.852361 ], [ 8.384803, 44.875943 ], [ 8.363518, 44.912948 ], [ 8.379263, 44.934064 ], [ 8.382799, 44.970934 ], [ 8.358603, 44.993487 ], [ 8.352928, 45.026388 ], [ 8.327007, 45.040935 ], [ 8.3014, 45.071436 ], [ 8.242626, 45.059591 ], [ 8.22073, 45.020521 ], [ 8.187964, 45.037261 ], [ 8.160204, 45.032642 ], [ 8.117185, 45.083383 ], [ 8.115012, 45.098315 ], [ 8.143893, 45.143856 ], [ 8.139425, 45.159263 ], [ 8.151934, 45.168558 ], [ 8.170312, 45.169587 ], [ 8.177561, 45.16198 ], [ 8.201133, 45.175398 ], [ 8.223152, 45.165715 ], [ 8.268437, 45.179858 ], [ 8.333008, 45.170937 ], [ 8.364955, 45.197214 ], [ 8.399613, 45.203684 ], [ 8.436048, 45.196617 ], [ 8.473046, 45.202232 ], [ 8.495204, 45.195067 ], [ 8.511096, 45.173777 ], [ 8.547798, 45.168147 ] ] ] } },
{ "type": "Feature", "properties": { "loc": "ITC20" }, "geometry": { "type": "Polygon", "coordinates": [ [ [ 6.802369, 45.778562 ], [ 6.811922, 45.801051 ], [ 6.808133, 45.81882 ], [ 6.820459, 45.834871 ], [ 6.844261, 45.839137 ], [ 6.866207, 45.828688 ], [ 6.880381, 45.846726 ], [ 6.909035, 45.842097 ], [ 6.938978, 45.848997 ], [ 6.99585, 45.872817 ], [ 7.014534, 45.90914 ], [ 7.044886, 45.922413 ], [ 7.104088, 45.860517 ], [ 7.151777, 45.877312 ], [ 7.190651, 45.860273 ], [ 7.215438, 45.886419 ], [ 7.26128, 45.892029 ], [ 7.294035, 45.919763 ], [ 7.38647, 45.899424 ], [ 7.468698, 45.935526 ], [ 7.493542, 45.958582 ], [ 7.540194, 45.958233 ], [ 7.547943, 45.981864 ], [ 7.567238, 45.987009 ], [ 7.594776, 45.971101 ], [ 7.662851, 45.974437 ], [ 7.703825, 45.950458 ], [ 7.723657, 45.924748 ], [ 7.755545, 45.939035 ], [ 7.799833, 45.919358 ], [ 7.822674, 45.925173 ], [ 7.864077, 45.91675 ], [ 7.865887, 45.879605 ], [ 7.875161, 45.861018 ], [ 7.864492, 45.839831 ], [ 7.873457, 45.825912 ], [ 7.862355, 45.819899 ], [ 7.863518, 45.791126 ], [ 7.900099, 45.749578 ], [ 7.929027, 45.74244 ], [ 7.936649, 45.72434 ], [ 7.906839, 45.684036 ], [ 7.936696, 45.64039 ], [ 7.902878, 45.618461 ], [ 7.895811, 45.590028 ], [ 7.840835, 45.600136 ], [ 7.731564, 45.552957 ], [ 7.674569, 45.554222 ], [ 7.63719, 45.569599 ], [ 7.612159, 45.565049 ], [ 7.566049, 45.589815 ], [ 7.528249, 45.578027 ], [ 7.485883, 45.581729 ], [ 7.377999, 45.519248 ], [ 7.355819, 45.524248 ], [ 7.271498, 45.512743 ], [ 7.22055, 45.471899 ], [ 7.193155, 45.481029 ], [ 7.144856, 45.48122 ], [ 7.141008, 45.509496 ], [ 7.133167, 45.513128 ], [ 7.104723, 45.468454 ], [ 7.053973, 45.473343 ], [ 7.051486, 45.493471 ], [ 7.003593, 45.50467 ], [ 6.993556, 45.532742 ], [ 6.992545, 45.574229 ], [ 6.980359, 45.590634 ], [ 6.996418, 45.638706 ], [ 6.9618, 45.653096 ], [ 6.92246, 45.649101 ], [ 6.902063, 45.677076 ], [ 6.848287, 45.690663 ], [ 6.812195, 45.724989 ], [ 6.802369, 45.778562 ] ] ] } },
{ "type": "Feature", "properties": { "loc": "ITC31" }, "geometry": { "type": "Polygon", "coordinates": [ [ [ 8.01563, 44.110676 ], [ 8.035031, 44.084137 ], [ 8.035664, 44.0633 ], [ 7.989319, 44.029749 ], [ 7.986284, 44.010443 ], [ 8.017831, 43.982385 ], [ 8.096751, 43.97581 ], [ 8.135351, 43.93894 ], [ 8.089271, 43.912718 ], [ 8.071148, 43.891732 ], [ 8.031203, 43.883261 ], [ 7.953772, 43.848676 ], [ 7.866229, 43.833969 ], [ 7.831425, 43.818333 ], [ 7.788042, 43.81935 ], [ 7.737937, 43.797305 ], [ 7.706738, 43.799284 ], [ 7.670791, 43.778054 ], [ 7.578897, 43.791836 ], [ 7.552839, 43.782072 ], [ 7.529827, 43.784008 ], [ 7.498419, 43.850731 ], [ 7.500875, 43.872033 ], [ 7.558995, 43.899228 ], [ 7.572874, 43.944219 ], [ 7.65138, 43.976814 ], [ 7.667858, 43.998079 ], [ 7.665254, 44.026784 ], [ 7.698105, 44.042037 ], [ 7.743811, 44.081654 ], [ 7.72422, 44.100583 ], [ 7.726837, 44.11999 ], [ 7.760457, 44.137693 ], [ 7.888881, 44.10661 ], [ 8.01563, 44.110676 ] ] ] } },
{ "type": "Feature", "properties": { "loc": "ITC32" }, "geometry": { "type": "Polygon", "coordinates": [ [ [ 8.25282, 44.52874 ], [ 8.272827, 44.508846 ], [ 8.345214, 44.484281 ], [ 8.359821, 44.467657 ], [ 8.388995, 44.478225 ], [ 8.413066, 44.510531 ], [ 8.447302, 44.50062 ], [ 8.468258, 44.519181 ], [ 8.489483, 44.510064 ], [ 8.576182, 44.509206 ], [ 8.592509, 44.497695 ], [ 8.633476, 44.503924 ], [ 8.658693, 44.492796 ], [ 8.664141, 44.451849 ], [ 8.588026, 44.425748 ], [ 8.598525, 44.398292 ], [ 8.63301, 44.379803 ], [ 8.508602, 44.327154 ], [ 8.455, 44.288977 ], [ 8.443676, 44.272358 ], [ 8.4519, 44.254745 ], [ 8.418651, 44.222316 ], [ 8.421013, 44.195157 ], [ 8.410616, 44.185422 ], [ 8.270232, 44.138633 ], [ 8.232322, 44.091623 ], [ 8.223943, 44.04552 ], [ 8.164666, 43.992606 ], [ 8.161567, 43.975737 ], [ 8.170522, 43.956335 ], [ 8.135351, 43.93894 ], [ 8.096751, 43.97581 ], [ 8.017831, 43.982385 ], [ 7.986284, 44.010443 ], [ 7.989319, 44.029749 ], [ 8.035664, 44.0633 ], [ 8.035031, 44.084137 ], [ 7.985671, 44.141273 ], [ 8.011874, 44.153863 ], [ 8.065057, 44.146051 ], [ 8.093656, 44.178665 ], [ 8.09113, 44.196731 ], [ 8.068322, 44.219255 ], [ 8.077376, 44.239489 ], [ 8.066913, 44.253372 ], [ 8.087664, 44.275147 ], [ 8.06424, 44.291817 ], [ 8.063091, 44.303154 ], [ 8.073485, 44.310102 ], [ 8.101853, 44.304157 ], [ 8.109577, 44.330532 ], [ 8.140295, 44.341769 ], [ 8.152351, 44.383535 ], [ 8.204958, 44.405442 ], [ 8.218937, 44.432662 ], [ 8.198701, 44.474165 ], [ 8.219743, 44.485389 ], [ 8.225947, 44.513083 ], [ 8.25282, 44.52874 ] ] ] } },
{ "type": "Feature", "properties": { "loc": "ITC33" }, "geometry": { "type": "Polygon", "coordinates": [ [ [ 9.47906, 44.40924 ], [ 9.468833, 44.401374 ], [ 9.471943, 44.389902 ], [ 9.514702, 44.355124 ], [ 9.502535, 44.326684 ], [ 9.572245, 44.266579 ], [ 9.569261, 44.255892 ], [ 9.532021, 44.249365 ], [ 9.511344, 44.216675 ], [ 9.488051, 44.237029 ], [ 9.465405, 44.235969 ], [ 9.423489, 44.255974 ], [ 9.403789, 44.256111 ], [ 9.385636, 44.283206 ], [ 9.366603, 44.29541 ], [ 9.24019, 44.342746 ], [ 9.218013, 44.331057 ], [ 9.208972, 44.307819 ], [ 9.196603, 44.306134 ], [ 9.156719, 44.319656 ], [ 9.150913, 44.347058 ], [ 9.133685, 44.361207 ], [ 8.947942, 44.393111 ], [ 8.918709, 44.407944 ], [ 8.852732, 44.409908 ], [ 8.820091, 44.422892 ], [ 8.748524, 44.424463 ], [ 8.63301, 44.379803 ], [ 8.598525, 44.398292 ], [ 8.588026, 44.425748 ], [ 8.664141, 44.451849 ], [ 8.658693, 44.492796 ], [ 8.633476, 44.503924 ], [ 8.592509, 44.497695 ], [ 8.576182, 44.509206 ], [ 8.576939, 44.52216 ], [ 8.609182, 44.542019 ], [ 8.601541, 44.563178 ], [ 8.624361, 44.583368 ], [ 8.710668, 44.580898 ], [ 8.732713, 44.568075 ], [ 8.767307, 44.521867 ], [ 8.772929, 44.491304 ], [ 8.783615, 44.48978 ], [ 8.797493, 44.502063 ], [ 8.79813, 44.524167 ], [ 8.824261, 44.542034 ], [ 8.828704, 44.559893 ], [ 8.867485, 44.563857 ], [ 8.89185, 44.555055 ], [ 8.91763, 44.563787 ], [ 8.903089, 44.617153 ], [ 8.885938, 44.637277 ], [ 8.932035, 44.675374 ], [ 9.014529, 44.663218 ], [ 9.047404, 44.619754 ], [ 9.072775, 44.622179 ], [ 9.097883, 44.610915 ], [ 9.109377, 44.585004 ], [ 9.131941, 44.575935 ], [ 9.154776, 44.576308 ], [ 9.198455, 44.595274 ], [ 9.202996, 44.613476 ], [ 9.243458, 44.618115 ], [ 9.257589, 44.599357 ], [ 9.29992, 44.605871 ], [ 9.341977, 44.58084 ], [ 9.380206, 44.579328 ], [ 9.409681, 44.597914 ], [ 9.431824, 44.571795 ], [ 9.493363, 44.555859 ], [ 9.503198, 44.525635 ], [ 9.495178, 44.485572 ], [ 9.472852, 44.47924 ], [ 9.441032, 44.427269 ], [ 9.446433, 44.418536 ], [ 9.470577, 44.421325 ], [ 9.47906, 44.40924 ] ] ] } },
{ "type": "Feature", "properties": { "loc": "ITG28" }, "geometry": { "type": "MultiPolygon", "coordinates": [ [ [ [ 8.620307, 40.318978 ], [ 8.622088, 40.274965 ], [ 8.662537, 40.247068 ], [ 8.683026, 40.208485 ], [ 8.710685, 40.208755 ], [ 8.754637, 40.190313 ], [ 8.858627, 40.209363 ], [ 8.959044, 40.215212 ], [ 9.003102, 40.1996 ], [ 9.013588, 40.130186 ], [ 9.033046, 40.092325 ], [ 9.03827, 40.059362 ], [ 9.0251, 40.045394 ], [ 8.997251, 40.052953 ], [ 8.977046, 40.048062 ], [ 8.954132, 40.026049 ], [ 8.95262, 40.006396 ], [ 8.967626, 39.992578 ], [ 9.007978, 39.981743 ], [ 8.994476, 39.920912 ], [ 9.038124, 39.909118 ], [ 9.095455, 39.879747 ], [ 9.135377, 39.877896 ], [ 9.160289, 39.855474 ], [ 9.165613, 39.83256 ], [ 9.143227, 39.843263 ], [ 9.109794, 39.844824 ], [ 9.036382, 39.796899 ], [ 9.003261, 39.760611 ], [ 8.976336, 39.776835 ], [ 8.943633, 39.778404 ], [ 8.9342, 39.758355 ], [ 8.90856, 39.737272 ], [ 8.905122, 39.718803 ], [ 8.858646, 39.671425 ], [ 8.789649, 39.654059 ], [ 8.745096, 39.631667 ], [ 8.698641, 39.641704 ], [ 8.668221, 39.636226 ], [ 8.628283, 39.659029 ], [ 8.60458, 39.6893 ], [ 8.527088, 39.693136 ], [ 8.502255, 39.713007 ], [ 8.544508, 39.798411 ], [ 8.546477, 39.872074 ], [ 8.534568, 39.891697 ], [ 8.514992, 39.903483 ], [ 8.472614, 39.901802 ], [ 8.437677, 39.880825 ], [ 8.406805, 39.900448 ], [ 8.395679, 39.973068 ], [ 8.40975, 40.015969 ], [ 8.388305, 40.037733 ], [ 8.453334, 40.053455 ], [ 8.488015, 40.088921 ], [ 8.460791, 40.161011 ], [ 8.463939, 40.223671 ], [ 8.480759, 40.277255 ], [ 8.459187, 40.315172 ], [ 8.386825, 40.343914 ], [ 8.383724, 40.361945 ], [ 8.399809, 40.407568 ], [ 8.425933, 40.395058 ], [ 8.478318, 40.41026 ], [ 8.49573, 40.423234 ], [ 8.510522, 40.420746 ], [ 8.526591, 40.403627 ], [ 8.546609, 40.397334 ], [ 8.594019, 40.334928 ], [ 8.620307, 40.318978 ] ] ], [ [ [ 8.443369, 39.865176 ], [ 8.436408, 39.85202 ], [ 8.427357, 39.860169 ], [ 8.428694, 39.86796 ], [ 8.443369, 39.865176 ] ] ] ] } },
{ "type": "Feature", "properties": { "loc": "ITG29" }, "geometry": { "type": "MultiPolygon", "coordinates": [ [ [ [ 8.802689, 40.931048 ], [ 8.889568, 41.023413 ], [ 8.938565, 41.053085 ], [ 9.006601, 41.114321 ], [ 9.042109, 41.130992 ], [ 9.098952, 41.137031 ], [ 9.142812, 41.157447 ], [ 9.161724, 41.177975 ], [ 9.175233, 41.228432 ], [ 9.239574, 41.244493 ], [ 9.299005, 41.200462 ], [ 9.355745, 41.198269 ], [ 9.398553, 41.180386 ], [ 9.445043, 41.119404 ], [ 9.509443, 41.145717 ], [ 9.549228, 41.117666 ], [ 9.554902, 41.096897 ], [ 9.535085, 41.065682 ], [ 9.526848, 41.027178 ], [ 9.569068, 41.013645 ], [ 9.604592, 41.012471 ], [ 9.627549, 40.998909 ], [ 9.600556, 40.986053 ], [ 9.548254, 40.92161 ], [ 9.581186, 40.909039 ], [ 9.623136, 40.909667 ], [ 9.641966, 40.879628 ], [ 9.690878, 40.847579 ], [ 9.683396, 40.786634 ], [ 9.74937, 40.658097 ], [ 9.73047, 40.671698 ], [ 9.697547, 40.676999 ], [ 9.67571, 40.664796 ], [ 9.647334, 40.692463 ], [ 9.584325, 40.703572 ], [ 9.555328, 40.67438 ], [ 9.511765, 40.650522 ], [ 9.422099, 40.655859 ], [ 9.413044, 40.633615 ], [ 9.382921, 40.614336 ], [ 9.390826, 40.594144 ], [ 9.371292, 40.573747 ], [ 9.288205, 40.528925 ], [ 9.232275, 40.539353 ], [ 9.189468, 40.536827 ], [ 9.192858, 40.622724 ], [ 9.174941, 40.658327 ], [ 9.114074, 40.647886 ], [ 9.012826, 40.681745 ], [ 9.006623, 40.692977 ], [ 9.017208, 40.703737 ], [ 9.028764, 40.744893 ], [ 9.023013, 40.798747 ], [ 8.993694, 40.810892 ], [ 9.00283, 40.829073 ], [ 8.975787, 40.858752 ], [ 8.950559, 40.864193 ], [ 8.924256, 40.852437 ], [ 8.900853, 40.864857 ], [ 8.900017, 40.88896 ], [ 8.931192, 40.887515 ], [ 8.983612, 40.908918 ], [ 8.982039, 40.92519 ], [ 8.96682, 40.936389 ], [ 8.969161, 40.954017 ], [ 8.94202, 40.959385 ], [ 8.883169, 40.933166 ], [ 8.832348, 40.945672 ], [ 8.802689, 40.931048 ] ] ], [ [ [ 9.743, 40.870551 ], [ 9.7364, 40.858778 ], [ 9.70938, 40.869397 ], [ 9.715371, 40.876586 ], [ 9.743, 40.870551 ] ] ], [ [ [ 9.7409, 40.911956 ], [ 9.692809, 40.888712 ], [ 9.683637, 40.893811 ], [ 9.739963, 40.919448 ], [ 9.7409, 40.911956 ] ] ], [ [ [ 9.481938, 41.237801 ], [ 9.488242, 41.219154 ], [ 9.46586, 41.189432 ], [ 9.47645, 41.186795 ], [ 9.474687, 41.174103 ], [ 9.449347, 41.188928 ], [ 9.441891, 41.181735 ], [ 9.433448, 41.188849 ], [ 9.441176, 41.191155 ], [ 9.449607, 41.224209 ], [ 9.458238, 41.223452 ], [ 9.463916, 41.243889 ], [ 9.481938, 41.237801 ] ] ], [ [ [ 9.428556, 41.262691 ], [ 9.439616, 41.216466 ], [ 9.387349, 41.209869 ], [ 9.375852, 41.217961 ], [ 9.374881, 41.229526 ], [ 9.388282, 41.233097 ], [ 9.403718, 41.254482 ], [ 9.412573, 41.252311 ], [ 9.416572, 41.267329 ], [ 9.428556, 41.262691 ] ] ], [ [ [ 9.423006, 41.193454 ], [ 9.409315, 41.18669 ], [ 9.396561, 41.1921 ], [ 9.411683, 41.207502 ], [ 9.420465, 41.206875 ], [ 9.423006, 41.193454 ] ] ], [ [ [ 9.334313, 41.305262 ], [ 9.361415, 41.296577 ], [ 9.37889, 41.306199 ], [ 9.382899, 41.2994 ], [ 9.365559, 41.28902 ], [ 9.3563, 41.291737 ], [ 9.360166, 41.278226 ], [ 9.349927, 41.275139 ], [ 9.339722, 41.285701 ], [ 9.351911, 41.293226 ], [ 9.338913, 41.298244 ], [ 9.334313, 41.305262 ] ] ], [ [ [ 9.360058, 41.241683 ], [ 9.340236, 41.228801 ], [ 9.333084, 41.238982 ], [ 9.340236, 41.252709 ], [ 9.360058, 41.241683 ] ] ], [ [ [ 9.159938, 41.236888 ], [ 9.148371, 41.230756 ], [ 9.13966, 41.241077 ], [ 9.145139, 41.246486 ], [ 9.159938, 41.236888 ] ] ] ] } },
{ "type": "Feature", "properties": { "loc": "ITG2A" }, "geometry": { "type": "Polygon", "coordinates": [ [ [ 9.274971, 39.852353 ], [ 9.29162, 39.979948 ], [ 9.320424, 39.997501 ], [ 9.296569, 40.031707 ], [ 9.317923, 40.042225 ], [ 9.334259, 40.067992 ], [ 9.371646, 40.074593 ], [ 9.432834, 40.105762 ], [ 9.482463, 40.171067 ], [ 9.51494, 40.192595 ], [ 9.524287, 40.21441 ], [ 9.573475, 40.193393 ], [ 9.597036, 40.214108 ], [ 9.626527, 40.224877 ], [ 9.630055, 40.19137 ], [ 9.656623, 40.142513 ], [ 9.689212, 40.110023 ], [ 9.726821, 40.090302 ], [ 9.732309, 40.078573 ], [ 9.686965, 39.976681 ], [ 9.688357, 39.948999 ], [ 9.713813, 39.929662 ], [ 9.690324, 39.914161 ], [ 9.682778, 39.896827 ], [ 9.693286, 39.852729 ], [ 9.670222, 39.785656 ], [ 9.675471, 39.713215 ], [ 9.64901, 39.652746 ], [ 9.656787, 39.583714 ], [ 9.651119, 39.549324 ], [ 9.594948, 39.57272 ], [ 9.554548, 39.575711 ], [ 9.527932, 39.589624 ], [ 9.505495, 39.618675 ], [ 9.487055, 39.619594 ], [ 9.4604, 39.638991 ], [ 9.443369, 39.640056 ], [ 9.428818, 39.625794 ], [ 9.415942, 39.626917 ], [ 9.398878, 39.653478 ], [ 9.398257, 39.686599 ], [ 9.352431, 39.695133 ], [ 9.355687, 39.703678 ], [ 9.382342, 39.713496 ], [ 9.391575, 39.737771 ], [ 9.363408, 39.753368 ], [ 9.345661, 39.782773 ], [ 9.290881, 39.810592 ], [ 9.290326, 39.82821 ], [ 9.274971, 39.852353 ] ] ] } },
{ "type": "Feature", "properties": { "loc": "ITG2B" }, "geometry": { "type": "Polygon", "coordinates": [ [ [ 8.393, 39.446529 ], [ 8.386962, 39.470622 ], [ 8.446306, 39.539502 ], [ 8.468352, 39.598827 ], [ 8.451091, 39.632253 ], [ 8.450988, 39.764035 ], [ 8.462733, 39.762771 ], [ 8.527088, 39.693136 ], [ 8.60458, 39.6893 ], [ 8.628283, 39.659029 ], [ 8.668221, 39.636226 ], [ 8.698641, 39.641704 ], [ 8.745096, 39.631667 ], [ 8.789649, 39.654059 ], [ 8.858646, 39.671425 ], [ 8.905122, 39.718803 ], [ 8.90856, 39.737272 ], [ 8.9342, 39.758355 ], [ 8.943633, 39.778404 ], [ 8.976336, 39.776835 ], [ 9.003261, 39.760611 ], [ 9.070298, 39.748999 ], [ 9.056575, 39.730087 ], [ 9.046008, 39.642962 ], [ 8.98616, 39.534662 ], [ 9.008661, 39.52327 ], [ 9.013772, 39.489626 ], [ 8.966429, 39.461362 ], [ 8.974745, 39.420916 ], [ 8.922701, 39.399576 ], [ 8.881506, 39.399364 ], [ 8.830137, 39.412535 ], [ 8.760267, 39.404552 ], [ 8.699288, 39.374976 ], [ 8.64382, 39.382746 ], [ 8.622827, 39.414206 ], [ 8.586776, 39.431907 ], [ 8.527771, 39.479433 ], [ 8.497831, 39.481375 ], [ 8.455507, 39.464673 ], [ 8.42544, 39.468603 ], [ 8.393, 39.446529 ] ] ] } },
{ "type": "Feature", "properties": { "loc": "ITG2C" }, "geometry": { "type": "MultiPolygon", "coordinates": [ [ [ [ 8.699288, 39.374976 ], [ 8.708185, 39.361816 ], [ 8.702565, 39.323097 ], [ 8.723798, 39.285592 ], [ 8.740442, 39.273719 ], [ 8.759616, 39.199614 ], [ 8.775492, 39.178556 ], [ 8.819532, 39.157267 ], [ 8.822848, 39.121758 ], [ 8.84499, 39.103435 ], [ 8.851369, 39.084179 ], [ 8.830877, 39.050352 ], [ 8.745618, 39.048542 ], [ 8.70225, 39.030599 ], [ 8.662746, 39.038691 ], [ 8.655029, 39.024562 ], [ 8.657772, 39.001147 ], [ 8.63885, 38.992786 ], [ 8.612392, 38.957788 ], [ 8.589418, 38.959349 ], [ 8.56728, 38.998677 ], [ 8.574365, 39.025151 ], [ 8.566796, 39.041506 ], [ 8.528712, 39.059102 ], [ 8.478398, 39.061645 ], [ 8.485331, 39.086685 ], [ 8.471706, 39.110544 ], [ 8.440747, 39.119944 ], [ 8.43475, 39.15601 ], [ 8.405947, 39.171019 ], [ 8.397368, 39.194037 ], [ 8.370115, 39.214722 ], [ 8.371446, 39.2303 ], [ 8.425863, 39.272688 ], [ 8.435157, 39.291129 ], [ 8.416591, 39.331592 ], [ 8.398332, 39.340523 ], [ 8.380251, 39.371616 ], [ 8.383381, 39.388002 ], [ 8.410158, 39.42197 ], [ 8.408316, 39.439904 ], [ 8.393, 39.446529 ], [ 8.42544, 39.468603 ], [ 8.455507, 39.464673 ], [ 8.497831, 39.481375 ], [ 8.527771, 39.479433 ], [ 8.586776, 39.431907 ], [ 8.622827, 39.414206 ], [ 8.64382, 39.382746 ], [ 8.699288, 39.374976 ] ] ], [ [ [ 8.367839, 39.109901 ], [ 8.387519, 39.10083 ], [ 8.423465, 39.10644 ], [ 8.454439, 39.081841 ], [ 8.468185, 39.054968 ], [ 8.436669, 38.965061 ], [ 8.405159, 38.963149 ], [ 8.36306, 39.035181 ], [ 8.350261, 39.079617 ], [ 8.367839, 39.109901 ] ] ], [ [ [ 8.307984, 39.183841 ], [ 8.312803, 39.137019 ], [ 8.305765, 39.102065 ], [ 8.296887, 39.095699 ], [ 8.277814, 39.09452 ], [ 8.247373, 39.11107 ], [ 8.249568, 39.134056 ], [ 8.220471, 39.146376 ], [ 8.226405, 39.161406 ], [ 8.262867, 39.172736 ], [ 8.26691, 39.181066 ], [ 8.307984, 39.183841 ] ] ] ] } },
{ "type": "Feature", "properties": { "loc": "ITH10" }, "geometry": { "type": "Polygon", "coordinates": [ [ [ 10.622146, 46.448102 ], [ 10.600488, 46.468681 ], [ 10.577735, 46.47344 ], [ 10.552405, 46.491203 ], [ 10.47614, 46.495553 ], [ 10.458143, 46.510971 ], [ 10.452801, 46.530683 ], [ 10.475177, 46.555143 ], [ 10.488775, 46.614276 ], [ 10.450023, 46.638662 ], [ 10.403499, 46.639254 ], [ 10.385656, 46.683521 ], [ 10.415094, 46.71266 ], [ 10.405403, 46.734833 ], [ 10.440494, 46.755798 ], [ 10.42605, 46.790593 ], [ 10.45185, 46.807963 ], [ 10.469652, 46.854909 ], [ 10.563711, 46.842609 ], [ 10.668577, 46.871368 ], [ 10.755142, 46.827843 ], [ 10.732913, 46.799459 ], [ 10.737906, 46.789661 ], [ 10.785319, 46.792872 ], [ 10.815117, 46.777923 ], [ 10.879994, 46.765684 ], [ 10.929062, 46.77439 ], [ 11.016495, 46.76939 ], [ 11.042531, 46.802639 ], [ 11.075709, 46.821597 ], [ 11.074151, 46.851126 ], [ 11.096497, 46.887223 ], [ 11.102469, 46.913964 ], [ 11.117953, 46.928121 ], [ 11.156772, 46.939672 ], [ 11.164282, 46.965722 ], [ 11.211136, 46.965408 ], [ 11.321243, 46.990073 ], [ 11.357775, 46.989236 ], [ 11.386779, 46.970058 ], [ 11.409212, 46.9661 ], [ 11.439412, 46.976318 ], [ 11.483343, 47.009661 ], [ 11.507442, 47.006525 ], [ 11.5411, 46.986373 ], [ 11.6272, 47.013299 ], [ 11.655518, 46.995964 ], [ 11.706629, 46.992373 ], [ 11.729465, 46.974031 ], [ 11.749926, 46.970112 ], [ 11.783497, 46.990305 ], [ 11.832739, 46.993496 ], [ 11.923611, 47.034355 ], [ 11.982827, 47.049191 ], [ 12.0219, 47.04845 ], [ 12.043226, 47.059352 ], [ 12.072786, 47.060184 ], [ 12.094929, 47.075417 ], [ 12.191019, 47.090343 ], [ 12.240746, 47.069168 ], [ 12.219314, 47.057648 ], [ 12.203522, 47.028442 ], [ 12.14536, 47.022478 ], [ 12.125063, 47.009972 ], [ 12.140079, 46.959065 ], [ 12.165463, 46.939083 ], [ 12.154221, 46.912646 ], [ 12.189736, 46.904124 ], [ 12.216797, 46.87661 ], [ 12.245094, 46.888909 ], [ 12.270203, 46.88369 ], [ 12.3042, 46.837697 ], [ 12.287026, 46.816445 ], [ 12.284845, 46.786467 ], [ 12.354637, 46.774397 ], [ 12.386129, 46.716454 ], [ 12.477924, 46.679835 ], [ 12.382935, 46.641101 ], [ 12.386538, 46.627599 ], [ 12.380401, 46.62285 ], [ 12.327866, 46.630399 ], [ 12.289144, 46.618857 ], [ 12.257103, 46.626767 ], [ 12.196447, 46.597131 ], [ 12.193654, 46.61799 ], [ 12.170909, 46.632484 ], [ 12.071216, 46.67244 ], [ 12.069918, 46.637494 ], [ 12.048837, 46.608133 ], [ 12.046514, 46.588808 ], [ 12.001699, 46.537069 ], [ 11.965349, 46.543775 ], [ 11.938617, 46.529271 ], [ 11.912733, 46.531381 ], [ 11.828337, 46.508914 ], [ 11.807692, 46.527385 ], [ 11.773045, 46.510988 ], [ 11.717624, 46.511576 ], [ 11.641646, 46.497692 ], [ 11.64287, 46.481669 ], [ 11.625659, 46.463642 ], [ 11.602499, 46.396799 ], [ 11.566291, 46.37766 ], [ 11.551374, 46.351297 ], [ 11.479403, 46.359785 ], [ 11.449269, 46.335336 ], [ 11.408257, 46.323306 ], [ 11.371138, 46.299217 ], [ 11.386633, 46.280201 ], [ 11.387572, 46.265441 ], [ 11.362579, 46.26743 ], [ 11.325655, 46.290679 ], [ 11.300633, 46.259612 ], [ 11.209695, 46.222762 ], [ 11.180143, 46.236372 ], [ 11.193959, 46.255298 ], [ 11.146089, 46.283399 ], [ 11.175648, 46.304046 ], [ 11.196897, 46.334886 ], [ 11.196961, 46.361023 ], [ 11.211709, 46.397177 ], [ 11.216086, 46.466621 ], [ 11.20756, 46.491751 ], [ 11.194329, 46.502569 ], [ 11.131176, 46.485062 ], [ 11.094616, 46.502756 ], [ 11.079282, 46.525651 ], [ 11.055201, 46.518245 ], [ 11.048725, 46.509884 ], [ 11.066161, 46.445988 ], [ 10.979125, 46.481695 ], [ 10.911996, 46.446773 ], [ 10.821587, 46.441075 ], [ 10.796206, 46.448719 ], [ 10.757165, 46.482905 ], [ 10.683443, 46.452351 ], [ 10.622146, 46.448102 ] ] ] } },
{ "type": "Feature", "properties": { "loc": "ITH20" }, "geometry": { "type": "Polygon", "coordinates": [ [ [ 10.840177, 45.832758 ], [ 10.696697, 45.839285 ], [ 10.657676, 45.830559 ], [ 10.64146, 45.804941 ], [ 10.611677, 45.804486 ], [ 10.553552, 45.784513 ], [ 10.535397, 45.790486 ], [ 10.529799, 45.805733 ], [ 10.53751, 45.819594 ], [ 10.505828, 45.829301 ], [ 10.502048, 45.872849 ], [ 10.49217, 45.89064 ], [ 10.508164, 45.919715 ], [ 10.492185, 45.936042 ], [ 10.485236, 45.968548 ], [ 10.455999, 45.977814 ], [ 10.454283, 45.993469 ], [ 10.461058, 46.011233 ], [ 10.483799, 46.02687 ], [ 10.483853, 46.057153 ], [ 10.544329, 46.110145 ], [ 10.54858, 46.141712 ], [ 10.562175, 46.166283 ], [ 10.544611, 46.193138 ], [ 10.583149, 46.250101 ], [ 10.564223, 46.283501 ], [ 10.576426, 46.299115 ], [ 10.562356, 46.325477 ], [ 10.515752, 46.343224 ], [ 10.564808, 46.375298 ], [ 10.604815, 46.38006 ], [ 10.625429, 46.398685 ], [ 10.617883, 46.426812 ], [ 10.622146, 46.448102 ], [ 10.683443, 46.452351 ], [ 10.757165, 46.482905 ], [ 10.796206, 46.448719 ], [ 10.821587, 46.441075 ], [ 10.911996, 46.446773 ], [ 10.979125, 46.481695 ], [ 11.066161, 46.445988 ], [ 11.048725, 46.509884 ], [ 11.055201, 46.518245 ], [ 11.079282, 46.525651 ], [ 11.094616, 46.502756 ], [ 11.131176, 46.485062 ], [ 11.194329, 46.502569 ], [ 11.20756, 46.491751 ], [ 11.216086, 46.466621 ], [ 11.211709, 46.397177 ], [ 11.196961, 46.361023 ], [ 11.196897, 46.334886 ], [ 11.175648, 46.304046 ], [ 11.146089, 46.283399 ], [ 11.193959, 46.255298 ], [ 11.180143, 46.236372 ], [ 11.209695, 46.222762 ], [ 11.300633, 46.259612 ], [ 11.325655, 46.290679 ], [ 11.362579, 46.26743 ], [ 11.387572, 46.265441 ], [ 11.386633, 46.280201 ], [ 11.371138, 46.299217 ], [ 11.408257, 46.323306 ], [ 11.449269, 46.335336 ], [ 11.479403, 46.359785 ], [ 11.551374, 46.351297 ], [ 11.566291, 46.37766 ], [ 11.602499, 46.396799 ], [ 11.625659, 46.463642 ], [ 11.64287, 46.481669 ], [ 11.641646, 46.497692 ], [ 11.717624, 46.511576 ], [ 11.773045, 46.510988 ], [ 11.807692, 46.527385 ], [ 11.828337, 46.508914 ], [ 11.81474, 46.495455 ], [ 11.814877, 46.480383 ], [ 11.876846, 46.470486 ], [ 11.88613, 46.461411 ], [ 11.886596, 46.444686 ], [ 11.846733, 46.428078 ], [ 11.832349, 46.370144 ], [ 11.819882, 46.373725 ], [ 11.778008, 46.355671 ], [ 11.82936, 46.322972 ], [ 11.838297, 46.306413 ], [ 11.829252, 46.288178 ], [ 11.835239, 46.275293 ], [ 11.883501, 46.275801 ], [ 11.891263, 46.25611 ], [ 11.920704, 46.247255 ], [ 11.91415, 46.222997 ], [ 11.960185, 46.190296 ], [ 11.948343, 46.17267 ], [ 11.930064, 46.172693 ], [ 11.917094, 46.147965 ], [ 11.886011, 46.11857 ], [ 11.805908, 46.102641 ], [ 11.723611, 46.102973 ], [ 11.687193, 46.091194 ], [ 11.68629, 46.071164 ], [ 11.703292, 46.04981 ], [ 11.670869, 46.037354 ], [ 11.684319, 45.984078 ], [ 11.679196, 45.967382 ], [ 11.631314, 45.962392 ], [ 11.590257, 45.971791 ], [ 11.575715, 46.004438 ], [ 11.538861, 46.012353 ], [ 11.495148, 46.008765 ], [ 11.443192, 45.981866 ], [ 11.376531, 45.981522 ], [ 11.380435, 45.947317 ], [ 11.360519, 45.941085 ], [ 11.34502, 45.912924 ], [ 11.306776, 45.929462 ], [ 11.296217, 45.919303 ], [ 11.263055, 45.914772 ], [ 11.252027, 45.886486 ], [ 11.239813, 45.879264 ], [ 11.237473, 45.857182 ], [ 11.192122, 45.814721 ], [ 11.199263, 45.784572 ], [ 11.176336, 45.783929 ], [ 11.175029, 45.735237 ], [ 11.142889, 45.710514 ], [ 11.138338, 45.697088 ], [ 11.095373, 45.694277 ], [ 11.057366, 45.714879 ], [ 11.025536, 45.706216 ], [ 11.014045, 45.714593 ], [ 10.979278, 45.686808 ], [ 10.926193, 45.678389 ], [ 10.915341, 45.687425 ], [ 10.918951, 45.701126 ], [ 10.846864, 45.720298 ], [ 10.880083, 45.774017 ], [ 10.875391, 45.794401 ], [ 10.883773, 45.811361 ], [ 10.840177, 45.832758 ] ] ] } },
{ "type": "Feature", "properties": { "loc": "ITH31" }, "geometry": { "type": "Polygon", "coordinates": [ [ [ 11.138338, 45.697088 ], [ 11.153591, 45.677765 ], [ 11.151242, 45.651781 ], [ 11.171637, 45.627963 ], [ 11.184669, 45.620861 ], [ 11.21011, 45.623802 ], [ 11.24391, 45.583739 ], [ 11.254145, 45.541196 ], [ 11.283439, 45.510212 ], [ 11.322541, 45.493613 ], [ 11.321619, 45.433027 ], [ 11.339968, 45.41809 ], [ 11.342693, 45.401751 ], [ 11.334041, 45.388644 ], [ 11.35097, 45.370852 ], [ 11.353961, 45.351677 ], [ 11.446526, 45.326362 ], [ 11.438576, 45.307226 ], [ 11.486195, 45.283307 ], [ 11.487055, 45.265952 ], [ 11.428579, 45.255378 ], [ 11.404379, 45.262543 ], [ 11.394938, 45.255955 ], [ 11.404079, 45.241185 ], [ 11.408356, 45.180696 ], [ 11.425857, 45.150158 ], [ 11.413682, 45.122365 ], [ 11.438119, 45.098202 ], [ 11.441245, 45.075478 ], [ 11.400031, 45.055043 ], [ 11.363585, 45.058437 ], [ 11.306866, 45.091092 ], [ 11.223267, 45.086147 ], [ 11.205503, 45.109487 ], [ 11.145834, 45.124234 ], [ 11.129316, 45.106058 ], [ 11.101933, 45.109221 ], [ 11.087792, 45.098118 ], [ 11.044429, 45.111757 ], [ 11.032451, 45.123579 ], [ 11.043585, 45.150171 ], [ 10.998952, 45.151853 ], [ 10.992744, 45.191488 ], [ 10.942714, 45.209735 ], [ 10.932794, 45.23232 ], [ 10.849074, 45.257948 ], [ 10.828191, 45.283387 ], [ 10.785606, 45.312776 ], [ 10.732457, 45.291015 ], [ 10.729367, 45.312766 ], [ 10.687284, 45.348476 ], [ 10.709664, 45.365373 ], [ 10.702205, 45.378697 ], [ 10.715295, 45.395996 ], [ 10.713974, 45.414205 ], [ 10.671491, 45.426174 ], [ 10.654656, 45.415827 ], [ 10.647579, 45.420981 ], [ 10.63028, 45.607284 ], [ 10.70886, 45.680114 ], [ 10.840177, 45.832758 ], [ 10.883773, 45.811361 ], [ 10.875391, 45.794401 ], [ 10.880083, 45.774017 ], [ 10.846864, 45.720298 ], [ 10.918951, 45.701126 ], [ 10.915341, 45.687425 ], [ 10.926193, 45.678389 ], [ 10.979278, 45.686808 ], [ 11.014045, 45.714593 ], [ 11.025536, 45.706216 ], [ 11.057366, 45.714879 ], [ 11.095373, 45.694277 ], [ 11.138338, 45.697088 ] ] ] } },
{ "type": "Feature", "properties": { "loc": "ITH32" }, "geometry": { "type": "Polygon", "coordinates": [ [ [ 11.138338, 45.697088 ], [ 11.142889, 45.710514 ], [ 11.175029, 45.735237 ], [ 11.176336, 45.783929 ], [ 11.199263, 45.784572 ], [ 11.192122, 45.814721 ], [ 11.237473, 45.857182 ], [ 11.239813, 45.879264 ], [ 11.252027, 45.886486 ], [ 11.263055, 45.914772 ], [ 11.296217, 45.919303 ], [ 11.306776, 45.929462 ], [ 11.34502, 45.912924 ], [ 11.360519, 45.941085 ], [ 11.380435, 45.947317 ], [ 11.376531, 45.981522 ], [ 11.443192, 45.981866 ], [ 11.495148, 46.008765 ], [ 11.538861, 46.012353 ], [ 11.575715, 46.004438 ], [ 11.590257, 45.971791 ], [ 11.631314, 45.962392 ], [ 11.679196, 45.967382 ], [ 11.684319, 45.984078 ], [ 11.711564, 45.97113 ], [ 11.732856, 45.935539 ], [ 11.786505, 45.92163 ], [ 11.777944, 45.892517 ], [ 11.799596, 45.880558 ], [ 11.747199, 45.852425 ], [ 11.761963, 45.806778 ], [ 11.7783, 45.794529 ], [ 11.810229, 45.795189 ], [ 11.832021, 45.744602 ], [ 11.815949, 45.738505 ], [ 11.821667, 45.687179 ], [ 11.716376, 45.679014 ], [ 11.680616, 45.645157 ], [ 11.652079, 45.633276 ], [ 11.647696, 45.60165 ], [ 11.669782, 45.582018 ], [ 11.65924, 45.547307 ], [ 11.735705, 45.550327 ], [ 11.752665, 45.525186 ], [ 11.736417, 45.511263 ], [ 11.739528, 45.477755 ], [ 11.710465, 45.471861 ], [ 11.686376, 45.433468 ], [ 11.619391, 45.386874 ], [ 11.620252, 45.339418 ], [ 11.582481, 45.293893 ], [ 11.596357, 45.260175 ], [ 11.487055, 45.265952 ], [ 11.486195, 45.283307 ], [ 11.438576, 45.307226 ], [ 11.446526, 45.326362 ], [ 11.353961, 45.351677 ], [ 11.35097, 45.370852 ], [ 11.334041, 45.388644 ], [ 11.342693, 45.401751 ], [ 11.339968, 45.41809 ], [ 11.321619, 45.433027 ], [ 11.322541, 45.493613 ], [ 11.283439, 45.510212 ], [ 11.254145, 45.541196 ], [ 11.24391, 45.583739 ], [ 11.21011, 45.623802 ], [ 11.184669, 45.620861 ], [ 11.171637, 45.627963 ], [ 11.151242, 45.651781 ], [ 11.153591, 45.677765 ], [ 11.138338, 45.697088 ] ] ] } }
]
}
