{
"type": "FeatureCollection",
"name": "regions_AO",
"crs": { "type": "name", "properties": { "name": "urn:ogc:def:crs:OGC:1.3:CRS84" } },
"features": [
{ "type": "Feature", "properties": { "loc": "AO-A1-0001" }, "geometry": { "type": "Polygon", "coordinates": [ [ [ 13.998458362379205, -7.653681898873513 ], [ 14.036118459688483, -7.664133280742261 ], [ 14.054442310448943, -7.655150982630913 ], [ 14.097517124091752, -7.660070845055392 ], [ 14.118316597393665, -7.650469405595897 ], [ 14.141092837016611, -7.69834038142673 ], [ 14.15453691279156, -7.704283097722856 ], [ 14.16076934945032, -7.728158223681683 ], [ 14.211179119724715, -7.73741485355958 ], [ 14.21588555125517, -7.756466326028525 ], [ 14.23507741337442, -7.770441121801467 ], [ 14.246152978612425, -7.822548806880617 ], [ 14.266042102545473, -7.832603178446954 ], [ 14.281160678383742, -7.859326743360088 ], [ 14.310954825619771, -7.882091437585506 ], [ 14.330342677799823, -7.883868405591935 ], [ 14.332805723189779, -7.890753685900679 ], [ 14.343497099118974, -7.882136423635147 ], [ 14.35547379568991, -7.884102575522226 ], [ 14.36777399272362, -7.897006058045411 ], [ 14.397379359454998, -7.907064578737502 ], [ 14.403807811912461, -7.918442405895446 ], [ 14.414826496462929, -7.914790525884078 ], [ 14.424077010067027, -7.934657972374618 ], [ 14.443904939573038, -7.942647765481384 ], [ 14.456222341907488, -7.931554581899528 ], [ 14.463590460720877, -7.951132571163614 ], [ 14.484965124130422, -7.960535073202882 ], [ 14.572581131753282, -7.946023879268408 ], [ 14.619672010727047, -7.919264289685982 ], [ 14.672723417742173, -7.928149837784618 ], [ 14.688247399921117, -7.912281584988504 ], [ 14.7316737711086, -7.93962808320178 ], [ 14.73926885402479, -7.959601671807951 ], [ 14.731418146589537, -7.967121975999151 ], [ 14.732896997729217, -7.98149712057065 ], [ 14.703235573967799, -7.998515823158817 ], [ 14.708534494796588, -8.035480874906723 ], [ 14.695159586642692, -8.056138582948128 ], [ 14.701302060073118, -8.080906149119174 ], [ 14.714635978946156, -8.086178662175017 ], [ 14.723982245640688, -8.114677843627019 ], [ 14.67101463090783, -8.137993303182848 ], [ 14.639772104244386, -8.185120268834348 ], [ 14.641786404787549, -8.198549821599658 ], [ 14.621983258584415, -8.229031587641581 ], [ 14.620813479408667, -8.246549203427081 ], [ 14.612509576223243, -8.247747471164027 ], [ 14.620978024850118, -8.255394869458557 ], [ 14.611917409221942, -8.263714748502574 ], [ 14.633885905081989, -8.263850323751823 ], [ 14.638883691048399, -8.280861680938548 ], [ 14.660340651344494, -8.290292992151086 ], [ 14.654230274106972, -8.301269386603641 ], [ 14.669826214526882, -8.357100134762133 ], [ 14.645140118897615, -8.373943813499066 ], [ 14.640720582741107, -8.388310394519364 ], [ 14.635701732332063, -8.383170195460435 ], [ 14.633569382841927, -8.392629798547238 ], [ 14.619303830067754, -8.38787945930625 ], [ 14.599391208900592, -8.399895105584823 ], [ 14.601635439771332, -8.41113738581735 ], [ 14.61709669379303, -8.422858283127136 ], [ 14.622484440578987, -8.410157469725435 ], [ 14.660917532766682, -8.40749117482226 ], [ 14.669566683723989, -8.397393681194179 ], [ 14.68830682483917, -8.394207407115021 ], [ 14.718384607122026, -8.411838571011968 ], [ 14.732101648410545, -8.40839647720785 ], [ 14.772703090714501, -8.425173609012463 ], [ 14.785620865643168, -8.421775052188943 ], [ 14.820381673060989, -8.431908290863502 ], [ 14.824478926737861, -8.402833520671363 ], [ 14.844410205172487, -8.384984542026578 ], [ 14.928256054390854, -8.405948955287871 ], [ 14.951956344407513, -8.427201222560901 ], [ 14.960744114990021, -8.454849573791426 ], [ 14.966738493985066, -8.546303505589995 ], [ 14.980380684482686, -8.595924508452471 ], [ 14.979529293047822, -8.638240263000144 ], [ 14.943669326511166, -8.71320962285728 ], [ 14.932140439540653, -8.72214169313367 ], [ 14.92885880078143, -8.750572765275036 ], [ 14.911987343612498, -8.765720681592773 ], [ 14.906879926517824, -8.807551912341852 ], [ 14.87531229643988, -8.841467404525508 ], [ 14.866814335188838, -8.845025959178413 ], [ 14.845820699204104, -8.831798194613119 ], [ 14.840173482973285, -8.83909987408075 ], [ 14.834166646614566, -8.835777247482538 ], [ 14.832767003645309, -8.844167215092794 ], [ 14.829007451139642, -8.837042573904844 ], [ 14.822632777653233, -8.841747999027719 ], [ 14.805825216140267, -8.834677096202062 ], [ 14.801994572205235, -8.848196595310723 ], [ 14.788761495254743, -8.852294102549122 ], [ 14.783243000216029, -8.8446247514297 ], [ 14.777290656973285, -8.852347818597176 ], [ 14.744039161783462, -8.841159296894277 ], [ 14.720656931859111, -8.863114904343986 ], [ 14.700696139740632, -8.853984595609502 ], [ 14.655536313310868, -8.859438804448741 ], [ 14.631736800074613, -8.867504765396964 ], [ 14.623166857516523, -8.879387702263367 ], [ 14.622566624847089, -8.872807548075793 ], [ 14.616911701006341, -8.88276165039971 ], [ 14.600523822504563, -8.882684103602815 ], [ 14.575595692431786, -8.867083060556405 ], [ 14.555437170412677, -8.87403148060765 ], [ 14.549707238873388, -8.894245975707685 ], [ 14.535766801346206, -8.878353627059058 ], [ 14.511672451867152, -8.877236372641809 ], [ 14.493391288669866, -8.886085199754548 ], [ 14.470586113059269, -8.916898270137855 ], [ 14.417216421266055, -8.925751856670209 ], [ 14.403631562366659, -8.918185192442666 ], [ 14.391970076110461, -8.922451907976528 ], [ 14.374344148831852, -8.907694681587467 ], [ 14.357939494793026, -8.916962230013029 ], [ 14.337760180464887, -8.864473846050261 ], [ 14.293950074488038, -8.860108140518156 ], [ 14.288192058198845, -8.849534284206198 ], [ 14.267989753406241, -8.852694390360197 ], [ 14.216010722498762, -8.895685232513864 ], [ 14.194051327688495, -8.890266493430291 ], [ 14.163473660462955, -8.911927958135172 ], [ 14.148487833628476, -8.909298576994088 ], [ 14.112675741574066, -8.935228754729577 ], [ 14.100888212403007, -8.934838234922951 ], [ 14.087936072873397, -8.919777831807854 ], [ 14.040388389194279, -8.956969597811751 ], [ 14.034524338844976, -8.97025484820603 ], [ 14.040763589977077, -9.013219088592153 ], [ 14.09263372445988, -9.028137455039756 ], [ 14.100896061049273, -9.042052906439372 ], [ 14.074448159989572, -9.095263711380023 ], [ 14.033718558520734, -9.117820755174813 ], [ 14.028501621077003, -9.111713954768478 ], [ 14.02287996592335, -9.117048770944495 ], [ 13.996052766602761, -9.112517553669678 ], [ 13.991247837317465, -9.119711655700483 ], [ 14.010780144670763, -9.139901496366734 ], [ 14.051794474694022, -9.152494047962426 ], [ 14.075472457532623, -9.148022633770095 ], [ 14.124058544792106, -9.168948774006106 ], [ 14.142997518087785, -9.191508764528114 ], [ 14.152463356165423, -9.189524852890477 ], [ 14.127399669243967, -9.255373941798576 ], [ 14.168997628969304, -9.313728496883448 ], [ 14.173586368100377, -9.334693378179329 ], [ 14.138976223318522, -9.368568649136991 ], [ 14.124306322633995, -9.370761845387024 ], [ 14.119253959560929, -9.386427571839265 ], [ 14.100913732756482, -9.389873729774459 ], [ 14.124677111961237, -9.520263052175496 ], [ 14.120366691438146, -9.537416412781377 ], [ 14.143510677744064, -9.561845872033517 ], [ 14.140293311755414, -9.590965120388143 ], [ 14.149529857285614, -9.609786860619232 ], [ 14.173421540839914, -9.637411743301408 ], [ 14.19010269854919, -9.644361653711512 ], [ 14.256027358144596, -9.63054076908533 ], [ 14.271041641327198, -9.647365970307456 ], [ 14.273239632071899, -9.669959633574324 ], [ 14.293332009133408, -9.694894096329657 ], [ 14.308374205473662, -9.700349126654976 ], [ 14.334777863675985, -9.699212480715561 ], [ 14.368408819180178, -9.676612381900066 ], [ 14.454446852308855, -9.700633393360528 ], [ 14.479142459625294, -9.733160938270805 ], [ 14.479993395447366, -9.752870931692273 ], [ 14.518881159006813, -9.763959559030569 ], [ 14.529076103048233, -9.795521330089466 ], [ 14.523704581070085, -9.805334582069461 ], [ 14.540091740509897, -9.823451605451408 ], [ 14.51556134314993, -9.855368346116459 ], [ 14.543062388287087, -9.931618141008572 ], [ 14.522307345775864, -9.974571374413502 ], [ 14.523757760680578, -10.003699029630623 ], [ 14.511128996674394, -10.00832196313223 ], [ 14.499738284362795, -10.046174795874277 ], [ 14.486280058546352, -10.059068897655679 ], [ 14.543330648858888, -10.127694921027933 ], [ 14.540854968150718, -10.142688049458007 ], [ 14.557329171172828, -10.166861872821334 ], [ 14.531293607282691, -10.188955495943533 ], [ 14.532586965484562, -10.233216928162806 ], [ 14.495511843964959, -10.23168180521529 ], [ 14.50045220847116, -10.251676853148398 ], [ 14.52673860587046, -10.284530570473619 ], [ 14.562241432764367, -10.296285112512097 ], [ 14.568324640438313, -10.319969356644668 ], [ 14.548116168095149, -10.391375385909432 ], [ 14.511672371551221, -10.452396557699087 ], [ 14.504788251944767, -10.422521351823081 ], [ 14.479234279506858, -10.425843902518187 ], [ 14.466624248378857, -10.409142072093106 ], [ 14.456755163788237, -10.419013035367422 ], [ 14.437531225154387, -10.416222087423558 ], [ 14.426301235182315, -10.389364647504587 ], [ 14.414013767489919, -10.384163283552864 ], [ 14.406145503580614, -10.341370273363518 ], [ 14.382136799342327, -10.321751988307751 ], [ 14.341186130404093, -10.317904414301418 ], [ 14.325265836018009, -10.330180328403552 ], [ 14.289724849091012, -10.306899151418817 ], [ 14.258091757297287, -10.270171277026977 ], [ 14.251823134598496, -10.278967975835554 ], [ 14.239546025297312, -10.272549707746906 ], [ 14.237011492055185, -10.281623859097936 ], [ 14.225491977940941, -10.270969483798767 ], [ 14.217940230425796, -10.276466668945764 ], [ 14.225387206922591, -10.286102696926017 ], [ 14.218309829303699, -10.291870033019782 ], [ 14.215131900385369, -10.286145277126982 ], [ 14.208323332824069, -10.292989185346771 ], [ 14.201779055327624, -10.27562017937195 ], [ 14.187280062093688, -10.288766981655032 ], [ 14.160943747824195, -10.283184613623112 ], [ 14.12595762821045, -10.31174413292956 ], [ 14.112120696981112, -10.305115147390312 ], [ 14.087587446072281, -10.310360209400274 ], [ 14.074196148701823, -10.33749403436636 ], [ 14.055946138971629, -10.353044688505678 ], [ 14.038758982209741, -10.398122826551296 ], [ 14.017326298738196, -10.408617023600867 ], [ 13.992897156946691, -10.399730708249747 ], [ 13.99525315227965, -10.385278184784555 ], [ 13.975662527672037, -10.393286881428546 ], [ 13.977127612317995, -10.38145466134767 ], [ 13.956780534662448, -10.37170453008415 ], [ 13.955448714255246, -10.363629637042285 ], [ 13.918957909248595, -10.367746076864096 ], [ 13.91428565962398, -10.343720679409932 ], [ 13.896495971480414, -10.361482451697915 ], [ 13.863679099379398, -10.363991082666471 ], [ 13.85839263707904, -10.379507731640617 ], [ 13.845377924520095, -10.371996198210157 ], [ 13.828361018414801, -10.381484400129063 ], [ 13.82685554341707, -10.366212709393144 ], [ 13.809360145822589, -10.358481728792915 ], [ 13.768369395899425, -10.367070049287511 ], [ 13.75113937475083, -10.344205754835892 ], [ 13.724537615686925, -10.338721586476188 ], [ 13.701623540162709, -10.361629302894185 ], [ 13.692799554124589, -10.360248594441194 ], [ 13.676006127749128, -10.348142465146784 ], [ 13.683821677896633, -10.330622594301412 ], [ 13.654979028627777, -10.309791260502413 ], [ 13.649590689327338, -10.28340759962513 ], [ 13.635105971032234, -10.272587291314542 ], [ 13.623860779819628, -10.282223398435223 ], [ 13.605413649488794, -10.246167448013447 ], [ 13.590791573241033, -10.251820367859802 ], [ 13.588728240684221, -10.242464148645661 ], [ 13.578554776050565, -10.240133478221539 ], [ 13.569000381330996, -10.251187183086122 ], [ 13.551958762755232, -10.221321928208541 ], [ 13.556293199140333, -10.208564464022954 ], [ 13.517309388885666, -10.19789948931408 ], [ 13.503880639248587, -10.209942231692773 ], [ 13.498035755514158, -10.240275278825154 ], [ 13.48218059542665, -10.227101326009494 ], [ 13.456399918290083, -10.185137748852183 ], [ 13.460504532027072, -10.170393943969517 ], [ 13.439319610879872, -10.118289947767037 ], [ 13.36581993111343, -10.049409865916706 ], [ 13.357569694554259, -10.024609565822976 ], [ 13.313735007732939, -9.98525238043714 ], [ 13.314158440028477, -9.977200508241038 ], [ 13.344269753015146, -9.963028907802022 ], [ 13.34698009472408, -9.949215888646515 ], [ 13.317476272880223, -9.894383430295198 ], [ 13.318949698738079, -9.862407684211375 ], [ 13.269849777213947, -9.782823562901269 ], [ 13.208279609784677, -9.708118439058891 ], [ 13.199358940331328, -9.682168960972929 ], [ 13.235879897807566, -9.656947136045671 ], [ 13.24155998167633, -9.629558562821542 ], [ 13.194160461404623, -9.553874969398427 ], [ 13.203169822897463, -9.546938895957405 ], [ 13.207249641426342, -9.525306702386574 ], [ 13.176636695595521, -9.466109275666637 ], [ 13.172879219269083, -9.399676322848164 ], [ 13.157855578640552, -9.346530619436658 ], [ 13.16297048177084, -9.326229725565552 ], [ 13.167796457009382, -9.321485745115213 ], [ 13.182067156442654, -9.330585729491917 ], [ 13.18913746988679, -9.322872311751921 ], [ 13.193145542301464, -9.293683002612655 ], [ 13.204137322547902, -9.29007657461837 ], [ 13.217547179227472, -9.265958125211485 ], [ 13.230788228662325, -9.206495983047317 ], [ 13.250685165956176, -9.186579954045785 ], [ 13.280291484432992, -9.17880193440587 ], [ 13.301574125014335, -9.154971292335437 ], [ 13.323540661340958, -9.149197165460935 ], [ 13.366127876069099, -9.169320770581249 ], [ 13.375998689156708, -9.166128840118018 ], [ 13.387004238023701, -9.177335093383979 ], [ 13.390454627347646, -9.153418161363161 ], [ 13.452216323393083, -9.160756391838168 ], [ 13.464090043574027, -9.170005443139898 ], [ 13.470225512674803, -9.138262461522087 ], [ 13.466079012638852, -9.065508419484805 ], [ 13.490152731904635, -8.984098170559266 ], [ 13.525228935979426, -8.953492074771644 ], [ 13.528111803660623, -8.896777211570109 ], [ 13.533883382619381, -8.888452819659213 ], [ 13.6227751083533, -8.851949755085867 ], [ 13.609449474195754, -8.828408177821482 ], [ 13.597654923118084, -8.823614499036273 ], [ 13.588322631266346, -8.832329114923057 ], [ 13.572186003163365, -8.829330705074382 ], [ 13.575550849873695, -8.836655604898583 ], [ 13.554603196861946, -8.84282505306008 ], [ 13.541232050600536, -8.823649527629987 ], [ 13.535485211854946, -8.831064139324921 ], [ 13.524071373476952, -8.825644813883452 ], [ 13.527991578530417, -8.819410660400054 ], [ 13.520164362377328, -8.812755410160436 ], [ 13.502468735225824, -8.807310784091774 ], [ 13.499244385102214, -8.781112626373014 ], [ 13.505413406985054, -8.778012369201852 ], [ 13.477114885325568, -8.769649997076071 ], [ 13.460814293726562, -8.746461215539073 ], [ 13.430790443406158, -8.761023842102992 ], [ 13.421920357220605, -8.749175801148704 ], [ 13.396764754771516, -8.740567207237207 ], [ 13.41376304580981, -8.675912857119053 ], [ 13.414037704158586, -8.639145851426258 ], [ 13.388263701790313, -8.612850189211199 ], [ 13.373558044350185, -8.5819025040237 ], [ 13.358539581118654, -8.487546920979986 ], [ 13.347588539261588, -8.466692924265443 ], [ 13.356339455383457, -8.461596488713377 ], [ 13.381555557025225, -8.4725027083597 ], [ 13.392749786355472, -8.449933051595396 ], [ 13.38981628417608, -8.417098044665364 ], [ 13.398976326178412, -8.403039932373316 ], [ 13.387001990731216, -8.362205505306234 ], [ 13.346460342004372, -8.282926559443796 ], [ 13.268891270448966, -8.170970546983783 ], [ 13.265009880135013, -8.128959655594207 ], [ 13.212120056328745, -8.055933951821062 ], [ 13.1807203287134, -7.962744236387978 ], [ 13.123115540183237, -7.869543076182653 ], [ 13.108706483650499, -7.813394996912196 ], [ 13.12850782121213, -7.798216473242251 ], [ 13.171424641966832, -7.805792002429582 ], [ 13.222105514091352, -7.785729900145425 ], [ 13.232357074052901, -7.765337253841823 ], [ 13.250169847793456, -7.764624961103697 ], [ 13.259941503430815, -7.745486838477392 ], [ 13.298616562937225, -7.769301850330704 ], [ 13.314422343049868, -7.738395865807194 ], [ 13.350530134890979, -7.734292464356388 ], [ 13.364772895985498, -7.719176797002239 ], [ 13.39069102370498, -7.721161636730725 ], [ 13.416415138880742, -7.711903650463695 ], [ 13.476773970775289, -7.756929051365239 ], [ 13.504921327190631, -7.753727306600547 ], [ 13.525766196685838, -7.765355549649536 ], [ 13.540781620208795, -7.753615894088886 ], [ 13.546128636560526, -7.734217526548251 ], [ 13.597107884854152, -7.737689826954567 ], [ 13.617422157939439, -7.719439462891545 ], [ 13.634810984972122, -7.728221366953095 ], [ 13.657400203789559, -7.712727462732852 ], [ 13.650884205474865, -7.704767009320671 ], [ 13.656659184007312, -7.697788537341724 ], [ 13.686790917899748, -7.6889198046359 ], [ 13.709143037654224, -7.698500055763594 ], [ 13.743111845068777, -7.697814816431206 ], [ 13.776176031631769, -7.682894552871891 ], [ 13.777990802366789, -7.672320146188452 ], [ 13.793360163973565, -7.661640906433279 ], [ 13.81056918595238, -7.659237095945818 ], [ 13.839434950602312, -7.677325159459661 ], [ 13.889788659612366, -7.639289330821311 ], [ 13.906511372044237, -7.657506088835811 ], [ 13.931542076611157, -7.642860142535804 ], [ 13.94757906395929, -7.657602459286631 ], [ 13.960385778254379, -7.65456585987471 ], [ 13.977572938594472, -7.635855661713068 ], [ 13.998458362379205, -7.653681898873513 ] ] ] } },
{ "type": "Feature", "properties": { "loc": "AO-A1-0002" }, "geometry": { "type": "Polygon", "coordinates": [ [ [ 13.873702371737194, -11.768823561379063 ], [ 13.955003494885519, -11.819923312531671 ], [ 13.983749914896746, -11.809566546279862 ], [ 14.002825657847938, -11.820095292584448 ], [ 14.007779411460762, -11.807054204708548 ], [ 14.031108998051954, -11.816080863761661 ], [ 14.066602612290778, -11.866846990716844 ], [ 14.062149519354959, -11.926569765403155 ], [ 14.146079544305579, -11.937226156982355 ], [ 14.119468123824941, -11.986998022261702 ], [ 14.197806645430422, -11.987593983196525 ], [ 14.20840734805493, -12.021461899350044 ], [ 14.222588133399761, -12.034777098384602 ], [ 14.272667045363097, -12.028707195089765 ], [ 14.307369743412401, -12.015736229223933 ], [ 14.347425517500501, -11.975017551472938 ], [ 14.358737058116855, -11.931584721479076 ], [ 14.375566729072187, -11.908316394375678 ], [ 14.410578449069078, -11.876105601711522 ], [ 14.454693006919062, -11.846581090065172 ], [ 14.492603699309914, -11.855631452468323 ], [ 14.511913345404182, -11.837568362777134 ], [ 14.548732683530208, -11.876085704309485 ], [ 14.628755366579949, -11.991228874404374 ], [ 14.637548480702733, -12.028531373759026 ], [ 14.661661075900145, -12.070308311283522 ], [ 14.661960358313575, -12.109313269664373 ], [ 14.700461967087808, -12.127865845058466 ], [ 14.718515820383349, -12.117876533677279 ], [ 14.721359977255144, -12.12946428051384 ], [ 14.729579251941516, -12.130774864661269 ], [ 14.747765535003676, -12.127227432251669 ], [ 14.789454320002182, -12.090588008533548 ], [ 14.84823780289144, -12.102142753388161 ], [ 14.871853582710326, -12.099618294657038 ], [ 14.893372313810271, -12.114434247968269 ], [ 14.90304704711729, -12.137676315745221 ], [ 14.956201788502099, -12.153662013090354 ], [ 14.962956421052098, -12.180054779559917 ], [ 14.939958960078226, -12.193760726968843 ], [ 14.930473457347837, -12.226525316590358 ], [ 14.981488285996392, -12.223311639567285 ], [ 14.98894485542337, -12.232840460366184 ], [ 15.007906323349918, -12.39214928303906 ], [ 15.024785683731157, -12.42703963984108 ], [ 15.043687019822549, -12.429573555454681 ], [ 15.046762506518974, -12.466863510215436 ], [ 15.031628349713255, -12.490172200248278 ], [ 15.066237036826102, -12.516762680693876 ], [ 15.051518856104895, -12.532326356167427 ], [ 15.057804762067839, -12.560635461196384 ], [ 15.001910350869885, -12.570306961987814 ], [ 14.918992375685036, -12.618758068411278 ], [ 14.906466855573708, -12.609087808074609 ], [ 14.882772861417592, -12.608051184732066 ], [ 14.850922209133088, -12.650877528356535 ], [ 14.767396374088815, -12.694002318572267 ], [ 14.805077990352711, -12.719395033765196 ], [ 14.810513293486327, -12.734136559454761 ], [ 14.784857581860589, -12.768458845070779 ], [ 14.779777297732988, -12.828432770542324 ], [ 14.782007885685466, -12.833918329061927 ], [ 14.805971191643508, -12.829961420015461 ], [ 14.88053941573666, -12.905955252628825 ], [ 14.847881189155387, -12.949739175247792 ], [ 14.863387733335554, -12.965239127558153 ], [ 14.8713421694465, -12.990947844680239 ], [ 14.897271258161737, -12.999253420611961 ], [ 14.896075231464323, -13.017760275477624 ], [ 14.912779016574973, -13.028802274112088 ], [ 14.923815606490809, -13.058623058108559 ], [ 14.91429670971538, -13.087751856873425 ], [ 14.916592432956488, -13.122916291959335 ], [ 14.923164850430126, -13.127990674203421 ], [ 14.898114580271482, -13.158621573560996 ], [ 14.906923321623999, -13.170483177088393 ], [ 14.889485535298963, -13.215784289092863 ], [ 14.889828331186017, -13.23141258531108 ], [ 14.913050817608209, -13.249791458002818 ], [ 14.903671611618918, -13.257259427594963 ], [ 14.898833718346349, -13.280631155671745 ], [ 14.915764050346603, -13.295305779776328 ], [ 14.940117234749639, -13.302098552241198 ], [ 14.997156263529376, -13.347824487812126 ], [ 15.022286948711461, -13.353923934246719 ], [ 15.054837069901961, -13.35014906513014 ], [ 15.061492353598904, -13.370642149138916 ], [ 15.051279776782334, -13.41046831325145 ], [ 15.073192653142353, -13.400935350673986 ], [ 15.081252901887776, -13.426088363565885 ], [ 15.093994346739859, -13.419092501524837 ], [ 15.107166747862966, -13.438210859522364 ], [ 15.110185521595998, -13.454934123300493 ], [ 15.098084028520908, -13.489073639983278 ], [ 15.077843190744833, -13.492370802775493 ], [ 15.065373837970508, -13.485588589306257 ], [ 15.019220153696011, -13.520964606447954 ], [ 14.992601003532524, -13.518771858059935 ], [ 14.977959257112694, -13.533027937434177 ], [ 14.95652234560465, -13.535012876059287 ], [ 14.945029620885641, -13.551392358985808 ], [ 14.925972204995652, -13.555431465328265 ], [ 14.904789698668974, -13.522679961430455 ], [ 14.884945969945651, -13.511531514265023 ], [ 14.862404243026628, -13.549604448804303 ], [ 14.860537142957497, -13.571508121146685 ], [ 14.844735076792492, -13.578486783950233 ], [ 14.822598228648864, -13.604945702683462 ], [ 14.782460790097662, -13.626751211163029 ], [ 14.75340627556605, -13.621147191137755 ], [ 14.715383093758927, -13.648520680186731 ], [ 14.669419595270305, -13.647724639105412 ], [ 14.667815189691691, -13.664990585734909 ], [ 14.646835254991597, -13.680482670662791 ], [ 14.629184409936347, -13.673636164422803 ], [ 14.600846261735789, -13.683401336199335 ], [ 14.593942854071162, -13.669785549090435 ], [ 14.596189760450518, -13.641502007642952 ], [ 14.557276716058265, -13.618994125713229 ], [ 14.53876835928769, -13.630204209706925 ], [ 14.500464479753994, -13.619020924537189 ], [ 14.485663127822868, -13.601857356985619 ], [ 14.469517309169344, -13.60336885788082 ], [ 14.44961118787127, -13.626841974438591 ], [ 14.471175828448857, -13.660685099450081 ], [ 14.464714970829373, -13.692115827862555 ], [ 14.387998022699122, -13.703292900207281 ], [ 14.380796940170182, -13.750172291473522 ], [ 14.384958457241126, -13.788412645214592 ], [ 14.369711938437124, -13.808530333103935 ], [ 14.370069012130493, -13.829157813059616 ], [ 14.342327294611845, -13.840909933307859 ], [ 14.333530396771099, -13.863528154607046 ], [ 14.286856607532439, -13.880125969342732 ], [ 14.134620794038888, -13.837845993038449 ], [ 14.078585644643837, -13.855243795249955 ], [ 14.052592045793409, -13.852053655327595 ], [ 14.037401498839939, -13.87127632675022 ], [ 14.002839241258689, -13.88134949712218 ], [ 13.973028513198303, -13.826742025937982 ], [ 13.938753203119878, -13.820012430235778 ], [ 13.845987924539569, -13.83947874898001 ], [ 13.745447182733715, -13.84489632073646 ], [ 13.722667234425854, -13.839410273713398 ], [ 13.689152835166139, -13.809412585110408 ], [ 13.680813844352889, -13.822120352315064 ], [ 13.656629367616711, -13.83193098832815 ], [ 13.657187927510959, -13.842413281392901 ], [ 13.595363083323873, -13.85751648282471 ], [ 13.551840615192566, -13.887143690126241 ], [ 13.430522043206937, -13.842226227618298 ], [ 13.391085456325145, -13.848974176883171 ], [ 13.382045351630987, -13.839576377319112 ], [ 13.374394790643594, -13.797503692974693 ], [ 13.347395176575281, -13.76268413518164 ], [ 13.302082255298318, -13.744646441982383 ], [ 13.275815438300674, -13.691276119055711 ], [ 13.292737634160632, -13.680162605424922 ], [ 13.311756919656046, -13.646158500088095 ], [ 13.310962649528955, -13.60356378065865 ], [ 13.291691282170868, -13.574345563133033 ], [ 13.238048280730828, -13.57189040036803 ], [ 13.225279636173591, -13.563029982793811 ], [ 13.186638797669657, -13.564392709302513 ], [ 13.173880806481362, -13.588211336430394 ], [ 13.154979829682654, -13.588639951518971 ], [ 13.092766196430093, -13.553220440517293 ], [ 13.076638048934084, -13.530006446486691 ], [ 13.065832913985085, -13.566514189324746 ], [ 13.037335461389697, -13.597141213142876 ], [ 13.019583183244608, -13.591322934052535 ], [ 12.944477039111389, -13.640487562697217 ], [ 12.884903352235176, -13.644718402578587 ], [ 12.844822589418213, -13.626143616181324 ], [ 12.818815013329486, -13.59267414024578 ], [ 12.796636468125831, -13.578223290418883 ], [ 12.782881442651737, -13.580435250332872 ], [ 12.78450569560867, -13.593002163465478 ], [ 12.76153560671016, -13.595568012000541 ], [ 12.731223391473632, -13.58141809511541 ], [ 12.727313909936287, -13.571568021293483 ], [ 12.720474550487369, -13.573584538741883 ], [ 12.70784491863539, -13.555822301504399 ], [ 12.69763206009875, -13.56129034412043 ], [ 12.680170977036285, -13.552698080098729 ], [ 12.626700720888804, -13.559107945821463 ], [ 12.586331519411418, -13.535989633361261 ], [ 12.554620752273225, -13.558052929545433 ], [ 12.555083275400134, -13.548926353115103 ], [ 12.541653632736248, -13.537220955429124 ], [ 12.550995827023124, -13.504772185734176 ], [ 12.535436630223627, -13.485709189773647 ], [ 12.540309906204515, -13.453038215587537 ], [ 12.529238701432186, -13.442247390650913 ], [ 12.534118652181368, -13.412795066685373 ], [ 12.54681682586307, -13.415072440587011 ], [ 12.557356834377662, -13.395730972252966 ], [ 12.563254356330765, -13.405611037565695 ], [ 12.586027144764243, -13.391996383672538 ], [ 12.619544982642148, -13.349372864212732 ], [ 12.650058745841706, -13.332745551612273 ], [ 12.652128219868784, -13.313648224032686 ], [ 12.637729644934479, -13.286535263338155 ], [ 12.661457061921142, -13.28441238397075 ], [ 12.654614448725086, -13.272235870135656 ], [ 12.658101081626947, -13.257044791929989 ], [ 12.705503464440591, -13.234392166411773 ], [ 12.711074829267231, -13.209533690973412 ], [ 12.719579697172543, -13.22722625683263 ], [ 12.731565474694227, -13.228807449350704 ], [ 12.746567725847145, -13.217038154833343 ], [ 12.750987052837546, -13.201153755088118 ], [ 12.778446197661173, -13.192799567692298 ], [ 12.797825813437845, -13.153179168730016 ], [ 12.813750267188338, -13.137722015305158 ], [ 12.827370644367074, -13.13768386786262 ], [ 12.843029021999095, -13.113023757686609 ], [ 12.872819901144792, -13.103274344981457 ], [ 12.891704558845605, -13.062037467701309 ], [ 12.97826480940074, -12.976174355408581 ], [ 12.964746474697362, -12.9371070862694 ], [ 12.974475861299249, -12.922762870856157 ], [ 12.95929431860525, -12.921480178613692 ], [ 12.952214241221503, -12.909770011822957 ], [ 12.959298134428641, -12.876440047716436 ], [ 12.946267127952902, -12.886322021390544 ], [ 12.935853958021058, -12.860356331226058 ], [ 12.941148757936103, -12.831119536983387 ], [ 12.972993851412438, -12.814908981011069 ], [ 13.013394355592299, -12.766913414368968 ], [ 13.139142036403138, -12.665206908718279 ], [ 13.143955231376124, -12.638957023793978 ], [ 13.194862365732883, -12.594573021174387 ], [ 13.202675818661367, -12.612487793323417 ], [ 13.224240303174726, -12.612627029060491 ], [ 13.234824180618697, -12.620635985608669 ], [ 13.263555526878877, -12.599113463808525 ], [ 13.260663986166852, -12.582327842649093 ], [ 13.282722472776774, -12.588212967447692 ], [ 13.299784659747081, -12.578472136972756 ], [ 13.304320334728546, -12.595709800560122 ], [ 13.324069023279693, -12.608274459991591 ], [ 13.344926834019065, -12.607718467626377 ], [ 13.394229889011021, -12.578030586035965 ], [ 13.413767815145404, -12.549632072355504 ], [ 13.467003822273591, -12.513699531990035 ], [ 13.485297202708766, -12.474027634250156 ], [ 13.477684020705992, -12.452667235586706 ], [ 13.49310684161251, -12.445684433372211 ], [ 13.479511261440623, -12.444144249040139 ], [ 13.49487018641504, -12.42565536498536 ], [ 13.48624801633793, -12.433753966854393 ], [ 13.485714911718814, -12.422021865598925 ], [ 13.517043113918701, -12.369622231001969 ], [ 13.583229065239253, -12.31082153300817 ], [ 13.553162575362697, -12.338364600766532 ], [ 13.54250812541977, -12.358901977664932 ], [ 13.548563956831215, -12.353116034598138 ], [ 13.562642097025266, -12.357872009306597 ], [ 13.5607137679961, -12.348447800446454 ], [ 13.583130835889444, -12.337739944263831 ], [ 13.654403687250481, -12.237007140887684 ], [ 13.654202461244667, -12.204101563257346 ], [ 13.673259734818986, -12.144160271300269 ], [ 13.694925307626969, -12.128845215255318 ], [ 13.710653305375862, -12.099756240778675 ], [ 13.710888863000735, -12.062934874665537 ], [ 13.726866722091644, -12.000475882976385 ], [ 13.762125015227332, -11.955846786320972 ], [ 13.795107415644823, -11.776299961894546 ], [ 13.839672934728229, -11.782105616301989 ], [ 13.848658173705884, -11.769589234276504 ], [ 13.857046070389954, -11.77741443504893 ], [ 13.873702371737194, -11.768823561379063 ] ] ] } },
{ "type": "Feature", "properties": { "loc": "AO-A1-0003" }, "geometry": { "type": "Polygon", "coordinates": [ [ [ 16.600605865575524, -10.573882466240706 ], [ 16.644556326948567, -10.592065947643251 ], [ 16.639822078110811, -10.604385328025559 ], [ 16.614954948390004, -10.614597006884422 ], [ 16.613422399925426, -10.635811831682732 ], [ 16.6246355814617, -10.654618935129859 ], [ 16.660550589228151, -10.656056861746213 ], [ 16.657130795972552, -10.680338819326943 ], [ 16.670052467820184, -10.698028694968334 ], [ 16.715671609100458, -10.705001580580712 ], [ 16.760168639998518, -10.745212834389731 ], [ 16.778705117192239, -10.776589673920403 ], [ 16.807257820417121, -10.776879763951067 ], [ 16.818967796526696, -10.787868864183784 ], [ 16.830937945807012, -10.776480554290005 ], [ 16.862871118355294, -10.781038372006138 ], [ 16.873377495343345, -10.7673159636034 ], [ 16.931739333009332, -10.769689602234026 ], [ 17.051530266994419, -10.810088123515952 ], [ 17.053881036689145, -10.826851863768075 ], [ 17.087504571175582, -10.846786962143865 ], [ 17.097288794297594, -10.834689081874208 ], [ 17.089863339737033, -10.825309528724661 ], [ 17.107324405256019, -10.811598522046731 ], [ 17.14699163603175, -10.811780546226638 ], [ 17.157727461410577, -10.822891270167082 ], [ 17.154013909442245, -10.8463288538348 ], [ 17.161497510109225, -10.853234828870276 ], [ 17.230705676376257, -10.879793001911301 ], [ 17.281782120164824, -10.865501847355722 ], [ 17.299886172293188, -10.875771102049706 ], [ 17.314247637753688, -10.903884268408929 ], [ 17.333614495034233, -10.906923550185669 ], [ 17.34139737195779, -10.917788216750838 ], [ 17.368455607646194, -10.928178702992289 ], [ 17.379276795264964, -10.94851172645687 ], [ 17.374045337732458, -10.969099630235638 ], [ 17.391261437474448, -11.006872656638725 ], [ 17.386985117176668, -11.015229111203309 ], [ 17.398695834087619, -11.030936927285909 ], [ 17.418948894209407, -11.036692753513725 ], [ 17.423289638852957, -11.048329166680452 ], [ 17.414817394914373, -11.062668915442023 ], [ 17.433940195123387, -11.074739155468786 ], [ 17.454955056077548, -11.108248571575588 ], [ 17.449084051576325, -11.177351154239515 ], [ 17.410007062959831, -11.191511839239846 ], [ 17.409139801530937, -11.211823460911821 ], [ 17.388366033461988, -11.230039294128838 ], [ 17.423052663659622, -11.248865018600776 ], [ 17.448595212519891, -11.241641047608978 ], [ 17.462587644071004, -11.253651475842 ], [ 17.464957518189017, -11.267766930182757 ], [ 17.456237367225036, -11.271187929517238 ], [ 17.469342594758963, -11.283628008109284 ], [ 17.459419406649879, -11.317324763944439 ], [ 17.462710322796315, -11.331652396510409 ], [ 17.484261497459208, -11.325644696888807 ], [ 17.498612423922477, -11.352953861972251 ], [ 17.530043982552002, -11.381252272212064 ], [ 17.52071900860992, -11.434486154358551 ], [ 17.494728101499923, -11.468889761129889 ], [ 17.50727851994851, -11.478730889080483 ], [ 17.493803592497059, -11.486663239871989 ], [ 17.515524112777658, -11.498628100621358 ], [ 17.526393693587483, -11.481337346388779 ], [ 17.538486784143359, -11.480166446610843 ], [ 17.547220385641538, -11.506027050819393 ], [ 17.530533568015461, -11.517329073351382 ], [ 17.498656252635669, -11.514051619358648 ], [ 17.497098873745109, -11.525363849013251 ], [ 17.484759501012359, -11.531580992258542 ], [ 17.47770260435404, -11.564969746562218 ], [ 17.488719213415571, -11.596426912771088 ], [ 17.511352303940253, -11.604616273926785 ], [ 17.51375978687344, -11.62392385621486 ], [ 17.535172201250848, -11.640293247119407 ], [ 17.533951099533329, -11.672565050847941 ], [ 17.516704925006632, -11.678827913195159 ], [ 17.507489747931348, -11.696318466517544 ], [ 17.529518465906424, -11.708418209309871 ], [ 17.569149978592602, -11.705720444356663 ], [ 17.586184064089849, -11.73093435327838 ], [ 17.612310694274136, -11.739719048051237 ], [ 17.626119252630712, -11.721239548634236 ], [ 17.647934839247004, -11.725318722193615 ], [ 17.660085158070959, -11.673977215203793 ], [ 17.675459375561964, -11.674883084159108 ], [ 17.687730171750626, -11.661868607377249 ], [ 17.705219745489398, -11.602907698726531 ], [ 17.718374706860729, -11.605361363129122 ], [ 17.779243673300371, -11.582486994051214 ], [ 17.805803761360295, -11.551725617313272 ], [ 17.8183933797877, -11.504430867652863 ], [ 17.813536449402712, -11.467567610207011 ], [ 17.830195210390976, -11.442776815809511 ], [ 17.823066443577229, -11.411500360587793 ], [ 17.804114009480543, -11.389871093433404 ], [ 17.80719137526976, -11.366175552208682 ], [ 17.799652221435114, -11.36245955731671 ], [ 17.800394488716353, -11.350618469025312 ], [ 17.793038010976048, -11.351194101622278 ], [ 17.800654281528949, -11.328942678174295 ], [ 17.836036690064994, -11.364396948960712 ], [ 17.851880794049446, -11.370751453333364 ], [ 17.862675916957205, -11.390343364668501 ], [ 17.885497240007986, -11.393490005711074 ], [ 17.895007252616768, -11.41959989481173 ], [ 17.905757764683905, -11.422747126741731 ], [ 17.922107402190246, -11.466449585305375 ], [ 17.910001941128151, -11.486440652092936 ], [ 17.918700580596081, -11.513137503168439 ], [ 17.937384069390649, -11.525324377891147 ], [ 18.014173889749863, -11.516985601328914 ], [ 18.047424657828959, -11.525004373259554 ], [ 18.055560167729379, -11.536479353919541 ], [ 18.063415890965828, -11.532969112279959 ], [ 18.059523931488108, -11.543466778376891 ], [ 18.065781173729256, -11.539218090420325 ], [ 18.076833286114358, -11.547931026775752 ], [ 18.07495506965715, -11.57554442855823 ], [ 18.082820579600423, -11.57824910199882 ], [ 18.080562847588233, -11.587277289299594 ], [ 18.093935671410755, -11.592478787284724 ], [ 18.095275963869284, -11.607161303190653 ], [ 18.127697189764191, -11.576721761103018 ], [ 18.145195638460798, -11.57682248890343 ], [ 18.149512978285642, -11.583571776720062 ], [ 18.157097176328563, -11.576925198780211 ], [ 18.187341458762596, -11.578916978998214 ], [ 18.207716894854364, -11.588566113337043 ], [ 18.211041010632911, -11.575285940352545 ], [ 18.224714126326091, -11.56555003875758 ], [ 18.245773042527169, -11.573213976033406 ], [ 18.293571023891353, -11.555249836305462 ], [ 18.300081144963976, -11.567953318330529 ], [ 18.323737465673595, -11.566056462712973 ], [ 18.333652688873414, -11.577674200183067 ], [ 18.374049313339391, -11.581735680393704 ], [ 18.394538303034125, -11.563383388881979 ], [ 18.410342190468576, -11.514408929947853 ], [ 18.481978095609897, -11.433124996082592 ], [ 18.491171192139966, -11.439589978750911 ], [ 18.501318379334464, -11.428651771236146 ], [ 18.508719988972189, -11.435334218831953 ], [ 18.595258627930633, -11.420408530910789 ], [ 18.61841300761462, -11.398035375516683 ], [ 18.630176810865073, -11.396794837353911 ], [ 18.643486629274797, -11.376014000765148 ], [ 18.721241372066721, -11.358514249837418 ], [ 18.743807060674911, -11.373787931013061 ], [ 18.806064838623904, -11.394091290990508 ], [ 18.814661995762094, -11.375488251303404 ], [ 18.836201358758764, -11.370665696310992 ], [ 18.83533150267791, -11.316419921880142 ], [ 18.814729223995563, -11.282243115975513 ], [ 18.773364833406703, -11.264280461449131 ], [ 18.798283217847356, -11.180324908504483 ], [ 18.761127101235076, -11.153715771757581 ], [ 18.756039525667134, -11.094132049654052 ], [ 18.781511667174478, -11.007759663832109 ], [ 18.817803150609436, -11.028745872629711 ], [ 18.826073193083026, -11.042596920505124 ], [ 18.844394824976973, -11.044204084661816 ], [ 18.848152354765624, -11.056589014012777 ], [ 18.856821567146298, -11.05660529257421 ], [ 18.864498060429646, -11.073950724668494 ], [ 18.886535203545307, -11.089334613607496 ], [ 18.928621860774619, -11.100712725836251 ], [ 18.932679263699015, -11.11594544058058 ], [ 18.957934347965022, -11.121892839039718 ], [ 18.969323564849816, -11.13772525896041 ], [ 19.006820551720871, -11.146422642467494 ], [ 19.053529693778515, -11.217075598650853 ], [ 19.115761682061461, -11.198212980457326 ], [ 19.146172482293267, -11.209459404618341 ], [ 19.170125130908744, -11.236010491661267 ], [ 19.198478792471363, -11.227971425689423 ], [ 19.219359075569642, -11.255985962914275 ], [ 19.211751675549849, -11.280505093075513 ], [ 19.19471808826394, -11.29304768055969 ], [ 19.16678477281426, -11.338272290528254 ], [ 19.191345992466502, -11.387698465452326 ], [ 19.168271426311279, -11.38745629227668 ], [ 19.128462915982603, -11.407803108748707 ], [ 19.143629611751578, -11.452083200908151 ], [ 19.115088005646541, -11.452866129435582 ], [ 19.093378112385295, -11.480123762692932 ], [ 19.044372304725421, -11.504302330188013 ], [ 19.025991452401847, -11.554041097398985 ], [ 19.006282179836909, -11.670824677734407 ], [ 18.969537226677602, -11.67592198832225 ], [ 18.948727223069461, -11.705258167253222 ], [ 18.916677755532696, -11.690650658141935 ], [ 18.889221785063981, -11.700761980681188 ], [ 18.904548480749028, -11.716486731674328 ], [ 18.910792930446441, -11.736599634112347 ], [ 18.925777782089881, -11.745245590187251 ], [ 18.940849897412448, -11.777144612977667 ], [ 18.919805045798377, -11.813485991602205 ], [ 18.883125115585386, -11.801678071109093 ], [ 18.860736010569923, -11.806972855750489 ], [ 18.844866107334823, -11.828756032286741 ], [ 18.862479728240622, -11.84388720258826 ], [ 18.87329683044765, -11.880918359725417 ], [ 18.845468352088091, -11.889185696259091 ], [ 18.792025998611095, -11.959686394787344 ], [ 18.807081762986755, -11.978314589273847 ], [ 18.828973239367741, -11.983005697096754 ], [ 18.828488686477307, -11.99500347892381 ], [ 18.836588287854283, -12.001250138696012 ], [ 18.835154455228853, -12.032736275649441 ], [ 18.816852834641296, -12.056728540385969 ], [ 18.828735820761189, -12.075879855180343 ], [ 18.73573180269954, -12.162137962907209 ], [ 18.676849744193191, -12.199957554996715 ], [ 18.716005849414152, -12.227505387234288 ], [ 18.712631654599399, -12.253067035130687 ], [ 18.622485732622707, -12.294830103656079 ], [ 18.58563365701098, -12.28572420288862 ], [ 18.582911025655946, -12.302516199480589 ], [ 18.520106291776628, -12.338623951599164 ], [ 18.486677077542524, -12.33483510354591 ], [ 18.469539948618596, -12.416910412099707 ], [ 18.401403857845189, -12.457933413241367 ], [ 18.383108778825807, -12.489363888249077 ], [ 18.395517781264381, -12.524732677459809 ], [ 18.385798641944895, -12.538910992876023 ], [ 18.354124551224338, -12.545487263156268 ], [ 18.294566436965987, -12.58515199224221 ], [ 18.288201792861614, -12.634547318819738 ], [ 18.268876266591683, -12.648131036705095 ], [ 18.277356213016915, -12.704746434255448 ], [ 18.257430133956554, -12.723778015491288 ], [ 18.250609242292981, -12.745114055237366 ], [ 18.222711661969271, -12.759454912192385 ], [ 18.218582849338105, -12.777711570062216 ], [ 18.171104034598429, -12.798815098912335 ], [ 18.167816046202745, -12.807776874385517 ], [ 18.129157602553292, -12.801783361809587 ], [ 18.115379231752726, -12.8113771793324 ], [ 18.107752443265568, -12.840411595824069 ], [ 18.141498472010475, -12.873789077470448 ], [ 18.162413593934623, -12.944279701614885 ], [ 18.113140762064894, -12.963035978302855 ], [ 18.111661779008159, -12.989964324509245 ], [ 18.073650484140913, -13.034083289974301 ], [ 18.036971017061099, -13.045933518654945 ], [ 18.020614291735981, -13.037821426756906 ], [ 18.018274614563445, -13.106576032951949 ], [ 17.976371632386368, -13.148099028615572 ], [ 18.008002674251777, -13.214572184819556 ], [ 18.055560635750556, -13.268493927988317 ], [ 18.054568408571647, -13.279486586334038 ], [ 17.994332530999113, -13.314167993530084 ], [ 17.963284460588724, -13.31282979217298 ], [ 17.891435824579105, -13.403729067668795 ], [ 17.917974423633343, -13.422731581631513 ], [ 17.924595078532768, -13.456245469256139 ], [ 17.897683830725875, -13.502307014151754 ], [ 17.891976754923355, -13.530952445756899 ], [ 17.928169323071597, -13.559903587280935 ], [ 17.899482277105339, -13.579687884373531 ], [ 17.886865449341638, -13.640331240026054 ], [ 17.851738412245499, -13.656663947951724 ], [ 17.82983395681228, -13.652274318433982 ], [ 17.810382066179553, -13.662005949656891 ], [ 17.754906033976869, -13.642461092086105 ], [ 17.763261118918816, -13.660645020162193 ], [ 17.749029545976036, -13.711566203314678 ], [ 17.778306420990386, -13.744354133075703 ], [ 17.77274100626931, -13.90300389031 ], [ 17.739137107669034, -13.923150043581394 ], [ 17.724693368869371, -13.941932798855621 ], [ 17.677059343045709, -13.952087417011121 ], [ 17.649635581862366, -13.98567776601422 ], [ 17.51849826710421, -13.997274432793876 ], [ 17.471323064306432, -14.01443554570913 ], [ 17.43212627020343, -14.07087761442855 ], [ 17.423492825154696, -14.098356820861529 ], [ 17.385767038391986, -14.11793145591173 ], [ 17.3539308708059, -14.122715157498405 ], [ 17.343074562747329, -14.134913362797679 ], [ 17.332335275893751, -14.17593662535716 ], [ 17.346748245613508, -14.218032322220758 ], [ 17.344720602288088, -14.237880958980902 ], [ 17.330763028049301, -14.246098211280927 ], [ 17.303882973546969, -14.306821092164917 ], [ 17.242754141500072, -14.300413784165549 ], [ 17.189703720117233, -14.223591988810085 ], [ 17.152229337323277, -14.224792199009222 ], [ 17.133116059739262, -14.235452395987174 ], [ 17.111036534047663, -14.205328166687597 ], [ 17.036213030396397, -14.169063222080485 ], [ 17.014644246815447, -14.114676784873364 ], [ 17.040823142383932, -14.073300906686608 ], [ 17.009169831496607, -14.066286849673098 ], [ 16.976531601221456, -14.040131058260624 ], [ 16.978960419126476, -14.022112230837063 ], [ 17.004779753239774, -13.993583319243157 ], [ 16.97958580631429, -13.999178475779466 ], [ 16.926234110138427, -13.972264947002493 ], [ 16.905211358675487, -13.971226939637454 ], [ 16.889843202059396, -13.979773675623857 ], [ 16.886893274531367, -14.006739116108029 ], [ 16.823848064515801, -14.007852335450515 ], [ 16.799676182989476, -13.994962499857316 ], [ 16.774114154361541, -13.999507712173081 ], [ 16.74425575263605, -13.979487365326076 ], [ 16.72231236776458, -13.98119189262929 ], [ 16.722191275643361, -13.956999837199707 ], [ 16.689341420432413, -13.968180312124339 ], [ 16.674446843117785, -13.986686464324787 ], [ 16.655960752183141, -13.987730592863439 ], [ 16.65179886873176, -13.980420592265091 ], [ 16.602247964104588, -13.997321635476084 ], [ 16.58915452504095, -13.988750571568314 ], [ 16.565081124370185, -13.988563022619676 ], [ 16.507654398706428, -13.99905553867346 ], [ 16.478990254755921, -13.977379152549101 ], [ 16.487619015976218, -13.970146842407132 ], [ 16.480117703491093, -13.903657652326345 ], [ 16.489740562662281, -13.867334599677566 ], [ 16.481029641840816, -13.857907756906201 ], [ 16.474211511426695, -13.822598223338083 ], [ 16.493119877415463, -13.760048369746041 ], [ 16.480201192281996, -13.726503301423747 ], [ 16.508059474850523, -13.690610604495006 ], [ 16.516428879816658, -13.640125400841956 ], [ 16.511011037909373, -13.614100679469104 ], [ 16.522640948491496, -13.57363571348526 ], [ 16.524491361241367, -13.526925951505902 ], [ 16.53323058467393, -13.512816354501805 ], [ 16.516047021232083, -13.466969265654754 ], [ 16.521608662368781, -13.440971093605175 ], [ 16.51411876970208, -13.407502900340489 ], [ 16.522357760363349, -13.381210759278755 ], [ 16.523426825426757, -13.323960628946068 ], [ 16.538728477084685, -13.282200034745422 ], [ 16.532359724807488, -13.241901180820619 ], [ 16.543868517874749, -13.206363534849402 ], [ 16.532527315906087, -13.179167961036391 ], [ 16.53937455578447, -13.156295267416656 ], [ 16.53811012194657, -13.10728173390207 ], [ 16.523601974653701, -13.08762499508515 ], [ 16.526377563591943, -13.048794250017675 ], [ 16.509573862109228, -13.022501498970367 ], [ 16.514395546663341, -12.970563704601517 ], [ 16.50703752748548, -12.919770854505479 ], [ 16.514718795140126, -12.87654640701718 ], [ 16.498682502396189, -12.873280895930222 ], [ 16.504101783849734, -12.80622959208652 ], [ 16.491165876116121, -12.782463079981515 ], [ 16.497287000762562, -12.764565160829171 ], [ 16.486877737776329, -12.751192870537736 ], [ 16.463509544478239, -12.744473319205312 ], [ 16.433889780164979, -12.708572200656015 ], [ 16.403527757912872, -12.697922169033909 ], [ 16.37202979985668, -12.699143528566264 ], [ 16.347597534842429, -12.684017828430576 ], [ 16.3546805097468, -12.658990103333394 ], [ 16.348919980205334, -12.620180813263076 ], [ 16.296313702677967, -12.606869184924701 ], [ 16.287645109262616, -12.59252571583384 ], [ 16.346868969714023, -12.544388041629933 ], [ 16.354005741883615, -12.521210908684981 ], [ 16.371444775130151, -12.520559658988677 ], [ 16.402961592567067, -12.486311264080168 ], [ 16.40524415889022, -12.425570133574276 ], [ 16.397504447155598, -12.382267591708878 ], [ 16.384099677391983, -12.361884344132317 ], [ 16.361132133984579, -12.347462498372746 ], [ 16.362138564667905, -12.320596067428518 ], [ 16.344333346392315, -12.293500979867449 ], [ 16.355436755167396, -12.257737995752354 ], [ 16.391925332098634, -12.229889816825928 ], [ 16.423253796257686, -12.217022747736788 ], [ 16.440310573259431, -12.196185238727846 ], [ 16.458932784226921, -12.193031308908225 ], [ 16.461138998914127, -12.17790047082638 ], [ 16.500604163978316, -12.160157236762242 ], [ 16.496662781514804, -12.12768888996078 ], [ 16.515750480532709, -12.121151579270933 ], [ 16.516165790698611, -12.07884856537304 ], [ 16.527875678873549, -12.068812487181074 ], [ 16.517853892169487, -12.059377773646556 ], [ 16.541094897779107, -12.037054511344774 ], [ 16.539838559229381, -12.017278312531737 ], [ 16.565996412833162, -11.991720751140249 ], [ 16.592401753640651, -11.981367080384747 ], [ 16.589757498258617, -11.920175821536965 ], [ 16.580326338755391, -11.899159265931097 ], [ 16.558083119090306, -11.893492802823207 ], [ 16.559672230204114, -11.885763773826834 ], [ 16.54374296666834, -11.870088998054989 ], [ 16.538864857579316, -11.873814911449514 ], [ 16.508624316621034, -11.838753422454189 ], [ 16.49389243970516, -11.832076006888197 ], [ 16.48515289721324, -11.816198312944662 ], [ 16.491139864477233, -11.806194603241741 ], [ 16.480975332875492, -11.798366352171788 ], [ 16.479278001285991, -11.755751189101074 ], [ 16.442954688670053, -11.739530679122515 ], [ 16.432742550718604, -11.721727849013478 ], [ 16.423947834269637, -11.725471287785064 ], [ 16.423407925904954, -11.715662151585585 ], [ 16.400414218848969, -11.719635977952395 ], [ 16.388764736346761, -11.707468006267844 ], [ 16.399707071908587, -11.676370439911269 ], [ 16.344445398001373, -11.655401584283323 ], [ 16.351691487120945, -11.635260774470671 ], [ 16.325642930608986, -11.61334442608514 ], [ 16.316348832955807, -11.614673815495694 ], [ 16.313022577844816, -11.531203694121098 ], [ 16.326992904309456, -11.51891506186781 ], [ 16.318618329851375, -11.506888774707194 ], [ 16.28752551078696, -11.520057577041657 ], [ 16.258630821810982, -11.514714740164647 ], [ 16.246578572369774, -11.518788174744868 ], [ 16.244665246258982, -11.533325936925079 ], [ 16.227075769828581, -11.535118291949123 ], [ 16.195465441400092, -11.505007424515382 ], [ 16.168354642626248, -11.496591498801637 ], [ 16.118789520941146, -11.501451190472403 ], [ 16.104868279498952, -11.486865129024851 ], [ 16.106624756244248, -11.47720625664134 ], [ 16.032163881009875, -11.453026171216299 ], [ 16.008714383289746, -11.462921362522463 ], [ 16.001994828522381, -11.487373978811869 ], [ 15.989270004426093, -11.499345763739536 ], [ 15.970948375361615, -11.483963239250242 ], [ 15.941733140456193, -11.478267394394917 ], [ 15.924959628358337, -11.486364956327103 ], [ 15.899493611353677, -11.47984852451606 ], [ 15.870350225546215, -11.49715112713278 ], [ 15.84474591951528, -11.498996160118727 ], [ 15.807323072421209, -11.475130640161316 ], [ 15.774104677444356, -11.495652915369861 ], [ 15.735031156293822, -11.461968037570861 ], [ 15.701119487786208, -11.46768239041617 ], [ 15.72414477115629, -11.441058055409551 ], [ 15.72342657410557, -11.413649786104033 ], [ 15.751041411622424, -11.390756581554099 ], [ 15.774532520323348, -11.343394969955037 ], [ 15.756483102777441, -11.302113396771377 ], [ 15.722002376822442, -11.277082219408699 ], [ 15.755553606283623, -11.277265354990954 ], [ 15.795963512102151, -11.237218042596156 ], [ 15.804279022109302, -11.196934007794615 ], [ 15.826866105329973, -11.181567643000593 ], [ 15.841250165444531, -11.15027823983438 ], [ 15.876408036378464, -11.115035686887579 ], [ 15.883701264145955, -11.098376608799368 ], [ 15.878608046434284, -11.092365636292426 ], [ 15.896577685221125, -11.05381132154927 ], [ 15.880611110843201, -11.02180905223055 ], [ 15.914344445043493, -10.968329838237493 ], [ 15.928535344437122, -10.967487042783178 ], [ 15.945898778604661, -10.996976080726265 ], [ 15.945158046597196, -11.018575257348543 ], [ 15.955286142835856, -11.029261948508099 ], [ 15.994137522697383, -11.009353514444934 ], [ 16.013471033569182, -10.972937850964351 ], [ 16.036742416215422, -10.969420448556791 ], [ 16.075060796516993, -10.984228992344006 ], [ 16.089007525386023, -11.005188840123795 ], [ 16.164737638412685, -11.021064510416837 ], [ 16.166212814101488, -11.039294966249239 ], [ 16.197621523200567, -11.051223034737459 ], [ 16.216649687297746, -11.000416780133163 ], [ 16.229745421196551, -10.987908937255822 ], [ 16.247910439357671, -10.931261664443484 ], [ 16.274843953712637, -10.895585848222359 ], [ 16.27500262619499, -10.869458155288362 ], [ 16.310279314871146, -10.844142822741057 ], [ 16.39409048008309, -10.819035278735681 ], [ 16.421010053856744, -10.774712118150257 ], [ 16.467576940678708, -10.75881996367635 ], [ 16.48150179232406, -10.727831366080812 ], [ 16.501293216968183, -10.707528479716247 ], [ 16.522829461778521, -10.691162713511352 ], [ 16.565283500548045, -10.67591797860136 ], [ 16.570170250792682, -10.661818373422586 ], [ 16.564168683228253, -10.647613321812669 ], [ 16.597699849194303, -10.628197766214656 ], [ 16.576619541734505, -10.595142517212222 ], [ 16.600605865575524, -10.573882466240706 ] ] ] } },
{ "type": "Feature", "properties": { "loc": "AO-A1-0004" }, "geometry": { "type": "Polygon", "coordinates": [ [ [ 12.784152030587579, -4.376824855997677 ], [ 12.832473755255423, -4.406424998829964 ], [ 12.864064217385527, -4.390550613035741 ], [ 12.89027595486729, -4.402448176957177 ], [ 12.898159981194011, -4.419291019280417 ], [ 12.891915320931167, -4.457473278184546 ], [ 12.901092529192669, -4.45696544631368 ], [ 12.90253067015019, -4.469675541408483 ], [ 12.915622710915196, -4.47215509369793 ], [ 12.924195289676719, -4.489457129857991 ], [ 12.975124359397492, -4.533369063946472 ], [ 12.981869698323754, -4.551832198612408 ], [ 13.046701430722328, -4.620868683358351 ], [ 13.064652442851797, -4.63048696501677 ], [ 13.097495078730768, -4.627772330843763 ], [ 13.101260184905426, -4.681446552331861 ], [ 13.084284781613229, -4.689036845689257 ], [ 13.052393912644787, -4.67752838064556 ], [ 13.03013992331463, -4.692708969158913 ], [ 12.986094474975916, -4.703053474053901 ], [ 12.923457145926418, -4.732254981597498 ], [ 12.863112449575718, -4.739132880593347 ], [ 12.858293533115893, -4.75500726728694 ], [ 12.839479446115385, -4.755228519396018 ], [ 12.83121871896453, -4.77432298713151 ], [ 12.815153122014776, -4.785820007402789 ], [ 12.792431830560334, -4.832055569324437 ], [ 12.800229073209033, -4.846095562075861 ], [ 12.778701781957478, -4.869310855626866 ], [ 12.754627227633007, -4.876495838013431 ], [ 12.729911803755376, -4.903008460772776 ], [ 12.717632294163648, -4.949512005375626 ], [ 12.671759605090214, -4.959039210891861 ], [ 12.639565467640777, -4.950913428812568 ], [ 12.632675170591233, -4.961493014691746 ], [ 12.640467644134999, -4.991868018794912 ], [ 12.628982544377541, -5.021998882143533 ], [ 12.614981650551369, -5.021759032953957 ], [ 12.574802399379868, -5.050949096624416 ], [ 12.552309035702079, -5.050469398244998 ], [ 12.529118538258464, -5.067936420430344 ], [ 12.47930908221697, -5.069272518013138 ], [ 12.471262931789438, -5.093194008015859 ], [ 12.487316131705038, -5.115983485741774 ], [ 12.537451743973714, -5.137145041602823 ], [ 12.535098076086191, -5.733852863411363 ], [ 12.265685080672826, -5.743284702119814 ], [ 12.206631659694265, -5.769248009080799 ], [ 12.153016090191302, -5.690939903446305 ], [ 12.13951587682711, -5.634799956745043 ], [ 12.175200462102518, -5.546750069152809 ], [ 12.185080528314616, -5.539863110386692 ], [ 12.213554381800138, -5.544957637577378 ], [ 12.228489876277669, -5.53715515098189 ], [ 12.2305965417679, -5.490460872763562 ], [ 12.22167777977665, -5.446744918935368 ], [ 12.194189072438631, -5.369878291642364 ], [ 12.168510436878053, -5.329127789308489 ], [ 12.173811913360042, -5.306362152283986 ], [ 12.168545722677846, -5.292322158633192 ], [ 12.131183623775764, -5.228549957433396 ], [ 12.133502006762773, -5.20278501483539 ], [ 12.017159461990088, -5.04059505463689 ], [ 12.028376579066434, -5.02578687718144 ], [ 12.010205269008532, -5.027222633136811 ], [ 12.16653633133715, -4.885210991013237 ], [ 12.211032867023784, -4.752995491267745 ], [ 12.236802101186582, -4.766998290757277 ], [ 12.234555243979893, -4.779494286051259 ], [ 12.245130539193559, -4.783382415884555 ], [ 12.245870590405959, -4.796793460568574 ], [ 12.262816429385291, -4.785394192107054 ], [ 12.278923035420329, -4.793885231137343 ], [ 12.297503471358693, -4.789417267012089 ], [ 12.30649852823502, -4.800015925713167 ], [ 12.32644844099333, -4.793692111620432 ], [ 12.341916084110503, -4.757784843414617 ], [ 12.357268333417435, -4.750553131340732 ], [ 12.35652160563818, -4.736217975697846 ], [ 12.37232780483488, -4.727596283160699 ], [ 12.374493598951018, -4.695905685118055 ], [ 12.385480880788522, -4.687998771944605 ], [ 12.386994361551105, -4.665560721968523 ], [ 12.395694733076022, -4.660205841045487 ], [ 12.402239798996105, -4.632889747564809 ], [ 12.389716148000216, -4.601725577999863 ], [ 12.405048370000136, -4.590328693000037 ], [ 12.453495026000104, -4.594286918999805 ], [ 12.631462096667077, -4.560898781254666 ], [ 12.651994705360002, -4.533750533860973 ], [ 12.649403572385507, -4.518269539408562 ], [ 12.684982300188883, -4.46885395136413 ], [ 12.725595474247607, -4.467510223033747 ], [ 12.72768116035312, -4.421947479008251 ], [ 12.754188538266307, -4.397544860921935 ], [ 12.784152030587579, -4.376824855997677 ] ] ] } },
{ "type": "Feature", "properties": { "loc": "AO-A1-0005" }, "geometry": { "type": "Polygon", "coordinates": [ [ [ 16.545434983313001, -15.130346744569383 ], [ 16.555516796236791, -15.126430519773642 ], [ 16.575182627403073, -15.143594435931867 ], [ 16.595861607326068, -15.1416445246143 ], [ 16.639425252704498, -15.158856453705621 ], [ 16.666424315863804, -15.152922594310841 ], [ 16.684887196668541, -15.162432279050869 ], [ 16.709183327788413, -15.162705686280436 ], [ 16.735873624733433, -15.176776116375173 ], [ 16.754546213741328, -15.17047205389958 ], [ 16.764975493505307, -15.178211938189417 ], [ 16.780882125054131, -15.173889472451812 ], [ 16.780819144319992, -15.187924581184269 ], [ 16.789357808397831, -15.193646127822607 ], [ 16.765440546544941, -15.206817102960695 ], [ 16.769195661197056, -15.223804603996943 ], [ 16.784913489745268, -15.245082923550839 ], [ 16.799156153546502, -15.241285134574117 ], [ 16.807218480637776, -15.254377567750204 ], [ 16.826898413833025, -15.252463825648704 ], [ 16.836408425046301, -15.265543171805767 ], [ 16.830732610037646, -15.277869513932679 ], [ 16.855500181889127, -15.27889363685701 ], [ 16.850932679077513, -15.293842584915811 ], [ 16.858992650176763, -15.306055462192585 ], [ 16.842777621543981, -15.31197875457752 ], [ 16.843385893526452, -15.319517033792945 ], [ 16.863264303457015, -15.319001263537373 ], [ 16.878920664154951, -15.331500531582225 ], [ 16.876859772927677, -15.343622007142937 ], [ 16.896798634918753, -15.349593066000782 ], [ 16.909404112912529, -15.344222903122311 ], [ 16.934670177829592, -15.378913142723388 ], [ 16.928396013971714, -15.384756350504574 ], [ 16.916773939159579, -15.380381413576021 ], [ 16.92053456937197, -15.394998567375733 ], [ 16.949516080574956, -15.400535093684436 ], [ 16.957811379010046, -15.417477365185366 ], [ 16.968671778372002, -15.418609253826048 ], [ 16.960874012243643, -15.435517946225968 ], [ 16.979233095722002, -15.445793113815192 ], [ 16.993744483582951, -15.431015139647968 ], [ 17.065459341839428, -15.568927506596591 ], [ 17.136543016739303, -15.566144349771854 ], [ 17.163238413561199, -15.644459238091162 ], [ 17.19567689950745, -15.698857642556934 ], [ 17.237086000611423, -15.743861739369674 ], [ 17.281905200028902, -15.86510872169044 ], [ 17.322057334679553, -15.906244754975834 ], [ 17.33955199982562, -15.914649014810827 ], [ 17.360551752042497, -15.943706641189397 ], [ 17.370869291805047, -16.004094384675376 ], [ 17.397535385074558, -16.050795244231136 ], [ 17.376810187805791, -16.092236621612226 ], [ 17.373577155647713, -16.125416195531511 ], [ 17.385373537641691, -16.216472341636983 ], [ 17.396774584365904, -16.243699896054824 ], [ 17.393715439742774, -16.32071690697196 ], [ 17.37894636269548, -16.345784972921578 ], [ 17.382202141234782, -16.404493320863949 ], [ 17.314406095776214, -16.570093569366378 ], [ 17.304227248700066, -16.646664983405895 ], [ 17.275288149839785, -16.691527418159485 ], [ 17.2295617633762, -16.733763265965578 ], [ 17.20816129002305, -16.77187349546913 ], [ 17.223668515900759, -16.821686877950686 ], [ 17.223540543272975, -16.873071189887206 ], [ 17.216477190581347, -16.892087514630798 ], [ 17.226609509432844, -16.90179812968357 ], [ 17.221553606325379, -16.921143524457765 ], [ 17.229973696940082, -16.939991419671923 ], [ 17.219078306929791, -16.974131346488146 ], [ 17.241702025539585, -17.052973024389189 ], [ 17.271822517007074, -17.236239257739221 ], [ 17.269670833253858, -17.389972011402904 ], [ 14.215888022785883, -17.389816284334419 ], [ 14.204492569248561, -17.41190147361446 ], [ 14.165695190252681, -17.419925689859078 ], [ 14.152161597651514, -17.433557510011493 ], [ 14.111774444806713, -17.426219939638859 ], [ 14.094234466918998, -17.442466735591793 ], [ 14.019010543973296, -17.419822693203074 ], [ 13.992979050414698, -17.431653976190436 ], [ 13.956886291640911, -17.433372497882853 ], [ 13.928891182354073, -17.41783142062398 ], [ 13.915141105849214, -17.379213333169179 ], [ 13.880517959807912, -17.350984572820199 ], [ 13.813645362615288, -17.324169159119734 ], [ 13.75064754482027, -17.280115127651435 ], [ 13.71794414467846, -17.269832611226448 ], [ 13.691267014333162, -17.24622917207898 ], [ 13.677514076185558, -17.246448516726048 ], [ 13.634271621709891, -17.203884124992779 ], [ 13.544894217865798, -17.147806167660889 ], [ 13.510706902173728, -17.13515853857605 ], [ 13.504785538293882, -17.126319884595336 ], [ 13.523948669267581, -17.09541130103111 ], [ 13.48272132929784, -17.031471251837143 ], [ 13.460853577202679, -17.013067244897833 ], [ 13.373568898457753, -16.976017861075803 ], [ 13.373673950064633, -16.956190405403298 ], [ 13.347204110753006, -16.921144872078536 ], [ 13.344277484790011, -16.905561033855026 ], [ 13.290175579910988, -16.829719023054828 ], [ 13.251007178410477, -16.798433732371237 ], [ 13.241516292015197, -16.782738613836361 ], [ 13.249209524471881, -16.771939670719565 ], [ 13.206634713193386, -16.719108150860833 ], [ 13.133366816597201, -16.685703493561792 ], [ 13.144980087732792, -16.673797379785665 ], [ 13.150122276293883, -16.64556393306939 ], [ 13.175322341224936, -16.621711071449202 ], [ 13.183553870086937, -16.601419444192416 ], [ 13.227925901830771, -16.590992411211197 ], [ 13.284421835271408, -16.53441179131147 ], [ 13.271400938974052, -16.509244210792112 ], [ 13.230363201272597, -16.485151274252246 ], [ 13.209738545169623, -16.48197302877265 ], [ 13.209582102703797, -16.462044180834628 ], [ 13.223916528996503, -16.447425196456027 ], [ 13.217997261436397, -16.438912542220468 ], [ 13.251989314527178, -16.427187231745737 ], [ 13.26579274870827, -16.433525864867143 ], [ 13.276353423643437, -16.429190476999327 ], [ 13.290493992075978, -16.410033000962592 ], [ 13.288116234048884, -16.390849673014401 ], [ 13.337354559437296, -16.373936731235499 ], [ 13.342726251387303, -16.347279855421409 ], [ 13.367519293052863, -16.371552043932052 ], [ 13.363080551498106, -16.354482332334157 ], [ 13.382951387768214, -16.358785416554127 ], [ 13.373318379711383, -16.340583906362543 ], [ 13.413456111881937, -16.328003792981043 ], [ 13.480362268176014, -16.253034773876134 ], [ 13.53273193939941, -16.238618158541545 ], [ 13.584389996872746, -16.278403957217218 ], [ 13.594376042792076, -16.298367422758691 ], [ 13.648244462983515, -16.34597468282572 ], [ 13.690033945908462, -16.345685786311453 ], [ 13.710486931705733, -16.325637912811047 ], [ 13.780979264089142, -16.302068568175326 ], [ 13.837051510111829, -16.207534795383321 ], [ 13.902093484593879, -16.135415083440712 ], [ 13.913684938507307, -16.107118022255456 ], [ 14.040271369228561, -16.144649636525948 ], [ 14.074741568966154, -16.123520036403665 ], [ 14.115844167233771, -16.113799412300061 ], [ 14.120193021860228, -16.100163547758111 ], [ 14.141962722780388, -16.090522963606418 ], [ 14.277278274975558, -16.049839082190836 ], [ 14.31772387371808, -16.024708147226246 ], [ 14.422379721821343, -15.927054800166001 ], [ 14.508448195256118, -15.822616070240663 ], [ 14.52557816163349, -15.823262310891966 ], [ 14.601786057171662, -15.866592623140601 ], [ 14.64629074100614, -15.860975590140008 ], [ 14.674649813329399, -15.84272079325541 ], [ 14.708106569002322, -15.850121311466719 ], [ 14.734072443024893, -15.866076799300338 ], [ 14.78296588184751, -15.866020755938919 ], [ 14.918999776509434, -15.923002893966636 ], [ 14.960645892440194, -15.949827763852092 ], [ 14.980016667932183, -15.955248360039381 ], [ 14.991502844372739, -15.949997044486135 ], [ 15.033280772801483, -16.050744279362455 ], [ 15.19045467513962, -16.038159792361888 ], [ 15.212697968976041, -15.990590147033917 ], [ 15.228271398317528, -15.992444627770002 ], [ 15.222050139447241, -15.980637767593791 ], [ 15.235775356228487, -15.969105120010656 ], [ 15.237967439989841, -15.929527801674642 ], [ 15.258095803714511, -15.916509902673742 ], [ 15.264854309984965, -15.878562528916323 ], [ 15.277919936394557, -15.870172991260628 ], [ 15.288253457080092, -15.838239119861502 ], [ 15.299780200211544, -15.828553491976265 ], [ 15.303994264480814, -15.793059602604458 ], [ 15.294759162184768, -15.776642625455455 ], [ 15.301719027057903, -15.762550481698561 ], [ 15.326444265799921, -15.764861924687661 ], [ 15.351893452689325, -15.747548392959548 ], [ 15.360624928125066, -15.731735095096482 ], [ 15.384244312576456, -15.729126466745551 ], [ 15.390160655946961, -15.713472615428941 ], [ 15.381791939255418, -15.706716388076785 ], [ 15.410163402932664, -15.67140902545902 ], [ 15.407252695552831, -15.661919457991907 ], [ 15.431875238299764, -15.643894084649695 ], [ 15.430131182662876, -15.616424249678989 ], [ 15.447619399144674, -15.607594749956693 ], [ 15.441330638957051, -15.595933264197786 ], [ 15.45004561612533, -15.578559941820618 ], [ 15.442548316639115, -15.56456605980318 ], [ 15.453912315544915, -15.545700888919061 ], [ 15.479274521507325, -15.552204005868536 ], [ 15.484119192605128, -15.515426410645155 ], [ 15.507030166923208, -15.502812962785988 ], [ 15.499911098388175, -15.485732490494691 ], [ 15.515402138583312, -15.489434933033113 ], [ 15.523776904713316, -15.477588552641802 ], [ 15.547274213711937, -15.474222697061595 ], [ 15.55185846039695, -15.463487645446932 ], [ 15.56772724051001, -15.46700168005432 ], [ 15.602944252614481, -15.431244966049878 ], [ 15.617809380408065, -15.437760808969763 ], [ 15.639716860812314, -15.433041647737927 ], [ 15.680484832153407, -15.400627355160939 ], [ 15.690974159320525, -15.40188183130941 ], [ 15.704166350727444, -15.380393490916838 ], [ 15.713165053998601, -15.389311284750178 ], [ 15.730467687928407, -15.388397288078053 ], [ 15.751245515823786, -15.40554679804395 ], [ 15.783454163264654, -15.387297922275216 ], [ 15.811388700417961, -15.390141995807632 ], [ 15.842319298718976, -15.374045742013703 ], [ 15.873724066052564, -15.392254227718343 ], [ 15.929734278527263, -15.393136111507449 ], [ 15.972294352933325, -15.378864971212696 ], [ 16.029229466513772, -15.432029779278594 ], [ 16.044727450374197, -15.424912932720119 ], [ 16.079215619822218, -15.384438427850416 ], [ 16.160752273934165, -15.382462774983512 ], [ 16.183664094140227, -15.404061676161056 ], [ 16.21921005403939, -15.389063937604746 ], [ 16.243951301904236, -15.366686058853912 ], [ 16.259464281205904, -15.319377772437075 ], [ 16.327857243440658, -15.26282620870602 ], [ 16.342678333376348, -15.205669288949835 ], [ 16.396337438127606, -15.174102068871036 ], [ 16.475100232115913, -15.143795416367894 ], [ 16.506593026012606, -15.125196018000391 ], [ 16.516209644220403, -15.108566421488295 ], [ 16.545434983313001, -15.130346744569383 ] ] ] } },
{ "type": "Feature", "properties": { "loc": "AO-A1-0006" }, "geometry": { "type": "Polygon", "coordinates": [ [ [ 16.032163881009875, -11.453026171216299 ], [ 16.106624756244248, -11.47720625664134 ], [ 16.104868279498952, -11.486865129024851 ], [ 16.118789520941146, -11.501451190472403 ], [ 16.168354642626248, -11.496591498801637 ], [ 16.195465441400092, -11.505007424515382 ], [ 16.227075769828581, -11.535118291949123 ], [ 16.244665246258982, -11.533325936925079 ], [ 16.246578572369774, -11.518788174744868 ], [ 16.258630821810982, -11.514714740164647 ], [ 16.28752551078696, -11.520057577041657 ], [ 16.318618329851375, -11.506888774707194 ], [ 16.326992904309456, -11.51891506186781 ], [ 16.313022577844816, -11.531203694121098 ], [ 16.316348832955807, -11.614673815495694 ], [ 16.325642930608986, -11.61334442608514 ], [ 16.351691487120945, -11.635260774470671 ], [ 16.344445398001373, -11.655401584283323 ], [ 16.399707071908587, -11.676370439911269 ], [ 16.388764736346761, -11.707468006267844 ], [ 16.400414218848969, -11.719635977952395 ], [ 16.423407925904954, -11.715662151585585 ], [ 16.423947834269637, -11.725471287785064 ], [ 16.432742550718604, -11.721727849013478 ], [ 16.442954688670053, -11.739530679122515 ], [ 16.479278001285991, -11.755751189101074 ], [ 16.480975332875492, -11.798366352171788 ], [ 16.491139864477233, -11.806194603241741 ], [ 16.48515289721324, -11.816198312944662 ], [ 16.49389243970516, -11.832076006888197 ], [ 16.508624316621034, -11.838753422454189 ], [ 16.538864857579316, -11.873814911449514 ], [ 16.54374296666834, -11.870088998054989 ], [ 16.559672230204114, -11.885763773826834 ], [ 16.558083119090306, -11.893492802823207 ], [ 16.580326338755391, -11.899159265931097 ], [ 16.587212614455016, -11.931931218634311 ], [ 16.593756093136847, -11.933663424698143 ], [ 16.592401753640651, -11.981367080384747 ], [ 16.565996412833162, -11.991720751140249 ], [ 16.539838559229381, -12.017278312531737 ], [ 16.541094897779107, -12.037054511344774 ], [ 16.517853892169487, -12.059377773646556 ], [ 16.527875678873549, -12.068812487181074 ], [ 16.516165790698611, -12.07884856537304 ], [ 16.515750480532709, -12.121151579270933 ], [ 16.496662781514804, -12.12768888996078 ], [ 16.500604163978316, -12.160157236762242 ], [ 16.461138998914127, -12.17790047082638 ], [ 16.458932784226921, -12.193031308908225 ], [ 16.440310573259431, -12.196185238727846 ], [ 16.423253796257686, -12.217022747736788 ], [ 16.391925332098634, -12.229889816825928 ], [ 16.355436755167396, -12.257737995752354 ], [ 16.344333346392315, -12.293500979867449 ], [ 16.362138564667905, -12.320596067428518 ], [ 16.361132133984579, -12.347462498372746 ], [ 16.384099677391983, -12.361884344132317 ], [ 16.397504447155598, -12.382267591708878 ], [ 16.40524415889022, -12.425570133574276 ], [ 16.402961592567067, -12.486311264080168 ], [ 16.371444775130151, -12.520559658988677 ], [ 16.354005741883615, -12.521210908684981 ], [ 16.346868969714023, -12.544388041629933 ], [ 16.287645109262616, -12.59252571583384 ], [ 16.296313702677967, -12.606869184924701 ], [ 16.348919980205334, -12.620180813263076 ], [ 16.3546805097468, -12.658990103333394 ], [ 16.347597534842429, -12.684017828430576 ], [ 16.37202979985668, -12.699143528566264 ], [ 16.403527757912872, -12.697922169033909 ], [ 16.433889780164979, -12.708572200656015 ], [ 16.443575452039561, -12.727860823668784 ], [ 16.465158370442001, -12.74567300219373 ], [ 16.486877737776329, -12.751192870537736 ], [ 16.497287000762562, -12.764565160829171 ], [ 16.491165876116121, -12.782463079981515 ], [ 16.504101783849734, -12.80622959208652 ], [ 16.498682502396189, -12.873280895930222 ], [ 16.515302680821353, -12.88258689654797 ], [ 16.507096723948678, -12.918225968951507 ], [ 16.514395546663341, -12.970563704601517 ], [ 16.509573862109228, -13.022501498970367 ], [ 16.526377563591943, -13.048794250017675 ], [ 16.523601974653701, -13.08762499508515 ], [ 16.53811012194657, -13.10728173390207 ], [ 16.53937455578447, -13.156295267416656 ], [ 16.532527315906087, -13.179167961036391 ], [ 16.543868517874749, -13.206363534849402 ], [ 16.532359724807488, -13.241901180820619 ], [ 16.538728477084685, -13.282200034745422 ], [ 16.523426825426757, -13.323960628946068 ], [ 16.52532579157846, -13.346297302095572 ], [ 16.467233121239744, -13.360835602694959 ], [ 16.433759515951074, -13.356434363528773 ], [ 16.429175280963992, -13.362983689129109 ], [ 16.415438457762299, -13.338964025836713 ], [ 16.400127041430679, -13.336120112978527 ], [ 16.393736705511319, -13.324173336403227 ], [ 16.355437498894343, -13.343285895513517 ], [ 16.312353341630015, -13.34179213863062 ], [ 16.284284814348382, -13.325265167922911 ], [ 16.257319762581268, -13.327822928052651 ], [ 16.248534192015374, -13.337615038814448 ], [ 16.225756662919366, -13.329880954047429 ], [ 16.218116894017243, -13.333494240207571 ], [ 16.207331126487556, -13.379751907238607 ], [ 16.176987203120685, -13.416006346531589 ], [ 16.137274994545603, -13.442262821928857 ], [ 16.111906900980344, -13.449471612334801 ], [ 16.074525429857633, -13.446172743708001 ], [ 16.054158219647885, -13.424972019475828 ], [ 16.014558492759434, -13.425769074906373 ], [ 15.974567734555745, -13.388198041739912 ], [ 15.947421823163666, -13.39297413325739 ], [ 15.928344213147483, -13.442831388143233 ], [ 15.87666201429272, -13.444978114806332 ], [ 15.87163511786871, -13.45659138398571 ], [ 15.880055763525469, -13.470465463401354 ], [ 15.871606023109486, -13.464841237237806 ], [ 15.845946517328446, -13.493197397580808 ], [ 15.848637470561044, -13.503976475348949 ], [ 15.836661223310866, -13.501593707313713 ], [ 15.814139623843015, -13.518744403828425 ], [ 15.80935818417597, -13.53450957039956 ], [ 15.792761989962134, -13.544024068190968 ], [ 15.793995484251422, -13.560346759307123 ], [ 15.774300252654605, -13.560581664036835 ], [ 15.771100487000211, -13.574091349457323 ], [ 15.752559776731978, -13.585513189335224 ], [ 15.75717840294697, -13.591326045592805 ], [ 15.741478768581274, -13.606603826708035 ], [ 15.739277416072106, -13.619475591592039 ], [ 15.724000008520278, -13.619405137630974 ], [ 15.715592072096918, -13.608756475150468 ], [ 15.703029138535207, -13.62886906691984 ], [ 15.675013605460197, -13.630215936347916 ], [ 15.660909538051193, -13.649349985871122 ], [ 15.647159258113064, -13.647597743017819 ], [ 15.647417254841312, -13.655674005272871 ], [ 15.634108464697682, -13.664708395117902 ], [ 15.640646337320252, -13.682518532832749 ], [ 15.620840377629097, -13.689665138728884 ], [ 15.621729970706522, -13.71383602923683 ], [ 15.610299983115716, -13.720787606547418 ], [ 15.602441741998074, -13.716999184571204 ], [ 15.584720960052856, -13.73377261505328 ], [ 15.565766606720199, -13.729432127790957 ], [ 15.561564983984333, -13.74934573471111 ], [ 15.549282540777654, -13.746604139063628 ], [ 15.53793912174477, -13.767283205114349 ], [ 15.513973880108889, -13.76664205963533 ], [ 15.508023204787769, -13.744269451315787 ], [ 15.523358147450761, -13.713198467283554 ], [ 15.514012787930564, -13.676063518208153 ], [ 15.534230498130341, -13.614807988871441 ], [ 15.492314788790562, -13.626202447274565 ], [ 15.466905131602093, -13.611882958778992 ], [ 15.429176295189873, -13.623311725186287 ], [ 15.40096072445456, -13.619909969859705 ], [ 15.384489341392271, -13.631499749461867 ], [ 15.373278261712642, -13.625329195321239 ], [ 15.376801729009237, -13.546898917891131 ], [ 15.36135740764708, -13.50185654058415 ], [ 15.366887653606831, -13.458280466039756 ], [ 15.337351305342217, -13.426391203210446 ], [ 15.337373835882584, -13.400187189046225 ], [ 15.334525648701458, -13.391514147636546 ], [ 15.319748568220071, -13.387194854311407 ], [ 15.317054983698775, -13.360589213814105 ], [ 15.306297758382126, -13.356611089600062 ], [ 15.273230455832554, -13.370763333275953 ], [ 15.242179136164324, -13.395957969106281 ], [ 15.213636594063384, -13.391992340176067 ], [ 15.186953093203837, -13.428214068567417 ], [ 15.163736861560917, -13.423288380396563 ], [ 15.153839015940207, -13.408927601775094 ], [ 15.138642009664505, -13.408019362550021 ], [ 15.123227835582131, -13.389227923213703 ], [ 15.100279877408607, -13.391785422254781 ], [ 15.087483823785952, -13.407227125584658 ], [ 15.076351335734017, -13.408312840339736 ], [ 15.072352404051337, -13.400729961691276 ], [ 15.051840027003927, -13.410948003752814 ], [ 15.061492353598904, -13.370642149138916 ], [ 15.052246517343004, -13.347750575461841 ], [ 15.036637420283494, -13.354196441199722 ], [ 14.997156263529376, -13.347824487812126 ], [ 14.940117234749639, -13.302098552241198 ], [ 14.900442162633976, -13.283373558195837 ], [ 14.898208600265761, -13.269321105142467 ], [ 14.913050817608209, -13.249791458002818 ], [ 14.889828331186017, -13.23141258531108 ], [ 14.889485535298963, -13.215784289092863 ], [ 14.906923321623999, -13.170483177088393 ], [ 14.898114580271482, -13.158621573560996 ], [ 14.923164850430126, -13.127990674203421 ], [ 14.916592432956488, -13.122916291959335 ], [ 14.91429670971538, -13.087751856873425 ], [ 14.923815606490809, -13.058623058108559 ], [ 14.912779016574973, -13.028802274112088 ], [ 14.896075231464323, -13.017760275477624 ], [ 14.897271258161737, -12.999253420611961 ], [ 14.8713421694465, -12.990947844680239 ], [ 14.863387733335554, -12.965239127558153 ], [ 14.847881189155387, -12.949739175247792 ], [ 14.88053941573666, -12.905955252628825 ], [ 14.805971191643508, -12.829961420015461 ], [ 14.780542536306918, -12.832066361413268 ], [ 14.784857581860589, -12.768458845070779 ], [ 14.810513293486327, -12.734136559454761 ], [ 14.805077990352711, -12.719395033765196 ], [ 14.766906909544186, -12.694824452336 ], [ 14.850922209133088, -12.650877528356535 ], [ 14.882772861417592, -12.608051184732066 ], [ 14.906466855573708, -12.609087808074609 ], [ 14.918992375685036, -12.618758068411278 ], [ 15.001910350869885, -12.570306961987814 ], [ 15.057804762067839, -12.560635461196384 ], [ 15.051518856104895, -12.532326356167427 ], [ 15.066237036826102, -12.516762680693876 ], [ 15.031628349713255, -12.490172200248278 ], [ 15.046762506518974, -12.466863510215436 ], [ 15.043687019822549, -12.429573555454681 ], [ 15.024785683731157, -12.42703963984108 ], [ 15.010277648957437, -12.400032331666527 ], [ 14.98950230499343, -12.235376822782989 ], [ 14.979920232958222, -12.223311529607066 ], [ 15.012967046780634, -12.183215294749477 ], [ 15.021468445816222, -12.147175339732346 ], [ 15.034057577276005, -12.130924128529823 ], [ 15.034872066690941, -12.107273078361452 ], [ 15.06200608231838, -12.078629736574136 ], [ 15.061677060576084, -12.069619898450384 ], [ 15.073936741046623, -12.066238195416162 ], [ 15.09795362766635, -12.028743076098152 ], [ 15.112340689293546, -12.037104020908778 ], [ 15.167587575495389, -12.035789190194428 ], [ 15.198629414811471, -12.016232807493637 ], [ 15.275262641892962, -11.995802986021047 ], [ 15.273443875297588, -11.974888977187319 ], [ 15.316873076109694, -11.941056287750367 ], [ 15.359853263498024, -11.946635727242743 ], [ 15.36736239050045, -11.94131665107842 ], [ 15.383449266124316, -11.87774365381668 ], [ 15.379950216457683, -11.865473119193897 ], [ 15.364471543350078, -11.856370293856749 ], [ 15.364785416269466, -11.846716434929821 ], [ 15.384857255202977, -11.833335955981521 ], [ 15.389217851442716, -11.798416681581406 ], [ 15.407470687711111, -11.772809465644555 ], [ 15.397493625789949, -11.761561163194903 ], [ 15.377402754771552, -11.75676169643142 ], [ 15.375549379530185, -11.714449535376007 ], [ 15.386477475408267, -11.707033957707905 ], [ 15.373086896264443, -11.704316534830076 ], [ 15.375816589949043, -11.695114600538195 ], [ 15.363765467334112, -11.692100675799169 ], [ 15.362074926872715, -11.673344729044969 ], [ 15.342501919558238, -11.658339266660414 ], [ 15.319484649066162, -11.656435024554193 ], [ 15.327784504077613, -11.635348600309184 ], [ 15.320266723792741, -11.626668771959784 ], [ 15.323032227127875, -11.614569429394953 ], [ 15.311099715076715, -11.602061963353242 ], [ 15.316632934480179, -11.588379918708883 ], [ 15.345500774885856, -11.575153556246024 ], [ 15.372752437630144, -11.575763340271076 ], [ 15.39442476609354, -11.554013997272486 ], [ 15.407806893765574, -11.555765323877734 ], [ 15.450366235831758, -11.538808633269918 ], [ 15.458504697946829, -11.526889839239699 ], [ 15.506600232618606, -11.508307458801751 ], [ 15.524558358148965, -11.515354889521193 ], [ 15.556691847760717, -11.512720948944525 ], [ 15.714154732051711, -11.4623415592258 ], [ 15.735031156293822, -11.461968037570861 ], [ 15.774104677444356, -11.495652915369861 ], [ 15.807323072421209, -11.475130640161316 ], [ 15.84474591951528, -11.498996160118727 ], [ 15.870350225546215, -11.49715112713278 ], [ 15.899493611353677, -11.47984852451606 ], [ 15.924959628358337, -11.486364956327103 ], [ 15.941733140456193, -11.478267394394917 ], [ 15.970948375361615, -11.483963239250242 ], [ 15.989270004426093, -11.499345763739536 ], [ 16.001994828522381, -11.487373978811869 ], [ 16.012126710463193, -11.459370316910148 ], [ 16.032163881009875, -11.453026171216299 ] ] ] } },
{ "type": "Feature", "properties": { "loc": "AO-A1-0007" }, "geometry": { "type": "Polygon", "coordinates": [ [ [ 16.396741606501131, -13.326619778893239 ], [ 16.400127041430679, -13.336120112978527 ], [ 16.415438457762299, -13.338964025836713 ], [ 16.428631034187191, -13.362920195257793 ], [ 16.433759515951074, -13.356434363528773 ], [ 16.467233121239744, -13.360835602694959 ], [ 16.52532579157846, -13.346297302095572 ], [ 16.51411876970208, -13.407502900340489 ], [ 16.521608662368781, -13.440971093605175 ], [ 16.516047021232083, -13.466969265654754 ], [ 16.53323058467393, -13.512816354501805 ], [ 16.524491361241367, -13.526925951505902 ], [ 16.522640948491496, -13.57363571348526 ], [ 16.511011037909373, -13.614100679469104 ], [ 16.516428879816658, -13.640125400841956 ], [ 16.508059474850523, -13.690610604495006 ], [ 16.480201192281996, -13.726503301423747 ], [ 16.493013882287588, -13.765933000656332 ], [ 16.474211511426695, -13.822598223338083 ], [ 16.489744435382914, -13.867941650082354 ], [ 16.480117703491093, -13.903657652326345 ], [ 16.487619015976218, -13.970146842407132 ], [ 16.47133478135947, -13.99581240058853 ], [ 16.484211145903327, -14.042652782153347 ], [ 16.473968444410936, -14.04427250301789 ], [ 16.471017285215606, -14.063809512252117 ], [ 16.482844772025551, -14.069298125913015 ], [ 16.485488050441344, -14.09925531083142 ], [ 16.478502934175232, -14.111643563859804 ], [ 16.490708316503078, -14.146763107340881 ], [ 16.475627113039781, -14.165314795001976 ], [ 16.483135292736772, -14.185944356219842 ], [ 16.472055026795296, -14.221398069534768 ], [ 16.4746008624995, -14.245430304278511 ], [ 16.459948990101836, -14.251502647060004 ], [ 16.464452268105578, -14.310900759945405 ], [ 16.478427632571879, -14.355901717382896 ], [ 16.489398470519046, -14.359181849776597 ], [ 16.487523417893435, -14.408679553911401 ], [ 16.499521651580729, -14.417717239770916 ], [ 16.493538124841223, -14.427093459701695 ], [ 16.501468145733789, -14.432935710157285 ], [ 16.498086035346216, -14.449835860926779 ], [ 16.48823667614403, -14.462257271798478 ], [ 16.507969355691809, -14.469011688338156 ], [ 16.513730904231672, -14.48263420777171 ], [ 16.502330836356371, -14.511834325830602 ], [ 16.503533299151751, -14.552453623330369 ], [ 16.493326585651236, -14.568036597891403 ], [ 16.492398248410645, -14.598625777796286 ], [ 16.498881799182818, -14.604158494658542 ], [ 16.491797177822143, -14.624190942008013 ], [ 16.50230399044732, -14.644813421727559 ], [ 16.520645935566769, -14.649364566440386 ], [ 16.519137352711866, -14.662481312907321 ], [ 16.556855695471828, -14.693265938093319 ], [ 16.594031012222921, -14.690452481021026 ], [ 16.572872210470191, -14.703803850691404 ], [ 16.57498546783458, -14.710719397484489 ], [ 16.603888128984501, -14.712178311845097 ], [ 16.63438264532564, -14.726477469534565 ], [ 16.620294423748483, -14.747064419745708 ], [ 16.624776038906219, -14.75993832047277 ], [ 16.608527410455132, -14.774865624587779 ], [ 16.651350768580198, -14.821212620642548 ], [ 16.657226889193577, -14.894583585251258 ], [ 16.663678986459285, -14.901014429702347 ], [ 16.648676655107941, -14.938030309070943 ], [ 16.666122355337798, -14.943377090981496 ], [ 16.651550593017461, -14.949157068523771 ], [ 16.661462343607258, -14.955261473060027 ], [ 16.653743355701689, -14.972440445539686 ], [ 16.689853586425585, -15.018653937328679 ], [ 16.691291643938655, -15.032194513307189 ], [ 16.709224693922309, -15.036193980351936 ], [ 16.700262106616393, -15.048698133173993 ], [ 16.717143015301694, -15.068915657735864 ], [ 16.699089276435419, -15.078037841723962 ], [ 16.692681709219404, -15.091097810632952 ], [ 16.704549008916203, -15.09467514116573 ], [ 16.718160322675146, -15.131019784743465 ], [ 16.740709919583896, -15.146446793228002 ], [ 16.754746189158265, -15.170307549469769 ], [ 16.735873624733433, -15.176776116375173 ], [ 16.667700829808751, -15.153108707277035 ], [ 16.646411947379391, -15.159783293007727 ], [ 16.595861607326068, -15.1416445246143 ], [ 16.576338078682351, -15.143897523815191 ], [ 16.57088100289057, -15.133667480554152 ], [ 16.555516796236791, -15.126430519773642 ], [ 16.545434983313001, -15.130346744569383 ], [ 16.516209644220403, -15.108566421488295 ], [ 16.506593026012606, -15.125196018000391 ], [ 16.475100232115913, -15.143795416367894 ], [ 16.396337438127606, -15.174102068871036 ], [ 16.342678333376348, -15.205669288949835 ], [ 16.327857243440658, -15.26282620870602 ], [ 16.259464281205904, -15.319377772437075 ], [ 16.243951301904236, -15.366686058853912 ], [ 16.21921005403939, -15.389063937604746 ], [ 16.184938897583301, -15.403598318869498 ], [ 16.160752273934165, -15.382462774983512 ], [ 16.079215619822218, -15.384438427850416 ], [ 16.044727450374197, -15.424912932720119 ], [ 16.029229466513772, -15.432029779278594 ], [ 15.972294352933325, -15.378864971212696 ], [ 15.929734278527263, -15.393136111507449 ], [ 15.873724066052564, -15.392254227718343 ], [ 15.842319298718976, -15.374045742013703 ], [ 15.811388700417961, -15.390141995807632 ], [ 15.783454163264654, -15.387297922275216 ], [ 15.751245515823786, -15.40554679804395 ], [ 15.730467687928407, -15.388397288078053 ], [ 15.713165053998601, -15.389311284750178 ], [ 15.704166350727444, -15.380393490916838 ], [ 15.690974159320525, -15.40188183130941 ], [ 15.680484832153407, -15.400627355160939 ], [ 15.639716860812314, -15.433041647737927 ], [ 15.617809380408065, -15.437760808969763 ], [ 15.602944252614481, -15.431244966049878 ], [ 15.56772724051001, -15.46700168005432 ], [ 15.55185846039695, -15.463487645446932 ], [ 15.547274213711937, -15.474222697061595 ], [ 15.523776904713316, -15.477588552641802 ], [ 15.515402138583312, -15.489434933033113 ], [ 15.499911098388175, -15.485732490494691 ], [ 15.507030166923208, -15.502812962785988 ], [ 15.484119192605128, -15.515426410645155 ], [ 15.479274521507325, -15.552204005868536 ], [ 15.453912315544915, -15.545700888919061 ], [ 15.442548316639115, -15.56456605980318 ], [ 15.45004561612533, -15.578559941820618 ], [ 15.441330638957051, -15.595933264197786 ], [ 15.447619399144674, -15.607594749956693 ], [ 15.430131182662876, -15.616424249678989 ], [ 15.431875238299764, -15.643894084649695 ], [ 15.407252695552831, -15.661919457991907 ], [ 15.410163402932664, -15.67140902545902 ], [ 15.381791939255418, -15.706716388076785 ], [ 15.390160655946961, -15.713472615428941 ], [ 15.384244312576456, -15.729126466745551 ], [ 15.360624928125066, -15.731735095096482 ], [ 15.351893452689325, -15.747548392959548 ], [ 15.326444265799921, -15.764861924687661 ], [ 15.301719027057903, -15.762550481698561 ], [ 15.294759162184768, -15.776642625455455 ], [ 15.303994264480814, -15.793059602604458 ], [ 15.299780200211544, -15.828553491976265 ], [ 15.288253457080092, -15.838239119861502 ], [ 15.277919936394557, -15.870172991260628 ], [ 15.264854309984965, -15.878562528916323 ], [ 15.258095803714511, -15.916509902673742 ], [ 15.237967439989841, -15.929527801674642 ], [ 15.235775356228487, -15.969105120010656 ], [ 15.222050139447241, -15.980637767593791 ], [ 15.228271398317528, -15.992444627770002 ], [ 15.212697968976041, -15.990590147033917 ], [ 15.191166507365317, -16.037371603118061 ], [ 15.181499250481778, -16.041219338566542 ], [ 15.033280772801483, -16.050744279362455 ], [ 14.991502844372739, -15.949997044486135 ], [ 14.980016667932183, -15.955248360039381 ], [ 14.960645892440194, -15.949827763852092 ], [ 14.918999776509434, -15.923002893966636 ], [ 14.78296588184751, -15.866020755938919 ], [ 14.734072443024893, -15.866076799300338 ], [ 14.708106569002322, -15.850121311466719 ], [ 14.674649813329399, -15.84272079325541 ], [ 14.64629074100614, -15.860975590140008 ], [ 14.601786057171662, -15.866592623140601 ], [ 14.52557816163349, -15.823262310891966 ], [ 14.510504890045883, -15.822233730505324 ], [ 14.494720322260868, -15.831761658586501 ], [ 14.422379721821343, -15.927054800166001 ], [ 14.31772387371808, -16.024708147226246 ], [ 14.277278274975558, -16.049839082190836 ], [ 14.141962722780388, -16.090522963606418 ], [ 14.120193021860228, -16.100163547758111 ], [ 14.115844167233771, -16.113799412300061 ], [ 14.074741568966154, -16.123520036403665 ], [ 14.040271369228561, -16.144649636525948 ], [ 13.913684938507307, -16.107118022255456 ], [ 13.902093484593879, -16.135415083440712 ], [ 13.837051510111829, -16.207534795383321 ], [ 13.780979264089142, -16.302068568175326 ], [ 13.710486931705733, -16.325637912811047 ], [ 13.690033945908462, -16.345685786311453 ], [ 13.6482444627239, -16.345974682576763 ], [ 13.594376042876631, -16.298367422752651 ], [ 13.584389996505662, -16.2784039571983 ], [ 13.532731939848206, -16.238618158990342 ], [ 13.49352452201069, -16.246685546550193 ], [ 13.520548807784481, -16.162566778035952 ], [ 13.492151064003453, -16.084993512352568 ], [ 13.480908432107872, -16.078033828490994 ], [ 13.478987262749785, -16.034300896929892 ], [ 13.556399398277639, -15.879919195792407 ], [ 13.544351325644753, -15.814666222809642 ], [ 13.522946124617528, -15.800957317386349 ], [ 13.523802897725721, -15.763613792979186 ], [ 13.507268527443726, -15.681357849958005 ], [ 13.548319591515499, -15.520624129209775 ], [ 13.514739010369235, -15.493776242383877 ], [ 13.476259233960873, -15.48865648973014 ], [ 13.430996021321826, -15.442978749636421 ], [ 13.430506459409129, -15.43023118513786 ], [ 13.407562022898565, -15.419721151116022 ], [ 13.394835734917086, -15.39155500890687 ], [ 13.373506381699316, -15.383198598459352 ], [ 13.379028850687734, -15.358571250111435 ], [ 13.35848882148367, -15.366180758806063 ], [ 13.357537857976974, -15.379674580439733 ], [ 13.343185263022137, -15.369221857433029 ], [ 13.315201646312945, -15.372355557672329 ], [ 13.305848527540308, -15.346986865637529 ], [ 13.307216307083978, -15.322456487723962 ], [ 13.289830242406351, -15.30213639222368 ], [ 13.293966904345565, -15.280907790568115 ], [ 13.303387985296842, -15.273156589933528 ], [ 13.273363123156388, -15.225423211506566 ], [ 13.262642933732847, -15.233289401505495 ], [ 13.246525174038036, -15.225909267083686 ], [ 13.254466353390091, -15.239913079004957 ], [ 13.249937274030186, -15.245429344861233 ], [ 13.263475106046394, -15.250644494805215 ], [ 13.223618491282883, -15.261182972495451 ], [ 13.217388533592354, -15.272169929799134 ], [ 13.224715465546042, -15.269834276231958 ], [ 13.232777676302375, -15.279355342215222 ], [ 13.229553372710255, -15.289618112271402 ], [ 13.208743878471816, -15.283396430642576 ], [ 13.194876999248171, -15.248210410922052 ], [ 13.203333852847797, -15.208787518716498 ], [ 13.216023537991182, -15.198542644334861 ], [ 13.234314848692906, -15.201967373061514 ], [ 13.226867786541161, -15.183551002797262 ], [ 13.248494838984557, -15.18409876584294 ], [ 13.263699655252823, -15.199483394707219 ], [ 13.260500372068494, -15.18557972073588 ], [ 13.281111083008311, -15.175328670977677 ], [ 13.230417057747344, -15.170772587855168 ], [ 13.205904400988009, -15.150580919174555 ], [ 13.215974554354213, -15.142459700985327 ], [ 13.248414865063916, -15.15438465945606 ], [ 13.257755996046592, -15.147896018575906 ], [ 13.251104772994891, -15.135290424152331 ], [ 13.274559328970435, -15.126133969957028 ], [ 13.233683774235592, -15.129350963395687 ], [ 13.22747542832303, -15.1183885375399 ], [ 13.219764655175224, -15.124131802213164 ], [ 13.20446551376344, -15.113223248657242 ], [ 13.219543621174521, -15.080538022007477 ], [ 13.231005368561275, -15.084223691158154 ], [ 13.246101358815919, -15.072354665357473 ], [ 13.239744122232365, -15.063788753548984 ], [ 13.264227977509877, -15.054829834724941 ], [ 13.274070203487918, -15.041908914622642 ], [ 13.247262244777501, -14.99382081686062 ], [ 13.246602135106398, -14.979242680204024 ], [ 13.273443711041109, -14.893206441409273 ], [ 13.292911138686934, -14.884267514050514 ], [ 13.309353459157512, -14.888742485779421 ], [ 13.322599917887688, -14.870354559207016 ], [ 13.373514123944206, -14.836651858985721 ], [ 13.378447795849711, -14.818642570898859 ], [ 13.39111131208117, -14.816333928876062 ], [ 13.409731139495571, -14.788702652168489 ], [ 13.459310124124977, -14.765126617164153 ], [ 13.524315200827528, -14.769589159318446 ], [ 13.53760588777053, -14.76020933481627 ], [ 13.575977109332447, -14.712558459975494 ], [ 13.576064182723167, -14.669085078583837 ], [ 13.594839687464153, -14.63165619530719 ], [ 13.58918034903329, -14.614711779223349 ], [ 13.577418314596732, -14.609844899058071 ], [ 13.572739760710293, -14.581737916602993 ], [ 13.606998220001552, -14.553171772610145 ], [ 13.665556815765266, -14.467381281831376 ], [ 13.660492567078551, -14.404630723388816 ], [ 13.640567500056198, -14.34867321287096 ], [ 13.675721914376558, -14.291828568962266 ], [ 13.620736148619448, -14.278769984904621 ], [ 13.588598466383848, -14.244507927135402 ], [ 13.629674124377631, -14.169909694860621 ], [ 13.615951721289131, -14.118466833131887 ], [ 13.595735573499377, -14.093866707937213 ], [ 13.598250920825981, -14.052424156859427 ], [ 13.639972621826589, -14.00344301615603 ], [ 13.651648284137339, -13.962744046287295 ], [ 13.61829388932385, -13.965080836488013 ], [ 13.607908674618939, -13.951391647513105 ], [ 13.575632405376934, -13.936249924143301 ], [ 13.569946494096639, -13.925868076943154 ], [ 13.577275168704082, -13.900039551853432 ], [ 13.551840615192566, -13.887143690126241 ], [ 13.595363083323873, -13.85751648282471 ], [ 13.657187927510959, -13.842413281392901 ], [ 13.656629367616711, -13.83193098832815 ], [ 13.680813844352889, -13.822120352315064 ], [ 13.689152835166139, -13.809412585110408 ], [ 13.722667234425854, -13.839410273713398 ], [ 13.745447182733715, -13.84489632073646 ], [ 13.845987924539569, -13.83947874898001 ], [ 13.938753203119878, -13.820012430235778 ], [ 13.973028513198303, -13.826742025937982 ], [ 14.002839241258689, -13.88134949712218 ], [ 14.037401498839939, -13.87127632675022 ], [ 14.052592045793409, -13.852053655327595 ], [ 14.078585644643837, -13.855243795249955 ], [ 14.134620794038888, -13.837845993038449 ], [ 14.292497552092964, -13.879537683054782 ], [ 14.333530396771099, -13.863528154607046 ], [ 14.342327294611845, -13.840909933307859 ], [ 14.370069012130493, -13.829157813059616 ], [ 14.369711938437124, -13.808530333103935 ], [ 14.384958457241126, -13.788412645214592 ], [ 14.380796940170182, -13.750172291473522 ], [ 14.387998022699122, -13.703292900207281 ], [ 14.464714970829373, -13.692115827862555 ], [ 14.471175828448857, -13.660685099450081 ], [ 14.44961118787127, -13.626841974438591 ], [ 14.467866916994598, -13.604171613396481 ], [ 14.485663127822868, -13.601857356985619 ], [ 14.500464479753994, -13.619020924537189 ], [ 14.53876835928769, -13.630204209706925 ], [ 14.557276716058265, -13.618994125713229 ], [ 14.596189760450518, -13.641502007642952 ], [ 14.593942854071162, -13.669785549090435 ], [ 14.600846261735789, -13.683401336199335 ], [ 14.629184409936347, -13.673636164422803 ], [ 14.650821831122229, -13.679749222220543 ], [ 14.667815189691691, -13.664990585734909 ], [ 14.669419595270305, -13.647724639105412 ], [ 14.715383093758927, -13.648520680186731 ], [ 14.75340627556605, -13.621147191137755 ], [ 14.782460790097662, -13.626751211163029 ], [ 14.822598228648864, -13.604945702683462 ], [ 14.844735076792492, -13.578486783950233 ], [ 14.860537142957497, -13.571508121146685 ], [ 14.862404243026628, -13.549604448804303 ], [ 14.884945969945651, -13.511531514265023 ], [ 14.904789698668974, -13.522679961430455 ], [ 14.925972204995652, -13.555431465328265 ], [ 14.945029620885641, -13.551392358985808 ], [ 14.95652234560465, -13.535012876059287 ], [ 14.977959257112694, -13.533027937434177 ], [ 14.992601003532524, -13.518771858059935 ], [ 15.019220153696011, -13.520964606447954 ], [ 15.065373837970508, -13.485588589306257 ], [ 15.095493376607383, -13.491268017930274 ], [ 15.110185521595998, -13.454934123300493 ], [ 15.107166747862966, -13.438210859522364 ], [ 15.093994346739859, -13.419092501524837 ], [ 15.081252901887776, -13.426088363565885 ], [ 15.076351335734017, -13.408312840339736 ], [ 15.088212251576127, -13.406768348933323 ], [ 15.100279877408607, -13.391785422254781 ], [ 15.124945291744485, -13.389583709205127 ], [ 15.138642009664505, -13.408019362550021 ], [ 15.153839015940207, -13.408927601775094 ], [ 15.163736861560917, -13.423288380396563 ], [ 15.185808220534103, -13.428418702178806 ], [ 15.212809795479121, -13.392455806495878 ], [ 15.243419554409066, -13.395551855521742 ], [ 15.250083764071309, -13.38333984981756 ], [ 15.306297758382126, -13.356611089600062 ], [ 15.317054983698775, -13.360589213814105 ], [ 15.320991793122829, -13.38904433912959 ], [ 15.334881120676158, -13.392207823423224 ], [ 15.337351305342217, -13.426391203210446 ], [ 15.366887653606831, -13.458280466039756 ], [ 15.36135740764708, -13.50185654058415 ], [ 15.376801729009237, -13.546898917891131 ], [ 15.371718593242978, -13.622795611522303 ], [ 15.384489341392271, -13.631499749461867 ], [ 15.40096072445456, -13.619909969859705 ], [ 15.429176295189873, -13.623311725186287 ], [ 15.466905131602093, -13.611882958778992 ], [ 15.492314788790562, -13.626202447274565 ], [ 15.533993519439715, -13.614346948547123 ], [ 15.514012787930564, -13.676063518208153 ], [ 15.521530333778522, -13.687124947565604 ], [ 15.522835479420483, -13.717007327319546 ], [ 15.507794215529369, -13.747558436450607 ], [ 15.513973880108889, -13.76664205963533 ], [ 15.53793912174477, -13.767283205114349 ], [ 15.549282540777654, -13.746604139063628 ], [ 15.561564983984333, -13.74934573471111 ], [ 15.565766606720199, -13.729432127790957 ], [ 15.584720960052856, -13.73377261505328 ], [ 15.602441741998074, -13.716999184571204 ], [ 15.610299983115716, -13.720787606547418 ], [ 15.621729970706522, -13.71383602923683 ], [ 15.620840377629097, -13.689665138728884 ], [ 15.640646337320252, -13.682518532832749 ], [ 15.634108464697682, -13.664708395117902 ], [ 15.647417254841312, -13.655674005272871 ], [ 15.647159258113064, -13.647597743017819 ], [ 15.660909538051193, -13.649349985871122 ], [ 15.675013605460197, -13.630215936347916 ], [ 15.703029138535207, -13.62886906691984 ], [ 15.715592072096918, -13.608756475150468 ], [ 15.724000008520278, -13.619405137630974 ], [ 15.739277416072106, -13.619475591592039 ], [ 15.741478768581274, -13.606603826708035 ], [ 15.75717840294697, -13.591326045592805 ], [ 15.752559776731978, -13.585513189335224 ], [ 15.771100487000211, -13.574091349457323 ], [ 15.774300252654605, -13.560581664036835 ], [ 15.793995484251422, -13.560346759307123 ], [ 15.792761989962134, -13.544024068190968 ], [ 15.80935818417597, -13.53450957039956 ], [ 15.814139623843015, -13.518744403828425 ], [ 15.836661223310866, -13.501593707313713 ], [ 15.848637470561044, -13.503976475348949 ], [ 15.845946517328446, -13.493197397580808 ], [ 15.871606023109486, -13.464841237237806 ], [ 15.880055763525469, -13.470465463401354 ], [ 15.87163511786871, -13.45659138398571 ], [ 15.87666201429272, -13.444978114806332 ], [ 15.928344213147483, -13.442831388143233 ], [ 15.947421823163666, -13.39297413325739 ], [ 15.974567734555745, -13.388198041739912 ], [ 16.014558492759434, -13.425769074906373 ], [ 16.054158219647885, -13.424972019475828 ], [ 16.074525429857633, -13.446172743708001 ], [ 16.111906900980344, -13.449471612334801 ], [ 16.137274994545603, -13.442262821928857 ], [ 16.176987203120685, -13.416006346531589 ], [ 16.207331126487556, -13.379751907238607 ], [ 16.218116894017243, -13.333494240207571 ], [ 16.225756662919366, -13.329880954047429 ], [ 16.248534192015374, -13.337615038814448 ], [ 16.257319762581268, -13.327822928052651 ], [ 16.284284814348382, -13.325265167922911 ], [ 16.312353341630015, -13.34179213863062 ], [ 16.355437498894343, -13.343285895513517 ], [ 16.377236759750691, -13.327325475977474 ], [ 16.396741606501131, -13.326619778893239 ] ] ] } },
{ "type": "Feature", "properties": { "loc": "AO-A1-0008" }, "geometry": { "type": "Polygon", "coordinates": [ [ [ 17.992720696438713, -13.594453482064289 ], [ 18.022785141193598, -13.586987271155476 ], [ 18.068135498467264, -13.620858315379419 ], [ 18.086082233641854, -13.658898709448557 ], [ 18.108130843750558, -13.678670595957303 ], [ 18.152829330183096, -13.696605480575624 ], [ 18.182167695345797, -13.682827398524971 ], [ 18.262303222479481, -13.725824928927704 ], [ 18.278282063043605, -13.729049319327807 ], [ 18.325605212535656, -13.711751171363112 ], [ 18.34148900317949, -13.722176791710321 ], [ 18.365090141654861, -13.722951415730183 ], [ 18.404174542497032, -13.748580031556006 ], [ 18.422389801296823, -13.772666435210173 ], [ 18.452961769968645, -13.785807590323589 ], [ 18.471535032715281, -13.80830156818919 ], [ 18.503972290364601, -13.804189930787086 ], [ 18.53162394381318, -13.784202897514646 ], [ 18.590000137847973, -13.79157001889612 ], [ 18.601869454335151, -13.806483669443697 ], [ 18.595421702371162, -13.816312121616086 ], [ 18.613144489037481, -13.835214840127435 ], [ 18.605959530136751, -13.841647695043473 ], [ 18.620162668326223, -13.850198319036327 ], [ 18.618930865492622, -13.859098488356352 ], [ 18.657454715361865, -13.8739159597345 ], [ 18.669422449480777, -13.90634245750017 ], [ 18.71425988694142, -13.918133279197658 ], [ 18.715126664851489, -13.933388186047384 ], [ 18.725439552548195, -13.927938394788669 ], [ 18.732592299371653, -13.935128167746019 ], [ 18.729971769823983, -13.950314596124141 ], [ 18.762647268903621, -13.994943841575196 ], [ 18.764219789028225, -14.019563583096655 ], [ 18.793813135292936, -14.042679381812533 ], [ 18.798545858957461, -14.068502806813282 ], [ 18.783845920206055, -14.089908596327366 ], [ 18.800290680711917, -14.102418342279382 ], [ 18.795427380338481, -14.110451546631325 ], [ 18.809341150724812, -14.176063533481081 ], [ 18.805842299648035, -14.191005188558552 ], [ 18.819791534738783, -14.210994153794914 ], [ 18.814620369930957, -14.232058136909814 ], [ 18.82870110090451, -14.240109501843417 ], [ 18.827731771789225, -14.252829184532761 ], [ 18.857252128375457, -14.275065798358771 ], [ 18.852786093932394, -14.279372756761315 ], [ 18.860774973200556, -14.284889283731388 ], [ 18.862099176677738, -14.300779407381341 ], [ 18.882246400340641, -14.320725002517037 ], [ 18.883732259706676, -14.345850706746582 ], [ 18.875754642603226, -14.348804381815555 ], [ 18.89969434477301, -14.363167451079011 ], [ 18.896839017009803, -14.376879996559982 ], [ 18.924174966414498, -14.385730254928724 ], [ 18.927200681352119, -14.396907119144025 ], [ 18.934096128434952, -14.396022442379113 ], [ 18.931473137184618, -14.404085493404367 ], [ 18.967348197747746, -14.367046416536116 ], [ 18.98744355889459, -14.360998998762813 ], [ 19.025330054586043, -14.319623083231708 ], [ 19.127222223142759, -14.372905335674318 ], [ 19.145453923826494, -14.373227693710049 ], [ 19.165010956504247, -14.391804755106524 ], [ 19.206835520397902, -14.411586522075986 ], [ 19.238748122636018, -14.414991215765721 ], [ 19.229369138909647, -14.39919036339769 ], [ 19.230250661524373, -14.376150524804537 ], [ 19.205452294331948, -14.341254402373654 ], [ 19.203179347931965, -14.307559251302553 ], [ 19.193996298569083, -14.298293611407836 ], [ 19.200466057059096, -14.23936630838331 ], [ 19.195056316076808, -14.227724544977665 ], [ 19.27862940730769, -14.200267395285653 ], [ 19.332400439060216, -14.238223477001338 ], [ 19.361114969713, -14.244304683141145 ], [ 19.392206527185962, -14.264445011572018 ], [ 19.429920753097285, -14.26663126522018 ], [ 19.508381622229898, -14.238550494962315 ], [ 19.531487528854541, -14.260038358717669 ], [ 19.549811368867687, -14.291936001479904 ], [ 19.555586426864835, -14.320738595057197 ], [ 19.567856922152238, -14.326015796325613 ], [ 19.631999860767735, -14.4140023140429 ], [ 19.644629744967368, -14.474201871475561 ], [ 19.6713970372004, -14.495785155349743 ], [ 19.703820603166911, -14.55737504643692 ], [ 19.745637847746345, -14.592549535868631 ], [ 19.749164793837082, -14.609654658211706 ], [ 19.796989275352672, -14.629695157604566 ], [ 19.801838818971795, -14.646834925667179 ], [ 19.829544637508967, -14.664524963417652 ], [ 19.834924583883229, -14.681652022906249 ], [ 19.854521979951301, -14.689637277479466 ], [ 19.876657816043242, -14.719931777445588 ], [ 19.893027427002608, -14.721764561172506 ], [ 19.901435262845624, -14.741451316263159 ], [ 19.916744025687905, -14.748751130300757 ], [ 19.921083322379829, -14.768907488355925 ], [ 19.948493657254929, -14.778316362821069 ], [ 20.012524941739684, -14.819410483066935 ], [ 20.018187143797128, -14.850681321083552 ], [ 20.059250907594084, -14.857530822267389 ], [ 20.075448039171917, -14.868512193373167 ], [ 20.080794032275229, -14.884616503836206 ], [ 20.093279783066187, -14.885907892498167 ], [ 20.101662925930164, -14.896578779066221 ], [ 20.118042220418353, -14.896024342149666 ], [ 20.133212786237742, -14.920662099504661 ], [ 20.153287767010752, -14.923473073031229 ], [ 20.163081098983682, -14.938940708069619 ], [ 20.182955164417216, -14.944074877340856 ], [ 20.204361611972033, -14.961848001170946 ], [ 20.216079163950162, -14.957940238932437 ], [ 20.232314989003619, -14.980596979843657 ], [ 20.294527053643563, -14.974827551047881 ], [ 20.312227413135098, -14.965003391770065 ], [ 20.323452128904584, -14.970011427024914 ], [ 20.329595474068007, -14.960079935842401 ], [ 20.362700226503527, -14.957420323976994 ], [ 20.375332983815042, -14.959380956785989 ], [ 20.387713507646943, -14.98217519754143 ], [ 20.409536320858379, -14.985107317785989 ], [ 20.433113173956663, -14.973190422709919 ], [ 20.443954862548175, -14.985794877052488 ], [ 20.466061147865666, -14.967068983657111 ], [ 20.498799331381079, -14.960446552633993 ], [ 20.515266252795783, -14.983632551782893 ], [ 20.570600004637107, -14.962651824536948 ], [ 20.622456494201913, -14.974546477112199 ], [ 20.633827590291176, -14.967805506571768 ], [ 20.631166526193034, -14.957335483813832 ], [ 20.667086067482288, -14.952054227972205 ], [ 20.694766436440126, -14.988925486332477 ], [ 20.722705682040754, -14.984335601693449 ], [ 20.769616209328134, -15.011301795372017 ], [ 20.825919400404658, -15.010865777165943 ], [ 20.838344722184132, -14.988666085693108 ], [ 20.881621600350186, -15.03569518876337 ], [ 20.911796854854536, -15.03637345412378 ], [ 20.913406443329663, -15.025777880677509 ], [ 20.921622590006805, -15.03133040214874 ], [ 20.937619823884823, -15.022073142801034 ], [ 20.939576649814029, -15.05073115599555 ], [ 20.962544976277719, -15.057836845883681 ], [ 20.981575519950546, -15.081425034230616 ], [ 21.002087854557949, -15.083130533257155 ], [ 21.008558495965346, -15.110624493706542 ], [ 21.033423014804242, -15.120053477444422 ], [ 21.039978777093182, -15.145900846154852 ], [ 21.057464033124695, -15.151024209140001 ], [ 21.068429244661502, -15.164529853287128 ], [ 21.070332934888292, -15.182900391487102 ], [ 21.098573912028762, -15.222199170125322 ], [ 21.119226851278761, -15.217562458563687 ], [ 21.12910070963725, -15.199662521354423 ], [ 21.143902848610452, -15.198467051111358 ], [ 21.142652158149744, -15.235097797072211 ], [ 21.150778060445674, -15.249646662232646 ], [ 21.163830071973067, -15.254879726517128 ], [ 21.204027973048589, -15.246351372741234 ], [ 21.228517389730328, -15.263601331183512 ], [ 21.238305750959263, -15.287519330263127 ], [ 21.229910414250242, -15.314802425561929 ], [ 21.252255389966379, -15.329067274307178 ], [ 21.246905724617982, -15.355475065282469 ], [ 21.296902948162, -15.395390966865612 ], [ 21.328038080170231, -15.401614339307173 ], [ 21.3397129656963, -15.431180230099766 ], [ 21.36438202856592, -15.412972651528161 ], [ 21.383887981672167, -15.428642955101751 ], [ 21.391660896162357, -15.455996450280612 ], [ 21.405652034862399, -15.456623907592942 ], [ 21.402756907001397, -15.472446181822324 ], [ 21.416607584436242, -15.482677344124578 ], [ 21.411388574178325, -15.515982798496768 ], [ 21.398695547964053, -15.522635103339482 ], [ 21.405509273648882, -15.535354311967325 ], [ 21.398045852102499, -15.551092709645136 ], [ 21.409374705550732, -15.554590442090859 ], [ 21.410984441809866, -15.576114950194658 ], [ 21.418397172178949, -15.582642849095556 ], [ 21.443071014943982, -15.595833144068887 ], [ 21.460535898576261, -15.593009637363291 ], [ 21.474835070883636, -15.603159256683757 ], [ 21.492801953383456, -15.638047995567177 ], [ 21.507120606466845, -15.634827127618472 ], [ 21.510490548735817, -15.648153502930445 ], [ 21.525518167065805, -15.653415551335275 ], [ 21.519769665473731, -15.675701761575638 ], [ 21.532114035070649, -15.694835372303267 ], [ 21.523810568538959, -15.708892953095937 ], [ 21.551277389076251, -15.723135015417238 ], [ 21.557903651468369, -15.736306910584091 ], [ 21.567335187105208, -15.777444586347194 ], [ 21.573006732810462, -15.777999298977068 ], [ 21.56621086817303, -15.782904809358083 ], [ 21.580111024440285, -15.793431880225722 ], [ 21.572148936060564, -15.81117197885235 ], [ 21.580806462084556, -15.828172514598531 ], [ 21.62427778772571, -15.859538181290638 ], [ 21.6563490148312, -15.849801582125938 ], [ 21.674620948234224, -15.856779273493309 ], [ 21.683946761369999, -15.871524004677678 ], [ 21.694926005067128, -15.863539953954369 ], [ 21.709760435531678, -15.88661508096984 ], [ 21.70230816202805, -15.904714863448859 ], [ 21.714890020094391, -15.936918744153388 ], [ 21.727424600800749, -15.933185742876404 ], [ 21.726365502501999, -15.942177688098507 ], [ 21.735463720610237, -15.943613189545729 ], [ 21.752126007844996, -15.93352382950976 ], [ 21.758437287187071, -15.940765158034303 ], [ 21.779614090154187, -15.942070995228857 ], [ 21.785355580631549, -15.964916727673522 ], [ 21.7979777840835, -15.966895301825328 ], [ 21.810373712712661, -15.986845721801284 ], [ 21.821963827204893, -16.033410618154125 ], [ 21.841954592566459, -16.05623461938081 ], [ 21.884584994537892, -16.083028922395453 ], [ 21.89473385282108, -16.107811691105283 ], [ 21.892704393229145, -16.138548797337798 ], [ 21.911467506656113, -16.159994288054563 ], [ 21.908558707954029, -16.16540451595429 ], [ 21.920944225131933, -16.16164011484808 ], [ 21.945655741455283, -16.177693248992913 ], [ 21.963646263500269, -16.175147466131328 ], [ 21.999666982081578, -16.196504433881181 ], [ 22.012125015193362, -16.218128204401754 ], [ 22.057229996203365, -16.260129929001693 ], [ 22.075002670073207, -16.267107009729347 ], [ 22.06937980736825, -16.295055389343343 ], [ 22.108549118083332, -16.34320259067567 ], [ 22.130037307711614, -16.413276671829607 ], [ 22.128887177337386, -16.450658797614064 ], [ 22.139661789296206, -16.481452942447977 ], [ 22.126020431833471, -16.497436523025726 ], [ 22.154310225572438, -16.500106811628672 ], [ 22.178636550572417, -16.534181595153157 ], [ 22.214200973831932, -16.558666228712109 ], [ 22.22577285816687, -16.57684707608033 ], [ 22.263328552206918, -16.586421967248615 ], [ 22.283151627281761, -16.624134064184364 ], [ 22.315710068400918, -16.635971068658566 ], [ 22.353607178364587, -16.683618546407402 ], [ 22.35521125772939, -16.699224471980461 ], [ 22.384450911816156, -16.713331223206012 ], [ 22.467050551677659, -16.799663544185844 ], [ 22.496778488172708, -16.817882538097322 ], [ 22.496957778814419, -16.836471558064552 ], [ 22.515964507791786, -16.857179641575797 ], [ 22.583057403812123, -16.907163620053705 ], [ 22.621088028026115, -16.959350585909466 ], [ 22.693004607812384, -17.021463394368801 ], [ 22.692733765287088, -17.039365767564767 ], [ 22.720163344898481, -17.046760559101209 ], [ 22.737052916894651, -17.081218719117224 ], [ 22.789991378735142, -17.12123298606209 ], [ 22.809299468731492, -17.149719237601396 ], [ 22.80283546382158, -17.163484572903325 ], [ 22.807123184023759, -17.173355102704473 ], [ 22.902875899838904, -17.208574295116257 ], [ 22.921737670692988, -17.230161667375715 ], [ 23.009187697889999, -17.288497924887974 ], [ 23.010623932284702, -17.305715560573336 ], [ 23.040035248064239, -17.338081359715634 ], [ 23.060121535816247, -17.344738006602405 ], [ 23.084785460916279, -17.410156249859703 ], [ 23.104646683433749, -17.424379349076318 ], [ 23.128810883151729, -17.428731917592593 ], [ 23.12954139705381, -17.445718764757839 ], [ 23.147260665583236, -17.460401535351238 ], [ 23.141763687280381, -17.46797943065485 ], [ 23.183650969552616, -17.479887009426569 ], [ 23.240709304826623, -17.549850464076282 ], [ 23.284509659129515, -17.545200347666572 ], [ 23.313270569017597, -17.561916351407152 ], [ 23.337673187103913, -17.554527283156201 ], [ 23.364305496137749, -17.579275131190968 ], [ 23.391607284784399, -17.582435607865648 ], [ 23.424011229570585, -17.612442016734303 ], [ 23.429891586163798, -17.63627624530108 ], [ 22.929176331158807, -17.739391326697056 ], [ 21.424669265589102, -18.025762557584518 ], [ 21.407442092593509, -18.010005950602686 ], [ 21.381534575974914, -18.008792876678442 ], [ 21.356870650874793, -17.985553741200693 ], [ 21.322315215689613, -17.985151290987805 ], [ 21.241968155421009, -17.954931258958922 ], [ 21.219751357554095, -17.932115554877431 ], [ 21.13776206957878, -17.9419631960332 ], [ 21.117906570346889, -17.937770844437456 ], [ 21.10209274310062, -17.951316833293756 ], [ 21.066633223959119, -17.94734573380709 ], [ 21.058601378765562, -17.954345703180213 ], [ 21.000116348205911, -17.960857391044243 ], [ 20.981006621673259, -17.955085754392524 ], [ 20.944339751893004, -17.967433929021109 ], [ 20.928699492902236, -17.985582352232282 ], [ 20.893981934233885, -17.994058609106006 ], [ 20.891132354989139, -18.006185531625512 ], [ 20.87067031879517, -18.009302139370725 ], [ 20.86807632417802, -18.034294128160038 ], [ 20.81847381562909, -18.041757583833967 ], [ 20.769115447834618, -18.021881104317988 ], [ 20.754434585602599, -18.023933411186526 ], [ 20.750635146909513, -18.008251189829021 ], [ 20.705568314241241, -18.017139435125323 ], [ 20.678890227916646, -17.992567061908876 ], [ 20.646261215197903, -17.978450775171655 ], [ 20.619888305715683, -17.976613998026075 ], [ 20.614927291875951, -17.985023499123692 ], [ 20.605031966866783, -17.97520637466296 ], [ 20.581201553224115, -17.983114242916514 ], [ 20.535198212442562, -17.978700638312322 ], [ 20.472396850649144, -17.94827842699635 ], [ 20.453273772781344, -17.916662216376682 ], [ 20.389835358230179, -17.897104263239665 ], [ 20.369888306215334, -17.898567200304576 ], [ 20.31683158892168, -17.865169525341845 ], [ 20.291339873851033, -17.879606246819318 ], [ 20.267549515113004, -17.869956970026706 ], [ 20.240610122673974, -17.895841598899203 ], [ 20.170368194751376, -17.881582259702061 ], [ 20.114038466816808, -17.911909103310968 ], [ 20.059883117926525, -17.891342162998896 ], [ 20.026998519680905, -17.903570174712307 ], [ 19.997535706022962, -17.89014625533391 ], [ 19.970928192197324, -17.89349555996062 ], [ 19.955928801787781, -17.878753661640683 ], [ 19.912799834559713, -17.865884781346136 ], [ 19.8753967290763, -17.885288239295754 ], [ 19.797365189252591, -17.877140045211853 ], [ 19.771512985436424, -17.894481658736499 ], [ 19.763679503706655, -17.910842896117767 ], [ 19.749448776440381, -17.913738250854532 ], [ 19.721433640150909, -17.88163757275078 ], [ 19.707048415652384, -17.877496719033353 ], [ 19.712377548085858, -17.886581421230535 ], [ 19.703985214146869, -17.888593674093716 ], [ 19.683271408249414, -17.862625122286573 ], [ 19.661924361820393, -17.852718353404267 ], [ 19.569711685146629, -17.872739791942809 ], [ 19.511341095115942, -17.863567351886783 ], [ 19.503534316955662, -17.873121261871699 ], [ 19.456048965387929, -17.863023757575352 ], [ 19.404258728258217, -17.870723724155518 ], [ 19.370679855191675, -17.852210999073275 ], [ 19.357236862092009, -17.861526488891293 ], [ 19.337991713847025, -17.854387282881728 ], [ 19.324914931879089, -17.858886718782035 ], [ 19.320026398000412, -17.853250503842649 ], [ 19.333909987856135, -17.845556258749323 ], [ 19.330247879236762, -17.839035033574884 ], [ 19.292125702217788, -17.838310242074378 ], [ 19.273998260189984, -17.825450897291411 ], [ 19.257133484301292, -17.828241347910161 ], [ 19.244880675581122, -17.820121764857848 ], [ 19.222757338858543, -17.830810547319203 ], [ 19.171419144156587, -17.813646316974257 ], [ 19.164571761855775, -17.818313598743945 ], [ 19.140493393433822, -17.812032700299223 ], [ 19.107675551863679, -17.840013504070267 ], [ 18.910646439260237, -17.822801589871833 ], [ 18.882585525679918, -17.806413650719726 ], [ 18.866930007891991, -17.808509827416923 ], [ 18.843688964952232, -17.791559219332836 ], [ 18.841178894169097, -17.779315947922985 ], [ 18.797019957683325, -17.77234458868217 ], [ 18.775867461592544, -17.742349624585845 ], [ 18.749889374273643, -17.744674683240341 ], [ 18.730939864661433, -17.717449187680206 ], [ 18.624317169180493, -17.642930984327759 ], [ 18.614982604741837, -17.627273559977102 ], [ 18.616479874325176, -17.610084534424047 ], [ 18.598604202000768, -17.591880798410447 ], [ 18.565261840739833, -17.585624695173834 ], [ 18.548372268743663, -17.56675338700952 ], [ 18.534713745021758, -17.529369353762963 ], [ 18.511421204203682, -17.501350403448662 ], [ 18.478641510076077, -17.485677719401565 ], [ 18.470619202192839, -17.452363968272849 ], [ 18.418388367407701, -17.389919281200211 ], [ 17.269670833520578, -17.389972012049054 ], [ 17.271822516374513, -17.236239257486091 ], [ 17.241702024906935, -17.052973024136058 ], [ 17.219078306297231, -16.974131346234927 ], [ 17.229973697206802, -16.939991420318073 ], [ 17.221553605692819, -16.921143524204634 ], [ 17.226609509699564, -16.901798129430439 ], [ 17.216477190848156, -16.892087514377579 ], [ 17.223540543539695, -16.873071189633986 ], [ 17.223668516167567, -16.821686878596925 ], [ 17.2081612893904, -16.77187349521591 ], [ 17.22956176364292, -16.733763266611817 ], [ 17.275288149207135, -16.691527418805634 ], [ 17.304227248966786, -16.646664983152764 ], [ 17.314406096042934, -16.570093569113247 ], [ 17.382202141394121, -16.404493321260077 ], [ 17.37894636269548, -16.345784972921578 ], [ 17.393715439742774, -16.32071690697196 ], [ 17.396774584365904, -16.243699896054824 ], [ 17.385373537641691, -16.216472341636983 ], [ 17.373577155647713, -16.125416195531511 ], [ 17.376810187805791, -16.092236621612226 ], [ 17.397535385074558, -16.050795244231136 ], [ 17.370869291805047, -16.004094384675376 ], [ 17.360551752042497, -15.943706641189397 ], [ 17.33955199982562, -15.914649014810827 ], [ 17.322057334679553, -15.906244754975834 ], [ 17.281905200028902, -15.86510872169044 ], [ 17.237086000611423, -15.743861739369674 ], [ 17.19567689950745, -15.698857642556934 ], [ 17.163238413561199, -15.644459238091162 ], [ 17.136543016739303, -15.566144349771854 ], [ 17.065459341839428, -15.568927506596591 ], [ 16.993744483582951, -15.431015139647968 ], [ 16.979233095722002, -15.445793113815192 ], [ 16.96269550376055, -15.436905146131046 ], [ 16.959185642452557, -15.429042556618693 ], [ 16.968671778372002, -15.418609253826048 ], [ 16.957811379010046, -15.417477365185366 ], [ 16.949516080574956, -15.400535093684436 ], [ 16.92053456937197, -15.394998567375733 ], [ 16.916773939159579, -15.380381413576021 ], [ 16.928396013971714, -15.384756350504574 ], [ 16.934670177829592, -15.378913142723388 ], [ 16.909404112912529, -15.344222903122311 ], [ 16.896798634918753, -15.349593066000782 ], [ 16.876859772927677, -15.343622007142937 ], [ 16.878920664154951, -15.331500531582225 ], [ 16.863264303457015, -15.319001263537373 ], [ 16.845213313879537, -15.32178247460087 ], [ 16.842777621543981, -15.31197875457752 ], [ 16.858992650176763, -15.306055462192585 ], [ 16.850932679077513, -15.293842584915811 ], [ 16.856964357019599, -15.280986597049722 ], [ 16.829458530599961, -15.276827363059969 ], [ 16.836408425046301, -15.265543171805767 ], [ 16.826898413833025, -15.252463825648704 ], [ 16.807218480637776, -15.254377567750204 ], [ 16.799156153546502, -15.241285134574117 ], [ 16.784913489745268, -15.245082923550839 ], [ 16.765475604037317, -15.211027231859891 ], [ 16.789357808397831, -15.193646127822607 ], [ 16.780819144319992, -15.187924581184269 ], [ 16.780882125054131, -15.173889472451812 ], [ 16.756240061229999, -15.173723019115275 ], [ 16.740709919583896, -15.146446793228002 ], [ 16.718160322675146, -15.131019784743465 ], [ 16.704549008916203, -15.09467514116573 ], [ 16.692681709219404, -15.091097810632952 ], [ 16.699089276435419, -15.078037841723962 ], [ 16.717143015301694, -15.068915657735864 ], [ 16.700262106616393, -15.048698133173993 ], [ 16.709489310957437, -15.036910882908455 ], [ 16.691291643938655, -15.032194513307189 ], [ 16.689853586425585, -15.018653937328679 ], [ 16.65395419701543, -14.972991268875962 ], [ 16.661462343607258, -14.955261473060027 ], [ 16.651550593017461, -14.949157068523771 ], [ 16.666122355337798, -14.943377090981496 ], [ 16.648676655107941, -14.938030309070943 ], [ 16.663678986459285, -14.901014429702347 ], [ 16.657226889193577, -14.894583585251258 ], [ 16.651350768580198, -14.821212620642548 ], [ 16.608527410455132, -14.774865624587779 ], [ 16.624776038906219, -14.75993832047277 ], [ 16.620294423748483, -14.747064419745708 ], [ 16.634645100830436, -14.72707819972176 ], [ 16.603888128984501, -14.712178311845097 ], [ 16.57498546783458, -14.710719397484489 ], [ 16.572872210470191, -14.703803850691404 ], [ 16.594031012222921, -14.690452481021026 ], [ 16.556855695471828, -14.693265938093319 ], [ 16.519137352711866, -14.662481312907321 ], [ 16.520645935566769, -14.649364566440386 ], [ 16.50230399044732, -14.644813421727559 ], [ 16.491797177822143, -14.624190942008013 ], [ 16.498881799182818, -14.604158494658542 ], [ 16.492398248410645, -14.598625777796286 ], [ 16.493326585651236, -14.568036597891403 ], [ 16.503533299151751, -14.552453623330369 ], [ 16.502330836356371, -14.511834325830602 ], [ 16.513791299385794, -14.483939507071469 ], [ 16.507969355691809, -14.469011688338156 ], [ 16.48823667614403, -14.462257271798478 ], [ 16.498086035346216, -14.449835860926779 ], [ 16.501468145733789, -14.432935710157285 ], [ 16.493538124841223, -14.427093459701695 ], [ 16.499414173443849, -14.416968863558004 ], [ 16.487523417893435, -14.408679553911401 ], [ 16.489398470519046, -14.359181849776597 ], [ 16.478427632571879, -14.355901717382896 ], [ 16.463236786721147, -14.306181507297183 ], [ 16.460022999955637, -14.250451801662994 ], [ 16.4746008624995, -14.245430304278511 ], [ 16.472055026795296, -14.221398069534768 ], [ 16.483135292736772, -14.185944356219842 ], [ 16.475627113039781, -14.165314795001976 ], [ 16.490708316503078, -14.146763107340881 ], [ 16.478502934175232, -14.111643563859804 ], [ 16.485488050441344, -14.09925531083142 ], [ 16.482844772025551, -14.069298125913015 ], [ 16.471017285215606, -14.063809512252117 ], [ 16.473968444410936, -14.04427250301789 ], [ 16.484211145903327, -14.042652782153347 ], [ 16.472464140111498, -13.989220290027998 ], [ 16.478990254755921, -13.977379152549101 ], [ 16.507654398706428, -13.99905553867346 ], [ 16.565081124370185, -13.988563022619676 ], [ 16.58915452504095, -13.988750571568314 ], [ 16.602247964104588, -13.997321635476084 ], [ 16.65179886873176, -13.980420592265091 ], [ 16.655960752183141, -13.987730592863439 ], [ 16.674446843117785, -13.986686464324787 ], [ 16.689341420432413, -13.968180312124339 ], [ 16.722191275643361, -13.956999837199707 ], [ 16.72231236776458, -13.98119189262929 ], [ 16.74425575263605, -13.979487365326076 ], [ 16.774114154361541, -13.999507712173081 ], [ 16.799676182989476, -13.994962499857316 ], [ 16.823848064515801, -14.007852335450515 ], [ 16.886893274531367, -14.006739116108029 ], [ 16.889843202059396, -13.979773675623857 ], [ 16.905211358675487, -13.971226939637454 ], [ 16.926234110138427, -13.972264947002493 ], [ 16.97958580631429, -13.999178475779466 ], [ 17.004779753239774, -13.993583319243157 ], [ 16.978960419126476, -14.022112230837063 ], [ 16.976531601221456, -14.040131058260624 ], [ 17.009169831496607, -14.066286849673098 ], [ 17.040823142383932, -14.073300906686608 ], [ 17.014644246815447, -14.114676784873364 ], [ 17.036213030396397, -14.169063222080485 ], [ 17.111036534047663, -14.205328166687597 ], [ 17.133116059739262, -14.235452395987174 ], [ 17.152229337323277, -14.224792199009222 ], [ 17.189703720117233, -14.223591988810085 ], [ 17.242754141500072, -14.300413784165549 ], [ 17.305524918314141, -14.306461311644874 ], [ 17.330012228253189, -14.24736634165577 ], [ 17.344720602288088, -14.237880958980902 ], [ 17.346748245613508, -14.218032322220758 ], [ 17.332335275893751, -14.17593662535716 ], [ 17.343074562747329, -14.134913362797679 ], [ 17.3539308708059, -14.122715157498405 ], [ 17.385767038391986, -14.11793145591173 ], [ 17.423492825154696, -14.098356820861529 ], [ 17.43212627020343, -14.07087761442855 ], [ 17.471323064306432, -14.01443554570913 ], [ 17.51849826710421, -13.997274432793876 ], [ 17.649635581862366, -13.98567776601422 ], [ 17.677059343045709, -13.952087417011121 ], [ 17.724693368869371, -13.941932798855621 ], [ 17.739137107669034, -13.923150043581394 ], [ 17.77274100626931, -13.90300389031 ], [ 17.778306420990386, -13.744354133075703 ], [ 17.749029545976036, -13.711566203314678 ], [ 17.763261118918816, -13.660645020162193 ], [ 17.754906033976869, -13.642461092086105 ], [ 17.784904573706406, -13.64774105330066 ], [ 17.808271845178414, -13.66191528169211 ], [ 17.82983395681228, -13.652274318433982 ], [ 17.858451162865752, -13.654638800153556 ], [ 17.886865449341638, -13.640331240026054 ], [ 17.899482277105339, -13.579687884373531 ], [ 17.929162185464076, -13.559691432294468 ], [ 17.992720696438713, -13.594453482064289 ] ] ] } },
{ "type": "Feature", "properties": { "loc": "AO-A1-0009" }, "geometry": { "type": "Polygon", "coordinates": [ [ [ 15.292770502304798, -7.959015906769254 ], [ 15.34305379712988, -7.964087537959555 ], [ 15.346071284673091, -8.004111038309839 ], [ 15.392077014970784, -8.014135995482144 ], [ 15.419951213409711, -8.062612072369172 ], [ 15.449150333224981, -8.078680115985707 ], [ 15.472119865926182, -8.064666648306821 ], [ 15.492830467995411, -8.067123081446562 ], [ 15.576354723511798, -8.044563382100348 ], [ 15.616734029662105, -8.046123126474805 ], [ 15.647088953902166, -8.013631982202499 ], [ 15.703010330490841, -8.018287605051603 ], [ 15.715341730331556, -8.034286473881883 ], [ 15.721261352960969, -8.031832869185665 ], [ 15.717958387283915, -8.041204510728464 ], [ 15.735442943261724, -8.051659247123558 ], [ 15.734740896204524, -8.058837575047898 ], [ 15.752411995325133, -8.05906004060081 ], [ 15.76566438211362, -8.07232063095619 ], [ 15.75927743190304, -8.081090338105193 ], [ 15.747530477599803, -8.070674406057302 ], [ 15.740345081763962, -8.079391546679707 ], [ 15.732916237616745, -8.094878873756498 ], [ 15.747316410866485, -8.093122139894385 ], [ 15.748504113362394, -8.100144296955994 ], [ 15.732647440791236, -8.115697910170253 ], [ 15.761063551363996, -8.124451636993038 ], [ 15.763141368574907, -8.115743720395022 ], [ 15.773000502965662, -8.116285035571439 ], [ 15.786752795531989, -8.148784075507246 ], [ 15.795391074293264, -8.151515846849625 ], [ 15.784657300459681, -8.174391024573838 ], [ 15.791889053869212, -8.188934400237772 ], [ 15.793403576207155, -8.240322415768878 ], [ 15.785619464622247, -8.245973820794786 ], [ 15.79311123069731, -8.256256674740717 ], [ 15.785631708417736, -8.278039132875451 ], [ 15.806197025522728, -8.299306954487543 ], [ 15.797510283719163, -8.306155488113701 ], [ 15.802032492312357, -8.31516950475836 ], [ 15.796113942288148, -8.324357434278232 ], [ 15.804901005136163, -8.341366341142079 ], [ 15.793860679364702, -8.349137245602526 ], [ 15.810802725410955, -8.348848051081573 ], [ 15.814915782790973, -8.357607777159496 ], [ 15.804832669405044, -8.357985251126424 ], [ 15.801805745007869, -8.379656965051799 ], [ 15.814437317696139, -8.398288916576094 ], [ 15.827434631334381, -8.395661985380501 ], [ 15.830684217158542, -8.407176036828249 ], [ 15.801947691839136, -8.423854367347841 ], [ 15.784786796983408, -8.444178210948353 ], [ 15.749207093957196, -8.446083060400303 ], [ 15.70337807199893, -8.471453441961488 ], [ 15.671632219213194, -8.471662243882486 ], [ 15.651224757130322, -8.485257253600912 ], [ 15.647203853443603, -8.499793009974136 ], [ 15.656210314448593, -8.526287033432626 ], [ 15.640042370422425, -8.535184394119858 ], [ 15.635397377198323, -8.569041235880063 ], [ 15.617305995813968, -8.581435825931708 ], [ 15.614787795176888, -8.601224258594412 ], [ 15.59108113210792, -8.620460137870959 ], [ 15.612055973125116, -8.650884817207386 ], [ 15.634817407447166, -8.652604906152087 ], [ 15.662672182590942, -8.68717996333738 ], [ 15.695326285714817, -8.696753496295587 ], [ 15.719635265841614, -8.685384658816778 ], [ 15.709764880151234, -8.757575395537001 ], [ 15.683282759135331, -8.76374156922323 ], [ 15.662235552357551, -8.810245474449788 ], [ 15.713906529747845, -8.836572719760808 ], [ 15.689944513640075, -8.863755298758017 ], [ 15.675350194980542, -8.898208507371189 ], [ 15.677433033423593, -8.96302278457434 ], [ 15.655977523707065, -9.006598942082059 ], [ 15.62596929860911, -9.028777944071345 ], [ 15.625829332173602, -9.061447645197488 ], [ 15.641632080328272, -9.075151813748908 ], [ 15.645414237955091, -9.103193866837481 ], [ 15.637793501603081, -9.125854505966183 ], [ 15.621581663614492, -9.141891860288146 ], [ 15.623318380694329, -9.16147743835524 ], [ 15.610829922046143, -9.17314774203574 ], [ 15.580911017922094, -9.179704894131527 ], [ 15.553265606176137, -9.174932422971574 ], [ 15.519550273359783, -9.184028450587137 ], [ 15.490972507791501, -9.167863600741702 ], [ 15.456602909444772, -9.178451535469248 ], [ 15.441396668353313, -9.221878729898828 ], [ 15.467821592250619, -9.292391516430568 ], [ 15.450501856430598, -9.324953504140657 ], [ 15.436101569602112, -9.336490504116371 ], [ 15.420110017040756, -9.333255774882391 ], [ 15.395550876261055, -9.343826855316154 ], [ 15.39202870532117, -9.358278466077921 ], [ 15.285546806242589, -9.359616664348694 ], [ 15.19309297100202, -9.372825354162254 ], [ 15.145384254459948, -9.368617881964317 ], [ 15.100109244902704, -9.392453211876242 ], [ 15.107977707731024, -9.406052811185154 ], [ 15.153995478884674, -9.429009243602918 ], [ 15.179375424095376, -9.458283490518019 ], [ 15.168513277003726, -9.496751434427667 ], [ 15.144718486807918, -9.500731995875237 ], [ 15.124610573696007, -9.549615137675685 ], [ 15.086915626873498, -9.569476107193045 ], [ 15.142080048711826, -9.619699771871174 ], [ 15.161387748378452, -9.677742527796754 ], [ 15.160672727240332, -9.691344525124515 ], [ 15.141914508126764, -9.694216306301021 ], [ 15.159506965250547, -9.722843616575952 ], [ 15.158266012795973, -9.734363276140337 ], [ 15.095965558977742, -9.71899481138451 ], [ 15.067691079916745, -9.724833016761695 ], [ 15.03638038623567, -9.69948632572463 ], [ 15.009838602714964, -9.697155533344818 ], [ 14.948036036174805, -9.671554710543854 ], [ 14.95508365433329, -9.707956263007103 ], [ 14.94623351732054, -9.728190787483607 ], [ 14.923963851591449, -9.719675040821111 ], [ 14.877987007310711, -9.725247632082526 ], [ 14.858004498688793, -9.719101571123781 ], [ 14.830893019367153, -9.734622966390797 ], [ 14.823846020466114, -9.728722877086296 ], [ 14.7772266439266, -9.743836501581852 ], [ 14.751181102778244, -9.762622510246702 ], [ 14.71269537903952, -9.758540963720877 ], [ 14.695627065518124, -9.747231728324804 ], [ 14.674881376183624, -9.764768009677352 ], [ 14.612689756732156, -9.780435402489976 ], [ 14.579467219861364, -9.761471706404526 ], [ 14.529076102798388, -9.79552132969849 ], [ 14.51623668455122, -9.760328050358039 ], [ 14.479577587078918, -9.75239967797871 ], [ 14.479142459703009, -9.733160938226041 ], [ 14.456018660453118, -9.701310564340973 ], [ 14.368408818967549, -9.676612382339181 ], [ 14.334777863904957, -9.699212480335332 ], [ 14.308374205832131, -9.700349126803035 ], [ 14.293332009394444, -9.694894096170939 ], [ 14.273239632469714, -9.669959633707018 ], [ 14.271041640987026, -9.647365970414659 ], [ 14.256027358434586, -9.630540769157895 ], [ 14.202796538961771, -9.644168333563 ], [ 14.176411763437269, -9.639425116628223 ], [ 14.148261144007179, -9.60814904816664 ], [ 14.140000023866595, -9.588512360447835 ], [ 14.143510677814675, -9.561845871941413 ], [ 14.120366691435304, -9.537416412878988 ], [ 14.124677111961237, -9.520263052175496 ], [ 14.100908943541679, -9.391731319493127 ], [ 14.123527000257941, -9.383168784093657 ], [ 14.124306322633995, -9.370761845387024 ], [ 14.138976223318522, -9.368568649136991 ], [ 14.173586368100377, -9.334693378179329 ], [ 14.168997628969304, -9.313728496883448 ], [ 14.127399669243967, -9.255373941798576 ], [ 14.152463356165423, -9.189524852890477 ], [ 14.142997518087785, -9.191508764528114 ], [ 14.124058544792106, -9.168948774006106 ], [ 14.075472457532623, -9.148022633770095 ], [ 14.051794474694022, -9.152494047962426 ], [ 14.010780144670763, -9.139901496366734 ], [ 13.991393815645468, -9.120975210299124 ], [ 13.996052766602761, -9.112517553669678 ], [ 14.02287996592335, -9.117048770944495 ], [ 14.028501621077003, -9.111713954768478 ], [ 14.031474468590231, -9.118260611099386 ], [ 14.047785640461273, -9.113473900624816 ], [ 14.074448159989572, -9.095263711380023 ], [ 14.101725109818464, -9.03930563335186 ], [ 14.09263372445988, -9.028137455039756 ], [ 14.040763589977077, -9.013219088592153 ], [ 14.036640152965061, -8.961418132913193 ], [ 14.079307740812297, -8.92355901277139 ], [ 14.093520693423667, -8.91955006941251 ], [ 14.100888212421925, -8.934838234875256 ], [ 14.113829894582608, -8.934869371284796 ], [ 14.148487833446133, -8.909298576777106 ], [ 14.163473660867965, -8.911927958244418 ], [ 14.1940513277242, -8.890266493705981 ], [ 14.21601072205867, -8.895685232773213 ], [ 14.246297906429017, -8.865628558775077 ], [ 14.287719417881739, -8.849533385342903 ], [ 14.293950074488038, -8.860108140518156 ], [ 14.343155842111788, -8.867742821049399 ], [ 14.349826490207818, -8.905238243087657 ], [ 14.359030819240814, -8.917688437354313 ], [ 14.374344148831852, -8.907694681587467 ], [ 14.391970076110461, -8.922451907976528 ], [ 14.403631562366659, -8.918185192442666 ], [ 14.417216421266055, -8.925751856670209 ], [ 14.470586113059269, -8.916898270137855 ], [ 14.493391288669866, -8.886085199754548 ], [ 14.511672451867152, -8.877236372641809 ], [ 14.535766801346206, -8.878353627059058 ], [ 14.549707238873388, -8.894245975707685 ], [ 14.555437170412677, -8.87403148060765 ], [ 14.575595692431786, -8.867083060556405 ], [ 14.600523822504563, -8.882684103602815 ], [ 14.616911701006341, -8.88276165039971 ], [ 14.622566624847089, -8.872807548075793 ], [ 14.623166857516523, -8.879387702263367 ], [ 14.631736800074613, -8.867504765396964 ], [ 14.655536313310868, -8.859438804448741 ], [ 14.700696139740632, -8.853984595609502 ], [ 14.720656931859111, -8.863114904343986 ], [ 14.744039161783462, -8.841159296894277 ], [ 14.777290656973285, -8.852347818597176 ], [ 14.783243000216029, -8.8446247514297 ], [ 14.788761495254743, -8.852294102549122 ], [ 14.801994572205235, -8.848196595310723 ], [ 14.805825216140267, -8.834677096202062 ], [ 14.822632777653233, -8.841747999027719 ], [ 14.829007451139642, -8.837042573904844 ], [ 14.832767003645309, -8.844167215092794 ], [ 14.834166646614566, -8.835777247482538 ], [ 14.840173482973285, -8.83909987408075 ], [ 14.845820699204104, -8.831798194613119 ], [ 14.866814335188838, -8.845025959178413 ], [ 14.875919343781963, -8.841045057565614 ], [ 14.906879926517824, -8.807551912341852 ], [ 14.911987343612498, -8.765720681592773 ], [ 14.92885880078143, -8.750572765275036 ], [ 14.932140439540653, -8.72214169313367 ], [ 14.970913907343331, -8.663894743764869 ], [ 14.979832656145309, -8.636851887734101 ], [ 14.980380684482686, -8.595924508452471 ], [ 14.966738493985066, -8.546303505589995 ], [ 14.960744114990021, -8.454849573791426 ], [ 14.951956344407513, -8.427201222560901 ], [ 14.919284861298188, -8.402325287087168 ], [ 14.893642462875789, -8.401836272937549 ], [ 14.844410205172487, -8.384984542026578 ], [ 14.864669315072021, -8.358268449917508 ], [ 14.87070530712975, -8.318772785365583 ], [ 14.892298482941779, -8.302817445157432 ], [ 14.899448097607682, -8.28446833636202 ], [ 14.91440144184244, -8.281370961622928 ], [ 14.928333168336305, -8.282390380397123 ], [ 14.936952536587178, -8.294518980624291 ], [ 14.955506455890877, -8.283657605561393 ], [ 14.955955346496719, -8.291385568312629 ], [ 14.96903564544434, -8.293813437076794 ], [ 14.978591953906939, -8.314645816943203 ], [ 14.99190996080646, -8.321892400653189 ], [ 15.006423453872841, -8.318775467808562 ], [ 15.025334634623722, -8.293342083122704 ], [ 15.03816943846914, -8.296638721718145 ], [ 15.051138596723757, -8.285118044268783 ], [ 15.085742549813386, -8.291888122935879 ], [ 15.088057287514456, -8.300064001441735 ], [ 15.09621890296664, -8.292698854528139 ], [ 15.104113174821254, -8.304577465500676 ], [ 15.105331483063456, -8.281222512836509 ], [ 15.120156700107401, -8.267169403673572 ], [ 15.115572314615999, -8.252760430081688 ], [ 15.136337294102375, -8.241505721163792 ], [ 15.148267212241606, -8.252388280599169 ], [ 15.160272928925522, -8.224647193686133 ], [ 15.184801294780659, -8.219306209931046 ], [ 15.186333457559265, -8.198932298498876 ], [ 15.20423900296608, -8.191153805792576 ], [ 15.185029849431064, -8.125108718257193 ], [ 15.196554695308961, -8.129259873502784 ], [ 15.214432967064262, -8.11844379497885 ], [ 15.206687775501226, -8.026699897639281 ], [ 15.245089359658426, -7.980642856302437 ], [ 15.257572009623743, -7.982723784065785 ], [ 15.292770502304798, -7.959015906769254 ] ] ] } },
{ "type": "Feature", "properties": { "loc": "AO-A1-0010" }, "geometry": { "type": "Polygon", "coordinates": [ [ [ 15.067691079916745, -9.724833016761695 ], [ 15.097326891533402, -9.719485495772032 ], [ 15.111953706353276, -9.739978442104805 ], [ 15.131832728016015, -9.74413643846678 ], [ 15.15624905461106, -9.770157918595737 ], [ 15.18537959060744, -9.771444887534356 ], [ 15.203501137188979, -9.794082098641402 ], [ 15.246153171331223, -9.799650654019546 ], [ 15.265303828867705, -9.789093446434341 ], [ 15.288278885868412, -9.802090483337858 ], [ 15.297085339032446, -9.818092238108514 ], [ 15.323381691659943, -9.80173345492569 ], [ 15.337179584436988, -9.820657844881945 ], [ 15.445277285422687, -9.792028989878135 ], [ 15.500794872056201, -9.799630784521499 ], [ 15.52294445135507, -9.782351980267437 ], [ 15.546040309790143, -9.783552131613297 ], [ 15.554587647412532, -9.794601330790767 ], [ 15.577494383773605, -9.799769260947913 ], [ 15.590869112696648, -9.794214759814027 ], [ 15.590577712321618, -9.777816039232304 ], [ 15.596869849087014, -9.774421090544264 ], [ 15.628697583216233, -9.779309540135253 ], [ 15.659500115116387, -9.796235905477927 ], [ 15.677456162923331, -9.785983740289842 ], [ 15.706128302701572, -9.78696657798365 ], [ 15.731433182843713, -9.778193065880428 ], [ 15.769751541776067, -9.780581318787688 ], [ 15.777573868269901, -9.75895896872793 ], [ 15.794677783907929, -9.751501103668817 ], [ 15.796235846159057, -9.721565022978732 ], [ 15.814791081946389, -9.713971283172343 ], [ 15.860167625292032, -9.734943864457227 ], [ 15.893804565471203, -9.730172299790288 ], [ 15.923231907933744, -9.745450997453245 ], [ 15.960329643306803, -9.712357547497033 ], [ 15.976722994487158, -9.733719475524408 ], [ 16.018184121848122, -9.714467816505371 ], [ 16.041424974314289, -9.743093579236609 ], [ 16.059417132456488, -9.728592837925524 ], [ 16.082487880257545, -9.743811701548447 ], [ 16.097628955389709, -9.740574985487674 ], [ 16.12606358107378, -9.750698019446583 ], [ 16.15311204561376, -9.738765397495511 ], [ 16.18095688265706, -9.748755547380364 ], [ 16.224020149587215, -9.794540004887212 ], [ 16.223280968732201, -9.825513809551159 ], [ 16.23437476286389, -9.862625677352957 ], [ 16.317499257492951, -9.894517381633664 ], [ 16.304182927576782, -9.961779440237942 ], [ 16.320882957885807, -9.969261079249017 ], [ 16.358653242325172, -10.008796997832695 ], [ 16.354881004989963, -10.048760104026636 ], [ 16.37694979353892, -10.113404480212354 ], [ 16.380251315793881, -10.148458210611425 ], [ 16.348795697496055, -10.163748239033202 ], [ 16.327048979741487, -10.193114729648626 ], [ 16.34176895069368, -10.273339888380631 ], [ 16.358372238967789, -10.284786470935417 ], [ 16.392676275264684, -10.287503457403583 ], [ 16.413334444563343, -10.30907859635081 ], [ 16.425610417359504, -10.336154081899243 ], [ 16.444808690476265, -10.353374033508059 ], [ 16.431437266708304, -10.403918859843545 ], [ 16.443052109566469, -10.428783851715787 ], [ 16.498025870612132, -10.448958612557361 ], [ 16.538247790380911, -10.488710929996406 ], [ 16.560377233612478, -10.523602174851613 ], [ 16.581535081640197, -10.534556376311746 ], [ 16.600605865575524, -10.573882466240706 ], [ 16.576619541734505, -10.595142517212222 ], [ 16.597699849194303, -10.628197766214656 ], [ 16.564168683228253, -10.647613321812669 ], [ 16.570170250792682, -10.661818373422586 ], [ 16.565283500548045, -10.67591797860136 ], [ 16.522829461778521, -10.691162713511352 ], [ 16.501293216968183, -10.707528479716247 ], [ 16.48150179232406, -10.727831366080812 ], [ 16.467576940678708, -10.75881996367635 ], [ 16.421010053856744, -10.774712118150257 ], [ 16.39409048008309, -10.819035278735681 ], [ 16.310279314871146, -10.844142822741057 ], [ 16.27500262619499, -10.869458155288362 ], [ 16.274843953712637, -10.895585848222359 ], [ 16.247910439357671, -10.931261664443484 ], [ 16.229745421196551, -10.987908937255822 ], [ 16.216649687297746, -11.000416780133163 ], [ 16.197621523200567, -11.051223034737459 ], [ 16.166212814101488, -11.039294966249239 ], [ 16.164737638412685, -11.021064510416837 ], [ 16.089007525386023, -11.005188840123795 ], [ 16.075060796516993, -10.984228992344006 ], [ 16.036742416215422, -10.969420448556791 ], [ 16.013471033569182, -10.972937850964351 ], [ 15.994137522697383, -11.009353514444934 ], [ 15.955286142835856, -11.029261948508099 ], [ 15.945158046597196, -11.018575257348543 ], [ 15.945898778604661, -10.996976080726265 ], [ 15.928535344437122, -10.967487042783178 ], [ 15.914344445043493, -10.968329838237493 ], [ 15.880611110843201, -11.02180905223055 ], [ 15.896577685221125, -11.05381132154927 ], [ 15.878608046434284, -11.092365636292426 ], [ 15.883701264145955, -11.098376608799368 ], [ 15.876408036378464, -11.115035686887579 ], [ 15.841250165444531, -11.15027823983438 ], [ 15.826866105329973, -11.181567643000593 ], [ 15.804279022109302, -11.196934007794615 ], [ 15.795963512102151, -11.237218042596156 ], [ 15.755553606283623, -11.277265354990954 ], [ 15.722002376822442, -11.277082219408699 ], [ 15.756483102777441, -11.302113396771377 ], [ 15.774532520323348, -11.343394969955037 ], [ 15.751041411622424, -11.390756581554099 ], [ 15.72342657410557, -11.413649786104033 ], [ 15.72414477115629, -11.441058055409551 ], [ 15.701119487786208, -11.46768239041617 ], [ 15.556691847760717, -11.512720948944525 ], [ 15.524558358148965, -11.515354889521193 ], [ 15.506600232618606, -11.508307458801751 ], [ 15.458504697946829, -11.526889839239699 ], [ 15.450366235831758, -11.538808633269918 ], [ 15.407806893765574, -11.555765323877734 ], [ 15.39442476609354, -11.554013997272486 ], [ 15.372752437630144, -11.575763340271076 ], [ 15.345500774885856, -11.575153556246024 ], [ 15.311418258801446, -11.594982259246104 ], [ 15.327593911406368, -11.633094027912231 ], [ 15.319484649066162, -11.656435024554193 ], [ 15.342501919558238, -11.658339266660414 ], [ 15.362074926872715, -11.673344729044969 ], [ 15.363765467334112, -11.692100675799169 ], [ 15.375816589949043, -11.695114600538195 ], [ 15.373086896264443, -11.704316534830076 ], [ 15.386477475408267, -11.707033957707905 ], [ 15.375549379530185, -11.714449535376007 ], [ 15.377402754771552, -11.75676169643142 ], [ 15.397493625789949, -11.761561163194903 ], [ 15.407470687711111, -11.772809465644555 ], [ 15.389217851442716, -11.798416681581406 ], [ 15.384857255202977, -11.833335955981521 ], [ 15.364785416269466, -11.846716434929821 ], [ 15.364471543350078, -11.856370293856749 ], [ 15.379950216457683, -11.865473119193897 ], [ 15.383449266124316, -11.87774365381668 ], [ 15.36736239050045, -11.94131665107842 ], [ 15.359853263498024, -11.946635727242743 ], [ 15.316873076109694, -11.941056287750367 ], [ 15.273443875297588, -11.974888977187319 ], [ 15.275262641892962, -11.995802986021047 ], [ 15.198629414811471, -12.016232807493637 ], [ 15.167587575495389, -12.035789190194428 ], [ 15.112340689293546, -12.037104020908778 ], [ 15.09795362766635, -12.028743076098152 ], [ 15.092728580965442, -12.044351344668385 ], [ 15.070341222909356, -12.069617844413532 ], [ 15.061677060576084, -12.069619898450384 ], [ 15.06200608231838, -12.078629736574136 ], [ 15.034872066690941, -12.107273078361452 ], [ 15.034057577276005, -12.130924128529823 ], [ 14.99839607226745, -12.202683281650611 ], [ 14.979920232958222, -12.223311529607066 ], [ 14.933887584893935, -12.229679446506097 ], [ 14.929709523365631, -12.216379756302736 ], [ 14.939958960078226, -12.193760726968843 ], [ 14.962956421052098, -12.180054779559917 ], [ 14.958639551656017, -12.15880364785275 ], [ 14.952022141411003, -12.149548311442675 ], [ 14.90304704711729, -12.137676315745221 ], [ 14.893372313810271, -12.114434247968269 ], [ 14.873594861573736, -12.100030393702948 ], [ 14.789454320002182, -12.090588008533548 ], [ 14.747765535003676, -12.127227432251669 ], [ 14.729579251941516, -12.130774864661269 ], [ 14.721359977255144, -12.12946428051384 ], [ 14.718515820383349, -12.117876533677279 ], [ 14.700461967087808, -12.127865845058466 ], [ 14.661960358313575, -12.109313269664373 ], [ 14.661661075900145, -12.070308311283522 ], [ 14.637548480702733, -12.028531373759026 ], [ 14.628755366579949, -11.991228874404374 ], [ 14.548732683530208, -11.876085704309485 ], [ 14.511913345404182, -11.837568362777134 ], [ 14.492603698886342, -11.855631452405262 ], [ 14.454693007361108, -11.84658108992102 ], [ 14.410578448821099, -11.876105601567904 ], [ 14.375566729106026, -11.908316394461654 ], [ 14.358737058253368, -11.931584721033655 ], [ 14.347425517758161, -11.975017551194671 ], [ 14.307369743503617, -12.015736229219225 ], [ 14.272667045232712, -12.028707195156557 ], [ 14.222588133420366, -12.034777098260079 ], [ 14.208407348205299, -12.021461899722546 ], [ 14.197806645345157, -11.987593982751726 ], [ 14.119468123739676, -11.986998022716183 ], [ 14.146079544220314, -11.937226157436836 ], [ 14.062149519269605, -11.926569765857636 ], [ 14.066602612205513, -11.866846991171325 ], [ 14.053001819563081, -11.838736686824241 ], [ 14.030013016672081, -11.815355657213425 ], [ 14.007779411375497, -11.807054204263748 ], [ 14.002825657762672, -11.820095293038928 ], [ 13.983749914811481, -11.809566545835063 ], [ 13.955003494800165, -11.819923312986152 ], [ 13.875166447258456, -11.76890148539084 ], [ 13.8570460703046, -11.777414434604131 ], [ 13.84865817362053, -11.769589233831704 ], [ 13.839672934642964, -11.78210561675647 ], [ 13.795107415559558, -11.776299962349027 ], [ 13.783072472101663, -11.655405044882508 ], [ 13.786090851396436, -11.617185592716575 ], [ 13.76994800628024, -11.576785087637345 ], [ 13.787980079701699, -11.549287796270372 ], [ 13.781408309930308, -11.508136749387058 ], [ 13.796630859011659, -11.44475746166315 ], [ 13.801029204818692, -11.333352088803453 ], [ 13.811661720296884, -11.318557739323834 ], [ 13.830300330680421, -11.314986229306681 ], [ 13.823399543938562, -11.259802817721512 ], [ 13.834598540574914, -11.225673675575246 ], [ 13.835836410606637, -11.16698741900978 ], [ 13.865062714257624, -11.008481979435439 ], [ 13.859232903160732, -10.973774909560033 ], [ 13.842145920082858, -10.927406310928115 ], [ 13.723441123898271, -10.757881165131314 ], [ 13.769952774090831, -10.714570044719421 ], [ 13.777523993726868, -10.697726250014009 ], [ 13.774778366218142, -10.669213294905214 ], [ 13.623073578372489, -10.478009224293908 ], [ 13.528867721657532, -10.391109467075902 ], [ 13.544751167222111, -10.363185882669926 ], [ 13.54673194920961, -10.343620299684689 ], [ 13.534145355313408, -10.295838356202816 ], [ 13.492985725300509, -10.248668671169861 ], [ 13.498542786410004, -10.245188713036294 ], [ 13.526070595371207, -10.269880294987269 ], [ 13.498035755834968, -10.240275278728786 ], [ 13.496835733771649, -10.229950894365883 ], [ 13.506344139859737, -10.205717124893058 ], [ 13.531628320180376, -10.198771113943353 ], [ 13.533625639801004, -10.207320222198094 ], [ 13.557307504327374, -10.209443145632294 ], [ 13.551958763075953, -10.221321928112085 ], [ 13.569000381651806, -10.251187182989755 ], [ 13.578554776371375, -10.240133478125172 ], [ 13.58872824010575, -10.242464148549205 ], [ 13.590791572662473, -10.251820367763345 ], [ 13.605413649809604, -10.24616744791699 ], [ 13.623860779241069, -10.282223398338767 ], [ 13.635105970453674, -10.272587292117455 ], [ 13.646007086447385, -10.279828507327396 ], [ 13.654979028948587, -10.309791261305326 ], [ 13.683821677318074, -10.330622594204955 ], [ 13.676006127170568, -10.348142465050328 ], [ 13.69618940410726, -10.361741824173501 ], [ 13.724537615108366, -10.338721586379732 ], [ 13.75113937507164, -10.344205754739436 ], [ 13.768369395320866, -10.367070049191055 ], [ 13.80936014524403, -10.358481728696459 ], [ 13.826855542838599, -10.366212709296688 ], [ 13.828361018735523, -10.381484400931976 ], [ 13.845377924840905, -10.371996198113701 ], [ 13.85839263739985, -10.379507731544161 ], [ 13.863679099700208, -10.363991082570015 ], [ 13.896495971801224, -10.361482451601459 ], [ 13.91428565994479, -10.343720679313476 ], [ 13.918957909569405, -10.36774607676764 ], [ 13.955448714576056, -10.363629636945829 ], [ 13.956780534083888, -10.371704529987694 ], [ 13.977127612638716, -10.381454661251214 ], [ 13.975662527992847, -10.39328688133209 ], [ 13.99525315260046, -10.385278184688099 ], [ 13.992017021358015, -10.398786367844229 ], [ 14.016103002541056, -10.408747780433339 ], [ 14.038758982530551, -10.398122826454928 ], [ 14.055946139190032, -10.353044688172966 ], [ 14.074196149147955, -10.337494034031961 ], [ 14.087587446079386, -10.3103602096598 ], [ 14.112120696658792, -10.305115147336844 ], [ 14.125957628494668, -10.311744133302239 ], [ 14.160943747985755, -10.283184613184885 ], [ 14.187280062439722, -10.288766981550404 ], [ 14.201779055275221, -10.275620179323456 ], [ 14.208323332936335, -10.292989185264792 ], [ 14.215131900377642, -10.286145276992956 ], [ 14.218309828860143, -10.291870032858844 ], [ 14.225387206582418, -10.28610269670939 ], [ 14.217940230783555, -10.276466668598664 ], [ 14.225491977578564, -10.270969483467477 ], [ 14.23701149229748, -10.281623858975367 ], [ 14.239546025481076, -10.272549707498838 ], [ 14.251823134259034, -10.278967976036549 ], [ 14.258091756915192, -10.270171276951393 ], [ 14.289724849511565, -10.306899151455854 ], [ 14.325265835747025, -10.330180328270503 ], [ 14.341186130271844, -10.317904414221838 ], [ 14.382136798941936, -10.321751988184827 ], [ 14.406145503703716, -10.341370272925468 ], [ 14.414013767297629, -10.384163283698703 ], [ 14.426301234761318, -10.389364647261671 ], [ 14.437531225540212, -10.416222087793129 ], [ 14.456755163574009, -10.419013035153549 ], [ 14.466624248511462, -10.409142071997893 ], [ 14.47923427927158, -10.425843902645818 ], [ 14.504788252185818, -10.422521352240347 ], [ 14.511672371261142, -10.452396557463365 ], [ 14.548116168131209, -10.391375386245963 ], [ 14.568324640646857, -10.319969357091866 ], [ 14.562241432632472, -10.29628511284916 ], [ 14.526738605815215, -10.284530570261166 ], [ 14.500452208050607, -10.251676853581918 ], [ 14.495511844205655, -10.231681804857798 ], [ 14.532586965835126, -10.233216927909409 ], [ 14.531293607363782, -10.188955496014765 ], [ 14.557329170773414, -10.16686187270747 ], [ 14.540854967768002, -10.142688049117657 ], [ 14.543330649097364, -10.127694920904831 ], [ 14.486280058410372, -10.059068897320836 ], [ 14.499738283922792, -10.046174795727639 ], [ 14.511128996933031, -10.008321962867464 ], [ 14.523757761116229, -10.003699029729832 ], [ 14.522307345688912, -9.974571374139144 ], [ 14.543062388193295, -9.931618140849322 ], [ 14.515561343598904, -9.855368346109442 ], [ 14.540021781726242, -9.824998614967898 ], [ 14.523704580983576, -9.805334582248696 ], [ 14.529076102798388, -9.79552132969849 ], [ 14.579467219861364, -9.761471706404526 ], [ 14.612689756732156, -9.780435402489976 ], [ 14.674881376183624, -9.764768009677352 ], [ 14.695627065518124, -9.747231728324804 ], [ 14.71269537903952, -9.758540963720877 ], [ 14.751181102778244, -9.762622510246702 ], [ 14.7772266439266, -9.743836501581852 ], [ 14.823846020466114, -9.728722877086296 ], [ 14.830893019367153, -9.734622966390797 ], [ 14.858004498688793, -9.719101571123781 ], [ 14.877987007310711, -9.725247632082526 ], [ 14.923963851591449, -9.719675040821111 ], [ 14.94623351732054, -9.728190787483607 ], [ 14.95508365433329, -9.707956263007103 ], [ 14.948036036174805, -9.671554710543854 ], [ 15.009838602714964, -9.697155533344818 ], [ 15.03638038623567, -9.69948632572463 ], [ 15.067691079916745, -9.724833016761695 ] ] ] } },
{ "type": "Feature", "properties": { "loc": "AO-A1-0011" }, "geometry": { "type": "MultiPolygon", "coordinates": [ [ [ [ 13.056378365000219, -8.981278418999819 ], [ 13.050589561000157, -8.979460715999791 ], [ 13.058078766000135, -8.972885131999911 ], [ 13.056378365000219, -8.981278418999819 ] ] ], [ [ [ 13.132514953580275, -8.935709000382156 ], [ 13.136434555188535, -8.93293476094256 ], [ 13.14256954222852, -8.933459282432091 ], [ 13.132514953580275, -8.935709000382156 ] ] ], [ [ [ 13.10939216609359, -8.936259270361161 ], [ 13.122120857369699, -8.938737869369243 ], [ 13.107110977267842, -8.943852425361213 ], [ 13.100152016080633, -8.938592911245872 ], [ 13.1268329622495, -8.903324126619308 ], [ 13.122314452627924, -8.929313659609731 ], [ 13.10939216609359, -8.936259270361161 ] ] ], [ [ [ 13.264204978555048, -8.758423805426366 ], [ 13.194479942273494, -8.826977730150146 ], [ 13.194440842448961, -8.818015099229607 ], [ 13.224802016777735, -8.784104346650304 ], [ 13.264204978555048, -8.758423805426366 ] ] ], [ [ [ 13.399775210426322, -8.742521171873166 ], [ 13.421920356607851, -8.749175800681256 ], [ 13.430790443692684, -8.761023842534913 ], [ 13.460814294013089, -8.746461215970905 ], [ 13.477114884712813, -8.769649996608623 ], [ 13.505413407271581, -8.778012368734403 ], [ 13.49924438538874, -8.781112626804846 ], [ 13.503218122586967, -8.808438673764366 ], [ 13.520164362663854, -8.812755409692988 ], [ 13.527991577917662, -8.819410659932606 ], [ 13.524071373763567, -8.825644814315284 ], [ 13.535485211242191, -8.831064138857473 ], [ 13.541232050887062, -8.823649527162539 ], [ 13.553473413935533, -8.842508212442604 ], [ 13.57555085016031, -8.836655604431135 ], [ 13.572186002550611, -8.829330704606933 ], [ 13.591782459261735, -8.831279667681061 ], [ 13.597152743772776, -8.823487628509833 ], [ 13.609449474482281, -8.828408178253403 ], [ 13.622775107853611, -8.851949754835845 ], [ 13.533883382880505, -8.888452819400664 ], [ 13.528111803785412, -8.896777211357746 ], [ 13.525228935979426, -8.953492074771644 ], [ 13.490152731904635, -8.984098170559266 ], [ 13.466079012638852, -9.065508419484805 ], [ 13.470225512674803, -9.138262461522087 ], [ 13.464090043558928, -9.170005442939081 ], [ 13.45221632319724, -9.160756392026995 ], [ 13.390454627201629, -9.153418161644714 ], [ 13.387004237619491, -9.177335093540831 ], [ 13.375998689280253, -9.166128840015078 ], [ 13.366127876269561, -9.169320771016723 ], [ 13.323540661650311, -9.149197165129111 ], [ 13.301574125323688, -9.154971292003703 ], [ 13.280291484742255, -9.178801934074135 ], [ 13.25068516536607, -9.186579953713961 ], [ 13.230788228971589, -9.206495982715493 ], [ 13.217547178637366, -9.265958124879573 ], [ 13.204137322857255, -9.290076574286546 ], [ 13.193145541711358, -9.293683003180112 ], [ 13.189137470196142, -9.322872312319378 ], [ 13.179922882513038, -9.33074508273141 ], [ 13.166422954233957, -9.321819307826798 ], [ 13.157855578949905, -9.346530620004115 ], [ 13.081332206694006, -9.211052895187125 ], [ 12.994761467345837, -9.082865715192648 ], [ 13.000123023936359, -9.030670166207392 ], [ 13.021814346133274, -9.016110420171822 ], [ 13.021518706601041, -8.998643874627158 ], [ 13.036419867660774, -8.963192940413892 ], [ 13.12647819499073, -8.873448372156792 ], [ 13.14655494723098, -8.864405632326259 ], [ 13.138326645136543, -8.886961936855956 ], [ 13.112026214716009, -8.901544570637535 ], [ 13.099854469086479, -8.922275542794159 ], [ 13.028203011237947, -8.992413520779477 ], [ 13.035185814351811, -9.004110336235064 ], [ 13.01217746739418, -9.037291527294281 ], [ 13.006484032190356, -9.061905861078726 ], [ 13.018396378268269, -9.093126297152901 ], [ 13.02803993177548, -9.072404861407316 ], [ 13.059380530764917, -9.040800094660698 ], [ 13.1043643946791, -8.951218604966785 ], [ 13.145772933651932, -8.954504012762113 ], [ 13.154953002656987, -8.937456131307512 ], [ 13.153442382637868, -8.908275604047914 ], [ 13.202206612423238, -8.849467278004544 ], [ 13.202369690087144, -8.833839417067471 ], [ 13.210455893902482, -8.833115577933684 ], [ 13.222365379236932, -8.807785033964214 ], [ 13.244716643736075, -8.79252147669686 ], [ 13.261834145307636, -8.795661926368906 ], [ 13.278193474327436, -8.784789085060277 ], [ 13.291455269323292, -8.754395484775982 ], [ 13.366187095926383, -8.771968841847114 ], [ 13.399775210426322, -8.742521171873166 ] ] ] ] } },
{ "type": "Feature", "properties": { "loc": "AO-A1-0012" }, "geometry": { "type": "Polygon", "coordinates": [ [ [ 20.316999435254424, -6.913003921742137 ], [ 20.627147675103785, -6.913396834644706 ], [ 20.618471146404982, -6.975555897035571 ], [ 20.589509963792452, -7.005997181173532 ], [ 20.575256347880799, -7.069577217363202 ], [ 20.543611526229633, -7.1440820693805 ], [ 20.536220551415951, -7.21930408486419 ], [ 20.541683197200467, -7.281429768017903 ], [ 21.780588149915836, -7.283893107914322 ], [ 21.787134171197753, -7.302889823840056 ], [ 21.819744110195227, -7.327550888196624 ], [ 21.838235854993382, -7.385778904206811 ], [ 21.828805922847749, -7.402874947054864 ], [ 21.853477477796002, -7.426456928378281 ], [ 21.855665207276154, -7.442464828422827 ], [ 21.843030930425744, -7.459077834608122 ], [ 21.856906891332617, -7.475027083566813 ], [ 21.836359023842533, -7.520002841891374 ], [ 21.853277205970922, -7.557061194652151 ], [ 21.842607498130207, -7.58305215756471 ], [ 21.847673416087954, -7.604876040730405 ], [ 21.828212738120012, -7.622166157276103 ], [ 21.823806763364129, -7.653028965348222 ], [ 21.810329436846665, -7.661837100835248 ], [ 21.795465469048825, -7.73078107771831 ], [ 21.768043518386371, -7.777423858957691 ], [ 21.777849197175403, -7.817266940850379 ], [ 21.764194489276889, -7.831068992773519 ], [ 21.762056351112413, -7.845355987922234 ], [ 21.770673752084679, -7.893627167093845 ], [ 21.76806640613238, -7.907444000274092 ], [ 21.745466231773847, -7.928024291921313 ], [ 21.745449066413958, -7.938798903880043 ], [ 21.759754181103208, -7.959901809554607 ], [ 21.77122688280706, -8.000440597988915 ], [ 21.787946700572469, -8.031098366030479 ], [ 21.813968657720029, -8.05613803867328 ], [ 21.854845047153848, -8.143987656239085 ], [ 21.886589049637628, -8.175045012850793 ], [ 21.888092040707807, -8.186997413833344 ], [ 21.877857208136309, -8.197234153866853 ], [ 21.895973206291064, -8.257326126333423 ], [ 21.896125793363375, -8.291080475117566 ], [ 21.93095016541049, -8.315278053173328 ], [ 21.936691753014692, -8.327805692012783 ], [ 21.813050386958466, -8.367550606608956 ], [ 21.778987429518892, -8.432410661356707 ], [ 21.776941419703455, -8.462067220459582 ], [ 21.765307222243191, -8.484545796584944 ], [ 21.653259924998203, -8.498541011192421 ], [ 21.649496662433698, -8.485029149809145 ], [ 21.632283818336173, -8.473024473034721 ], [ 21.632458928029763, -8.455211828796619 ], [ 21.615366522939361, -8.445439208186626 ], [ 21.606836603519142, -8.448538881697734 ], [ 21.479003564855326, -8.574829222424421 ], [ 21.46419097262795, -8.605276988875646 ], [ 21.461166332253079, -8.649108004664422 ], [ 21.449332219099304, -8.675353276066536 ], [ 21.428388356729933, -8.69951688942662 ], [ 21.400199769096773, -8.713416959358936 ], [ 21.39239304849303, -8.735921140981576 ], [ 21.3555955548836, -8.678210535521528 ], [ 21.343752786654413, -8.642529606889552 ], [ 21.310283374570727, -8.61455555073182 ], [ 21.29536882350509, -8.610965172038801 ], [ 21.2675645152828, -8.575617308225928 ], [ 21.237047519769092, -8.570438915168547 ], [ 21.116165076572457, -8.57909456637517 ], [ 20.994657114795956, -8.621387645574933 ], [ 20.9623499641161, -8.625970503669814 ], [ 20.809232775017428, -8.686555423952372 ], [ 20.790097252606898, -8.707164209586496 ], [ 20.76342874587116, -8.807478959750062 ], [ 20.710280879516674, -8.901649652429425 ], [ 20.669765071036572, -8.924351725483573 ], [ 20.609192497172302, -8.935675847481198 ], [ 20.598170880781019, -8.946324521026186 ], [ 20.592942214051213, -8.993611620653455 ], [ 20.482968997317386, -8.943650993653543 ], [ 20.459319428708156, -8.955285455269527 ], [ 20.439970248346739, -8.953170154293103 ], [ 20.434066462824241, -8.967503133665803 ], [ 20.415689218560296, -8.971295185537246 ], [ 20.39868134721452, -9.007722113248088 ], [ 20.367909610681423, -9.022901212368653 ], [ 20.371565520806811, -9.03053165102469 ], [ 20.348758577141801, -9.088897868486493 ], [ 20.353256078320925, -9.104280229590925 ], [ 20.345535977743623, -9.126646410668618 ], [ 20.353481861576306, -9.140937046710699 ], [ 20.334419589941355, -9.180441246583696 ], [ 20.344187542580983, -9.192543432964554 ], [ 20.344888507373149, -9.223030172722671 ], [ 20.362231145217713, -9.224452293586586 ], [ 20.350054095864145, -9.244965377638762 ], [ 20.361164725040304, -9.249761807873172 ], [ 20.361953086543139, -9.280406402764255 ], [ 20.355253119007521, -9.290192357824681 ], [ 20.3658991807524, -9.290832598005641 ], [ 20.363370494609256, -9.309920827135235 ], [ 20.320696776261826, -9.333535770988158 ], [ 20.301999517764813, -9.365435604515119 ], [ 20.278616842472275, -9.370268482054703 ], [ 20.259425542958276, -9.385845238209681 ], [ 20.233559433686743, -9.44002927004736 ], [ 20.107380560763843, -9.468473217393628 ], [ 20.089699436383235, -9.489070122312496 ], [ 20.048325663526612, -9.500401571978815 ], [ 20.026804427246425, -9.534587602714653 ], [ 19.97427700175276, -9.550880605811122 ], [ 19.934682277712135, -9.574833278968567 ], [ 19.94011948452048, -9.693213467220266 ], [ 19.904999131637524, -9.786711379282012 ], [ 19.905320314631147, -9.803046500137272 ], [ 19.902187492359324, -9.809659861623624 ], [ 19.859336514685744, -9.817407253504099 ], [ 19.807976634487545, -9.895846256015576 ], [ 19.681155779184323, -9.880814428517729 ], [ 19.659385799003637, -9.895539355826669 ], [ 19.650468091548134, -9.922104314313055 ], [ 19.610392927225107, -9.940046846111686 ], [ 19.627229482547826, -9.878596708537804 ], [ 19.627313492483012, -9.844140716253472 ], [ 19.592991763835421, -9.757507227769816 ], [ 19.56784101213902, -9.71986240678048 ], [ 19.562197633975664, -9.666968803912171 ], [ 19.54200666228143, -9.65489554675664 ], [ 19.546125517816826, -9.618779627338784 ], [ 19.528319883003853, -9.603627327004963 ], [ 19.522752920325459, -9.579658549139461 ], [ 19.389549771408099, -9.601170941052009 ], [ 19.346974172468556, -9.593853855570847 ], [ 19.311538332760847, -9.608245531623863 ], [ 19.281910044898432, -9.647894447172392 ], [ 19.283462335962298, -9.700221832339176 ], [ 19.300513071015679, -9.738325190316713 ], [ 19.32541165988777, -9.757969732204922 ], [ 19.321847723139207, -9.860460136388275 ], [ 19.279844128253387, -9.899669364735578 ], [ 19.257616538528133, -9.902441907395302 ], [ 19.221573771663536, -9.937589264066885 ], [ 19.208168536797565, -9.962823070891838 ], [ 19.177355717114786, -9.962546477446624 ], [ 19.179902919909431, -9.978450328741287 ], [ 19.127446258241676, -10.028076985571902 ], [ 19.123790275797425, -10.043561278520544 ], [ 19.07895763706815, -10.034819938601883 ], [ 19.052457125514444, -10.040677754039043 ], [ 19.030690773590209, -10.051346204351455 ], [ 19.034778907526473, -10.06227694426031 ], [ 19.00440099920182, -10.063160279044562 ], [ 19.00198682553782, -10.072308261986121 ], [ 18.994686965162444, -10.06886475954231 ], [ 18.994252516770338, -10.075677013146636 ], [ 18.982281299967774, -10.077041848691662 ], [ 18.979050223629024, -10.088318993572335 ], [ 18.972657876256882, -10.084928309054467 ], [ 18.952648036414033, -10.107324713030655 ], [ 18.953914179526699, -10.094272864872137 ], [ 18.941992444973721, -10.099810297183135 ], [ 18.943498107246093, -10.09041605170952 ], [ 18.921451698462732, -10.068008693048439 ], [ 18.91553602441185, -10.050353410561078 ], [ 18.895307129960237, -10.049436211194132 ], [ 18.903965364307851, -10.04194843247396 ], [ 18.891952456731786, -10.034447164046393 ], [ 18.87790123513895, -9.997168438475304 ], [ 18.867770490828661, -10.000690440706498 ], [ 18.870103952102824, -9.984349831678477 ], [ 18.878503355243303, -9.987848708308681 ], [ 18.869748664053354, -9.970738002587401 ], [ 18.879222062120604, -9.955534876598074 ], [ 18.867529173346931, -9.952844592420687 ], [ 18.834119300282914, -9.904480192027313 ], [ 18.808565043501702, -9.907340508263088 ], [ 18.803743741150569, -9.921782979207419 ], [ 18.788299057529834, -9.913864782347718 ], [ 18.78826198395025, -9.905001163831853 ], [ 18.774605939406364, -9.911771107325743 ], [ 18.765207498152492, -9.899993543589384 ], [ 18.767093075629582, -9.889245362487712 ], [ 18.77388881587212, -9.888719467445354 ], [ 18.766519654669622, -9.87871745858652 ], [ 18.753937261433329, -9.888750262365479 ], [ 18.716290492459819, -9.859105722254183 ], [ 18.70202033326045, -9.863181325656148 ], [ 18.690578921633794, -9.836262224002615 ], [ 18.66889893885606, -9.843886094744351 ], [ 18.662544771774314, -9.837466768932016 ], [ 18.660235445140394, -9.845393468523836 ], [ 18.641467239389087, -9.849723499388633 ], [ 18.634914917350187, -9.839424586177318 ], [ 18.64654333400324, -9.835884869361925 ], [ 18.63596083252741, -9.824301561358221 ], [ 18.641266312019411, -9.819755227890395 ], [ 18.626828983924781, -9.817064974408988 ], [ 18.63714176331861, -9.815689705892764 ], [ 18.63215969826868, -9.808977661424359 ], [ 18.643714678004919, -9.79880017617735 ], [ 18.61855687166063, -9.800903333720138 ], [ 18.616224509078627, -9.785689668482403 ], [ 18.588390050284609, -9.770050498090002 ], [ 18.578979699239895, -9.772299617924643 ], [ 18.578457103878598, -9.765159782970626 ], [ 18.571232069681898, -9.76909296525689 ], [ 18.577181897214068, -9.759166045330639 ], [ 18.564582023603826, -9.761195266307579 ], [ 18.561264126503296, -9.754906585403292 ], [ 18.555356676862544, -9.762872648361279 ], [ 18.544108528837988, -9.754137061718074 ], [ 18.53805104159818, -9.760017742371355 ], [ 18.535265206478257, -9.749739239094582 ], [ 18.527904979734799, -9.759048054644085 ], [ 18.530187256631336, -9.745744777582447 ], [ 18.518627345937055, -9.749721783503832 ], [ 18.517527268152634, -9.742081457118049 ], [ 18.508398530456738, -9.746918347251357 ], [ 18.504123009022599, -9.740385593231663 ], [ 18.498506951323712, -9.745881754958022 ], [ 18.496995279978279, -9.735399693296435 ], [ 18.511045631866452, -9.731840554930363 ], [ 18.499250322652472, -9.731582273511266 ], [ 18.495272226476622, -9.722959356876851 ], [ 18.481229020207479, -9.727213334872223 ], [ 18.486566710718755, -9.719443698062028 ], [ 18.465750758420718, -9.715987518585814 ], [ 18.468536801057311, -9.707990981974627 ], [ 18.463239648415453, -9.701151420054247 ], [ 18.457221875455154, -9.70481698763154 ], [ 18.456110253559821, -9.689650348581461 ], [ 18.440334042455042, -9.68645724906502 ], [ 18.439332457556468, -9.694499057132569 ], [ 18.426964562046777, -9.675460388044824 ], [ 18.410246738642222, -9.730332961059732 ], [ 18.396662308020062, -9.729772715016574 ], [ 18.377609983499887, -9.749694486022667 ], [ 18.355248998666163, -9.751433366522614 ], [ 18.337861682472045, -9.785252275245929 ], [ 18.297241071456583, -9.810886216154616 ], [ 18.278454584140036, -9.858823646580342 ], [ 18.251694190538714, -9.881221472803206 ], [ 18.236509863840844, -9.913500980358117 ], [ 18.208281738640331, -9.9235136186589 ], [ 18.172157174119086, -9.955170198835953 ], [ 18.14690524381728, -9.963506246598422 ], [ 18.127790538214583, -9.953121483017272 ], [ 18.10128734313956, -9.964312852194515 ], [ 18.09418196829693, -9.955205799288494 ], [ 18.124455905606673, -9.944675788246441 ], [ 18.123406927589514, -9.935006729471732 ], [ 18.13269589541413, -9.932199724392069 ], [ 18.123971075757339, -9.927220420429853 ], [ 18.145389026873104, -9.918416686374934 ], [ 18.120663362657474, -9.92155779319083 ], [ 18.113297028669173, -9.932001139586047 ], [ 18.110494413520151, -9.925764325553358 ], [ 18.098456430193011, -9.92802680392432 ], [ 18.094635848428631, -9.942422643532881 ], [ 18.070973763156317, -9.936820527202942 ], [ 18.085490268878601, -9.967369363348558 ], [ 18.077100411024638, -9.977758729375067 ], [ 18.066037702252835, -9.968560921883777 ], [ 18.067251156853814, -9.95501134846212 ], [ 18.057875899833498, -9.962435951197582 ], [ 18.061957543454632, -9.94848046450049 ], [ 18.046442483978264, -9.954442603916261 ], [ 18.054021914300211, -9.946022492975951 ], [ 18.045045514449587, -9.941422768633826 ], [ 18.05974885666739, -9.937429472193108 ], [ 18.043602534520264, -9.93719714655367 ], [ 18.037198344470173, -9.948516573649316 ], [ 18.023652006561441, -9.939655606266632 ], [ 18.044704817392443, -9.925293302183627 ], [ 18.042464214197462, -9.917595313480613 ], [ 18.029578593600259, -9.924924316792675 ], [ 18.034934098006072, -9.910577825254899 ], [ 18.016751502240869, -9.924787006489369 ], [ 18.009901778896964, -9.922381207952272 ], [ 18.025231275039477, -9.882258962875637 ], [ 17.995824896608426, -9.904096449095038 ], [ 17.983017707187887, -9.884913617356942 ], [ 17.981796341419631, -9.862653901225974 ], [ 17.961727106944103, -9.851505573141909 ], [ 17.928692782818256, -9.860335579869664 ], [ 17.927791702592089, -9.866670560996807 ], [ 17.912493559715603, -9.86110863997626 ], [ 17.895960993397253, -9.867578394536705 ], [ 17.87993054833974, -9.84379819801641 ], [ 17.820709673490853, -9.819936329096338 ], [ 17.81677591921591, -9.860150262932935 ], [ 17.842751495001519, -9.860818114714368 ], [ 17.800602930558451, -9.901922017130952 ], [ 17.790058218904914, -9.900174716315894 ], [ 17.751520547087551, -9.855183704794493 ], [ 17.733797783497174, -9.857226246450127 ], [ 17.729641706188914, -9.848463735670046 ], [ 17.721847957957948, -9.855171301600022 ], [ 17.710816018106801, -9.848299029444943 ], [ 17.709230896558381, -9.857361200868878 ], [ 17.676212888764464, -9.8541441684081 ], [ 17.679132849119306, -9.836401378102858 ], [ 17.664191272532559, -9.835190506381478 ], [ 17.654724661745025, -9.824379870351732 ], [ 17.651867270812271, -9.834148277195146 ], [ 17.639707524342541, -9.837724194472278 ], [ 17.634510529865466, -9.826120024997978 ], [ 17.629153921284413, -9.834642128677077 ], [ 17.625132313892333, -9.826382786347457 ], [ 17.617069510802619, -9.831634820989668 ], [ 17.61584482683789, -9.821961316140074 ], [ 17.608808038925616, -9.836002230668109 ], [ 17.608605965607538, -9.826510621257315 ], [ 17.596627268803999, -9.820653666420368 ], [ 17.60232598840874, -9.814977259874139 ], [ 17.589975791805834, -9.810515139050993 ], [ 17.594965774426985, -9.803958243634417 ], [ 17.588294674962146, -9.799452438259296 ], [ 17.597475112241501, -9.798432937009208 ], [ 17.586052278011355, -9.790039484432503 ], [ 17.591618326736302, -9.783731458488157 ], [ 17.583980449173353, -9.777903750858622 ], [ 17.592767253447761, -9.775558449959091 ], [ 17.582909314387862, -9.771393105459639 ], [ 17.597403472165762, -9.764574151631559 ], [ 17.59095568738589, -9.755826145127481 ], [ 17.605617564981291, -9.762486148840269 ], [ 17.592484547227638, -9.747270525947963 ], [ 17.601753365912653, -9.741377391801867 ], [ 17.58121189843358, -9.741533433337116 ], [ 17.583122433356113, -9.724494151578225 ], [ 17.570150150246366, -9.713263064490954 ], [ 17.58119072955413, -9.705521915941221 ], [ 17.58071590397412, -9.685146269295656 ], [ 17.567772645376856, -9.685876296190413 ], [ 17.552483919197837, -9.671686657198789 ], [ 17.552073074232055, -9.686416822597424 ], [ 17.540288401607462, -9.67601204500396 ], [ 17.529691846510076, -9.691951597477791 ], [ 17.523634207455441, -9.676450674056595 ], [ 17.499222649238444, -9.699193506856544 ], [ 17.508364203539273, -9.677580233747976 ], [ 17.498176543462929, -9.672531047597635 ], [ 17.498292993824993, -9.664353706985255 ], [ 17.477748059897102, -9.688856768017887 ], [ 17.475209103609757, -9.680242272086451 ], [ 17.448418659126386, -9.668186793024317 ], [ 17.45216769172, -9.663317171125355 ], [ 17.463634491659885, -9.669271215463452 ], [ 17.472890949981412, -9.653412918743213 ], [ 17.460627319242938, -9.63991973703712 ], [ 17.463709267212568, -9.606488995674637 ], [ 17.456326794145305, -9.627176432092336 ], [ 17.436100865814375, -9.61756371802022 ], [ 17.443705190737813, -9.602981202163422 ], [ 17.415468209391438, -9.610303704775417 ], [ 17.411642947481099, -9.624403308031019 ], [ 17.395294458899535, -9.597809923329473 ], [ 17.377750093165556, -9.607231170824152 ], [ 17.369833034398852, -9.602758200046738 ], [ 17.368071513697103, -9.57823843904159 ], [ 17.387577811572719, -9.566347806601586 ], [ 17.382331938306628, -9.554346152214746 ], [ 17.391970536093115, -9.537153553113301 ], [ 17.378573364357042, -9.527313315196887 ], [ 17.399977812200085, -9.514286748450177 ], [ 17.395573926916175, -9.506315328661922 ], [ 17.38515562739158, -9.518038270999233 ], [ 17.378027818648611, -9.514893238979797 ], [ 17.388418359520852, -9.499134708058113 ], [ 17.359818016788253, -9.488694883926888 ], [ 17.366297005183462, -9.469488808008522 ], [ 17.337939324405838, -9.484033525541383 ], [ 17.332677131476704, -9.463852960547273 ], [ 17.339896058429893, -9.459768788687365 ], [ 17.349741019334086, -9.467634766432878 ], [ 17.350397081007785, -9.449731284386479 ], [ 17.32795661586195, -9.434270122234848 ], [ 17.332452507331642, -9.424175148649697 ], [ 17.309805122474131, -9.42345292870869 ], [ 17.34368795232939, -9.411464693951169 ], [ 17.321521291013653, -9.397145170864688 ], [ 17.294822024156709, -9.400544080563447 ], [ 17.294672281856194, -9.384466439978448 ], [ 17.311260924508964, -9.3783453475942 ], [ 17.296706877803025, -9.373603445086479 ], [ 17.301957563342008, -9.364767537726918 ], [ 17.294095846072199, -9.363511309560804 ], [ 17.284770812877781, -9.332982693533657 ], [ 17.304462511889263, -9.338738010803263 ], [ 17.298151149442553, -9.319562966854958 ], [ 17.314416530655752, -9.284729857714039 ], [ 17.32092050282974, -9.299894622320762 ], [ 17.334995051753488, -9.285728868093971 ], [ 17.345424574637924, -9.29742504996233 ], [ 17.351650023397358, -9.283789612407537 ], [ 17.359329842097004, -9.290928338313412 ], [ 17.367150530542652, -9.286345140399336 ], [ 17.371151015369257, -9.29420504092017 ], [ 17.381392437858612, -9.277884836379316 ], [ 17.403154493142381, -9.272510785882529 ], [ 17.400754549107234, -9.26141640004087 ], [ 17.420772224639158, -9.270518507797801 ], [ 17.449112500721942, -9.258997703946173 ], [ 17.457339569262498, -9.262731860408527 ], [ 17.457503431421983, -9.254757636462477 ], [ 17.466869636131488, -9.264626927445422 ], [ 17.470074484158271, -9.24626250934614 ], [ 17.488071900572422, -9.2457242461817 ], [ 17.484607647433847, -9.255006457469209 ], [ 17.506250636394149, -9.245837332867938 ], [ 17.508113756376531, -9.236457344471974 ], [ 17.518639884718468, -9.242875149227695 ], [ 17.522499104039202, -9.236748685756316 ], [ 17.545177935243839, -9.237852076229794 ], [ 17.543234151281784, -9.223619706582801 ], [ 17.556885787751852, -9.225657614804708 ], [ 17.548946046455871, -9.206893471388847 ], [ 17.539862429670272, -9.205868476582927 ], [ 17.54899176404221, -9.194912481363074 ], [ 17.5344468282157, -9.178067594098374 ], [ 17.545686051126896, -9.174067620167895 ], [ 17.550354036781002, -9.146239545438887 ], [ 17.543367399440335, -9.131606765769687 ], [ 17.559340494337139, -9.127747858926996 ], [ 17.567819814748997, -9.093576130131678 ], [ 17.584903237230609, -9.07981951488234 ], [ 17.562120570244311, -9.074926477291859 ], [ 17.569664296891307, -9.057142265446641 ], [ 17.551973978141788, -9.054695819799777 ], [ 17.56281203483594, -9.043618109298338 ], [ 17.55688224170342, -9.034064136521605 ], [ 17.568466582332043, -9.028557594509104 ], [ 17.560193365700627, -9.00912321232156 ], [ 17.550009235959152, -9.005275390407844 ], [ 17.540198611836022, -9.011472319447625 ], [ 17.538806239117388, -9.000228533007407 ], [ 17.548707510197747, -8.99257418285592 ], [ 17.54134136134704, -8.979713801276349 ], [ 17.526897107781547, -8.988052172639685 ], [ 17.542157273257697, -8.973528865665573 ], [ 17.526305165341771, -8.975546738932364 ], [ 17.525154997473713, -8.969978080856103 ], [ 17.543208327608006, -8.964830399698945 ], [ 17.533204742634734, -8.957664724146289 ], [ 17.526415529185435, -8.962282903310973 ], [ 17.535926471352425, -8.949406940675134 ], [ 17.524399531307999, -8.948380458635855 ], [ 17.540361027791818, -8.933149508521479 ], [ 17.544005177854682, -8.919509928276939 ], [ 17.536773355530677, -8.918454140848967 ], [ 17.54727254521633, -8.909841783896658 ], [ 17.539949681524369, -8.893513475528239 ], [ 17.548732241003329, -8.887174323569417 ], [ 17.53874185339992, -8.881565535504491 ], [ 17.540324791426354, -8.869346770112744 ], [ 17.557387384263112, -8.860438664542839 ], [ 17.564349819782255, -8.873804445671466 ], [ 17.565442132681053, -8.85651516781382 ], [ 17.579883821386222, -8.8558632104523 ], [ 17.582544686073032, -8.846299798121096 ], [ 17.578846286567096, -8.837433298151312 ], [ 17.557482668375535, -8.830345419907962 ], [ 17.582045129378976, -8.818069964358846 ], [ 17.566150824875049, -8.805619459127959 ], [ 17.585316682861674, -8.794636975934692 ], [ 17.569731031268354, -8.775502624770374 ], [ 17.583546001139183, -8.765009177529995 ], [ 17.562374121961799, -8.755758870819955 ], [ 17.594759988637243, -8.736347551584581 ], [ 17.564934131471421, -8.738761077280857 ], [ 17.559031824040439, -8.724784523750953 ], [ 17.592903749188515, -8.694161186985708 ], [ 17.5865457588114, -8.687321926897843 ], [ 17.568744097002575, -8.690356159017712 ], [ 17.557913446587037, -8.679075173275988 ], [ 17.589718918690433, -8.678860526697788 ], [ 17.593153359924063, -8.671703526741018 ], [ 17.565608038845504, -8.667217531036956 ], [ 17.565120539996482, -8.6474269687321 ], [ 17.579874472283308, -8.641902136167415 ], [ 17.564981174291638, -8.641750986283606 ], [ 17.554777232279672, -8.625793077180402 ], [ 17.560700858598111, -8.620880461559613 ], [ 17.550900064512653, -8.619739984303157 ], [ 17.564196068358751, -8.607694697775928 ], [ 17.566162749557535, -8.592409148051209 ], [ 17.541883092322141, -8.599905090916208 ], [ 17.537850371941222, -8.593149401910663 ], [ 17.547127843435906, -8.584045129361298 ], [ 17.529453858539235, -8.590541946612854 ], [ 17.52185140235758, -8.585869241464264 ], [ 17.545460479588026, -8.576218848877174 ], [ 17.527270372586656, -8.573324046773637 ], [ 17.53748436108733, -8.553211506291062 ], [ 17.524461141314251, -8.552995277668854 ], [ 17.531802958766107, -8.541241457588514 ], [ 17.524675675546941, -8.539579820458846 ], [ 17.522966667946349, -8.525272551066335 ], [ 17.508386689121824, -8.518383631406548 ], [ 17.510394962367393, -8.501288877286731 ], [ 17.476629670272992, -8.437698103069438 ], [ 17.484380494369045, -8.426696375542045 ], [ 17.468131406339804, -8.418458684429334 ], [ 17.488479913992894, -8.420741906093602 ], [ 17.495921624074029, -8.400949866104371 ], [ 17.503420186138907, -8.41371370171983 ], [ 17.50982023038139, -8.41251734958656 ], [ 17.519250831614741, -8.388391863878001 ], [ 17.508191395858042, -8.378866381956099 ], [ 17.522005031529542, -8.377371614647148 ], [ 17.517143110793487, -8.366600930573457 ], [ 17.530814918255189, -8.366664334324062 ], [ 17.528078145958581, -8.356885017708541 ], [ 17.542052604610081, -8.36017627602598 ], [ 17.537667699240167, -8.365414634334703 ], [ 17.547437221378726, -8.370526450619989 ], [ 17.552506678664415, -8.366575063939111 ], [ 17.544929391700137, -8.343662532817101 ], [ 17.533340116275475, -8.334290461253305 ], [ 17.552495567038928, -8.325210058714708 ], [ 17.546976391669222, -8.293486550881083 ], [ 17.523891489922416, -8.288788037455467 ], [ 17.54138682726234, -8.26966217618598 ], [ 17.519439810720794, -8.244352670956504 ], [ 17.528445456214925, -8.233628046014966 ], [ 17.539779352956852, -8.235592339832079 ], [ 17.515436053253364, -8.212251556681474 ], [ 17.529074399785838, -8.190952350587969 ], [ 17.545965731755242, -8.193044815783127 ], [ 17.550526202844097, -8.184017613539543 ], [ 17.531000955351939, -8.178928668440802 ], [ 17.537535235984425, -8.165328882139692 ], [ 17.510308346475068, -8.150473774462577 ], [ 17.504338334668468, -8.162970450543364 ], [ 17.496109832924578, -8.160618891566044 ], [ 17.504724350670386, -8.113291908812018 ], [ 17.514439504601587, -8.111766188276418 ], [ 17.523365128420032, -8.121238909265719 ], [ 17.52202358634154, -8.10267996712423 ], [ 17.529182157452716, -8.100236939001052 ], [ 17.5603332521999, -8.127450943024042 ], [ 17.611318588004554, -8.128493309436161 ], [ 17.685249329015384, -8.101495742551959 ], [ 17.721124648805553, -8.096855164351849 ], [ 17.796823501925196, -8.110906600976323 ], [ 17.825237274402816, -8.091477393884064 ], [ 17.884922027551653, -8.078966140692293 ], [ 17.939872742255325, -8.082389831842788 ], [ 17.981964111276838, -8.112715721270961 ], [ 17.999999999622407, -8.097600937051089 ], [ 18.100360870379983, -8.099057198448426 ], [ 18.103469848723286, -8.087328910706196 ], [ 18.087491988733095, -8.067992209678257 ], [ 18.098197936554339, -8.040184020881439 ], [ 18.135171889739699, -8.034786224310301 ], [ 18.153230666730646, -8.008543968335028 ], [ 18.216976165586374, -7.989454268805011 ], [ 18.261306762865548, -7.993907928313751 ], [ 18.293918610224491, -7.98818397461624 ], [ 18.307661056881042, -7.993837833354847 ], [ 18.299810409791384, -7.999999999705723 ], [ 18.304241179755376, -8.013810158117854 ], [ 18.326366424839424, -8.01278209722153 ], [ 18.354021072383375, -8.026529312083644 ], [ 18.364925384567599, -8.02141952519643 ], [ 18.37565994342043, -8.027325630279117 ], [ 18.398448943932344, -8.013218879952847 ], [ 18.391073227016541, -7.999999999705723 ], [ 18.527324677260815, -7.999999999705723 ], [ 18.535758971767891, -7.960031985793018 ], [ 18.532320022719606, -7.92037582439035 ], [ 18.779506682955827, -7.921578884363592 ], [ 18.783365250274819, -7.957478046080505 ], [ 18.778112410927772, -7.963711261571019 ], [ 18.800197601107183, -7.999999999705723 ], [ 19.374403000366947, -7.999999999705723 ], [ 19.356651305881822, -7.912706852045096 ], [ 19.343103408664142, -7.899361134114594 ], [ 19.355970383295329, -7.879212856093934 ], [ 19.354917526291615, -7.86675310078048 ], [ 19.364385604980416, -7.86125898412037 ], [ 19.361631393442824, -7.81190300042868 ], [ 19.386682509958675, -7.782680988342486 ], [ 19.409292220728158, -7.700865746162814 ], [ 19.397857665567564, -7.650968074722423 ], [ 19.377689362343009, -7.616861820322255 ], [ 19.368631362815947, -7.582894801659338 ], [ 19.381042480095179, -7.568709849885172 ], [ 19.473655700708026, -7.566803932329039 ], [ 19.493869781223427, -7.533022880874688 ], [ 19.485900878680606, -7.50258398083942 ], [ 19.511808395299202, -7.489223957393124 ], [ 19.521907806158367, -7.47387170808628 ], [ 19.55046463019654, -7.4720678326378 ], [ 19.544742583961128, -7.457033157327745 ], [ 19.526279449295192, -7.444638252127037 ], [ 19.532894134714596, -7.431580067239688 ], [ 19.520965575658789, -7.424601078150653 ], [ 19.494424820307188, -7.36797904986665 ], [ 19.50347709744813, -7.355403899843497 ], [ 19.487159728996328, -7.313496113028576 ], [ 19.505050659218526, -7.209093093644784 ], [ 19.495574950681416, -7.177791118738567 ], [ 19.533218384378959, -7.088126182750512 ], [ 19.562788009637622, -7.057445049098257 ], [ 19.547338486060983, -7.030246734647664 ], [ 19.543792725432585, -6.999424933862178 ], [ 20.301710128598227, -6.998033046836186 ], [ 20.316999435254424, -6.913003921742137 ] ] ] } },
{ "type": "Feature", "properties": { "loc": "AO-A1-0013" }, "geometry": { "type": "Polygon", "coordinates": [ [ [ 21.92252141213844, -8.330041524389179 ], [ 21.937261581062018, -8.331409454375175 ], [ 21.919277190594855, -8.356504439820403 ], [ 21.918107985599988, -8.38359165202546 ], [ 21.942861556920246, -8.426528930558034 ], [ 21.959760666226735, -8.496953964046542 ], [ 21.942384720183661, -8.530560493064657 ], [ 21.945072174146496, -8.565264702196599 ], [ 21.922601700013367, -8.599973678634734 ], [ 21.936325072948737, -8.613879203854561 ], [ 21.913627625219689, -8.647439003199745 ], [ 21.916170120159872, -8.672499657025915 ], [ 21.898658752404465, -8.718971252313837 ], [ 21.904457091726304, -8.766574860233925 ], [ 21.868408202781264, -8.868245125004895 ], [ 21.870798110649226, -8.884580612097951 ], [ 21.861555098993524, -8.909537315087382 ], [ 21.86624717687069, -8.926812171936552 ], [ 21.850559234925715, -9.022709845875069 ], [ 21.862081527945065, -9.051537514237276 ], [ 21.843429565215988, -9.068139075965634 ], [ 21.84284400943719, -9.081231116730729 ], [ 21.847835540871241, -9.140793800401662 ], [ 21.860956191768555, -9.172168731909528 ], [ 21.860544205144716, -9.241108893868391 ], [ 21.831821441799804, -9.293929100255808 ], [ 21.828996657763255, -9.323550224271463 ], [ 21.815210342177327, -9.337439537412765 ], [ 21.792890548553689, -9.420432091076206 ], [ 21.8348369603512, -9.464959145256438 ], [ 21.829900741719577, -9.497322082755991 ], [ 21.868167876839806, -9.565718651302793 ], [ 21.875926971146509, -9.653143883291607 ], [ 21.934242249274138, -9.686778069160665 ], [ 21.939802170227729, -9.712574959275036 ], [ 21.965827942299399, -9.730739593665364 ], [ 21.976654053035816, -9.764170646965878 ], [ 21.986371993966092, -9.76609611525158 ], [ 22.003419876319974, -9.751761436249376 ], [ 22.002202988370989, -9.784626960773727 ], [ 22.012361526057322, -9.815752029140926 ], [ 22.02540588386821, -9.835177422208355 ], [ 22.044639587340864, -9.836493491889234 ], [ 22.073268890440723, -9.877661705031718 ], [ 22.095691680720186, -9.885898590255829 ], [ 22.116653442296297, -9.875267982239647 ], [ 22.130174636843769, -9.894232749749646 ], [ 22.152690887368287, -9.891658783034499 ], [ 22.191364287625515, -9.926920891094296 ], [ 22.189342499250664, -9.947367667591825 ], [ 22.208740233668589, -9.986841201868005 ], [ 22.198202132616096, -9.998943329179403 ], [ 22.218664168810065, -10.022098540823047 ], [ 22.212514877153566, -10.036536217380624 ], [ 22.225000380956583, -10.070896148946199 ], [ 22.222671509176539, -10.15871620219905 ], [ 22.235706328777827, -10.183423042047815 ], [ 22.236194611186111, -10.209411620857681 ], [ 22.280138016150275, -10.260805130160714 ], [ 22.282140731703137, -10.301753997756849 ], [ 22.306791306367391, -10.327699660918702 ], [ 22.327953338869211, -10.385121345681606 ], [ 22.322805405438828, -10.420269012313158 ], [ 22.295953750858644, -10.466979026868698 ], [ 22.292695999014889, -10.497542381383843 ], [ 22.277967452929381, -10.508467673852154 ], [ 22.277673720859248, -10.516284942604118 ], [ 22.31514549286393, -10.54002952585004 ], [ 22.316171978147992, -10.6015101855547 ], [ 22.301845592693681, -10.602893063172361 ], [ 22.280563959352939, -10.625089325919715 ], [ 22.266427290380886, -10.628131090285612 ], [ 22.212038715807836, -10.610524257696389 ], [ 22.210436239034959, -10.600695857535817 ], [ 22.19267078312388, -10.592595257373253 ], [ 22.127617942507793, -10.582611203452311 ], [ 22.099791516359168, -10.59224638966724 ], [ 22.085978751711721, -10.58256776799619 ], [ 22.081009800455664, -10.594151455033677 ], [ 22.039665373252149, -10.623455657960315 ], [ 21.953415428373102, -10.614652050559728 ], [ 21.932356048986179, -10.626470924701495 ], [ 21.897722976228096, -10.628347727074031 ], [ 21.863143232368021, -10.610475161007896 ], [ 21.855326758616744, -10.617927343680003 ], [ 21.819097931518083, -10.621187460740758 ], [ 21.795697749944942, -10.64045658401224 ], [ 21.766648511113651, -10.708848801638974 ], [ 21.76482099968311, -10.755544190520064 ], [ 21.754094147120906, -10.755902236706897 ], [ 21.761130101966408, -10.763524373259306 ], [ 21.768405501306543, -10.824804267411073 ], [ 21.741409573886461, -10.830886625225636 ], [ 21.713817344688469, -10.850437082513379 ], [ 21.698814937053434, -10.896360604866087 ], [ 21.693793239660053, -10.892132523205481 ], [ 21.688757064080999, -10.899237232120621 ], [ 21.693370920725119, -10.921181418495754 ], [ 21.679728222373296, -10.932016887577381 ], [ 21.686637776605799, -10.976222053712862 ], [ 21.693953622055773, -10.974821111413183 ], [ 21.693863102593891, -10.982702774321643 ], [ 21.681394024008771, -10.982092612192377 ], [ 21.673695340761068, -11.00227207960082 ], [ 21.668163583876066, -10.999383714394964 ], [ 21.667941595222207, -11.009393625623401 ], [ 21.660268179326714, -11.010890897904671 ], [ 21.666781543527147, -11.02942929863128 ], [ 21.655825565291309, -11.036400327820909 ], [ 21.647463588867311, -11.027287673795142 ], [ 21.653891831336658, -11.053601718152853 ], [ 21.630103247860344, -11.082981154764552 ], [ 21.632191220941799, -11.092116105681763 ], [ 21.653338679030565, -11.09263177784238 ], [ 21.646224744869791, -11.110713795113606 ], [ 21.663404520895657, -11.127712503437307 ], [ 21.650710906776638, -11.141922102031435 ], [ 21.651638739130252, -11.172651015440108 ], [ 21.657729911200185, -11.175003814582466 ], [ 21.626341403526705, -11.183741457610244 ], [ 21.621635523754179, -11.178762099399423 ], [ 21.602907818434769, -11.187491019902721 ], [ 21.601482356119561, -11.198240685567265 ], [ 21.593639535829645, -11.189963713962273 ], [ 21.583672502477746, -11.201521086836733 ], [ 21.562616057578765, -11.196695738425669 ], [ 21.544944549345235, -11.2123392097948 ], [ 21.535728984998403, -11.198730528299331 ], [ 21.527976708452101, -11.206802950903564 ], [ 21.506977263483673, -11.201491011708923 ], [ 21.503484603325518, -11.207133560573427 ], [ 21.506996444224225, -11.193038324267294 ], [ 21.489635077090874, -11.188538233660653 ], [ 21.486548837652464, -11.203036722374874 ], [ 21.45460606611076, -11.203319317240782 ], [ 21.455372282198759, -11.212717900818495 ], [ 21.44118375921682, -11.216393330196054 ], [ 21.432342685160499, -11.238302639063638 ], [ 21.417184823414637, -11.229764982775828 ], [ 21.396567057017801, -11.241894456671867 ], [ 21.387170093119057, -11.235704897870816 ], [ 21.379675745732829, -11.243151943615329 ], [ 21.366172747168299, -11.240211653353219 ], [ 21.355969190319612, -11.257477228299498 ], [ 21.3283597858692, -11.255937636620731 ], [ 21.312919254613671, -11.269534380515337 ], [ 21.305213037745219, -11.264268036049044 ], [ 21.305667325780231, -11.272301278789035 ], [ 21.283477249469218, -11.267136403030667 ], [ 21.276170765961844, -11.280215820012144 ], [ 21.230229246376364, -11.300850894761064 ], [ 21.214134286561848, -11.29747755665195 ], [ 21.204070711887546, -11.305664872144186 ], [ 21.177807029564466, -11.29920273332751 ], [ 21.178639132683585, -11.308742737994995 ], [ 21.187422197769923, -11.308971135217819 ], [ 21.168045505289257, -11.328010941186909 ], [ 21.17903421351528, -11.343251179650663 ], [ 21.1598804895333, -11.33388901492515 ], [ 21.145423083133252, -11.355026296621388 ], [ 21.127257155021439, -11.352792683565097 ], [ 21.102198457793264, -11.41279816914246 ], [ 21.083298447667609, -11.409065811949107 ], [ 21.078049056058745, -11.424373235073185 ], [ 21.049799300679695, -11.413749520043007 ], [ 20.988113430920485, -11.447346518606297 ], [ 20.986616305054362, -11.459001301179553 ], [ 20.994887324200562, -11.464333640172844 ], [ 20.996110087392772, -11.480138624010708 ], [ 21.002112470451095, -11.479522630797648 ], [ 20.990211211165288, -11.487196353542354 ], [ 21.000444624450587, -11.499503165768635 ], [ 20.9958593094834, -11.506888601487889 ], [ 20.958388373848891, -11.489432549285331 ], [ 20.93689281568718, -11.488703121636204 ], [ 20.930989427168534, -11.496527890156175 ], [ 20.899611248820271, -11.490219041456454 ], [ 20.883363972903801, -11.476996161774059 ], [ 20.864812607838168, -11.490510660079215 ], [ 20.839580879476927, -11.47113608416103 ], [ 20.806332810357198, -11.482465528777356 ], [ 20.79961634545171, -11.474687228745642 ], [ 20.795068593720423, -11.480832519042275 ], [ 20.793629880056841, -11.468476556167198 ], [ 20.767325740511389, -11.464732790227542 ], [ 20.754192834094631, -11.446620837410451 ], [ 20.735167360460949, -11.447477198227999 ], [ 20.726304320318611, -11.440357364169499 ], [ 20.721155749371434, -11.451399379138719 ], [ 20.719010671108684, -11.441876613291916 ], [ 20.709062422299773, -11.446681872847956 ], [ 20.694824472095874, -11.418470962962394 ], [ 20.649945506985112, -11.424158970360901 ], [ 20.624768938554716, -11.392711046230334 ], [ 20.607288718979255, -11.394147230361687 ], [ 20.604666599097499, -11.381396045598771 ], [ 20.602598708923914, -11.389763337623796 ], [ 20.598133794938178, -11.382621998831569 ], [ 20.583344736958153, -11.386138759377987 ], [ 20.56073709656161, -11.371494765153459 ], [ 20.553901982346545, -11.375134477846474 ], [ 20.548651597274059, -11.363394926779216 ], [ 20.540420381007429, -11.366991844227195 ], [ 20.542092529464107, -11.356084953896298 ], [ 20.523996482732265, -11.336463917075227 ], [ 20.500905681017834, -11.347221554488188 ], [ 20.499470948183962, -11.33788669781867 ], [ 20.486511733240498, -11.338679168047841 ], [ 20.467330407993778, -11.316800891726034 ], [ 20.462922783416282, -11.319773829302152 ], [ 20.465365677916481, -11.308851916164611 ], [ 20.457840444149156, -11.309266524809184 ], [ 20.444631083582543, -11.285760087566358 ], [ 20.438022097672537, -11.29035644817519 ], [ 20.415780492288604, -11.283398351682342 ], [ 20.412748589167329, -11.274228596153849 ], [ 20.382834098251656, -11.259696270883227 ], [ 20.336395071875124, -11.279332906525466 ], [ 20.322147182364958, -11.259483928511719 ], [ 20.305733509791857, -11.262119283881292 ], [ 20.283790032542903, -11.252320233553862 ], [ 20.280790159742423, -11.237018106907884 ], [ 20.272491757896915, -11.233309386997773 ], [ 20.240392641573912, -11.228781428792681 ], [ 20.237812527417454, -11.236539607569421 ], [ 20.223851603183007, -11.239884381203749 ], [ 20.198631817794421, -11.210645118108134 ], [ 20.180673661753801, -11.212817648758536 ], [ 20.178573173299341, -11.196738749820826 ], [ 20.160343694691818, -11.187550685156614 ], [ 20.130319324451484, -11.20955737978108 ], [ 20.083417418794447, -11.271939640531917 ], [ 20.064450466514749, -11.268751628420196 ], [ 20.055995201662924, -11.276059728852386 ], [ 20.041576721919085, -11.261633478595693 ], [ 20.028838853762565, -11.263503043761217 ], [ 20.025268624976178, -11.250819921352631 ], [ 19.982955681957826, -11.241337920781161 ], [ 19.967527057016454, -11.249105431983844 ], [ 19.958421549218208, -11.267513864484583 ], [ 19.926333784858663, -11.256268089148206 ], [ 19.912391012118924, -11.285917758056621 ], [ 19.916905216650704, -11.28866748477663 ], [ 19.903406645091692, -11.28710022242935 ], [ 19.880728557093796, -11.29994584501072 ], [ 19.860702633828353, -11.283946427667027 ], [ 19.850523488199912, -11.251454085474913 ], [ 19.836082161498148, -11.260233727135175 ], [ 19.811073472927632, -11.246514903063579 ], [ 19.802065643122546, -11.254722746191051 ], [ 19.793630747667557, -11.251207070670747 ], [ 19.779458847760978, -11.259566797969947 ], [ 19.774166091288947, -11.277223770491732 ], [ 19.780285961717503, -11.284222593915208 ], [ 19.74771342633943, -11.286125091353641 ], [ 19.706475435854642, -11.304770593870353 ], [ 19.66736041935615, -11.282510045159158 ], [ 19.637157777912684, -11.249695633786386 ], [ 19.564178736092153, -11.248758723122224 ], [ 19.541403685268222, -11.274680947575058 ], [ 19.524778733586068, -11.314432982588199 ], [ 19.497948050861424, -11.331662693480974 ], [ 19.454734942208418, -11.387261774122029 ], [ 19.427130888322353, -11.386921059301939 ], [ 19.390391283087105, -11.419600221251761 ], [ 19.357807124903026, -11.422982761519465 ], [ 19.325959289057693, -11.405942319618459 ], [ 19.272761451172649, -11.403960883498213 ], [ 19.255651188111145, -11.438002093629743 ], [ 19.246237162046498, -11.43553416000748 ], [ 19.194996525108898, -11.456695898805838 ], [ 19.144026144759962, -11.452604738846764 ], [ 19.128212296941882, -11.408250518384536 ], [ 19.168271426311279, -11.38745629227668 ], [ 19.191345992466502, -11.387698465452326 ], [ 19.16678477281426, -11.338272290528254 ], [ 19.19471808826394, -11.29304768055969 ], [ 19.211751675549849, -11.280505093075513 ], [ 19.218499271559963, -11.254286249230608 ], [ 19.198478792471363, -11.227971425689423 ], [ 19.170125130908744, -11.236010491661267 ], [ 19.146172482293267, -11.209459404618341 ], [ 19.115761682061461, -11.198212980457326 ], [ 19.053529693778515, -11.217075598650853 ], [ 19.006820551720871, -11.146422642467494 ], [ 18.969323564849816, -11.13772525896041 ], [ 18.957934347965022, -11.121892839039718 ], [ 18.932679263699015, -11.11594544058058 ], [ 18.928621860774619, -11.100712725836251 ], [ 18.886535203545307, -11.089334613607496 ], [ 18.864498060429646, -11.073950724668494 ], [ 18.856821567146298, -11.05660529257421 ], [ 18.848152354765624, -11.056589014012777 ], [ 18.844394824976973, -11.044204084661816 ], [ 18.826073193083026, -11.042596920505124 ], [ 18.817803150609436, -11.028745872629711 ], [ 18.782041464197796, -11.009021797084865 ], [ 18.76321646329373, -10.957490326263178 ], [ 18.748994286259091, -10.944597184291874 ], [ 18.751926419790088, -10.937836573796359 ], [ 18.742222680539555, -10.942142758936471 ], [ 18.721053322625458, -10.928000564610111 ], [ 18.704025686910875, -10.900863845389233 ], [ 18.680144545250421, -10.895505326442803 ], [ 18.675777229790569, -10.879633221831645 ], [ 18.6496252553491, -10.866875604591423 ], [ 18.649310331430868, -10.835663790450459 ], [ 18.630618395503795, -10.818436683172076 ], [ 18.626225464833901, -10.800025038241371 ], [ 18.632092914773679, -10.791644474194376 ], [ 18.615432074489391, -10.777563847948249 ], [ 18.613410868927005, -10.764136304168629 ], [ 18.622647376010448, -10.747722258985229 ], [ 18.612818015244059, -10.735908455167356 ], [ 18.615440059840083, -10.719000571703111 ], [ 18.601178518086492, -10.706602929559553 ], [ 18.624026162786755, -10.696503432893559 ], [ 18.631733109685022, -10.681059370087779 ], [ 18.642790333685966, -10.688417287930699 ], [ 18.650224854501296, -10.68442317341202 ], [ 18.640643806840274, -10.676183833085121 ], [ 18.660369204511973, -10.663747806227844 ], [ 18.643914793513972, -10.650899236914816 ], [ 18.652473517261292, -10.633390493056153 ], [ 18.660984485107868, -10.644597320451391 ], [ 18.670942444153127, -10.641011870435749 ], [ 18.668968205876801, -10.628531567842328 ], [ 18.642900468240597, -10.631124986949528 ], [ 18.653030298366247, -10.61469022122529 ], [ 18.66309001466977, -10.614251835777525 ], [ 18.657732628883217, -10.602594976158178 ], [ 18.647226832321451, -10.60717733477882 ], [ 18.646071086001648, -10.591837307824973 ], [ 18.632317327033121, -10.592831513472914 ], [ 18.646325336959002, -10.580399579468983 ], [ 18.64165204652295, -10.56953272656426 ], [ 18.629078273378852, -10.565887451670767 ], [ 18.627104425924479, -10.58896418650083 ], [ 18.618238005297627, -10.582714982201905 ], [ 18.622337228611663, -10.570543696041993 ], [ 18.607989753845366, -10.589192607619383 ], [ 18.602038105192698, -10.574420571684199 ], [ 18.590367824319998, -10.575902862280509 ], [ 18.585730664866418, -10.567989354229704 ], [ 18.593391259399361, -10.562312934002952 ], [ 18.587911295355219, -10.548351999388808 ], [ 18.569247135573264, -10.568754560512753 ], [ 18.57376137242106, -10.549237125412395 ], [ 18.561974076919086, -10.546157957553129 ], [ 18.568479481261058, -10.535997993177185 ], [ 18.551841595921914, -10.540168578587009 ], [ 18.556793917528758, -10.519104322780374 ], [ 18.539098794563813, -10.521615437569368 ], [ 18.531308649515488, -10.510266234104707 ], [ 18.539845669545763, -10.507408377579322 ], [ 18.53454126159324, -10.501454328955765 ], [ 18.525042722252216, -10.510272556447267 ], [ 18.507843448145067, -10.507764014222834 ], [ 18.519198109228618, -10.489969739847075 ], [ 18.502066997249855, -10.496391354969839 ], [ 18.505281026825493, -10.482028157423221 ], [ 18.490841470170061, -10.492113981826071 ], [ 18.480785963391888, -10.485959691908745 ], [ 18.496922133437721, -10.483405242349756 ], [ 18.491831841103945, -10.475237114872074 ], [ 18.504873947606981, -10.468925660035003 ], [ 18.502786794971016, -10.462266631451525 ], [ 18.481780910587098, -10.464617318780936 ], [ 18.479806409322208, -10.44472091175758 ], [ 18.471423130569953, -10.438001541084999 ], [ 18.455983773850804, -10.444722937864595 ], [ 18.46882750470602, -10.414641900817193 ], [ 18.450499138565846, -10.406487209068219 ], [ 18.45559655143294, -10.386063918143021 ], [ 18.470891607389639, -10.378252692844883 ], [ 18.482566518931876, -10.389370226609499 ], [ 18.497767139089483, -10.378988872644493 ], [ 18.497441808346338, -10.367234545963081 ], [ 18.50675321294819, -10.381717787942138 ], [ 18.516135390865784, -10.379237852763859 ], [ 18.519037557082996, -10.371817368560224 ], [ 18.508631482144544, -10.369746759270329 ], [ 18.511253288044038, -10.35461939775916 ], [ 18.497647152117302, -10.350655630655284 ], [ 18.519911280822399, -10.345465596422413 ], [ 18.506894442597499, -10.330251909907298 ], [ 18.533272485546348, -10.333368982205618 ], [ 18.526548253630004, -10.323869565193059 ], [ 18.506772548056993, -10.325113221515162 ], [ 18.51550000584794, -10.310562019644523 ], [ 18.504321147840308, -10.308820278334322 ], [ 18.503788919004371, -10.2955270893523 ], [ 18.493246537004282, -10.316633019905256 ], [ 18.487672878485562, -10.299427035846934 ], [ 18.501772786513193, -10.289572747953782 ], [ 18.502527886753484, -10.275686450519986 ], [ 18.518559110125032, -10.276347961793212 ], [ 18.506128641100084, -10.260998412479841 ], [ 18.52283169100275, -10.24623284639056 ], [ 18.521063017390915, -10.22704142843495 ], [ 18.527528023744999, -10.242712430353743 ], [ 18.536348035823558, -10.236705697396046 ], [ 18.526456589471962, -10.216189162038761 ], [ 18.551282022114712, -10.203069937696144 ], [ 18.531494938308057, -10.184909615961027 ], [ 18.542115074483867, -10.177598837492111 ], [ 18.551737404116508, -10.191500415395863 ], [ 18.56073957565183, -10.190374406920158 ], [ 18.547892799830556, -10.172267858346254 ], [ 18.534362278135674, -10.168495173363526 ], [ 18.568142650419972, -10.167935795521258 ], [ 18.575287259970352, -10.145628648592689 ], [ 18.583450601464691, -10.156654022376147 ], [ 18.595431006816554, -10.155237839416712 ], [ 18.604351745783276, -10.146980795295116 ], [ 18.593623611254095, -10.138553990334534 ], [ 18.60194796860366, -10.123365274509647 ], [ 18.616349255779419, -10.124042252593194 ], [ 18.624296157358344, -10.138859041586349 ], [ 18.632464766042389, -10.138768703819215 ], [ 18.634356409368813, -10.128276270580963 ], [ 18.622661220701175, -10.114528987385333 ], [ 18.655153711137018, -10.10980105596501 ], [ 18.654444446791629, -10.087196116861433 ], [ 18.679751414311419, -10.083702668572473 ], [ 18.682042192921422, -10.068516663860342 ], [ 18.696840488021138, -10.070214258648283 ], [ 18.703655406594422, -10.053949994409153 ], [ 18.692848210135793, -10.044049644074674 ], [ 18.710071613157808, -10.008398054880599 ], [ 18.703458473402179, -10.002433497476707 ], [ 18.705092943461743, -9.986548556864397 ], [ 18.692862533800181, -9.97659900681708 ], [ 18.701829528713709, -9.955814852602943 ], [ 18.680343967235302, -9.940891868834326 ], [ 18.685449868158166, -9.933962027508217 ], [ 18.678935542638264, -9.925040169518043 ], [ 18.692050644104086, -9.927465370322667 ], [ 18.678713409707548, -9.916755686169557 ], [ 18.686333400577837, -9.908706288614125 ], [ 18.673437409010418, -9.902616498543951 ], [ 18.678166134481522, -9.890286547201447 ], [ 18.665048521478411, -9.893971488670919 ], [ 18.670534325180199, -9.869286692535587 ], [ 18.657459968473766, -9.861874294136156 ], [ 18.641242000391856, -9.867762582661102 ], [ 18.65323878653804, -9.857097018306385 ], [ 18.643638108679106, -9.850005803457909 ], [ 18.660235445140394, -9.845393468523836 ], [ 18.662544771774314, -9.837466768932016 ], [ 18.66889893885606, -9.843886094744351 ], [ 18.690578921633794, -9.836262224002615 ], [ 18.70202033326045, -9.863181325656148 ], [ 18.716290492459819, -9.859105722254183 ], [ 18.753937261433329, -9.888750262365479 ], [ 18.766519654669622, -9.87871745858652 ], [ 18.77388881587212, -9.888719467445354 ], [ 18.767093075629582, -9.889245362487712 ], [ 18.765207498152492, -9.899993543589384 ], [ 18.774605939406364, -9.911771107325743 ], [ 18.78826198395025, -9.905001163831853 ], [ 18.788299057529834, -9.913864782347718 ], [ 18.803743741150569, -9.921782979207419 ], [ 18.808565043501702, -9.907340508263088 ], [ 18.834119300282914, -9.904480192027313 ], [ 18.867529173346931, -9.952844592420687 ], [ 18.879222062120604, -9.955534876598074 ], [ 18.869748664053354, -9.970738002587401 ], [ 18.878503355243303, -9.987848708308681 ], [ 18.870103952102824, -9.984349831678477 ], [ 18.867770490828661, -10.000690440706498 ], [ 18.87790123513895, -9.997168438475304 ], [ 18.891952456731786, -10.034447164046393 ], [ 18.903965364307851, -10.04194843247396 ], [ 18.895307129960237, -10.049436211194132 ], [ 18.91553602441185, -10.050353410561078 ], [ 18.921451698462732, -10.068008693048439 ], [ 18.943498107246093, -10.09041605170952 ], [ 18.941992444973721, -10.099810297183135 ], [ 18.953914179526699, -10.094272864872137 ], [ 18.953552870613599, -10.10712118081886 ], [ 18.972657876256882, -10.084928309054467 ], [ 18.979050223629024, -10.088318993572335 ], [ 18.982281299967774, -10.077041848691662 ], [ 18.994252516770338, -10.075677013146636 ], [ 18.994686965162444, -10.06886475954231 ], [ 19.00198682553782, -10.072308261986121 ], [ 19.00440099920182, -10.063160279044562 ], [ 19.034778907526473, -10.06227694426031 ], [ 19.030690773590209, -10.051346204351455 ], [ 19.052457125514444, -10.040677754039043 ], [ 19.07895763706815, -10.034819938601883 ], [ 19.123790275797425, -10.043561278520544 ], [ 19.127446258241676, -10.028076985571902 ], [ 19.179902919909431, -9.978450328741287 ], [ 19.177355717114786, -9.962546477446624 ], [ 19.208168536797565, -9.962823070891838 ], [ 19.221573771663536, -9.937589264066885 ], [ 19.257616538528133, -9.902441907395302 ], [ 19.279844128253387, -9.899669364735578 ], [ 19.321847723139207, -9.860460136388275 ], [ 19.32541165988777, -9.757969732204922 ], [ 19.298949272704213, -9.736100389135652 ], [ 19.283462335962298, -9.700221832339176 ], [ 19.280969296179151, -9.66930986771383 ], [ 19.285966207364069, -9.636460741329037 ], [ 19.311538332760847, -9.608245531623863 ], [ 19.346974172468556, -9.593853855570847 ], [ 19.389549771408099, -9.601170941052009 ], [ 19.427300294589323, -9.591472109596625 ], [ 19.49832390991304, -9.588551995755315 ], [ 19.51722722229885, -9.577005945109343 ], [ 19.528319883003853, -9.603627327004963 ], [ 19.546125517816826, -9.618779627338784 ], [ 19.54200666228143, -9.65489554675664 ], [ 19.562197633975664, -9.666968803912171 ], [ 19.567841012157938, -9.719862406517224 ], [ 19.592991763663914, -9.757507227868581 ], [ 19.627313492928256, -9.844140716513175 ], [ 19.62722948275939, -9.878596708263801 ], [ 19.610392927596454, -9.940046845877562 ], [ 19.650468091234341, -9.922104314354977 ], [ 19.659385799220175, -9.895539355549202 ], [ 19.681155778821058, -9.880814428335563 ], [ 19.813277200487356, -9.893687459001358 ], [ 19.859336515073078, -9.817407253534297 ], [ 19.902187491964085, -9.809659861206002 ], [ 19.905320314485841, -9.803046500487925 ], [ 19.904999131509626, -9.78671137941897 ], [ 19.940119484831342, -9.693213467220088 ], [ 19.934682277270266, -9.574833279024967 ], [ 19.974277001487373, -9.550880606147386 ], [ 20.026804427287459, -9.534587603027825 ], [ 20.048325663403599, -9.500401571567588 ], [ 20.089699436384834, -9.48907012188093 ], [ 20.107380561069021, -9.46847321705763 ], [ 20.233559433525983, -9.440029269627429 ], [ 20.259425542659582, -9.385845238659188 ], [ 20.278616842198449, -9.370268481697389 ], [ 20.301999517568614, -9.365435604162156 ], [ 20.320696776340075, -9.333535770751547 ], [ 20.363370495057254, -9.309920827476562 ], [ 20.365899180907387, -9.290832598338087 ], [ 20.355253118941263, -9.290192357483621 ], [ 20.361953086170903, -9.280406402625699 ], [ 20.361164725176906, -9.249761807853544 ], [ 20.350054095924719, -9.244965378042084 ], [ 20.362231144856402, -9.224452293630817 ], [ 20.344888507003933, -9.223030172296967 ], [ 20.344187543025605, -9.192543432825554 ], [ 20.334419589897124, -9.180441246158969 ], [ 20.353481861903333, -9.140937046799605 ], [ 20.345535977508256, -9.126646410295939 ], [ 20.353256078110427, -9.104280229641196 ], [ 20.348758577551251, -9.088897868334348 ], [ 20.371565520437329, -9.030531650807353 ], [ 20.367909610844848, -9.022901212613258 ], [ 20.398681347271275, -9.00772211337714 ], [ 20.415689218787403, -8.971295185416809 ], [ 20.434066462801947, -8.967503133754976 ], [ 20.439970248533079, -8.95317015447136 ], [ 20.459319428553702, -8.955285455251941 ], [ 20.482968997526196, -8.943650993390998 ], [ 20.59294221441661, -8.993611620971867 ], [ 20.598170880886357, -8.94632452135197 ], [ 20.609192497041029, -8.93567584775449 ], [ 20.669765070806356, -8.924351725743898 ], [ 20.710280879763765, -8.901649652801572 ], [ 20.76342874604471, -8.807478959578644 ], [ 20.790097252790929, -8.707164209652932 ], [ 20.809232774577868, -8.686555423886025 ], [ 20.962349963884641, -8.625970503328398 ], [ 20.994657114639104, -8.62138764541586 ], [ 21.116165076561977, -8.579094566553339 ], [ 21.237047519532304, -8.570438915615833 ], [ 21.267564514895376, -8.575617308184539 ], [ 21.295368823117666, -8.610965171997412 ], [ 21.310283375082673, -8.614555550690431 ], [ 21.343752787166359, -8.642529606848251 ], [ 21.355595554496176, -8.678210535480138 ], [ 21.392393049004976, -8.735921140940276 ], [ 21.40019976960863, -8.713416959317547 ], [ 21.428388356342509, -8.69951688938532 ], [ 21.449332218711881, -8.675353276025236 ], [ 21.461166331865655, -8.649108004623033 ], [ 21.464190972240527, -8.605276988834346 ], [ 21.479003565367183, -8.574829222383032 ], [ 21.606836603131629, -8.448538881656434 ], [ 21.615366522551938, -8.445439208145325 ], [ 21.63245892764234, -8.45521182875523 ], [ 21.632283818848119, -8.473024472993421 ], [ 21.649496662945555, -8.485029149767756 ], [ 21.65325992551006, -8.498541012050401 ], [ 21.765307221855767, -8.484545796543644 ], [ 21.776941419316032, -8.462067220418282 ], [ 21.778987429131469, -8.432410661315318 ], [ 21.813050386571042, -8.367550606567567 ], [ 21.92252141213844, -8.330041524389179 ] ] ] } },
{ "type": "Feature", "properties": { "loc": "AO-A1-0014" }, "geometry": { "type": "Polygon", "coordinates": [ [ [ 16.596826359953987, -7.350064240627466 ], [ 16.615425258973993, -7.356296213254835 ], [ 16.618143891532799, -7.364976081136435 ], [ 16.638186428166613, -7.366419492121127 ], [ 16.651333174691718, -7.398679896115526 ], [ 16.691438935064262, -7.421623321014673 ], [ 16.693922300479258, -7.444591004226689 ], [ 16.719814096049124, -7.47685706046021 ], [ 16.719071247945205, -7.496046168351237 ], [ 16.729455260057691, -7.506560745836991 ], [ 16.724458150128996, -7.528507396354525 ], [ 16.755965530190498, -7.545585338547736 ], [ 16.756654961262907, -7.557129030935231 ], [ 16.764380652950184, -7.560013633377741 ], [ 16.760879951054353, -7.573078579368145 ], [ 16.773283421398233, -7.578609386569171 ], [ 16.773389281495543, -7.604438536264682 ], [ 16.782949201649799, -7.602714828182014 ], [ 16.794258858964639, -7.626208269451299 ], [ 16.810518999058033, -7.632360232094252 ], [ 16.821395968254738, -7.624669540222376 ], [ 16.823355619771441, -7.63761890534346 ], [ 16.832708594231693, -7.627904358454588 ], [ 16.843012706976257, -7.638226560162812 ], [ 16.868989975912108, -7.628828891195619 ], [ 16.898133305413143, -7.630947864807306 ], [ 16.919447388991227, -7.615046314091392 ], [ 16.945949539145388, -7.607758694763215 ], [ 16.938028986853659, -7.598292507348573 ], [ 16.953682076472099, -7.585136094910064 ], [ 16.947188879568564, -7.575361273659068 ], [ 16.957053853358062, -7.564994895453273 ], [ 16.971363668803718, -7.570933648624193 ], [ 16.973316833510488, -7.553087939911732 ], [ 16.980528880109169, -7.559144852308345 ], [ 16.993097208774621, -7.553429994354014 ], [ 16.987168516319429, -7.544085170449458 ], [ 17.00079584345886, -7.533485178953084 ], [ 17.001690230924815, -7.511455267401926 ], [ 17.012177845836352, -7.514732778250336 ], [ 17.01968610123803, -7.491290687370592 ], [ 17.004523572910024, -7.487559456858653 ], [ 17.011335324071375, -7.472585453411154 ], [ 17.020033971595971, -7.47284803476426 ], [ 17.024541897096324, -7.455725165139496 ], [ 17.017202108096274, -7.449755624577628 ], [ 17.028648532509205, -7.445470953976555 ], [ 17.025292909245771, -7.43080258692507 ], [ 17.036284843276306, -7.421898912859751 ], [ 17.048071108899965, -7.425817922714165 ], [ 17.066760157760541, -7.397660174632628 ], [ 17.085712312278822, -7.398392413434399 ], [ 17.089871148839908, -7.380942240047586 ], [ 17.097280138872772, -7.383655014422589 ], [ 17.11374821751166, -7.353173062941712 ], [ 17.110168457114039, -7.422678471289649 ], [ 17.13297080986047, -7.424867153151796 ], [ 17.145069122247669, -7.405516624148115 ], [ 17.160823821767401, -7.425192832738295 ], [ 17.185260773271516, -7.432196617035439 ], [ 17.188087462971513, -7.444585323209344 ], [ 17.159820556978556, -7.454138279013614 ], [ 17.156246185318658, -7.475056170760888 ], [ 17.199882506877628, -7.499419212381989 ], [ 17.205245971829619, -7.512255191878806 ], [ 17.197984695442781, -7.532958508083945 ], [ 17.220554352206996, -7.578090668404839 ], [ 17.237455368076215, -7.595920563438488 ], [ 17.301176070824464, -7.628673077355833 ], [ 17.30628585771159, -7.636915207426101 ], [ 17.299839019957552, -7.679885864368844 ], [ 17.290908813193973, -7.689574241885447 ], [ 17.306411743010308, -7.703274250434037 ], [ 17.317451476906864, -7.700922011569281 ], [ 17.319835663287986, -7.716295242059493 ], [ 17.331123351963917, -7.716927051769732 ], [ 17.321443557576899, -7.758533000924986 ], [ 17.344118117559848, -7.778164863945017 ], [ 17.388412475757953, -7.792406081802975 ], [ 17.386724471659765, -7.820881843649877 ], [ 17.410917282409422, -7.822596072878222 ], [ 17.40295982373965, -7.841691017254396 ], [ 17.431524276726762, -7.842463970163807 ], [ 17.424762725721976, -7.86958694480934 ], [ 17.445508956675759, -7.872694969425057 ], [ 17.455011367883078, -7.883436203046093 ], [ 17.442356109849388, -7.927345753031792 ], [ 17.458108901907021, -7.944020747687089 ], [ 17.471704482978279, -7.944869994582296 ], [ 17.46833038314346, -7.959578037024487 ], [ 17.487863541072368, -7.950984001338282 ], [ 17.492042542232333, -7.99847602767422 ], [ 17.483764647922939, -7.999999999927768 ], [ 17.507539748763179, -8.013200759734987 ], [ 17.53259277274104, -8.043938636686457 ], [ 17.51719856286611, -8.046541214433192 ], [ 17.504734039347181, -8.068838120310732 ], [ 17.50547599802168, -8.082833289952132 ], [ 17.528264999432963, -8.092488289130953 ], [ 17.529182157733114, -8.100236939610786 ], [ 17.522023586622026, -8.102679966834772 ], [ 17.523365128700519, -8.121238908976173 ], [ 17.514439503982704, -8.111766187986872 ], [ 17.504724350051504, -8.113291908522472 ], [ 17.494079992300549, -8.156193089167433 ], [ 17.503198468537295, -8.1636697100168 ], [ 17.5113326907538, -8.150915326908562 ], [ 17.537535235365542, -8.165328882749426 ], [ 17.531000954733056, -8.178928669050537 ], [ 17.550272469301742, -8.182675565752509 ], [ 17.54596573203564, -8.193044815493581 ], [ 17.529074400066236, -8.190952351197792 ], [ 17.515436053533762, -8.212251557291298 ], [ 17.539779353237339, -8.235592339542533 ], [ 17.528445456495412, -8.233628045725419 ], [ 17.519439810101911, -8.244352670666958 ], [ 17.541386827542826, -8.269662176795714 ], [ 17.523891490097299, -8.288788037125686 ], [ 17.546976391755997, -8.293486550547572 ], [ 17.552495566988835, -8.325210059037916 ], [ 17.533340116368379, -8.334290461210939 ], [ 17.544929391798725, -8.343662533140309 ], [ 17.552506678664415, -8.366575063939111 ], [ 17.547437221378726, -8.370526450619989 ], [ 17.537667699240167, -8.365414634334703 ], [ 17.542052604610081, -8.36017627602598 ], [ 17.528078145958581, -8.356885017708541 ], [ 17.530814918255189, -8.366664334324062 ], [ 17.517143110793487, -8.366600930573457 ], [ 17.522005031529542, -8.377371614647148 ], [ 17.508191395858042, -8.378866381956099 ], [ 17.519250831614741, -8.388391863878001 ], [ 17.50982023038139, -8.41251734958656 ], [ 17.503420186138907, -8.41371370171983 ], [ 17.495921624074029, -8.400949866104371 ], [ 17.488479913992894, -8.420741906093602 ], [ 17.468131406339804, -8.418458684429334 ], [ 17.484380494369045, -8.426696375542045 ], [ 17.476629670272992, -8.437698103069438 ], [ 17.510394962367393, -8.501288877286731 ], [ 17.508386689121824, -8.518383631406548 ], [ 17.522966667946349, -8.525272551066335 ], [ 17.524675675546941, -8.539579820458846 ], [ 17.531802958766107, -8.541241457588514 ], [ 17.524461141314251, -8.552995277668854 ], [ 17.53748436108733, -8.553211506291062 ], [ 17.527270372586656, -8.573324046773637 ], [ 17.545460479588026, -8.576218848877174 ], [ 17.52185140235758, -8.585869241464264 ], [ 17.529453858539235, -8.590541946612854 ], [ 17.547127843435906, -8.584045129361298 ], [ 17.537850371941222, -8.593149401910663 ], [ 17.541883092322141, -8.599905090916208 ], [ 17.566162749557535, -8.592409148051209 ], [ 17.564196068358751, -8.607694697775928 ], [ 17.550900064512653, -8.619739984303157 ], [ 17.560700858598111, -8.620880461559613 ], [ 17.554777232279672, -8.625793077180402 ], [ 17.564981174291638, -8.641750986283606 ], [ 17.579874472283308, -8.641902136167415 ], [ 17.565120539996482, -8.6474269687321 ], [ 17.565608038845504, -8.667217531036956 ], [ 17.593153359924063, -8.671703526741018 ], [ 17.589718918690433, -8.678860526697788 ], [ 17.557913446587037, -8.679075173275988 ], [ 17.568744097002575, -8.690356159017712 ], [ 17.5865457588114, -8.687321926897843 ], [ 17.592903749188515, -8.694161186985708 ], [ 17.559031824040439, -8.724784523750953 ], [ 17.564934131471421, -8.738761077280857 ], [ 17.594759988637243, -8.736347551584581 ], [ 17.562374121961799, -8.755758870819955 ], [ 17.583546001139183, -8.765009177529995 ], [ 17.569731031268354, -8.775502624770374 ], [ 17.585316682861674, -8.794636975934692 ], [ 17.566150824875049, -8.805619459127959 ], [ 17.582045129378976, -8.818069964358846 ], [ 17.557482668375535, -8.830345419907962 ], [ 17.578846286567096, -8.837433298151312 ], [ 17.582544686073032, -8.846299798121096 ], [ 17.579883821386222, -8.8558632104523 ], [ 17.565442132681053, -8.85651516781382 ], [ 17.564349819782255, -8.873804445671466 ], [ 17.557387384263112, -8.860438664542839 ], [ 17.540324791426354, -8.869346770112744 ], [ 17.53874185339992, -8.881565535504491 ], [ 17.548732241003329, -8.887174323569417 ], [ 17.539949681524369, -8.893513475528239 ], [ 17.54727254521633, -8.909841783896658 ], [ 17.536773355530677, -8.918454140848967 ], [ 17.544005177854682, -8.919509928276939 ], [ 17.540361027791818, -8.933149508521479 ], [ 17.524399531307999, -8.948380458635855 ], [ 17.535926471352425, -8.949406940675134 ], [ 17.526415529185435, -8.962282903310973 ], [ 17.533204742634734, -8.957664724146289 ], [ 17.543208327608006, -8.964830399698945 ], [ 17.525154997473713, -8.969978080856103 ], [ 17.526305165341771, -8.975546738932364 ], [ 17.542157273257697, -8.973528865665573 ], [ 17.526897107781547, -8.988052172639685 ], [ 17.54134136134704, -8.979713801276349 ], [ 17.548707510197747, -8.99257418285592 ], [ 17.538806239117388, -9.000228533007407 ], [ 17.540198611836022, -9.011472319447625 ], [ 17.550009235959152, -9.005275390407844 ], [ 17.560193365700627, -9.00912321232156 ], [ 17.568466582332043, -9.028557594509104 ], [ 17.55688224170342, -9.034064136521605 ], [ 17.56281203483594, -9.043618109298338 ], [ 17.551973978141788, -9.054695819799777 ], [ 17.569664296891307, -9.057142265446641 ], [ 17.562120570244311, -9.074926477291859 ], [ 17.584903237230609, -9.07981951488234 ], [ 17.567819814748997, -9.093576130131678 ], [ 17.559340494337139, -9.127747858926996 ], [ 17.543367399440335, -9.131606765769687 ], [ 17.550354036781002, -9.146239545438887 ], [ 17.545686051126896, -9.174067620167895 ], [ 17.5344468282157, -9.178067594098374 ], [ 17.54899176404221, -9.194912481363074 ], [ 17.539862429670272, -9.205868476582927 ], [ 17.548946046455871, -9.206893471388847 ], [ 17.556885787751852, -9.225657614804708 ], [ 17.543234151281784, -9.223619706582801 ], [ 17.545177935243839, -9.237852076229794 ], [ 17.522499104039202, -9.236748685756316 ], [ 17.518639884718468, -9.242875149227695 ], [ 17.508113756376531, -9.236457344471974 ], [ 17.506250636394149, -9.245837332867938 ], [ 17.484607647433847, -9.255006457469209 ], [ 17.488071900572422, -9.2457242461817 ], [ 17.470074484158271, -9.24626250934614 ], [ 17.466869636131488, -9.264626927445422 ], [ 17.457503431421983, -9.254757636462477 ], [ 17.457339569262498, -9.262731860408527 ], [ 17.449112500721942, -9.258997703946173 ], [ 17.420772224639158, -9.270518507797801 ], [ 17.400754549107234, -9.26141640004087 ], [ 17.403154493142381, -9.272510785882529 ], [ 17.381392437858612, -9.277884836379316 ], [ 17.371151015369257, -9.29420504092017 ], [ 17.367150530542652, -9.286345140399336 ], [ 17.359329842097004, -9.290928338313412 ], [ 17.351650023397358, -9.283789612407537 ], [ 17.345424574637924, -9.29742504996233 ], [ 17.334995051753488, -9.285728868093971 ], [ 17.32092050282974, -9.299894622320762 ], [ 17.314416530655752, -9.284729857714039 ], [ 17.298151149442553, -9.319562966854958 ], [ 17.304462511889263, -9.338738010803263 ], [ 17.284770812877781, -9.332982693533657 ], [ 17.294095846072199, -9.363511309560804 ], [ 17.301957563342008, -9.364767537726918 ], [ 17.296706877803025, -9.373603445086479 ], [ 17.311260924508964, -9.3783453475942 ], [ 17.294672281856194, -9.384466439978448 ], [ 17.294822024156709, -9.400544080563447 ], [ 17.321521291013653, -9.397145170864688 ], [ 17.34368795232939, -9.411464693951169 ], [ 17.309805122474131, -9.42345292870869 ], [ 17.332452507331642, -9.424175148649697 ], [ 17.32795661586195, -9.434270122234848 ], [ 17.350397081007785, -9.449731284386479 ], [ 17.349741019334086, -9.467634766432878 ], [ 17.339896058429893, -9.459768788687365 ], [ 17.332677131476704, -9.463852960547273 ], [ 17.337939324405838, -9.484033525541383 ], [ 17.366297005183462, -9.469488808008522 ], [ 17.359818016788253, -9.488694883926888 ], [ 17.388418359520852, -9.499134708058113 ], [ 17.378027818648611, -9.514893238979797 ], [ 17.38515562739158, -9.518038270999233 ], [ 17.395573926916175, -9.506315328661922 ], [ 17.399977812200085, -9.514286748450177 ], [ 17.378573364357042, -9.527313315196887 ], [ 17.391970536093115, -9.537153553113301 ], [ 17.382331938306628, -9.554346152214746 ], [ 17.387577811572719, -9.566347806601586 ], [ 17.368071513697103, -9.57823843904159 ], [ 17.369833034398852, -9.602758200046738 ], [ 17.377750093165556, -9.607231170824152 ], [ 17.395294458899535, -9.597809923329473 ], [ 17.411642947481099, -9.624403308031019 ], [ 17.415468209391438, -9.610303704775417 ], [ 17.443705190737813, -9.602981202163422 ], [ 17.436100865814375, -9.61756371802022 ], [ 17.456326794145305, -9.627176432092336 ], [ 17.463709267212568, -9.606488995674637 ], [ 17.460627319242938, -9.63991973703712 ], [ 17.472890949981412, -9.653412918743213 ], [ 17.463634491659885, -9.669271215463452 ], [ 17.45216769172, -9.663317171125355 ], [ 17.448418659126386, -9.668186793024317 ], [ 17.475209103609757, -9.680242272086451 ], [ 17.477748059897102, -9.688856768017887 ], [ 17.498292993824993, -9.664353706985255 ], [ 17.498176543462929, -9.672531047597635 ], [ 17.508364203539273, -9.677580233747976 ], [ 17.499222649238444, -9.699193506856544 ], [ 17.523634207455441, -9.676450674056595 ], [ 17.529691846510076, -9.691951597477791 ], [ 17.540288401607462, -9.67601204500396 ], [ 17.552073074232055, -9.686416822597424 ], [ 17.552483919197837, -9.671686657198789 ], [ 17.567772645376856, -9.685876296190413 ], [ 17.58071590397412, -9.685146269295656 ], [ 17.58119072955413, -9.705521915941221 ], [ 17.570150150246366, -9.713263064490954 ], [ 17.583122433356113, -9.724494151578225 ], [ 17.58121189843358, -9.741533433337116 ], [ 17.601753365912653, -9.741377391801867 ], [ 17.592484547227638, -9.747270525947963 ], [ 17.605617564981291, -9.762486148840269 ], [ 17.59095568738589, -9.755826145127481 ], [ 17.597403472165762, -9.764574151631559 ], [ 17.582909314387862, -9.771393105459639 ], [ 17.592767253447761, -9.775558449959091 ], [ 17.583980449173353, -9.777903750858622 ], [ 17.591618326736302, -9.783731458488157 ], [ 17.586052278011355, -9.790039484432503 ], [ 17.597475112241501, -9.798432937009208 ], [ 17.588294674962146, -9.799452438259296 ], [ 17.594965774426985, -9.803958243634417 ], [ 17.589975791805834, -9.810515139050993 ], [ 17.60232598840874, -9.814977259874139 ], [ 17.596627268803999, -9.820653666420368 ], [ 17.608605965607538, -9.826510621257315 ], [ 17.608808038925616, -9.836002230668109 ], [ 17.61584482683789, -9.821961316140074 ], [ 17.617069510802619, -9.831634820989668 ], [ 17.625132313892333, -9.826382786347457 ], [ 17.629153921284413, -9.834642128677077 ], [ 17.634510529865466, -9.826120024997978 ], [ 17.639707524342541, -9.837724194472278 ], [ 17.651867270812271, -9.834148277195146 ], [ 17.654724661745025, -9.824379870351732 ], [ 17.664191272532559, -9.835190506381478 ], [ 17.679132849119306, -9.836401378102858 ], [ 17.676212888764464, -9.8541441684081 ], [ 17.709230896558381, -9.857361200868878 ], [ 17.710816018106801, -9.848299029444943 ], [ 17.721847957957948, -9.855171301600022 ], [ 17.729641706188914, -9.848463735670046 ], [ 17.733797783497174, -9.857226246450127 ], [ 17.751520547087551, -9.855183704794493 ], [ 17.790058218904914, -9.900174716315894 ], [ 17.800602930558451, -9.901922017130952 ], [ 17.842751495001519, -9.860818114714368 ], [ 17.81677591921591, -9.860150262932935 ], [ 17.820709673490853, -9.819936329096338 ], [ 17.87993054833974, -9.84379819801641 ], [ 17.895960993397253, -9.867578394536705 ], [ 17.912493559715603, -9.86110863997626 ], [ 17.927791702592089, -9.866670560996807 ], [ 17.928692782818256, -9.860335579869664 ], [ 17.961727106944103, -9.851505573141909 ], [ 17.981796341419631, -9.862653901225974 ], [ 17.983017707187887, -9.884913617356942 ], [ 17.995824896608426, -9.904096449095038 ], [ 18.025231275039477, -9.882258962875637 ], [ 18.009901778896964, -9.922381207952272 ], [ 18.016751502240869, -9.924787006489369 ], [ 18.034934098006072, -9.910577825254899 ], [ 18.029578593600259, -9.924924316792675 ], [ 18.042464214197462, -9.917595313480613 ], [ 18.044704817392443, -9.925293302183627 ], [ 18.023652006561441, -9.939655606266632 ], [ 18.037198344470173, -9.948516573649316 ], [ 18.043602534520264, -9.93719714655367 ], [ 18.05974885666739, -9.937429472193108 ], [ 18.045045514449587, -9.941422768633826 ], [ 18.054021914300211, -9.946022492975951 ], [ 18.046442483978264, -9.954442603916261 ], [ 18.061957543454632, -9.94848046450049 ], [ 18.057875899833498, -9.962435951197582 ], [ 18.067251156853814, -9.95501134846212 ], [ 18.066037702252835, -9.968560921883777 ], [ 18.077100411024638, -9.977758729375067 ], [ 18.085490268878601, -9.967369363348558 ], [ 18.070973763156317, -9.936820527202942 ], [ 18.094635848428631, -9.942422643532881 ], [ 18.098456430193011, -9.92802680392432 ], [ 18.110494413520151, -9.925764325553358 ], [ 18.113297028669173, -9.932001139586047 ], [ 18.120663362657474, -9.92155779319083 ], [ 18.145389026873104, -9.918416686374934 ], [ 18.123971075757339, -9.927220420429853 ], [ 18.13269589541413, -9.932199724392069 ], [ 18.123406927589514, -9.935006729471732 ], [ 18.124455905606673, -9.944675788246441 ], [ 18.09418196829693, -9.955205799288494 ], [ 18.10128734313956, -9.964312852194515 ], [ 18.127790538214583, -9.953121483017272 ], [ 18.14690524381728, -9.963506246598422 ], [ 18.172157174119086, -9.955170198835953 ], [ 18.208281738640331, -9.9235136186589 ], [ 18.236509863840844, -9.913500980358117 ], [ 18.251694190538714, -9.881221472803206 ], [ 18.278454584140036, -9.858823646580342 ], [ 18.297241071456583, -9.810886216154616 ], [ 18.337861682472045, -9.785252275245929 ], [ 18.355248998666163, -9.751433366522614 ], [ 18.377609983499887, -9.749694486022667 ], [ 18.396662308020062, -9.729772715016574 ], [ 18.410246738642222, -9.730332961059732 ], [ 18.426261589524096, -9.67527767765001 ], [ 18.439332457556468, -9.694499057132569 ], [ 18.440334042455042, -9.68645724906502 ], [ 18.456110253559821, -9.689650348581461 ], [ 18.457221875455154, -9.70481698763154 ], [ 18.463239648415453, -9.701151420054247 ], [ 18.468536801057311, -9.707990981974627 ], [ 18.465750758420718, -9.715987518585814 ], [ 18.486566710718755, -9.719443698062028 ], [ 18.481229020207479, -9.727213334872223 ], [ 18.495272226476622, -9.722959356876851 ], [ 18.499250322652472, -9.731582273511266 ], [ 18.511045631866452, -9.731840554930363 ], [ 18.496995279978279, -9.735399693296435 ], [ 18.498506951323712, -9.745881754958022 ], [ 18.504123009022599, -9.740385593231663 ], [ 18.508398530456738, -9.746918347251357 ], [ 18.517527268152634, -9.742081457118049 ], [ 18.518627345937055, -9.749721783503832 ], [ 18.530187256631336, -9.745744777582447 ], [ 18.527904979734799, -9.759048054644085 ], [ 18.535265206478257, -9.749739239094582 ], [ 18.53805104159818, -9.760017742371355 ], [ 18.544108528837988, -9.754137061718074 ], [ 18.555356676862544, -9.762872648361279 ], [ 18.561264126503296, -9.754906585403292 ], [ 18.564582023603826, -9.761195266307579 ], [ 18.577181897214068, -9.759166045330639 ], [ 18.571232069681898, -9.76909296525689 ], [ 18.578457103878598, -9.765159782970626 ], [ 18.578979699239895, -9.772299617924643 ], [ 18.588390050284609, -9.770050498090002 ], [ 18.616224509078627, -9.785689668482403 ], [ 18.61855687166063, -9.800903333720138 ], [ 18.644104717659538, -9.799491498946869 ], [ 18.63215969826868, -9.808977661424359 ], [ 18.63714176331861, -9.815689705892764 ], [ 18.626837250402239, -9.817823643111515 ], [ 18.641266312019411, -9.819755227890395 ], [ 18.63596083252741, -9.824301561358221 ], [ 18.64654333400324, -9.835884869361925 ], [ 18.635246809421879, -9.840622367287613 ], [ 18.65295633923072, -9.854980105994363 ], [ 18.641242000391856, -9.867762582661102 ], [ 18.657459968473766, -9.861874294136156 ], [ 18.670534325180199, -9.869286692535587 ], [ 18.665048521478411, -9.893971488670919 ], [ 18.678166134481522, -9.890286547201447 ], [ 18.673437409010418, -9.902616498543951 ], [ 18.686183734919304, -9.906909234974274 ], [ 18.678713409707548, -9.916755686169557 ], [ 18.691998832469281, -9.928622240049259 ], [ 18.679639550918914, -9.924261558126771 ], [ 18.685449868158166, -9.933962027508217 ], [ 18.679940141201357, -9.939547282460973 ], [ 18.700026985418994, -9.950108178535158 ], [ 18.70255281543205, -9.962487583892946 ], [ 18.692862533800181, -9.97659900681708 ], [ 18.705092943461743, -9.986548556864397 ], [ 18.703458473402179, -10.002433497476707 ], [ 18.710071613157808, -10.008398054880599 ], [ 18.692948649108487, -10.041478984809041 ], [ 18.703655406594422, -10.053949994409153 ], [ 18.696840488021138, -10.070214258648283 ], [ 18.682042192921422, -10.068516663860342 ], [ 18.679751414311419, -10.083702668572473 ], [ 18.654444446791629, -10.087196116861433 ], [ 18.655153711137018, -10.10980105596501 ], [ 18.622661220701175, -10.114528987385333 ], [ 18.634356409368813, -10.128276270580963 ], [ 18.632464766042389, -10.138768703819215 ], [ 18.624296157358344, -10.138859041586349 ], [ 18.616349255779419, -10.124042252593194 ], [ 18.60194796860366, -10.123365274509647 ], [ 18.593623611254095, -10.138553990334534 ], [ 18.604351745783276, -10.146980795295116 ], [ 18.595431006816554, -10.155237839416712 ], [ 18.583450601464691, -10.156654022376147 ], [ 18.575287259970352, -10.145628648592689 ], [ 18.568142650419972, -10.167935795521258 ], [ 18.534362278135674, -10.168495173363526 ], [ 18.547892799830556, -10.172267858346254 ], [ 18.56073957565183, -10.190374406920158 ], [ 18.551737404116508, -10.191500415395863 ], [ 18.542115074483867, -10.177598837492111 ], [ 18.531494938308057, -10.184909615961027 ], [ 18.551282022114712, -10.203069937696144 ], [ 18.526456589471962, -10.216189162038761 ], [ 18.536348035823558, -10.236705697396046 ], [ 18.527528023744999, -10.242712430353743 ], [ 18.521063017390915, -10.22704142843495 ], [ 18.52283169100275, -10.24623284639056 ], [ 18.506128641100084, -10.260998412479841 ], [ 18.518559110125032, -10.276347961793212 ], [ 18.502527886753484, -10.275686450519986 ], [ 18.501772786513193, -10.289572747953782 ], [ 18.487672878485562, -10.299427035846934 ], [ 18.490647903157509, -10.316228754928472 ], [ 18.503788919004371, -10.2955270893523 ], [ 18.504321147840308, -10.308820278334322 ], [ 18.51550000584794, -10.310562019644523 ], [ 18.506772548056993, -10.325113221515162 ], [ 18.532241171208952, -10.328176159846839 ], [ 18.527539351962652, -10.337093984112014 ], [ 18.505345927349737, -10.33103975867912 ], [ 18.519911280822399, -10.345465596422413 ], [ 18.497647152117302, -10.350655630655284 ], [ 18.510858270077257, -10.354109711914964 ], [ 18.508631482144544, -10.369746759270329 ], [ 18.51876413767215, -10.37638206492201 ], [ 18.507993257944833, -10.38234672870845 ], [ 18.497441808346338, -10.367234545963081 ], [ 18.497767139089483, -10.378988872644493 ], [ 18.482566518931876, -10.389370226609499 ], [ 18.469722167552227, -10.378136835376731 ], [ 18.45559655143294, -10.386063918143021 ], [ 18.458050795911518, -10.396767736624538 ], [ 18.450294553059976, -10.405589864103751 ], [ 18.46882750470602, -10.414641900817193 ], [ 18.457042153762693, -10.446510553627034 ], [ 18.471423130569953, -10.438001541084999 ], [ 18.479806409322208, -10.44472091175758 ], [ 18.481780910587098, -10.464617318780936 ], [ 18.505094574445025, -10.465453733139777 ], [ 18.491831841103945, -10.475237114872074 ], [ 18.496922133437721, -10.483405242349756 ], [ 18.481655691190646, -10.488263213056795 ], [ 18.490841470170061, -10.492113981826071 ], [ 18.504191016452864, -10.481622303073449 ], [ 18.501283706906868, -10.496014495358322 ], [ 18.512059986421647, -10.497250703057285 ], [ 18.517505667938394, -10.488955848008677 ], [ 18.520996489402997, -10.493997485411436 ], [ 18.507843448145067, -10.507764014222834 ], [ 18.538903963196418, -10.504527744569062 ], [ 18.531308649515488, -10.510266234104707 ], [ 18.539098794563813, -10.521615437569368 ], [ 18.557126587230677, -10.519807298168319 ], [ 18.553301501904329, -10.542914778787763 ], [ 18.569144189084064, -10.537339650021918 ], [ 18.561974076919086, -10.546157957553129 ], [ 18.57376137242106, -10.549237125412395 ], [ 18.569247135573264, -10.568754560512753 ], [ 18.587911295355219, -10.548351999388808 ], [ 18.593391259399361, -10.562312934002952 ], [ 18.585730664866418, -10.567989354229704 ], [ 18.590367824319998, -10.575902862280509 ], [ 18.602038105192698, -10.574420571684199 ], [ 18.607989753845366, -10.589192607619383 ], [ 18.622337228611663, -10.570543696041993 ], [ 18.618238005297627, -10.582714982201905 ], [ 18.627104425924479, -10.58896418650083 ], [ 18.629078273378852, -10.565887451670767 ], [ 18.64165204652295, -10.56953272656426 ], [ 18.646325336959002, -10.580399579468983 ], [ 18.632317327033121, -10.592831513472914 ], [ 18.646071086001648, -10.591837307824973 ], [ 18.647226832321451, -10.60717733477882 ], [ 18.657732628883217, -10.602594976158178 ], [ 18.66309001466977, -10.614251835777525 ], [ 18.653030298366247, -10.61469022122529 ], [ 18.642900468240597, -10.631124986949528 ], [ 18.669370272155916, -10.629017656509335 ], [ 18.669861692111844, -10.642951692241779 ], [ 18.660984485107868, -10.644597320451391 ], [ 18.654416072586955, -10.632918176039277 ], [ 18.645607632074679, -10.640344122763482 ], [ 18.644250932730877, -10.651858927997596 ], [ 18.660369204511973, -10.663747806227844 ], [ 18.640643806840274, -10.676183833085121 ], [ 18.650224854501296, -10.68442317341202 ], [ 18.642790333685966, -10.688417287930699 ], [ 18.631733109685022, -10.681059370087779 ], [ 18.624026162786755, -10.696503432893559 ], [ 18.601062222445996, -10.707619470614086 ], [ 18.615440059840083, -10.719000571703111 ], [ 18.612818015244059, -10.735908455167356 ], [ 18.622657222568684, -10.748546971366016 ], [ 18.613410868927005, -10.764136304168629 ], [ 18.615432074489391, -10.777563847948249 ], [ 18.632092914773679, -10.791644474194376 ], [ 18.626225464833901, -10.800025038241371 ], [ 18.630618395503795, -10.818436683172076 ], [ 18.649310331430868, -10.835663790450459 ], [ 18.6496252553491, -10.866875604591423 ], [ 18.675777229790569, -10.879633221831645 ], [ 18.680144545250421, -10.895505326442803 ], [ 18.704025686910875, -10.900863845389233 ], [ 18.721053322625458, -10.928000564610111 ], [ 18.742222680539555, -10.942142758936471 ], [ 18.751926419790088, -10.937836573796359 ], [ 18.748994286259091, -10.944597184291874 ], [ 18.76321646329373, -10.957490326263178 ], [ 18.781511667174478, -11.007759663832109 ], [ 18.756039525667134, -11.094132049654052 ], [ 18.761127101235076, -11.153715771757581 ], [ 18.798283217847356, -11.180324908504483 ], [ 18.773364833406703, -11.264280461449131 ], [ 18.814729223995563, -11.282243115975513 ], [ 18.83533150267791, -11.316419921880142 ], [ 18.836201358758764, -11.370665696310992 ], [ 18.814661995762094, -11.375488251303404 ], [ 18.806064838623904, -11.394091290990508 ], [ 18.743807060674911, -11.373787931013061 ], [ 18.721241372066721, -11.358514249837418 ], [ 18.643486629274797, -11.376014000765148 ], [ 18.630176810865073, -11.396794837353911 ], [ 18.61841300761462, -11.398035375516683 ], [ 18.595258627930633, -11.420408530910789 ], [ 18.508719988972189, -11.435334218831953 ], [ 18.501318379334464, -11.428651771236146 ], [ 18.491171192139966, -11.439589978750911 ], [ 18.481978095609897, -11.433124996082592 ], [ 18.410342190468576, -11.514408929947853 ], [ 18.394538303034125, -11.563383388881979 ], [ 18.374049313339391, -11.581735680393704 ], [ 18.333652688873414, -11.577674200183067 ], [ 18.323737465673595, -11.566056462712973 ], [ 18.300081144963976, -11.567953318330529 ], [ 18.293571023891353, -11.555249836305462 ], [ 18.245773042527169, -11.573213976033406 ], [ 18.224714126326091, -11.56555003875758 ], [ 18.211041010632911, -11.575285940352545 ], [ 18.207716894854364, -11.588566113337043 ], [ 18.187341458762596, -11.578916978998214 ], [ 18.157097176328563, -11.576925198780211 ], [ 18.149512978285642, -11.583571776720062 ], [ 18.145195638460798, -11.57682248890343 ], [ 18.127697189764191, -11.576721761103018 ], [ 18.095275963869284, -11.607161303190653 ], [ 18.093935671410755, -11.592478787284724 ], [ 18.080562847588233, -11.587277289299594 ], [ 18.082820579600423, -11.57824910199882 ], [ 18.07495506965715, -11.57554442855823 ], [ 18.076833286114358, -11.547931026775752 ], [ 18.065781173729256, -11.539218090420325 ], [ 18.059523931488108, -11.543466778376891 ], [ 18.063415890965828, -11.532969112279959 ], [ 18.055560167729379, -11.536479353919541 ], [ 18.047424657828959, -11.525004373259554 ], [ 18.014173889749863, -11.516985601328914 ], [ 17.937384069390649, -11.525324377891147 ], [ 17.918700580596081, -11.513137503168439 ], [ 17.910001941128151, -11.486440652092936 ], [ 17.922107402190246, -11.466449585305375 ], [ 17.905757764683905, -11.422747126741731 ], [ 17.895007252616768, -11.41959989481173 ], [ 17.885497240007986, -11.393490005711074 ], [ 17.862675916957205, -11.390343364668501 ], [ 17.851880794049446, -11.370751453333364 ], [ 17.836036690064994, -11.364396948960712 ], [ 17.800654281528949, -11.328942678174295 ], [ 17.793038010976048, -11.351194101622278 ], [ 17.800394488716353, -11.350618469025312 ], [ 17.799652221435114, -11.36245955731671 ], [ 17.80719137526976, -11.366175552208682 ], [ 17.804114009480543, -11.389871093433404 ], [ 17.823066443577229, -11.411500360587793 ], [ 17.830195210390976, -11.442776815809511 ], [ 17.813536449402712, -11.467567610207011 ], [ 17.816414381669077, -11.519614986154783 ], [ 17.800172231783051, -11.559930730325055 ], [ 17.767507911539848, -11.588233217425318 ], [ 17.718374706860729, -11.605361363129122 ], [ 17.705219745489398, -11.602907698726531 ], [ 17.687730171750626, -11.661868607377249 ], [ 17.675459375561964, -11.674883084159108 ], [ 17.660085158070959, -11.673977215203793 ], [ 17.647934839247004, -11.725318722193615 ], [ 17.626119252630712, -11.721239548634236 ], [ 17.612310694274136, -11.739719048051237 ], [ 17.586184064089849, -11.73093435327838 ], [ 17.569149978592602, -11.705720444356663 ], [ 17.527206813171947, -11.7079412041767 ], [ 17.507327638919268, -11.694330183142002 ], [ 17.516704925006632, -11.678827913195159 ], [ 17.533951099533329, -11.672565050847941 ], [ 17.534874224940911, -11.639229976647739 ], [ 17.51375978687344, -11.62392385621486 ], [ 17.511352303940253, -11.604616273926785 ], [ 17.488719213415571, -11.596426912771088 ], [ 17.47770260435404, -11.564969746562218 ], [ 17.484759501012359, -11.531580992258542 ], [ 17.497098873745109, -11.525363849013251 ], [ 17.498656252635669, -11.514051619358648 ], [ 17.530533568015461, -11.517329073351382 ], [ 17.547220385641538, -11.506027050819393 ], [ 17.538486784143359, -11.480166446610843 ], [ 17.526393693587483, -11.481337346388779 ], [ 17.515524112777658, -11.498628100621358 ], [ 17.493803592497059, -11.486663239871989 ], [ 17.50727851994851, -11.478730889080483 ], [ 17.494728101499923, -11.468889761129889 ], [ 17.52071900860992, -11.434486154358551 ], [ 17.530043982552002, -11.381252272212064 ], [ 17.498612423922477, -11.352953861972251 ], [ 17.484261497459208, -11.325644696888807 ], [ 17.462710322796315, -11.331652396510409 ], [ 17.459419406649879, -11.317324763944439 ], [ 17.469342594758963, -11.283628008109284 ], [ 17.456237367225036, -11.271187929517238 ], [ 17.464957518189017, -11.267766930182757 ], [ 17.462587644071004, -11.253651475842 ], [ 17.448595212519891, -11.241641047608978 ], [ 17.423052663659622, -11.248865018600776 ], [ 17.388366033461988, -11.230039294128838 ], [ 17.409139801530937, -11.211823460911821 ], [ 17.410007062959831, -11.191511839239846 ], [ 17.449084051576325, -11.177351154239515 ], [ 17.454955056077548, -11.108248571575588 ], [ 17.433940195123387, -11.074739155468786 ], [ 17.414817394914373, -11.062668915442023 ], [ 17.423289638852957, -11.048329166680452 ], [ 17.418948894209407, -11.036692753513725 ], [ 17.398695834087619, -11.030936927285909 ], [ 17.386985117176668, -11.015229111203309 ], [ 17.391261437474448, -11.006872656638725 ], [ 17.374793037051361, -10.972084839419308 ], [ 17.37948872374897, -10.95033070237165 ], [ 17.370715268743098, -10.9310221931232 ], [ 17.333614495034233, -10.906923550185669 ], [ 17.314247637753688, -10.903884268408929 ], [ 17.299886172293188, -10.875771102049706 ], [ 17.281782120164824, -10.865501847355722 ], [ 17.230705676376257, -10.879793001911301 ], [ 17.161497510109225, -10.853234828870276 ], [ 17.154013909442245, -10.8463288538348 ], [ 17.157727461410577, -10.822891270167082 ], [ 17.14699163603175, -10.811780546226638 ], [ 17.107324405256019, -10.811598522046731 ], [ 17.089863339737033, -10.825309528724661 ], [ 17.097288794297594, -10.834689081874208 ], [ 17.087504571175582, -10.846786962143865 ], [ 17.053881036689145, -10.826851863768075 ], [ 17.051530266994419, -10.810088123515952 ], [ 16.931739333009332, -10.769689602234026 ], [ 16.873377495343345, -10.7673159636034 ], [ 16.862871118355294, -10.781038372006138 ], [ 16.830937945807012, -10.776480554290005 ], [ 16.818967796526696, -10.787868864183784 ], [ 16.807257820417121, -10.776879763951067 ], [ 16.778705117192239, -10.776589673920403 ], [ 16.760168639998518, -10.745212834389731 ], [ 16.715671609100458, -10.705001580580712 ], [ 16.670052467820184, -10.698028694968334 ], [ 16.657130795972552, -10.680338819326943 ], [ 16.660550589228151, -10.656056861746213 ], [ 16.6246355814617, -10.654618935129859 ], [ 16.613422399925426, -10.635811831682732 ], [ 16.614954948390004, -10.614597006884422 ], [ 16.641654801317163, -10.602814541521136 ], [ 16.643356207985782, -10.588949751909174 ], [ 16.600605865575524, -10.573882466240706 ], [ 16.581535081640197, -10.534556376311746 ], [ 16.560377233612478, -10.523602174851613 ], [ 16.538247790380911, -10.488710929996406 ], [ 16.498025870612132, -10.448958612557361 ], [ 16.443052109566469, -10.428783851715787 ], [ 16.431437266708304, -10.403918859843545 ], [ 16.445001494316269, -10.366775078851967 ], [ 16.442353834367296, -10.348180405861177 ], [ 16.425610417359504, -10.336154081899243 ], [ 16.394388565757367, -10.288471982878514 ], [ 16.356793662123348, -10.284337662262525 ], [ 16.34176895069368, -10.273339888380631 ], [ 16.327048979741487, -10.193114729648626 ], [ 16.348795697496055, -10.163748239033202 ], [ 16.380251315793881, -10.148458210611425 ], [ 16.37694979353892, -10.113404480212354 ], [ 16.354881004989963, -10.048760104026636 ], [ 16.358653242325172, -10.008796997832695 ], [ 16.320882957885807, -9.969261079249017 ], [ 16.304182927576782, -9.961779440237942 ], [ 16.317499257492951, -9.894517381633664 ], [ 16.23437476286389, -9.862625677352957 ], [ 16.223280968732201, -9.825513809551159 ], [ 16.224020149587215, -9.794540004887212 ], [ 16.188059689114986, -9.754131395250424 ], [ 16.15311204561376, -9.738765397495511 ], [ 16.12606358107378, -9.750698019446583 ], [ 16.097628955389709, -9.740574985487674 ], [ 16.082487880257545, -9.743811701548447 ], [ 16.061909907950955, -9.728715240258504 ], [ 16.041424974314289, -9.743093579236609 ], [ 16.018184121848122, -9.714467816505371 ], [ 15.976722994487158, -9.733719475524408 ], [ 15.96505398458099, -9.713060044262148 ], [ 15.957707809411747, -9.712950533710766 ], [ 15.925855869951899, -9.745508959835073 ], [ 15.893804565471203, -9.730172299790288 ], [ 15.860167625292032, -9.734943864457227 ], [ 15.814791081946389, -9.713971283172343 ], [ 15.796235846159057, -9.721565022978732 ], [ 15.794677783907929, -9.751501103668817 ], [ 15.777573868269901, -9.75895896872793 ], [ 15.769751541776067, -9.780581318787688 ], [ 15.731433182843713, -9.778193065880428 ], [ 15.706128302701572, -9.78696657798365 ], [ 15.677456162923331, -9.785983740289842 ], [ 15.659500115116387, -9.796235905477927 ], [ 15.628697583216233, -9.779309540135253 ], [ 15.596869849087014, -9.774421090544264 ], [ 15.590577712321618, -9.777816039232304 ], [ 15.590869112696648, -9.794214759814027 ], [ 15.577494383773605, -9.799769260947913 ], [ 15.554587647412532, -9.794601330790767 ], [ 15.546040309790143, -9.783552131613297 ], [ 15.52294445135507, -9.782351980267437 ], [ 15.500794872056201, -9.799630784521499 ], [ 15.445277285422687, -9.792028989878135 ], [ 15.337179584436988, -9.820657844881945 ], [ 15.323381691659943, -9.80173345492569 ], [ 15.297085339032446, -9.818092238108514 ], [ 15.288278885868412, -9.802090483337858 ], [ 15.265303828867705, -9.789093446434341 ], [ 15.246153171331223, -9.799650654019546 ], [ 15.203501137188979, -9.794082098641402 ], [ 15.18537959060744, -9.771444887534356 ], [ 15.15624905461106, -9.770157918595737 ], [ 15.100993720464562, -9.72514369106762 ], [ 15.160167690099069, -9.732800480843609 ], [ 15.141914508126764, -9.694216306301021 ], [ 15.160672727240332, -9.691344525124515 ], [ 15.161520357648506, -9.68073613376467 ], [ 15.142080048711826, -9.619699771871174 ], [ 15.086915626873498, -9.569476107193045 ], [ 15.124610573696007, -9.549615137675685 ], [ 15.138828626134693, -9.525920511377853 ], [ 15.134562807810958, -9.514728351061633 ], [ 15.149371000474865, -9.496239487692529 ], [ 15.167989154730677, -9.497402490417853 ], [ 15.180033574118568, -9.463424513626487 ], [ 15.160290018364542, -9.434408131693909 ], [ 15.107977707731024, -9.406052811185154 ], [ 15.100109244902704, -9.392453211876242 ], [ 15.145384254459948, -9.368617881964317 ], [ 15.19309297100202, -9.372825354162254 ], [ 15.285546806242589, -9.359616664348694 ], [ 15.39202870532117, -9.358278466077921 ], [ 15.395550876261055, -9.343826855316154 ], [ 15.420110017040756, -9.333255774882391 ], [ 15.436101569602112, -9.336490504116371 ], [ 15.450501856430598, -9.324953504140657 ], [ 15.467821592250619, -9.292391516430568 ], [ 15.441396668353313, -9.221878729898828 ], [ 15.456602909444772, -9.178451535469248 ], [ 15.490972507791501, -9.167863600741702 ], [ 15.519550273359783, -9.184028450587137 ], [ 15.553265606176137, -9.174932422971574 ], [ 15.580911017922094, -9.179704894131527 ], [ 15.610829922046143, -9.17314774203574 ], [ 15.623840474391226, -9.16043528804297 ], [ 15.621581663614492, -9.141891860288146 ], [ 15.637793501603081, -9.125854505966183 ], [ 15.645414237955091, -9.103193866837481 ], [ 15.641632080328272, -9.075151813748908 ], [ 15.625829332173602, -9.061447645197488 ], [ 15.62596929860911, -9.028777944071345 ], [ 15.655977523707065, -9.006598942082059 ], [ 15.677433033423593, -8.96302278457434 ], [ 15.675350194980542, -8.898208507371189 ], [ 15.689944513640075, -8.863755298758017 ], [ 15.713906529747845, -8.836572719760808 ], [ 15.662235552357551, -8.810245474449788 ], [ 15.683282759135331, -8.76374156922323 ], [ 15.709764880151234, -8.757575395537001 ], [ 15.719635265841614, -8.685384658816778 ], [ 15.695326285714817, -8.696753496295587 ], [ 15.662672182590942, -8.68717996333738 ], [ 15.634817407447166, -8.652604906152087 ], [ 15.612055973125116, -8.650884817207386 ], [ 15.59108113210792, -8.620460137870959 ], [ 15.614787795176888, -8.601224258594412 ], [ 15.617305995813968, -8.581435825931708 ], [ 15.635397377198323, -8.569041235880063 ], [ 15.640042370422425, -8.535184394119858 ], [ 15.656210314448593, -8.526287033432626 ], [ 15.647203853443603, -8.499793009974136 ], [ 15.651224757130322, -8.485257253600912 ], [ 15.671632219213194, -8.471662243882486 ], [ 15.70337807199893, -8.471453441961488 ], [ 15.749207093957196, -8.446083060400303 ], [ 15.784786796983408, -8.444178210948353 ], [ 15.801947691839136, -8.423854367347841 ], [ 15.830684217158542, -8.407176036828249 ], [ 15.827434631334381, -8.395661985380501 ], [ 15.814437317696139, -8.398288916576094 ], [ 15.801805745007869, -8.379656965051799 ], [ 15.804832669405044, -8.357985251126424 ], [ 15.814915782790973, -8.357607777159496 ], [ 15.810802725410955, -8.348848051081573 ], [ 15.793860679364702, -8.349137245602526 ], [ 15.804901005136163, -8.341366341142079 ], [ 15.796113942288148, -8.324357434278232 ], [ 15.802032492312357, -8.31516950475836 ], [ 15.797510283719163, -8.306155488113701 ], [ 15.806197025522728, -8.299306954487543 ], [ 15.785631708417736, -8.278039132875451 ], [ 15.79311123069731, -8.256256674740717 ], [ 15.785619464622247, -8.245973820794786 ], [ 15.792929783344434, -8.244683044318682 ], [ 15.791102096605591, -8.227525002820949 ], [ 15.816137724940127, -8.236540379670179 ], [ 15.855552404735374, -8.233583459539121 ], [ 15.906241685720879, -8.256742108621898 ], [ 15.921405053622273, -8.244503112745486 ], [ 15.926914895706901, -8.225614292858522 ], [ 15.954523646248919, -8.204775239027354 ], [ 15.958565030148719, -8.187299926138417 ], [ 15.986886475663464, -8.170254283411685 ], [ 16.023727794891141, -8.16522687853857 ], [ 16.039888335833563, -8.141428496207196 ], [ 16.103089246178559, -8.143214326144635 ], [ 16.097385087257443, -8.107269148707511 ], [ 16.126924467395654, -8.043132455553584 ], [ 16.112785339677149, -8.00666797280393 ], [ 16.099475637795901, -7.993567267970262 ], [ 16.093355555220157, -7.91282112005384 ], [ 16.077436040546278, -7.895063766135172 ], [ 16.06779169383703, -7.862684307190252 ], [ 16.07727721937362, -7.840305248243832 ], [ 16.061766634527963, -7.830248031776469 ], [ 16.051878210916115, -7.805674626138318 ], [ 16.053250869537461, -7.779043780301423 ], [ 16.045354151078683, -7.756395259289009 ], [ 16.03521577799123, -7.750084838799479 ], [ 16.048035317881038, -7.696649898129563 ], [ 16.040221937797661, -7.666477692946364 ], [ 16.026041654404288, -7.649386767240754 ], [ 16.026401545100644, -7.633894254271626 ], [ 16.039417604843997, -7.62109371795591 ], [ 16.060606982131986, -7.624110944319865 ], [ 16.071297949945862, -7.614433390144063 ], [ 16.146350071803806, -7.614488838744174 ], [ 16.164377701675026, -7.62240898364294 ], [ 16.202362379525592, -7.617999420592062 ], [ 16.230323000711344, -7.577635367733274 ], [ 16.251230590724663, -7.569706799784251 ], [ 16.255167576228136, -7.559055032518961 ], [ 16.277793913663618, -7.562701135004582 ], [ 16.302833829123387, -7.527588434913538 ], [ 16.336664681435309, -7.514569929014284 ], [ 16.335196236922211, -7.48834518643641 ], [ 16.34497934902317, -7.476932972234144 ], [ 16.348230552003784, -7.453762243687803 ], [ 16.386437649283536, -7.415637248215626 ], [ 16.423999398458911, -7.41022340144403 ], [ 16.478731724494899, -7.380847965016782 ], [ 16.505802018653704, -7.382192631340137 ], [ 16.556651341891371, -7.354637905670073 ], [ 16.58014391801288, -7.357063521119814 ], [ 16.596826359953987, -7.350064240627466 ] ] ] } },
{ "type": "Feature", "properties": { "loc": "AO-A1-0015" }, "geometry": { "type": "Polygon", "coordinates": [ [ [ 22.098038476227, -10.591916058758036 ], [ 22.127617942746181, -10.582611203423268 ], [ 22.192670783362267, -10.592595257344209 ], [ 22.210436238373976, -10.600695857506773 ], [ 22.212038716046223, -10.610524257667345 ], [ 22.266427290619273, -10.628131090256568 ], [ 22.280563958692046, -10.625089325890583 ], [ 22.301845592932068, -10.602893063143318 ], [ 22.316171978386379, -10.601510185525568 ], [ 22.314096451022714, -10.676177025228442 ], [ 22.324222564551999, -10.69005394031605 ], [ 22.334302901689895, -10.740730286152692 ], [ 22.327779769952727, -10.772420883296055 ], [ 22.301568984853049, -10.792233466879933 ], [ 22.266641617049299, -10.79564380579591 ], [ 22.231603621841955, -10.812619209088195 ], [ 22.180788040268151, -10.85200500460625 ], [ 22.1743164064093, -10.874724387699311 ], [ 22.181962966749769, -10.907447814843755 ], [ 22.206096648873519, -10.945134163289941 ], [ 22.206832886061179, -10.998044014098932 ], [ 22.220035553330408, -11.035411835266965 ], [ 22.220876693736713, -11.104424477186795 ], [ 22.263717651280857, -11.165947914043942 ], [ 22.270009995397277, -11.195210456776087 ], [ 22.259038924738839, -11.227099419181799 ], [ 22.278205872095214, -11.249560356418057 ], [ 22.299690246799297, -11.243974686075623 ], [ 22.334463120068815, -11.207203864559437 ], [ 22.351242064661392, -11.176506041613324 ], [ 22.436996459710734, -11.174831389749565 ], [ 22.494930266984259, -11.120492934736751 ], [ 22.49788475034693, -11.097971916006669 ], [ 22.489007949823048, -11.068467139982078 ], [ 22.497512816829079, -11.05150508892431 ], [ 22.562166213665868, -11.030553817939884 ], [ 22.585416793915947, -11.03599929836451 ], [ 22.653579712299887, -11.082675933682987 ], [ 22.723285674859994, -11.11002254543966 ], [ 22.793392181070349, -11.111364365408663 ], [ 22.810794829783543, -11.08317375160294 ], [ 22.833168029646878, -11.081002235100593 ], [ 22.867280959714531, -11.061874389926688 ], [ 22.958616256900743, -11.098254204203753 ], [ 23.014276505222586, -11.100152015638601 ], [ 23.08403778058512, -11.123959540635889 ], [ 23.15220260643116, -11.093228340251274 ], [ 23.203172684337936, -11.102197646839477 ], [ 23.288951873696018, -11.031026839752448 ], [ 23.435527801832556, -10.938203812091777 ], [ 23.505569457930164, -10.946265220698917 ], [ 23.540447235317696, -10.959489822432881 ], [ 23.585275649617543, -10.99321079287933 ], [ 23.629056931098535, -10.990579605000375 ], [ 23.67208290077123, -11.008182526438018 ], [ 23.707941055201509, -11.007816315306288 ], [ 23.745468140008708, -10.99227046984185 ], [ 23.815473557025069, -11.027855873385453 ], [ 23.85203361522521, -11.027704238695227 ], [ 23.872312545853358, -11.017395019600032 ], [ 23.889600754037588, -10.988217353983268 ], [ 23.944606780644406, -10.954966544605918 ], [ 23.960464477719512, -10.938433647330529 ], [ 23.979619979744271, -10.896834372943479 ], [ 23.995695114004345, -10.891574859727596 ], [ 23.986574172725916, -10.913406371842141 ], [ 24.015634537070252, -10.938980103284704 ], [ 24.015136719150298, -10.960600852982575 ], [ 24.025600432779726, -10.969356537309919 ], [ 24.011512756174813, -11.049610138232838 ], [ 24.018665314418719, -11.095623969606075 ], [ 24.005586624089403, -11.121365546918019 ], [ 24.031650542704419, -11.138195037906199 ], [ 24.035127640094522, -11.149701117947833 ], [ 24.037050246737479, -11.275527954387124 ], [ 24.060308455936497, -11.313742638347671 ], [ 24.082118987767043, -11.39773082695165 ], [ 24.070899963228776, -11.418417931078176 ], [ 24.046403884897405, -11.427588462772912 ], [ 24.030984878915085, -11.444817543230604 ], [ 24.026517868071195, -11.469655036586227 ], [ 24.03647232080699, -11.523955345398443 ], [ 24.003490448291576, -11.583944321209009 ], [ 23.990804671764199, -11.636832236653985 ], [ 23.971170424641386, -11.655662536632297 ], [ 23.995359421366214, -11.710911750712297 ], [ 23.998104094694206, -11.747950554010403 ], [ 24.024614334250138, -11.822519301959804 ], [ 24.002624511777793, -11.847332001006599 ], [ 23.989923477352626, -11.902289391377845 ], [ 23.983049393280886, -12.111375809081853 ], [ 23.985788345122039, -12.154165267848398 ], [ 24.014225006245038, -12.21562767041619 ], [ 24.068656920946196, -12.265387535142185 ], [ 24.064197539950527, -12.275963782737936 ], [ 24.073287963634638, -12.303577422995254 ], [ 24.05336952175201, -12.327475548393412 ], [ 24.07417297386969, -12.343373298574416 ], [ 24.078124999634998, -12.366378783889303 ], [ 24.07268142667256, -12.41536617324585 ], [ 24.026287078651798, -12.449576377583298 ], [ 24.012430190566825, -12.480607985705532 ], [ 23.99579429573615, -12.489550591422265 ], [ 23.991317749380681, -12.506796837239847 ], [ 23.971403122422164, -12.514584540779488 ], [ 23.955663680800221, -12.545840262653545 ], [ 23.960239409786954, -12.609330176881766 ], [ 23.930400847686961, -12.661030768690622 ], [ 23.933135986402654, -12.704046248671002 ], [ 23.913127899199171, -12.753459930167182 ], [ 23.903602600245843, -12.833711623628091 ], [ 23.904987334963579, -12.845444679064293 ], [ 23.925823212137587, -12.861351013274252 ], [ 23.930955886770811, -12.874930382266896 ], [ 23.977340698380534, -12.898236275319402 ], [ 24.025339126665379, -12.946608542785548 ], [ 24.040287018297235, -12.99055576267391 ], [ 21.999898910772142, -13.004716873420524 ], [ 21.999666981953148, -16.196504434510366 ], [ 21.963646263371839, -16.175147465861144 ], [ 21.945655741326942, -16.177693248722729 ], [ 21.920944225003502, -16.161640114577896 ], [ 21.908558707825598, -16.165404515684195 ], [ 21.911467506527682, -16.159994287784468 ], [ 21.892704393100804, -16.138548797067614 ], [ 21.894733853592019, -16.107811691734469 ], [ 21.884584994409462, -16.083028923024727 ], [ 21.841954592438029, -16.056234619110715 ], [ 21.821963827975832, -16.03341061788403 ], [ 21.810373712584319, -15.9868457215311 ], [ 21.797977783955069, -15.966895301555233 ], [ 21.785355580503118, -15.964916727403338 ], [ 21.779614090025756, -15.942070994958762 ], [ 21.758437287058641, -15.940765157764119 ], [ 21.752126007716566, -15.933523829239665 ], [ 21.735463720481807, -15.943613189275545 ], [ 21.726365502373568, -15.942177687828323 ], [ 21.727424601571599, -15.933185743505589 ], [ 21.71489001996596, -15.936918744782574 ], [ 21.702308161899708, -15.904714863178675 ], [ 21.709760436302616, -15.886615080699745 ], [ 21.694926005837978, -15.863539953684185 ], [ 21.683946761241568, -15.871524005306952 ], [ 21.674620948105794, -15.856779273223214 ], [ 21.656349014702769, -15.849801581855843 ], [ 21.624277787597368, -15.859538181020543 ], [ 21.580806462855495, -15.828172514328347 ], [ 21.572148935932134, -15.811171978582255 ], [ 21.580111024311854, -15.793431879955627 ], [ 21.5662108680446, -15.782904809987269 ], [ 21.573006732682121, -15.777999298706973 ], [ 21.567335186976777, -15.777444586077099 ], [ 21.557903651339938, -15.736306910313996 ], [ 21.55127738894782, -15.723135015147143 ], [ 21.523810568410529, -15.708892952825842 ], [ 21.532114034942307, -15.694835372033083 ], [ 21.519769665345301, -15.675701762204913 ], [ 21.525518166937374, -15.653415551964461 ], [ 21.510490548607475, -15.64815350355963 ], [ 21.507120606338415, -15.634827127348377 ], [ 21.492801954154395, -15.638047995297082 ], [ 21.4748350707894, -15.603159256972415 ], [ 21.460535898820154, -15.593009636963522 ], [ 21.443071015222692, -15.59583314396275 ], [ 21.418397172399128, -15.582642848666833 ], [ 21.410984442085823, -15.57611495052284 ], [ 21.409374705985407, -15.554590441773779 ], [ 21.398045851742165, -15.551092709439256 ], [ 21.405509273241918, -15.535354311930288 ], [ 21.398695548068591, -15.522635103105802 ], [ 21.411388574030976, -15.515982798145938 ], [ 21.416607584479941, -15.482677344162415 ], [ 21.40275690711313, -15.47244618172418 ], [ 21.405652035220779, -15.456623907145921 ], [ 21.391660896340792, -15.455996450154402 ], [ 21.383887981252858, -15.428642954986731 ], [ 21.364382028715134, -15.412972651445028 ], [ 21.339712965788227, -15.43118023026177 ], [ 21.328038080300704, -15.401614339008834 ], [ 21.296902948519758, -15.395390966598182 ], [ 21.246905724826881, -15.355475065700002 ], [ 21.252255389681984, -15.329067274213653 ], [ 21.229910414141795, -15.314802425769674 ], [ 21.238305750917164, -15.287519330431081 ], [ 21.228517389473467, -15.263601330915016 ], [ 21.204027973319839, -15.246351372696026 ], [ 21.163830072007705, -15.254879726396602 ], [ 21.150778060066955, -15.249646662241972 ], [ 21.142652158377917, -15.235097797103919 ], [ 21.143902848245411, -15.198467051291658 ], [ 21.129100709737436, -15.199662520986895 ], [ 21.119226851545481, -15.217562458818772 ], [ 21.098573911764174, -15.222199169934097 ], [ 21.070332935024449, -15.182900391917869 ], [ 21.068429244721365, -15.164529853248403 ], [ 21.0574640331461, -15.151024208878432 ], [ 21.039978777206336, -15.145900845825693 ], [ 21.033423014468067, -15.120053477664158 ], [ 21.00855849558565, -15.11062449340394 ], [ 21.002087854578377, -15.083130533125882 ], [ 20.981575520201634, -15.081425034516077 ], [ 20.962544976277186, -15.057836846071886 ], [ 20.93957665004984, -15.050731155996349 ], [ 20.937619824203058, -15.022073142939501 ], [ 20.921622590117916, -15.031330402554371 ], [ 20.913406443260296, -15.025777880323215 ], [ 20.911796854648657, -15.036373454349732 ], [ 20.881621600763811, -15.035695188360581 ], [ 20.838344722184132, -14.988666085693108 ], [ 20.825919400404658, -15.010865777165943 ], [ 20.769616209328134, -15.011301795372017 ], [ 20.722705682040754, -14.984335601693449 ], [ 20.694766436440126, -14.988925486332477 ], [ 20.667086067482288, -14.952054227972205 ], [ 20.631166526193034, -14.957335483813832 ], [ 20.633827590291176, -14.967805506571768 ], [ 20.622456494201913, -14.974546477112199 ], [ 20.570600004637107, -14.962651824536948 ], [ 20.515266252795783, -14.983632551782893 ], [ 20.498799331381079, -14.960446552633993 ], [ 20.466061147865666, -14.967068983657111 ], [ 20.443954862548175, -14.985794877052488 ], [ 20.433113173956663, -14.973190422709919 ], [ 20.409536320858379, -14.985107317785989 ], [ 20.387713507646943, -14.98217519754143 ], [ 20.375332983815042, -14.959380956785989 ], [ 20.362700226503527, -14.957420323976994 ], [ 20.329595474068007, -14.960079935842401 ], [ 20.323452128904584, -14.970011427024914 ], [ 20.312227413135098, -14.965003391770065 ], [ 20.294527053643563, -14.974827551047881 ], [ 20.232314989003619, -14.980596979843657 ], [ 20.216079163950162, -14.957940238932437 ], [ 20.204361611972033, -14.961848001170946 ], [ 20.182955164417216, -14.944074877340856 ], [ 20.163081098983682, -14.938940708069619 ], [ 20.153287767010752, -14.923473073031229 ], [ 20.133212786237742, -14.920662099504661 ], [ 20.118042220418353, -14.896024342149666 ], [ 20.101662925930164, -14.896578779066221 ], [ 20.093279783066187, -14.885907892498167 ], [ 20.080794032275229, -14.884616503836206 ], [ 20.075448039171917, -14.868512193373167 ], [ 20.059250907594084, -14.857530822267389 ], [ 20.018187143797128, -14.850681321083552 ], [ 20.012524941739684, -14.819410483066935 ], [ 19.948493657254929, -14.778316362821069 ], [ 19.921083322379829, -14.768907488355925 ], [ 19.916744025687905, -14.748751130300757 ], [ 19.901435262845624, -14.741451316263159 ], [ 19.893027427002608, -14.721764561172506 ], [ 19.876657816043242, -14.719931777445588 ], [ 19.854521979951301, -14.689637277479466 ], [ 19.834924583883229, -14.681652022906249 ], [ 19.829544637508967, -14.664524963417652 ], [ 19.801838818971795, -14.646834925667179 ], [ 19.796989275352672, -14.629695157604566 ], [ 19.749164793837082, -14.609654658211706 ], [ 19.745637847746345, -14.592549535868631 ], [ 19.703820603166911, -14.55737504643692 ], [ 19.6713970372004, -14.495785155349743 ], [ 19.644629744967368, -14.474201871475561 ], [ 19.631999860767735, -14.4140023140429 ], [ 19.567856922152238, -14.326015796325613 ], [ 19.555586426864835, -14.320738595057197 ], [ 19.549811368867687, -14.291936001479904 ], [ 19.531487528854541, -14.260038358717669 ], [ 19.508381622229898, -14.238550494962315 ], [ 19.429920753097285, -14.26663126522018 ], [ 19.392206527185962, -14.264445011572018 ], [ 19.361114969713, -14.244304683141145 ], [ 19.332400439060216, -14.238223477001338 ], [ 19.27862940730769, -14.200267395285653 ], [ 19.195056316076808, -14.227724544977665 ], [ 19.200466057059096, -14.23936630838331 ], [ 19.193996298569083, -14.298293611407836 ], [ 19.203179347931965, -14.307559251302553 ], [ 19.205452294331948, -14.341254402373654 ], [ 19.230250661524373, -14.376150524804537 ], [ 19.229369138909647, -14.39919036339769 ], [ 19.238748122636018, -14.414991215765721 ], [ 19.206835520397902, -14.411586522075986 ], [ 19.165010956504247, -14.391804755106524 ], [ 19.145453923826494, -14.373227693710049 ], [ 19.127222223142759, -14.372905335674318 ], [ 19.025330054586043, -14.319623083231708 ], [ 18.98744355889459, -14.360998998762813 ], [ 18.967348197747746, -14.367046416536116 ], [ 18.931473137184618, -14.404085493404367 ], [ 18.934096128434952, -14.396022442379113 ], [ 18.927200681352119, -14.396907119144025 ], [ 18.924174966414498, -14.385730254928724 ], [ 18.896839017009803, -14.376879996559982 ], [ 18.89969434477301, -14.363167451079011 ], [ 18.875754642603226, -14.348804381815555 ], [ 18.883732259706676, -14.345850706746582 ], [ 18.882246400340641, -14.320725002517037 ], [ 18.862099176677738, -14.300779407381341 ], [ 18.860774973200556, -14.284889283731388 ], [ 18.852786093932394, -14.279372756761315 ], [ 18.857252128375457, -14.275065798358771 ], [ 18.827731771789225, -14.252829184532761 ], [ 18.82870110090451, -14.240109501843417 ], [ 18.814620369930957, -14.232058136909814 ], [ 18.819791534738783, -14.210994153794914 ], [ 18.805842299648035, -14.191005188558552 ], [ 18.809341150724812, -14.176063533481081 ], [ 18.795427380338481, -14.110451546631325 ], [ 18.800290680711917, -14.102418342279382 ], [ 18.783845920206055, -14.089908596327366 ], [ 18.798545858957461, -14.068502806813282 ], [ 18.793813135292936, -14.042679381812533 ], [ 18.764219789028225, -14.019563583096655 ], [ 18.762647268903621, -13.994943841575196 ], [ 18.729971769823983, -13.950314596124141 ], [ 18.732592299371653, -13.935128167746019 ], [ 18.725439552548195, -13.927938394788669 ], [ 18.715126664851489, -13.933388186047384 ], [ 18.71425988694142, -13.918133279197658 ], [ 18.669422449480777, -13.90634245750017 ], [ 18.657454715361865, -13.8739159597345 ], [ 18.618930865492622, -13.859098488356352 ], [ 18.620162668326223, -13.850198319036327 ], [ 18.605959530136751, -13.841647695043473 ], [ 18.613144489037481, -13.835214840127435 ], [ 18.595421702371162, -13.816312121616086 ], [ 18.601869454335151, -13.806483669443697 ], [ 18.590000137847973, -13.79157001889612 ], [ 18.53162394381318, -13.784202897514646 ], [ 18.503972290364601, -13.804189930787086 ], [ 18.471535032715281, -13.80830156818919 ], [ 18.452961769968645, -13.785807590323589 ], [ 18.422389801296823, -13.772666435210173 ], [ 18.404174542497032, -13.748580031556006 ], [ 18.365090141654861, -13.722951415730183 ], [ 18.34148900317949, -13.722176791710321 ], [ 18.325605212535656, -13.711751171363112 ], [ 18.27728636423025, -13.729062549373133 ], [ 18.242538274240694, -13.719900153915592 ], [ 18.225606179456832, -13.702596689163887 ], [ 18.183107810335386, -13.683044405856897 ], [ 18.156410487283026, -13.697189821595639 ], [ 18.111319095141987, -13.68057799713111 ], [ 18.08638027376368, -13.659295953623801 ], [ 18.071830337512296, -13.625796041138265 ], [ 18.046881979732809, -13.603018893046464 ], [ 18.021725434332048, -13.58654186719918 ], [ 17.99512786165387, -13.594940091447032 ], [ 17.9815417476199, -13.590291264343051 ], [ 17.892514652598024, -13.531693775937253 ], [ 17.897683830725875, -13.502307014151754 ], [ 17.924595078532768, -13.456245469256139 ], [ 17.917974423633343, -13.422731581631513 ], [ 17.891435824579105, -13.403729067668795 ], [ 17.963284460588724, -13.31282979217298 ], [ 17.994332530999113, -13.314167993530084 ], [ 18.054568408571647, -13.279486586334038 ], [ 18.055560635750556, -13.268493927988317 ], [ 18.008002674251777, -13.214572184819556 ], [ 17.976371632386368, -13.148099028615572 ], [ 18.018274614563445, -13.106576032951949 ], [ 18.020614291735981, -13.037821426756906 ], [ 18.036971017061099, -13.045933518654945 ], [ 18.073650484140913, -13.034083289974301 ], [ 18.111661779008159, -12.989964324509245 ], [ 18.113140762064894, -12.963035978302855 ], [ 18.162413593934623, -12.944279701614885 ], [ 18.141498472010475, -12.873789077470448 ], [ 18.107752443265568, -12.840411595824069 ], [ 18.115813765103361, -12.810646618586635 ], [ 18.129157602553292, -12.801783361809587 ], [ 18.167816046202745, -12.807776874385517 ], [ 18.171104034598429, -12.798815098912335 ], [ 18.218582849338105, -12.777711570062216 ], [ 18.222711661969271, -12.759454912192385 ], [ 18.250609242292981, -12.745114055237366 ], [ 18.257430133956554, -12.723778015491288 ], [ 18.277356213016915, -12.704746434255448 ], [ 18.268876266591683, -12.648131036705095 ], [ 18.288201792861614, -12.634547318819738 ], [ 18.294566436965987, -12.58515199224221 ], [ 18.354124551224338, -12.545487263156268 ], [ 18.385798641944895, -12.538910992876023 ], [ 18.395517781264381, -12.524732677459809 ], [ 18.383108778825807, -12.489363888249077 ], [ 18.401403857845189, -12.457933413241367 ], [ 18.469539948618596, -12.416910412099707 ], [ 18.486677077542524, -12.33483510354591 ], [ 18.520106291776628, -12.338623951599164 ], [ 18.582911025655946, -12.302516199480589 ], [ 18.58563365701098, -12.28572420288862 ], [ 18.622485732622707, -12.294830103656079 ], [ 18.712631654599399, -12.253067035130687 ], [ 18.716005849414152, -12.227505387234288 ], [ 18.676849744193191, -12.199957554996715 ], [ 18.73573180269954, -12.162137962907209 ], [ 18.828735820761189, -12.075879855180343 ], [ 18.816852834641296, -12.056728540385969 ], [ 18.835154455228853, -12.032736275649441 ], [ 18.836588287854283, -12.001250138696012 ], [ 18.828488686477307, -11.99500347892381 ], [ 18.828973239367741, -11.983005697096754 ], [ 18.807081762986755, -11.978314589273847 ], [ 18.792025998611095, -11.959686394787344 ], [ 18.845468352088091, -11.889185696259091 ], [ 18.87329683044765, -11.880918359725417 ], [ 18.862479728240622, -11.84388720258826 ], [ 18.844866107334823, -11.828756032286741 ], [ 18.860736010569923, -11.806972855750489 ], [ 18.883125115585386, -11.801678071109093 ], [ 18.919805045798377, -11.813485991602205 ], [ 18.940849897412448, -11.777144612977667 ], [ 18.925777782089881, -11.745245590187251 ], [ 18.910792930446441, -11.736599634112347 ], [ 18.904548480749028, -11.716486731674328 ], [ 18.889221785063981, -11.700761980681188 ], [ 18.916677755532696, -11.690650658141935 ], [ 18.948727223069461, -11.705258167253222 ], [ 18.969537226677602, -11.67592198832225 ], [ 19.006282179836909, -11.670824677734407 ], [ 19.025991452401847, -11.554041097398985 ], [ 19.044372304725421, -11.504302330188013 ], [ 19.093378112385295, -11.480123762692932 ], [ 19.115088005646541, -11.452866129435582 ], [ 19.194996525108898, -11.456695898805838 ], [ 19.246237162046498, -11.43553416000748 ], [ 19.255651188111145, -11.438002093629743 ], [ 19.272761451172649, -11.403960883498213 ], [ 19.325959289057693, -11.405942319618459 ], [ 19.357807124903026, -11.422982761519465 ], [ 19.390391283087105, -11.419600221251761 ], [ 19.427130888322353, -11.386921059301939 ], [ 19.454734942208418, -11.387261774122029 ], [ 19.497948050861424, -11.331662693480974 ], [ 19.524778733586068, -11.314432982588199 ], [ 19.541403685268222, -11.274680947575058 ], [ 19.564178736092153, -11.248758723122224 ], [ 19.637157777912684, -11.249695633786386 ], [ 19.66736041935615, -11.282510045159158 ], [ 19.706475435854642, -11.304770593870353 ], [ 19.74771342633943, -11.286125091353641 ], [ 19.780285961717503, -11.284222593915208 ], [ 19.774166091288947, -11.277223770491732 ], [ 19.779458847760978, -11.259566797969947 ], [ 19.793630747667557, -11.251207070670747 ], [ 19.802065643122546, -11.254722746191051 ], [ 19.811073472927632, -11.246514903063579 ], [ 19.836082161498148, -11.260233727135175 ], [ 19.850523488199912, -11.251454085474913 ], [ 19.860702633828353, -11.283946427667027 ], [ 19.880728557093796, -11.29994584501072 ], [ 19.903406645091692, -11.28710022242935 ], [ 19.916905216650704, -11.28866748477663 ], [ 19.912391012118924, -11.285917758056621 ], [ 19.926333784858663, -11.256268089148206 ], [ 19.958421549218208, -11.267513864484583 ], [ 19.967527057016454, -11.249105431983844 ], [ 19.982955681957826, -11.241337920781161 ], [ 20.025268624976178, -11.250819921352631 ], [ 20.028838853762565, -11.263503043761217 ], [ 20.041576721919085, -11.261633478595693 ], [ 20.055995201662924, -11.276059728852386 ], [ 20.064450466514749, -11.268751628420196 ], [ 20.083417418794447, -11.271939640531917 ], [ 20.130319324451484, -11.20955737978108 ], [ 20.160343694691818, -11.187550685156614 ], [ 20.178573173299341, -11.196738749820826 ], [ 20.180673661753801, -11.212817648758536 ], [ 20.198631817794421, -11.210645118108134 ], [ 20.223851603183007, -11.239884381203749 ], [ 20.237812527417454, -11.236539607569421 ], [ 20.240392641573912, -11.228781428792681 ], [ 20.272491757896915, -11.233309386997773 ], [ 20.280790159742423, -11.237018106907884 ], [ 20.283790032542903, -11.252320233553862 ], [ 20.305733509791857, -11.262119283881292 ], [ 20.322147182364958, -11.259483928511719 ], [ 20.336395071875124, -11.279332906525466 ], [ 20.382834098251656, -11.259696270883227 ], [ 20.412748589167329, -11.274228596153849 ], [ 20.415780492288604, -11.283398351682342 ], [ 20.438022097672537, -11.29035644817519 ], [ 20.444631083582543, -11.285760087566358 ], [ 20.457840444149156, -11.309266524809184 ], [ 20.465365677916481, -11.308851916164611 ], [ 20.462922783416282, -11.319773829302152 ], [ 20.467330407993778, -11.316800891726034 ], [ 20.486511733240498, -11.338679168047841 ], [ 20.499470948183962, -11.33788669781867 ], [ 20.500905681017834, -11.347221554488188 ], [ 20.523996482732265, -11.336463917075227 ], [ 20.542092529464107, -11.356084953896298 ], [ 20.540420381007429, -11.366991844227195 ], [ 20.548651597274059, -11.363394926779216 ], [ 20.553901982346545, -11.375134477846474 ], [ 20.56073709656161, -11.371494765153459 ], [ 20.583344736958153, -11.386138759377987 ], [ 20.598133794938178, -11.382621998831569 ], [ 20.602598708923914, -11.389763337623796 ], [ 20.604666599097499, -11.381396045598771 ], [ 20.607288718979255, -11.394147230361687 ], [ 20.624768938554716, -11.392711046230334 ], [ 20.649945506985112, -11.424158970360901 ], [ 20.694824472095874, -11.418470962962394 ], [ 20.709062422299773, -11.446681872847956 ], [ 20.719010671108684, -11.441876613291916 ], [ 20.721155749371434, -11.451399379138719 ], [ 20.726304320318611, -11.440357364169499 ], [ 20.735167360460949, -11.447477198227999 ], [ 20.754192834094631, -11.446620837410451 ], [ 20.767325740511389, -11.464732790227542 ], [ 20.793629880056841, -11.468476556167198 ], [ 20.795068593720423, -11.480832519042275 ], [ 20.79961634545171, -11.474687228745642 ], [ 20.806332810357198, -11.482465528777356 ], [ 20.839580879476927, -11.47113608416103 ], [ 20.864812607838168, -11.490510660079215 ], [ 20.883363972903801, -11.476996161774059 ], [ 20.899611248820271, -11.490219041456454 ], [ 20.930989427168534, -11.496527890156175 ], [ 20.93689281568718, -11.488703121636204 ], [ 20.958388373848891, -11.489432549285331 ], [ 20.9958593094834, -11.506888601487889 ], [ 21.000444624450587, -11.499503165768635 ], [ 20.990211211165288, -11.487196353542354 ], [ 21.002112470451095, -11.479522630797648 ], [ 20.996110087392772, -11.480138624010708 ], [ 20.994887324200562, -11.464333640172844 ], [ 20.986616305054362, -11.459001301179553 ], [ 20.988113430920485, -11.447346518606297 ], [ 21.049799300679695, -11.413749520043007 ], [ 21.078049056058745, -11.424373235073185 ], [ 21.083298447667609, -11.409065811949107 ], [ 21.102198457793264, -11.41279816914246 ], [ 21.127257155021439, -11.352792683565097 ], [ 21.145423083133252, -11.355026296621388 ], [ 21.1598804895333, -11.33388901492515 ], [ 21.17903421351528, -11.343251179650663 ], [ 21.168045505289257, -11.328010941186909 ], [ 21.187422197611205, -11.308971135310811 ], [ 21.178639132256372, -11.308742737588387 ], [ 21.177807029915208, -11.299202733402916 ], [ 21.204070711500478, -11.305664872524149 ], [ 21.214134286594266, -11.297477556560201 ], [ 21.230229246811128, -11.300850894722428 ], [ 21.276170765860059, -11.280215819497267 ], [ 21.283477250266714, -11.267136403415071 ], [ 21.305667326577726, -11.272301278274158 ], [ 21.305213037643433, -11.264268035534167 ], [ 21.312919254511886, -11.269534380000371 ], [ 21.328359785767326, -11.255937636105765 ], [ 21.355969191117108, -11.257477228683902 ], [ 21.366172747066514, -11.240211653737623 ], [ 21.379675745631044, -11.243151943100452 ], [ 21.387170093017271, -11.23570489825522 ], [ 21.396567056916016, -11.24189445705627 ], [ 21.417184823312851, -11.229764983160232 ], [ 21.432342685058714, -11.238302638548673 ], [ 21.441183759115034, -11.216393329681177 ], [ 21.455372282996343, -11.212717901202899 ], [ 21.454606066008974, -11.203319316725816 ], [ 21.486548837550679, -11.203036722759277 ], [ 21.489635077888369, -11.188538234045057 ], [ 21.506996444122439, -11.193038323752416 ], [ 21.503484603223733, -11.207133560058461 ], [ 21.506977263381888, -11.201491011193957 ], [ 21.527976708350316, -11.206802951287967 ], [ 21.535728984896618, -11.198730528683734 ], [ 21.544944550142731, -11.212339209279834 ], [ 21.56261605747698, -11.196695737910703 ], [ 21.583672503275242, -11.201521087221137 ], [ 21.59363953572786, -11.189963714346677 ], [ 21.601482356017776, -11.198240685951669 ], [ 21.602907819232353, -11.187491020287124 ], [ 21.621635523652394, -11.178762099783826 ], [ 21.62634140342492, -11.183741457994648 ], [ 21.655888528524603, -11.176625003933497 ], [ 21.650710906674853, -11.141922101516558 ], [ 21.663179003200295, -11.125753475535186 ], [ 21.646224744208897, -11.110713795983843 ], [ 21.65195687993835, -11.090257935434314 ], [ 21.632191220280905, -11.092116105652719 ], [ 21.629385872392426, -11.085510855020845 ], [ 21.653891831575045, -11.053601718123721 ], [ 21.647463589105609, -11.027287673766098 ], [ 21.655825564630415, -11.036400327791865 ], [ 21.666781542866165, -11.029429298602237 ], [ 21.660268179565101, -11.010890897875539 ], [ 21.667941594561224, -11.009393625594269 ], [ 21.668163584114453, -10.999383714365832 ], [ 21.673695340999455, -11.002272079571776 ], [ 21.681394023347789, -10.982092612163244 ], [ 21.693863102832189, -10.982702774292511 ], [ 21.69395362229416, -10.97482111138414 ], [ 21.686637775944906, -10.976222053683818 ], [ 21.679728222611683, -10.932016887548249 ], [ 21.693370920064226, -10.921181418466622 ], [ 21.688757064319386, -10.899237232091489 ], [ 21.69379323989844, -10.892132523176349 ], [ 21.698814937291822, -10.896360604836955 ], [ 21.713817344926856, -10.850437082484335 ], [ 21.769761682787703, -10.821410534447532 ], [ 21.761130102204707, -10.763524373230174 ], [ 21.754094146460012, -10.755902236677853 ], [ 21.764820999921497, -10.755544190490932 ], [ 21.766648511352038, -10.708848801609841 ], [ 21.796299329183011, -10.639456133172912 ], [ 21.824518366961332, -10.618107324972007 ], [ 21.855326758855131, -10.61792734365096 ], [ 21.863143232606408, -10.610475160978853 ], [ 21.897722976466483, -10.628347727044899 ], [ 21.932356049224566, -10.626470924672363 ], [ 21.9534154286114, -10.614652050530685 ], [ 22.039665373490447, -10.623455657931183 ], [ 22.081009800694051, -10.594151455004633 ], [ 22.085978751950108, -10.582567767967058 ], [ 22.098038476227, -10.591916058758036 ] ] ] } },
{ "type": "Feature", "properties": { "loc": "AO-A1-0016" }, "geometry": { "type": "MultiPolygon", "coordinates": [ [ [ [ 11.771174430701679, -16.797233581737252 ], [ 11.760198592737135, -16.795959472624372 ], [ 11.73485374505052, -16.741121291886934 ], [ 11.680835724435388, -16.57869338996078 ], [ 11.683995246929333, -16.537364959897854 ], [ 11.714724540751218, -16.517583847189659 ], [ 11.726429939336478, -16.522294997888636 ], [ 11.746803284390326, -16.721733092980678 ], [ 11.771959305024103, -16.781162262401288 ], [ 11.771174430701679, -16.797233581737252 ] ] ], [ [ [ 13.156010258725724, -13.588836850027402 ], [ 13.173880806606951, -13.588211336683436 ], [ 13.186638797249548, -13.564392709404832 ], [ 13.225279636506658, -13.563029982873037 ], [ 13.238048280879154, -13.571890400149893 ], [ 13.298179119920748, -13.578049421500332 ], [ 13.310962649528955, -13.60356378065865 ], [ 13.311756919656046, -13.646158500088095 ], [ 13.292737634160632, -13.680162605424922 ], [ 13.275873987302765, -13.692096748370258 ], [ 13.302082255298318, -13.744646441982383 ], [ 13.347395176575281, -13.76268413518164 ], [ 13.371078062505058, -13.791676881366371 ], [ 13.382045351630987, -13.839576377319112 ], [ 13.391729879007739, -13.849167698554304 ], [ 13.430522043206937, -13.842226227618298 ], [ 13.555706509949948, -13.8886809889662 ], [ 13.577275168704082, -13.900039551853432 ], [ 13.569946494096639, -13.925868076943154 ], [ 13.575632405376934, -13.936249924143301 ], [ 13.607908674618939, -13.951391647513105 ], [ 13.61829388932385, -13.965080836488013 ], [ 13.640502548436116, -13.968234974084631 ], [ 13.65139534253794, -13.961796105382412 ], [ 13.639972621826589, -14.00344301615603 ], [ 13.598250920825981, -14.052424156859427 ], [ 13.595735573499377, -14.093866707937213 ], [ 13.615951721289131, -14.118466833131887 ], [ 13.629674124377631, -14.169909694860621 ], [ 13.58883604769767, -14.247916713815084 ], [ 13.620736148619448, -14.278769984904621 ], [ 13.675782927484812, -14.292459923064953 ], [ 13.640567500056198, -14.34867321287096 ], [ 13.660492567078551, -14.404630723388816 ], [ 13.665556815765266, -14.467381281831376 ], [ 13.606998220001552, -14.553171772610145 ], [ 13.572408513232757, -14.582871649806933 ], [ 13.577418314596732, -14.609844899058071 ], [ 13.58918034903329, -14.614711779223349 ], [ 13.594839687464153, -14.63165619530719 ], [ 13.576064182723167, -14.669085078583837 ], [ 13.574661772110195, -14.715452834415437 ], [ 13.525484449124113, -14.769281150358331 ], [ 13.45989454335461, -14.765004326770519 ], [ 13.422031485911299, -14.782540949204009 ], [ 13.403409619713534, -14.793012344132055 ], [ 13.39111131208117, -14.816333928876062 ], [ 13.378447795849711, -14.818642570898859 ], [ 13.373514123944206, -14.836651858985721 ], [ 13.322599917887688, -14.870354559207016 ], [ 13.309353459157512, -14.888742485779421 ], [ 13.292911138686934, -14.884267514050514 ], [ 13.273443711041109, -14.893206441409273 ], [ 13.246602135106398, -14.979242680204024 ], [ 13.247262244777501, -14.99382081686062 ], [ 13.274070203487918, -15.041908914622642 ], [ 13.264227977509877, -15.054829834724941 ], [ 13.239744122232365, -15.063788753548984 ], [ 13.246101358815919, -15.072354665357473 ], [ 13.231005368561275, -15.084223691158154 ], [ 13.219543621174521, -15.080538022007477 ], [ 13.204544774229008, -15.111520584414134 ], [ 13.219764655175224, -15.124131802213164 ], [ 13.228897195781817, -15.119219793878774 ], [ 13.233683774235592, -15.129350963395687 ], [ 13.274940798731548, -15.127146273401831 ], [ 13.251104772994891, -15.135290424152331 ], [ 13.257755996046592, -15.147896018575906 ], [ 13.248414865063916, -15.15438465945606 ], [ 13.209921161213687, -15.144051989780987 ], [ 13.205904400988009, -15.150580919174555 ], [ 13.215658519326288, -15.164663146173812 ], [ 13.281111083008311, -15.175328670977677 ], [ 13.260500372068494, -15.18557972073588 ], [ 13.263699655252823, -15.199483394707219 ], [ 13.248494838984557, -15.18409876584294 ], [ 13.227779789512704, -15.183242755253328 ], [ 13.232145900785495, -15.204978432325571 ], [ 13.216023537991182, -15.198542644334861 ], [ 13.203333852847797, -15.208787518716498 ], [ 13.195040685397695, -15.251870597496147 ], [ 13.208743878471816, -15.283396430642576 ], [ 13.219269359736872, -15.29142904930622 ], [ 13.232485754648769, -15.288695019000514 ], [ 13.225972191909461, -15.270817295567578 ], [ 13.217734770939058, -15.273059249476145 ], [ 13.221911522429862, -15.263251234174529 ], [ 13.26294803428487, -15.251523617061984 ], [ 13.249937274030186, -15.245429344861233 ], [ 13.254466353390091, -15.239913079004957 ], [ 13.247310541775013, -15.225221454139042 ], [ 13.262642933732847, -15.233289401505495 ], [ 13.273363123156388, -15.225423211506566 ], [ 13.303387985296842, -15.273156589933528 ], [ 13.293966904345565, -15.280907790568115 ], [ 13.289830242406351, -15.30213639222368 ], [ 13.307216307083978, -15.322456487723962 ], [ 13.305848527540308, -15.346986865637529 ], [ 13.315201646312945, -15.372355557672329 ], [ 13.343185263022137, -15.369221857433029 ], [ 13.357537857976974, -15.379674580439733 ], [ 13.35848882148367, -15.366180758806063 ], [ 13.379028850687734, -15.358571250111435 ], [ 13.373506381699316, -15.383198598459352 ], [ 13.394835734917086, -15.39155500890687 ], [ 13.407562022898565, -15.419721151116022 ], [ 13.430506459409129, -15.43023118513786 ], [ 13.430996021321826, -15.442978749636421 ], [ 13.476259233960873, -15.48865648973014 ], [ 13.514739010369235, -15.493776242383877 ], [ 13.548319591515499, -15.520624129209775 ], [ 13.507268527443726, -15.681357849958005 ], [ 13.523802897725721, -15.763613792979186 ], [ 13.522946124617528, -15.800957317386349 ], [ 13.544351325644753, -15.814666222809642 ], [ 13.556399398277639, -15.879919195792407 ], [ 13.477351307218475, -16.046244317549323 ], [ 13.480908432107872, -16.078033828490994 ], [ 13.492151064003453, -16.084993512352568 ], [ 13.520548807784481, -16.162566778035952 ], [ 13.49999950230538, -16.212713300569586 ], [ 13.497352881174416, -16.241252354654073 ], [ 13.461807375839816, -16.269445539790677 ], [ 13.441938474805591, -16.301515579113051 ], [ 13.413456111994824, -16.32800379332912 ], [ 13.373318379437736, -16.34058390671062 ], [ 13.382951387632145, -16.358785416887372 ], [ 13.363080551837479, -16.35448233239855 ], [ 13.367519292958006, -16.371552043509546 ], [ 13.342726251686797, -16.347279855308965 ], [ 13.337354559880586, -16.373936731037258 ], [ 13.288116234373691, -16.390849673331747 ], [ 13.290493991896566, -16.410033001374529 ], [ 13.276353423962204, -16.42919047727182 ], [ 13.265792748359837, -16.433525864875847 ], [ 13.251989314688204, -16.427187231875589 ], [ 13.217997261786072, -16.438912542288946 ], [ 13.223916529303724, -16.447425196368986 ], [ 13.209582102304916, -16.462044180670759 ], [ 13.209738545216341, -16.481973028769541 ], [ 13.230363201346938, -16.485151274284753 ], [ 13.271400939048304, -16.50924421082453 ], [ 13.284421835345659, -16.534411791343889 ], [ 13.227925901905111, -16.590992411243615 ], [ 13.183553869261909, -16.601419444224835 ], [ 13.175322341299276, -16.62171107148162 ], [ 13.150122276368224, -16.645563933101897 ], [ 13.144980087807044, -16.673797379818083 ], [ 13.133366816671453, -16.685703492694842 ], [ 13.206634713267638, -16.719108150893252 ], [ 13.249209524546133, -16.771939670752072 ], [ 13.241516292089448, -16.78273861386878 ], [ 13.251007178484729, -16.798433732403655 ], [ 13.290175579085959, -16.829719023087247 ], [ 13.344277484864262, -16.905561033887444 ], [ 13.347204110827258, -16.921144872110954 ], [ 13.373673950138885, -16.956190405435716 ], [ 13.373568898532094, -16.976017861108222 ], [ 13.340499878113119, -16.974372864389025 ], [ 13.269581794910133, -16.996032714810799 ], [ 13.227187157407625, -16.981670379856933 ], [ 13.205324172618747, -16.983493804768084 ], [ 13.194273949029787, -16.963575362885546 ], [ 13.183886527587417, -16.96926879898874 ], [ 13.142432213122389, -16.959894179645534 ], [ 13.095293998965117, -16.977922439941445 ], [ 13.066582680392623, -16.973590850809977 ], [ 12.983258247216598, -16.983705521365582 ], [ 12.945684432736646, -17.017604828273008 ], [ 12.918052672938705, -17.020578383558387 ], [ 12.896714211437919, -17.042268753373129 ], [ 12.875533104315549, -17.045818328925549 ], [ 12.870846747925311, -17.064716338860791 ], [ 12.822517395207898, -17.086364746308796 ], [ 12.805717467633302, -17.115093231140548 ], [ 12.777507781904871, -17.121145247627883 ], [ 12.709927558556176, -17.168582916241409 ], [ 12.697950363264885, -17.166408538995686 ], [ 12.653925896109451, -17.184860228889292 ], [ 12.613937377654059, -17.209001540861262 ], [ 12.603213310292281, -17.230445861560078 ], [ 12.579882622031578, -17.2300167077777 ], [ 12.565638541631595, -17.242143631196488 ], [ 12.548397064019488, -17.239858627446541 ], [ 12.529173851138518, -17.248620987441459 ], [ 12.497624397194416, -17.248365401914583 ], [ 12.487963675629386, -17.241609573296007 ], [ 12.450777054363813, -17.264152527390014 ], [ 12.439477920915552, -17.259710311754322 ], [ 12.43478488885774, -17.216611862120573 ], [ 12.425838470015636, -17.209383010790152 ], [ 12.405494690174022, -17.206895827753115 ], [ 12.398280144359395, -17.220306395796364 ], [ 12.386565207564535, -17.219770432232522 ], [ 12.376203537309658, -17.230466842743446 ], [ 12.353344916680784, -17.219282149824149 ], [ 12.291009902831005, -17.238666533806295 ], [ 12.271318436343035, -17.231563567777258 ], [ 12.249880791311705, -17.236648560355643 ], [ 12.188017845093755, -17.197280884378124 ], [ 12.167505264302745, -17.158586502038247 ], [ 12.109417914851138, -17.159002303586284 ], [ 12.083042144625542, -17.144130706839505 ], [ 12.065599441906992, -17.155698776250333 ], [ 12.046450614650348, -17.152238846018768 ], [ 12.00201320579106, -17.171091079562533 ], [ 11.947441101172094, -17.182003020695696 ], [ 11.905425071955731, -17.205394745044316 ], [ 11.881582260259369, -17.231121062659732 ], [ 11.858341217319522, -17.240203857394903 ], [ 11.83709621426514, -17.236921310343039 ], [ 11.820569991757955, -17.263717651221427 ], [ 11.789759635744799, -17.267763138131158 ], [ 11.757548332036103, -17.252075195286903 ], [ 11.760871887274059, -17.020879744577371 ], [ 11.789375305072534, -16.87325477615979 ], [ 11.777656555152126, -16.824481964144205 ], [ 11.799509047550758, -16.817386627064018 ], [ 11.813375472945962, -16.79912185676115 ], [ 11.832949638161503, -16.692449569964534 ], [ 11.823676108911572, -16.605573653773902 ], [ 11.832232474695202, -16.472642898923489 ], [ 11.793298720705623, -16.119997024915616 ], [ 11.808279037393897, -16.011608123888681 ], [ 11.73232746128958, -15.8814373020627 ], [ 11.748044014266055, -15.821548462164586 ], [ 11.774641990781463, -15.785763740976726 ], [ 11.846037864901769, -15.773653983817109 ], [ 11.852437972980299, -15.779856681713305 ], [ 11.829906463658622, -15.781218528684942 ], [ 11.812347412049638, -15.791994094824407 ], [ 11.842704773252953, -15.795688629399567 ], [ 11.875677109357328, -15.786526679935136 ], [ 11.906999587906862, -15.745223045080319 ], [ 11.918637275636, -15.688755034689954 ], [ 11.930733680561188, -15.673149109116896 ], [ 11.982654572097038, -15.641478538976255 ], [ 12.016075133906499, -15.571457863162646 ], [ 12.029812813296202, -15.485811234365137 ], [ 12.032410621938093, -15.400156021047689 ], [ 12.054425239618547, -15.342511176713607 ], [ 12.058191299074659, -15.230426787830147 ], [ 12.092737197848889, -15.201479911632781 ], [ 12.102913856874496, -15.203085899358964 ], [ 12.123496055983638, -15.187230109745958 ], [ 12.14574527710832, -15.193840026959887 ], [ 12.151380538766341, -15.184288025336262 ], [ 12.156045913973211, -15.166696547771668 ], [ 12.141688347224909, -15.129336357351225 ], [ 12.125131607123405, -15.139909744203511 ], [ 12.113773345948607, -15.135778426897122 ], [ 12.125582695370605, -15.089600562779964 ], [ 12.14593982744656, -15.073760986144762 ], [ 12.1369209286434, -15.05812358879674 ], [ 12.168358802802002, -15.023419379664798 ], [ 12.170004845432734, -15.008714676405404 ], [ 12.159352302951907, -14.990570068118341 ], [ 12.171865462706409, -14.956330298568659 ], [ 12.190065383795899, -14.950118065160794 ], [ 12.203506470332835, -14.900248528111309 ], [ 12.212247849144385, -14.894500731587684 ], [ 12.21197318989624, -14.844869613805816 ], [ 12.223543166769167, -14.832223892183077 ], [ 12.238431930674485, -14.832443236830144 ], [ 12.252601623651492, -14.821172714413471 ], [ 12.26461887384742, -14.785545349402589 ], [ 12.289156913646158, -14.751285552850185 ], [ 12.274451256205941, -14.693844795265292 ], [ 12.297327994576788, -14.660960197019673 ], [ 12.293980598311459, -14.622582436294589 ], [ 12.30360698735806, -14.572928428967973 ], [ 12.35721778865546, -14.405306816320678 ], [ 12.354299545273227, -14.339104652022233 ], [ 12.371008873346321, -14.309659957904913 ], [ 12.365777016081923, -14.277481079252635 ], [ 12.381097793613714, -14.271485328849003 ], [ 12.379560470924476, -14.263840675071265 ], [ 12.357510567444228, -14.268063545160697 ], [ 12.359131813068201, -14.245303153881633 ], [ 12.337633132848234, -14.213139534026514 ], [ 12.33712577761805, -14.184171676645779 ], [ 12.344743728725581, -14.178091049126767 ], [ 12.345616340906849, -14.187151909397294 ], [ 12.358109473658716, -14.185297965992543 ], [ 12.373151778816991, -14.151711463977062 ], [ 12.357270240714511, -14.084363936610583 ], [ 12.367598534430256, -14.054690361435245 ], [ 12.387248038551578, -14.043699264673542 ], [ 12.408467293116574, -13.964732170017829 ], [ 12.426579475447939, -13.947461128092769 ], [ 12.420615195919991, -13.898948668910165 ], [ 12.425760268606998, -13.875716209099991 ], [ 12.494503021282897, -13.864803313786094 ], [ 12.486988067730652, -13.876314162932484 ], [ 12.511720656968171, -13.879262923909035 ], [ 12.524868011435062, -13.858543395625372 ], [ 12.520553588562764, -13.818995475724776 ], [ 12.529960632063018, -13.813461304160029 ], [ 12.522401809581305, -13.800365447571544 ], [ 12.523511886849546, -13.765867232650891 ], [ 12.531937599126406, -13.740784645259357 ], [ 12.531332969626339, -13.67247963039479 ], [ 12.540452003442669, -13.643024444786505 ], [ 12.530531883225303, -13.623492241038331 ], [ 12.536162375778479, -13.615431785712556 ], [ 12.531438827924999, -13.606008530133778 ], [ 12.552773476300326, -13.569401741361514 ], [ 12.542166710210976, -13.558840751663553 ], [ 12.573185980534072, -13.549156805106637 ], [ 12.586331519269665, -13.535989633179184 ], [ 12.62670072164642, -13.559107945639386 ], [ 12.680170976894532, -13.552698079916652 ], [ 12.697632059957085, -13.561290344837722 ], [ 12.707844918493636, -13.555822301322323 ], [ 12.720081984581364, -13.57329086944225 ], [ 12.759957252310803, -13.595215385845599 ], [ 12.784505695466917, -13.593002163283401 ], [ 12.782881443409353, -13.580435250150884 ], [ 12.796636467984078, -13.578223290236807 ], [ 12.818815013187733, -13.592674140063703 ], [ 12.844822589276548, -13.626143615999247 ], [ 12.884903352073527, -13.644718402389405 ], [ 12.944477039136702, -13.640487562403585 ], [ 13.019583182947423, -13.591322934171195 ], [ 13.037335461626396, -13.5971412131276 ], [ 13.065832913908968, -13.566514188951622 ], [ 13.076638048659815, -13.530006446281789 ], [ 13.092766196360904, -13.553220440414798 ], [ 13.156010258725724, -13.588836850027402 ] ] ] ] } },
{ "type": "Feature", "properties": { "loc": "AO-A1-0017" }, "geometry": { "type": "Polygon", "coordinates": [ [ [ 16.384334564000014, -5.867562770999927 ], [ 16.40446853599995, -5.888357161999972 ], [ 16.443351745943069, -5.896150111643431 ], [ 16.5116863251205, -5.878445625270482 ], [ 16.59973335286864, -5.918555259922323 ], [ 16.600593566996302, -5.942236422977635 ], [ 16.589187621968016, -5.966660499787194 ], [ 16.591539383292542, -5.97837877306692 ], [ 16.606046677269148, -5.984758376602853 ], [ 16.598306655784256, -6.001806258956647 ], [ 16.607673645279242, -6.040632724725429 ], [ 16.599021911788547, -6.058835505659014 ], [ 16.602500915741381, -6.065489769342461 ], [ 16.627988814988548, -6.061243057326196 ], [ 16.632844924710177, -6.06789255100543 ], [ 16.60806083669506, -6.075355053397994 ], [ 16.606725693292823, -6.08570671060115 ], [ 16.643775939564698, -6.096821785202314 ], [ 16.645523071389334, -6.127394676128498 ], [ 16.659528731622331, -6.124349594163428 ], [ 16.670623779220684, -6.137867927967436 ], [ 16.689706802183935, -6.139627933587258 ], [ 16.721544265812049, -6.165935516316138 ], [ 16.730869292940298, -6.193947315221374 ], [ 16.710374831689911, -6.235651970367121 ], [ 16.718528748159933, -6.259531021144729 ], [ 16.70947837758181, -6.290837287615739 ], [ 16.724897385000048, -6.344111442999948 ], [ 16.715778350999955, -6.361394404999979 ], [ 16.690008163202918, -6.355526924433056 ], [ 16.688205718575766, -6.364269733166653 ], [ 16.703207016447408, -6.376852036397432 ], [ 16.690694809074991, -6.405641556417644 ], [ 16.718072890808067, -6.409893035739925 ], [ 16.732398986680685, -6.425464629694014 ], [ 16.711112976339493, -6.446247100628147 ], [ 16.734464644884284, -6.473963260900787 ], [ 16.727230072066845, -6.500890255286121 ], [ 16.76295471224698, -6.528473853690434 ], [ 16.749145508015495, -6.56584978134728 ], [ 16.75127983125595, -6.579174994735274 ], [ 16.776567458678038, -6.593997001965116 ], [ 16.793779372876472, -6.682600497819783 ], [ 16.801031112852272, -6.699099064375305 ], [ 16.830818176174667, -6.715436934671773 ], [ 16.83678054790585, -6.77131605138778 ], [ 16.871713638095809, -6.805274486921201 ], [ 16.876281738133603, -6.846850871763502 ], [ 16.895429611209511, -6.858026980653756 ], [ 16.915416718128995, -6.852881432225436 ], [ 16.940366744551572, -6.874830245612499 ], [ 16.93688392567454, -6.915060997360248 ], [ 16.947080611702781, -6.930411815845764 ], [ 16.9387416840034, -6.966067314348271 ], [ 16.950086593843139, -6.980721473910082 ], [ 16.972890854051581, -6.986132621816191 ], [ 16.98273849520735, -7.023311138391511 ], [ 16.963680266553016, -7.078543186212253 ], [ 16.94894027659446, -7.075164794812553 ], [ 16.943349838046551, -7.061404227716098 ], [ 16.92888832136088, -7.068591595119203 ], [ 16.928043365131096, -7.084219456056188 ], [ 16.950799942385331, -7.126163960391599 ], [ 16.953689574735975, -7.15257167813356 ], [ 16.970346450750018, -7.170185089263606 ], [ 16.954790114693985, -7.188634871695113 ], [ 16.953710555919344, -7.203342438395991 ], [ 16.988595963155095, -7.230751514364067 ], [ 17.003946304100559, -7.26330137325292 ], [ 17.005508422897364, -7.300051211787176 ], [ 17.030548096439446, -7.297869682233197 ], [ 17.045227051209366, -7.321192264904278 ], [ 17.064836502224701, -7.327478409094438 ], [ 17.076463699362154, -7.342784882009804 ], [ 17.103626251372361, -7.343502044576825 ], [ 17.113748217228331, -7.353173062480037 ], [ 17.097280138589444, -7.383655013960913 ], [ 17.089871148556579, -7.380942239585822 ], [ 17.085712312894863, -7.398392413871916 ], [ 17.066760157477212, -7.397660174170865 ], [ 17.048071109516005, -7.42581792315177 ], [ 17.036284842993066, -7.421898913297357 ], [ 17.02529290896253, -7.430802587362676 ], [ 17.028648532225876, -7.44547095351488 ], [ 17.017202107812945, -7.449755625015234 ], [ 17.024541896812995, -7.455725165577102 ], [ 17.020033971312643, -7.472848034302496 ], [ 17.011335323788135, -7.47258545384876 ], [ 17.004523572626695, -7.487559456396978 ], [ 17.01968610185407, -7.491290687808108 ], [ 17.012177845553023, -7.514732778687941 ], [ 17.001690231540856, -7.511455266940162 ], [ 17.000795844074901, -7.53348517849132 ], [ 16.9871685160361, -7.544085170887064 ], [ 16.993097208491292, -7.55342999389225 ], [ 16.98052888072521, -7.559144851846581 ], [ 16.973316833227159, -7.553087939449968 ], [ 16.971363668520389, -7.570933648162518 ], [ 16.957053853074822, -7.564994894991598 ], [ 16.947188879285235, -7.575361273197393 ], [ 16.95368207618877, -7.585136094448389 ], [ 16.938028986570419, -7.598292506886809 ], [ 16.94594953886206, -7.607758695200731 ], [ 16.919447388707987, -7.615046314528909 ], [ 16.898133305129814, -7.630947865244911 ], [ 16.868989975628779, -7.628828890733855 ], [ 16.844830551310785, -7.638132417769997 ], [ 16.832708593948364, -7.627904357992913 ], [ 16.823355620387481, -7.637618904881696 ], [ 16.821395967971497, -7.624669539760612 ], [ 16.810518998774704, -7.632360232531857 ], [ 16.794258859580591, -7.626208269888904 ], [ 16.782949201366471, -7.60271482772025 ], [ 16.773389282111584, -7.604438536702288 ], [ 16.773283421114904, -7.578609387006777 ], [ 16.760879950771024, -7.573078579805751 ], [ 16.764380652666944, -7.560013633815258 ], [ 16.756654960979578, -7.557129030473556 ], [ 16.755965529907169, -7.545585338086061 ], [ 16.724458149845667, -7.528507396792042 ], [ 16.729455259774362, -7.506560746274596 ], [ 16.719071248561157, -7.496046167889473 ], [ 16.719814095765795, -7.476857060897816 ], [ 16.693922300195929, -7.444591004664295 ], [ 16.691438935680303, -7.421623320552909 ], [ 16.663527461545069, -7.410064987202572 ], [ 16.662151427768102, -7.401438974322319 ], [ 16.651333174408389, -7.398679895653851 ], [ 16.641292598996138, -7.369149120228849 ], [ 16.618143891249471, -7.36497608157404 ], [ 16.614723212827975, -7.356007141909219 ], [ 16.596826360570027, -7.350064240165702 ], [ 16.580143917771828, -7.357063520831156 ], [ 16.556651342135886, -7.354637906083786 ], [ 16.505802018257842, -7.382192631157883 ], [ 16.478731724143714, -7.380847964869167 ], [ 16.423999398705025, -7.41022340133958 ], [ 16.386437648863605, -7.415637247909116 ], [ 16.348230552009824, -7.453762243806198 ], [ 16.344979348967303, -7.476932972134756 ], [ 16.335196236485494, -7.488345186803761 ], [ 16.336664681096824, -7.514569928905038 ], [ 16.302833829419772, -7.527588434978197 ], [ 16.27779391388362, -7.562701134883968 ], [ 16.255167576314467, -7.559055032269915 ], [ 16.251230591106491, -7.569706800173895 ], [ 16.230323001062263, -7.577635367286076 ], [ 16.203105184634925, -7.617551936147008 ], [ 16.164377701528299, -7.622408983986398 ], [ 16.146350071643312, -7.61448883850561 ], [ 16.071297949738295, -7.614433390011369 ], [ 16.06060698178613, -7.624110944305654 ], [ 16.03941760502563, -7.621093718278674 ], [ 16.026401545530256, -7.633894254294185 ], [ 16.026041654683443, -7.64938676759043 ], [ 16.040221937956822, -7.666477692677867 ], [ 16.04803531746759, -7.696649898142441 ], [ 16.03521577829623, -7.750084839090535 ], [ 16.045354150744107, -7.756395259409269 ], [ 16.053250869147284, -7.779043780185249 ], [ 16.051878210559245, -7.805674626173756 ], [ 16.061766634432395, -7.830248031555579 ], [ 16.077277219129993, -7.840305247848415 ], [ 16.067791693425182, -7.862684307050097 ], [ 16.077436040224757, -7.895063766018554 ], [ 16.093355555506683, -7.912821119884908 ], [ 16.099475638129057, -7.993567268295601 ], [ 16.112785339529978, -8.006667972631979 ], [ 16.126924467715131, -8.043132455331184 ], [ 16.097385087388361, -8.107269148431021 ], [ 16.099616864025368, -8.147345924747876 ], [ 16.068674124700166, -8.137990890962824 ], [ 16.036788188216811, -8.142412748686626 ], [ 16.023727794891141, -8.16522687853857 ], [ 15.988517728282226, -8.169490928377391 ], [ 15.958565030148719, -8.187299926138417 ], [ 15.955717236721778, -8.203036685507362 ], [ 15.926914895706901, -8.225614292858522 ], [ 15.918365197088402, -8.248523979964753 ], [ 15.899598357881395, -8.256594358184236 ], [ 15.880613511424801, -8.240363835605327 ], [ 15.855552404735374, -8.233583459539121 ], [ 15.816137724940127, -8.236540379670179 ], [ 15.792626425982359, -8.225886477933711 ], [ 15.791733882682113, -8.187967600165416 ], [ 15.784558014521544, -8.175867327311762 ], [ 15.795082972744989, -8.150702046729089 ], [ 15.786752795531989, -8.148784075507246 ], [ 15.773000502965662, -8.116285035571439 ], [ 15.763141368574907, -8.115743720395022 ], [ 15.761063551363996, -8.124451636993038 ], [ 15.732339864013412, -8.115087650438616 ], [ 15.748504113362394, -8.100144296955994 ], [ 15.747316410866485, -8.093122139894385 ], [ 15.732916237616745, -8.094878873756498 ], [ 15.740345081763962, -8.079391546679707 ], [ 15.747530477599803, -8.070674406057302 ], [ 15.759960233120296, -8.080882604955933 ], [ 15.76520262176313, -8.07120167568757 ], [ 15.752411995325133, -8.05906004060081 ], [ 15.734740896204524, -8.058837575047898 ], [ 15.735442943261724, -8.051659247123558 ], [ 15.717958387283915, -8.041204510728464 ], [ 15.721261352960969, -8.031832869185665 ], [ 15.715341730331556, -8.034286473881883 ], [ 15.704743545092459, -8.019086114309784 ], [ 15.647088953902166, -8.013631982202499 ], [ 15.616734029662105, -8.046123126474805 ], [ 15.576354723511798, -8.044563382100348 ], [ 15.492830467995411, -8.067123081446562 ], [ 15.472119865926182, -8.064666648306821 ], [ 15.449150333224981, -8.078680115985707 ], [ 15.419951213409711, -8.062612072369172 ], [ 15.392077014970784, -8.014135995482144 ], [ 15.346071284673091, -8.004111038309839 ], [ 15.34305379712988, -7.964087537959555 ], [ 15.293661818717563, -7.958793096264897 ], [ 15.258908938773263, -7.982145278530576 ], [ 15.243351648244907, -7.981932534592731 ], [ 15.227274981144667, -8.009803257674767 ], [ 15.206687775501226, -8.026699897639281 ], [ 15.214432967064262, -8.11844379497885 ], [ 15.196554695308961, -8.129259873502784 ], [ 15.185029849431064, -8.125108718257193 ], [ 15.20423900296608, -8.191153805792576 ], [ 15.186333457559265, -8.198932298498876 ], [ 15.184801294780659, -8.219306209931046 ], [ 15.160272928925522, -8.224647193686133 ], [ 15.148267212241606, -8.252388280599169 ], [ 15.136337294102375, -8.241505721163792 ], [ 15.115572314615999, -8.252760430081688 ], [ 15.120156700107401, -8.267169403673572 ], [ 15.105331483063456, -8.281222512836509 ], [ 15.104113174821254, -8.304577465500676 ], [ 15.09621890296664, -8.292698854528139 ], [ 15.088057287514456, -8.300064001441735 ], [ 15.085742549813386, -8.291888122935879 ], [ 15.051138596723757, -8.285118044268783 ], [ 15.03816943846914, -8.296638721718145 ], [ 15.025334634623722, -8.293342083122704 ], [ 15.006423453872841, -8.318775467808562 ], [ 14.99190996080646, -8.321892400653189 ], [ 14.954906823070591, -8.283358874934757 ], [ 14.936952536587178, -8.294518980624291 ], [ 14.926904372470506, -8.28172928206771 ], [ 14.900826166975634, -8.283757008416762 ], [ 14.892298482941779, -8.302817445157432 ], [ 14.871062801411394, -8.318061230756394 ], [ 14.864669315072021, -8.358268449917508 ], [ 14.824478926737861, -8.402833520671363 ], [ 14.818901094091164, -8.432060110101395 ], [ 14.785620865643168, -8.421775052188943 ], [ 14.772703090714501, -8.425173609012463 ], [ 14.732101648410545, -8.40839647720785 ], [ 14.718384607122026, -8.411838571011968 ], [ 14.68830682483917, -8.394207407115021 ], [ 14.669566683723989, -8.397393681194179 ], [ 14.660917532766682, -8.40749117482226 ], [ 14.622484440578987, -8.410157469725435 ], [ 14.614785509693018, -8.423106142214257 ], [ 14.599050296622096, -8.401006458788066 ], [ 14.619303830067754, -8.38787945930625 ], [ 14.632986745261967, -8.392822596539387 ], [ 14.636308499244333, -8.383110336058111 ], [ 14.640720582741107, -8.388310394519364 ], [ 14.645140118897615, -8.373943813499066 ], [ 14.669826214526882, -8.357100134762133 ], [ 14.654230274106972, -8.301269386603641 ], [ 14.660340651344494, -8.290292992151086 ], [ 14.638883691048399, -8.280861680938548 ], [ 14.633885905081989, -8.263850323751823 ], [ 14.623272080955374, -8.268378103610511 ], [ 14.61157234596806, -8.262795401159432 ], [ 14.620978024850118, -8.255394869458557 ], [ 14.61274071123384, -8.247230749498039 ], [ 14.620235914364699, -8.247582547729829 ], [ 14.621983258584415, -8.229031587641581 ], [ 14.641786404787549, -8.198549821599658 ], [ 14.639715180826762, -8.185249588965574 ], [ 14.672641897303151, -8.136547876466841 ], [ 14.723982245640688, -8.114677843627019 ], [ 14.714635978946156, -8.086178662175017 ], [ 14.701302060073118, -8.080906149119174 ], [ 14.695159586642692, -8.056138582948128 ], [ 14.708534494796588, -8.035480874906723 ], [ 14.703235573967799, -7.998515823158817 ], [ 14.732567888673387, -7.982119485043585 ], [ 14.731418146589537, -7.967121975999151 ], [ 14.73926885402479, -7.959601671807951 ], [ 14.7316737711086, -7.93962808320178 ], [ 14.701794754005348, -7.916320780199607 ], [ 14.684977982175251, -7.913227200550802 ], [ 14.672723417742173, -7.928149837784618 ], [ 14.619672010727047, -7.919264289685982 ], [ 14.572581131753282, -7.946023879268408 ], [ 14.484965124130422, -7.960535073202882 ], [ 14.463590460720877, -7.951132571163614 ], [ 14.456222341907488, -7.931554581899528 ], [ 14.443904939573038, -7.942647765481384 ], [ 14.424077010067027, -7.934657972374618 ], [ 14.414826496462929, -7.914790525884078 ], [ 14.403807811912461, -7.918442405895446 ], [ 14.397379359454998, -7.907064578737502 ], [ 14.36777399272362, -7.897006058045411 ], [ 14.35547379568991, -7.884102575522226 ], [ 14.343497099118974, -7.882136423635147 ], [ 14.332805723189779, -7.890753685900679 ], [ 14.330342677799823, -7.883868405591935 ], [ 14.310954825619771, -7.882091437585506 ], [ 14.281160678383742, -7.859326743360088 ], [ 14.266042102545473, -7.832603178446954 ], [ 14.246152978612425, -7.822548806880617 ], [ 14.23507741337442, -7.770441121801467 ], [ 14.21588555125517, -7.756466326028525 ], [ 14.211179119724715, -7.73741485355958 ], [ 14.16076934945032, -7.728158223681683 ], [ 14.15453691279156, -7.704283097722856 ], [ 14.141092837016611, -7.69834038142673 ], [ 14.117420571105743, -7.650020148277529 ], [ 14.097517124091752, -7.660070845055392 ], [ 14.054442310448943, -7.655150982630913 ], [ 14.020130109963789, -7.663828664103237 ], [ 14.009176126139076, -7.651558370430292 ], [ 13.985115056240714, -7.648374330004129 ], [ 13.977572938594472, -7.635855661713068 ], [ 13.960385778254379, -7.65456585987471 ], [ 13.94757906395929, -7.657602459286631 ], [ 13.931542076611157, -7.642860142535804 ], [ 13.906511372044237, -7.657506088835811 ], [ 13.889788659612366, -7.639289330821311 ], [ 13.840784151439054, -7.677088564051862 ], [ 13.816876126671394, -7.662816468326087 ], [ 13.838231220469408, -7.633962487250715 ], [ 13.849272446293968, -7.599914937599786 ], [ 13.843820011176254, -7.583686741509036 ], [ 13.87771350719804, -7.57230964526269 ], [ 13.902488471887063, -7.579125142289259 ], [ 13.921608461191413, -7.572539998788455 ], [ 13.950113908740922, -7.529559052765103 ], [ 13.962314040079436, -7.525653295809379 ], [ 13.964859950055695, -7.510381234174149 ], [ 13.94488521769741, -7.48869405292251 ], [ 13.946276638242592, -7.473569641351189 ], [ 13.9111402299652, -7.455150931209934 ], [ 13.909124697177953, -7.433943937423818 ], [ 13.888931595413643, -7.392893810580029 ], [ 13.861289850207291, -7.358465492246383 ], [ 13.865047735060097, -7.33617428455157 ], [ 13.842935142553523, -7.324837953249888 ], [ 13.854150870488267, -7.306131471257929 ], [ 13.875529215845892, -7.299313471601346 ], [ 13.881050084937561, -7.277527725532332 ], [ 13.901707024481523, -7.251282381544813 ], [ 13.952254381321259, -7.236595573432828 ], [ 13.847218791898273, -7.149010397161041 ], [ 13.822274401365673, -7.107646205457355 ], [ 13.834634782656428, -7.077329909228128 ], [ 13.830752172381631, -7.048648642448688 ], [ 13.777486570289897, -7.003250571697764 ], [ 13.804587381453535, -6.988884893247397 ], [ 13.833810787171073, -7.000089698074655 ], [ 13.869540485832752, -6.972017172760717 ], [ 13.896774824763989, -6.964152027246287 ], [ 13.947303550382626, -6.980634814408374 ], [ 13.987747370426982, -6.980824971406788 ], [ 14.008765881556505, -6.938206107094805 ], [ 14.042267456038536, -6.900819593806032 ], [ 14.064843395660274, -6.898049570451695 ], [ 14.079510672676498, -6.887231679827602 ], [ 14.09992707513732, -6.894176249523701 ], [ 14.121081237758393, -6.888360773537952 ], [ 14.144544331949316, -6.893169824380388 ], [ 14.159881443949107, -6.884902562029596 ], [ 14.174494676589067, -6.860569907790973 ], [ 14.236386392109956, -6.83443726628529 ], [ 14.246387352105572, -6.802550425839163 ], [ 14.225126657867992, -6.784069723594458 ], [ 14.238736200653435, -6.764370697077085 ], [ 14.27352226200389, -6.750161033879346 ], [ 14.277369000792373, -6.733844589622576 ], [ 14.287435984831109, -6.739204745114661 ], [ 14.283795892856599, -6.726651857834712 ], [ 14.290671872556526, -6.720134876800957 ], [ 14.320782651139119, -6.720402624830749 ], [ 14.335374450830418, -6.709675503072768 ], [ 14.345221478934089, -6.711376780317272 ], [ 14.374983615176085, -6.687136132184849 ], [ 14.408883017683749, -6.697914143905473 ], [ 14.452558190592946, -6.678753380001959 ], [ 14.503081705332566, -6.676975981742276 ], [ 14.508235863054431, -6.664667456051157 ], [ 14.525145232352799, -6.658219296719073 ], [ 14.515160821572515, -6.65159098303573 ], [ 14.5481716425925, -6.639261954258716 ], [ 14.549779801873264, -6.626905700403244 ], [ 14.558945573778459, -6.625872543066761 ], [ 14.572431408776954, -6.606931138301123 ], [ 14.630903785199934, -6.616741010457408 ], [ 14.642075254623688, -6.606867934080599 ], [ 14.678964445288756, -6.60512809610824 ], [ 14.703641175815552, -6.59505523181482 ], [ 14.77024994290792, -6.551725442425807 ], [ 14.814386974237159, -6.561480863858696 ], [ 14.825542135109515, -6.54909407525818 ], [ 14.81903192990508, -6.524742131708253 ], [ 14.839288479731927, -6.500833929370989 ], [ 14.876848864665515, -6.395848121621276 ], [ 14.899702226148381, -6.36060012557588 ], [ 14.915021466839029, -6.360074182334033 ], [ 14.929704221550644, -6.330820834795562 ], [ 14.971377857323098, -6.283504473375215 ], [ 14.964844718227965, -6.259319177541981 ], [ 14.930645995348701, -6.232635186064043 ], [ 14.936831310355192, -6.146529530189119 ], [ 14.913376834975534, -6.140753097790133 ], [ 14.903148083274154, -6.112414609193687 ], [ 14.892731826750882, -6.107935181486349 ], [ 14.896844312611535, -6.071564331276727 ], [ 14.889496178358819, -6.04899158186806 ], [ 14.87664204053587, -6.045191095522076 ], [ 14.874467691318483, -6.011514168298296 ], [ 14.845116971501326, -5.992639353362664 ], [ 14.838057671421723, -5.958817817718357 ], [ 14.796831065313842, -5.930611347601525 ], [ 14.786301810984703, -5.881210501179238 ], [ 14.962999343999961, -5.873364924999938 ], [ 15.525872231000015, -5.876890181999942 ], [ 15.670106888000035, -5.870100974999884 ], [ 15.856948853000041, -5.880745887999931 ], [ 16.384334564000014, -5.867562770999927 ] ] ] } },
{ "type": "Feature", "properties": { "loc": "AO-A1-0018" }, "geometry": { "type": "MultiPolygon", "coordinates": [ [ [ [ 12.664001465044448, -6.030897140774597 ], [ 12.642162323081683, -6.05387687670064 ], [ 12.605628966652381, -6.037983893825652 ], [ 12.65504074068655, -6.026062012236158 ], [ 12.664001465044448, -6.030897140774597 ] ] ], [ [ [ 12.808317183739957, -6.02385187075131 ], [ 12.796827315776936, -6.026606083188272 ], [ 12.795218468206569, -6.02522611577673 ], [ 12.803032875315877, -6.016721248770788 ], [ 12.808317183739957, -6.02385187075131 ] ] ], [ [ [ 12.763508797342025, -6.012101173314624 ], [ 12.763048171784595, -6.020380020006014 ], [ 12.740985870250652, -6.024965762943749 ], [ 12.720075606552859, -6.019895076780616 ], [ 12.763508797342025, -6.012101173314624 ] ] ], [ [ [ 12.868066787900821, -5.997435093239082 ], [ 12.841178894239567, -6.017889022944148 ], [ 12.833826065069863, -6.014437199201575 ], [ 12.868066787900821, -5.997435093239082 ] ] ], [ [ [ 12.790397644284822, -5.9969377519599 ], [ 12.781893729660785, -6.007741928231583 ], [ 12.780284882090596, -6.005671977563823 ], [ 12.790397644284822, -5.9969377519599 ] ] ], [ [ [ 12.859565734919618, -5.991451739989953 ], [ 12.851522445853012, -5.997198104792881 ], [ 12.849684715426156, -5.99213695504052 ], [ 12.859565734919618, -5.991451739989953 ] ] ], [ [ [ 12.807173729033215, -5.990046978269584 ], [ 12.798439980070063, -5.998322010036953 ], [ 12.793155669847243, -5.995560168651052 ], [ 12.803957938656827, -5.981078148321975 ], [ 12.807173729033215, -5.990046978269584 ] ] ], [ [ [ 12.920229911829926, -5.980897902600338 ], [ 12.907132148678711, -5.992851256864165 ], [ 12.905293464970311, -5.990781307095775 ], [ 12.920229911829926, -5.980897902600338 ] ] ], [ [ [ 12.794765471598167, -5.984982013593291 ], [ 12.755238532880851, -6.006576538160827 ], [ 12.731569290339449, -5.998513698732358 ], [ 12.789251327935423, -5.97968959778076 ], [ 12.794765471598167, -5.984982013593291 ] ] ], [ [ [ 12.950791358882972, -5.956532001135054 ], [ 12.942749023097909, -5.964118003826938 ], [ 12.940450668012813, -5.96250724789528 ], [ 12.950791358882972, -5.956532001135054 ] ] ], [ [ [ 12.904604911636318, -5.984571934431374 ], [ 12.876799582683594, -5.983870983043596 ], [ 12.884613990692094, -5.978353023557284 ], [ 12.874962807336663, -5.963863850020759 ], [ 12.903225899304791, -5.953985213730887 ], [ 12.93086814879487, -5.928674221022648 ], [ 12.942519187859068, -5.928243159778082 ], [ 12.920229911829926, -5.952383040928636 ], [ 12.922988891573082, -5.972159862971496 ], [ 12.904604911636318, -5.984571934431374 ] ] ], [ [ [ 13.986272812402765, -5.841628075370467 ], [ 14.038133621132152, -5.884214878209152 ], [ 14.078950881940067, -5.866124152802469 ], [ 14.163992881728493, -5.868792533943404 ], [ 14.177256584186448, -5.861607074901679 ], [ 14.231593132079823, -5.88922309926169 ], [ 14.295199394299019, -5.882301331336462 ], [ 14.36602020323221, -5.896040439709585 ], [ 14.458630561999986, -5.901174544999913 ], [ 14.509121895000021, -5.890382766999883 ], [ 14.595140456999989, -5.910247802999949 ], [ 14.699072838000049, -5.881036757999928 ], [ 14.786301810984703, -5.881210501179238 ], [ 14.796831065313842, -5.930611347601525 ], [ 14.838057671421723, -5.958817817718357 ], [ 14.845116971501326, -5.992639353362664 ], [ 14.874467691318483, -6.011514168298296 ], [ 14.87664204053587, -6.045191095522076 ], [ 14.889496178358819, -6.04899158186806 ], [ 14.896844312611535, -6.071564331276727 ], [ 14.892731826750882, -6.107935181486349 ], [ 14.903148083274154, -6.112414609193687 ], [ 14.913376834975534, -6.140753097790133 ], [ 14.936831310355192, -6.146529530189119 ], [ 14.930645995348701, -6.232635186064043 ], [ 14.964844718227965, -6.259319177541981 ], [ 14.971377857323098, -6.283504473375215 ], [ 14.929704221550644, -6.330820834795562 ], [ 14.915021466839029, -6.360074182334033 ], [ 14.899702226148381, -6.36060012557588 ], [ 14.876848864665515, -6.395848121621276 ], [ 14.839288479731927, -6.500833929370989 ], [ 14.81903192990508, -6.524742131708253 ], [ 14.825542135109515, -6.54909407525818 ], [ 14.814386974237159, -6.561480863858696 ], [ 14.77024994290792, -6.551725442425807 ], [ 14.703641175815552, -6.59505523181482 ], [ 14.678964445288756, -6.60512809610824 ], [ 14.642075254623688, -6.606867934080599 ], [ 14.630903785199934, -6.616741010457408 ], [ 14.572431408776954, -6.606931138301123 ], [ 14.558945573778459, -6.625872543066761 ], [ 14.549779801873264, -6.626905700403244 ], [ 14.5481716425925, -6.639261954258716 ], [ 14.515160821577044, -6.651590982832692 ], [ 14.525145232528835, -6.658219296578386 ], [ 14.508235862857166, -6.664667456333154 ], [ 14.503081705218968, -6.676975981651326 ], [ 14.452558190170794, -6.678753380159433 ], [ 14.408883017899399, -6.69791414411757 ], [ 14.374983614764414, -6.687136131822117 ], [ 14.345221478850601, -6.711376780209358 ], [ 14.335374451032479, -6.709675503017168 ], [ 14.320782651360719, -6.720402624476632 ], [ 14.29067187257127, -6.720134876518427 ], [ 14.283795892728701, -6.72665185779208 ], [ 14.287435985045072, -6.739204745097963 ], [ 14.277369001040974, -6.733844589651175 ], [ 14.273522261605542, -6.750161033599925 ], [ 14.238736200677504, -6.764370696945191 ], [ 14.225126657631559, -6.784069724033662 ], [ 14.246387352057077, -6.802550426056412 ], [ 14.236386391780975, -6.834437266062091 ], [ 14.17449467625076, -6.860569908169781 ], [ 14.159881443935873, -6.884902561698928 ], [ 14.144544332017706, -6.893169824223092 ], [ 14.121081237471511, -6.888360773326122 ], [ 14.099927074936947, -6.894176249229625 ], [ 14.07951067304154, -6.887231679893238 ], [ 14.064843395968383, -6.898049570826151 ], [ 14.042267455640987, -6.900819594243993 ], [ 14.008765881298045, -6.938206107207249 ], [ 13.987747370702317, -6.980824971776181 ], [ 13.947303550675992, -6.980634814626155 ], [ 13.896774824955925, -6.96415202757518 ], [ 13.869540485462737, -6.972017172635573 ], [ 13.833810787495525, -7.000089698262149 ], [ 13.804587381460196, -6.988884892904649 ], [ 13.777486570606444, -7.003250571537803 ], [ 13.830752172168735, -7.048648642407299 ], [ 13.834634782862663, -7.077329909234257 ], [ 13.822274401735955, -7.107646205594223 ], [ 13.847218792107261, -7.149010397198433 ], [ 13.952254381128524, -7.236595573613128 ], [ 13.901707024153518, -7.251282381263261 ], [ 13.881050085087042, -7.277527725510483 ], [ 13.875529216293979, -7.299313472025451 ], [ 13.854150870759783, -7.306131471676439 ], [ 13.84293514223671, -7.324837952995514 ], [ 13.865047734758916, -7.33617428420216 ], [ 13.861289850140233, -7.358465491975222 ], [ 13.888931595110774, -7.392893810687143 ], [ 13.909124697140738, -7.433943937449131 ], [ 13.911140229831441, -7.45515093155659 ], [ 13.946276637850284, -7.473569641512126 ], [ 13.944885217572443, -7.488694052974468 ], [ 13.964859949820505, -7.510381233793209 ], [ 13.962314040154576, -7.525653295949178 ], [ 13.950113908323923, -7.529559052494653 ], [ 13.921608460755584, -7.572539998508502 ], [ 13.902488472059014, -7.579125142097945 ], [ 13.877713506766652, -7.572309645260292 ], [ 13.843820011278217, -7.583686741835974 ], [ 13.848631520022357, -7.602694541905889 ], [ 13.838032542961185, -7.634415054097824 ], [ 13.817614813666433, -7.662590765237956 ], [ 13.792305907385403, -7.662015129880709 ], [ 13.777990802127514, -7.672320146443981 ], [ 13.776176032291774, -7.68289455222814 ], [ 13.743111844829501, -7.697814816686735 ], [ 13.709143037414949, -7.698500056019123 ], [ 13.695144321746787, -7.688945277289042 ], [ 13.658316341120001, -7.697086201253503 ], [ 13.65088420523559, -7.7047670095762 ], [ 13.657400203550283, -7.712727462988381 ], [ 13.634810984732846, -7.728221367208624 ], [ 13.617422157700164, -7.719439463147074 ], [ 13.597107884614877, -7.737689827210096 ], [ 13.546128636321251, -7.73421752680378 ], [ 13.54078161996952, -7.753615894344415 ], [ 13.528210535781325, -7.765049581659214 ], [ 13.504921326951356, -7.753727306856076 ], [ 13.481415927396865, -7.759146654780627 ], [ 13.412633604550892, -7.711653826249401 ], [ 13.390691024364985, -7.721161636086974 ], [ 13.363747290898507, -7.719487287294827 ], [ 13.350530134651704, -7.734292464611917 ], [ 13.315922997442085, -7.737537176286017 ], [ 13.29861656359723, -7.769301850586233 ], [ 13.25994150319154, -7.745486838732921 ], [ 13.250169847554181, -7.764624961359226 ], [ 13.232357073813626, -7.765337253197982 ], [ 13.222105513852076, -7.785729900400954 ], [ 13.171424641727556, -7.805792002685111 ], [ 13.128507821872224, -7.798216472598499 ], [ 13.108706483411224, -7.813394997167725 ], [ 13.072887420711597, -7.759109496592368 ], [ 13.027045250131939, -7.631206035616392 ], [ 13.006782531582315, -7.607091903854593 ], [ 13.00977230074478, -7.586195469032001 ], [ 12.973391533186438, -7.528774737550462 ], [ 12.915379524439262, -7.350067616413694 ], [ 12.897429465591069, -7.316751956923598 ], [ 12.855084419404148, -7.270793438352877 ], [ 12.842207909261292, -7.145125388911891 ], [ 12.848424910874632, -7.108366488808718 ], [ 12.821290970259723, -6.974400043308529 ], [ 12.741488456684634, -6.851414679624904 ], [ 12.574560165268343, -6.674563407659276 ], [ 12.374966620562054, -6.289559364357414 ], [ 12.284728050208214, -6.160932064247474 ], [ 12.271430969412654, -6.119758128718869 ], [ 12.283163070668122, -6.103676318791221 ], [ 12.33558273340538, -6.074759006906808 ], [ 12.324304581140487, -6.100041866123332 ], [ 12.302930832041168, -6.100938320231434 ], [ 12.286374091939754, -6.112877845620327 ], [ 12.309586524747294, -6.110144615265837 ], [ 12.319917679206503, -6.127171516436439 ], [ 12.314623832572734, -6.139122485698381 ], [ 12.289564132927387, -6.149441718744489 ], [ 12.303344727026476, -6.160035610139373 ], [ 12.327725409748778, -6.137066841445785 ], [ 12.346109389685543, -6.138926982978058 ], [ 12.327271460758203, -6.126719952447926 ], [ 12.334860801733603, -6.119599819260349 ], [ 12.357156754329777, -6.115255356333785 ], [ 12.388635634875554, -6.129313468625833 ], [ 12.366814613352693, -6.10905504164109 ], [ 12.411629677216672, -6.109790802187979 ], [ 12.446109771697598, -6.099247932030641 ], [ 12.462422371044466, -6.107769488655071 ], [ 12.484957695290253, -6.086174488346133 ], [ 12.52492809330583, -6.120931625278351 ], [ 12.510923386354198, -6.092865944392015 ], [ 12.515523911448232, -6.081373692326123 ], [ 12.531381606724777, -6.083455085967651 ], [ 12.530238152018034, -6.070349216327445 ], [ 12.569770813121471, -6.059802054605226 ], [ 12.574587822119197, -6.080730915383606 ], [ 12.589292526278049, -6.08419084471589 ], [ 12.576889037947756, -6.071075438664733 ], [ 12.585854529611671, -6.06234455134406 ], [ 12.612977027616699, -6.049946307859924 ], [ 12.644227982184651, -6.063536644085024 ], [ 12.674344063376706, -6.022164821733226 ], [ 12.708580017103086, -6.037825107726716 ], [ 12.739832878233768, -6.041522503045163 ], [ 12.778671265415474, -6.03326606835847 ], [ 12.804866790818712, -6.042937756256586 ], [ 12.834282874803725, -6.035822392173854 ], [ 12.866227150011865, -6.013070583125094 ], [ 12.918621063360368, -5.992394923770897 ], [ 12.92919158856982, -5.973542690227044 ], [ 12.952169417933311, -5.965500831981855 ], [ 12.95630455016372, -5.917209624908329 ], [ 13.028182030125455, -5.873306750590205 ], [ 13.079639435405353, -5.872715472860405 ], [ 13.102676391595923, -5.89427566490969 ], [ 13.122683524618671, -5.90089511943385 ], [ 13.184176444780869, -5.874974250580825 ], [ 13.247782707000065, -5.865143775684315 ], [ 13.359085083203757, -5.90070629058245 ], [ 13.395744324035073, -5.87047338475856 ], [ 13.506930351348332, -5.86876201627368 ], [ 13.548546791095271, -5.878983020869347 ], [ 13.829268456436504, -5.875071525825307 ], [ 13.894897461211285, -5.855295181322676 ], [ 13.951417922761332, -5.857853889240664 ], [ 13.986272812402765, -5.841628075370467 ] ] ] ] } }
]
}
