{
"type": "FeatureCollection",
"name": "regions_ZA",
"crs": { "type": "name", "properties": { "name": "urn:ogc:def:crs:OGC:1.3:CRS84" } },
"features": [
{ "type": "Feature", "properties": { "loc": "ZA-A1-0001" }, "geometry": { "type": "MultiPolygon", "coordinates": [ [ [ [ 37.724006653000117, -46.827560424999945 ], [ 37.677093506000119, -46.83679199199986 ], [ 37.659542084000122, -46.868301391999921 ], [ 37.614757538000106, -46.892517089999956 ], [ 37.59247970600012, -46.937484740999935 ], [ 37.604286194, -46.958541869999863 ], [ 37.667991638000046, -46.97731018099995 ], [ 37.779735565000124, -46.96212005599989 ], [ 37.842388153000059, -46.978900908999947 ], [ 37.912834167000199, -46.904289245999905 ], [ 37.847831726000095, -46.851470946999939 ], [ 37.724006653000117, -46.827560424999945 ] ] ], [ [ [ 37.901977539000029, -46.610187530999895 ], [ 37.872474670000145, -46.628925322999862 ], [ 37.937576294000053, -46.676040648999901 ], [ 37.997615814000142, -46.658275603999925 ], [ 37.983455658000025, -46.625217437999936 ], [ 37.901977539000029, -46.610187530999895 ] ] ], [ [ [ 18.377973557000075, -33.822765349999884 ], [ 18.36935806300005, -33.807464599999889 ], [ 18.36992454500006, -33.794647216999863 ], [ 18.354856491000135, -33.810695647999921 ], [ 18.377973557000075, -33.822765349999884 ] ] ], [ [ [ 18.086147308000193, -33.408588408999947 ], [ 18.07028198200004, -33.412643432999914 ], [ 18.081808090000152, -33.428321837999874 ], [ 18.091733932000068, -33.427192687999877 ], [ 18.086147308000193, -33.408588408999947 ] ] ], [ [ [ 18.198650360000102, -31.684034347999898 ], [ 18.190589905000081, -31.694061278999925 ], [ 18.195932388000074, -31.695693969999923 ], [ 18.198650360000102, -31.684034347999898 ] ] ], [ [ [ 18.759479523000152, -30.567571639999869 ], [ 18.655921936000084, -30.556394576999935 ], [ 18.57089805600009, -30.42993926999992 ], [ 18.502931595000064, -30.444105147999949 ], [ 18.484403610000129, -30.521595000999923 ], [ 18.523023605000162, -30.606184005999921 ], [ 18.381332397000165, -30.459321975999956 ], [ 18.414543152000078, -30.52702903699992 ], [ 18.371936798000036, -30.591768264999871 ], [ 18.371828079000181, -30.659313201999908 ], [ 18.264957428000059, -30.818006515999855 ], [ 18.196027756000149, -30.815708159999929 ], [ 18.206621170000062, -30.831014632999938 ], [ 18.169969559000151, -30.848255156999926 ], [ 18.081714630000079, -30.78452300999993 ], [ 18.007284164000112, -30.790918349999856 ], [ 17.994171143000074, -30.918430327999943 ], [ 17.881101608000108, -30.923631667999928 ], [ 17.878723145000038, -30.948348998999904 ], [ 17.926847458000054, -31.009712218999937 ], [ 17.812185287000091, -31.092184066999891 ], [ 17.83522415200008, -31.176218032999884 ], [ 17.759452820000206, -31.152290343999937 ], [ 17.871177673000091, -31.27229499799995 ], [ 17.906854630000169, -31.359807967999927 ], [ 18.11067771900008, -31.574117660999946 ], [ 18.183919907000131, -31.69082069399991 ], [ 18.193796158000112, -31.657232284999907 ], [ 18.204286575000026, -31.688188552999918 ], [ 18.198848724000186, -31.700057982999851 ], [ 18.18785476700009, -31.702285766999864 ], [ 18.221263885000042, -31.750528335999945 ], [ 18.23154068000008, -31.815799712999933 ], [ 18.281972885000073, -31.895456313999944 ], [ 18.267749786000195, -31.938627242999928 ], [ 18.310375214000089, -32.080802916999914 ], [ 18.297803879000071, -32.126007079999852 ], [ 18.340713501000039, -32.294696807999912 ], [ 18.313087463000045, -32.317459105999887 ], [ 18.330560684000091, -32.47995376599988 ], [ 18.285913467000171, -32.623558043999878 ], [ 18.251495361000082, -32.673954009999932 ], [ 18.13788795500011, -32.776714324999944 ], [ 18.054101944000138, -32.783451079999907 ], [ 17.968605042000092, -32.703662871999938 ], [ 17.953559875, -32.725376128999869 ], [ 17.920299530000079, -32.719833373999847 ], [ 17.900306702000194, -32.742210387999933 ], [ 17.900772095000036, -32.806163787999935 ], [ 17.845703125000171, -32.824722289999897 ], [ 17.884700775000056, -32.86952590899989 ], [ 17.858350754000071, -32.904418944999861 ], [ 17.884466171000042, -32.927726745999848 ], [ 17.871950150000146, -32.998146056999929 ], [ 17.904317856000034, -33.010303496999882 ], [ 17.890855789000057, -33.027740478999931 ], [ 17.910039902000108, -33.045654296999942 ], [ 17.937253952000106, -33.038059234999935 ], [ 17.95987510700013, -33.025882720999903 ], [ 17.951038361000087, -33.003902434999873 ], [ 17.981792450000171, -32.996017455999947 ], [ 18.020044327000107, -33.013927459999877 ], [ 18.041166306000093, -33.051849364999953 ], [ 18.034187317000033, -33.102619170999958 ], [ 18.08413505600015, -33.138031005999949 ], [ 18.081975937000095, -33.166118621999885 ], [ 18.112712860000158, -33.187759398999901 ], [ 18.121572495, -33.177635192999958 ], [ 18.120748520000177, -33.189975738999863 ], [ 18.084863663000135, -33.192153930999893 ], [ 18.032985687000121, -33.144500731999926 ], [ 17.992599487000064, -33.065071105999891 ], [ 17.975866318000101, -33.066772460999857 ], [ 17.980230331000143, -33.090591430999893 ], [ 17.955196381000064, -33.101970672999926 ], [ 17.973237991000133, -33.137008666999918 ], [ 18.01338005100007, -33.148380279999856 ], [ 18.097734451000122, -33.228065490999938 ], [ 18.156362534000095, -33.327579497999864 ], [ 18.145307541000136, -33.349975585999914 ], [ 18.281993866000164, -33.454925536999895 ], [ 18.32198715200002, -33.517959594999866 ], [ 18.308837891000167, -33.564575194999861 ], [ 18.345615387000066, -33.57221603399995 ], [ 18.402416229000096, -33.631401061999895 ], [ 18.437158585000191, -33.702182769999922 ], [ 18.433343887000206, -33.745105742999897 ], [ 18.4771251680001, -33.835075377999942 ], [ 18.478784561000168, -33.891769408999949 ], [ 18.447175980000111, -33.913059234999935 ], [ 18.422962189000089, -33.895706176999852 ], [ 18.386005402000194, -33.901382445999957 ], [ 18.368055344000197, -33.966598510999916 ], [ 18.311496735000048, -34.02753829999989 ], [ 18.331285477000108, -34.053890227999887 ], [ 18.351137161000054, -34.041030883999952 ], [ 18.359935760000042, -34.049911498999904 ], [ 18.347896576000096, -34.11677551299988 ], [ 18.320886612000095, -34.146041869999863 ], [ 18.359735489000059, -34.181274413999859 ], [ 18.379850388000193, -34.272056579999912 ], [ 18.423377991000052, -34.326278686999956 ], [ 18.49243164100011, -34.354087829999912 ], [ 18.459989548000181, -34.320335387999933 ], [ 18.475183487000095, -34.237548827999944 ], [ 18.443666458000166, -34.185718535999854 ], [ 18.424423218000072, -34.180046081999933 ], [ 18.434579849000158, -34.128913878999867 ], [ 18.473917007000125, -34.103057860999911 ], [ 18.631370544000163, -34.069187163999914 ], [ 18.791137695000145, -34.085311889999957 ], [ 18.859294891000104, -34.155277251999905 ], [ 18.812232971000128, -34.185894011999892 ], [ 18.850465775000202, -34.240184783999894 ], [ 18.805868149, -34.302997588999858 ], [ 18.826120377000052, -34.339363097999865 ], [ 18.805591583000023, -34.34975051899994 ], [ 18.821767807000185, -34.385028838999858 ], [ 18.853975296000044, -34.387950896999882 ], [ 18.861921310000071, -34.370395659999872 ], [ 18.911901474000103, -34.357746123999902 ], [ 18.964157104000094, -34.358234405999951 ], [ 18.986396790000072, -34.336883544999921 ], [ 19.07086753800013, -34.359039306999875 ], [ 19.04926681500018, -34.34611892699985 ], [ 19.085580826000182, -34.354209899999944 ], [ 19.137973785000099, -34.307884215999877 ], [ 19.149406433000138, -34.315895080999951 ], [ 19.121871948000205, -34.357925414999897 ], [ 19.083587646000126, -34.364906310999913 ], [ 19.11599731400014, -34.393238067999846 ], [ 19.112630844000137, -34.413513183999896 ], [ 19.217460631999984, -34.439357757999915 ], [ 19.274288177000187, -34.417675017999898 ], [ 19.313764572000196, -34.439796447999868 ], [ 19.365835190000155, -34.50616455099987 ], [ 19.369987488000163, -34.552631377999887 ], [ 19.294328690000043, -34.633506774999944 ], [ 19.411741257000131, -34.616989135999916 ], [ 19.446123123000064, -34.659282683999947 ], [ 19.522048950000055, -34.677600860999917 ], [ 19.610225677000074, -34.761409759999935 ], [ 19.629411697000137, -34.761157989999901 ], [ 19.637973784999986, -34.789653777999888 ], [ 19.665098190000094, -34.791965484999935 ], [ 19.691629410000075, -34.767192840999883 ], [ 19.870424271000047, -34.770404815999882 ], [ 19.938678741000047, -34.820064544999866 ], [ 20.005331039000055, -34.839828490999935 ], [ 20.055110931000172, -34.821437835999916 ], [ 20.041200638000021, -34.785015105999946 ], [ 20.073421478000057, -34.742233275999922 ], [ 20.144365311000115, -34.708183288999919 ], [ 20.230701447000115, -34.695411681999929 ], [ 20.237573624000049, -34.651836394999862 ], [ 20.39197158800016, -34.573780059999933 ], [ 20.433286667000061, -34.518558501999848 ], [ 20.511913300000174, -34.477184295999848 ], [ 20.660406113000079, -34.451572417999898 ], [ 20.841093063000017, -34.474693297999863 ], [ 20.863101959000119, -34.454833983999947 ], [ 20.862874985000133, -34.42985153199993 ], [ 20.840845108000053, -34.411441802999946 ], [ 20.754184723000094, -34.395305633999953 ], [ 20.844158173000153, -34.403732299999945 ], [ 20.893518448000123, -34.375823974999889 ], [ 20.998079300000143, -34.365230559999929 ], [ 21.001409531000093, -34.346199035999916 ], [ 21.004341125000167, -34.36812591599994 ], [ 21.143507004000185, -34.389587401999847 ], [ 21.290708542000118, -34.440601348999849 ], [ 21.410907745000088, -34.405902862999937 ], [ 21.42517662, -34.390144347999922 ], [ 21.406066895000095, -34.352428435999911 ], [ 21.428016663000108, -34.377601623999908 ], [ 21.539903641000194, -34.358646392999958 ], [ 21.723442078000062, -34.400852202999943 ], [ 21.875061035000158, -34.358425139999952 ], [ 21.82230567900001, -34.310165404999907 ], [ 21.829629898, -34.291957854999907 ], [ 21.849691391000192, -34.332138061999899 ], [ 21.902975082000069, -34.34556961099986 ], [ 21.906581879000157, -34.319969176999905 ], [ 21.937881470000036, -34.30303955099987 ], [ 21.911571503000175, -34.294162749999941 ], [ 21.909835815000065, -34.272830962999933 ], [ 21.960512161000167, -34.226409911999951 ], [ 22.161764145000063, -34.184356688999912 ], [ 22.114564896000047, -34.156505584999934 ], [ 22.132213593000017, -34.110023498999908 ], [ 22.167715073000068, -34.080711364999956 ], [ 22.264307022000196, -34.051433562999932 ], [ 22.486236572000166, -34.04833602899987 ], [ 22.571941376000041, -33.996723174999943 ], [ 22.78073692300012, -34.025226592999957 ], [ 22.975927353000145, -34.087848662999932 ], [ 23.011039734000065, -34.06858444199986 ], [ 23.057207108000114, -34.082332610999913 ], [ 23.038633347000086, -34.059799193999936 ], [ 23.000154495000118, -34.050899505999951 ], [ 22.985202789000084, -34.025405883999952 ], [ 22.995178223000153, -34.015842437999936 ], [ 23.012916565000182, -34.036773681999932 ], [ 23.053562164000141, -34.050262450999924 ], [ 23.057210922000024, -34.039520263999918 ], [ 23.064231872999983, -34.060615539999958 ], [ 23.052673340000126, -34.059871673999908 ], [ 23.073736191000194, -34.08126831099986 ], [ 23.409641266000108, -34.106903075999924 ], [ 23.373058319000052, -34.086223601999848 ], [ 23.38224601700017, -34.046638488999918 ], [ 23.416439056000172, -34.016490935999855 ], [ 23.563079834000064, -33.98085403399989 ], [ 23.651117325000087, -33.978469848999907 ], [ 23.634721756000033, -33.951461791999918 ], [ 23.637521744000082, -33.913002013999915 ], [ 23.65709877, -33.906909942999903 ], [ 23.647699356000203, -33.892562865999935 ], [ 23.703830719000166, -33.863933562999932 ], [ 23.56245231600019, -33.828807830999892 ], [ 23.557867050000084, -33.793273925999927 ], [ 23.519351959000176, -33.781993865999937 ], [ 23.488508224000157, -33.791530608999949 ], [ 23.489419937000036, -33.80749511699986 ], [ 23.395122528, -33.792926787999932 ], [ 23.430574417000116, -33.761627196999939 ], [ 23.44044113200016, -33.717247008999948 ], [ 23.541772842000171, -33.699409484999876 ], [ 23.556703568000046, -33.651165008999953 ], [ 23.586391449000189, -33.672599791999858 ], [ 23.67093277000015, -33.672416686999895 ], [ 23.675476074000187, -33.625724791999914 ], [ 23.620386124000163, -33.591346740999938 ], [ 23.617273331000092, -33.569435119999923 ], [ 23.596700668000096, -33.572376250999923 ], [ 23.604496002000076, -33.496250152999892 ], [ 23.496137619000194, -33.443286895999904 ], [ 23.35539436300013, -33.441020965999883 ], [ 23.364583969000194, -33.461597442999846 ], [ 23.297643661000052, -33.388488769999924 ], [ 23.135322571000017, -33.387462615999937 ], [ 22.935312270999987, -33.428981780999948 ], [ 22.774967194000169, -33.419582366999919 ], [ 22.785039902000108, -33.415374755999949 ], [ 22.736280441000076, -33.394607543999939 ], [ 22.739805222000143, -33.323818206999874 ], [ 22.773923874000161, -33.326095580999947 ], [ 22.774360657000159, -33.308879851999848 ], [ 22.790802002000078, -33.307147979999911 ], [ 22.840761185000076, -33.220050811999954 ], [ 22.877733231000093, -33.186767577999888 ], [ 22.892803192000031, -33.141468047999922 ], [ 22.955839157000014, -33.072978972999863 ], [ 22.958383560000129, -33.044887542999845 ], [ 22.934623718000125, -33.021480559999929 ], [ 22.969781876000184, -32.993198394999922 ], [ 22.94928550700007, -32.949863433999951 ], [ 23.004209518000152, -32.898109435999856 ], [ 23.007974625000202, -32.872634887999936 ], [ 23.098535538000135, -32.873516082999913 ], [ 23.1169490810002, -32.857814788999917 ], [ 23.089864731000091, -32.798976897999921 ], [ 23.148513794000166, -32.835910796999883 ], [ 23.201612473000012, -32.785175322999919 ], [ 23.379131317000201, -32.824859618999938 ], [ 23.398260117000177, -32.763294219999921 ], [ 23.3521213530002, -32.763607024999885 ], [ 23.354017258000113, -32.729263305999893 ], [ 23.333379745000116, -32.703422545999956 ], [ 23.2700901030002, -32.671295165999936 ], [ 23.301837921000129, -32.651599883999893 ], [ 23.307817459000205, -32.611431121999942 ], [ 23.288682938000136, -32.551025390999939 ], [ 23.244998932000101, -32.513034820999906 ], [ 23.248069763000046, -32.465137481999932 ], [ 23.222139359000039, -32.42484283399989 ], [ 23.307851791000189, -32.395721435999917 ], [ 23.333574295000062, -32.350940703999868 ], [ 23.410375595000062, -32.38900375399993 ], [ 23.449058533000027, -32.323482512999931 ], [ 23.665662766000196, -32.344036101999848 ], [ 23.678876877000107, -32.328910827999948 ], [ 23.648046494000141, -32.297420501999852 ], [ 23.670469283999978, -32.23734283399989 ], [ 23.766740799000104, -32.178527831999929 ], [ 23.851585388000103, -32.242317199999889 ], [ 23.8928050990001, -32.254753112999879 ], [ 23.962394714000197, -32.206039428999929 ], [ 24.0316410060002, -32.192489623999904 ], [ 24.044351578000089, -32.180908202999888 ], [ 24.038801193000097, -32.157806395999955 ], [ 24.100622177, -32.163791655999944 ], [ 24.130853653000088, -32.131752013999915 ], [ 24.13593483000011, -32.097648620999848 ], [ 24.110176086000138, -32.084075927999947 ], [ 24.098373413000104, -32.110580443999936 ], [ 24.103347778, -32.069683074999944 ], [ 24.141563416000054, -32.051151275999871 ], [ 24.129104614000028, -32.041038512999876 ], [ 24.141361237000126, -32.011497497999926 ], [ 24.211114883, -32.011772155999893 ], [ 24.226938248000181, -31.954572677999863 ], [ 24.164695740000013, -31.902200698999934 ], [ 24.104640961000143, -31.906381606999901 ], [ 24.123762131000035, -31.846853255999918 ], [ 24.152294159, -31.854230880999864 ], [ 24.153997421000099, -31.822124480999946 ], [ 24.181615829000123, -31.812639235999939 ], [ 24.152837753000085, -31.787895202999948 ], [ 24.071119308000107, -31.806194304999906 ], [ 24.029016495000178, -31.729961394999862 ], [ 24.047342300000082, -31.706476211999927 ], [ 23.963563919000194, -31.70645904499986 ], [ 23.947454453000091, -31.774131774999944 ], [ 23.892723083000078, -31.835952758999952 ], [ 23.829862595000122, -31.780065535999938 ], [ 23.837656021000157, -31.76770210299992 ], [ 23.808958054000016, -31.763500213999862 ], [ 23.848127365000039, -31.729000091999922 ], [ 23.842063904000099, -31.714843749999943 ], [ 23.757003784000119, -31.695503234999933 ], [ 23.715652466000108, -31.646831511999892 ], [ 23.639995575000057, -31.659877776999849 ], [ 23.619659424000076, -31.649223327999891 ], [ 23.57505226100011, -31.688949584999932 ], [ 23.524414062000062, -31.705108642999846 ], [ 23.416984558000195, -31.672010421999914 ], [ 23.40762329100005, -31.713586806999956 ], [ 23.347461700000053, -31.709857940999882 ], [ 23.302953720000176, -31.72993659999986 ], [ 23.263975143000152, -31.778129577999891 ], [ 23.262899399000162, -31.815187453999897 ], [ 23.225568771000098, -31.853834151999934 ], [ 23.230907440000124, -31.875490188999947 ], [ 23.099031448000119, -31.977502822999952 ], [ 23.053138733000196, -31.939573287999849 ], [ 23.067935944000169, -31.890537261999896 ], [ 22.976381302000163, -31.860626220999848 ], [ 22.902496338000049, -31.875568389999955 ], [ 22.875272751000068, -31.861436843999854 ], [ 22.859527588000162, -31.818080901999849 ], [ 22.777435303000175, -31.856697082999915 ], [ 22.735654831000204, -31.799171447999868 ], [ 22.612653732000069, -31.821317672999953 ], [ 22.57890510600015, -31.805294036999953 ], [ 22.619630814000061, -31.724435805999917 ], [ 22.565206528000203, -31.712631225999928 ], [ 22.564237595000066, -31.676374434999957 ], [ 22.493610382000099, -31.668722152999862 ], [ 22.312866211000141, -31.583238601999938 ], [ 22.27350425700007, -31.592321395999875 ], [ 22.26068306000019, -31.662252425999952 ], [ 22.200500488000159, -31.764076232999912 ], [ 22.203830719000109, -31.790174483999863 ], [ 22.159963608000055, -31.80923652599995 ], [ 22.177469254000016, -31.820503234999933 ], [ 22.167179108000198, -31.892869948999873 ], [ 22.079271317000064, -31.854646682999942 ], [ 22.101974487, -31.89988517799992 ], [ 22.100988388000076, -31.924131392999925 ], [ 22.071918488000165, -31.939090728999929 ], [ 22.095567703000199, -32.00085449199986 ], [ 22.074707031000059, -32.017711638999913 ], [ 22.094173431000115, -32.045711516999916 ], [ 22.134544373000153, -32.064182280999887 ], [ 22.090236664000088, -32.146163939999894 ], [ 22.070150375000139, -32.081241607999914 ], [ 22.017024994000053, -32.114055633999953 ], [ 22.000108719000082, -32.205753325999922 ], [ 21.967569351000179, -32.215633391999916 ], [ 21.943685532000131, -32.186714171999938 ], [ 21.864568710000015, -32.167873382999915 ], [ 21.852294922000056, -32.186229705999949 ], [ 21.894994736000058, -32.197330474999944 ], [ 21.90152931199998, -32.218959807999852 ], [ 21.902240753000171, -32.270709990999876 ], [ 21.8747653960001, -32.276371001999848 ], [ 21.778749466000136, -32.250495910999916 ], [ 21.772533417000147, -32.226432799999941 ], [ 21.748067856000091, -32.226226806999932 ], [ 21.737586975000056, -32.20546340899989 ], [ 21.692502975000139, -32.24843978899986 ], [ 21.645181656000091, -32.208503722999922 ], [ 21.53662300100018, -32.229007720999903 ], [ 21.562417984000035, -32.314525603999925 ], [ 21.550750732000154, -32.326904296999885 ], [ 21.475311279000096, -32.330234527999949 ], [ 21.429647446000104, -32.374084472999868 ], [ 21.353454590000183, -32.39134597799989 ], [ 21.302114487000154, -32.377075194999918 ], [ 21.282138824000185, -32.439472197999919 ], [ 21.182697296000072, -32.508483886999954 ], [ 21.140733719000139, -32.58959960899989 ], [ 21.157602310000073, -32.628749846999938 ], [ 21.095087051000064, -32.652839660999859 ], [ 20.96340942400019, -32.639110564999896 ], [ 20.844728470000177, -32.662242888999856 ], [ 20.790472031000093, -32.711040496999942 ], [ 20.830966949000072, -32.784385680999947 ], [ 20.833068848000039, -32.817359923999845 ], [ 20.799188614, -32.894565581999927 ], [ 20.746177673000147, -32.912387847999923 ], [ 20.732215881000116, -32.945423125999866 ], [ 20.650251389000118, -32.933467864999955 ], [ 20.590702057000044, -32.942806243999883 ], [ 20.56188964800009, -32.88075256299993 ], [ 20.499942780000083, -32.941440581999871 ], [ 20.439239502000078, -32.939868926999907 ], [ 20.380699158000027, -32.901653289999899 ], [ 20.36453056300013, -32.910617827999943 ], [ 20.357814789000088, -32.863887786999953 ], [ 20.300552368000183, -32.804767608999896 ], [ 20.219694138000023, -32.784542083999952 ], [ 20.188264847000085, -32.752483367999901 ], [ 20.192384720000121, -32.685546874999886 ], [ 20.141855240000154, -32.643535613999916 ], [ 20.080354691000025, -32.397274016999859 ], [ 20.005111694000107, -32.33032989499992 ], [ 19.938165665000099, -32.377056121999885 ], [ 19.874568939000142, -32.382980346999886 ], [ 19.818479538000133, -32.360496520999845 ], [ 19.80337715100012, -32.393470763999858 ], [ 19.764444351000066, -32.411056518999885 ], [ 19.736507416000052, -32.386093139999957 ], [ 19.731927872000199, -32.410751342999959 ], [ 19.708381653000174, -32.420402526999851 ], [ 19.730785370000149, -32.441967009999928 ], [ 19.680427551000093, -32.463294982999912 ], [ 19.655551910000042, -32.438564300999928 ], [ 19.622539520000089, -32.47040176399986 ], [ 19.605630875000202, -32.629234313999859 ], [ 19.528940201000125, -32.6730346679999 ], [ 19.487495422000109, -32.565212249999945 ], [ 19.495660782000186, -32.498722075999922 ], [ 19.516874313000073, -32.485874175999925 ], [ 19.434696198000097, -32.372791289999896 ], [ 19.409778595000091, -32.289848327999948 ], [ 19.492200851000177, -32.252132415999938 ], [ 19.503242493000187, -32.179615020999904 ], [ 19.48134994500009, -32.168140410999854 ], [ 19.47717857400005, -32.146141051999848 ], [ 19.515890120999984, -32.114967345999901 ], [ 19.508201599000131, -32.085857390999877 ], [ 19.489227295000148, -32.120971679999855 ], [ 19.486743927000191, -32.076400756999931 ], [ 19.426532745000088, -32.030979155999887 ], [ 19.396554947000027, -32.014873504999912 ], [ 19.363674164000031, -32.042602538999915 ], [ 19.33049011200012, -32.012340545999848 ], [ 19.324058533000084, -31.98455619799995 ], [ 19.2905864720002, -31.964860915999907 ], [ 19.278226851999989, -31.979459762999909 ], [ 19.265550613000016, -31.965497970999934 ], [ 19.290393829000152, -31.862796782999851 ], [ 19.211427689000061, -31.947792052999887 ], [ 19.200397491000103, -31.904523848999929 ], [ 19.157558441000162, -31.899372100999926 ], [ 19.14235687300004, -31.911872863999861 ], [ 19.026847839000084, -31.876527785999883 ], [ 19.031011581000143, -31.833742141999892 ], [ 19.087911606000148, -31.793270110999913 ], [ 19.067342758, -31.76606750499991 ], [ 19.095386505000192, -31.749956130999919 ], [ 19.055633545000092, -31.670013427999947 ], [ 19.074453354000184, -31.666612624999857 ], [ 19.071249008000109, -31.623788833999924 ], [ 19.091257095000117, -31.597520827999858 ], [ 19.086133957000015, -31.571790694999891 ], [ 19.053459167000142, -31.570930480999948 ], [ 19.086587906000204, -31.526090621999913 ], [ 19.007846832000098, -31.511034011999868 ], [ 19.043729782000071, -31.424692153999956 ], [ 19.031616211000085, -31.389270781999926 ], [ 18.980873108000083, -31.354957580999894 ], [ 19.013757706000149, -31.305410384999902 ], [ 18.967161179000072, -31.284208297999953 ], [ 18.945207595999989, -31.237045287999877 ], [ 18.948347092000063, -31.112636565999878 ], [ 18.904224396000131, -31.041496276999851 ], [ 18.912521362000064, -30.978645324999945 ], [ 18.985240936000196, -30.945528029999934 ], [ 18.876146317000121, -30.886758803999896 ], [ 18.959899902000075, -30.866064071999858 ], [ 18.952236176000156, -30.744132995999905 ], [ 18.863731384000118, -30.716819762999933 ], [ 18.795261383000081, -30.667303084999901 ], [ 18.796632767000062, -30.624549865999938 ], [ 18.759479523000152, -30.567571639999869 ] ] ] ] } },
{ "type": "Feature", "properties": { "loc": "ZA-A1-0002" }, "geometry": { "type": "Polygon", "coordinates": [ [ [ 29.090381622000166, -30.056432723999933 ], [ 29.01925680700009, -30.003315049999912 ], [ 28.848638535000134, -30.094539641999859 ], [ 28.68416976900005, -30.138027190999935 ], [ 28.555681229000186, -30.118106841999918 ], [ 28.481512070000122, -30.155250548999845 ], [ 28.399145126, -30.146753310999941 ], [ 28.316440582000098, -30.253116607999857 ], [ 28.243448257000182, -30.263784408999868 ], [ 28.222341537000148, -30.28782272299992 ], [ 28.279792786000087, -30.361433028999954 ], [ 28.240409851000152, -30.411186217999955 ], [ 28.154701233000139, -30.459577559999957 ], [ 28.185899734000202, -30.494045257999858 ], [ 28.162355423000179, -30.559061049999855 ], [ 28.115732193000099, -30.599195479999878 ], [ 28.118227005000108, -30.668964385999857 ], [ 28.090742111000111, -30.649713515999906 ], [ 28.048490524000158, -30.660123824999914 ], [ 27.926603317000172, -30.640964507999854 ], [ 27.897548676000042, -30.597656249999886 ], [ 27.866611481000064, -30.611225127999944 ], [ 27.750450134000118, -30.594552993999912 ], [ 27.686368942000058, -30.519811629999879 ], [ 27.620197296000072, -30.482807158999947 ], [ 27.612262726000097, -30.449295043999939 ], [ 27.586626053000145, -30.44297790499985 ], [ 27.559167862000152, -30.385080337999852 ], [ 27.507539749000102, -30.372121810999886 ], [ 27.47546005200013, -30.310859679999851 ], [ 27.409925461, -30.331407546999856 ], [ 27.394826889000058, -30.318569182999852 ], [ 27.349559784000178, -30.330404281999904 ], [ 27.367631912000149, -30.339550017999898 ], [ 27.372604370000147, -30.374273299999913 ], [ 27.397441864000143, -30.361566543999913 ], [ 27.404369354000096, -30.391332625999894 ], [ 27.377311707, -30.408542632999854 ], [ 27.340467453000088, -30.398435592999931 ], [ 27.324726105000082, -30.422885894999922 ], [ 27.369043350000027, -30.433809279999934 ], [ 27.348003387000119, -30.448951720999958 ], [ 27.300960541000109, -30.4434261319999 ], [ 27.295642853000118, -30.460567473999959 ], [ 27.328731537000181, -30.483539580999889 ], [ 27.299501419000194, -30.493692397999894 ], [ 27.298736572000053, -30.512104033999947 ], [ 27.25152397200003, -30.502483367999957 ], [ 27.240583420000064, -30.485305785999913 ], [ 27.229421616000025, -30.510000228999957 ], [ 27.211675644000081, -30.494131087999847 ], [ 27.187139511000055, -30.524385451999876 ], [ 27.130962372000056, -30.510026931999903 ], [ 27.138582230000111, -30.532476424999913 ], [ 27.106718063000187, -30.558315276999906 ], [ 27.086021423000147, -30.527721404999852 ], [ 27.00535392800009, -30.537599563999947 ], [ 27.000795364000055, -30.553060531999847 ], [ 27.041952133000166, -30.581258773999934 ], [ 27.035322189000169, -30.599729537999906 ], [ 26.949415207000072, -30.606613158999892 ], [ 26.929580688000044, -30.625905990999854 ], [ 26.948961258000111, -30.658658980999917 ], [ 26.903663635000157, -30.668962478999958 ], [ 26.883327484, -30.658637999999883 ], [ 26.8625164030002, -30.683864593999942 ], [ 26.804466248000097, -30.639068603999931 ], [ 26.705186844000082, -30.685825347999867 ], [ 26.674917221000157, -30.667457580999894 ], [ 26.629995346000044, -30.693265914999927 ], [ 26.629131317000088, -30.661661147999894 ], [ 26.56355476400006, -30.665218352999887 ], [ 26.483888626000123, -30.629970550999928 ], [ 26.489927292000118, -30.593749999999886 ], [ 26.446630478000088, -30.568416594999917 ], [ 26.40598487900013, -30.569179534999876 ], [ 26.35567283600011, -30.595279693999885 ], [ 26.279472351000152, -30.589076995999847 ], [ 26.262496948000091, -30.541643142999931 ], [ 26.199594498000067, -30.532423018999907 ], [ 26.191425323000146, -30.49990653999987 ], [ 26.155801773000121, -30.482225417999928 ], [ 26.130270004000181, -30.500036239999872 ], [ 26.147850037000183, -30.538921355999889 ], [ 26.102083206000145, -30.518629073999932 ], [ 26.052585602000079, -30.523412703999952 ], [ 25.962692261000143, -30.545202254999936 ], [ 25.931745529000068, -30.584451674999912 ], [ 25.902893066000104, -30.542587279999907 ], [ 25.888202667000087, -30.542301177999946 ], [ 25.872049332000188, -30.561946868999883 ], [ 25.891632080000079, -30.609647750999954 ], [ 25.795585632000041, -30.634021758999893 ], [ 25.770597458, -30.685239791999948 ], [ 25.684726715000011, -30.669172286999924 ], [ 25.676130295000178, -30.638401030999944 ], [ 25.614971161000142, -30.652971267999874 ], [ 25.629226685000162, -30.622999190999849 ], [ 25.594697952000104, -30.58831024199992 ], [ 25.566406250000114, -30.612419127999942 ], [ 25.478063583000051, -30.634904860999882 ], [ 25.466775894000193, -30.624944686999925 ], [ 25.462781906000146, -30.722492217999957 ], [ 25.476821899000129, -30.727926253999897 ], [ 25.480646133, -30.778663634999873 ], [ 25.549772263000193, -30.790727614999923 ], [ 25.471733093000068, -30.869590758999891 ], [ 25.518217087000039, -30.901258468999856 ], [ 25.511388779000129, -30.955476760999886 ], [ 25.475465775000202, -30.983631133999893 ], [ 25.485277176000125, -31.006090163999943 ], [ 25.502037048000204, -31.007144927999889 ], [ 25.487188339000056, -31.036672591999888 ], [ 25.439287186, -31.061252593999882 ], [ 25.454730988000108, -31.079059600999869 ], [ 25.446832657000016, -31.099964141999862 ], [ 25.38500022900007, -31.150737761999892 ], [ 25.386655807000125, -31.217603682999936 ], [ 25.354858398000033, -31.23577308699987 ], [ 25.291028976000064, -31.213245391999862 ], [ 25.268632889, -31.22061347999994 ], [ 25.211414337000065, -31.191881179999939 ], [ 25.205265045000203, -31.214864730999921 ], [ 25.170925140000122, -31.238950728999896 ], [ 25.155651093000131, -31.230915069999924 ], [ 25.153148651000038, -31.242887496999913 ], [ 25.131134033000194, -31.239170073999958 ], [ 25.103054047000114, -31.261169433999953 ], [ 25.07383346600011, -31.253108977999943 ], [ 25.058929443000181, -31.269142150999926 ], [ 25.006149292000202, -31.262876510999945 ], [ 24.96092414900005, -31.285276412999906 ], [ 24.93395233200016, -31.320116042999928 ], [ 24.853454590000183, -31.327983855999889 ], [ 24.863298416000191, -31.373216628999955 ], [ 24.825967789000117, -31.356283187999907 ], [ 24.789148331000092, -31.389232634999871 ], [ 24.711076736000052, -31.409276961999922 ], [ 24.665458679000096, -31.383441924999943 ], [ 24.596576691000053, -31.398948668999878 ], [ 24.56766891500007, -31.418407439999896 ], [ 24.559322357000099, -31.481613158999892 ], [ 24.519924164000145, -31.497686385999941 ], [ 24.533512115000065, -31.509542464999925 ], [ 24.504388809000034, -31.568199157999913 ], [ 24.523437500000057, -31.603479384999957 ], [ 24.514612198000123, -31.704759597999953 ], [ 24.441732407000131, -31.712394713999913 ], [ 24.413108826000155, -31.688299178999898 ], [ 24.423770905000083, -31.711418151999908 ], [ 24.341173172000197, -31.713615416999914 ], [ 24.28523254400011, -31.764827727999943 ], [ 24.162090302000081, -31.73993682899993 ], [ 24.152667999000073, -31.797935485999858 ], [ 24.181112289000055, -31.815134047999948 ], [ 24.153997421000099, -31.822124480999946 ], [ 24.152294159, -31.854230880999864 ], [ 24.123762131000035, -31.846853255999918 ], [ 24.104640961000143, -31.906381606999901 ], [ 24.164695740000013, -31.902200698999934 ], [ 24.197694778000141, -31.923282622999864 ], [ 24.188528061000056, -31.933422088999919 ], [ 24.20030021700012, -31.942356109999878 ], [ 24.221588135000047, -31.942537307999885 ], [ 24.229625702000135, -31.9696788789999 ], [ 24.211114883, -32.011772155999893 ], [ 24.141361237000126, -32.011497497999926 ], [ 24.129104614000028, -32.041038512999876 ], [ 24.141563416000054, -32.051151275999871 ], [ 24.098377228000174, -32.084964751999848 ], [ 24.098373413000104, -32.110580443999936 ], [ 24.110176086000138, -32.084075927999947 ], [ 24.13593483000011, -32.097648620999848 ], [ 24.136026382000068, -32.122936248999849 ], [ 24.100622177, -32.163791655999944 ], [ 24.038801193000097, -32.157806395999955 ], [ 24.044351578000089, -32.180908202999888 ], [ 24.0316410060002, -32.192489623999904 ], [ 23.962394714000197, -32.206039428999929 ], [ 23.8928050990001, -32.254753112999879 ], [ 23.851585388000103, -32.242317199999889 ], [ 23.766740799000104, -32.178527831999929 ], [ 23.670469283999978, -32.23734283399989 ], [ 23.648046494000141, -32.297420501999852 ], [ 23.678876877000107, -32.328910827999948 ], [ 23.665662766000196, -32.344036101999848 ], [ 23.449058533000027, -32.323482512999931 ], [ 23.410375595000062, -32.38900375399993 ], [ 23.333574295000062, -32.350940703999868 ], [ 23.307851791000189, -32.395721435999917 ], [ 23.222139359000039, -32.42484283399989 ], [ 23.248069763000046, -32.465137481999932 ], [ 23.244998932000101, -32.513034820999906 ], [ 23.288682938000136, -32.551025390999939 ], [ 23.307817459000205, -32.611431121999942 ], [ 23.301837921000129, -32.651599883999893 ], [ 23.2700901030002, -32.671295165999936 ], [ 23.333379745000116, -32.703422545999956 ], [ 23.354017258000113, -32.729263305999893 ], [ 23.3521213530002, -32.763607024999885 ], [ 23.398260117000177, -32.763294219999921 ], [ 23.379131317000201, -32.824859618999938 ], [ 23.201612473000012, -32.785175322999919 ], [ 23.148513794000166, -32.835910796999883 ], [ 23.089864731000091, -32.798976897999921 ], [ 23.1169490810002, -32.857814788999917 ], [ 23.098535538000135, -32.873516082999913 ], [ 23.007974625000202, -32.872634887999936 ], [ 23.004209518000152, -32.898109435999856 ], [ 22.94928550700007, -32.949863433999951 ], [ 22.969781876000184, -32.993198394999922 ], [ 22.934623718000125, -33.021480559999929 ], [ 22.958383560000129, -33.044887542999845 ], [ 22.955839157000014, -33.072978972999863 ], [ 22.892803192000031, -33.141468047999922 ], [ 22.877733231000093, -33.186767577999888 ], [ 22.840761185000076, -33.220050811999954 ], [ 22.790802002000078, -33.307147979999911 ], [ 22.774360657000159, -33.308879851999848 ], [ 22.773923874000161, -33.326095580999947 ], [ 22.739805222000143, -33.323818206999874 ], [ 22.736280441000076, -33.394607543999939 ], [ 22.785039902000108, -33.415374755999949 ], [ 22.774967194000169, -33.419582366999919 ], [ 22.935312270999987, -33.428981780999948 ], [ 23.135322571000017, -33.387462615999937 ], [ 23.297643661000052, -33.388488769999924 ], [ 23.364583969000194, -33.461597442999846 ], [ 23.35539436300013, -33.441020965999883 ], [ 23.496137619000194, -33.443286895999904 ], [ 23.604496002000076, -33.496250152999892 ], [ 23.596700668000096, -33.572376250999923 ], [ 23.617273331000092, -33.569435119999923 ], [ 23.620386124000163, -33.591346740999938 ], [ 23.675476074000187, -33.625724791999914 ], [ 23.67093277000015, -33.672416686999895 ], [ 23.586391449000189, -33.672599791999858 ], [ 23.556703568000046, -33.651165008999953 ], [ 23.541772842000171, -33.699409484999876 ], [ 23.44044113200016, -33.717247008999948 ], [ 23.430574417000116, -33.761627196999939 ], [ 23.395122528, -33.792926787999932 ], [ 23.489419937000036, -33.80749511699986 ], [ 23.488508224000157, -33.791530608999949 ], [ 23.519351959000176, -33.781993865999937 ], [ 23.557867050000084, -33.793273925999927 ], [ 23.56245231600019, -33.828807830999892 ], [ 23.703830719000166, -33.863933562999932 ], [ 23.647699356000203, -33.892562865999935 ], [ 23.65709877, -33.906909942999903 ], [ 23.637521744000082, -33.913002013999915 ], [ 23.634721756000033, -33.951461791999918 ], [ 23.651117325000087, -33.978469848999907 ], [ 24.023862839000117, -34.044914245999905 ], [ 24.195137024000076, -34.058330535999914 ], [ 24.281267166000134, -34.094589232999908 ], [ 24.384094238000046, -34.109165191999921 ], [ 24.488224030000083, -34.168762206999929 ], [ 24.597858429000041, -34.188373565999882 ], [ 24.645364761000167, -34.172660827999948 ], [ 24.830337524000072, -34.214340209999875 ], [ 24.857879639000089, -34.192543029999911 ], [ 24.834417343000041, -34.17078018199993 ], [ 24.836050034000039, -34.149692534999872 ], [ 24.771940231000201, -34.108039855999891 ], [ 24.846389771000133, -34.140434264999897 ], [ 24.920753479000098, -34.083805083999948 ], [ 24.928466797000056, -34.011352538999859 ], [ 25.030977249000046, -33.971996306999927 ], [ 25.007934570000145, -33.958282470999904 ], [ 25.034982681000145, -33.964851378999924 ], [ 25.037872314000083, -33.973293303999867 ], [ 25.108880997000142, -33.961475371999938 ], [ 25.237268448000066, -33.975910186999954 ], [ 25.397987366000052, -34.034862517999898 ], [ 25.627048492000142, -34.050819396999884 ], [ 25.653295517000174, -34.032062530999951 ], [ 25.702245712000149, -34.03078460699993 ], [ 25.686893463000047, -33.999431609999931 ], [ 25.639789581000173, -33.9736480709999 ], [ 25.647745132000011, -33.961376189999896 ], [ 25.614284515, -33.953220366999915 ], [ 25.607776642000033, -33.921943664999958 ], [ 25.630615234000061, -33.876907348999907 ], [ 25.587318420000202, -33.845771789999901 ], [ 25.63446044900013, -33.865394591999916 ], [ 25.677671432000068, -33.81291198699995 ], [ 25.669231415000127, -33.781677245999902 ], [ 25.694965363000051, -33.801856994999923 ], [ 25.852270126, -33.731746673999908 ], [ 25.847145081000065, -33.714202880999892 ], [ 25.866878510000106, -33.724376677999942 ], [ 26.051071167000089, -33.713275908999947 ], [ 26.284666061, -33.774562835999859 ], [ 26.373199463000105, -33.763645171999883 ], [ 26.466182709, -33.779357909999874 ], [ 26.545694351000122, -33.761878966999859 ], [ 26.597572327000137, -33.724185943999885 ], [ 26.623739243000159, -33.727428435999855 ], [ 26.654132843000127, -33.703529357999855 ], [ 26.638931274000129, -33.677337645999899 ], [ 26.663951874000134, -33.702136992999954 ], [ 26.670803070000204, -33.679512023999905 ], [ 26.683767319000196, -33.689262389999897 ], [ 26.728818893000096, -33.662448882999911 ], [ 26.844945908000113, -33.639686583999946 ], [ 26.919120789000146, -33.596431731999928 ], [ 27.001344681000091, -33.578105926999854 ], [ 27.105545044000053, -33.529754638999862 ], [ 27.124183655000081, -33.504470824999885 ], [ 27.097002029000066, -33.483379363999859 ], [ 27.138223648000064, -33.500160216999916 ], [ 27.212715149000189, -33.464267730999893 ], [ 27.224212646000183, -33.44559478799988 ], [ 27.204425812000125, -33.430381774999944 ], [ 27.229299545000174, -33.443149566999864 ], [ 27.24709129300004, -33.431156157999908 ], [ 27.217823029000044, -33.412750243999938 ], [ 27.257171631000062, -33.430389403999868 ], [ 27.265314102000104, -33.41662597699991 ], [ 27.24555778500013, -33.402702331999933 ], [ 27.274723053000116, -33.419315337999933 ], [ 27.310590744000137, -33.390029906999871 ], [ 27.295003891000192, -33.37104034399988 ], [ 27.321855545000062, -33.385330199999885 ], [ 27.345109940000043, -33.361694335999914 ], [ 27.476362228000198, -33.30642700199985 ], [ 27.478126526000153, -33.291481017999956 ], [ 27.449846268000044, -33.287582396999937 ], [ 27.417778015000124, -33.242336272999921 ], [ 27.434930801000064, -33.247741698999903 ], [ 27.460029602000077, -33.28358840899989 ], [ 27.49051857000012, -33.282142638999915 ], [ 27.534032822000199, -33.244293212999935 ], [ 27.57271766700012, -33.237743377999948 ], [ 27.567041397000139, -33.215709685999855 ], [ 27.580516815000067, -33.229690551999909 ], [ 27.625772476000066, -33.206867217999957 ], [ 27.728193283, -33.122264861999895 ], [ 27.899923325000145, -33.045852660999856 ], [ 27.913755417000061, -33.018547057999911 ], [ 27.947605133000025, -32.999900817999958 ], [ 27.925315857000044, -32.978950499999939 ], [ 27.958919525000056, -32.987342833999946 ], [ 27.9569664, -32.970691680999948 ], [ 27.976907730000107, -32.97774505599989 ], [ 28.013414383000054, -32.958526610999854 ], [ 28.025796890000095, -32.945922851999853 ], [ 28.015558243000157, -32.942409514999952 ], [ 28.069643021000161, -32.917015075999871 ], [ 28.057624817000146, -32.905555724999942 ], [ 28.086965561000113, -32.900554656999873 ], [ 28.110364914, -32.835521697999866 ], [ 28.142429352000079, -32.801078795999956 ], [ 28.263549805000196, -32.764064788999917 ], [ 28.335489273000121, -32.707595824999942 ], [ 28.360290527000132, -32.714843749999943 ], [ 28.367101669000022, -32.681331634999935 ], [ 28.400358200000198, -32.671298980999893 ], [ 28.420633316000192, -32.637485503999926 ], [ 28.462896347000196, -32.628417968999941 ], [ 28.475044250000167, -32.599739074999945 ], [ 28.502048492000199, -32.612594603999867 ], [ 28.513422012000149, -32.589439391999861 ], [ 28.541421890000152, -32.582313537999937 ], [ 28.60226631200004, -32.504146575999926 ], [ 28.645145416000162, -32.484218596999881 ], [ 28.658948898000062, -32.457511901999851 ], [ 28.646093369000141, -32.445922851999853 ], [ 28.674064636000196, -32.452735900999926 ], [ 28.713693619000196, -32.402225493999936 ], [ 28.739267349000045, -32.400878905999889 ], [ 28.782823563000193, -32.327495574999887 ], [ 28.791667938000046, -32.344055175999927 ], [ 28.866693497000085, -32.292148589999954 ], [ 28.887466431000064, -32.24494171099991 ], [ 28.902826309000147, -32.253410338999913 ], [ 28.93952941900011, -32.219902038999862 ], [ 28.942352295000092, -32.196411132999913 ], [ 29.079154968000125, -32.083347320999849 ], [ 29.169773102000079, -31.965496062999932 ], [ 29.221763611000085, -31.935651778999954 ], [ 29.215799332000188, -31.921827315999906 ], [ 29.26639175400004, -31.87482261699995 ], [ 29.26600647000015, -31.845762252999862 ], [ 29.280958176000183, -31.850269317999846 ], [ 29.319715500000143, -31.801710128999957 ], [ 29.355175018000068, -31.796123504999855 ], [ 29.363212585000099, -31.756618499999945 ], [ 29.40052795400004, -31.73067283599994 ], [ 29.42408943200013, -31.689939498999934 ], [ 29.402137756000172, -31.689498900999865 ], [ 29.455949783000051, -31.668960570999957 ], [ 29.448787689000085, -31.642574309999929 ], [ 29.46930503800013, -31.671373366999944 ], [ 29.545646667000199, -31.644830703999901 ], [ 29.555053711000141, -31.618366240999933 ], [ 29.633350372000109, -31.578746795999905 ], [ 29.631738663000078, -31.55470085099995 ], [ 29.682146072000194, -31.54183006299985 ], [ 29.747913361000201, -31.460386275999952 ], [ 29.840311050000082, -31.435171126999876 ], [ 29.909612656000036, -31.387777327999913 ], [ 30.188867569000138, -31.098928451999882 ], [ 30.193742752000048, -31.075983046999852 ], [ 30.163562775000059, -31.049640655999951 ], [ 30.170295715000066, -31.025039672999924 ], [ 30.139871597000194, -31.02146530199991 ], [ 30.156789780000167, -30.974159240999938 ], [ 30.134923935000131, -30.962644576999935 ], [ 30.146663666000052, -30.922044753999955 ], [ 30.120683670000062, -30.909765243999857 ], [ 30.120258331000116, -30.887989043999937 ], [ 30.077724457000159, -30.882944106999958 ], [ 30.071390152000163, -30.871097564999957 ], [ 30.093597412000122, -30.87761688199987 ], [ 30.095485687000121, -30.862485885999945 ], [ 30.061201096000161, -30.847917556999903 ], [ 30.020956039000168, -30.855432509999957 ], [ 30.009695053000144, -30.826101302999916 ], [ 30.000219345000176, -30.837270736999926 ], [ 29.961465836000116, -30.822914123999908 ], [ 29.974586487000124, -30.796821593999937 ], [ 29.935264587000177, -30.802125930999921 ], [ 29.956626892000145, -30.78907585099995 ], [ 29.949575424000045, -30.769241332999911 ], [ 29.922006607000071, -30.769334792999928 ], [ 29.928623199000072, -30.79316329999989 ], [ 29.908344269000168, -30.796655654999938 ], [ 29.914726257000098, -30.76987647999988 ], [ 29.887626648000037, -30.784040450999953 ], [ 29.894916534000174, -30.759494780999944 ], [ 29.867082596000046, -30.74469375599989 ], [ 29.852796555000054, -30.760946273999934 ], [ 29.848096848000125, -30.736007689999951 ], [ 29.830919266000137, -30.743612288999941 ], [ 29.825990677000107, -30.720720290999907 ], [ 29.806787491000193, -30.727239608999923 ], [ 29.815469742000118, -30.699253081999871 ], [ 29.800819397, -30.708547591999945 ], [ 29.781126022000137, -30.695104598999933 ], [ 29.78659629800012, -30.709119796999914 ], [ 29.762443542000142, -30.718835830999865 ], [ 29.7527771, -30.706903457999942 ], [ 29.740724564000061, -30.723199843999907 ], [ 29.733957291000138, -30.707202910999854 ], [ 29.701005936000172, -30.704809188999945 ], [ 29.674915314000202, -30.669391631999872 ], [ 29.600236893000101, -30.689134597999953 ], [ 29.587730408000084, -30.658714293999878 ], [ 29.525728226000126, -30.639343261999954 ], [ 29.513076782000155, -30.618488311999954 ], [ 29.373832703000062, -30.650100707999854 ], [ 29.347017288000075, -30.673637389999897 ], [ 29.323959351000155, -30.646682738999857 ], [ 29.261047363000046, -30.621393203999958 ], [ 29.204544067000143, -30.619918822999921 ], [ 29.183675766000022, -30.640981673999875 ], [ 29.185913086000085, -30.618442534999872 ], [ 29.135656357000187, -30.603593825999894 ], [ 29.14636421199998, -30.594968795999932 ], [ 29.115577697999981, -30.579349517999958 ], [ 29.112678528000117, -30.554058074999887 ], [ 29.023485184000094, -30.503507613999943 ], [ 28.974048615000186, -30.560699462999878 ], [ 28.931085587000098, -30.579124450999927 ], [ 28.855678558000079, -30.548759459999872 ], [ 28.849102020000203, -30.50333023099995 ], [ 28.791814804000069, -30.492687224999941 ], [ 28.772752762000096, -30.46863365199988 ], [ 28.78775215100012, -30.402790069999867 ], [ 28.848669052000105, -30.394699096999943 ], [ 28.858394622999981, -30.333122252999885 ], [ 28.895105362000152, -30.299562453999954 ], [ 28.898374557000011, -30.25660324099988 ], [ 28.926778793000096, -30.254114150999897 ], [ 28.970228195000118, -30.280223845999899 ], [ 28.966445923000151, -30.241376876999936 ], [ 29.021986008000056, -30.22600746199987 ], [ 28.99025726300016, -30.206363677999889 ], [ 29.053417206000063, -30.172075271999859 ], [ 29.076480865000121, -30.177183150999895 ], [ 29.090948105000052, -30.148300170999846 ], [ 29.120662689000198, -30.160606383999948 ], [ 29.090381622000166, -30.056432723999933 ] ] ] } },
{ "type": "Feature", "properties": { "loc": "ZA-A1-0003" }, "geometry": { "type": "Polygon", "coordinates": [ [ [ 20.000236511000082, -24.752990722999925 ], [ 19.996761322000054, -28.433113097999922 ], [ 19.872667313000079, -28.442834853999955 ], [ 19.807760239000061, -28.507707595999932 ], [ 19.734863281000059, -28.487699508999924 ], [ 19.670255661000056, -28.534421920999932 ], [ 19.623605728000086, -28.516244887999903 ], [ 19.562377930000082, -28.531885146999912 ], [ 19.544187546000046, -28.577846526999906 ], [ 19.505596161000085, -28.605068206999931 ], [ 19.492448807000073, -28.677385329999936 ], [ 19.458545685000047, -28.715129851999905 ], [ 19.404769897000051, -28.73984909099994 ], [ 19.295661926000037, -28.736003875999927 ], [ 19.264724731000058, -28.750751494999918 ], [ 19.240953445000059, -28.815721511999925 ], [ 19.259864807000042, -28.865007400999957 ], [ 19.292766571000072, -28.882144927999946 ], [ 19.292577744000084, -28.903480529999911 ], [ 19.242776871000046, -28.905185698999958 ], [ 19.172746658000051, -28.957828521999943 ], [ 19.111198425000055, -28.971429824999916 ], [ 19.032619476000036, -28.932020186999921 ], [ 19.009929657000043, -28.936613082999941 ], [ 18.986167908000084, -28.885915755999918 ], [ 18.948619843000074, -28.864576339999928 ], [ 18.732044220000091, -28.841171264999957 ], [ 18.559448242000087, -28.860700606999956 ], [ 18.505100250000055, -28.89332580599995 ], [ 18.424488068000073, -28.902425765999908 ], [ 18.349754333000078, -28.882600783999919 ], [ 18.26501464800009, -28.883558272999949 ], [ 18.248220444000083, -28.900676726999905 ], [ 18.214605331000087, -28.897050857999943 ], [ 18.179010391000077, -28.915887832999942 ], [ 18.083604813000079, -28.876756667999928 ], [ 18.053329468000072, -28.88091278099995 ], [ 17.988740921000044, -28.813472747999924 ], [ 17.911273956000059, -28.767234801999905 ], [ 17.777173996000045, -28.764289855999948 ], [ 17.745317459000091, -28.748176574999945 ], [ 17.723775864000061, -28.764957427999946 ], [ 17.701286316000051, -28.750297545999956 ], [ 17.64683914200009, -28.773868560999915 ], [ 17.610027313000046, -28.759740828999952 ], [ 17.597995758000081, -28.700885772999925 ], [ 17.568439484000066, -28.691637038999943 ], [ 17.54745101900005, -28.704498290999936 ], [ 17.490325928000061, -28.694023131999927 ], [ 17.409490585000071, -28.722951888999944 ], [ 17.42668533300008, -28.573320388999946 ], [ 17.377048492000085, -28.571830749999947 ], [ 17.368156433000081, -28.521707534999905 ], [ 17.329664230000049, -28.471456527999919 ], [ 17.350950241000078, -28.436832427999946 ], [ 17.385255814000061, -28.434713363999947 ], [ 17.403766632000043, -28.411062240999911 ], [ 17.408746719000078, -28.370964049999941 ], [ 17.378938675000086, -28.332527160999916 ], [ 17.378435135000075, -28.295349120999958 ], [ 17.345224380000047, -28.24355506899991 ], [ 17.311807632000068, -28.225023269999951 ], [ 17.225320816000078, -28.253314971999941 ], [ 17.20300102200008, -28.238800048999906 ], [ 17.179967880000049, -28.204765319999922 ], [ 17.187665939000055, -28.113073348999933 ], [ 17.132402420000062, -28.089160918999937 ], [ 17.08332443200004, -28.037773131999927 ], [ 17.023265839000089, -28.05459785499994 ], [ 17.001647949000073, -28.077005385999939 ], [ 16.970848083000078, -28.062788009999906 ], [ 16.954477310000073, -28.080675124999914 ], [ 16.899778366000078, -28.07159233099992 ], [ 16.88365364100008, -28.089477538999915 ], [ 16.88491249100008, -28.173490523999931 ], [ 16.829551697000056, -28.169649123999932 ], [ 16.848133087000065, -28.21354103099992 ], [ 16.800601959000062, -28.218990325999926 ], [ 16.821134567000058, -28.242492675999927 ], [ 16.817955017000088, -28.272506713999917 ], [ 16.772329330000048, -28.259157180999921 ], [ 16.754516602000081, -28.268278121999913 ], [ 16.749803543000041, -28.296199798999908 ], [ 16.808853149000072, -28.366220473999931 ], [ 16.767211914000086, -28.398141860999942 ], [ 16.77218818700004, -28.447790145999932 ], [ 16.727006912000036, -28.498229979999905 ], [ 16.699941635000073, -28.500307082999939 ], [ 16.687738419000084, -28.474863051999932 ], [ 16.671148300000084, -28.473207473999935 ], [ 16.565689087000067, -28.555614470999956 ], [ 16.487218857000073, -28.565229415999909 ], [ 16.473279953000088, -28.583564757999909 ], [ 16.459741592000057, -28.64091682399993 ], [ 16.55784606900005, -28.722761153999954 ], [ 16.601667404000068, -28.875425338999946 ], [ 16.681222916000081, -28.92380905199991 ], [ 16.725685120000037, -29.019758223999929 ], [ 16.813251495000088, -29.093887328999926 ], [ 16.84238243100009, -29.181058883999924 ], [ 16.83888816800004, -29.212663650999957 ], [ 16.968151093000074, -29.437795638999944 ], [ 17.003585815000065, -29.55115318299994 ], [ 16.997707367000089, -29.57148170499994 ], [ 17.032781601000067, -29.620828628999902 ], [ 17.05355835000006, -29.693361281999955 ], [ 17.071144104000041, -29.814685821999944 ], [ 17.160902023000062, -30.0 ], [ 17.197206497000082, -30.132997512999907 ], [ 17.224967957000047, -30.162006377999944 ], [ 17.263605118000044, -30.255558013999917 ], [ 17.277704239000059, -30.333665847999953 ], [ 17.442350388000079, -30.59798812899993 ], [ 17.437583923000091, -30.616498946999911 ], [ 17.474313736000056, -30.681974410999942 ], [ 17.523496628000089, -30.732215880999945 ], [ 17.600290298000061, -30.911689757999909 ], [ 17.672655106000036, -30.993930816999921 ], [ 17.745223999000075, -31.13865280199991 ], [ 17.83522415200008, -31.176218032999941 ], [ 17.812185287000091, -31.092184066999948 ], [ 17.926847458000054, -31.009712218999937 ], [ 17.878723145000038, -30.948348998999904 ], [ 17.881101608000051, -30.923631667999928 ], [ 17.994171143000074, -30.918430327999943 ], [ 18.007284164000055, -30.790918349999913 ], [ 18.081714630000079, -30.78452300999993 ], [ 18.169969559000037, -30.848255156999926 ], [ 18.206621170000062, -30.831014632999938 ], [ 18.196027756000092, -30.815708159999929 ], [ 18.264957428000059, -30.818006515999912 ], [ 18.371828079000068, -30.659313201999908 ], [ 18.371936798000036, -30.591768264999928 ], [ 18.414543152000078, -30.52702903699992 ], [ 18.381332397000051, -30.459321975999956 ], [ 18.523023605000049, -30.606184005999921 ], [ 18.484403610000072, -30.521595000999923 ], [ 18.502931595000064, -30.444105147999949 ], [ 18.57089805600009, -30.42993926999992 ], [ 18.655921936000084, -30.556394576999935 ], [ 18.759479523000039, -30.567571639999926 ], [ 18.796632767000062, -30.624549865999938 ], [ 18.795261383000081, -30.667303084999958 ], [ 18.863731384000062, -30.716819762999933 ], [ 18.952236176000042, -30.744132995999905 ], [ 18.959899902000075, -30.866064071999915 ], [ 18.876146317000064, -30.886758803999953 ], [ 18.985240936000082, -30.945528029999934 ], [ 18.912521362000064, -30.978645324999945 ], [ 18.904224396000075, -31.041496276999908 ], [ 18.948347092000063, -31.112636565999935 ], [ 18.945207596000046, -31.237045287999933 ], [ 18.967161179000072, -31.284208297999953 ], [ 19.013757706000035, -31.305410384999902 ], [ 18.980873108000083, -31.354957580999951 ], [ 19.031616211000085, -31.389270781999926 ], [ 19.043729782000071, -31.424692153999956 ], [ 19.007846832000041, -31.511034011999925 ], [ 19.086587906000091, -31.526090621999913 ], [ 19.053459167000085, -31.570930480999948 ], [ 19.086133957000072, -31.571790694999947 ], [ 19.09125709500006, -31.597520827999915 ], [ 19.071249008000052, -31.623788833999924 ], [ 19.07445335400007, -31.666612624999914 ], [ 19.055633545000092, -31.670013427999947 ], [ 19.095386505000079, -31.749956130999919 ], [ 19.067342758000052, -31.76606750499991 ], [ 19.087911606000091, -31.793270110999913 ], [ 19.031011581000087, -31.833742141999949 ], [ 19.026847839000084, -31.87652778599994 ], [ 19.14235687300004, -31.911872863999918 ], [ 19.157558441000049, -31.899372100999926 ], [ 19.200397491000047, -31.904523848999929 ], [ 19.211427689000061, -31.947792052999944 ], [ 19.290393829000038, -31.862796782999908 ], [ 19.265550613000073, -31.965497970999934 ], [ 19.278226852000046, -31.979459762999909 ], [ 19.290586472000086, -31.964860915999907 ], [ 19.324058533000084, -31.98455619799995 ], [ 19.330490112000064, -32.012340545999905 ], [ 19.363674164000088, -32.042602538999915 ], [ 19.396554947000084, -32.014873504999912 ], [ 19.426532745000088, -32.030979155999944 ], [ 19.486743927000077, -32.076400756999931 ], [ 19.489227295000092, -32.120971679999911 ], [ 19.508201599000074, -32.085857390999934 ], [ 19.515890121000041, -32.114967345999958 ], [ 19.47717857400005, -32.146141051999905 ], [ 19.48134994500009, -32.168140410999911 ], [ 19.503242493000073, -32.179615020999904 ], [ 19.492200851000064, -32.252132415999938 ], [ 19.409778595000091, -32.289848327999948 ], [ 19.43469619800004, -32.372791289999952 ], [ 19.516874313000073, -32.485874175999925 ], [ 19.495660782000073, -32.498722075999922 ], [ 19.487495422000052, -32.565212249999945 ], [ 19.528940201000069, -32.673034667999957 ], [ 19.605630875000088, -32.629234313999916 ], [ 19.622539520000089, -32.470401763999917 ], [ 19.655551910000042, -32.438564300999928 ], [ 19.680427551000037, -32.463294982999912 ], [ 19.730785370000092, -32.441967009999928 ], [ 19.70838165300006, -32.420402526999908 ], [ 19.731927872000085, -32.410751342999959 ], [ 19.736507416000052, -32.386093139999957 ], [ 19.764444351000066, -32.411056518999942 ], [ 19.803377151000063, -32.393470763999915 ], [ 19.818479538000076, -32.360496520999902 ], [ 19.874568939000085, -32.382980346999943 ], [ 19.938165665000042, -32.377056121999942 ], [ 20.00511169400005, -32.33032989499992 ], [ 20.080354691000082, -32.397274016999916 ], [ 20.141855240000041, -32.643535613999916 ], [ 20.192384720000064, -32.685546874999943 ], [ 20.188264847000085, -32.752483367999957 ], [ 20.219694138000079, -32.784542083999952 ], [ 20.300552368000069, -32.804767608999953 ], [ 20.357814789000088, -32.863887786999953 ], [ 20.364530563000073, -32.910617827999943 ], [ 20.380699158000084, -32.901653289999956 ], [ 20.439239502000078, -32.939868926999907 ], [ 20.499942780000083, -32.941440581999927 ], [ 20.56188964800009, -32.88075256299993 ], [ 20.590702057000044, -32.942806243999939 ], [ 20.650251389000061, -32.933467864999955 ], [ 20.732215881000059, -32.945423125999923 ], [ 20.746177673000091, -32.912387847999923 ], [ 20.799188614000059, -32.894565581999927 ], [ 20.833068848000039, -32.817359923999902 ], [ 20.830966949000072, -32.784385680999947 ], [ 20.790472031000036, -32.711040496999942 ], [ 20.844728470000064, -32.662242888999913 ], [ 20.963409424000076, -32.639110564999953 ], [ 21.095087051000064, -32.652839660999916 ], [ 21.157602310000073, -32.628749846999938 ], [ 21.140733719000082, -32.589599608999947 ], [ 21.182697296000072, -32.508483886999954 ], [ 21.282138824000072, -32.439472197999919 ], [ 21.30211448700004, -32.377075194999918 ], [ 21.353454590000069, -32.391345977999947 ], [ 21.429647446000047, -32.374084472999925 ], [ 21.475311279000039, -32.330234527999949 ], [ 21.55075073200004, -32.326904296999942 ], [ 21.562417984000035, -32.314525603999925 ], [ 21.536623001000066, -32.229007720999903 ], [ 21.645181656000091, -32.208503722999922 ], [ 21.692502975000082, -32.248439788999917 ], [ 21.737586975000056, -32.205463408999947 ], [ 21.748067856000091, -32.226226806999932 ], [ 21.772533417000091, -32.226432799999941 ], [ 21.778749466000079, -32.250495910999916 ], [ 21.874765396000043, -32.276371001999905 ], [ 21.902240753000058, -32.270709990999933 ], [ 21.901529312000036, -32.218959807999909 ], [ 21.894994736000058, -32.197330474999944 ], [ 21.852294922000056, -32.186229705999949 ], [ 21.864568710000071, -32.167873382999915 ], [ 21.943685532000075, -32.186714171999938 ], [ 21.967569351000066, -32.215633391999916 ], [ 22.000108719000082, -32.205753325999922 ], [ 22.017024994000053, -32.114055633999953 ], [ 22.070150375000082, -32.081241607999914 ], [ 22.090236664000088, -32.146163939999951 ], [ 22.13454437300004, -32.064182280999944 ], [ 22.094173431000058, -32.045711516999916 ], [ 22.074707031000059, -32.017711638999913 ], [ 22.095567703000086, -32.000854491999917 ], [ 22.071918488000051, -31.939090728999929 ], [ 22.100988388000076, -31.924131392999925 ], [ 22.101974487000064, -31.89988517799992 ], [ 22.079271317000064, -31.854646682999942 ], [ 22.167179108000084, -31.89286994899993 ], [ 22.177469254000073, -31.820503234999933 ], [ 22.159963608000055, -31.80923652599995 ], [ 22.203830719000052, -31.79017448399992 ], [ 22.200500488000046, -31.764076232999912 ], [ 22.260683060000076, -31.662252425999952 ], [ 22.27350425700007, -31.592321395999932 ], [ 22.312866211000085, -31.583238601999938 ], [ 22.493610382000043, -31.668722152999919 ], [ 22.564237595000066, -31.676374434999957 ], [ 22.56520652800009, -31.712631225999928 ], [ 22.619630814000061, -31.724435805999917 ], [ 22.578905106000036, -31.805294036999953 ], [ 22.612653732000069, -31.821317672999953 ], [ 22.73565483100009, -31.799171447999925 ], [ 22.777435303000061, -31.856697082999915 ], [ 22.859527588000049, -31.818080901999906 ], [ 22.875272751000068, -31.861436843999911 ], [ 22.902496338000049, -31.875568389999955 ], [ 22.97638130200005, -31.860626220999904 ], [ 23.067935944000055, -31.890537261999953 ], [ 23.053138733000083, -31.939573287999906 ], [ 23.099031448000062, -31.977502822999952 ], [ 23.230907440000067, -31.875490188999947 ], [ 23.225568771000042, -31.853834151999934 ], [ 23.262899399000048, -31.815187453999954 ], [ 23.263975143000039, -31.778129577999948 ], [ 23.302953720000062, -31.729936599999917 ], [ 23.347461700000053, -31.709857940999939 ], [ 23.40762329100005, -31.713586806999956 ], [ 23.416984558000081, -31.672010421999914 ], [ 23.524414062000062, -31.705108642999903 ], [ 23.575052261000053, -31.688949584999932 ], [ 23.619659424000076, -31.649223327999948 ], [ 23.639995575000057, -31.659877776999906 ], [ 23.715652466000051, -31.646831511999949 ], [ 23.757003784000062, -31.695503234999933 ], [ 23.842063904000042, -31.714843749999943 ], [ 23.848127365000039, -31.729000091999922 ], [ 23.808958054000072, -31.763500213999919 ], [ 23.837656021000043, -31.76770210299992 ], [ 23.829862595000066, -31.780065535999938 ], [ 23.892723083000078, -31.835952758999952 ], [ 23.947454453000091, -31.774131774999944 ], [ 23.96356391900008, -31.706459044999917 ], [ 24.047342300000082, -31.706476211999927 ], [ 24.029016495000064, -31.729961394999918 ], [ 24.07111930800005, -31.806194304999906 ], [ 24.152837753000085, -31.787895202999948 ], [ 24.162090302000081, -31.73993682899993 ], [ 24.285232544000053, -31.764827727999943 ], [ 24.341173172000083, -31.713615416999914 ], [ 24.423770905000083, -31.711418151999908 ], [ 24.413108826000041, -31.688299178999955 ], [ 24.441732407000075, -31.712394713999913 ], [ 24.514612198000066, -31.704759597999953 ], [ 24.523437500000057, -31.603479384999957 ], [ 24.504388809000091, -31.568199157999913 ], [ 24.533512115000065, -31.509542464999925 ], [ 24.519924164000088, -31.497686385999941 ], [ 24.559322357000042, -31.481613158999949 ], [ 24.56766891500007, -31.418407439999953 ], [ 24.596576691000053, -31.398948668999935 ], [ 24.665458679000039, -31.383441924999943 ], [ 24.711076736000052, -31.409276961999922 ], [ 24.789148331000035, -31.389232634999928 ], [ 24.82596778900006, -31.356283187999907 ], [ 24.863298416000077, -31.373216628999955 ], [ 24.853454590000069, -31.327983855999946 ], [ 24.933952332000047, -31.320116042999928 ], [ 24.96092414900005, -31.285276412999906 ], [ 25.006149292000089, -31.262876510999945 ], [ 25.058929443000068, -31.269142150999926 ], [ 25.073833466000053, -31.253108977999943 ], [ 25.103054047000057, -31.261169433999953 ], [ 25.13113403300008, -31.239170073999958 ], [ 25.153148651000038, -31.242887496999913 ], [ 25.155651093000074, -31.230915069999924 ], [ 25.170925140000065, -31.238950728999953 ], [ 25.20526504500009, -31.214864730999921 ], [ 25.211414337000065, -31.191881179999939 ], [ 25.26863288900006, -31.22061347999994 ], [ 25.291028976000064, -31.213245391999919 ], [ 25.35485839800009, -31.235773086999927 ], [ 25.386655807000068, -31.217603682999936 ], [ 25.38500022900007, -31.150737761999949 ], [ 25.446832657000073, -31.099964141999919 ], [ 25.454730988000051, -31.079059600999926 ], [ 25.439287186000058, -31.061252593999939 ], [ 25.487188339000056, -31.036672591999945 ], [ 25.502037048000091, -31.007144927999946 ], [ 25.485277176000068, -31.006090163999943 ], [ 25.475465775000089, -30.98363113399995 ], [ 25.511388779000072, -30.955476760999943 ], [ 25.518217087000039, -30.901258468999913 ], [ 25.471733093000068, -30.869590758999948 ], [ 25.549772263000079, -30.790727614999923 ], [ 25.48064613300005, -30.77866363499993 ], [ 25.476821899000072, -30.727926253999954 ], [ 25.462781906000089, -30.722492217999957 ], [ 25.466775894000079, -30.624944686999925 ], [ 25.417215347000081, -30.576801299999943 ], [ 25.335777283000084, -30.557289123999908 ], [ 25.305856705000053, -30.576278686999956 ], [ 25.235750198000062, -30.499664306999932 ], [ 25.189481735000072, -30.497585296999944 ], [ 25.095514297000079, -30.37195205699993 ], [ 25.038534164000055, -30.361108779999938 ], [ 25.048221588000047, -30.313718795999932 ], [ 25.032457352000051, -30.284175872999924 ], [ 24.986967087000039, -30.289176940999937 ], [ 24.948059082000043, -30.252653121999913 ], [ 24.953077316000076, -30.225807189999955 ], [ 24.925205231000064, -30.200998305999917 ], [ 24.899168015000043, -30.205938338999943 ], [ 24.873029709000036, -30.133962630999918 ], [ 24.838958740000066, -30.119066237999903 ], [ 24.838409424000076, -30.094295501999909 ], [ 24.80029869100008, -30.055061339999952 ], [ 24.81021499600007, -30.023221969999952 ], [ 24.798160553000059, -30.000679015999935 ], [ 24.67470932000009, -29.975215911999953 ], [ 24.665000916000054, -29.901538848999905 ], [ 24.608547211000086, -29.911125182999911 ], [ 24.546333313000048, -29.843872069999918 ], [ 24.505573273000039, -29.838443755999947 ], [ 24.496702194000079, -29.81514358499993 ], [ 24.439619064000055, -29.814693450999926 ], [ 24.349033356000064, -29.700288772999954 ], [ 24.347112656000036, -29.655416488999947 ], [ 24.90229988100009, -28.647678374999941 ], [ 24.828176498000062, -28.626613616999919 ], [ 24.868267059000061, -28.516691207999941 ], [ 24.847326279000072, -28.503408431999958 ], [ 24.887218475000054, -28.464670180999917 ], [ 24.938114166000048, -28.324554442999954 ], [ 24.890653610000072, -28.309915542999931 ], [ 24.87100029000004, -28.270063399999913 ], [ 24.905677795000088, -28.274578093999935 ], [ 24.927146912000069, -28.246549605999917 ], [ 24.965000153000062, -28.250398635999943 ], [ 25.028804779000041, -28.072889327999917 ], [ 24.972320557000046, -28.083812713999919 ], [ 24.951089859000035, -28.112676619999945 ], [ 24.829332352000051, -27.929681777999917 ], [ 25.048122406000061, -27.699132918999908 ], [ 24.999578476000067, -27.680183410999916 ], [ 24.801321030000054, -27.702329635999945 ], [ 24.783817291000048, -27.604532241999948 ], [ 24.757102966000048, -27.609245299999941 ], [ 24.762285233000057, -27.632854461999955 ], [ 24.692602158000057, -27.645061492999957 ], [ 24.673299789000055, -27.685029983999925 ], [ 24.695816040000068, -27.717224120999958 ], [ 24.710641861000056, -27.711259841999947 ], [ 24.719352722000053, -27.739463805999947 ], [ 24.703283310000074, -27.762638091999918 ], [ 24.711185455000077, -27.826004027999943 ], [ 24.690578461000086, -27.833841323999934 ], [ 24.691545486000052, -27.851678847999949 ], [ 24.65726470900006, -27.854442595999956 ], [ 24.630840302000081, -27.902118682999912 ], [ 24.607648849000043, -27.898008346999916 ], [ 24.629369736000058, -27.93457221999995 ], [ 24.629520416000048, -27.998203277999949 ], [ 24.609819412000036, -28.02683830299992 ], [ 24.562425613000073, -28.03387641899991 ], [ 24.564188004000073, -28.074808120999933 ], [ 24.536710739000057, -28.093051909999929 ], [ 24.445201874000077, -28.03162193299994 ], [ 24.467800140000065, -27.980426787999932 ], [ 24.410955429000069, -27.923475265999912 ], [ 24.393562317000089, -27.941516875999923 ], [ 24.360921860000076, -27.910293578999926 ], [ 24.410476685000049, -27.842155456999933 ], [ 24.427515030000052, -27.840169906999904 ], [ 24.452880859000061, -27.782249450999927 ], [ 24.409124374000044, -27.761106490999907 ], [ 24.447177887000066, -27.702526092999904 ], [ 24.405067444000053, -27.680452346999914 ], [ 24.108972549000043, -27.736551284999905 ], [ 24.091550827000049, -27.702066421999916 ], [ 24.115852356000062, -27.620304107999914 ], [ 24.049879074000046, -27.599952697999925 ], [ 24.052555084000062, -27.460744857999941 ], [ 24.086740494000082, -27.353096007999909 ], [ 23.993738174000043, -27.30892562899993 ], [ 23.971437454000068, -27.341342925999925 ], [ 23.985042572000054, -27.347522735999917 ], [ 23.986227036000059, -27.396722793999913 ], [ 23.920927048000067, -27.387393950999922 ], [ 23.902492523000035, -27.369768142999931 ], [ 23.868745804000071, -27.425342559999933 ], [ 23.919776917000036, -27.451665877999915 ], [ 23.906698227000049, -27.470090865999907 ], [ 23.799118042000089, -27.455333709999934 ], [ 23.73938369800004, -27.536680221999916 ], [ 23.595645905000083, -27.448955535999914 ], [ 23.497583389000056, -27.452171325999927 ], [ 23.466741562000038, -27.38610267599995 ], [ 23.442071915000042, -27.387004851999905 ], [ 23.436882019000052, -27.405132293999941 ], [ 23.311706543000071, -27.344015120999927 ], [ 23.297704697000086, -27.366775512999936 ], [ 23.284873962000063, -27.36372375499991 ], [ 23.277267456000061, -27.342014312999936 ], [ 23.227878571000076, -27.330734252999946 ], [ 23.132886887000041, -27.236576079999907 ], [ 23.102159500000084, -27.176521300999923 ], [ 23.054304123000065, -27.219467162999933 ], [ 23.009263992000058, -27.140342711999949 ], [ 23.021366119000049, -27.034919738999918 ], [ 23.112985611000056, -27.025455474999944 ], [ 23.055288315000041, -26.943552016999945 ], [ 23.021940231000087, -26.836942672999953 ], [ 23.077768326000069, -26.814216613999918 ], [ 23.036073685000076, -26.777139663999947 ], [ 23.078084946000047, -26.677141189999929 ], [ 22.998502731000087, -26.628517150999926 ], [ 22.956617355000049, -26.631912230999944 ], [ 22.930131912000036, -26.603845595999928 ], [ 22.763408661000085, -26.57290840099995 ], [ 22.740209579000066, -26.585273742999902 ], [ 22.717994690000069, -26.565288543999941 ], [ 22.716678619000049, -26.57876777599995 ], [ 22.69916534400005, -26.488557815999911 ], [ 22.703531265000038, -26.126016616999948 ], [ 22.581781387000035, -26.145179748999908 ], [ 22.562908173000039, -26.220727920999934 ], [ 22.546672821000072, -26.230106353999929 ], [ 22.470376968000039, -26.208452224999917 ], [ 22.401184082000043, -26.249689101999934 ], [ 22.400730133000081, -26.275634765999939 ], [ 22.362569809000036, -26.293115615999909 ], [ 22.364059448000091, -26.324520110999913 ], [ 22.245080948000066, -26.357957839999926 ], [ 22.198120117000087, -26.398323058999949 ], [ 22.160804749000079, -26.507757186999925 ], [ 22.080005646000075, -26.581918715999905 ], [ 22.04727745100007, -26.63430023199993 ], [ 21.951736450000055, -26.671304702999919 ], [ 21.812576294000053, -26.665546416999916 ], [ 21.779878616000076, -26.685501098999907 ], [ 21.783487320000063, -26.794672011999921 ], [ 21.699718475000054, -26.860860824999918 ], [ 21.626893997000082, -26.865962981999928 ], [ 21.586765289000084, -26.847227096999916 ], [ 21.523376465000069, -26.861503600999924 ], [ 21.39535522500006, -26.825502395999933 ], [ 21.344993591000048, -26.827531814999929 ], [ 21.302526474000047, -26.851440429999911 ], [ 21.215967178000085, -26.848752974999911 ], [ 21.142774582000072, -26.874027251999905 ], [ 21.021228790000066, -26.849275588999944 ], [ 20.974142075000088, -26.808204650999926 ], [ 20.901016235000043, -26.795942306999905 ], [ 20.715339661000087, -26.875530242999957 ], [ 20.693325043000073, -26.907245635999914 ], [ 20.687572479000039, -26.852012633999948 ], [ 20.650459290000072, -26.835260390999906 ], [ 20.652700424000045, -26.815040587999931 ], [ 20.629325867000091, -26.792375564999929 ], [ 20.633832932000075, -26.736791610999944 ], [ 20.615142822000053, -26.70167732199991 ], [ 20.634456635000049, -26.628934859999958 ], [ 20.606853485000045, -26.560657500999923 ], [ 20.61318779000004, -26.474308013999917 ], [ 20.624870300000055, -26.438144683999951 ], [ 20.69075584400008, -26.397409438999944 ], [ 20.719079971000042, -26.336936950999927 ], [ 20.785806656000091, -26.276184081999929 ], [ 20.819776535000074, -26.179973601999905 ], [ 20.857862473000068, -26.146036147999951 ], [ 20.856416702000047, -26.121507644999951 ], [ 20.824895859000037, -26.106796264999957 ], [ 20.841018677000079, -26.083864211999924 ], [ 20.816780090000066, -26.003898620999905 ], [ 20.838047028000062, -25.956121444999951 ], [ 20.802017212000067, -25.912103652999917 ], [ 20.810014725000087, -25.875062942999932 ], [ 20.787094116000048, -25.854496001999905 ], [ 20.78956794700008, -25.805601119999949 ], [ 20.74551391600005, -25.824304580999922 ], [ 20.756984711000086, -25.781946181999956 ], [ 20.679176331000065, -25.685459136999953 ], [ 20.688018799000076, -25.636491775999957 ], [ 20.655036926000037, -25.63139915499994 ], [ 20.694061279000039, -25.586874007999938 ], [ 20.631269455000051, -25.51747131299993 ], [ 20.64325141900008, -25.474895476999905 ], [ 20.670940399000074, -25.467901229999939 ], [ 20.675485611000056, -25.451560973999904 ], [ 20.633663177000074, -25.459417342999927 ], [ 20.628318787000069, -25.423936843999911 ], [ 20.60583686800004, -25.423978805999923 ], [ 20.60618209800009, -25.396684646999915 ], [ 20.564331055000082, -25.384338378999928 ], [ 20.545244217000061, -25.322185515999934 ], [ 20.520109177000052, -25.311697005999918 ], [ 20.540462494000053, -25.288301467999929 ], [ 20.492616653000084, -25.258806228999958 ], [ 20.490625381000086, -25.224891662999937 ], [ 20.457914352000046, -25.211496352999916 ], [ 20.449367523000092, -25.194850921999944 ], [ 20.465934753000056, -25.153396605999944 ], [ 20.434389114000055, -25.149843215999908 ], [ 20.37914085400007, -25.028909682999938 ], [ 20.290878296000074, -24.974084853999955 ], [ 20.262605667000059, -24.923923491999915 ], [ 20.207498550000082, -24.898759841999947 ], [ 20.183504105000054, -24.91135597199991 ], [ 20.157827377000046, -24.885677337999937 ], [ 20.12788772600004, -24.883186339999952 ], [ 20.000236511000082, -24.752990722999925 ] ] ] } },
{ "type": "Feature", "properties": { "loc": "ZA-A1-0004" }, "geometry": { "type": "Polygon", "coordinates": [ [ [ 28.24332237200008, -26.882562636999921 ], [ 28.230003357000044, -26.888244628999928 ], [ 28.23200988800005, -26.918275832999939 ], [ 28.20621299700008, -26.915130614999953 ], [ 28.170072556000036, -26.844322204999912 ], [ 28.154851913000073, -26.850408553999955 ], [ 28.170310974000074, -26.890947341999947 ], [ 28.117332458000078, -26.889474868999912 ], [ 28.115449905000048, -26.844747542999926 ], [ 28.014749527000049, -26.792552947999923 ], [ 28.028928757000074, -26.779674529999909 ], [ 28.007696152000051, -26.768939971999941 ], [ 27.992923737000069, -26.733139037999933 ], [ 28.000419617000091, -26.695743560999915 ], [ 27.970777512000041, -26.66834068299994 ], [ 27.893119812000066, -26.710386275999952 ], [ 27.881235123000067, -26.745449065999935 ], [ 27.781106949000048, -26.750762938999912 ], [ 27.768318176000037, -26.799041747999922 ], [ 27.726892471000042, -26.759235381999929 ], [ 27.632457733000081, -26.771198272999925 ], [ 27.630025864000061, -26.731878280999922 ], [ 27.570632935000049, -26.746540069999924 ], [ 27.580410004000044, -26.774848937999934 ], [ 27.508680344000084, -26.786415099999942 ], [ 27.510358810000071, -26.838081359999933 ], [ 27.488262177000081, -26.848285674999943 ], [ 27.476367950000053, -26.883007049999947 ], [ 27.414619446000074, -26.925180434999959 ], [ 27.37146186800004, -26.904165267999929 ], [ 27.336612701000035, -26.854433059999906 ], [ 27.304748535000044, -26.853580474999944 ], [ 27.217634201000067, -26.946758269999918 ], [ 27.208152771000073, -26.980018615999938 ], [ 27.174463272000082, -26.967121123999902 ], [ 27.178590775000089, -26.924446105999948 ], [ 27.142290115000037, -26.941978454999912 ], [ 27.113843918000043, -26.926061629999936 ], [ 27.039812088000076, -26.938861846999941 ], [ 26.959457397000051, -26.901319503999957 ], [ 26.941085815000065, -26.870538711999927 ], [ 26.921291351000036, -26.904262542999959 ], [ 26.92105674700008, -26.972545623999906 ], [ 26.90667533900006, -26.942777633999924 ], [ 26.864988327000049, -26.918401717999927 ], [ 26.819215775000089, -26.952594756999929 ], [ 26.803461075000087, -26.932418822999921 ], [ 26.715259552000077, -26.973794936999923 ], [ 26.69045066800004, -27.017059325999924 ], [ 26.670001984000066, -26.994047164999927 ], [ 26.619249344000082, -27.003347396999914 ], [ 26.581422806000035, -27.055328368999938 ], [ 26.593740463000074, -27.078580855999917 ], [ 26.58505630500008, -27.106933593999941 ], [ 26.529087067000034, -27.090471267999931 ], [ 26.47267532300009, -27.154144286999951 ], [ 26.426277161000087, -27.152235030999918 ], [ 26.420007706000035, -27.171007155999916 ], [ 26.443159103000085, -27.216102599999942 ], [ 26.497432709000066, -27.267690658999925 ], [ 26.493736267000088, -27.318315505999919 ], [ 26.482250214000089, -27.323501586999953 ], [ 26.476345062000064, -27.307516097999951 ], [ 26.446641922000083, -27.348857879999912 ], [ 26.512626648000037, -27.393287658999952 ], [ 26.45182800300006, -27.385330199999942 ], [ 26.423498154000072, -27.406713485999944 ], [ 26.345996857000046, -27.385074614999951 ], [ 26.324260712000068, -27.432680129999937 ], [ 26.295148849000043, -27.415140151999935 ], [ 26.243595123000091, -27.430278777999945 ], [ 26.219856262000064, -27.474807738999914 ], [ 26.228618622000056, -27.512550353999927 ], [ 26.169385910000074, -27.536321639999926 ], [ 26.15431594800009, -27.563642501999936 ], [ 26.13283920300006, -27.558990478999931 ], [ 26.114252090000036, -27.592878341999949 ], [ 26.084327698000038, -27.595041274999915 ], [ 26.075117111000054, -27.618917464999925 ], [ 26.086311340000066, -27.648328780999918 ], [ 26.054977417000089, -27.669372558999953 ], [ 26.095693588000074, -27.690702437999903 ], [ 26.038667679000071, -27.735044478999953 ], [ 26.003030777000049, -27.706228255999918 ], [ 26.006687164000084, -27.656978606999928 ], [ 25.981718063000073, -27.626382827999919 ], [ 25.947259903000088, -27.632394790999911 ], [ 25.926324844000078, -27.603141784999934 ], [ 25.893133163000073, -27.625524520999932 ], [ 25.863309860000072, -27.624637603999929 ], [ 25.830696106000062, -27.564947127999915 ], [ 25.679138184000067, -27.62903022799992 ], [ 25.677797318000046, -27.680219649999913 ], [ 25.662315369000055, -27.693672179999908 ], [ 25.592195511000057, -27.654418944999918 ], [ 25.557252884000036, -27.685672759999932 ], [ 25.48221015900009, -27.691917418999935 ], [ 25.470129013000076, -27.709938048999959 ], [ 25.395008087000065, -27.728239058999918 ], [ 25.341138840000042, -27.792291640999906 ], [ 25.27534675600009, -27.796115874999941 ], [ 25.238576889000058, -27.834449767999956 ], [ 25.253311157000041, -27.865985869999918 ], [ 25.204187393000041, -27.883810042999926 ], [ 25.161224365000066, -27.926467895999906 ], [ 25.136205673000063, -27.923128127999917 ], [ 25.13162612900004, -27.949823379999941 ], [ 25.090944290000039, -27.984050750999927 ], [ 25.107252121000045, -28.012456893999911 ], [ 25.074216843000045, -28.065319060999911 ], [ 25.028804779000041, -28.072889327999917 ], [ 24.965000153000062, -28.250398635999943 ], [ 24.927146912000069, -28.246549605999917 ], [ 24.905677795000088, -28.274578093999935 ], [ 24.87100029000004, -28.270063399999913 ], [ 24.890653610000072, -28.309915542999931 ], [ 24.938114166000048, -28.324554442999954 ], [ 24.887218475000054, -28.464670180999917 ], [ 24.847326279000072, -28.503408431999958 ], [ 24.868267059000061, -28.516691207999941 ], [ 24.828176498000062, -28.626613616999919 ], [ 24.90229988100009, -28.647678374999941 ], [ 24.347112656000036, -29.655416488999947 ], [ 24.350437164000084, -29.707199096999943 ], [ 24.410459518000039, -29.789167403999954 ], [ 24.439619064000055, -29.814693450999926 ], [ 24.487182617000087, -29.812488555999948 ], [ 24.505573273000039, -29.838443755999947 ], [ 24.546333313000048, -29.843872069999918 ], [ 24.608547211000086, -29.911125182999911 ], [ 24.665000916000054, -29.901538848999905 ], [ 24.67470932000009, -29.975215911999953 ], [ 24.794446945000061, -29.997484206999957 ], [ 24.81021499600007, -30.023221969999952 ], [ 24.80029869100008, -30.055061339999952 ], [ 24.838409424000076, -30.094295501999909 ], [ 24.838958740000066, -30.119066237999903 ], [ 24.873029709000036, -30.133962630999918 ], [ 24.899168015000043, -30.205938338999943 ], [ 24.925205231000064, -30.200998305999917 ], [ 24.953077316000076, -30.225807189999955 ], [ 24.948059082000043, -30.252653121999913 ], [ 24.986967087000039, -30.289176940999937 ], [ 25.038703918000067, -30.292676925999956 ], [ 25.039844513000048, -30.362340926999934 ], [ 25.095514297000079, -30.37195205699993 ], [ 25.189481735000072, -30.497585296999944 ], [ 25.235750198000062, -30.499664306999932 ], [ 25.305856705000053, -30.576278686999956 ], [ 25.335777283000084, -30.557289123999908 ], [ 25.372234344000049, -30.55815124499992 ], [ 25.419633865000037, -30.578525542999955 ], [ 25.473785400000054, -30.635036468999942 ], [ 25.568851471000073, -30.611564635999912 ], [ 25.594697952000047, -30.58831024199992 ], [ 25.629226685000049, -30.622999190999906 ], [ 25.614971161000085, -30.652971267999931 ], [ 25.676130295000064, -30.638401030999944 ], [ 25.684726715000068, -30.669172286999924 ], [ 25.770597458000054, -30.685239791999948 ], [ 25.795585632000041, -30.63402175899995 ], [ 25.891632080000079, -30.609647750999954 ], [ 25.872049332000074, -30.561946868999939 ], [ 25.888202667000087, -30.542301177999946 ], [ 25.902893066000047, -30.542587279999907 ], [ 25.931745529000068, -30.584451674999912 ], [ 25.962692261000086, -30.545202254999936 ], [ 26.052585602000079, -30.523412703999952 ], [ 26.102083206000088, -30.518629073999932 ], [ 26.147850037000069, -30.538921355999946 ], [ 26.130270004000067, -30.500036239999929 ], [ 26.155801773000064, -30.482225417999928 ], [ 26.19142532300009, -30.499906539999927 ], [ 26.199594498000067, -30.532423018999907 ], [ 26.262496948000035, -30.541643142999931 ], [ 26.279472351000038, -30.589076995999903 ], [ 26.355672836000053, -30.595279693999942 ], [ 26.405984879000073, -30.569179534999932 ], [ 26.446630478000088, -30.568416594999917 ], [ 26.489927292000061, -30.59375 ], [ 26.483888626000066, -30.629970550999928 ], [ 26.56355476400006, -30.665218352999943 ], [ 26.629131317000088, -30.661661147999951 ], [ 26.629995346000044, -30.693265914999927 ], [ 26.674917221000044, -30.667457580999951 ], [ 26.705186844000082, -30.685825347999923 ], [ 26.80446624800004, -30.639068603999931 ], [ 26.856550217000063, -30.684576034999907 ], [ 26.883327484000063, -30.658638 ], [ 26.903663635000044, -30.668962478999958 ], [ 26.948961258000054, -30.658658980999917 ], [ 26.929580688000044, -30.625905990999911 ], [ 26.949415207000072, -30.606613158999949 ], [ 27.035322189000055, -30.599729537999906 ], [ 27.041952133000052, -30.581258773999934 ], [ 27.000795364000055, -30.553060531999904 ], [ 27.00535392800009, -30.537599563999947 ], [ 27.086021423000091, -30.527721404999909 ], [ 27.106718063000073, -30.558315276999906 ], [ 27.138582230000054, -30.532476424999913 ], [ 27.130962372000056, -30.510026931999903 ], [ 27.187139511000055, -30.524385451999933 ], [ 27.211675644000081, -30.494131087999904 ], [ 27.229421616000081, -30.510000228999957 ], [ 27.240583420000064, -30.485305785999913 ], [ 27.251523972000086, -30.502483367999957 ], [ 27.298736572000053, -30.512104033999947 ], [ 27.29950141900008, -30.493692397999951 ], [ 27.328731537000067, -30.483539580999945 ], [ 27.295642853000061, -30.460567473999959 ], [ 27.300960541000052, -30.443426131999956 ], [ 27.348003387000063, -30.448951720999958 ], [ 27.369043350000084, -30.433809279999934 ], [ 27.324726105000082, -30.422885894999922 ], [ 27.340467453000088, -30.398435592999931 ], [ 27.377311707000047, -30.408542632999911 ], [ 27.404369354000039, -30.391332625999951 ], [ 27.397441864000086, -30.361566543999913 ], [ 27.37260437000009, -30.374273299999913 ], [ 27.367631912000036, -30.339550017999954 ], [ 27.349193573000036, -30.331453322999948 ], [ 27.407117844000084, -30.308612822999919 ], [ 27.374526978000063, -30.27024459799992 ], [ 27.373029709000036, -30.241292952999913 ], [ 27.378599167000061, -30.200622558999953 ], [ 27.397983551000038, -30.191335677999916 ], [ 27.415681839000058, -30.150794982999912 ], [ 27.335178375000055, -30.15021324199995 ], [ 27.312314987000036, -30.06852340699993 ], [ 27.238376617000085, -30.005439757999909 ], [ 27.123323441000082, -29.755332946999943 ], [ 27.029067993000069, -29.646015166999916 ], [ 27.032629013000076, -29.611698150999928 ], [ 27.067264557000044, -29.631418227999916 ], [ 27.078205109000066, -29.596191405999946 ], [ 27.092433929000038, -29.607667922999951 ], [ 27.162746429000038, -29.556047439999929 ], [ 27.20770454400008, -29.561798095999904 ], [ 27.23362731900005, -29.539981841999918 ], [ 27.251981735000072, -29.548479079999936 ], [ 27.275548935000074, -29.526136397999949 ], [ 27.31467056300005, -29.525512694999918 ], [ 27.320611954000071, -29.487812041999916 ], [ 27.36977386500007, -29.476182937999909 ], [ 27.370300293000071, -29.455430983999918 ], [ 27.430442810000045, -29.406047820999959 ], [ 27.414375305000078, -29.367460250999954 ], [ 27.442630768000072, -29.368762969999921 ], [ 27.449859619000051, -29.329933166999922 ], [ 27.477575302000048, -29.31453704799992 ], [ 27.463394165000068, -29.290338515999906 ], [ 27.498262405000048, -29.28887557999991 ], [ 27.54591941800004, -29.253978728999925 ], [ 27.529251099000078, -29.216651916999922 ], [ 27.590974808000055, -29.164632796999911 ], [ 27.619655609000063, -29.158638 ], [ 27.616834641000082, -29.130125045999932 ], [ 27.659561157000041, -29.108154296999942 ], [ 27.662811279000039, -29.086202620999927 ], [ 27.647905350000087, -29.077604293999912 ], [ 27.682645798000067, -29.074054717999957 ], [ 27.649507523000068, -29.043962478999958 ], [ 27.680616379000071, -29.043464660999916 ], [ 27.697994232000042, -29.018009185999915 ], [ 27.692050934000065, -29.001771926999936 ], [ 27.729972839000084, -29.000305175999927 ], [ 27.719131470000036, -28.989442824999912 ], [ 27.729501724000045, -28.955305098999929 ], [ 27.773492813000075, -28.922084807999909 ], [ 27.76015090900006, -28.895406722999951 ], [ 27.808090210000046, -28.916410445999929 ], [ 27.835678101000042, -28.899795531999928 ], [ 27.890325546000042, -28.914489745999958 ], [ 27.905176163000078, -28.905393599999911 ], [ 27.899805069000081, -28.883243560999915 ], [ 27.941822052000077, -28.851755141999945 ], [ 27.968238831000065, -28.857269286999951 ], [ 27.981613159000062, -28.878509520999955 ], [ 28.036695480000049, -28.877176284999905 ], [ 28.05983352700008, -28.813776015999906 ], [ 28.08291244500009, -28.808034896999914 ], [ 28.121253967000087, -28.743389129999912 ], [ 28.189455032000069, -28.69077300999993 ], [ 28.208105087000035, -28.705577849999941 ], [ 28.362859726000067, -28.698047637999935 ], [ 28.413869858000055, -28.618875503999902 ], [ 28.467008591000081, -28.603492736999954 ], [ 28.587453842000059, -28.602716445999931 ], [ 28.653728485000045, -28.572057723999933 ], [ 28.69979476900005, -28.600116729999911 ], [ 28.719865799000047, -28.677438735999942 ], [ 28.806705475000058, -28.701938628999926 ], [ 28.828716278000059, -28.757930755999951 ], [ 28.876201697000056, -28.763883442999941 ], [ 28.892417908000084, -28.744504928999959 ], [ 28.897502899000074, -28.690467833999946 ], [ 28.943071365000037, -28.650499343999911 ], [ 28.974597931000062, -28.57515716599994 ], [ 29.097129822000056, -28.545076369999947 ], [ 29.136327744000084, -28.566377639999928 ], [ 29.171049118000042, -28.530080794999947 ], [ 29.197294235000072, -28.544677733999947 ], [ 29.217035294000084, -28.51839637799992 ], [ 29.191829681000058, -28.493328093999935 ], [ 29.248758316000078, -28.424945830999945 ], [ 29.294511795000062, -28.436288833999924 ], [ 29.37411880500008, -28.371526717999927 ], [ 29.414354324000044, -28.37585830699993 ], [ 29.437879562000035, -28.321086883999953 ], [ 29.483348846000069, -28.272367476999932 ], [ 29.620157242000062, -28.240949630999921 ], [ 29.624780655000052, -28.224576949999914 ], [ 29.60967254600007, -28.215021132999937 ], [ 29.626399994000053, -28.185628890999908 ], [ 29.66285324100005, -28.177001952999944 ], [ 29.655752182000072, -28.089595794999923 ], [ 29.617136002000052, -28.046394347999922 ], [ 29.651109695000059, -27.966276168999912 ], [ 29.679780960000073, -27.958099364999953 ], [ 29.654205322000053, -27.922639846999914 ], [ 29.690717697000082, -27.895347594999919 ], [ 29.697305679000067, -27.824037551999936 ], [ 29.731548309000061, -27.807550429999935 ], [ 29.704097748000038, -27.765083312999934 ], [ 29.709264755000049, -27.698043822999921 ], [ 29.670389175000082, -27.669666289999952 ], [ 29.671966553000061, -27.652250289999927 ], [ 29.735082626000064, -27.606628417999957 ], [ 29.785396576000039, -27.596281051999938 ], [ 29.758625031000065, -27.526649474999942 ], [ 29.709518433000085, -27.513113021999914 ], [ 29.732194901000071, -27.48745727499994 ], [ 29.703441620000035, -27.471534728999927 ], [ 29.708639145000063, -27.461301803999959 ], [ 29.757450104000043, -27.440628051999909 ], [ 29.734226227000079, -27.430093764999924 ], [ 29.704763412000091, -27.44495773299991 ], [ 29.699228287000039, -27.494115828999952 ], [ 29.619430542000089, -27.506027221999943 ], [ 29.600069046000044, -27.468725203999952 ], [ 29.546907425000086, -27.43066596999995 ], [ 29.552436829000044, -27.398366927999916 ], [ 29.526691437000068, -27.393859862999932 ], [ 29.530107498000064, -27.380388259999904 ], [ 29.511184692000086, -27.378677367999956 ], [ 29.502010345000087, -27.357955932999914 ], [ 29.482915878000085, -27.35928535499994 ], [ 29.486606598000037, -27.326831817999903 ], [ 29.469400406000091, -27.324035644999924 ], [ 29.463876724000045, -27.287218093999911 ], [ 29.428613663000078, -27.253599166999948 ], [ 29.391086578000056, -27.242219924999915 ], [ 29.343288422000057, -27.247982024999942 ], [ 29.33165931700006, -27.263250350999954 ], [ 29.335433960000046, -27.207000731999926 ], [ 29.30901908900006, -27.215766906999932 ], [ 29.28712844800009, -27.190074920999905 ], [ 29.269901276000041, -27.197414397999921 ], [ 29.260841370000037, -27.180957793999937 ], [ 29.246686935000071, -27.191505431999929 ], [ 29.224050522000084, -27.144411086999924 ], [ 29.159551620000059, -27.142948150999928 ], [ 29.116600037000069, -27.169879912999932 ], [ 29.104759216000048, -27.130920409999931 ], [ 29.056779861000052, -27.081926345999932 ], [ 29.074539185000049, -27.063604354999939 ], [ 29.051483154000039, -27.005092620999903 ], [ 29.039531708000084, -27.003522872999952 ], [ 29.03295135500008, -27.027975081999955 ], [ 28.968572617000063, -26.990972518999911 ], [ 28.953960419000055, -27.011341094999921 ], [ 28.89404869100008, -27.012878417999957 ], [ 28.887620926000068, -27.059301375999951 ], [ 28.858360291000054, -27.025281905999918 ], [ 28.813863754000067, -27.042554854999935 ], [ 28.80464363100009, -27.012912749999941 ], [ 28.794651031000058, -27.028667449999944 ], [ 28.758178711000085, -26.99691200299992 ], [ 28.736125946000072, -27.003257750999921 ], [ 28.710878372000082, -26.968614577999915 ], [ 28.683517456000061, -26.974769591999916 ], [ 28.645566940000037, -26.952302932999942 ], [ 28.605466843000045, -26.992614745999958 ], [ 28.653377533000082, -26.99455261199995 ], [ 28.645082474000048, -27.019224166999948 ], [ 28.608898163000049, -27.007450103999929 ], [ 28.609550476000038, -27.019845962999909 ], [ 28.533882141000049, -27.06600379899993 ], [ 28.550209045000088, -27.040885924999941 ], [ 28.504205704000071, -27.007364272999951 ], [ 28.509973526000067, -26.986812591999922 ], [ 28.478637695000089, -26.949335097999949 ], [ 28.471261978000086, -26.980836867999926 ], [ 28.43760681200007, -26.963766097999951 ], [ 28.44763374300004, -26.97895812999991 ], [ 28.418182373000036, -27.014116286999922 ], [ 28.424236298000039, -26.987287520999928 ], [ 28.39718818700004, -26.932119369999953 ], [ 28.327859879000073, -26.947776793999935 ], [ 28.319757462000041, -26.92073249799995 ], [ 28.302999496000041, -26.939941405999946 ], [ 28.28215408300008, -26.907253264999952 ], [ 28.260673523000037, -26.915269851999938 ], [ 28.24332237200008, -26.882562636999921 ] ] ] } },
{ "type": "Feature", "properties": { "loc": "ZA-A1-0005" }, "geometry": { "type": "Polygon", "coordinates": [ [ [ 32.11207199100005, -26.81406784099994 ], [ 32.013824463000162, -26.811199187999875 ], [ 32.010040283000023, -26.82452392599987 ], [ 31.983064651000063, -27.061485290999883 ], [ 31.975315094000052, -27.316989898999907 ], [ 31.502174377000188, -27.315452575999927 ], [ 31.276760071000183, -27.239946398999848 ], [ 31.166130066000051, -27.368314742999928 ], [ 31.097684860000072, -27.329923629999882 ], [ 31.019996643000184, -27.35997772199994 ], [ 31.010105133000081, -27.348203658999921 ], [ 30.944286346000069, -27.367681502999915 ], [ 30.922552109000094, -27.305042266999919 ], [ 30.866220474000102, -27.312654494999947 ], [ 30.85709953300011, -27.344577788999914 ], [ 30.821413040000152, -27.354694365999876 ], [ 30.82754135100015, -27.343629836999924 ], [ 30.789482117000034, -27.313236236999956 ], [ 30.771299362000093, -27.326068877999887 ], [ 30.718664169000192, -27.28376579299993 ], [ 30.660848618000159, -27.287424087999852 ], [ 30.563201904000096, -27.326482772999952 ], [ 30.496570587000178, -27.312023162999935 ], [ 30.44857597400005, -27.326749801999938 ], [ 30.42621994000018, -27.314460753999924 ], [ 30.426261902000078, -27.26974296599991 ], [ 30.367753983000171, -27.267452239999898 ], [ 30.366670609000039, -27.311433791999946 ], [ 30.328542709000146, -27.299222945999873 ], [ 30.282827377000046, -27.314170836999892 ], [ 30.280490875000169, -27.368066787999908 ], [ 30.234973907000096, -27.380397796999944 ], [ 30.198408127000107, -27.354703902999859 ], [ 30.14385414100002, -27.413070678999929 ], [ 30.087184906000175, -27.368753432999881 ], [ 30.016672134000203, -27.397262572999921 ], [ 29.9169101720002, -27.355865478999874 ], [ 29.898935318000156, -27.385232924999855 ], [ 29.840894699000103, -27.377504348999878 ], [ 29.797840118000181, -27.457624434999957 ], [ 29.758661270000175, -27.442243575999896 ], [ 29.70863914500012, -27.461301803999959 ], [ 29.703441620000035, -27.471534728999927 ], [ 29.732194901000128, -27.48745727499994 ], [ 29.709518433000085, -27.513113021999914 ], [ 29.758625031000122, -27.526649474999942 ], [ 29.785396576000153, -27.596281051999938 ], [ 29.735082626000064, -27.606628417999957 ], [ 29.671966553, -27.652250289999927 ], [ 29.670389175000082, -27.669666289999952 ], [ 29.709264755000049, -27.698043822999921 ], [ 29.704097748000152, -27.765083312999934 ], [ 29.731548309000118, -27.807550429999935 ], [ 29.697305679000124, -27.824037551999936 ], [ 29.690717697000196, -27.895347594999919 ], [ 29.654205322000109, -27.922639846999857 ], [ 29.679780960000073, -27.958099364999896 ], [ 29.651109695000059, -27.966276168999912 ], [ 29.617136002000052, -28.046394347999922 ], [ 29.655752182000015, -28.089595794999866 ], [ 29.66285324100005, -28.177001952999888 ], [ 29.626399994000053, -28.185628890999851 ], [ 29.609672546000184, -28.215021132999937 ], [ 29.624780655000109, -28.224576949999857 ], [ 29.620157242000118, -28.240949630999864 ], [ 29.483348846000183, -28.272367476999875 ], [ 29.437879561999978, -28.321086883999953 ], [ 29.414354324000044, -28.37585830699993 ], [ 29.37411880500008, -28.371526717999927 ], [ 29.294511795000119, -28.436288833999868 ], [ 29.248758316000135, -28.424945830999889 ], [ 29.191829681000115, -28.493328093999878 ], [ 29.217035294000141, -28.51839637799992 ], [ 29.197294235000186, -28.54467773399989 ], [ 29.171049118000155, -28.53008079499989 ], [ 29.136327744000198, -28.566377639999928 ], [ 29.097129822000056, -28.545076369999947 ], [ 28.974597931000176, -28.575157165999883 ], [ 28.943071365000037, -28.650499343999854 ], [ 28.897502899000187, -28.690467833999946 ], [ 28.892417908000198, -28.744504928999959 ], [ 28.876201697000056, -28.763883442999941 ], [ 28.915851593000127, -28.795219420999899 ], [ 29.000066757000184, -28.913650512999936 ], [ 29.028354645000036, -28.908897399999944 ], [ 29.073135376000153, -28.93519210799991 ], [ 29.081415176000121, -28.972066878999954 ], [ 29.220832825000173, -29.030284881999876 ], [ 29.261617661000173, -29.089038848999849 ], [ 29.292175293000071, -29.077384948999907 ], [ 29.34091568000008, -29.095623015999934 ], [ 29.342786789000115, -29.144077300999868 ], [ 29.39269828800019, -29.196737288999941 ], [ 29.465761185000076, -29.352537154999936 ], [ 29.428306580000196, -29.431123733999868 ], [ 29.347822189000169, -29.456930160999946 ], [ 29.305965424000192, -29.489751815999909 ], [ 29.305185318000156, -29.563850402999947 ], [ 29.332139969000082, -29.580120086999898 ], [ 29.294614792, -29.591897963999884 ], [ 29.295099258000164, -29.630908965999936 ], [ 29.183498383000199, -29.665513991999944 ], [ 29.177791595000144, -29.697534560999941 ], [ 29.150230408000141, -29.719310759999928 ], [ 29.156856537000124, -29.75177574199995 ], [ 29.130619049000131, -29.841476439999951 ], [ 29.156942368000045, -29.864416121999852 ], [ 29.169761658000198, -29.926345824999942 ], [ 29.128726959000062, -29.935724257999937 ], [ 29.115970612000183, -29.963485717999902 ], [ 29.092128754000157, -29.957786559999931 ], [ 29.01925680700009, -30.003315049999912 ], [ 29.045431137000037, -30.012708663999888 ], [ 29.121719360000156, -30.098516463999943 ], [ 29.110734940000043, -30.15366363499993 ], [ 29.120662689000198, -30.160606383999948 ], [ 29.090948105000052, -30.148300170999846 ], [ 29.076480865000121, -30.177183150999895 ], [ 29.053417206000063, -30.172075271999859 ], [ 28.99025726300016, -30.206363677999889 ], [ 29.021986008000056, -30.22600746199987 ], [ 28.966445923000151, -30.241376876999936 ], [ 28.970228195000118, -30.280223845999899 ], [ 28.926778793000096, -30.254114150999897 ], [ 28.898374557000011, -30.25660324099988 ], [ 28.895105362000152, -30.299562453999954 ], [ 28.858394622999981, -30.333122252999885 ], [ 28.848669052000105, -30.394699096999943 ], [ 28.78775215100012, -30.402790069999867 ], [ 28.772752762000096, -30.46863365199988 ], [ 28.791814804000069, -30.492687224999941 ], [ 28.849102020000203, -30.50333023099995 ], [ 28.855678558000079, -30.548759459999872 ], [ 28.931085587000098, -30.579124450999927 ], [ 28.974048615000186, -30.560699462999878 ], [ 29.023485184000094, -30.503507613999943 ], [ 29.112678528000117, -30.554058074999887 ], [ 29.115577697999981, -30.579349517999958 ], [ 29.14636421199998, -30.594968795999932 ], [ 29.135656357000187, -30.603593825999894 ], [ 29.185913086000085, -30.618442534999872 ], [ 29.183675766000022, -30.640981673999875 ], [ 29.204544067000143, -30.619918822999921 ], [ 29.261047363000046, -30.621393203999958 ], [ 29.323959351000155, -30.646682738999857 ], [ 29.347017288000075, -30.673637389999897 ], [ 29.373832703000062, -30.650100707999854 ], [ 29.513076782000155, -30.618488311999954 ], [ 29.525728226000126, -30.639343261999954 ], [ 29.587730408000084, -30.658714293999878 ], [ 29.600236893000101, -30.689134597999953 ], [ 29.674915314000202, -30.669391631999872 ], [ 29.701005936000172, -30.704809188999945 ], [ 29.733957291000138, -30.707202910999854 ], [ 29.740724564000061, -30.723199843999907 ], [ 29.7527771, -30.706903457999942 ], [ 29.762443542000142, -30.718835830999865 ], [ 29.78659629800012, -30.709119796999914 ], [ 29.781126022000137, -30.695104598999933 ], [ 29.800819397, -30.708547591999945 ], [ 29.815469742000118, -30.699253081999871 ], [ 29.809200287000124, -30.729984282999908 ], [ 29.825990677000107, -30.720720290999907 ], [ 29.830919266000137, -30.743612288999941 ], [ 29.848096848000125, -30.736007689999951 ], [ 29.852796555000054, -30.760946273999934 ], [ 29.867082596000046, -30.74469375599989 ], [ 29.894916534000174, -30.759494780999944 ], [ 29.887626648000037, -30.784040450999953 ], [ 29.914726257000098, -30.76987647999988 ], [ 29.908344269000168, -30.796655654999938 ], [ 29.929710388000046, -30.79173660299989 ], [ 29.923604964999981, -30.767854690999911 ], [ 29.949575424000045, -30.769241332999911 ], [ 29.956626892000145, -30.78907585099995 ], [ 29.935264587000177, -30.802125930999921 ], [ 29.974586487000124, -30.796821593999937 ], [ 29.964506149000044, -30.825027465999881 ], [ 30.000219345000176, -30.837270736999926 ], [ 30.009695053000144, -30.826101302999916 ], [ 30.023441315000071, -30.85680961599985 ], [ 30.039562225000054, -30.844778060999886 ], [ 30.095485687000121, -30.862485885999945 ], [ 30.093597412000122, -30.87761688199987 ], [ 30.071390152000163, -30.871097564999957 ], [ 30.075811386000055, -30.881330489999925 ], [ 30.120258331000116, -30.887989043999937 ], [ 30.120683670000062, -30.909765243999857 ], [ 30.146663666000052, -30.922044753999955 ], [ 30.134923935000131, -30.962644576999935 ], [ 30.156744003000199, -30.975994109999931 ], [ 30.142070770000203, -30.986928939999927 ], [ 30.140586853000059, -31.022493361999921 ], [ 30.170295715000066, -31.025039672999924 ], [ 30.163562775000059, -31.049640655999951 ], [ 30.195734343000083, -31.08082649399995 ], [ 30.233045578000144, -31.050333022999951 ], [ 30.628417969000111, -30.50938034099994 ], [ 30.897632599000076, -30.046739577999915 ], [ 31.064813614000116, -29.878721236999866 ], [ 31.031158447000166, -29.892076491999944 ], [ 31.039813995000088, -29.879913329999852 ], [ 31.029018402000133, -29.877866744999892 ], [ 31.015913010000077, -29.901500701999851 ], [ 30.998537064000118, -29.900609969999891 ], [ 31.026086807000127, -29.863201140999877 ], [ 31.054517746000158, -29.867048263999948 ], [ 31.037277222000057, -29.8141212459999 ], [ 30.974643707000041, -29.795873641999947 ], [ 31.043571472000053, -29.806774138999913 ], [ 31.191476822000084, -29.566608428999871 ], [ 31.338005066000107, -29.389089583999919 ], [ 31.315647125000169, -29.371286391999888 ], [ 31.347352982000132, -29.37345886199995 ], [ 31.403528214000062, -29.305801391999864 ], [ 31.443981171000075, -29.28635597199991 ], [ 31.436780930000168, -29.265060424999945 ], [ 31.453565598000182, -29.270715713999891 ], [ 31.487350464000144, -29.235692977999861 ], [ 31.491962433000083, -29.221450805999893 ], [ 31.450361252000107, -29.219816207999941 ], [ 31.433223724000186, -29.197877883999922 ], [ 31.44622039800015, -29.185434340999905 ], [ 31.448228836000055, -29.213634490999937 ], [ 31.503458023000178, -29.219556807999936 ], [ 31.559898376000092, -29.176370620999933 ], [ 31.754970551000042, -28.979974746999915 ], [ 31.813934326000037, -28.951341628999955 ], [ 31.780565262000039, -28.95433425899995 ], [ 31.757562637000092, -28.921464919999892 ], [ 31.793788910000103, -28.94552421599991 ], [ 31.854021072000194, -28.94186592099993 ], [ 32.017127991000109, -28.878822326999909 ], [ 32.344570160000046, -28.590398787999845 ], [ 32.416923523000037, -28.492521285999942 ], [ 32.431880951000039, -28.384052276999853 ], [ 32.561504364000086, -28.140386580999916 ], [ 32.60824203500016, -27.812797545999956 ], [ 32.683391571000072, -27.506591796999942 ], [ 32.844184875000167, -27.108438491999891 ], [ 32.895973206000122, -26.856843947999948 ], [ 32.820278168000186, -26.868684768999913 ], [ 32.385421753000173, -26.862577437999846 ], [ 32.229438782000102, -26.832778930999893 ], [ 32.185634613000161, -26.860670089999871 ], [ 32.118549347000055, -26.830110549999915 ], [ 32.11207199100005, -26.81406784099994 ] ] ] } },
{ "type": "Feature", "properties": { "loc": "ZA-A1-0006" }, "geometry": { "type": "Polygon", "coordinates": [ [ [ 26.421554565000065, -24.635549544999947 ], [ 26.026027679000038, -24.718666076999909 ], [ 25.933679581000035, -24.721212386999923 ], [ 25.898080826000069, -24.754127501999903 ], [ 25.868663788000049, -24.755208968999909 ], [ 25.865789413000073, -24.805541991999917 ], [ 25.891159058000085, -24.855518340999936 ], [ 25.884603500000082, -24.914922713999943 ], [ 25.863225937000038, -24.934211730999948 ], [ 25.73982238800005, -25.247329711999953 ], [ 25.708467484000039, -25.281440734999933 ], [ 25.651346207000074, -25.50501823399992 ], [ 25.591579437000064, -25.622951507999915 ], [ 25.420776367000087, -25.737438201999908 ], [ 25.331398010000044, -25.770530700999927 ], [ 25.125158310000074, -25.758045196999944 ], [ 25.049674988000049, -25.721782683999947 ], [ 25.011295319000055, -25.728403090999905 ], [ 24.974182129000042, -25.76778221099994 ], [ 24.915828705000081, -25.79102897599995 ], [ 24.904603958000052, -25.813339232999908 ], [ 24.798681259000091, -25.825756072999923 ], [ 24.734796524000046, -25.807828902999915 ], [ 24.654205322000053, -25.819509505999918 ], [ 24.446485519000078, -25.735328673999959 ], [ 24.37565612800006, -25.764352797999948 ], [ 24.324235916000077, -25.734487533999925 ], [ 24.32324028000005, -25.714096068999936 ], [ 24.279230118000044, -25.721342086999925 ], [ 24.288681030000077, -25.701915740999937 ], [ 24.26252555800005, -25.700878142999954 ], [ 24.230001450000088, -25.646364211999924 ], [ 24.188961029000041, -25.619722365999905 ], [ 24.158542633000081, -25.629846572999952 ], [ 24.157413483000084, -25.611297606999926 ], [ 24.083436966000079, -25.643272399999944 ], [ 24.065561295000066, -25.629257201999906 ], [ 24.060356140000067, -25.653554915999905 ], [ 24.033369064000055, -25.639648437999938 ], [ 24.007482529000072, -25.649568557999942 ], [ 24.009548187000064, -25.622865676999936 ], [ 23.970743179000067, -25.61604499799995 ], [ 23.945838928000057, -25.636474608999947 ], [ 23.908647537000036, -25.626134871999909 ], [ 23.878429413000049, -25.579034804999935 ], [ 23.812372208000056, -25.544929503999924 ], [ 23.819658279000066, -25.515060424999945 ], [ 23.766284943000073, -25.503656386999921 ], [ 23.754158020000091, -25.469203948999905 ], [ 23.724039078000089, -25.445253371999911 ], [ 23.708600998000065, -25.456583022999951 ], [ 23.675230026000065, -25.444900512999936 ], [ 23.662557602000049, -25.414590835999945 ], [ 23.638788223000063, -25.432168960999945 ], [ 23.612762451000037, -25.402545928999928 ], [ 23.61706352200008, -25.384727477999945 ], [ 23.590887070000065, -25.393199920999905 ], [ 23.52693176300005, -25.337781905999918 ], [ 23.495782852000048, -25.348009108999918 ], [ 23.499759674000074, -25.321947097999953 ], [ 23.459829330000048, -25.296438216999945 ], [ 23.46499061600008, -25.274467467999955 ], [ 23.443264008000085, -25.274044036999953 ], [ 23.416675568000073, -25.30934143099995 ], [ 23.35776710500005, -25.28213119499992 ], [ 23.300487518000068, -25.289033889999928 ], [ 23.279258728000059, -25.269063949999918 ], [ 23.198879242000089, -25.272527694999951 ], [ 23.135221481000087, -25.31098937999991 ], [ 23.094430923000061, -25.307195662999959 ], [ 23.07671737700008, -25.328470229999937 ], [ 23.054658890000042, -25.317125319999946 ], [ 23.059627533000082, -25.287837981999928 ], [ 23.032873154000072, -25.30837631199995 ], [ 23.011873245000061, -25.293407439999953 ], [ 23.008909225000082, -25.329515456999957 ], [ 22.978683472000057, -25.338447570999904 ], [ 22.970869064000055, -25.380435943999942 ], [ 22.912860870000088, -25.418163299999947 ], [ 22.890150070000061, -25.468612670999903 ], [ 22.902645111000083, -25.485687255999949 ], [ 22.849674225000058, -25.48928260799994 ], [ 22.863149643000042, -25.505643844999952 ], [ 22.856628418000071, -25.528547286999924 ], [ 22.818862915000068, -25.584007262999933 ], [ 22.854084015000069, -25.613746642999956 ], [ 22.812297821000072, -25.634902953999926 ], [ 22.810916901000041, -25.653297423999959 ], [ 22.831315994000079, -25.664421081999933 ], [ 22.824815750000084, -25.695583343999942 ], [ 22.777492523000035, -25.733407973999931 ], [ 22.763023376000035, -25.783838271999912 ], [ 22.744319916000052, -25.792850493999936 ], [ 22.784223557000075, -25.817434310999943 ], [ 22.779329300000086, -25.837078093999935 ], [ 22.719552994000082, -25.891296386999954 ], [ 22.749273300000084, -25.921451568999942 ], [ 22.729703903000086, -25.942878722999922 ], [ 22.724697113000047, -26.018751143999907 ], [ 22.66755676300005, -26.026973723999959 ], [ 22.670459747000052, -26.075088500999925 ], [ 22.638822556000036, -26.094308852999916 ], [ 22.62978744500009, -26.128059386999951 ], [ 22.703531265000038, -26.126016616999948 ], [ 22.69916534400005, -26.488557815999911 ], [ 22.716678619000049, -26.57876777599995 ], [ 22.717994690000069, -26.565288543999941 ], [ 22.740209579000066, -26.585273742999902 ], [ 22.763408661000085, -26.57290840099995 ], [ 22.930131912000036, -26.603845595999928 ], [ 22.956617355000049, -26.631912230999944 ], [ 22.998502731000087, -26.628517150999926 ], [ 23.078084946000047, -26.677141189999929 ], [ 23.036073685000076, -26.777139663999947 ], [ 23.077768326000069, -26.814216613999918 ], [ 23.021940231000087, -26.836942672999953 ], [ 23.055288315000041, -26.943552016999945 ], [ 23.112985611000056, -27.025455474999944 ], [ 23.021366119000049, -27.034919738999918 ], [ 23.009263992000058, -27.140342711999949 ], [ 23.03778266900008, -27.20601654099994 ], [ 23.054304123000065, -27.219467162999933 ], [ 23.102159500000084, -27.176521300999923 ], [ 23.132886887000041, -27.236576079999907 ], [ 23.227878571000076, -27.330734252999946 ], [ 23.277267456000061, -27.342014312999936 ], [ 23.284873962000063, -27.36372375499991 ], [ 23.297704697000086, -27.366775512999936 ], [ 23.311706543000071, -27.344015120999927 ], [ 23.436882019000052, -27.405132293999941 ], [ 23.442071915000042, -27.387004851999905 ], [ 23.466741562000038, -27.38610267599995 ], [ 23.497583389000056, -27.452171325999927 ], [ 23.595645905000083, -27.448955535999914 ], [ 23.73938369800004, -27.536680221999916 ], [ 23.799118042000089, -27.455333709999934 ], [ 23.906698227000049, -27.470090865999907 ], [ 23.919776917000036, -27.451665877999915 ], [ 23.868745804000071, -27.425342559999933 ], [ 23.902492523000035, -27.369768142999931 ], [ 23.920927048000067, -27.387393950999922 ], [ 23.986227036000059, -27.396722793999913 ], [ 23.985042572000054, -27.347522735999917 ], [ 23.971437454000068, -27.341342925999925 ], [ 23.993738174000043, -27.30892562899993 ], [ 24.086740494000082, -27.353096007999909 ], [ 24.052555084000062, -27.460744857999941 ], [ 24.049879074000046, -27.599952697999925 ], [ 24.115852356000062, -27.620304107999914 ], [ 24.091550827000049, -27.702066421999916 ], [ 24.108972549000043, -27.736551284999905 ], [ 24.405067444000053, -27.680452346999914 ], [ 24.447177887000066, -27.702526092999904 ], [ 24.409124374000044, -27.761106490999907 ], [ 24.452880859000061, -27.782249450999927 ], [ 24.427515030000052, -27.840169906999904 ], [ 24.410476685000049, -27.842155456999933 ], [ 24.360921860000076, -27.910293578999926 ], [ 24.393562317000089, -27.941516875999923 ], [ 24.410955429000069, -27.923475265999912 ], [ 24.467800140000065, -27.980426787999932 ], [ 24.445201874000077, -28.03162193299994 ], [ 24.536710739000057, -28.093051909999929 ], [ 24.564188004000073, -28.074808120999933 ], [ 24.562425613000073, -28.03387641899991 ], [ 24.609819412000036, -28.02683830299992 ], [ 24.629520416000048, -27.998203277999949 ], [ 24.629369736000058, -27.93457221999995 ], [ 24.607648849000043, -27.898008346999916 ], [ 24.630840302000081, -27.902118682999912 ], [ 24.65726470900006, -27.854442595999956 ], [ 24.691545486000052, -27.851678847999949 ], [ 24.690578461000086, -27.833841323999934 ], [ 24.711185455000077, -27.826004027999943 ], [ 24.703283310000074, -27.762638091999918 ], [ 24.719352722000053, -27.739463805999947 ], [ 24.710641861000056, -27.711259841999947 ], [ 24.695816040000068, -27.717224120999958 ], [ 24.673299789000055, -27.685029983999925 ], [ 24.692602158000057, -27.645061492999957 ], [ 24.762285233000057, -27.632854461999955 ], [ 24.757102966000048, -27.609245299999941 ], [ 24.783817291000048, -27.604532241999948 ], [ 24.801321030000054, -27.702329635999945 ], [ 24.999578476000067, -27.680183410999916 ], [ 25.035234451000065, -27.692670821999911 ], [ 25.048122406000061, -27.699132918999908 ], [ 24.829332352000051, -27.929681777999917 ], [ 24.951089859000035, -28.112676619999945 ], [ 24.978408813000044, -28.08072853099992 ], [ 25.074216843000045, -28.065319060999911 ], [ 25.107252121000045, -28.012456893999911 ], [ 25.090944290000039, -27.984050750999927 ], [ 25.13162612900004, -27.949823379999941 ], [ 25.13264846800007, -27.926473617999932 ], [ 25.161224365000066, -27.926467895999906 ], [ 25.204187393000041, -27.883810042999926 ], [ 25.253311157000041, -27.865985869999918 ], [ 25.238576889000058, -27.834449767999956 ], [ 25.27534675600009, -27.796115874999941 ], [ 25.341138840000042, -27.792291640999906 ], [ 25.395008087000065, -27.728239058999918 ], [ 25.470129013000076, -27.709938048999959 ], [ 25.48221015900009, -27.691917418999935 ], [ 25.557252884000036, -27.685672759999932 ], [ 25.592195511000057, -27.654418944999918 ], [ 25.662315369000055, -27.693672179999908 ], [ 25.677797318000046, -27.680219649999913 ], [ 25.679138184000067, -27.62903022799992 ], [ 25.826688766000075, -27.566047667999953 ], [ 25.863309860000072, -27.624637603999929 ], [ 25.893133163000073, -27.625524520999932 ], [ 25.926324844000078, -27.603141784999934 ], [ 25.947259903000088, -27.632394790999911 ], [ 25.981718063000073, -27.626382827999919 ], [ 26.006687164000084, -27.656978606999928 ], [ 26.012439728000061, -27.722303390999912 ], [ 26.035703659000035, -27.736494063999942 ], [ 26.063236237000069, -27.720315932999938 ], [ 26.095693588000074, -27.690702437999903 ], [ 26.054977417000089, -27.669372558999953 ], [ 26.086311340000066, -27.648328780999918 ], [ 26.075117111000054, -27.618917464999925 ], [ 26.084327698000038, -27.595041274999915 ], [ 26.114252090000036, -27.592878341999949 ], [ 26.13283920300006, -27.558990478999931 ], [ 26.15431594800009, -27.563642501999936 ], [ 26.169385910000074, -27.536321639999926 ], [ 26.228618622000056, -27.512550353999927 ], [ 26.219856262000064, -27.474807738999914 ], [ 26.243595123000091, -27.430278777999945 ], [ 26.295148849000043, -27.415140151999935 ], [ 26.324260712000068, -27.432680129999937 ], [ 26.345996857000046, -27.385074614999951 ], [ 26.423498154000072, -27.406713485999944 ], [ 26.45182800300006, -27.385330199999942 ], [ 26.512626648000037, -27.393287658999952 ], [ 26.446641922000083, -27.348857879999912 ], [ 26.476345062000064, -27.307516097999951 ], [ 26.482250214000089, -27.323501586999953 ], [ 26.493736267000088, -27.318315505999919 ], [ 26.497432709000066, -27.267690658999925 ], [ 26.443159103000085, -27.216102599999942 ], [ 26.420270920000064, -27.169025420999958 ], [ 26.428514481000036, -27.150251388999948 ], [ 26.474361420000037, -27.152944564999927 ], [ 26.529087067000034, -27.090471267999931 ], [ 26.58505630500008, -27.106933593999941 ], [ 26.593740463000074, -27.078580855999917 ], [ 26.581422806000035, -27.055328368999938 ], [ 26.620729446000041, -27.002536773999907 ], [ 26.670001984000066, -26.994047164999927 ], [ 26.69045066800004, -27.017059325999924 ], [ 26.715259552000077, -26.973794936999923 ], [ 26.808387756000059, -26.931140899999946 ], [ 26.812955856000087, -26.951435088999915 ], [ 26.832729340000071, -26.948011397999949 ], [ 26.864988327000049, -26.918401717999927 ], [ 26.90667533900006, -26.942777633999924 ], [ 26.92105674700008, -26.972545623999906 ], [ 26.921291351000036, -26.904262542999959 ], [ 26.941085815000065, -26.870538711999927 ], [ 26.959457397000051, -26.901319503999957 ], [ 27.039812088000076, -26.938861846999941 ], [ 27.113843918000043, -26.926061629999936 ], [ 27.142290115000037, -26.941978454999912 ], [ 27.178590775000089, -26.924446105999948 ], [ 27.174463272000082, -26.967121123999902 ], [ 27.208152771000073, -26.980018615999938 ], [ 27.217634201000067, -26.946758269999918 ], [ 27.304748535000044, -26.853580474999944 ], [ 27.336612701000035, -26.854433059999906 ], [ 27.37146186800004, -26.904165267999929 ], [ 27.38925743100009, -26.902421950999951 ], [ 27.407867432000046, -26.925300597999922 ], [ 27.476367950000053, -26.883007049999947 ], [ 27.488262177000081, -26.848285674999943 ], [ 27.511987686000055, -26.835308074999944 ], [ 27.508680344000084, -26.786415099999942 ], [ 27.580410004000044, -26.774848937999934 ], [ 27.569952011000055, -26.747728347999953 ], [ 27.602565765000065, -26.722351073999903 ], [ 27.603164673000038, -26.691936492999957 ], [ 27.574483871000041, -26.715335845999903 ], [ 27.583042145000036, -26.595272063999914 ], [ 27.545986176000042, -26.573907851999934 ], [ 27.604696274000048, -26.591459273999931 ], [ 27.607465744000081, -26.491085051999903 ], [ 27.626651764000087, -26.49327659599993 ], [ 27.630231857000069, -26.45222091699992 ], [ 27.613887787000067, -26.442461013999946 ], [ 27.557415009000067, -26.455863952999948 ], [ 27.535717010000042, -26.432546615999911 ], [ 27.540439606000064, -26.387054442999954 ], [ 27.43545341500004, -26.414068221999912 ], [ 27.384923935000074, -26.434923171999912 ], [ 27.388870239000084, -26.447681426999907 ], [ 27.231925964000084, -26.504518508999922 ], [ 27.225181580000083, -26.443456649999916 ], [ 27.188282013000048, -26.377336501999935 ], [ 27.330387115000065, -26.281280517999903 ], [ 27.291736603000061, -26.144075393999913 ], [ 27.358581543000071, -26.154081344999952 ], [ 27.362039566000078, -26.115131377999944 ], [ 27.419754028000057, -26.116956710999943 ], [ 27.43430709800009, -26.021949767999956 ], [ 27.450222015000065, -26.015607833999923 ], [ 27.457324982000046, -25.981304168999941 ], [ 27.462266922000083, -25.867038726999908 ], [ 27.560165405000077, -25.842287063999947 ], [ 27.643863678000059, -25.795360564999953 ], [ 27.647451401000069, -25.840021132999937 ], [ 27.664838791000079, -25.839570998999932 ], [ 27.685241699000073, -25.874849318999907 ], [ 27.743013382000072, -25.849287032999939 ], [ 27.744863510000073, -25.894056319999947 ], [ 27.831794739000088, -25.859600066999917 ], [ 27.898508072000084, -25.859186171999909 ], [ 27.900842667000063, -25.840274810999915 ], [ 27.939830780000079, -25.836219787999937 ], [ 27.926130295000064, -25.823551177999946 ], [ 27.96047782900007, -25.815429687999938 ], [ 27.949630737000064, -25.759191512999905 ], [ 27.979694366000047, -25.750885009999934 ], [ 27.948486328000058, -25.694644927999946 ], [ 27.952899933000083, -25.65202903699992 ], [ 27.980857849000074, -25.63222694399991 ], [ 27.977416992000087, -25.617538451999906 ], [ 28.031702042000063, -25.60508346599994 ], [ 28.051328659000035, -25.549173354999937 ], [ 28.07217216500004, -25.550117492999959 ], [ 28.082756042000085, -25.530084609999903 ], [ 28.089408875000061, -25.494405745999927 ], [ 28.055877686000088, -25.399469375999956 ], [ 28.108467102000077, -25.36655425999993 ], [ 28.111122131000059, -25.378438949999918 ], [ 28.144363403000057, -25.371601104999911 ], [ 28.149988174000043, -25.394617080999922 ], [ 28.116420746000074, -25.402513503999955 ], [ 28.12603187600007, -25.444675445999906 ], [ 28.19287681600008, -25.431480407999913 ], [ 28.187826157000075, -25.410833358999923 ], [ 28.28339767500006, -25.402173995999931 ], [ 28.299150467000061, -25.386362075999955 ], [ 28.298343658000078, -25.293790816999945 ], [ 28.246356964000086, -25.212268828999925 ], [ 28.211271286000056, -25.197523116999946 ], [ 28.135919571000045, -25.205053328999952 ], [ 28.129159927000046, -25.145143508999922 ], [ 28.094646454000042, -25.147941588999913 ], [ 28.079345703000058, -25.10032272299992 ], [ 28.15415573100006, -25.086090087999935 ], [ 28.181066513000076, -25.106868743999939 ], [ 28.177072525000085, -25.118726729999935 ], [ 28.208150864000061, -25.122892379999939 ], [ 28.26000022900007, -25.049930572999926 ], [ 28.125482559000091, -25.004163741999946 ], [ 28.120300293000071, -24.978853225999956 ], [ 28.037273407000043, -24.984731673999931 ], [ 27.983852386000081, -24.957229613999914 ], [ 27.955242157000043, -24.969549178999955 ], [ 27.946731567000086, -25.000736236999956 ], [ 27.789207458000078, -24.965902327999913 ], [ 27.70510482800006, -24.985483169999952 ], [ 27.629249573000038, -24.97075653099995 ], [ 27.595783234000066, -24.983507155999916 ], [ 27.594282150000083, -25.028915404999907 ], [ 27.568786621000072, -25.057476043999941 ], [ 27.592880249000075, -25.070890426999938 ], [ 27.584497452000051, -25.102048873999934 ], [ 27.562862396000071, -25.104194640999935 ], [ 27.564535141000079, -25.083522796999944 ], [ 27.541954041000054, -25.098119735999944 ], [ 27.482051849000072, -25.066453933999924 ], [ 27.337221146000047, -25.087219237999932 ], [ 27.313909531000036, -25.041479110999944 ], [ 27.277687073000038, -25.037031173999935 ], [ 27.22386169400005, -25.066808700999957 ], [ 27.231987, -25.035491942999954 ], [ 27.203790665000042, -25.03256988499993 ], [ 27.226408005000053, -24.963331222999955 ], [ 27.18373107900004, -24.94790840099995 ], [ 27.15436363200007, -24.978355407999913 ], [ 27.101457596000046, -24.899431228999958 ], [ 27.04153823900009, -24.886358260999941 ], [ 27.026641846000075, -24.718002318999936 ], [ 26.97670936600008, -24.719842910999944 ], [ 26.981046677000052, -24.775350570999933 ], [ 26.942968369000084, -24.775657653999929 ], [ 26.780002594000052, -24.837156295999932 ], [ 26.751585007000074, -24.88234710699993 ], [ 26.705411911000056, -24.856351851999932 ], [ 26.69962120100007, -24.866674422999949 ], [ 26.622337341000048, -24.809242248999908 ], [ 26.566776276000041, -24.819282531999932 ], [ 26.458665848000066, -24.808681487999934 ], [ 26.459815979000041, -24.789846419999947 ], [ 26.426313400000083, -24.770305633999953 ], [ 26.421554565000065, -24.635549544999947 ] ] ] } },
{ "type": "Feature", "properties": { "loc": "ZA-A1-0007" }, "geometry": { "type": "Polygon", "coordinates": [ [ [ 28.298213959000066, -25.310523986999954 ], [ 28.299150467000061, -25.386362075999955 ], [ 28.28339767500006, -25.402173995999931 ], [ 28.187826157000075, -25.410833358999923 ], [ 28.19287681600008, -25.431480407999913 ], [ 28.12603187600007, -25.444675445999906 ], [ 28.116420746000074, -25.402513503999955 ], [ 28.149988174000043, -25.394617080999922 ], [ 28.144363403000057, -25.371601104999911 ], [ 28.111122131000059, -25.378438949999918 ], [ 28.108467102000077, -25.36655425999993 ], [ 28.055877686000088, -25.399469375999956 ], [ 28.089408875000061, -25.494405745999927 ], [ 28.082756042000085, -25.530084609999903 ], [ 28.07217216500004, -25.550117492999959 ], [ 28.051328659000035, -25.549173354999937 ], [ 28.031702042000063, -25.60508346599994 ], [ 27.977416992000087, -25.617538451999906 ], [ 27.980857849000074, -25.63222694399991 ], [ 27.952899933000083, -25.65202903699992 ], [ 27.948486328000058, -25.694644927999946 ], [ 27.979694366000047, -25.750885009999934 ], [ 27.949630737000064, -25.759191512999905 ], [ 27.96047782900007, -25.815429687999938 ], [ 27.926130295000064, -25.823551177999946 ], [ 27.939830780000079, -25.836219787999937 ], [ 27.900842667000063, -25.840274810999915 ], [ 27.898508072000084, -25.859186171999909 ], [ 27.831794739000088, -25.859600066999917 ], [ 27.744863510000073, -25.894056319999947 ], [ 27.743013382000072, -25.849287032999939 ], [ 27.685241699000073, -25.874849318999907 ], [ 27.664838791000079, -25.839570998999932 ], [ 27.647451401000069, -25.840021132999937 ], [ 27.643863678000059, -25.795360564999953 ], [ 27.560165405000077, -25.842287063999947 ], [ 27.462266922000083, -25.867038726999908 ], [ 27.457324982000046, -25.981304168999941 ], [ 27.450222015000065, -26.015607833999923 ], [ 27.43430709800009, -26.021949767999956 ], [ 27.419754028000057, -26.116956710999943 ], [ 27.362039566000078, -26.115131377999944 ], [ 27.358581543000071, -26.154081344999952 ], [ 27.291736603000061, -26.144075393999913 ], [ 27.330387115000065, -26.281280517999903 ], [ 27.188282013000048, -26.377336501999935 ], [ 27.225181580000083, -26.443456649999916 ], [ 27.231925964000084, -26.504518508999922 ], [ 27.388870239000084, -26.447681426999907 ], [ 27.384923935000074, -26.434923171999912 ], [ 27.43545341500004, -26.414068221999912 ], [ 27.540439606000064, -26.387054442999954 ], [ 27.535717010000042, -26.432546615999911 ], [ 27.557415009000067, -26.455863952999948 ], [ 27.613887787000067, -26.442461013999946 ], [ 27.630231857000069, -26.45222091699992 ], [ 27.626651764000087, -26.49327659599993 ], [ 27.607465744000081, -26.491085051999903 ], [ 27.604696274000048, -26.591459273999931 ], [ 27.545986176000042, -26.573907851999934 ], [ 27.583042145000036, -26.595272063999914 ], [ 27.574483871000041, -26.715335845999903 ], [ 27.603164673000038, -26.691936492999957 ], [ 27.602565765000065, -26.722351073999903 ], [ 27.581727982000075, -26.730499267999903 ], [ 27.633941650000054, -26.733123778999925 ], [ 27.630573273000039, -26.770009994999953 ], [ 27.726892471000042, -26.759235381999929 ], [ 27.768318176000037, -26.799041747999922 ], [ 27.781106949000048, -26.750762938999912 ], [ 27.881235123000067, -26.745449065999935 ], [ 27.893119812000066, -26.710386275999952 ], [ 27.970777512000041, -26.66834068299994 ], [ 28.000419617000091, -26.695743560999915 ], [ 27.992923737000069, -26.733139037999933 ], [ 28.007696152000051, -26.768939971999941 ], [ 28.028928757000074, -26.779674529999909 ], [ 28.015810013000078, -26.793985366999948 ], [ 28.115449905000048, -26.844747542999926 ], [ 28.117332458000078, -26.889474868999912 ], [ 28.170310974000074, -26.890947341999947 ], [ 28.154851913000073, -26.850408553999955 ], [ 28.17366409300007, -26.845935821999944 ], [ 28.183025360000045, -26.890682219999917 ], [ 28.23200988800005, -26.918275832999939 ], [ 28.243766785000048, -26.873184203999926 ], [ 28.284627914000055, -26.863697051999907 ], [ 28.283828735000043, -26.876409530999922 ], [ 28.314079285000048, -26.876560210999912 ], [ 28.31970977800006, -26.792160033999949 ], [ 28.407150269000056, -26.761198043999912 ], [ 28.394264221000071, -26.716234206999957 ], [ 28.383260727000049, -26.717014312999936 ], [ 28.400394440000071, -26.654533385999912 ], [ 28.490571976000069, -26.63480949399991 ], [ 28.486160278000057, -26.609161376999907 ], [ 28.528135300000088, -26.590114593999942 ], [ 28.527952194000079, -26.501686095999958 ], [ 28.587825775000056, -26.510105132999911 ], [ 28.585205078000058, -26.538036345999956 ], [ 28.638444901000071, -26.546783446999939 ], [ 28.641805649000048, -26.507293700999924 ], [ 28.764196396000045, -26.517480849999913 ], [ 28.766208649000077, -26.470916747999922 ], [ 28.790212631000088, -26.425910949999945 ], [ 28.861572266000053, -26.39803504899993 ], [ 28.838720322000086, -26.340211867999926 ], [ 28.818080902000077, -26.345176696999943 ], [ 28.805362701000035, -26.306043624999916 ], [ 28.710409164000055, -26.340709685999911 ], [ 28.62700271600005, -26.291976928999929 ], [ 28.622579575000088, -26.247833251999907 ], [ 28.53083038300008, -26.224767684999904 ], [ 28.521629333000078, -26.143951415999936 ], [ 28.490705490000039, -26.125789641999916 ], [ 28.468963623000036, -26.07754898099995 ], [ 28.53892135600006, -26.047250747999954 ], [ 28.579225540000039, -26.05903625499991 ], [ 28.591236115000072, -26.001920699999914 ], [ 28.632547379000073, -25.970220565999909 ], [ 28.71112442000009, -25.990041732999941 ], [ 28.76269340500005, -25.982509612999934 ], [ 28.774139404000039, -26.013099669999917 ], [ 28.867626190000067, -26.006483077999917 ], [ 28.885328293000043, -25.973833083999921 ], [ 28.887083054000072, -25.870857238999918 ], [ 28.938455582000074, -25.888071059999959 ], [ 28.950727463000078, -25.836774825999953 ], [ 28.938442230000078, -25.822713851999936 ], [ 28.981582642000035, -25.741958617999956 ], [ 28.950946808000083, -25.727693557999942 ], [ 28.969097137000063, -25.67273330699993 ], [ 29.064889908000055, -25.641838073999907 ], [ 29.040271759000063, -25.61697006199995 ], [ 29.034563065000043, -25.562805175999927 ], [ 29.095336914000086, -25.537525176999907 ], [ 29.078992844000084, -25.499004363999916 ], [ 29.058895111000083, -25.526794433999953 ], [ 29.013206482000044, -25.513145446999943 ], [ 29.023546219000082, -25.537094115999935 ], [ 28.987201691000053, -25.539623259999928 ], [ 29.000947952000047, -25.562040328999956 ], [ 28.987876892000088, -25.57145881699995 ], [ 28.943798065000067, -25.551265716999922 ], [ 28.925437927000075, -25.57091522199994 ], [ 28.910356522000086, -25.523876189999953 ], [ 28.858484268000041, -25.568485259999932 ], [ 28.887573242000087, -25.585422515999937 ], [ 28.874773026000071, -25.601518630999919 ], [ 28.876657486000056, -25.617286681999929 ], [ 28.892047882000043, -25.613817214999926 ], [ 28.880323410000074, -25.644433974999913 ], [ 28.869579315000067, -25.657533645999933 ], [ 28.841840744000081, -25.653869628999928 ], [ 28.836290359000088, -25.636777877999918 ], [ 28.818559647000086, -25.64074897799992 ], [ 28.831863403000057, -25.657012938999912 ], [ 28.810853958000052, -25.651060103999953 ], [ 28.847229004000042, -25.68184471099994 ], [ 28.756069183000079, -25.705730437999932 ], [ 28.672349930000053, -25.693798064999953 ], [ 28.674976349000076, -25.658273696999913 ], [ 28.626806259000091, -25.530412673999933 ], [ 28.632335663000049, -25.487825393999913 ], [ 28.615556717000061, -25.467081069999949 ], [ 28.629732132000072, -25.458915709999928 ], [ 28.61998176600008, -25.410587310999915 ], [ 28.639186859000063, -25.393266677999918 ], [ 28.622856140000067, -25.333055495999929 ], [ 28.718225479000068, -25.286613463999913 ], [ 28.764125824000075, -25.220472335999943 ], [ 28.784833908000053, -25.228044509999904 ], [ 28.744865417000085, -25.108985900999926 ], [ 28.616167068000038, -25.151052474999915 ], [ 28.65560722400005, -25.212928771999941 ], [ 28.680313110000043, -25.218690871999911 ], [ 28.672267914000088, -25.247573852999949 ], [ 28.65961647000006, -25.234670638999944 ], [ 28.632905960000073, -25.279373168999939 ], [ 28.604671478000057, -25.251485824999918 ], [ 28.564182281000058, -25.248960494999949 ], [ 28.501247406000061, -25.266817092999929 ], [ 28.503866196000047, -25.308246612999937 ], [ 28.382654190000039, -25.321199416999946 ], [ 28.377986908000082, -25.291711806999956 ], [ 28.298213959000066, -25.310523986999954 ] ] ] } },
{ "type": "Feature", "properties": { "loc": "ZA-A1-0008" }, "geometry": { "type": "Polygon", "coordinates": [ [ [ 31.913469315000043, -24.190849303999926 ], [ 31.87481880200005, -23.950801848999959 ], [ 31.861677170000064, -23.977958678999926 ], [ 31.823173523000037, -23.998376845999928 ], [ 31.770860672000083, -23.984682082999939 ], [ 31.735115051000037, -24.01165199299993 ], [ 31.73565483100009, -24.04876136799993 ], [ 31.710462570000061, -24.058748244999947 ], [ 31.678859711000086, -24.055837630999918 ], [ 31.660690308000085, -24.014616012999909 ], [ 31.622390747000054, -24.023719787999937 ], [ 31.59832954400008, -24.057434081999929 ], [ 31.571128845000089, -24.033456801999932 ], [ 31.523870468000041, -24.056249618999914 ], [ 31.447511673000065, -24.019395827999915 ], [ 31.43403625500008, -24.052808761999927 ], [ 31.402772903000084, -24.068208693999907 ], [ 31.386091232000069, -24.051301955999918 ], [ 31.322324753000089, -24.082939147999923 ], [ 31.300384521000069, -24.072082519999924 ], [ 31.261264801000038, -24.102127074999942 ], [ 31.481517792000091, -24.104810714999928 ], [ 31.468183517000057, -24.175996779999934 ], [ 31.424144745000035, -24.198017119999918 ], [ 31.445007324000073, -24.261335372999952 ], [ 31.435657501000037, -24.306138991999944 ], [ 31.394046783000078, -24.347505568999907 ], [ 31.386928558000079, -24.388629912999932 ], [ 31.344490051000037, -24.416677474999915 ], [ 31.403553009000063, -24.44264602699991 ], [ 31.386182785000074, -24.483646392999958 ], [ 31.470081329000038, -24.482318877999944 ], [ 31.422039032000043, -24.524581908999949 ], [ 31.449035645000038, -24.55706024199992 ], [ 31.525571823000064, -24.597095489999958 ], [ 31.598379135000073, -24.611270904999913 ], [ 31.594388962000039, -24.671411513999942 ], [ 31.554950714000086, -24.665170669999952 ], [ 31.557533264000085, -24.685096740999938 ], [ 31.515258789000086, -24.678035735999913 ], [ 31.516084671000044, -24.694000243999938 ], [ 31.463823318000038, -24.731601714999954 ], [ 31.327630997000085, -24.731266021999943 ], [ 31.343074799000078, -24.837875365999935 ], [ 31.385574341000051, -24.847312926999905 ], [ 31.385299683000085, -24.867956160999938 ], [ 31.469129562000035, -24.859012603999929 ], [ 31.479482651000069, -24.927877425999952 ], [ 31.439558029000068, -24.933624267999903 ], [ 31.452480316000049, -24.975362777999919 ], [ 31.471900940000069, -24.985036849999915 ], [ 31.321588516000077, -24.965074538999943 ], [ 31.290021896000042, -24.987398147999954 ], [ 31.254930496000043, -24.980741500999954 ], [ 31.249475479000068, -25.017885207999939 ], [ 31.086963654000044, -25.028856276999932 ], [ 31.060468674000049, -24.983579635999945 ], [ 31.031044006000059, -24.975774764999926 ], [ 31.006063461000053, -24.83778381299993 ], [ 30.919603348000066, -24.804512023999905 ], [ 30.909494400000085, -24.784179687999938 ], [ 30.908493042000089, -24.721698760999914 ], [ 30.890125275000059, -24.708087920999958 ], [ 30.915918350000084, -24.669733046999909 ], [ 30.897699356000089, -24.621454238999945 ], [ 30.823343277000049, -24.592098235999913 ], [ 30.87190055800005, -24.537837981999928 ], [ 30.759170532000041, -24.459552764999955 ], [ 30.730379105000054, -24.497833251999907 ], [ 30.732501984000066, -24.547422408999921 ], [ 30.712577820000035, -24.525043487999937 ], [ 30.670070648000035, -24.557373046999942 ], [ 30.598850250000055, -24.533275603999925 ], [ 30.599752426000066, -24.611598968999942 ], [ 30.551689148000037, -24.660516738999945 ], [ 30.499071121000043, -24.606439589999923 ], [ 30.391242981000062, -24.592391967999959 ], [ 30.360820770000089, -24.571935653999958 ], [ 30.304826736000052, -24.631206511999949 ], [ 30.237108231000036, -24.587549209999906 ], [ 30.244636536000087, -24.634857177999947 ], [ 30.128652573000068, -24.60998535199991 ], [ 30.087486267000088, -24.619937896999943 ], [ 30.120170593000068, -24.699583053999959 ], [ 30.104410172000087, -24.740125655999918 ], [ 30.151130676000037, -24.767353057999912 ], [ 30.148687363000079, -24.784250258999919 ], [ 30.084203720000062, -24.817644118999908 ], [ 29.975667953000084, -24.934719085999916 ], [ 29.914243698000064, -24.921030044999952 ], [ 29.86948585500005, -24.995742797999924 ], [ 29.825393677000079, -25.029256820999933 ], [ 29.804145813000048, -25.02776336699992 ], [ 29.787445068000068, -25.058773040999938 ], [ 29.774347305000049, -25.047504424999943 ], [ 29.755950928000061, -25.063608169999952 ], [ 29.766366959000038, -25.087629317999927 ], [ 29.741008759000067, -25.116733550999925 ], [ 29.637367249000079, -25.077373504999912 ], [ 29.614761353000063, -25.109739303999959 ], [ 29.49796295200008, -25.126480102999949 ], [ 29.438211441000078, -25.071640014999957 ], [ 29.467035294000084, -25.055614470999956 ], [ 29.374458313000048, -25.028127669999947 ], [ 29.397243500000059, -24.951547622999954 ], [ 29.38987731900005, -24.927772521999941 ], [ 29.411691666000081, -24.898237227999914 ], [ 29.373020172000054, -24.853956222999955 ], [ 29.401329041000054, -24.844503402999919 ], [ 29.424116135000077, -24.855968474999941 ], [ 29.447114944000077, -24.815742492999959 ], [ 29.421676636000086, -24.773752212999909 ], [ 29.430105209000089, -24.750520705999918 ], [ 29.40650749200006, -24.750915526999904 ], [ 29.341312408000078, -24.809507369999949 ], [ 29.334838867000087, -24.787286757999937 ], [ 29.230024338000078, -24.812015532999908 ], [ 29.204137802000048, -24.895050048999906 ], [ 29.175996780000048, -24.904787063999947 ], [ 29.173980713000049, -24.94867324799992 ], [ 29.083131790000039, -24.980585097999949 ], [ 29.056186676000038, -24.91164398199993 ], [ 28.915212631000088, -24.889392852999947 ], [ 28.924327850000054, -24.900903701999937 ], [ 28.846652985000048, -24.932632445999957 ], [ 28.837654114000088, -24.915397643999938 ], [ 28.759778976000064, -24.910923003999926 ], [ 28.714048386000059, -24.952995299999941 ], [ 28.606174469000052, -25.002977370999929 ], [ 28.634775162000039, -25.057609557999911 ], [ 28.474395752000078, -25.088655471999914 ], [ 28.495847702000049, -25.131170272999952 ], [ 28.443225861000087, -25.128337859999931 ], [ 28.379663467000057, -25.154773711999951 ], [ 28.411428452000052, -25.204185485999915 ], [ 28.387409210000044, -25.212701796999909 ], [ 28.461706161000052, -25.200834273999931 ], [ 28.532266617000062, -25.168672561999927 ], [ 28.536882401000071, -25.151817321999943 ], [ 28.652093887000035, -25.142204284999934 ], [ 28.744865417000085, -25.108985900999926 ], [ 28.784833908000053, -25.228044509999904 ], [ 28.764125824000075, -25.220472335999943 ], [ 28.718225479000068, -25.286613463999913 ], [ 28.622856140000067, -25.333055495999929 ], [ 28.639186859000063, -25.393266677999918 ], [ 28.61998176600008, -25.410587310999915 ], [ 28.629732132000072, -25.458915709999928 ], [ 28.615556717000061, -25.467081069999949 ], [ 28.632335663000049, -25.487825393999913 ], [ 28.626806259000091, -25.530412673999933 ], [ 28.674976349000076, -25.658273696999913 ], [ 28.672349930000053, -25.693798064999953 ], [ 28.756069183000079, -25.705730437999932 ], [ 28.847229004000042, -25.68184471099994 ], [ 28.810853958000052, -25.651060103999953 ], [ 28.831863403000057, -25.657012938999912 ], [ 28.818559647000086, -25.64074897799992 ], [ 28.836290359000088, -25.636777877999918 ], [ 28.841840744000081, -25.653869628999928 ], [ 28.869579315000067, -25.657533645999933 ], [ 28.880323410000074, -25.644433974999913 ], [ 28.892047882000043, -25.613817214999926 ], [ 28.876657486000056, -25.617286681999929 ], [ 28.874773026000071, -25.601518630999919 ], [ 28.887573242000087, -25.585422515999937 ], [ 28.858484268000041, -25.568485259999932 ], [ 28.910356522000086, -25.523876189999953 ], [ 28.925437927000075, -25.57091522199994 ], [ 28.943798065000067, -25.551265716999922 ], [ 28.987876892000088, -25.57145881699995 ], [ 29.000947952000047, -25.562040328999956 ], [ 28.987201691000053, -25.539623259999928 ], [ 29.023546219000082, -25.537094115999935 ], [ 29.013206482000044, -25.513145446999943 ], [ 29.058895111000083, -25.526794433999953 ], [ 29.078992844000084, -25.499004363999916 ], [ 29.095336914000086, -25.537525176999907 ], [ 29.034563065000043, -25.562805175999927 ], [ 29.040271759000063, -25.61697006199995 ], [ 29.064889908000055, -25.641838073999907 ], [ 28.969097137000063, -25.67273330699993 ], [ 28.950946808000083, -25.727693557999942 ], [ 28.981582642000035, -25.741958617999956 ], [ 28.938442230000078, -25.822713851999936 ], [ 28.950727463000078, -25.836774825999953 ], [ 28.938455582000074, -25.888071059999959 ], [ 28.887083054000072, -25.870857238999918 ], [ 28.885328293000043, -25.973833083999921 ], [ 28.867626190000067, -26.006483077999917 ], [ 28.774139404000039, -26.013099669999917 ], [ 28.76269340500005, -25.982509612999934 ], [ 28.71112442000009, -25.990041732999941 ], [ 28.632547379000073, -25.970220565999909 ], [ 28.591236115000072, -26.001920699999914 ], [ 28.579225540000039, -26.05903625499991 ], [ 28.53892135600006, -26.047250747999954 ], [ 28.468963623000036, -26.07754898099995 ], [ 28.490705490000039, -26.125789641999916 ], [ 28.521629333000078, -26.143951415999936 ], [ 28.53083038300008, -26.224767684999904 ], [ 28.622579575000088, -26.247833251999907 ], [ 28.62700271600005, -26.291976928999929 ], [ 28.710409164000055, -26.340709685999911 ], [ 28.805362701000035, -26.306043624999916 ], [ 28.818080902000077, -26.345176696999943 ], [ 28.838720322000086, -26.340211867999926 ], [ 28.861572266000053, -26.39803504899993 ], [ 28.790212631000088, -26.425910949999945 ], [ 28.766208649000077, -26.470916747999922 ], [ 28.764196396000045, -26.517480849999913 ], [ 28.641805649000048, -26.507293700999924 ], [ 28.638444901000071, -26.546783446999939 ], [ 28.585205078000058, -26.538036345999956 ], [ 28.587825775000056, -26.510105132999911 ], [ 28.527952194000079, -26.501686095999958 ], [ 28.528135300000088, -26.590114593999942 ], [ 28.486160278000057, -26.609161376999907 ], [ 28.490571976000069, -26.63480949399991 ], [ 28.400394440000071, -26.654533385999912 ], [ 28.383260727000049, -26.717014312999936 ], [ 28.394264221000071, -26.716234206999957 ], [ 28.407150269000056, -26.761198043999912 ], [ 28.31970977800006, -26.792160033999949 ], [ 28.314079285000048, -26.876560210999912 ], [ 28.283828735000043, -26.876409530999922 ], [ 28.284627914000055, -26.863697051999907 ], [ 28.243766785000048, -26.873184203999926 ], [ 28.260673523000037, -26.915269851999938 ], [ 28.28215408300008, -26.907253264999952 ], [ 28.302999496000041, -26.939941405999946 ], [ 28.328907013000048, -26.922906875999956 ], [ 28.327859879000073, -26.947776793999935 ], [ 28.39718818700004, -26.932119369999953 ], [ 28.424236298000039, -26.987287520999928 ], [ 28.418182373000036, -27.014116286999922 ], [ 28.44763374300004, -26.97895812999991 ], [ 28.43760681200007, -26.963766097999951 ], [ 28.471261978000086, -26.980836867999926 ], [ 28.478637695000089, -26.949335097999949 ], [ 28.509973526000067, -26.986812591999922 ], [ 28.504205704000071, -27.007364272999951 ], [ 28.550209045000088, -27.040885924999941 ], [ 28.533882141000049, -27.06600379899993 ], [ 28.609550476000038, -27.019845962999909 ], [ 28.608898163000049, -27.007450103999929 ], [ 28.645082474000048, -27.019224166999948 ], [ 28.653377533000082, -26.99455261199995 ], [ 28.605466843000045, -26.992614745999958 ], [ 28.645566940000037, -26.952302932999942 ], [ 28.683517456000061, -26.974769591999916 ], [ 28.710878372000082, -26.968614577999915 ], [ 28.736125946000072, -27.003257750999921 ], [ 28.758178711000085, -26.99691200299992 ], [ 28.794651031000058, -27.028667449999944 ], [ 28.80464363100009, -27.012912749999941 ], [ 28.813863754000067, -27.042554854999935 ], [ 28.858360291000054, -27.025281905999918 ], [ 28.887620926000068, -27.059301375999951 ], [ 28.89404869100008, -27.012878417999957 ], [ 28.953960419000055, -27.011341094999921 ], [ 28.968572617000063, -26.990972518999911 ], [ 29.03295135500008, -27.027975081999955 ], [ 29.039531708000084, -27.003522872999952 ], [ 29.051483154000039, -27.005092620999903 ], [ 29.074539185000049, -27.063604354999939 ], [ 29.056779861000052, -27.081926345999932 ], [ 29.104759216000048, -27.130920409999931 ], [ 29.116600037000069, -27.169879912999932 ], [ 29.159551620000059, -27.142948150999928 ], [ 29.224050522000084, -27.144411086999924 ], [ 29.246686935000071, -27.191505431999929 ], [ 29.260841370000037, -27.180957793999937 ], [ 29.269901276000041, -27.197414397999921 ], [ 29.28712844800009, -27.190074920999905 ], [ 29.30901908900006, -27.215766906999932 ], [ 29.335433960000046, -27.207000731999926 ], [ 29.33165931700006, -27.263250350999954 ], [ 29.343288422000057, -27.247982024999942 ], [ 29.391086578000056, -27.242219924999915 ], [ 29.428613663000078, -27.253599166999948 ], [ 29.463876724000045, -27.287218093999911 ], [ 29.469400406000091, -27.324035644999924 ], [ 29.486606598000037, -27.326831817999903 ], [ 29.482915878000085, -27.35928535499994 ], [ 29.502010345000087, -27.357955932999914 ], [ 29.511184692000086, -27.378677367999956 ], [ 29.530107498000064, -27.380388259999904 ], [ 29.526691437000068, -27.393859862999932 ], [ 29.552436829000044, -27.398366927999916 ], [ 29.546907425000086, -27.43066596999995 ], [ 29.600069046000044, -27.468725203999952 ], [ 29.619430542000089, -27.506027221999943 ], [ 29.700103760000047, -27.493659972999922 ], [ 29.699466705000077, -27.450258254999937 ], [ 29.728099823000036, -27.43096733099992 ], [ 29.797840118000067, -27.457624434999957 ], [ 29.840894699000046, -27.377504348999935 ], [ 29.898935318000042, -27.385232924999912 ], [ 29.916910172000087, -27.355865478999931 ], [ 30.016672134000089, -27.397262572999921 ], [ 30.087184906000061, -27.368753432999938 ], [ 30.143854141000077, -27.413070678999929 ], [ 30.19840812700005, -27.354703902999915 ], [ 30.23497390700004, -27.380397796999944 ], [ 30.280490875000055, -27.368066787999908 ], [ 30.282827377000046, -27.314170836999949 ], [ 30.328542709000089, -27.299222945999929 ], [ 30.366670609000039, -27.311433791999946 ], [ 30.367753983000057, -27.267452239999955 ], [ 30.426261902000078, -27.26974296599991 ], [ 30.433456421000074, -27.325153350999926 ], [ 30.496570587000065, -27.312023162999935 ], [ 30.563201904000039, -27.326482772999952 ], [ 30.707227707000072, -27.28277778599994 ], [ 30.76012039200009, -27.305448531999957 ], [ 30.771299362000036, -27.326068877999944 ], [ 30.789482117000034, -27.313236236999956 ], [ 30.827541351000036, -27.343629836999924 ], [ 30.821413040000039, -27.354694365999933 ], [ 30.857099533000053, -27.344577788999914 ], [ 30.866220474000045, -27.312654494999947 ], [ 30.91793823200004, -27.304679870999905 ], [ 30.942617416000076, -27.367593764999924 ], [ 31.010105133000081, -27.348203658999921 ], [ 31.01999664300007, -27.35997772199994 ], [ 31.097684860000072, -27.329923629999939 ], [ 31.166130066000051, -27.368314742999928 ], [ 31.276760071000069, -27.239946398999905 ], [ 31.150032043000067, -27.194040297999948 ], [ 30.976425171000074, -27.015020369999945 ], [ 30.981307983000079, -26.916112899999916 ], [ 30.917123795000066, -26.857740401999934 ], [ 30.90243339500006, -26.789726256999927 ], [ 30.842012405000048, -26.837610244999951 ], [ 30.812158585000077, -26.825508117999902 ], [ 30.794107437000036, -26.590137481999932 ], [ 30.820875168000043, -26.444780349999917 ], [ 30.897085190000041, -26.322174071999939 ], [ 30.984914780000054, -26.231943129999934 ], [ 31.118486404000066, -25.985322951999933 ], [ 31.133974075000083, -25.919521331999931 ], [ 31.261383057000046, -25.816864013999918 ], [ 31.320356369000081, -25.744031905999918 ], [ 31.424510956000063, -25.71964836099994 ], [ 31.869556427000077, -25.998685836999925 ], [ 31.982126236000056, -25.952051162999908 ], [ 31.938053131000061, -25.83079147299992 ], [ 32.012565613000049, -25.637622832999909 ], [ 32.000476837000065, -25.525247573999934 ], [ 31.980987549000076, -25.519571303999953 ], [ 31.981618881000088, -25.485845565999909 ], [ 32.025043488000051, -25.373081206999927 ], [ 32.044391632000043, -25.128454207999937 ], [ 32.000892639000085, -24.679853438999942 ], [ 32.009761810000043, -24.438405990999911 ], [ 31.987941742000089, -24.304212569999947 ], [ 31.913469315000043, -24.190849303999926 ] ] ] } },
{ "type": "Feature", "properties": { "loc": "ZA-A1-0009" }, "geometry": { "type": "Polygon", "coordinates": [ [ [ 31.08549499500009, -22.344564437999907 ], [ 30.984209061000058, -22.326116561999925 ], [ 30.931383133000054, -22.300178527999947 ], [ 30.827135086000055, -22.290742873999932 ], [ 30.71107482900004, -22.31499290499994 ], [ 30.664623260000042, -22.307895659999929 ], [ 30.62749862700008, -22.331533431999958 ], [ 30.483663559000036, -22.314334868999936 ], [ 30.407341003000056, -22.339738845999932 ], [ 30.288192749000075, -22.351074218999941 ], [ 30.223144531000059, -22.29368209799992 ], [ 30.124254227000051, -22.308511733999921 ], [ 30.057317734000037, -22.257162093999909 ], [ 30.02088165300006, -22.252080916999944 ], [ 30.011081696000076, -22.230422973999907 ], [ 29.924076080000077, -22.191963195999904 ], [ 29.876226425000084, -22.191076278999958 ], [ 29.763763428000061, -22.141075133999948 ], [ 29.648014069000055, -22.126611709999906 ], [ 29.607698441000082, -22.154823302999944 ], [ 29.571090698000035, -22.142318725999928 ], [ 29.533767700000055, -22.152980803999924 ], [ 29.516000748000067, -22.17689323399992 ], [ 29.459629059000065, -22.167274474999942 ], [ 29.333663940000065, -22.204389571999911 ], [ 29.314376831000061, -22.189184188999945 ], [ 29.200105667000059, -22.181518554999911 ], [ 29.150718689000087, -22.214145659999929 ], [ 29.03338050800005, -22.217081069999949 ], [ 28.965290070000037, -22.308250426999905 ], [ 28.972221375000061, -22.372951507999915 ], [ 28.91636085500005, -22.45959472699991 ], [ 28.866258621000043, -22.446352004999937 ], [ 28.830251694000083, -22.462993621999942 ], [ 28.825624466000079, -22.487230300999954 ], [ 28.707147598000063, -22.513986587999909 ], [ 28.629022598000063, -22.559301375999951 ], [ 28.553569794000055, -22.564203261999921 ], [ 28.512844086000086, -22.587024688999918 ], [ 28.449468613000079, -22.570804595999959 ], [ 28.346271515000069, -22.576940535999938 ], [ 28.279260635000071, -22.617906569999946 ], [ 28.266626358000053, -22.642095565999909 ], [ 28.202177048000067, -22.67080306999992 ], [ 28.16132164000004, -22.711980819999951 ], [ 28.155172348000065, -22.769220351999934 ], [ 28.04589653000005, -22.838487624999914 ], [ 28.045177460000048, -22.909172057999911 ], [ 27.975210190000041, -22.958566665999911 ], [ 27.940654755000082, -22.963514327999917 ], [ 27.949699402000078, -22.994729995999933 ], [ 27.934854507000068, -23.058393477999914 ], [ 27.895311356000036, -23.090284347999955 ], [ 27.823789597000086, -23.113307952999946 ], [ 27.81613159200009, -23.13828659099994 ], [ 27.787734985000043, -23.150733947999925 ], [ 27.768644333000054, -23.139522551999903 ], [ 27.78889846800007, -23.173238753999954 ], [ 27.744417191000082, -23.236394881999956 ], [ 27.719957352000051, -23.240840911999953 ], [ 27.691511154000068, -23.206842421999909 ], [ 27.652240753000058, -23.233392714999923 ], [ 27.603336334000062, -23.223680495999929 ], [ 27.599691391000079, -23.255865096999912 ], [ 27.576242447000084, -23.271047591999945 ], [ 27.563444138000079, -23.353874206999933 ], [ 27.534088135000047, -23.383483886999954 ], [ 27.449718475000054, -23.389791488999947 ], [ 27.419752121000045, -23.428125380999916 ], [ 27.400171280000052, -23.422155379999936 ], [ 27.406158447000053, -23.395982741999944 ], [ 27.379703522000057, -23.403297423999959 ], [ 27.376617432000046, -23.43145370499991 ], [ 27.352476120000063, -23.43022727999994 ], [ 27.352567673000067, -23.408866881999927 ], [ 27.333465576000037, -23.406064986999922 ], [ 27.309068680000053, -23.457504271999937 ], [ 27.235982895000063, -23.50387954699994 ], [ 27.21138000500008, -23.491754531999959 ], [ 27.195028305000051, -23.505138396999939 ], [ 27.207435608000083, -23.536304473999905 ], [ 27.138370514000087, -23.528692244999945 ], [ 27.156169891000047, -23.567781447999948 ], [ 27.113918304000038, -23.573286056999905 ], [ 27.083427429000039, -23.615005492999956 ], [ 27.06380271900008, -23.616357802999914 ], [ 27.082883835000075, -23.650310515999934 ], [ 27.062005997000085, -23.67407989499992 ], [ 27.033597946000043, -23.684001922999926 ], [ 27.036323547000052, -23.660802840999906 ], [ 27.010047913000051, -23.64295005799994 ], [ 27.00162124600007, -23.690319060999911 ], [ 26.967704773000037, -23.733793258999924 ], [ 26.950744629000042, -23.813848494999945 ], [ 26.959905624000044, -23.834306716999947 ], [ 26.938138962000039, -23.853487014999928 ], [ 26.954559326000037, -23.877975463999917 ], [ 26.914896011000053, -23.984460830999922 ], [ 26.91771698000008, -24.017839431999903 ], [ 26.894060135000075, -24.081306457999915 ], [ 26.870401382000068, -24.101003646999914 ], [ 26.866523743000073, -24.133428573999936 ], [ 26.884153366000078, -24.158683776999908 ], [ 26.86790084800009, -24.176683425999954 ], [ 26.880701065000039, -24.199380874999918 ], [ 26.864913940000065, -24.218086242999959 ], [ 26.865400314000055, -24.260072707999939 ], [ 26.786161423000067, -24.30540084799992 ], [ 26.712209702000052, -24.317399978999958 ], [ 26.676382065000041, -24.352741240999933 ], [ 26.668745041000079, -24.390325545999929 ], [ 26.595991135000077, -24.407306670999958 ], [ 26.520381927000074, -24.485597609999957 ], [ 26.475347519000081, -24.587776183999949 ], [ 26.421554565000065, -24.635549544999947 ], [ 26.426313400000083, -24.770305633999953 ], [ 26.459815979000041, -24.789846419999947 ], [ 26.458665848000066, -24.808681487999934 ], [ 26.566776276000041, -24.819282531999932 ], [ 26.622337341000048, -24.809242248999908 ], [ 26.69962120100007, -24.866674422999949 ], [ 26.705411911000056, -24.856351851999932 ], [ 26.751585007000074, -24.88234710699993 ], [ 26.780002594000052, -24.837156295999932 ], [ 26.942968369000084, -24.775657653999929 ], [ 26.981046677000052, -24.775350570999933 ], [ 26.97670936600008, -24.719842910999944 ], [ 27.026641846000075, -24.718002318999936 ], [ 27.04153823900009, -24.886358260999941 ], [ 27.101457596000046, -24.899431228999958 ], [ 27.15436363200007, -24.978355407999913 ], [ 27.18373107900004, -24.94790840099995 ], [ 27.226408005000053, -24.963331222999955 ], [ 27.203790665000042, -25.03256988499993 ], [ 27.231987, -25.035491942999954 ], [ 27.22386169400005, -25.066808700999957 ], [ 27.270261765000043, -25.037540435999915 ], [ 27.313909531000036, -25.041479110999944 ], [ 27.337221146000047, -25.087219237999932 ], [ 27.482051849000072, -25.066453933999924 ], [ 27.541954041000054, -25.098119735999944 ], [ 27.564535141000079, -25.083522796999944 ], [ 27.562862396000071, -25.104194640999935 ], [ 27.584497452000051, -25.102048873999934 ], [ 27.592880249000075, -25.070890426999938 ], [ 27.568786621000072, -25.057476043999941 ], [ 27.594282150000083, -25.028915404999907 ], [ 27.595783234000066, -24.983507155999916 ], [ 27.629249573000038, -24.97075653099995 ], [ 27.70510482800006, -24.985483169999952 ], [ 27.789207458000078, -24.965902327999913 ], [ 27.946731567000086, -25.000736236999956 ], [ 27.955242157000043, -24.969549178999955 ], [ 27.983852386000081, -24.957229613999914 ], [ 28.037273407000043, -24.984731673999931 ], [ 28.120300293000071, -24.978853225999956 ], [ 28.125482559000091, -25.004163741999946 ], [ 28.26000022900007, -25.049930572999926 ], [ 28.208150864000061, -25.122892379999939 ], [ 28.177072525000085, -25.118726729999935 ], [ 28.181066513000076, -25.106868743999939 ], [ 28.15415573100006, -25.086090087999935 ], [ 28.079345703000058, -25.10032272299992 ], [ 28.094646454000042, -25.147941588999913 ], [ 28.129159927000046, -25.145143508999922 ], [ 28.135919571000045, -25.205053328999952 ], [ 28.211271286000056, -25.197523116999946 ], [ 28.246356964000086, -25.212268828999925 ], [ 28.298213959000066, -25.310523986999954 ], [ 28.377986908000082, -25.291711806999956 ], [ 28.382654190000039, -25.321199416999946 ], [ 28.434017181000058, -25.321935653999958 ], [ 28.503866196000047, -25.308246612999937 ], [ 28.501247406000061, -25.266817092999929 ], [ 28.513557434000063, -25.25554466199992 ], [ 28.594703674000073, -25.24902534499995 ], [ 28.632905960000073, -25.279373168999939 ], [ 28.65961647000006, -25.234670638999944 ], [ 28.672267914000088, -25.247573852999949 ], [ 28.679162979000068, -25.210180282999943 ], [ 28.65560722400005, -25.212928771999941 ], [ 28.616167068000038, -25.151052474999915 ], [ 28.652093887000035, -25.142204284999934 ], [ 28.536882401000071, -25.151817321999943 ], [ 28.532266617000062, -25.168672561999927 ], [ 28.461706161000052, -25.200834273999931 ], [ 28.387409210000044, -25.212701796999909 ], [ 28.411428452000052, -25.204185485999915 ], [ 28.379663467000057, -25.154773711999951 ], [ 28.443225861000087, -25.128337859999931 ], [ 28.495847702000049, -25.131170272999952 ], [ 28.474395752000078, -25.088655471999914 ], [ 28.634775162000039, -25.057609557999911 ], [ 28.606174469000052, -25.002977370999929 ], [ 28.714048386000059, -24.952995299999941 ], [ 28.759778976000064, -24.910923003999926 ], [ 28.837654114000088, -24.915397643999938 ], [ 28.846652985000048, -24.932632445999957 ], [ 28.924327850000054, -24.900903701999937 ], [ 28.915212631000088, -24.889392852999947 ], [ 29.056186676000038, -24.91164398199993 ], [ 29.083131790000039, -24.980585097999949 ], [ 29.183399200000053, -24.939296721999938 ], [ 29.175996780000048, -24.904787063999947 ], [ 29.204137802000048, -24.895050048999906 ], [ 29.230024338000078, -24.812015532999908 ], [ 29.334838867000087, -24.787286757999937 ], [ 29.341312408000078, -24.809507369999949 ], [ 29.40650749200006, -24.750915526999904 ], [ 29.430105209000089, -24.750520705999918 ], [ 29.421676636000086, -24.773752212999909 ], [ 29.447114944000077, -24.815742492999959 ], [ 29.437202454000044, -24.841753005999919 ], [ 29.421596527000077, -24.856704711999953 ], [ 29.401329041000054, -24.844503402999919 ], [ 29.373020172000054, -24.853956222999955 ], [ 29.411691666000081, -24.898237227999914 ], [ 29.38987731900005, -24.927772521999941 ], [ 29.397243500000059, -24.951547622999954 ], [ 29.374458313000048, -25.028127669999947 ], [ 29.467035294000084, -25.055614470999956 ], [ 29.438211441000078, -25.071640014999957 ], [ 29.49796295200008, -25.126480102999949 ], [ 29.614761353000063, -25.109739303999959 ], [ 29.637367249000079, -25.077373504999912 ], [ 29.741008759000067, -25.116733550999925 ], [ 29.766366959000038, -25.087629317999927 ], [ 29.755950928000061, -25.063608169999952 ], [ 29.774347305000049, -25.047504424999943 ], [ 29.787445068000068, -25.058773040999938 ], [ 29.804145813000048, -25.02776336699992 ], [ 29.825393677000079, -25.029256820999933 ], [ 29.86948585500005, -24.995742797999924 ], [ 29.914243698000064, -24.921030044999952 ], [ 29.975667953000084, -24.934719085999916 ], [ 30.084203720000062, -24.817644118999908 ], [ 30.148687363000079, -24.784250258999919 ], [ 30.151130676000037, -24.767353057999912 ], [ 30.104410172000087, -24.740125655999918 ], [ 30.120170593000068, -24.699583053999959 ], [ 30.087486267000088, -24.619937896999943 ], [ 30.128652573000068, -24.60998535199991 ], [ 30.244636536000087, -24.634857177999947 ], [ 30.237108231000036, -24.587549209999906 ], [ 30.304826736000052, -24.631206511999949 ], [ 30.360820770000089, -24.571935653999958 ], [ 30.391242981000062, -24.592391967999959 ], [ 30.499071121000043, -24.606439589999923 ], [ 30.551689148000037, -24.660516738999945 ], [ 30.599752426000066, -24.611598968999942 ], [ 30.598850250000055, -24.533275603999925 ], [ 30.670070648000035, -24.557373046999942 ], [ 30.712577820000035, -24.525043487999937 ], [ 30.732501984000066, -24.547422408999921 ], [ 30.730379105000054, -24.497833251999907 ], [ 30.759170532000041, -24.459552764999955 ], [ 30.87190055800005, -24.537837981999928 ], [ 30.823343277000049, -24.592098235999913 ], [ 30.897699356000089, -24.621454238999945 ], [ 30.915918350000084, -24.669733046999909 ], [ 30.890125275000059, -24.708087920999958 ], [ 30.908493042000089, -24.721698760999914 ], [ 30.909494400000085, -24.784179687999938 ], [ 30.919603348000066, -24.804512023999905 ], [ 31.006063461000053, -24.83778381299993 ], [ 31.031044006000059, -24.975774764999926 ], [ 31.060468674000049, -24.983579635999945 ], [ 31.086963654000044, -25.028856276999932 ], [ 31.249475479000068, -25.017885207999939 ], [ 31.254930496000043, -24.980741500999954 ], [ 31.290021896000042, -24.987398147999954 ], [ 31.321588516000077, -24.965074538999943 ], [ 31.471900940000069, -24.985036849999915 ], [ 31.452480316000049, -24.975362777999919 ], [ 31.439558029000068, -24.933624267999903 ], [ 31.479482651000069, -24.927877425999952 ], [ 31.469129562000035, -24.859012603999929 ], [ 31.385299683000085, -24.867956160999938 ], [ 31.385574341000051, -24.847312926999905 ], [ 31.343074799000078, -24.837875365999935 ], [ 31.327630997000085, -24.731266021999943 ], [ 31.463823318000038, -24.731601714999954 ], [ 31.516084671000044, -24.694000243999938 ], [ 31.515258789000086, -24.678035735999913 ], [ 31.557533264000085, -24.685096740999938 ], [ 31.554950714000086, -24.665170669999952 ], [ 31.594388962000039, -24.671411513999942 ], [ 31.598379135000073, -24.611270904999913 ], [ 31.525571823000064, -24.597095489999958 ], [ 31.449035645000038, -24.55706024199992 ], [ 31.422039032000043, -24.524581908999949 ], [ 31.470081329000038, -24.482318877999944 ], [ 31.386182785000074, -24.483646392999958 ], [ 31.403553009000063, -24.44264602699991 ], [ 31.344490051000037, -24.416677474999915 ], [ 31.386928558000079, -24.388629912999932 ], [ 31.394046783000078, -24.347505568999907 ], [ 31.435657501000037, -24.306138991999944 ], [ 31.445007324000073, -24.261335372999952 ], [ 31.424144745000035, -24.198017119999918 ], [ 31.468183517000057, -24.175996779999934 ], [ 31.481517792000091, -24.104810714999928 ], [ 31.261264801000038, -24.102127074999942 ], [ 31.300384521000069, -24.072082519999924 ], [ 31.322324753000089, -24.082939147999923 ], [ 31.386091232000069, -24.051301955999918 ], [ 31.402772903000084, -24.068208693999907 ], [ 31.43403625500008, -24.052808761999927 ], [ 31.447511673000065, -24.019395827999915 ], [ 31.523870468000041, -24.056249618999914 ], [ 31.571128845000089, -24.033456801999932 ], [ 31.59832954400008, -24.057434081999929 ], [ 31.622390747000054, -24.023719787999937 ], [ 31.660690308000085, -24.014616012999909 ], [ 31.678859711000086, -24.055837630999918 ], [ 31.710462570000061, -24.058748244999947 ], [ 31.73565483100009, -24.04876136799993 ], [ 31.735115051000037, -24.01165199299993 ], [ 31.770860672000083, -23.984682082999939 ], [ 31.823173523000037, -23.998376845999928 ], [ 31.861677170000064, -23.977958678999926 ], [ 31.87481880200005, -23.950801848999959 ], [ 31.762060165000037, -23.88066482499994 ], [ 31.69537925700007, -23.720554351999908 ], [ 31.689426422000054, -23.619413375999954 ], [ 31.557096481000087, -23.470005034999929 ], [ 31.545722961000081, -23.403367995999929 ], [ 31.558734894000054, -23.178861617999928 ], [ 31.311271667000085, -22.417737960999943 ], [ 31.259437561000084, -22.360265731999959 ], [ 31.200658798000063, -22.36001777599995 ], [ 31.16517448400009, -22.328462600999956 ], [ 31.08549499500009, -22.344564437999907 ] ] ] } }
]
}
