{
"type": "FeatureCollection",
"name": "regions_ZA",
"crs": { "type": "name", "properties": { "name": "urn:ogc:def:crs:OGC:1.3:CRS84" } },
"features": [
{ "type": "Feature", "properties": { "loc": "ZA-A1-0001" }, "geometry": { "type": "MultiPolygon", "coordinates": [ [ [ [ 37.697452545000203, -46.826049804999855 ], [ 37.847831726000095, -46.851470946999939 ], [ 37.868247986000199, -46.865425109999933 ], [ 37.865219116000048, -46.87120819099988 ], [ 37.888065338000104, -46.89582443199987 ], [ 37.912834167000199, -46.904289245999905 ], [ 37.890495300000111, -46.923427581999931 ], [ 37.881175995000035, -46.951297759999932 ], [ 37.842388153000059, -46.978900908999947 ], [ 37.779735565000124, -46.96212005599989 ], [ 37.732139587000177, -46.976150512999936 ], [ 37.703098297000167, -46.966945647999921 ], [ 37.667991638000046, -46.97731018099995 ], [ 37.636878967000143, -46.974155425999868 ], [ 37.604286194, -46.958541869999863 ], [ 37.59247970600012, -46.937484740999935 ], [ 37.605743408000137, -46.922222136999892 ], [ 37.614757538000106, -46.892517089999956 ], [ 37.659542084000122, -46.868301391999921 ], [ 37.677093506000119, -46.83679199199986 ], [ 37.697452545000203, -46.826049804999855 ] ] ], [ [ [ 37.901977539000029, -46.610187530999895 ], [ 37.983455658000025, -46.625217437999936 ], [ 38.000465393000127, -46.645153045999905 ], [ 37.997615814000142, -46.658275603999925 ], [ 37.979228972999977, -46.670318603999931 ], [ 37.937576294000053, -46.676040648999901 ], [ 37.935420990000068, -46.6631011959999 ], [ 37.880203247, -46.639659881999933 ], [ 37.872474670000145, -46.628925322999862 ], [ 37.901977539000029, -46.610187530999895 ] ] ], [ [ [ 18.377973557000075, -33.822765349999884 ], [ 18.364761353000063, -33.823078155999951 ], [ 18.354856491000135, -33.810695647999921 ], [ 18.36992454500006, -33.794647216999863 ], [ 18.377973557000075, -33.822765349999884 ] ] ], [ [ [ 18.086147308000193, -33.408588408999947 ], [ 18.091733932000068, -33.427192687999877 ], [ 18.081808090000152, -33.428321837999874 ], [ 18.07028198200004, -33.412643432999914 ], [ 18.086147308000193, -33.408588408999947 ] ] ], [ [ [ 18.198650360000102, -31.684034347999898 ], [ 18.195932388000074, -31.695693969999923 ], [ 18.190589905000081, -31.694061278999925 ], [ 18.198650360000102, -31.684034347999898 ] ] ], [ [ [ 18.759479523000152, -30.567571639999869 ], [ 18.796632767000062, -30.624549865999938 ], [ 18.795261383000081, -30.667303084999901 ], [ 18.863731384000118, -30.716819762999933 ], [ 18.952236176000156, -30.744132995999905 ], [ 18.959899902000075, -30.866064071999858 ], [ 18.876146317000121, -30.886758803999896 ], [ 18.985240936000196, -30.945528029999934 ], [ 18.912521362000064, -30.978645324999945 ], [ 18.904224396000131, -31.041496276999851 ], [ 18.948347092000063, -31.112636565999878 ], [ 18.945207595999989, -31.237045287999877 ], [ 18.967161179000072, -31.284208297999953 ], [ 19.013757706000149, -31.305410384999902 ], [ 18.980873108000083, -31.354957580999894 ], [ 19.013103485000102, -31.369789123999851 ], [ 19.031616211000085, -31.389270781999926 ], [ 19.031400681000036, -31.415121077999856 ], [ 19.043729782000071, -31.424692153999956 ], [ 19.037603378000142, -31.46400260899992 ], [ 19.007846832000098, -31.511034011999868 ], [ 19.024612427000079, -31.504127501999903 ], [ 19.043539047000195, -31.517564773999936 ], [ 19.069681168000045, -31.517217635999941 ], [ 19.086587906000204, -31.526090621999913 ], [ 19.053459167000142, -31.570930480999948 ], [ 19.086133957000015, -31.571790694999891 ], [ 19.091257095000117, -31.597520827999858 ], [ 19.071249008000109, -31.623788833999924 ], [ 19.079763412000091, -31.642946242999869 ], [ 19.074453354000184, -31.666612624999857 ], [ 19.055633545000092, -31.670013427999947 ], [ 19.066297531000146, -31.706060409999907 ], [ 19.095386505000192, -31.749956130999919 ], [ 19.09209823600014, -31.762254714999926 ], [ 19.067342758, -31.76606750499991 ], [ 19.066928864000033, -31.78090858499985 ], [ 19.087911606000148, -31.793270110999913 ], [ 19.060964584000203, -31.810573577999889 ], [ 19.0476684570001, -31.82916641199995 ], [ 19.031011581000143, -31.833742141999892 ], [ 19.027456284000095, -31.843358993999914 ], [ 19.035306931000093, -31.858997344999921 ], [ 19.026847839000084, -31.876527785999883 ], [ 19.059318542000085, -31.880292891999943 ], [ 19.14235687300004, -31.911872863999861 ], [ 19.157558441000162, -31.899372100999926 ], [ 19.172967911000057, -31.909536361999926 ], [ 19.200397491000103, -31.904523848999929 ], [ 19.211427689000061, -31.947792052999887 ], [ 19.290393829000152, -31.862796782999851 ], [ 19.265550613000016, -31.965497970999934 ], [ 19.278226851999989, -31.979459762999909 ], [ 19.2905864720002, -31.964860915999907 ], [ 19.324058533000084, -31.98455619799995 ], [ 19.33049011200012, -32.012340545999848 ], [ 19.363674164000031, -32.042602538999915 ], [ 19.381151199000044, -32.037322997999865 ], [ 19.396554947000027, -32.014873504999912 ], [ 19.426532745000088, -32.030979155999887 ], [ 19.467407227000081, -32.071575164999899 ], [ 19.486743927000191, -32.076400756999931 ], [ 19.489227295000148, -32.120971679999855 ], [ 19.508201599000131, -32.085857390999877 ], [ 19.515890120999984, -32.114967345999901 ], [ 19.47717857400005, -32.146141051999848 ], [ 19.486244202000137, -32.160896300999923 ], [ 19.48134994500009, -32.168140410999854 ], [ 19.489633560000073, -32.163734435999913 ], [ 19.503242493000187, -32.179615020999904 ], [ 19.493297577000135, -32.198909759999935 ], [ 19.503997803000118, -32.205383300999927 ], [ 19.495271683000055, -32.209636687999932 ], [ 19.496349335000048, -32.221660613999859 ], [ 19.486410141000135, -32.234840392999956 ], [ 19.49567794799998, -32.244827270999906 ], [ 19.492200851000177, -32.252132415999938 ], [ 19.409778595000091, -32.289848327999948 ], [ 19.434696198000097, -32.372791289999896 ], [ 19.496208191000051, -32.473545073999958 ], [ 19.507556915000066, -32.473030089999895 ], [ 19.516874313000073, -32.485874175999925 ], [ 19.495660782000186, -32.498722075999922 ], [ 19.487495422000109, -32.565212249999945 ], [ 19.49985885600006, -32.611862182999914 ], [ 19.528940201000125, -32.6730346679999 ], [ 19.587924957000155, -32.647571563999918 ], [ 19.605630875000202, -32.629234313999859 ], [ 19.612688065000043, -32.566322326999853 ], [ 19.607807159000117, -32.545150756999874 ], [ 19.626985550000029, -32.501998900999865 ], [ 19.622539520000089, -32.47040176399986 ], [ 19.655551910000042, -32.438564300999928 ], [ 19.680427551000093, -32.463294982999912 ], [ 19.730785370000149, -32.441967009999928 ], [ 19.708381653000174, -32.420402526999851 ], [ 19.731927872000199, -32.410751342999959 ], [ 19.736507416000052, -32.386093139999957 ], [ 19.764444351000066, -32.411056518999885 ], [ 19.80337715100012, -32.393470763999858 ], [ 19.818479538000133, -32.360496520999845 ], [ 19.850170135000042, -32.366016387999878 ], [ 19.874568939000142, -32.382980346999886 ], [ 19.938165665000099, -32.377056121999885 ], [ 20.005111694000107, -32.33032989499992 ], [ 20.080354691000025, -32.397274016999859 ], [ 20.097480774000132, -32.502956389999952 ], [ 20.123458862000177, -32.556766509999932 ], [ 20.11538887, -32.570022582999854 ], [ 20.137561797999979, -32.610778808999896 ], [ 20.141855240000154, -32.643535613999916 ], [ 20.182069778000027, -32.667900084999872 ], [ 20.192384720000121, -32.685546874999886 ], [ 20.188264847000085, -32.752483367999901 ], [ 20.219694138000023, -32.784542083999952 ], [ 20.257944107000185, -32.799461364999956 ], [ 20.300552368000183, -32.804767608999896 ], [ 20.342304230000082, -32.857616424999947 ], [ 20.357814789000088, -32.863887786999953 ], [ 20.36453056300013, -32.910617827999943 ], [ 20.380699158000027, -32.901653289999899 ], [ 20.439239502000078, -32.939868926999907 ], [ 20.499942780000083, -32.941440581999871 ], [ 20.56188964800009, -32.88075256299993 ], [ 20.592742920000092, -32.926277160999916 ], [ 20.590702057000044, -32.942806243999883 ], [ 20.622526169000082, -32.942958831999931 ], [ 20.650251389000118, -32.933467864999955 ], [ 20.732215881000116, -32.945423125999866 ], [ 20.746177673000147, -32.912387847999923 ], [ 20.799188614, -32.894565581999927 ], [ 20.833068848000039, -32.817359923999845 ], [ 20.830966949000072, -32.784385680999947 ], [ 20.792692184000202, -32.73464965799991 ], [ 20.790472031000093, -32.711040496999942 ], [ 20.823480606000203, -32.694351195999957 ], [ 20.844728470000177, -32.662242888999856 ], [ 20.96340942400019, -32.639110564999896 ], [ 21.060916901000041, -32.655307769999922 ], [ 21.095087051000064, -32.652839660999859 ], [ 21.157602310000073, -32.628749846999938 ], [ 21.140733719000139, -32.58959960899989 ], [ 21.182697296000072, -32.508483886999954 ], [ 21.231706619000136, -32.462951659999931 ], [ 21.282138824000185, -32.439472197999919 ], [ 21.303634644000056, -32.402408599999887 ], [ 21.302114487000154, -32.377075194999918 ], [ 21.353454590000183, -32.39134597799989 ], [ 21.409151077000047, -32.368515014999957 ], [ 21.429647446000104, -32.374084472999868 ], [ 21.443603516, -32.353031157999908 ], [ 21.475311279000096, -32.330234527999949 ], [ 21.518543243000124, -32.336784362999879 ], [ 21.550750732000154, -32.326904296999885 ], [ 21.562417984000035, -32.314525603999925 ], [ 21.549613953000176, -32.29058074999989 ], [ 21.53662300100018, -32.229007720999903 ], [ 21.607114792000118, -32.209453582999913 ], [ 21.645181656000091, -32.208503722999922 ], [ 21.67437362700008, -32.243083953999928 ], [ 21.692502975000139, -32.24843978899986 ], [ 21.737586975000056, -32.20546340899989 ], [ 21.748067856000091, -32.226226806999932 ], [ 21.772533417000147, -32.226432799999941 ], [ 21.769523621000189, -32.238243102999945 ], [ 21.778749466000136, -32.250495910999916 ], [ 21.8747653960001, -32.276371001999848 ], [ 21.902240753000171, -32.270709990999876 ], [ 21.904611588000137, -32.253326415999879 ], [ 21.895019531000059, -32.226615905999893 ], [ 21.90152931199998, -32.218959807999852 ], [ 21.894994736000058, -32.197330474999944 ], [ 21.852294922000056, -32.186229705999949 ], [ 21.864568710000015, -32.167873382999915 ], [ 21.943685532000131, -32.186714171999938 ], [ 21.967569351000179, -32.215633391999916 ], [ 22.000108719000082, -32.205753325999922 ], [ 22.017024994000053, -32.114055633999953 ], [ 22.070150375000139, -32.081241607999914 ], [ 22.090236664000088, -32.146163939999894 ], [ 22.120536804000153, -32.076770781999926 ], [ 22.134544373000153, -32.064182280999887 ], [ 22.094173431000115, -32.045711516999916 ], [ 22.074707031000059, -32.017711638999913 ], [ 22.095567703000199, -32.00085449199986 ], [ 22.071918488000165, -31.939090728999929 ], [ 22.100988388000076, -31.924131392999925 ], [ 22.101974487, -31.89988517799992 ], [ 22.079271317000064, -31.854646682999942 ], [ 22.116458893000129, -31.862415313999918 ], [ 22.132085800000198, -31.884054183999922 ], [ 22.167179108000198, -31.892869948999873 ], [ 22.177469254000016, -31.820503234999933 ], [ 22.159963608000055, -31.80923652599995 ], [ 22.203830719000109, -31.790174483999863 ], [ 22.200500488000159, -31.764076232999912 ], [ 22.237960815000122, -31.702758788999915 ], [ 22.25046539300007, -31.664438247999897 ], [ 22.26068306000019, -31.662252425999952 ], [ 22.27350425700007, -31.592321395999875 ], [ 22.312866211000141, -31.583238601999938 ], [ 22.493610382000099, -31.668722152999862 ], [ 22.564237595000066, -31.676374434999957 ], [ 22.565206528000203, -31.712631225999928 ], [ 22.619630814000061, -31.724435805999917 ], [ 22.57890510600015, -31.805294036999953 ], [ 22.612653732000069, -31.821317672999953 ], [ 22.64386749300013, -31.812343596999881 ], [ 22.651283264000085, -31.821359633999862 ], [ 22.735654831000204, -31.799171447999868 ], [ 22.777435303000175, -31.856697082999915 ], [ 22.859527588000162, -31.818080901999849 ], [ 22.875272751000068, -31.861436843999854 ], [ 22.902496338000049, -31.875568389999955 ], [ 22.976381302000163, -31.860626220999848 ], [ 23.067935944000169, -31.890537261999896 ], [ 23.05280113200007, -31.910072326999909 ], [ 23.053138733000196, -31.939573287999849 ], [ 23.059215546000189, -31.954637526999932 ], [ 23.071430206000059, -31.953603744999896 ], [ 23.099031448000119, -31.977502822999952 ], [ 23.104890823000062, -31.960407256999872 ], [ 23.1399917600001, -31.95133590699993 ], [ 23.171699524000076, -31.917936324999914 ], [ 23.230907440000124, -31.875490188999947 ], [ 23.225568771000098, -31.853834151999934 ], [ 23.262899399000162, -31.815187453999897 ], [ 23.263975143000152, -31.778129577999891 ], [ 23.302953720000176, -31.72993659999986 ], [ 23.347461700000053, -31.709857940999882 ], [ 23.40762329100005, -31.713586806999956 ], [ 23.402265549000106, -31.699356078999926 ], [ 23.416984558000195, -31.672010421999914 ], [ 23.423666, -31.681919097999867 ], [ 23.524414062000062, -31.705108642999846 ], [ 23.53598976100011, -31.691562652999949 ], [ 23.57505226100011, -31.688949584999932 ], [ 23.595066071000133, -31.661956786999951 ], [ 23.619659424000076, -31.649223327999891 ], [ 23.639995575000057, -31.659877776999849 ], [ 23.715652466000108, -31.646831511999892 ], [ 23.735006332000069, -31.654348372999948 ], [ 23.757003784000119, -31.695503234999933 ], [ 23.842063904000099, -31.714843749999943 ], [ 23.848127365000039, -31.729000091999922 ], [ 23.808958054000016, -31.763500213999862 ], [ 23.837656021000157, -31.76770210299992 ], [ 23.829862595000122, -31.780065535999938 ], [ 23.878873825000085, -31.833154677999858 ], [ 23.892723083000078, -31.835952758999952 ], [ 23.91476631200004, -31.821376800999872 ], [ 23.917547226000124, -31.795463561999952 ], [ 23.947454453000091, -31.774131774999944 ], [ 23.967712402000188, -31.714832305999948 ], [ 23.963563919000194, -31.70645904499986 ], [ 24.047342300000082, -31.706476211999927 ], [ 24.029016495000178, -31.729961394999862 ], [ 24.043617249000135, -31.767112731999873 ], [ 24.056583405000083, -31.775745391999862 ], [ 24.071119308000107, -31.806194304999906 ], [ 24.101688385000102, -31.791980742999897 ], [ 24.152837753000085, -31.787895202999948 ], [ 24.152667999000073, -31.797935485999858 ], [ 24.181615829000123, -31.812639235999939 ], [ 24.153997421000099, -31.822124480999946 ], [ 24.152294159, -31.854230880999864 ], [ 24.123762131000035, -31.846853255999918 ], [ 24.103620529000125, -31.885911941999893 ], [ 24.104640961000143, -31.906381606999901 ], [ 24.13785362200008, -31.904878615999905 ], [ 24.145584106000058, -31.896848678999845 ], [ 24.164695740000013, -31.902200698999934 ], [ 24.197694778000141, -31.923282622999864 ], [ 24.188528061000056, -31.933422088999919 ], [ 24.20030021700012, -31.942356109999878 ], [ 24.218423843000096, -31.939641952999864 ], [ 24.226938248000181, -31.954572677999863 ], [ 24.229625702000135, -31.9696788789999 ], [ 24.211114883, -32.011772155999893 ], [ 24.174982071000159, -32.013008117999846 ], [ 24.174449921000189, -32.020633697999926 ], [ 24.141361237000126, -32.011497497999926 ], [ 24.129104614000028, -32.041038512999876 ], [ 24.141563416000054, -32.051151275999871 ], [ 24.135299683000085, -32.059993743999939 ], [ 24.123786926000093, -32.055721282999912 ], [ 24.112344742000118, -32.061435698999958 ], [ 24.113052368000069, -32.069820403999927 ], [ 24.103347778, -32.069683074999944 ], [ 24.098373413000104, -32.110580443999936 ], [ 24.110176086000138, -32.084075927999947 ], [ 24.13593483000011, -32.097648620999848 ], [ 24.130853653000088, -32.131752013999915 ], [ 24.102718353000057, -32.148624419999919 ], [ 24.11342811600008, -32.150730132999854 ], [ 24.100622177, -32.163791655999944 ], [ 24.038801193000097, -32.157806395999955 ], [ 24.044351578000089, -32.180908202999888 ], [ 24.0316410060002, -32.192489623999904 ], [ 23.962394714000197, -32.206039428999929 ], [ 23.936000824000189, -32.231735228999923 ], [ 23.92145919800015, -32.23322296099991 ], [ 23.8928050990001, -32.254753112999879 ], [ 23.851585388000103, -32.242317199999889 ], [ 23.798353195, -32.193870543999935 ], [ 23.766740799000104, -32.178527831999929 ], [ 23.747581482000157, -32.200481414999956 ], [ 23.692924500000061, -32.233257293999884 ], [ 23.670469283999978, -32.23734283399989 ], [ 23.648046494000141, -32.297420501999852 ], [ 23.678876877000107, -32.328910827999948 ], [ 23.665662766000196, -32.344036101999848 ], [ 23.449058533000027, -32.323482512999931 ], [ 23.410375595000062, -32.38900375399993 ], [ 23.333574295000062, -32.350940703999868 ], [ 23.307851791000189, -32.395721435999917 ], [ 23.287734985000156, -32.403984069999922 ], [ 23.272670746000131, -32.400463103999925 ], [ 23.222139359000039, -32.42484283399989 ], [ 23.248069763000046, -32.465137481999932 ], [ 23.244998932000101, -32.513034820999906 ], [ 23.288682938000136, -32.551025390999939 ], [ 23.307817459000205, -32.611431121999942 ], [ 23.301837921000129, -32.651599883999893 ], [ 23.2700901030002, -32.671295165999936 ], [ 23.333379745000116, -32.703422545999956 ], [ 23.354017258000113, -32.729263305999893 ], [ 23.3521213530002, -32.763607024999885 ], [ 23.398260117000177, -32.763294219999921 ], [ 23.379131317000201, -32.824859618999938 ], [ 23.305694580000136, -32.809322356999928 ], [ 23.250934601000154, -32.788398742999902 ], [ 23.201612473000012, -32.785175322999919 ], [ 23.148513794000166, -32.835910796999883 ], [ 23.089864731000091, -32.798976897999921 ], [ 23.1169490810002, -32.857814788999917 ], [ 23.098535538000135, -32.873516082999913 ], [ 23.007974625000202, -32.872634887999936 ], [ 23.004209518000152, -32.898109435999856 ], [ 22.94928550700007, -32.949863433999951 ], [ 22.969781876000184, -32.993198394999922 ], [ 22.935743332000072, -33.012863158999949 ], [ 22.934623718000125, -33.021480559999929 ], [ 22.958383560000129, -33.044887542999845 ], [ 22.955839157000014, -33.072978972999863 ], [ 22.892803192000031, -33.141468047999922 ], [ 22.877733231000093, -33.186767577999888 ], [ 22.840761185000076, -33.220050811999954 ], [ 22.790802002000078, -33.307147979999911 ], [ 22.774360657000159, -33.308879851999848 ], [ 22.773923874000161, -33.326095580999947 ], [ 22.739805222000143, -33.323818206999874 ], [ 22.736280441000076, -33.394607543999939 ], [ 22.785039902000108, -33.415374755999949 ], [ 22.774967194000169, -33.419582366999919 ], [ 22.935312270999987, -33.428981780999948 ], [ 23.066900253000142, -33.400188445999845 ], [ 23.113409042000114, -33.400653838999915 ], [ 23.135322571000017, -33.387462615999937 ], [ 23.297643661000052, -33.388488769999924 ], [ 23.364583969000194, -33.461597442999846 ], [ 23.35539436300013, -33.441020965999883 ], [ 23.468120575, -33.44798660299989 ], [ 23.496137619000194, -33.443286895999904 ], [ 23.514612198000123, -33.462562560999856 ], [ 23.604496002000076, -33.496250152999892 ], [ 23.596700668000096, -33.572376250999923 ], [ 23.617273331000092, -33.569435119999923 ], [ 23.620386124000163, -33.591346740999938 ], [ 23.675476074000187, -33.625724791999914 ], [ 23.67093277000015, -33.672416686999895 ], [ 23.586391449000189, -33.672599791999858 ], [ 23.556703568000046, -33.651165008999953 ], [ 23.556034088000104, -33.672821044999864 ], [ 23.542175293000128, -33.682861327999888 ], [ 23.541772842000171, -33.699409484999876 ], [ 23.475864410000099, -33.717514037999933 ], [ 23.44044113200016, -33.717247008999948 ], [ 23.430574417000116, -33.761627196999939 ], [ 23.395122528, -33.792926787999932 ], [ 23.489419937000036, -33.80749511699986 ], [ 23.488508224000157, -33.791530608999949 ], [ 23.519351959000176, -33.781993865999937 ], [ 23.557867050000084, -33.793273925999927 ], [ 23.56245231600019, -33.828807830999892 ], [ 23.608554840000181, -33.832794188999856 ], [ 23.620771408000053, -33.843105315999935 ], [ 23.703830719000166, -33.863933562999932 ], [ 23.68343925500011, -33.883869170999958 ], [ 23.647699356000203, -33.892562865999935 ], [ 23.65709877, -33.906909942999903 ], [ 23.637521744000082, -33.913002013999915 ], [ 23.644962311000143, -33.930358886999898 ], [ 23.636899948000121, -33.934490203999871 ], [ 23.634721756000033, -33.951461791999918 ], [ 23.651117325000087, -33.978469848999907 ], [ 23.563079834000064, -33.98085403399989 ], [ 23.526790619000167, -33.999248504999912 ], [ 23.458284378000201, -34.003055572999926 ], [ 23.416439056000172, -34.016490935999855 ], [ 23.38224601700017, -34.046638488999918 ], [ 23.373058319000052, -34.086223601999848 ], [ 23.409641266000108, -34.106903075999924 ], [ 23.376058578000084, -34.097904204999907 ], [ 23.27524948100006, -34.098091124999939 ], [ 23.227106094000021, -34.08511352499994 ], [ 23.130765915000154, -34.076721190999933 ], [ 23.073736191000194, -34.08126831099986 ], [ 23.052673340000126, -34.059871673999908 ], [ 23.064231872999983, -34.060615539999958 ], [ 23.057210922000024, -34.039520263999918 ], [ 23.053562164000141, -34.050262450999924 ], [ 23.033838272000082, -34.036197661999893 ], [ 23.012916565000182, -34.036773681999932 ], [ 22.995395660000099, -34.023857116999864 ], [ 22.995178223000153, -34.015842437999936 ], [ 22.985202789000084, -34.025405883999952 ], [ 22.99941635100015, -34.038761138999917 ], [ 23.000154495000118, -34.050899505999951 ], [ 23.038633347000086, -34.059799193999936 ], [ 23.057207108000114, -34.082332610999913 ], [ 23.011039734000065, -34.06858444199986 ], [ 22.976562500000057, -34.076637267999956 ], [ 22.975927353000145, -34.087848662999932 ], [ 22.942033768000044, -34.071075438999912 ], [ 22.78073692300012, -34.025226592999957 ], [ 22.765527725000084, -34.03244018599986 ], [ 22.711214066000082, -34.01576614399994 ], [ 22.571941376000041, -33.996723174999943 ], [ 22.486236572000166, -34.04833602899987 ], [ 22.410375595000062, -34.059242248999851 ], [ 22.313076019000107, -34.048793792999902 ], [ 22.264307022000196, -34.051433562999932 ], [ 22.167715073000068, -34.080711364999956 ], [ 22.132213593000017, -34.110023498999908 ], [ 22.115718842000092, -34.138431548999904 ], [ 22.114564896000047, -34.156505584999934 ], [ 22.163810730000023, -34.177742003999867 ], [ 22.161764145000063, -34.184356688999912 ], [ 22.119001389, -34.200752257999852 ], [ 22.045871735000048, -34.202758788999859 ], [ 21.960512161000167, -34.226409911999951 ], [ 21.929162979000125, -34.247241973999905 ], [ 21.909835815000065, -34.272830962999933 ], [ 21.911571503000175, -34.294162749999941 ], [ 21.937881470000036, -34.30303955099987 ], [ 21.906581879000157, -34.319969176999905 ], [ 21.902975082000069, -34.34556961099986 ], [ 21.888851166000109, -34.347187041999916 ], [ 21.849691391000192, -34.332138061999899 ], [ 21.827316284000062, -34.308410644999924 ], [ 21.829629898, -34.291957854999907 ], [ 21.82230567900001, -34.310165404999907 ], [ 21.84711647, -34.33599090599995 ], [ 21.874782562000121, -34.346279143999936 ], [ 21.875061035000158, -34.358425139999952 ], [ 21.819549561000088, -34.381137847999923 ], [ 21.723442078000062, -34.400852202999943 ], [ 21.652107239000145, -34.390457152999943 ], [ 21.539903641000194, -34.358646392999958 ], [ 21.428016663000108, -34.377601623999908 ], [ 21.416309357000046, -34.371807097999863 ], [ 21.406066895000095, -34.352428435999911 ], [ 21.42517662, -34.390144347999922 ], [ 21.410907745000088, -34.405902862999937 ], [ 21.290708542000118, -34.440601348999849 ], [ 21.143507004000185, -34.389587401999847 ], [ 21.079854965000038, -34.374656676999848 ], [ 21.004341125000167, -34.36812591599994 ], [ 21.001409531000093, -34.346199035999916 ], [ 20.998079300000143, -34.365230559999929 ], [ 20.893518448000123, -34.375823974999889 ], [ 20.844158173000153, -34.403732299999945 ], [ 20.788232803000085, -34.406764983999949 ], [ 20.754184723000094, -34.395305633999953 ], [ 20.785655975000054, -34.409904479999909 ], [ 20.840845108000053, -34.411441802999946 ], [ 20.862874985000133, -34.42985153199993 ], [ 20.863101959000119, -34.454833983999947 ], [ 20.841093063000017, -34.474693297999863 ], [ 20.660406113000079, -34.451572417999898 ], [ 20.511913300000174, -34.477184295999848 ], [ 20.433286667000061, -34.518558501999848 ], [ 20.39197158800016, -34.573780059999933 ], [ 20.334440231000144, -34.597583770999847 ], [ 20.316091537000034, -34.618598937999934 ], [ 20.275712967000118, -34.629116057999909 ], [ 20.237573624000049, -34.651836394999862 ], [ 20.229173660000129, -34.660068511999953 ], [ 20.230701447000115, -34.695411681999929 ], [ 20.200513840000042, -34.693828582999856 ], [ 20.144365311000115, -34.708183288999919 ], [ 20.073421478000057, -34.742233275999922 ], [ 20.041200638000021, -34.785015105999946 ], [ 20.044057846000044, -34.801609038999914 ], [ 20.058694839000054, -34.809860228999867 ], [ 20.055110931000172, -34.821437835999916 ], [ 20.029432297000028, -34.823619842999847 ], [ 20.005331039000055, -34.839828490999935 ], [ 19.938678741000047, -34.820064544999866 ], [ 19.870424271000047, -34.770404815999882 ], [ 19.769073486000195, -34.768894195999849 ], [ 19.749826431000088, -34.776042937999932 ], [ 19.691629410000075, -34.767192840999883 ], [ 19.665098190000094, -34.791965484999935 ], [ 19.637973784999986, -34.789653777999888 ], [ 19.628784180000196, -34.78452300999993 ], [ 19.638759613, -34.779594420999956 ], [ 19.629411697000137, -34.761157989999901 ], [ 19.610225677000074, -34.761409759999935 ], [ 19.591392517000202, -34.733009337999931 ], [ 19.548852921000105, -34.71225738499993 ], [ 19.522048950000055, -34.677600860999917 ], [ 19.446123123000064, -34.659282683999947 ], [ 19.411741257000131, -34.616989135999916 ], [ 19.358690262000152, -34.618247985999858 ], [ 19.343713760000185, -34.628471374999947 ], [ 19.294328690000043, -34.633506774999944 ], [ 19.302377701000125, -34.618217467999898 ], [ 19.323415756000088, -34.613956450999865 ], [ 19.349113464000197, -34.564472197999862 ], [ 19.369987488000163, -34.552631377999887 ], [ 19.365835190000155, -34.50616455099987 ], [ 19.313764572000196, -34.439796447999868 ], [ 19.274288177000187, -34.417675017999898 ], [ 19.250625610000156, -34.420215606999875 ], [ 19.217460631999984, -34.439357757999915 ], [ 19.17208862300015, -34.424083709999934 ], [ 19.139308929000094, -34.426250457999856 ], [ 19.112630844000137, -34.413513183999896 ], [ 19.11599731400014, -34.393238067999846 ], [ 19.083587646000126, -34.364906310999913 ], [ 19.09270477300015, -34.360221862999936 ], [ 19.106321335000018, -34.368782042999953 ], [ 19.121871948000205, -34.357925414999897 ], [ 19.125888824000185, -34.335842132999858 ], [ 19.149406433000138, -34.315895080999951 ], [ 19.137973785000099, -34.307884215999877 ], [ 19.085580826000182, -34.354209899999944 ], [ 19.04926681500018, -34.34611892699985 ], [ 19.07086753800013, -34.359039306999875 ], [ 19.040479660000074, -34.348873137999931 ], [ 19.008125305000135, -34.348747252999885 ], [ 18.986396790000072, -34.336883544999921 ], [ 18.984996796000075, -34.346916198999907 ], [ 18.964157104000094, -34.358234405999951 ], [ 18.911901474000103, -34.357746123999902 ], [ 18.884078979000094, -34.374732970999958 ], [ 18.861921310000071, -34.370395659999872 ], [ 18.853857040000037, -34.375797271999886 ], [ 18.853975296000044, -34.387950896999882 ], [ 18.839273453000146, -34.379100799999947 ], [ 18.821767807000185, -34.385028838999858 ], [ 18.805591583000023, -34.34975051899994 ], [ 18.826120377000052, -34.339363097999865 ], [ 18.814371109000092, -34.332233428999928 ], [ 18.814220428000169, -34.311363219999862 ], [ 18.805868149, -34.302997588999858 ], [ 18.848243712999988, -34.254535674999886 ], [ 18.850465775000202, -34.240184783999894 ], [ 18.825368881000031, -34.216007232999857 ], [ 18.812232971000128, -34.185894011999892 ], [ 18.859294891000104, -34.155277251999905 ], [ 18.791137695000145, -34.085311889999957 ], [ 18.734064102000048, -34.071475982999914 ], [ 18.631370544000163, -34.069187163999914 ], [ 18.522766113000159, -34.086494445999904 ], [ 18.473917007000125, -34.103057860999911 ], [ 18.443096161000142, -34.129520415999878 ], [ 18.434579849000158, -34.128913878999867 ], [ 18.436182022000139, -34.151451110999915 ], [ 18.424423218000072, -34.180046081999933 ], [ 18.431680679000067, -34.187477111999954 ], [ 18.443666458000166, -34.185718535999854 ], [ 18.475183487000095, -34.237548827999944 ], [ 18.461307526000155, -34.264678954999908 ], [ 18.466835022000055, -34.273406981999869 ], [ 18.459989548000181, -34.320335387999933 ], [ 18.49243164100011, -34.354087829999912 ], [ 18.476488113000016, -34.356826781999928 ], [ 18.452352524000105, -34.336044311999899 ], [ 18.423377991000052, -34.326278686999956 ], [ 18.399612427000079, -34.308712005999894 ], [ 18.398345947000109, -34.293979644999865 ], [ 18.379850388000193, -34.272056579999912 ], [ 18.359735489000059, -34.181274413999859 ], [ 18.338573456000177, -34.17550659199992 ], [ 18.320886612000095, -34.146041869999863 ], [ 18.324083328000086, -34.130828856999869 ], [ 18.347896576000096, -34.11677551299988 ], [ 18.347082138000189, -34.086704253999926 ], [ 18.361614227000075, -34.062370299999941 ], [ 18.359935760000042, -34.049911498999904 ], [ 18.351137161000054, -34.041030883999952 ], [ 18.344434738000189, -34.055171966999865 ], [ 18.331285477000108, -34.053890227999887 ], [ 18.31244659400005, -34.038360595999904 ], [ 18.311496735000048, -34.02753829999989 ], [ 18.332704544000023, -34.014976500999865 ], [ 18.343965530000048, -33.985683440999935 ], [ 18.368055344000197, -33.966598510999916 ], [ 18.386005402000194, -33.901382445999957 ], [ 18.422962189000089, -33.895706176999852 ], [ 18.432777405000081, -33.910125731999926 ], [ 18.447175980000111, -33.913059234999935 ], [ 18.465040207000186, -33.909038543999884 ], [ 18.478784561000168, -33.891769408999949 ], [ 18.4771251680001, -33.835075377999942 ], [ 18.441900253000085, -33.774829864999958 ], [ 18.433343887000206, -33.745105742999897 ], [ 18.437158585000191, -33.702182769999922 ], [ 18.402416229000096, -33.631401061999895 ], [ 18.356328964, -33.597457885999916 ], [ 18.345615387000066, -33.57221603399995 ], [ 18.308837891000167, -33.564575194999861 ], [ 18.32198715200002, -33.517959594999866 ], [ 18.281993866000164, -33.454925536999895 ], [ 18.245338440000012, -33.417015075999871 ], [ 18.145307541000136, -33.349975585999914 ], [ 18.156362534000095, -33.327579497999864 ], [ 18.097734451000122, -33.228065490999938 ], [ 18.01338005100007, -33.148380279999856 ], [ 17.973237991000133, -33.137008666999918 ], [ 17.973512650000032, -33.11708068799993 ], [ 17.955196381000064, -33.101970672999926 ], [ 17.980230331000143, -33.090591430999893 ], [ 17.975866318000101, -33.066772460999857 ], [ 17.992599487000064, -33.065071105999891 ], [ 18.005847931, -33.078552245999958 ], [ 18.0021133420002, -33.089370727999949 ], [ 18.012620926000068, -33.095153808999896 ], [ 18.013519287000065, -33.113990783999895 ], [ 18.030582428000116, -33.127655028999925 ], [ 18.032985687000121, -33.144500731999926 ], [ 18.044982910000044, -33.14852142299992 ], [ 18.084863663000135, -33.192153930999893 ], [ 18.108535767000149, -33.197181701999853 ], [ 18.120748520000177, -33.189975738999863 ], [ 18.121572495, -33.177635192999958 ], [ 18.111875534000148, -33.175800322999919 ], [ 18.112712860000158, -33.187759398999901 ], [ 18.081975937000095, -33.166118621999885 ], [ 18.088439941000104, -33.151073455999949 ], [ 18.08413505600015, -33.138031005999949 ], [ 18.034187317000033, -33.102619170999958 ], [ 18.028900146000183, -33.088153838999915 ], [ 18.041166306000093, -33.051849364999953 ], [ 18.020044327000107, -33.013927459999877 ], [ 17.981792450000171, -32.996017455999947 ], [ 17.951038361000087, -33.003902434999873 ], [ 17.95987510700013, -33.025882720999903 ], [ 17.944276810000133, -33.02305221599994 ], [ 17.934865952000052, -33.029232024999885 ], [ 17.937253952000106, -33.038059234999935 ], [ 17.910039902000108, -33.045654296999942 ], [ 17.890855789000057, -33.027740478999931 ], [ 17.903863907000073, -33.024719237999932 ], [ 17.904317856000034, -33.010303496999882 ], [ 17.871950150000146, -32.998146056999929 ], [ 17.886394501000041, -32.966552733999947 ], [ 17.879613876000064, -32.958423614999958 ], [ 17.886753082000155, -32.945716857999855 ], [ 17.884466171000042, -32.927726745999848 ], [ 17.858350754000071, -32.904418944999861 ], [ 17.865201950000085, -32.891929625999865 ], [ 17.883462906000034, -32.883445739999956 ], [ 17.884700775000056, -32.86952590899989 ], [ 17.873462677000134, -32.847423552999885 ], [ 17.845703125000171, -32.824722289999897 ], [ 17.900772095000036, -32.806163787999935 ], [ 17.908334732000071, -32.783168792999902 ], [ 17.900306702000194, -32.742210387999933 ], [ 17.911550522000198, -32.740478515999882 ], [ 17.920299530000079, -32.719833373999847 ], [ 17.953559875, -32.725376128999869 ], [ 17.968605042000092, -32.703662871999938 ], [ 17.978349686000058, -32.711933135999857 ], [ 17.978721619, -32.726387023999848 ], [ 18.014644623000095, -32.740749358999892 ], [ 18.014814377000107, -32.754272460999914 ], [ 18.042205811000201, -32.766605376999905 ], [ 18.054101944000138, -32.783451079999907 ], [ 18.13788795500011, -32.776714324999944 ], [ 18.251495361000082, -32.673954009999932 ], [ 18.285913467000171, -32.623558043999878 ], [ 18.313211441000192, -32.565273284999932 ], [ 18.330560684000091, -32.47995376599988 ], [ 18.329387665000127, -32.42195892299992 ], [ 18.313087463000045, -32.317459105999887 ], [ 18.336984634000146, -32.306659697999862 ], [ 18.340713501000039, -32.294696807999912 ], [ 18.297803879000071, -32.126007079999852 ], [ 18.300575256000116, -32.095226287999878 ], [ 18.310375214000089, -32.080802916999914 ], [ 18.281204224000192, -32.002513884999928 ], [ 18.288648605, -31.987459182999885 ], [ 18.267749786000195, -31.938627242999928 ], [ 18.281972885000073, -31.895456313999944 ], [ 18.271678925000117, -31.869092940999906 ], [ 18.23154068000008, -31.815799712999933 ], [ 18.233879089000197, -31.786750792999896 ], [ 18.221263885000042, -31.750528335999945 ], [ 18.18785476700009, -31.702285766999864 ], [ 18.198848724000186, -31.700057982999851 ], [ 18.204286575000026, -31.688188552999918 ], [ 18.193796158000112, -31.657232284999907 ], [ 18.194980621000127, -31.678981780999948 ], [ 18.183919907000131, -31.69082069399991 ], [ 18.146509171000048, -31.645746230999919 ], [ 18.114536285000156, -31.593597411999951 ], [ 18.118600845000174, -31.58675575299992 ], [ 18.11067771900008, -31.574117660999946 ], [ 17.906854630000169, -31.359807967999927 ], [ 17.881605148000176, -31.322750091999922 ], [ 17.871177673000091, -31.27229499799995 ], [ 17.803825378000056, -31.212209701999882 ], [ 17.759452820000206, -31.152290343999937 ], [ 17.83522415200008, -31.176218032999884 ], [ 17.812185287000091, -31.092184066999891 ], [ 17.926847458000054, -31.009712218999937 ], [ 17.878723145000038, -30.948348998999904 ], [ 17.881101608000108, -30.923631667999928 ], [ 17.972875595, -30.913560866999944 ], [ 17.994171143000074, -30.918430327999943 ], [ 17.995639801000038, -30.818901061999952 ], [ 18.007284164000112, -30.790918349999856 ], [ 18.058715820000145, -30.776575088999891 ], [ 18.081714630000079, -30.78452300999993 ], [ 18.169969559000151, -30.848255156999926 ], [ 18.206621170000062, -30.831014632999938 ], [ 18.196027756000149, -30.815708159999929 ], [ 18.214334488000191, -30.810127257999909 ], [ 18.25260925300006, -30.827232360999915 ], [ 18.264957428000059, -30.818006515999855 ], [ 18.371828079000181, -30.659313201999908 ], [ 18.371936798000036, -30.591768264999871 ], [ 18.414543152000078, -30.52702903699992 ], [ 18.381332397000165, -30.459321975999956 ], [ 18.444868088000078, -30.510967254999855 ], [ 18.523023605000162, -30.606184005999921 ], [ 18.484403610000129, -30.521595000999923 ], [ 18.502931595000064, -30.444105147999949 ], [ 18.57089805600009, -30.42993926999992 ], [ 18.655921936000084, -30.556394576999935 ], [ 18.759479523000152, -30.567571639999869 ] ] ] ] } },
{ "type": "Feature", "properties": { "loc": "ZA-A1-0002" }, "geometry": { "type": "Polygon", "coordinates": [ [ [ 29.11218833900017, -30.096662520999928 ], [ 29.121719360000156, -30.098516463999943 ], [ 29.112977982000189, -30.105457305999948 ], [ 29.120672226000181, -30.110454558999947 ], [ 29.116390228000114, -30.140975951999849 ], [ 29.122388840000099, -30.145374297999865 ], [ 29.110734940000043, -30.15366363499993 ], [ 29.120662689000198, -30.160606383999948 ], [ 29.090948105000052, -30.148300170999846 ], [ 29.076480865000121, -30.177183150999895 ], [ 29.053417206000063, -30.172075271999859 ], [ 29.038572311000053, -30.189203261999864 ], [ 28.99025726300016, -30.206363677999889 ], [ 29.006757736, -30.207380294999894 ], [ 29.007944107000014, -30.218685149999942 ], [ 29.021986008000056, -30.22600746199987 ], [ 28.973428726000179, -30.246229171999857 ], [ 28.966445923000151, -30.241376876999936 ], [ 28.974529266000104, -30.26535034199992 ], [ 28.970228195000118, -30.280223845999899 ], [ 28.926778793000096, -30.254114150999897 ], [ 28.898374557000011, -30.25660324099988 ], [ 28.902490616000136, -30.277141570999959 ], [ 28.895105362000152, -30.299562453999954 ], [ 28.858394622999981, -30.333122252999885 ], [ 28.848669052000105, -30.394699096999943 ], [ 28.831573486000082, -30.403608321999911 ], [ 28.78775215100012, -30.402790069999867 ], [ 28.772752762000096, -30.46863365199988 ], [ 28.791814804000069, -30.492687224999941 ], [ 28.849102020000203, -30.50333023099995 ], [ 28.843069077000109, -30.52729415899995 ], [ 28.855678558000079, -30.548759459999872 ], [ 28.881765366000081, -30.559780120999847 ], [ 28.882114410000156, -30.567535399999883 ], [ 28.931085587000098, -30.579124450999927 ], [ 28.974048615000186, -30.560699462999878 ], [ 28.987466812000093, -30.530273437999881 ], [ 29.023485184000094, -30.503507613999943 ], [ 29.112678528000117, -30.554058074999887 ], [ 29.115577697999981, -30.579349517999958 ], [ 29.14636421199998, -30.594968795999932 ], [ 29.135656357000187, -30.603593825999894 ], [ 29.168790817000115, -30.612804412999935 ], [ 29.173606873000153, -30.623901366999917 ], [ 29.185913086000085, -30.618442534999872 ], [ 29.178417206000177, -30.628147124999941 ], [ 29.183675766000022, -30.640981673999875 ], [ 29.198339462000092, -30.634023665999905 ], [ 29.195478439000055, -30.624437331999957 ], [ 29.204544067000143, -30.619918822999921 ], [ 29.261047363000046, -30.621393203999958 ], [ 29.277473450000173, -30.637691497999867 ], [ 29.323959351000155, -30.646682738999857 ], [ 29.347017288000075, -30.673637389999897 ], [ 29.373832703000062, -30.650100707999854 ], [ 29.44364357000012, -30.641063689999896 ], [ 29.469358444000079, -30.625093459999846 ], [ 29.513076782000155, -30.618488311999954 ], [ 29.525728226000126, -30.639343261999954 ], [ 29.587730408000084, -30.658714293999878 ], [ 29.600236893000101, -30.689134597999953 ], [ 29.651617050000198, -30.685722350999924 ], [ 29.674915314000202, -30.669391631999872 ], [ 29.701005936000172, -30.704809188999945 ], [ 29.733957291000138, -30.707202910999854 ], [ 29.730623245000118, -30.715837478999958 ], [ 29.740724564000061, -30.723199843999907 ], [ 29.7527771, -30.706903457999942 ], [ 29.762443542000142, -30.718835830999865 ], [ 29.770950317000086, -30.718097686999897 ], [ 29.77331733699998, -30.704507827999919 ], [ 29.78659629800012, -30.709119796999914 ], [ 29.781126022000137, -30.695104598999933 ], [ 29.800819397, -30.708547591999945 ], [ 29.815469742000118, -30.699253081999871 ], [ 29.804641724000192, -30.715555190999851 ], [ 29.806787491000193, -30.727239608999923 ], [ 29.814495087000182, -30.731027602999916 ], [ 29.825990677000107, -30.720720290999907 ], [ 29.830919266000137, -30.743612288999941 ], [ 29.848096848000125, -30.736007689999951 ], [ 29.852796555000054, -30.760946273999934 ], [ 29.867082596000046, -30.74469375599989 ], [ 29.874666214000115, -30.757839202999889 ], [ 29.894916534000174, -30.759494780999944 ], [ 29.887626648000037, -30.784040450999953 ], [ 29.914726257000098, -30.76987647999988 ], [ 29.908344269000168, -30.796655654999938 ], [ 29.928623199000072, -30.79316329999989 ], [ 29.922006607000071, -30.769334792999928 ], [ 29.949575424000045, -30.769241332999911 ], [ 29.956626892000145, -30.78907585099995 ], [ 29.942789078000203, -30.791244506999874 ], [ 29.935264587000177, -30.802125930999921 ], [ 29.974586487000124, -30.796821593999937 ], [ 29.969381332000125, -30.823650359999931 ], [ 29.961465836000116, -30.822914123999908 ], [ 30.000219345000176, -30.837270736999926 ], [ 30.009695053000144, -30.826101302999916 ], [ 30.007740021000188, -30.841901778999954 ], [ 30.022041321000074, -30.839153289999899 ], [ 30.020956039000168, -30.855432509999957 ], [ 30.039562225000054, -30.844778060999886 ], [ 30.061201096000161, -30.847917556999903 ], [ 30.079170227000077, -30.866128921999916 ], [ 30.095485687000121, -30.862485885999945 ], [ 30.093597412000122, -30.87761688199987 ], [ 30.071390152000163, -30.871097564999957 ], [ 30.077724457000159, -30.882944106999958 ], [ 30.120258331000116, -30.887989043999937 ], [ 30.113986969000109, -30.899595260999945 ], [ 30.126661301000183, -30.90512847899987 ], [ 30.120683670000062, -30.909765243999857 ], [ 30.13353538500013, -30.909162520999871 ], [ 30.146663666000052, -30.922044753999955 ], [ 30.134923935000131, -30.962644576999935 ], [ 30.156789780000167, -30.974159240999938 ], [ 30.151752472000112, -30.985837935999882 ], [ 30.142070770000203, -30.986928939999927 ], [ 30.147008896000045, -31.002061843999854 ], [ 30.1356868740001, -31.008331298999906 ], [ 30.139871597000194, -31.02146530199991 ], [ 30.149188995000202, -31.015367507999883 ], [ 30.170295715000066, -31.025039672999924 ], [ 30.163562775000059, -31.049640655999951 ], [ 30.193742752000048, -31.075983046999852 ], [ 30.188867569000138, -31.098928451999882 ], [ 29.998563766000075, -31.308635711999955 ], [ 29.973114014000203, -31.322685241999864 ], [ 29.909612656000036, -31.387777327999913 ], [ 29.840311050000082, -31.435171126999876 ], [ 29.782829285000105, -31.440952300999925 ], [ 29.747913361000201, -31.460386275999952 ], [ 29.682146072000194, -31.54183006299985 ], [ 29.631738663000078, -31.55470085099995 ], [ 29.638580322000166, -31.565055846999883 ], [ 29.633350372000109, -31.578746795999905 ], [ 29.598566055000049, -31.603633880999951 ], [ 29.555053711000141, -31.618366240999933 ], [ 29.560031891000108, -31.627563476999853 ], [ 29.545646667000199, -31.644830703999901 ], [ 29.46930503800013, -31.671373366999944 ], [ 29.460542679000127, -31.665571212999851 ], [ 29.458105087000035, -31.646553039999958 ], [ 29.448787689000085, -31.642574309999929 ], [ 29.455949783000051, -31.668960570999957 ], [ 29.441614151000181, -31.680496215999938 ], [ 29.402137756000172, -31.689498900999865 ], [ 29.406885147000139, -31.695035933999918 ], [ 29.42408943200013, -31.689939498999934 ], [ 29.40052795400004, -31.73067283599994 ], [ 29.363212585000099, -31.756618499999945 ], [ 29.363933563000103, -31.78271102899987 ], [ 29.355175018000068, -31.796123504999855 ], [ 29.319715500000143, -31.801710128999957 ], [ 29.31871032700019, -31.816114425999956 ], [ 29.280958176000183, -31.850269317999846 ], [ 29.26600647000015, -31.845762252999862 ], [ 29.274192810000159, -31.854543685999943 ], [ 29.26639175400004, -31.87482261699995 ], [ 29.246873856000036, -31.888797759999932 ], [ 29.25349044799998, -31.895046233999949 ], [ 29.229763031000118, -31.921098708999921 ], [ 29.215799332000188, -31.921827315999906 ], [ 29.221763611000085, -31.935651778999954 ], [ 29.169773102000079, -31.965496062999932 ], [ 29.079154968000125, -32.083347320999849 ], [ 29.069393158000139, -32.082199096999886 ], [ 29.055967331000147, -32.10343933099989 ], [ 29.00951004000018, -32.134460448999846 ], [ 28.982210159000147, -32.170764922999865 ], [ 28.954906464000089, -32.194694518999881 ], [ 28.942352295000092, -32.196411132999913 ], [ 28.93952941900011, -32.219902038999862 ], [ 28.902826309000147, -32.253410338999913 ], [ 28.887466431000064, -32.24494171099991 ], [ 28.889150620000066, -32.263191222999865 ], [ 28.866693497000085, -32.292148589999954 ], [ 28.824491501000068, -32.311904906999871 ], [ 28.791667938000046, -32.344055175999927 ], [ 28.782823563000193, -32.327495574999887 ], [ 28.775671005000106, -32.351634978999925 ], [ 28.739267349000045, -32.400878905999889 ], [ 28.725437164000141, -32.408813476999853 ], [ 28.713693619000196, -32.402225493999936 ], [ 28.713930130000165, -32.415042876999848 ], [ 28.674064636000196, -32.452735900999926 ], [ 28.646093369000141, -32.445922851999853 ], [ 28.658948898000062, -32.457511901999851 ], [ 28.645145416000162, -32.484218596999881 ], [ 28.60226631200004, -32.504146575999926 ], [ 28.595623016000161, -32.519775390999939 ], [ 28.551940918000071, -32.55873489399994 ], [ 28.541421890000152, -32.582313537999937 ], [ 28.513422012000149, -32.589439391999861 ], [ 28.516561508000052, -32.596866607999857 ], [ 28.502048492000199, -32.612594603999867 ], [ 28.488855361999981, -32.613830565999876 ], [ 28.475044250000167, -32.599739074999945 ], [ 28.476781845000119, -32.615703582999913 ], [ 28.462896347000196, -32.628417968999941 ], [ 28.420633316000192, -32.637485503999926 ], [ 28.422704697000086, -32.649997710999912 ], [ 28.400358200000198, -32.671298980999893 ], [ 28.367101669000022, -32.681331634999935 ], [ 28.367822647000196, -32.709041594999917 ], [ 28.360290527000132, -32.714843749999943 ], [ 28.335489273000121, -32.707595824999942 ], [ 28.321334839000087, -32.725799560999917 ], [ 28.298822403000088, -32.725555419999921 ], [ 28.295169830000134, -32.737838744999863 ], [ 28.263549805000196, -32.764064788999917 ], [ 28.142429352000079, -32.801078795999956 ], [ 28.146715164000113, -32.81007766699986 ], [ 28.110364914, -32.835521697999866 ], [ 28.108980179000127, -32.865352630999951 ], [ 28.086965561000113, -32.900554656999873 ], [ 28.072284698000146, -32.910499572999925 ], [ 28.057624817000146, -32.905555724999942 ], [ 28.069643021000161, -32.917015075999871 ], [ 28.015558243000157, -32.942409514999952 ], [ 28.025796890000095, -32.945922851999853 ], [ 28.013414383000054, -32.958526610999854 ], [ 27.976907730000107, -32.97774505599989 ], [ 27.9569664, -32.970691680999948 ], [ 27.958919525000056, -32.987342833999946 ], [ 27.925315857000044, -32.978950499999939 ], [ 27.947605133000025, -32.999900817999958 ], [ 27.913755417000061, -33.018547057999911 ], [ 27.899923325000145, -33.045852660999856 ], [ 27.873893738000163, -33.052974700999926 ], [ 27.811323166000079, -33.091175078999868 ], [ 27.728193283, -33.122264861999895 ], [ 27.625772476000066, -33.206867217999957 ], [ 27.580516815000067, -33.229690551999909 ], [ 27.567041397000139, -33.215709685999855 ], [ 27.57271766700012, -33.237743377999948 ], [ 27.542774200000167, -33.250419616999864 ], [ 27.534032822000199, -33.244293212999935 ], [ 27.532011032000071, -33.253520965999883 ], [ 27.49051857000012, -33.282142638999915 ], [ 27.477136612000095, -33.275932311999952 ], [ 27.460029602000077, -33.28358840899989 ], [ 27.434930801000064, -33.247741698999903 ], [ 27.417778015000124, -33.242336272999921 ], [ 27.445802689000061, -33.270759582999858 ], [ 27.449846268000044, -33.287582396999937 ], [ 27.478126526000153, -33.291481017999956 ], [ 27.476362228000198, -33.30642700199985 ], [ 27.42979431200007, -33.320529937999936 ], [ 27.411285400000168, -33.339675902999943 ], [ 27.361928940000098, -33.365291594999917 ], [ 27.345109940000043, -33.361694335999914 ], [ 27.321855545000062, -33.385330199999885 ], [ 27.295003891000192, -33.37104034399988 ], [ 27.310590744000137, -33.390029906999871 ], [ 27.274723053000116, -33.419315337999933 ], [ 27.24555778500013, -33.402702331999933 ], [ 27.265314102000104, -33.41662597699991 ], [ 27.257171631000062, -33.430389403999868 ], [ 27.217823029000044, -33.412750243999938 ], [ 27.24709129300004, -33.431156157999908 ], [ 27.229299545000174, -33.443149566999864 ], [ 27.204425812000125, -33.430381774999944 ], [ 27.224212646000183, -33.44559478799988 ], [ 27.212715149000189, -33.464267730999893 ], [ 27.176664352000103, -33.471530913999914 ], [ 27.138223648000064, -33.500160216999916 ], [ 27.097002029000066, -33.483379363999859 ], [ 27.124183655000081, -33.504470824999885 ], [ 27.105545044000053, -33.529754638999862 ], [ 27.047691345000203, -33.546775817999901 ], [ 27.001344681000091, -33.578105926999854 ], [ 26.919120789000146, -33.596431731999928 ], [ 26.844945908000113, -33.639686583999946 ], [ 26.728818893000096, -33.662448882999911 ], [ 26.683767319000196, -33.689262389999897 ], [ 26.670803070000204, -33.679512023999905 ], [ 26.670879364000086, -33.69669341999986 ], [ 26.663951874000134, -33.702136992999954 ], [ 26.638931274000129, -33.677337645999899 ], [ 26.654132843000127, -33.703529357999855 ], [ 26.623739243000159, -33.727428435999855 ], [ 26.597572327000137, -33.724185943999885 ], [ 26.545694351000122, -33.761878966999859 ], [ 26.528884888000107, -33.759765624999886 ], [ 26.466182709, -33.779357909999874 ], [ 26.373199463000105, -33.763645171999883 ], [ 26.284666061, -33.774562835999859 ], [ 26.193664551000154, -33.741481780999948 ], [ 26.051071167000089, -33.713275908999947 ], [ 25.866878510000106, -33.724376677999942 ], [ 25.847145081000065, -33.714202880999892 ], [ 25.852270126, -33.731746673999908 ], [ 25.783426285000189, -33.752223968999942 ], [ 25.694965363000051, -33.801856994999923 ], [ 25.669231415000127, -33.781677245999902 ], [ 25.677671432000068, -33.81291198699995 ], [ 25.63446044900013, -33.865394591999916 ], [ 25.587318420000202, -33.845771789999901 ], [ 25.604839325000114, -33.867023467999957 ], [ 25.630615234000061, -33.876907348999907 ], [ 25.607776642000033, -33.921943664999958 ], [ 25.614284515, -33.953220366999915 ], [ 25.647745132000011, -33.961376189999896 ], [ 25.639789581000173, -33.9736480709999 ], [ 25.686893463000047, -33.999431609999931 ], [ 25.702245712000149, -34.03078460699993 ], [ 25.694135666000022, -34.036647796999944 ], [ 25.653295517000174, -34.032062530999951 ], [ 25.627048492000142, -34.050819396999884 ], [ 25.584140778000176, -34.052196502999891 ], [ 25.470573425000055, -34.031967162999877 ], [ 25.397987366000052, -34.034862517999898 ], [ 25.295862198000123, -33.991165160999856 ], [ 25.237268448000066, -33.975910186999954 ], [ 25.108880997000142, -33.961475371999938 ], [ 25.037872314000083, -33.973293303999867 ], [ 25.034982681000145, -33.964851378999924 ], [ 25.007934570000145, -33.958282470999904 ], [ 25.010808945, -33.966037749999941 ], [ 25.030977249000046, -33.971996306999927 ], [ 24.960088730000166, -33.992927550999866 ], [ 24.928466797000056, -34.011352538999859 ], [ 24.920753479000098, -34.083805083999948 ], [ 24.846389771000133, -34.140434264999897 ], [ 24.810783386000082, -34.135730742999897 ], [ 24.771940231000201, -34.108039855999891 ], [ 24.809785843000043, -34.143299102999947 ], [ 24.836050034000039, -34.149692534999872 ], [ 24.834417343000041, -34.17078018199993 ], [ 24.857879639000089, -34.192543029999911 ], [ 24.836185455000134, -34.198707580999951 ], [ 24.836408615000153, -34.214511870999956 ], [ 24.830337524000072, -34.214340209999875 ], [ 24.789859772000057, -34.198226928999929 ], [ 24.727165222, -34.189620971999886 ], [ 24.70628356900005, -34.195297240999878 ], [ 24.645364761000167, -34.172660827999948 ], [ 24.628269196000133, -34.172107696999888 ], [ 24.597858429000041, -34.188373565999882 ], [ 24.488224030000083, -34.168762206999929 ], [ 24.384094238000046, -34.109165191999921 ], [ 24.281267166000134, -34.094589232999908 ], [ 24.205940247000171, -34.069278716999918 ], [ 24.195137024000076, -34.058330535999914 ], [ 24.118074417, -34.058391570999902 ], [ 24.023862839000117, -34.044914245999905 ], [ 23.90257835400007, -34.019447326999853 ], [ 23.785676956000202, -34.007682799999941 ], [ 23.651117325000087, -33.978469848999907 ], [ 23.634721756000033, -33.951461791999918 ], [ 23.636899948000121, -33.934490203999871 ], [ 23.644962311000143, -33.930358886999898 ], [ 23.637521744000082, -33.913002013999915 ], [ 23.65709877, -33.906909942999903 ], [ 23.647699356000203, -33.892562865999935 ], [ 23.68343925500011, -33.883869170999958 ], [ 23.703830719000166, -33.863933562999932 ], [ 23.620771408000053, -33.843105315999935 ], [ 23.608554840000181, -33.832794188999856 ], [ 23.56245231600019, -33.828807830999892 ], [ 23.557867050000084, -33.793273925999927 ], [ 23.519351959000176, -33.781993865999937 ], [ 23.488508224000157, -33.791530608999949 ], [ 23.489419937000036, -33.80749511699986 ], [ 23.395122528, -33.792926787999932 ], [ 23.430574417000116, -33.761627196999939 ], [ 23.44044113200016, -33.717247008999948 ], [ 23.475864410000099, -33.717514037999933 ], [ 23.541772842000171, -33.699409484999876 ], [ 23.542175293000128, -33.682861327999888 ], [ 23.556034088000104, -33.672821044999864 ], [ 23.556703568000046, -33.651165008999953 ], [ 23.586391449000189, -33.672599791999858 ], [ 23.67093277000015, -33.672416686999895 ], [ 23.675476074000187, -33.625724791999914 ], [ 23.620386124000163, -33.591346740999938 ], [ 23.617273331000092, -33.569435119999923 ], [ 23.596700668000096, -33.572376250999923 ], [ 23.604496002000076, -33.496250152999892 ], [ 23.514612198000123, -33.462562560999856 ], [ 23.496137619000194, -33.443286895999904 ], [ 23.468120575, -33.44798660299989 ], [ 23.35539436300013, -33.441020965999883 ], [ 23.364583969000194, -33.461597442999846 ], [ 23.297643661000052, -33.388488769999924 ], [ 23.135322571000017, -33.387462615999937 ], [ 23.113409042000114, -33.400653838999915 ], [ 23.066900253000142, -33.400188445999845 ], [ 22.935312270999987, -33.428981780999948 ], [ 22.774967194000169, -33.419582366999919 ], [ 22.785039902000108, -33.415374755999949 ], [ 22.736280441000076, -33.394607543999939 ], [ 22.739805222000143, -33.323818206999874 ], [ 22.773923874000161, -33.326095580999947 ], [ 22.774360657000159, -33.308879851999848 ], [ 22.790802002000078, -33.307147979999911 ], [ 22.840761185000076, -33.220050811999954 ], [ 22.877733231000093, -33.186767577999888 ], [ 22.892803192000031, -33.141468047999922 ], [ 22.955839157000014, -33.072978972999863 ], [ 22.958383560000129, -33.044887542999845 ], [ 22.934623718000125, -33.021480559999929 ], [ 22.935743332000072, -33.012863158999949 ], [ 22.969781876000184, -32.993198394999922 ], [ 22.94928550700007, -32.949863433999951 ], [ 23.004209518000152, -32.898109435999856 ], [ 23.007974625000202, -32.872634887999936 ], [ 23.098535538000135, -32.873516082999913 ], [ 23.1169490810002, -32.857814788999917 ], [ 23.089864731000091, -32.798976897999921 ], [ 23.148513794000166, -32.835910796999883 ], [ 23.201612473000012, -32.785175322999919 ], [ 23.250934601000154, -32.788398742999902 ], [ 23.305694580000136, -32.809322356999928 ], [ 23.379131317000201, -32.824859618999938 ], [ 23.398260117000177, -32.763294219999921 ], [ 23.3521213530002, -32.763607024999885 ], [ 23.354017258000113, -32.729263305999893 ], [ 23.333379745000116, -32.703422545999956 ], [ 23.2700901030002, -32.671295165999936 ], [ 23.301837921000129, -32.651599883999893 ], [ 23.307817459000205, -32.611431121999942 ], [ 23.288682938000136, -32.551025390999939 ], [ 23.244998932000101, -32.513034820999906 ], [ 23.248069763000046, -32.465137481999932 ], [ 23.222139359000039, -32.42484283399989 ], [ 23.272670746000131, -32.400463103999925 ], [ 23.287734985000156, -32.403984069999922 ], [ 23.307851791000189, -32.395721435999917 ], [ 23.333574295000062, -32.350940703999868 ], [ 23.410375595000062, -32.38900375399993 ], [ 23.449058533000027, -32.323482512999931 ], [ 23.665662766000196, -32.344036101999848 ], [ 23.678876877000107, -32.328910827999948 ], [ 23.648046494000141, -32.297420501999852 ], [ 23.670469283999978, -32.23734283399989 ], [ 23.692924500000061, -32.233257293999884 ], [ 23.747581482000157, -32.200481414999956 ], [ 23.766740799000104, -32.178527831999929 ], [ 23.798353195, -32.193870543999935 ], [ 23.851585388000103, -32.242317199999889 ], [ 23.8928050990001, -32.254753112999879 ], [ 23.92145919800015, -32.23322296099991 ], [ 23.936000824000189, -32.231735228999923 ], [ 23.962394714000197, -32.206039428999929 ], [ 24.0316410060002, -32.192489623999904 ], [ 24.044351578000089, -32.180908202999888 ], [ 24.038801193000097, -32.157806395999955 ], [ 24.100622177, -32.163791655999944 ], [ 24.11342811600008, -32.150730132999854 ], [ 24.102718353000057, -32.148624419999919 ], [ 24.136026382000068, -32.122936248999849 ], [ 24.13593483000011, -32.097648620999848 ], [ 24.110176086000138, -32.084075927999947 ], [ 24.098373413000104, -32.110580443999936 ], [ 24.098377228000174, -32.084964751999848 ], [ 24.112344742000118, -32.061435698999958 ], [ 24.135299683000085, -32.059993743999939 ], [ 24.141563416000054, -32.051151275999871 ], [ 24.129104614000028, -32.041038512999876 ], [ 24.141361237000126, -32.011497497999926 ], [ 24.174449921000189, -32.020633697999926 ], [ 24.174982071000159, -32.013008117999846 ], [ 24.211114883, -32.011772155999893 ], [ 24.229625702000135, -31.9696788789999 ], [ 24.221588135000047, -31.942537307999885 ], [ 24.20030021700012, -31.942356109999878 ], [ 24.188528061000056, -31.933422088999919 ], [ 24.197694778000141, -31.923282622999864 ], [ 24.164695740000013, -31.902200698999934 ], [ 24.145584106000058, -31.896848678999845 ], [ 24.13785362200008, -31.904878615999905 ], [ 24.104640961000143, -31.906381606999901 ], [ 24.103620529000125, -31.885911941999893 ], [ 24.123762131000035, -31.846853255999918 ], [ 24.152294159, -31.854230880999864 ], [ 24.153997421000099, -31.822124480999946 ], [ 24.181112289000055, -31.815134047999948 ], [ 24.152667999000073, -31.797935485999858 ], [ 24.147911072, -31.767061233999868 ], [ 24.162090302000081, -31.73993682899993 ], [ 24.228044510000018, -31.747543334999932 ], [ 24.268743515000153, -31.766454696999915 ], [ 24.269315720000122, -31.755702971999881 ], [ 24.28523254400011, -31.764827727999943 ], [ 24.322866439999984, -31.741485595999904 ], [ 24.325178146000155, -31.723840713999948 ], [ 24.341173172000197, -31.713615416999914 ], [ 24.423770905000083, -31.711418151999908 ], [ 24.413108826000155, -31.688299178999898 ], [ 24.441732407000131, -31.712394713999913 ], [ 24.514612198000123, -31.704759597999953 ], [ 24.523437500000057, -31.603479384999957 ], [ 24.504388809000034, -31.568199157999913 ], [ 24.525026321000155, -31.545207976999905 ], [ 24.533512115000065, -31.509542464999925 ], [ 24.519924164000145, -31.497686385999941 ], [ 24.559322357000099, -31.481613158999892 ], [ 24.56766891500007, -31.418407439999896 ], [ 24.596576691000053, -31.398948668999878 ], [ 24.665458679000096, -31.383441924999943 ], [ 24.711076736000052, -31.409276961999922 ], [ 24.724771500000202, -31.399625777999859 ], [ 24.789148331000092, -31.389232634999871 ], [ 24.825967789000117, -31.356283187999907 ], [ 24.863298416000191, -31.373216628999955 ], [ 24.853454590000183, -31.327983855999889 ], [ 24.89931488000019, -31.313478469999893 ], [ 24.93395233200016, -31.320116042999928 ], [ 24.96092414900005, -31.285276412999906 ], [ 25.006149292000202, -31.262876510999945 ], [ 25.058929443000181, -31.269142150999926 ], [ 25.07383346600011, -31.253108977999943 ], [ 25.084253311000111, -31.262268065999876 ], [ 25.103054047000114, -31.261169433999953 ], [ 25.131134033000194, -31.239170073999958 ], [ 25.153148651000038, -31.242887496999913 ], [ 25.155651093000131, -31.230915069999924 ], [ 25.170925140000122, -31.238950728999896 ], [ 25.179576874000077, -31.22200012199994 ], [ 25.192804337000041, -31.213130950999926 ], [ 25.205265045000203, -31.214864730999921 ], [ 25.211414337000065, -31.191881179999939 ], [ 25.269781113000192, -31.21417045599992 ], [ 25.268632889, -31.22061347999994 ], [ 25.2853832240001, -31.223180770999932 ], [ 25.291028976000064, -31.213245391999862 ], [ 25.354858398000033, -31.23577308699987 ], [ 25.386655807000125, -31.217603682999936 ], [ 25.378265381000062, -31.198635100999923 ], [ 25.38500022900007, -31.150737761999892 ], [ 25.398605347000114, -31.130445479999935 ], [ 25.416046143000074, -31.134157180999921 ], [ 25.446832657000016, -31.099964141999862 ], [ 25.454730988000108, -31.079059600999869 ], [ 25.439287186, -31.061252593999882 ], [ 25.464220047000197, -31.054496764999953 ], [ 25.487188339000056, -31.036672591999888 ], [ 25.502037048000204, -31.007144927999889 ], [ 25.485277176000125, -31.006090163999943 ], [ 25.475465775000202, -30.983631133999893 ], [ 25.511388779000129, -30.955476760999886 ], [ 25.505058289000146, -30.932735442999956 ], [ 25.518217087000039, -30.901258468999856 ], [ 25.471733093000068, -30.869590758999891 ], [ 25.48561477700008, -30.849552154999856 ], [ 25.522068024000077, -30.832927703999871 ], [ 25.549772263000193, -30.790727614999923 ], [ 25.525297164999984, -30.796144484999957 ], [ 25.480646133, -30.778663634999873 ], [ 25.476821899000129, -30.727926253999897 ], [ 25.462781906000146, -30.722492217999957 ], [ 25.46067237900013, -30.683029174999888 ], [ 25.472316742000146, -30.672662734999903 ], [ 25.45894050600009, -30.657192229999907 ], [ 25.456924438000044, -30.636745452999946 ], [ 25.466775894000193, -30.624944686999925 ], [ 25.478063583000051, -30.634904860999882 ], [ 25.52442550700016, -30.614696502999891 ], [ 25.566406250000114, -30.612419127999942 ], [ 25.594697952000104, -30.58831024199992 ], [ 25.617509842000175, -30.618814467999925 ], [ 25.629226685000162, -30.622999190999849 ], [ 25.614971161000142, -30.652971267999874 ], [ 25.643573761000141, -30.655344008999919 ], [ 25.676130295000178, -30.638401030999944 ], [ 25.687925339000174, -30.647005080999918 ], [ 25.680963516000133, -30.658971785999881 ], [ 25.684726715000011, -30.669172286999924 ], [ 25.770597458, -30.685239791999948 ], [ 25.777914047000081, -30.677301406999902 ], [ 25.779760361000115, -30.646450042999902 ], [ 25.795585632000041, -30.634021758999893 ], [ 25.84410476700009, -30.629821776999847 ], [ 25.858283997000171, -30.611804961999951 ], [ 25.891632080000079, -30.609647750999954 ], [ 25.891868591000048, -30.595129012999848 ], [ 25.872049332000188, -30.561946868999883 ], [ 25.888202667000087, -30.542301177999946 ], [ 25.902893066000104, -30.542587279999907 ], [ 25.923900604000153, -30.564189910999858 ], [ 25.923179626000149, -30.580606460999945 ], [ 25.931745529000068, -30.584451674999912 ], [ 25.941335678000144, -30.579071044999921 ], [ 25.947542191000196, -30.555366515999879 ], [ 25.962692261000143, -30.545202254999936 ], [ 26.052585602000079, -30.523412703999952 ], [ 26.102083206000145, -30.518629073999932 ], [ 26.122766495000064, -30.537702559999957 ], [ 26.147850037000183, -30.538921355999889 ], [ 26.147781372000054, -30.51599693299994 ], [ 26.130270004000181, -30.500036239999872 ], [ 26.155801773000121, -30.482225417999928 ], [ 26.191425323000146, -30.49990653999987 ], [ 26.199594498000067, -30.532423018999907 ], [ 26.262496948000091, -30.541643142999931 ], [ 26.26677703900009, -30.567136764999873 ], [ 26.281391144, -30.57941818199987 ], [ 26.279472351000152, -30.589076995999847 ], [ 26.316638947000115, -30.582193374999918 ], [ 26.35567283600011, -30.595279693999885 ], [ 26.40598487900013, -30.569179534999876 ], [ 26.446630478000088, -30.568416594999917 ], [ 26.489927292000118, -30.593749999999886 ], [ 26.480119705000163, -30.621181487999934 ], [ 26.483888626000123, -30.629970550999928 ], [ 26.504159927000046, -30.631448745999933 ], [ 26.56355476400006, -30.665218352999887 ], [ 26.629131317000088, -30.661661147999894 ], [ 26.636692047, -30.672615050999866 ], [ 26.625812531000122, -30.679609298999935 ], [ 26.629995346000044, -30.693265914999927 ], [ 26.653175354000041, -30.690113067999903 ], [ 26.674917221000157, -30.667457580999894 ], [ 26.686334610000074, -30.685905456999933 ], [ 26.705186844000082, -30.685825347999867 ], [ 26.725027084000146, -30.666877746999887 ], [ 26.75135040300006, -30.665990828999952 ], [ 26.804466248000097, -30.639068603999931 ], [ 26.82208824200012, -30.64937591599994 ], [ 26.843345642000202, -30.68126869199989 ], [ 26.8625164030002, -30.683864593999942 ], [ 26.875787735000131, -30.678583144999948 ], [ 26.883327484, -30.658637999999883 ], [ 26.903663635000157, -30.668962478999958 ], [ 26.948961258000111, -30.658658980999917 ], [ 26.929580688000044, -30.625905990999854 ], [ 26.949415207000072, -30.606613158999892 ], [ 26.997228622000137, -30.594449996999913 ], [ 27.013856888000191, -30.605749129999879 ], [ 27.035322189000169, -30.599729537999906 ], [ 27.041952133000166, -30.581258773999934 ], [ 27.026811600000201, -30.578260421999914 ], [ 27.019044876000123, -30.561830520999933 ], [ 27.000795364000055, -30.553060531999847 ], [ 27.00535392800009, -30.537599563999947 ], [ 27.086021423000147, -30.527721404999852 ], [ 27.091060638000101, -30.546495437999909 ], [ 27.106718063000187, -30.558315276999906 ], [ 27.138582230000111, -30.532476424999913 ], [ 27.130962372000056, -30.510026931999903 ], [ 27.170526505000055, -30.512348174999886 ], [ 27.187139511000055, -30.524385451999876 ], [ 27.211675644000081, -30.494131087999847 ], [ 27.229421616000025, -30.510000228999957 ], [ 27.240583420000064, -30.485305785999913 ], [ 27.25152397200003, -30.502483367999957 ], [ 27.283615112000177, -30.503055572999926 ], [ 27.298736572000053, -30.512104033999947 ], [ 27.299501419000194, -30.493692397999894 ], [ 27.328731537000181, -30.483539580999889 ], [ 27.295642853000118, -30.460567473999959 ], [ 27.300960541000109, -30.4434261319999 ], [ 27.348003387000119, -30.448951720999958 ], [ 27.369043350000027, -30.433809279999934 ], [ 27.362228394000169, -30.424978255999861 ], [ 27.341606140000067, -30.430681228999958 ], [ 27.324726105000082, -30.422885894999922 ], [ 27.340467453000088, -30.398435592999931 ], [ 27.377311707, -30.408542632999854 ], [ 27.404369354000096, -30.391332625999894 ], [ 27.397441864000143, -30.361566543999913 ], [ 27.383861542000091, -30.357769011999949 ], [ 27.37915420500002, -30.373994826999876 ], [ 27.372604370000147, -30.374273299999913 ], [ 27.363193512000066, -30.354742049999913 ], [ 27.367631912000149, -30.339550017999898 ], [ 27.349559784000178, -30.330404281999904 ], [ 27.394826889000058, -30.318569182999852 ], [ 27.394622803000061, -30.330492019999951 ], [ 27.409925461, -30.331407546999856 ], [ 27.47546005200013, -30.310859679999851 ], [ 27.483083725000029, -30.320255279999856 ], [ 27.481941223000035, -30.341573714999925 ], [ 27.507539749000102, -30.372121810999886 ], [ 27.559167862000152, -30.385080337999852 ], [ 27.586626053000145, -30.44297790499985 ], [ 27.612262726000097, -30.449295043999939 ], [ 27.622194290000095, -30.46909904499995 ], [ 27.620197296000072, -30.482807158999947 ], [ 27.686368942000058, -30.519811629999879 ], [ 27.750450134000118, -30.594552993999912 ], [ 27.866611481000064, -30.611225127999944 ], [ 27.897548676000042, -30.597656249999886 ], [ 27.912048340000126, -30.609399795999877 ], [ 27.926603317000172, -30.640964507999854 ], [ 28.048490524000158, -30.660123824999914 ], [ 28.090742111000111, -30.649713515999906 ], [ 28.118227005000108, -30.668964385999857 ], [ 28.110849380000161, -30.61879539499995 ], [ 28.115732193000099, -30.599195479999878 ], [ 28.162355423000179, -30.559061049999855 ], [ 28.170072556000036, -30.51682472199991 ], [ 28.185899734000202, -30.494045257999858 ], [ 28.154701233000139, -30.459577559999957 ], [ 28.19890022300001, -30.426706313999944 ], [ 28.240409851000152, -30.411186217999955 ], [ 28.270694733000198, -30.381858825999871 ], [ 28.279792786000087, -30.361433028999954 ], [ 28.26479339600013, -30.342042922999894 ], [ 28.262685776000012, -30.324792861999924 ], [ 28.226955414000088, -30.300777434999929 ], [ 28.222341537000148, -30.28782272299992 ], [ 28.243448257000182, -30.263784408999868 ], [ 28.316440582000098, -30.253116607999857 ], [ 28.362071991000107, -30.203250884999932 ], [ 28.372669219999977, -30.167022704999908 ], [ 28.399145126, -30.146753310999941 ], [ 28.417264938000187, -30.140970229999937 ], [ 28.459325790000094, -30.155675887999848 ], [ 28.481512070000122, -30.155250548999845 ], [ 28.520889282000155, -30.144418715999848 ], [ 28.555681229000186, -30.118106841999918 ], [ 28.625885010000104, -30.136579513999891 ], [ 28.68416976900005, -30.138027190999935 ], [ 28.748226166000109, -30.110895156999902 ], [ 28.786983490000011, -30.111902236999924 ], [ 28.811840057000097, -30.099552154999913 ], [ 28.848638535000134, -30.094539641999859 ], [ 29.01925680700009, -30.003315049999912 ], [ 29.045431137000037, -30.012708663999888 ], [ 29.068130493000069, -30.043760299999917 ], [ 29.090381622000166, -30.056432723999933 ], [ 29.11218833900017, -30.096662520999928 ] ] ] } },
{ "type": "Feature", "properties": { "loc": "ZA-A1-0003" }, "geometry": { "type": "Polygon", "coordinates": [ [ [ 20.000236511000082, -24.752990722999925 ], [ 20.04267692600007, -24.80800819399991 ], [ 20.052478790000066, -24.808389663999947 ], [ 20.068000793000067, -24.82797813399992 ], [ 20.085094452000078, -24.828756331999955 ], [ 20.100008011000057, -24.861413955999922 ], [ 20.12788772600004, -24.883186339999952 ], [ 20.157827377000046, -24.885677337999937 ], [ 20.183504105000054, -24.91135597199991 ], [ 20.207498550000082, -24.898759841999947 ], [ 20.223291397000082, -24.916496276999908 ], [ 20.262605667000059, -24.923923491999915 ], [ 20.290878296000074, -24.974084853999955 ], [ 20.320247650000056, -24.988927840999906 ], [ 20.357421875000057, -25.023172378999959 ], [ 20.37914085400007, -25.028909682999938 ], [ 20.389068604000045, -25.056547164999927 ], [ 20.417976379000038, -25.090862273999903 ], [ 20.434389114000055, -25.149843215999908 ], [ 20.465934753000056, -25.153396605999944 ], [ 20.468446732000075, -25.171024322999926 ], [ 20.449367523000092, -25.194850921999944 ], [ 20.457914352000046, -25.211496352999916 ], [ 20.470674515000042, -25.222591399999942 ], [ 20.490625381000086, -25.224891662999937 ], [ 20.492616653000084, -25.258806228999958 ], [ 20.540462494000053, -25.288301467999929 ], [ 20.520109177000052, -25.311697005999918 ], [ 20.524772644000052, -25.320127486999922 ], [ 20.545244217000061, -25.322185515999934 ], [ 20.54218101500004, -25.337127685999917 ], [ 20.564331055000082, -25.384338378999928 ], [ 20.57631874100008, -25.39245414699991 ], [ 20.595186234000039, -25.387641906999932 ], [ 20.60618209800009, -25.396684646999915 ], [ 20.60583686800004, -25.423978805999923 ], [ 20.628318787000069, -25.423936843999911 ], [ 20.631937027000049, -25.429395675999956 ], [ 20.621582031000059, -25.446035384999959 ], [ 20.633663177000074, -25.459417342999927 ], [ 20.664506912000036, -25.444358825999927 ], [ 20.675485611000056, -25.451560973999904 ], [ 20.670940399000074, -25.467901229999939 ], [ 20.64325141900008, -25.474895476999905 ], [ 20.631269455000051, -25.51747131299993 ], [ 20.63496017500006, -25.527288436999925 ], [ 20.669656754000073, -25.547042846999943 ], [ 20.694061279000039, -25.586874007999938 ], [ 20.666576385000042, -25.608778 ], [ 20.655036926000037, -25.63139915499994 ], [ 20.688018799000076, -25.636491775999957 ], [ 20.69023704500006, -25.648620604999905 ], [ 20.675720215000069, -25.675180434999959 ], [ 20.679176331000065, -25.685459136999953 ], [ 20.722124100000087, -25.726430892999929 ], [ 20.734205246000045, -25.76825141899991 ], [ 20.756984711000086, -25.781946181999956 ], [ 20.742084503000058, -25.81609153699992 ], [ 20.74551391600005, -25.824304580999922 ], [ 20.756929398000068, -25.824613570999929 ], [ 20.780666351000036, -25.803884505999918 ], [ 20.78956794700008, -25.805601119999949 ], [ 20.787094116000048, -25.854496001999905 ], [ 20.806545258000085, -25.86501693699995 ], [ 20.810014725000087, -25.875062942999932 ], [ 20.802017212000067, -25.912103652999917 ], [ 20.808675766000079, -25.930595397999923 ], [ 20.838047028000062, -25.956121444999951 ], [ 20.816780090000066, -26.003898620999905 ], [ 20.835023880000051, -26.030950545999929 ], [ 20.827178955000079, -26.062257766999949 ], [ 20.841018677000079, -26.083864211999924 ], [ 20.824895859000037, -26.106796264999957 ], [ 20.836832047000087, -26.12085914599993 ], [ 20.856416702000047, -26.121507644999951 ], [ 20.862476349000076, -26.13358306899994 ], [ 20.857862473000068, -26.146036147999951 ], [ 20.819776535000074, -26.179973601999905 ], [ 20.808557510000071, -26.236875533999921 ], [ 20.785806656000091, -26.276184081999929 ], [ 20.761287689000085, -26.286602019999918 ], [ 20.719079971000042, -26.336936950999927 ], [ 20.69075584400008, -26.397409438999944 ], [ 20.669485092000059, -26.40593528699992 ], [ 20.648529053000061, -26.43487358099992 ], [ 20.624870300000055, -26.438144683999951 ], [ 20.61318779000004, -26.474308013999917 ], [ 20.606853485000045, -26.560657500999923 ], [ 20.630599976000042, -26.594331740999905 ], [ 20.634456635000049, -26.628934859999958 ], [ 20.633541107000042, -26.66864204399991 ], [ 20.615142822000053, -26.70167732199991 ], [ 20.633832932000075, -26.736791610999944 ], [ 20.629325867000091, -26.792375564999929 ], [ 20.652700424000045, -26.815040587999931 ], [ 20.650459290000072, -26.835260390999906 ], [ 20.687572479000039, -26.852012633999948 ], [ 20.68450546300005, -26.884178161999955 ], [ 20.693325043000073, -26.907245635999914 ], [ 20.715339661000087, -26.875530242999957 ], [ 20.769378662000065, -26.862213134999934 ], [ 20.799400330000083, -26.836803435999911 ], [ 20.817338943000038, -26.838399886999923 ], [ 20.827281952000078, -26.821514129999912 ], [ 20.901016235000043, -26.795942306999905 ], [ 20.942203522000057, -26.810274123999932 ], [ 20.974142075000088, -26.808204650999926 ], [ 21.000814438000077, -26.838792800999954 ], [ 21.021228790000066, -26.849275588999944 ], [ 21.077072144000056, -26.85210227999994 ], [ 21.142774582000072, -26.874027251999905 ], [ 21.215967178000085, -26.848752974999911 ], [ 21.270587921000072, -26.84188079799992 ], [ 21.302526474000047, -26.851440429999911 ], [ 21.344993591000048, -26.827531814999929 ], [ 21.39535522500006, -26.825502395999933 ], [ 21.424533844000052, -26.825901030999944 ], [ 21.523376465000069, -26.861503600999924 ], [ 21.55299186700006, -26.847639083999923 ], [ 21.586765289000084, -26.847227096999916 ], [ 21.626893997000082, -26.865962981999928 ], [ 21.699718475000054, -26.860860824999918 ], [ 21.783487320000063, -26.794672011999921 ], [ 21.785514832000047, -26.725318908999952 ], [ 21.771675110000047, -26.704259871999909 ], [ 21.779878616000076, -26.685501098999907 ], [ 21.812576294000053, -26.665546416999916 ], [ 21.951736450000055, -26.671304702999919 ], [ 22.00389289900005, -26.644910811999921 ], [ 22.04727745100007, -26.63430023199993 ], [ 22.080005646000075, -26.581918715999905 ], [ 22.092355728000086, -26.576358794999919 ], [ 22.104785919000051, -26.555875777999915 ], [ 22.125764847000085, -26.548736571999939 ], [ 22.160804749000079, -26.507757186999925 ], [ 22.160800934000065, -26.481594085999916 ], [ 22.178146362000064, -26.472925185999941 ], [ 22.18259239200006, -26.439287185999945 ], [ 22.198312759000089, -26.421957015999908 ], [ 22.198120117000087, -26.398323058999949 ], [ 22.232238770000038, -26.380067824999912 ], [ 22.245080948000066, -26.357957839999926 ], [ 22.364059448000091, -26.324520110999913 ], [ 22.362569809000036, -26.293115615999909 ], [ 22.400730133000081, -26.275634765999939 ], [ 22.401184082000043, -26.249689101999934 ], [ 22.423690796000074, -26.228923797999926 ], [ 22.459245682000073, -26.226409911999951 ], [ 22.470376968000039, -26.208452224999917 ], [ 22.510515213000076, -26.214069365999933 ], [ 22.546672821000072, -26.230106353999929 ], [ 22.562908173000039, -26.220727920999934 ], [ 22.576883316000078, -26.196947097999953 ], [ 22.581781387000035, -26.145179748999908 ], [ 22.602087021000045, -26.151523589999954 ], [ 22.62978744500009, -26.128059386999951 ], [ 22.703531265000038, -26.126016616999948 ], [ 22.709341049000045, -26.410375594999948 ], [ 22.69916534400005, -26.488557815999911 ], [ 22.716678619000049, -26.57876777599995 ], [ 22.717994690000069, -26.565288543999941 ], [ 22.740209579000066, -26.585273742999902 ], [ 22.763408661000085, -26.57290840099995 ], [ 22.774284363000049, -26.583513259999904 ], [ 22.850986481000064, -26.582626342999959 ], [ 22.888883591000081, -26.606338500999925 ], [ 22.930131912000036, -26.603845595999928 ], [ 22.956617355000049, -26.631912230999944 ], [ 22.969564438000077, -26.636653899999942 ], [ 22.976902008000081, -26.629356383999948 ], [ 22.998502731000087, -26.628517150999926 ], [ 23.023187637000035, -26.652637481999932 ], [ 23.031496048000065, -26.650131225999928 ], [ 23.078084946000047, -26.677141189999929 ], [ 23.040697098000066, -26.747110366999948 ], [ 23.042978287000039, -26.767620086999955 ], [ 23.036073685000076, -26.777139663999947 ], [ 23.077768326000069, -26.814216613999918 ], [ 23.021940231000087, -26.836942672999953 ], [ 23.055288315000041, -26.943552016999945 ], [ 23.112985611000056, -27.025455474999944 ], [ 23.069328308000081, -27.036182403999931 ], [ 23.021366119000049, -27.034919738999918 ], [ 23.009263992000058, -27.140342711999949 ], [ 23.03778266900008, -27.20601654099994 ], [ 23.054304123000065, -27.219467162999933 ], [ 23.102159500000084, -27.176521300999923 ], [ 23.132886887000041, -27.236576079999907 ], [ 23.15877914400005, -27.254564284999958 ], [ 23.227878571000076, -27.330734252999946 ], [ 23.277267456000061, -27.342014312999936 ], [ 23.284873962000063, -27.36372375499991 ], [ 23.297704697000086, -27.366775512999936 ], [ 23.311706543000071, -27.344015120999927 ], [ 23.339689255000053, -27.352565764999952 ], [ 23.387649536000083, -27.385396956999955 ], [ 23.425014496000074, -27.390331267999954 ], [ 23.436882019000052, -27.405132293999941 ], [ 23.442071915000042, -27.387004851999905 ], [ 23.461824417000059, -27.391695022999954 ], [ 23.466741562000038, -27.38610267599995 ], [ 23.470430374000046, -27.404136657999913 ], [ 23.503519058000052, -27.444334029999936 ], [ 23.497583389000056, -27.452171325999927 ], [ 23.542287827000052, -27.456275939999955 ], [ 23.595645905000083, -27.448955535999914 ], [ 23.616134644000056, -27.470819472999949 ], [ 23.681125641000051, -27.499362945999906 ], [ 23.687667847000057, -27.508604049999917 ], [ 23.710123062000036, -27.507211684999959 ], [ 23.73938369800004, -27.536680221999916 ], [ 23.751831055000082, -27.529823302999944 ], [ 23.799118042000089, -27.455333709999934 ], [ 23.906698227000049, -27.470090865999907 ], [ 23.919776917000036, -27.451665877999915 ], [ 23.880395889000056, -27.439291 ], [ 23.868745804000071, -27.425342559999933 ], [ 23.902492523000035, -27.369768142999931 ], [ 23.920927048000067, -27.387393950999922 ], [ 23.957460403000084, -27.396764754999936 ], [ 23.95901107800006, -27.384752273999936 ], [ 23.986227036000059, -27.396722793999913 ], [ 23.976627350000058, -27.369346618999941 ], [ 23.985042572000054, -27.347522735999917 ], [ 23.971437454000068, -27.341342925999925 ], [ 23.993738174000043, -27.30892562899993 ], [ 24.064386368000044, -27.352777480999919 ], [ 24.086740494000082, -27.353096007999909 ], [ 24.052555084000062, -27.460744857999941 ], [ 24.049879074000046, -27.599952697999925 ], [ 24.115852356000062, -27.620304107999914 ], [ 24.091550827000049, -27.702066421999916 ], [ 24.108972549000043, -27.736551284999905 ], [ 24.405067444000053, -27.680452346999914 ], [ 24.447177887000066, -27.702526092999904 ], [ 24.409124374000044, -27.761106490999907 ], [ 24.452880859000061, -27.782249450999927 ], [ 24.427515030000052, -27.840169906999904 ], [ 24.410476685000049, -27.842155456999933 ], [ 24.360921860000076, -27.910293578999926 ], [ 24.393562317000089, -27.941516875999923 ], [ 24.410955429000069, -27.923475265999912 ], [ 24.467800140000065, -27.980426787999932 ], [ 24.468639374000077, -27.996448516999919 ], [ 24.445201874000077, -28.03162193299994 ], [ 24.46593856800007, -28.035461425999927 ], [ 24.536710739000057, -28.093051909999929 ], [ 24.564188004000073, -28.074808120999933 ], [ 24.557033539000088, -28.042364119999945 ], [ 24.562425613000073, -28.03387641899991 ], [ 24.609819412000036, -28.02683830299992 ], [ 24.615499496000041, -28.019174575999955 ], [ 24.61038970900006, -28.010778426999934 ], [ 24.629520416000048, -27.998203277999949 ], [ 24.621482849000074, -27.953599929999939 ], [ 24.629369736000058, -27.93457221999995 ], [ 24.607648849000043, -27.898008346999916 ], [ 24.630840302000081, -27.902118682999912 ], [ 24.650066376000041, -27.881004332999908 ], [ 24.65726470900006, -27.854442595999956 ], [ 24.691545486000052, -27.851678847999949 ], [ 24.697549820000063, -27.84637641899991 ], [ 24.690578461000086, -27.833841323999934 ], [ 24.711185455000077, -27.826004027999943 ], [ 24.710283279000066, -27.799642562999907 ], [ 24.700683594000054, -27.791376113999945 ], [ 24.710706711000057, -27.77104186999992 ], [ 24.703283310000074, -27.762638091999918 ], [ 24.716646194000077, -27.755084990999933 ], [ 24.719352722000053, -27.739463805999947 ], [ 24.710641861000056, -27.711259841999947 ], [ 24.695816040000068, -27.717224120999958 ], [ 24.673299789000055, -27.685029983999925 ], [ 24.686567307000075, -27.678014754999936 ], [ 24.678922653000086, -27.666662215999906 ], [ 24.692602158000057, -27.645061492999957 ], [ 24.762285233000057, -27.632854461999955 ], [ 24.757102966000048, -27.609245299999941 ], [ 24.783817291000048, -27.604532241999948 ], [ 24.781465530000048, -27.626113891999921 ], [ 24.798379898000064, -27.656129836999924 ], [ 24.792497635000075, -27.685525893999909 ], [ 24.801321030000054, -27.702329635999945 ], [ 24.999578476000067, -27.680183410999916 ], [ 25.048122406000061, -27.699132918999908 ], [ 24.829332352000051, -27.929681777999917 ], [ 24.951089859000035, -28.112676619999945 ], [ 24.972320557000046, -28.083812713999919 ], [ 25.028804779000041, -28.072889327999917 ], [ 24.965000153000062, -28.250398635999943 ], [ 24.927146912000069, -28.246549605999917 ], [ 24.905677795000088, -28.274578093999935 ], [ 24.87100029000004, -28.270063399999913 ], [ 24.890653610000072, -28.309915542999931 ], [ 24.938114166000048, -28.324554442999954 ], [ 24.887218475000054, -28.464670180999917 ], [ 24.881759644000056, -28.462831496999911 ], [ 24.847326279000072, -28.503408431999958 ], [ 24.868267059000061, -28.516691207999941 ], [ 24.828176498000062, -28.626613616999919 ], [ 24.90229988100009, -28.647678374999941 ], [ 24.347112656000036, -29.655416488999947 ], [ 24.353895187000091, -29.662996291999946 ], [ 24.349033356000064, -29.700288772999954 ], [ 24.355781555000078, -29.713710784999932 ], [ 24.37601470900006, -29.726081847999922 ], [ 24.410459518000039, -29.789167403999954 ], [ 24.439619064000055, -29.814693450999926 ], [ 24.496702194000079, -29.81514358499993 ], [ 24.505573273000039, -29.838443755999947 ], [ 24.546333313000048, -29.843872069999918 ], [ 24.564863205000051, -29.877956389999952 ], [ 24.608547211000086, -29.911125182999911 ], [ 24.644060135000075, -29.911106109999935 ], [ 24.652904510000042, -29.898664473999929 ], [ 24.665000916000054, -29.901538848999905 ], [ 24.663064957000074, -29.941493987999934 ], [ 24.67470932000009, -29.975215911999953 ], [ 24.724981308000054, -29.991567611999926 ], [ 24.798160553000059, -30.000679015999935 ], [ 24.81021499600007, -30.023221969999952 ], [ 24.799957275000054, -30.036264419999952 ], [ 24.80029869100008, -30.055061339999952 ], [ 24.814128876000041, -30.066625594999948 ], [ 24.817911148000064, -30.081529616999944 ], [ 24.838409424000076, -30.094295501999909 ], [ 24.838958740000066, -30.119066237999903 ], [ 24.873029709000036, -30.133962630999918 ], [ 24.899168015000043, -30.205938338999943 ], [ 24.910226822000084, -30.209684371999913 ], [ 24.925205231000064, -30.200998305999917 ], [ 24.933032990000072, -30.21923255899992 ], [ 24.953077316000076, -30.225807189999955 ], [ 24.957742691000078, -30.235710143999938 ], [ 24.948059082000043, -30.252653121999913 ], [ 24.986967087000039, -30.289176940999937 ], [ 25.005432129000042, -30.292675017999954 ], [ 25.032457352000051, -30.284175872999924 ], [ 25.048221588000047, -30.313718795999932 ], [ 25.036382675000084, -30.344362258999922 ], [ 25.038534164000055, -30.361108779999938 ], [ 25.064455032000069, -30.356647490999933 ], [ 25.095514297000079, -30.37195205699993 ], [ 25.113952637000068, -30.408952712999906 ], [ 25.158700943000042, -30.443048476999934 ], [ 25.153141022000057, -30.459007262999933 ], [ 25.184156418000043, -30.483743667999931 ], [ 25.189481735000072, -30.497585296999944 ], [ 25.208681107000075, -30.504749297999922 ], [ 25.235750198000062, -30.499664306999932 ], [ 25.305856705000053, -30.576278686999956 ], [ 25.324018478000085, -30.571886062999909 ], [ 25.335777283000084, -30.557289123999908 ], [ 25.352100372000052, -30.564054488999943 ], [ 25.372234344000049, -30.55815124499992 ], [ 25.417215347000081, -30.576801299999943 ], [ 25.466775894000079, -30.624944686999925 ], [ 25.456924438000044, -30.636745452999946 ], [ 25.45894050600009, -30.657192229999907 ], [ 25.472316742000089, -30.672662734999903 ], [ 25.460672379000073, -30.683029174999945 ], [ 25.462781906000089, -30.722492217999957 ], [ 25.476821899000072, -30.727926253999954 ], [ 25.48064613300005, -30.77866363499993 ], [ 25.52529716500004, -30.796144484999957 ], [ 25.549772263000079, -30.790727614999923 ], [ 25.522068024000077, -30.832927703999928 ], [ 25.48561477700008, -30.849552154999913 ], [ 25.471733093000068, -30.869590758999948 ], [ 25.518217087000039, -30.901258468999913 ], [ 25.50505828900009, -30.932735442999956 ], [ 25.511388779000072, -30.955476760999943 ], [ 25.475465775000089, -30.98363113399995 ], [ 25.485277176000068, -31.006090163999943 ], [ 25.502037048000091, -31.007144927999946 ], [ 25.487188339000056, -31.036672591999945 ], [ 25.464220047000083, -31.054496764999953 ], [ 25.439287186000058, -31.061252593999939 ], [ 25.454730988000051, -31.079059600999926 ], [ 25.446832657000073, -31.099964141999919 ], [ 25.416046143000074, -31.134157180999921 ], [ 25.398605347000057, -31.130445479999935 ], [ 25.38500022900007, -31.150737761999949 ], [ 25.378265381000062, -31.198635100999923 ], [ 25.386655807000068, -31.217603682999936 ], [ 25.35485839800009, -31.235773086999927 ], [ 25.291028976000064, -31.213245391999919 ], [ 25.285383224000043, -31.223180770999932 ], [ 25.26863288900006, -31.22061347999994 ], [ 25.269781113000079, -31.21417045599992 ], [ 25.211414337000065, -31.191881179999939 ], [ 25.20526504500009, -31.214864730999921 ], [ 25.192804337000041, -31.213130950999926 ], [ 25.179576874000077, -31.22200012199994 ], [ 25.170925140000065, -31.238950728999953 ], [ 25.155651093000074, -31.230915069999924 ], [ 25.153148651000038, -31.242887496999913 ], [ 25.13113403300008, -31.239170073999958 ], [ 25.103054047000057, -31.261169433999953 ], [ 25.084253311000055, -31.262268065999933 ], [ 25.073833466000053, -31.253108977999943 ], [ 25.058929443000068, -31.269142150999926 ], [ 25.006149292000089, -31.262876510999945 ], [ 24.96092414900005, -31.285276412999906 ], [ 24.933952332000047, -31.320116042999928 ], [ 24.899314880000077, -31.31347846999995 ], [ 24.853454590000069, -31.327983855999946 ], [ 24.863298416000077, -31.373216628999955 ], [ 24.82596778900006, -31.356283187999907 ], [ 24.789148331000035, -31.389232634999928 ], [ 24.724771500000088, -31.399625777999915 ], [ 24.711076736000052, -31.409276961999922 ], [ 24.665458679000039, -31.383441924999943 ], [ 24.596576691000053, -31.398948668999935 ], [ 24.56766891500007, -31.418407439999953 ], [ 24.559322357000042, -31.481613158999949 ], [ 24.519924164000088, -31.497686385999941 ], [ 24.533512115000065, -31.509542464999925 ], [ 24.525026321000041, -31.545207976999905 ], [ 24.504388809000091, -31.568199157999913 ], [ 24.523437500000057, -31.603479384999957 ], [ 24.514612198000066, -31.704759597999953 ], [ 24.441732407000075, -31.712394713999913 ], [ 24.413108826000041, -31.688299178999955 ], [ 24.423770905000083, -31.711418151999908 ], [ 24.341173172000083, -31.713615416999914 ], [ 24.325178146000042, -31.723840713999948 ], [ 24.322866440000041, -31.741485595999904 ], [ 24.285232544000053, -31.764827727999943 ], [ 24.269315720000066, -31.755702971999938 ], [ 24.26874351500004, -31.766454696999915 ], [ 24.228044510000075, -31.747543334999932 ], [ 24.162090302000081, -31.73993682899993 ], [ 24.147911072000056, -31.767061233999925 ], [ 24.152837753000085, -31.787895202999948 ], [ 24.101688385000045, -31.791980742999954 ], [ 24.07111930800005, -31.806194304999906 ], [ 24.056583405000083, -31.775745391999919 ], [ 24.043617249000079, -31.76711273199993 ], [ 24.029016495000064, -31.729961394999918 ], [ 24.047342300000082, -31.706476211999927 ], [ 23.96356391900008, -31.706459044999917 ], [ 23.967712402000075, -31.714832305999948 ], [ 23.947454453000091, -31.774131774999944 ], [ 23.917547226000067, -31.795463561999952 ], [ 23.91476631200004, -31.821376800999928 ], [ 23.892723083000078, -31.835952758999952 ], [ 23.878873825000085, -31.833154677999914 ], [ 23.829862595000066, -31.780065535999938 ], [ 23.837656021000043, -31.76770210299992 ], [ 23.808958054000072, -31.763500213999919 ], [ 23.848127365000039, -31.729000091999922 ], [ 23.842063904000042, -31.714843749999943 ], [ 23.757003784000062, -31.695503234999933 ], [ 23.735006332000069, -31.654348372999948 ], [ 23.715652466000051, -31.646831511999949 ], [ 23.639995575000057, -31.659877776999906 ], [ 23.619659424000076, -31.649223327999948 ], [ 23.595066071000076, -31.661956786999951 ], [ 23.575052261000053, -31.688949584999932 ], [ 23.535989761000053, -31.691562652999949 ], [ 23.524414062000062, -31.705108642999903 ], [ 23.423666, -31.681919097999923 ], [ 23.416984558000081, -31.672010421999914 ], [ 23.402265549000049, -31.699356078999926 ], [ 23.40762329100005, -31.713586806999956 ], [ 23.347461700000053, -31.709857940999939 ], [ 23.302953720000062, -31.729936599999917 ], [ 23.263975143000039, -31.778129577999948 ], [ 23.262899399000048, -31.815187453999954 ], [ 23.225568771000042, -31.853834151999934 ], [ 23.230907440000067, -31.875490188999947 ], [ 23.171699524000076, -31.917936324999914 ], [ 23.139991760000044, -31.95133590699993 ], [ 23.104890823000062, -31.960407256999929 ], [ 23.099031448000062, -31.977502822999952 ], [ 23.071430206000059, -31.953603744999953 ], [ 23.059215546000075, -31.954637526999932 ], [ 23.053138733000083, -31.939573287999906 ], [ 23.05280113200007, -31.910072326999909 ], [ 23.067935944000055, -31.890537261999953 ], [ 22.97638130200005, -31.860626220999904 ], [ 22.902496338000049, -31.875568389999955 ], [ 22.875272751000068, -31.861436843999911 ], [ 22.859527588000049, -31.818080901999906 ], [ 22.777435303000061, -31.856697082999915 ], [ 22.73565483100009, -31.799171447999925 ], [ 22.651283264000085, -31.821359633999919 ], [ 22.643867493000073, -31.812343596999938 ], [ 22.612653732000069, -31.821317672999953 ], [ 22.578905106000036, -31.805294036999953 ], [ 22.619630814000061, -31.724435805999917 ], [ 22.56520652800009, -31.712631225999928 ], [ 22.564237595000066, -31.676374434999957 ], [ 22.493610382000043, -31.668722152999919 ], [ 22.312866211000085, -31.583238601999938 ], [ 22.27350425700007, -31.592321395999932 ], [ 22.260683060000076, -31.662252425999952 ], [ 22.25046539300007, -31.664438247999954 ], [ 22.237960815000065, -31.702758788999915 ], [ 22.200500488000046, -31.764076232999912 ], [ 22.203830719000052, -31.79017448399992 ], [ 22.159963608000055, -31.80923652599995 ], [ 22.177469254000073, -31.820503234999933 ], [ 22.167179108000084, -31.89286994899993 ], [ 22.132085800000084, -31.884054183999922 ], [ 22.116458893000072, -31.862415313999918 ], [ 22.079271317000064, -31.854646682999942 ], [ 22.101974487000064, -31.89988517799992 ], [ 22.100988388000076, -31.924131392999925 ], [ 22.071918488000051, -31.939090728999929 ], [ 22.095567703000086, -32.000854491999917 ], [ 22.074707031000059, -32.017711638999913 ], [ 22.094173431000058, -32.045711516999916 ], [ 22.13454437300004, -32.064182280999944 ], [ 22.120536804000039, -32.076770781999926 ], [ 22.090236664000088, -32.146163939999951 ], [ 22.070150375000082, -32.081241607999914 ], [ 22.017024994000053, -32.114055633999953 ], [ 22.000108719000082, -32.205753325999922 ], [ 21.967569351000066, -32.215633391999916 ], [ 21.943685532000075, -32.186714171999938 ], [ 21.864568710000071, -32.167873382999915 ], [ 21.852294922000056, -32.186229705999949 ], [ 21.894994736000058, -32.197330474999944 ], [ 21.901529312000036, -32.218959807999909 ], [ 21.895019531000059, -32.22661590599995 ], [ 21.90461158800008, -32.253326415999936 ], [ 21.902240753000058, -32.270709990999933 ], [ 21.874765396000043, -32.276371001999905 ], [ 21.778749466000079, -32.250495910999916 ], [ 21.769523621000076, -32.238243102999945 ], [ 21.772533417000091, -32.226432799999941 ], [ 21.748067856000091, -32.226226806999932 ], [ 21.737586975000056, -32.205463408999947 ], [ 21.692502975000082, -32.248439788999917 ], [ 21.67437362700008, -32.243083953999928 ], [ 21.645181656000091, -32.208503722999922 ], [ 21.607114792000061, -32.209453582999913 ], [ 21.536623001000066, -32.229007720999903 ], [ 21.549613953000062, -32.290580749999947 ], [ 21.562417984000035, -32.314525603999925 ], [ 21.55075073200004, -32.326904296999942 ], [ 21.518543243000067, -32.336784362999936 ], [ 21.475311279000039, -32.330234527999949 ], [ 21.443603516000053, -32.353031157999908 ], [ 21.429647446000047, -32.374084472999925 ], [ 21.409151077000047, -32.368515014999957 ], [ 21.353454590000069, -32.391345977999947 ], [ 21.30211448700004, -32.377075194999918 ], [ 21.303634644000056, -32.402408599999944 ], [ 21.282138824000072, -32.439472197999919 ], [ 21.231706619000079, -32.462951659999931 ], [ 21.182697296000072, -32.508483886999954 ], [ 21.140733719000082, -32.589599608999947 ], [ 21.157602310000073, -32.628749846999938 ], [ 21.095087051000064, -32.652839660999916 ], [ 21.060916901000041, -32.655307769999922 ], [ 20.963409424000076, -32.639110564999953 ], [ 20.844728470000064, -32.662242888999913 ], [ 20.823480606000089, -32.694351195999957 ], [ 20.790472031000036, -32.711040496999942 ], [ 20.792692184000089, -32.73464965799991 ], [ 20.830966949000072, -32.784385680999947 ], [ 20.833068848000039, -32.817359923999902 ], [ 20.799188614000059, -32.894565581999927 ], [ 20.746177673000091, -32.912387847999923 ], [ 20.732215881000059, -32.945423125999923 ], [ 20.650251389000061, -32.933467864999955 ], [ 20.622526169000082, -32.942958831999931 ], [ 20.590702057000044, -32.942806243999939 ], [ 20.592742920000092, -32.926277160999916 ], [ 20.56188964800009, -32.88075256299993 ], [ 20.499942780000083, -32.941440581999927 ], [ 20.439239502000078, -32.939868926999907 ], [ 20.380699158000084, -32.901653289999956 ], [ 20.364530563000073, -32.910617827999943 ], [ 20.357814789000088, -32.863887786999953 ], [ 20.342304230000082, -32.857616424999947 ], [ 20.300552368000069, -32.804767608999953 ], [ 20.257944107000071, -32.799461364999956 ], [ 20.219694138000079, -32.784542083999952 ], [ 20.188264847000085, -32.752483367999957 ], [ 20.192384720000064, -32.685546874999943 ], [ 20.182069778000084, -32.667900084999928 ], [ 20.141855240000041, -32.643535613999916 ], [ 20.137561798000036, -32.610778808999953 ], [ 20.115388870000061, -32.570022582999911 ], [ 20.123458862000064, -32.556766509999932 ], [ 20.097480774000076, -32.502956389999952 ], [ 20.080354691000082, -32.397274016999916 ], [ 20.00511169400005, -32.33032989499992 ], [ 19.938165665000042, -32.377056121999942 ], [ 19.874568939000085, -32.382980346999943 ], [ 19.850170135000042, -32.366016387999935 ], [ 19.818479538000076, -32.360496520999902 ], [ 19.803377151000063, -32.393470763999915 ], [ 19.764444351000066, -32.411056518999942 ], [ 19.736507416000052, -32.386093139999957 ], [ 19.731927872000085, -32.410751342999959 ], [ 19.70838165300006, -32.420402526999908 ], [ 19.730785370000092, -32.441967009999928 ], [ 19.680427551000037, -32.463294982999912 ], [ 19.655551910000042, -32.438564300999928 ], [ 19.622539520000089, -32.470401763999917 ], [ 19.626985550000086, -32.501998900999922 ], [ 19.60780715900006, -32.545150756999931 ], [ 19.612688065000043, -32.566322326999909 ], [ 19.605630875000088, -32.629234313999916 ], [ 19.587924957000041, -32.647571563999918 ], [ 19.528940201000069, -32.673034667999957 ], [ 19.49985885600006, -32.611862182999914 ], [ 19.487495422000052, -32.565212249999945 ], [ 19.495660782000073, -32.498722075999922 ], [ 19.516874313000073, -32.485874175999925 ], [ 19.507556915000066, -32.473030089999952 ], [ 19.496208191000051, -32.473545073999958 ], [ 19.43469619800004, -32.372791289999952 ], [ 19.409778595000091, -32.289848327999948 ], [ 19.492200851000064, -32.252132415999938 ], [ 19.495677948000036, -32.244827270999906 ], [ 19.486410141000079, -32.234840392999956 ], [ 19.496349335000048, -32.221660613999916 ], [ 19.495271683000055, -32.209636687999932 ], [ 19.503997803000061, -32.205383300999927 ], [ 19.493297577000078, -32.198909759999935 ], [ 19.503242493000073, -32.179615020999904 ], [ 19.489633560000073, -32.163734435999913 ], [ 19.48134994500009, -32.168140410999911 ], [ 19.48624420200008, -32.160896300999923 ], [ 19.47717857400005, -32.146141051999905 ], [ 19.515890121000041, -32.114967345999958 ], [ 19.508201599000074, -32.085857390999934 ], [ 19.489227295000092, -32.120971679999911 ], [ 19.486743927000077, -32.076400756999931 ], [ 19.467407227000081, -32.071575164999956 ], [ 19.426532745000088, -32.030979155999944 ], [ 19.396554947000084, -32.014873504999912 ], [ 19.381151199000044, -32.037322997999922 ], [ 19.363674164000088, -32.042602538999915 ], [ 19.330490112000064, -32.012340545999905 ], [ 19.324058533000084, -31.98455619799995 ], [ 19.290586472000086, -31.964860915999907 ], [ 19.278226852000046, -31.979459762999909 ], [ 19.265550613000073, -31.965497970999934 ], [ 19.290393829000038, -31.862796782999908 ], [ 19.211427689000061, -31.947792052999944 ], [ 19.200397491000047, -31.904523848999929 ], [ 19.172967911000057, -31.909536361999926 ], [ 19.157558441000049, -31.899372100999926 ], [ 19.14235687300004, -31.911872863999918 ], [ 19.059318542000085, -31.880292891999943 ], [ 19.026847839000084, -31.87652778599994 ], [ 19.035306931000036, -31.858997344999921 ], [ 19.027456284000039, -31.843358993999914 ], [ 19.031011581000087, -31.833742141999949 ], [ 19.047668457000043, -31.82916641199995 ], [ 19.060964584000089, -31.810573577999946 ], [ 19.087911606000091, -31.793270110999913 ], [ 19.06692886400009, -31.780908584999906 ], [ 19.067342758000052, -31.76606750499991 ], [ 19.092098236000083, -31.762254714999926 ], [ 19.095386505000079, -31.749956130999919 ], [ 19.066297531000089, -31.706060409999907 ], [ 19.055633545000092, -31.670013427999947 ], [ 19.07445335400007, -31.666612624999914 ], [ 19.079763412000091, -31.642946242999926 ], [ 19.071249008000052, -31.623788833999924 ], [ 19.09125709500006, -31.597520827999915 ], [ 19.086133957000072, -31.571790694999947 ], [ 19.053459167000085, -31.570930480999948 ], [ 19.086587906000091, -31.526090621999913 ], [ 19.069681168000045, -31.517217635999941 ], [ 19.043539047000081, -31.517564773999936 ], [ 19.024612427000079, -31.504127501999903 ], [ 19.007846832000041, -31.511034011999925 ], [ 19.037603378000085, -31.46400260899992 ], [ 19.043729782000071, -31.424692153999956 ], [ 19.031400681000036, -31.415121077999913 ], [ 19.031616211000085, -31.389270781999926 ], [ 19.013103485000045, -31.369789123999908 ], [ 18.980873108000083, -31.354957580999951 ], [ 19.013757706000035, -31.305410384999902 ], [ 18.967161179000072, -31.284208297999953 ], [ 18.945207596000046, -31.237045287999933 ], [ 18.948347092000063, -31.112636565999935 ], [ 18.904224396000075, -31.041496276999908 ], [ 18.912521362000064, -30.978645324999945 ], [ 18.985240936000082, -30.945528029999934 ], [ 18.876146317000064, -30.886758803999953 ], [ 18.959899902000075, -30.866064071999915 ], [ 18.952236176000042, -30.744132995999905 ], [ 18.863731384000062, -30.716819762999933 ], [ 18.795261383000081, -30.667303084999958 ], [ 18.796632767000062, -30.624549865999938 ], [ 18.759479523000039, -30.567571639999926 ], [ 18.655921936000084, -30.556394576999935 ], [ 18.57089805600009, -30.42993926999992 ], [ 18.502931595000064, -30.444105147999949 ], [ 18.484403610000072, -30.521595000999923 ], [ 18.523023605000049, -30.606184005999921 ], [ 18.444868088000078, -30.510967254999912 ], [ 18.381332397000051, -30.459321975999956 ], [ 18.414543152000078, -30.52702903699992 ], [ 18.371936798000036, -30.591768264999928 ], [ 18.371828079000068, -30.659313201999908 ], [ 18.264957428000059, -30.818006515999912 ], [ 18.25260925300006, -30.827232360999915 ], [ 18.214334488000077, -30.810127257999909 ], [ 18.196027756000092, -30.815708159999929 ], [ 18.206621170000062, -30.831014632999938 ], [ 18.169969559000037, -30.848255156999926 ], [ 18.081714630000079, -30.78452300999993 ], [ 18.058715820000089, -30.776575088999948 ], [ 18.007284164000055, -30.790918349999913 ], [ 17.995639801000038, -30.818901061999952 ], [ 17.994171143000074, -30.918430327999943 ], [ 17.972875595000062, -30.913560866999944 ], [ 17.881101608000051, -30.923631667999928 ], [ 17.878723145000038, -30.948348998999904 ], [ 17.926847458000054, -31.009712218999937 ], [ 17.812185287000091, -31.092184066999948 ], [ 17.83522415200008, -31.176218032999941 ], [ 17.759452820000092, -31.152290343999937 ], [ 17.745223999000075, -31.13865280199991 ], [ 17.70577430700007, -31.073028563999912 ], [ 17.672655106000036, -30.993930816999921 ], [ 17.624235153000086, -30.930936812999903 ], [ 17.600290298000061, -30.911689757999909 ], [ 17.53871345500005, -30.78529739399994 ], [ 17.523496628000089, -30.732215880999945 ], [ 17.474313736000056, -30.681974410999942 ], [ 17.437583923000091, -30.616498946999911 ], [ 17.442350388000079, -30.59798812899993 ], [ 17.358240128000091, -30.48130989099991 ], [ 17.325050354000041, -30.401163100999952 ], [ 17.277704239000059, -30.333665847999953 ], [ 17.263605118000044, -30.255558013999917 ], [ 17.236865997000052, -30.210067748999904 ], [ 17.224967957000047, -30.162006377999944 ], [ 17.197206497000082, -30.132997512999907 ], [ 17.160902023000062, -30.0 ], [ 17.121868134000067, -29.940799712999933 ], [ 17.101427078000086, -29.889163970999903 ], [ 17.106435776000069, -29.873409270999957 ], [ 17.071144104000041, -29.814685821999944 ], [ 17.078161240000043, -29.804462432999912 ], [ 17.05132675200008, -29.745388030999948 ], [ 17.05355835000006, -29.693361281999955 ], [ 17.032781601000067, -29.620828628999902 ], [ 16.997707367000089, -29.57148170499994 ], [ 17.003585815000065, -29.55115318299994 ], [ 16.968151093000074, -29.437795638999944 ], [ 16.941032410000048, -29.388084411999955 ], [ 16.935260773000039, -29.360473632999913 ], [ 16.877407074000075, -29.290790557999912 ], [ 16.864696503000062, -29.244258880999951 ], [ 16.83888816800004, -29.212663650999957 ], [ 16.84238243100009, -29.181058883999924 ], [ 16.82985687300004, -29.166412353999931 ], [ 16.832677841000077, -29.155902862999937 ], [ 16.813623428000085, -29.114770888999942 ], [ 16.813251495000088, -29.093887328999926 ], [ 16.725685120000037, -29.019758223999929 ], [ 16.713939667000091, -28.981710433999922 ], [ 16.681222916000081, -28.92380905199991 ], [ 16.601667404000068, -28.875425338999946 ], [ 16.56182670600009, -28.766658782999912 ], [ 16.568599701000039, -28.742914199999916 ], [ 16.55784606900005, -28.722761153999954 ], [ 16.532606125000086, -28.710382461999927 ], [ 16.505306244000053, -28.674098968999942 ], [ 16.459741592000057, -28.64091682399993 ], [ 16.473279953000088, -28.583564757999909 ], [ 16.487218857000073, -28.565229415999909 ], [ 16.565689087000067, -28.555614470999956 ], [ 16.60622215300009, -28.532684325999924 ], [ 16.61298942600007, -28.50801658599994 ], [ 16.634956360000047, -28.489347457999941 ], [ 16.671148300000084, -28.473207473999935 ], [ 16.687738419000084, -28.474863051999932 ], [ 16.699941635000073, -28.500307082999939 ], [ 16.727006912000036, -28.498229979999905 ], [ 16.749837875000082, -28.461427688999947 ], [ 16.77218818700004, -28.447790145999932 ], [ 16.767211914000086, -28.398141860999942 ], [ 16.808853149000072, -28.366220473999931 ], [ 16.749803543000041, -28.296199798999908 ], [ 16.754516602000081, -28.268278121999913 ], [ 16.772329330000048, -28.259157180999921 ], [ 16.798179626000092, -28.276094436999927 ], [ 16.817955017000088, -28.272506713999917 ], [ 16.821134567000058, -28.242492675999927 ], [ 16.800601959000062, -28.218990325999926 ], [ 16.848133087000065, -28.21354103099992 ], [ 16.829551697000056, -28.169649123999932 ], [ 16.842535019000081, -28.168016433999924 ], [ 16.870260239000061, -28.181066512999905 ], [ 16.88491249100008, -28.173490523999931 ], [ 16.88365364100008, -28.089477538999915 ], [ 16.899778366000078, -28.07159233099992 ], [ 16.954477310000073, -28.080675124999914 ], [ 16.970848083000078, -28.062788009999906 ], [ 17.001647949000073, -28.077005385999939 ], [ 17.023265839000089, -28.05459785499994 ], [ 17.08332443200004, -28.037773131999927 ], [ 17.117067337000037, -28.062103270999955 ], [ 17.132402420000062, -28.089160918999937 ], [ 17.187665939000055, -28.113073348999933 ], [ 17.193094254000073, -28.129667281999957 ], [ 17.179967880000049, -28.204765319999922 ], [ 17.20300102200008, -28.238800048999906 ], [ 17.225320816000078, -28.253314971999941 ], [ 17.250942230000078, -28.239412307999942 ], [ 17.260175705000051, -28.245725631999903 ], [ 17.282510757000068, -28.24279022199994 ], [ 17.298559189000059, -28.227155684999957 ], [ 17.311807632000068, -28.225023269999951 ], [ 17.345224380000047, -28.24355506899991 ], [ 17.355724335000048, -28.270069121999938 ], [ 17.378435135000075, -28.295349120999958 ], [ 17.378938675000086, -28.332527160999916 ], [ 17.408746719000078, -28.370964049999941 ], [ 17.403766632000043, -28.411062240999911 ], [ 17.385255814000061, -28.434713363999947 ], [ 17.350950241000078, -28.436832427999946 ], [ 17.329664230000049, -28.471456527999919 ], [ 17.336055756000064, -28.495855330999916 ], [ 17.357206345000066, -28.506433486999924 ], [ 17.368156433000081, -28.521707534999905 ], [ 17.377048492000085, -28.571830749999947 ], [ 17.417404175000058, -28.567707061999954 ], [ 17.42668533300008, -28.573320388999946 ], [ 17.409490585000071, -28.722951888999944 ], [ 17.426134109000088, -28.724287032999939 ], [ 17.490325928000061, -28.694023131999927 ], [ 17.54745101900005, -28.704498290999936 ], [ 17.568439484000066, -28.691637038999943 ], [ 17.597995758000081, -28.700885772999925 ], [ 17.610027313000046, -28.759740828999952 ], [ 17.64683914200009, -28.773868560999915 ], [ 17.665330887000039, -28.77404785199991 ], [ 17.701286316000051, -28.750297545999956 ], [ 17.723775864000061, -28.764957427999946 ], [ 17.745317459000091, -28.748176574999945 ], [ 17.777173996000045, -28.764289855999948 ], [ 17.818355560000043, -28.761203765999937 ], [ 17.902883530000054, -28.773134231999904 ], [ 17.911273956000059, -28.767234801999905 ], [ 17.938148499000079, -28.790155410999944 ], [ 17.956125259000089, -28.789831160999938 ], [ 17.988740921000044, -28.813472747999924 ], [ 18.053329468000072, -28.88091278099995 ], [ 18.083604813000079, -28.876756667999928 ], [ 18.123590469000078, -28.898345946999939 ], [ 18.161920547000079, -28.898811339999952 ], [ 18.179010391000077, -28.915887832999942 ], [ 18.201204300000086, -28.912117003999924 ], [ 18.214605331000087, -28.897050857999943 ], [ 18.248220444000083, -28.900676726999905 ], [ 18.26501464800009, -28.883558272999949 ], [ 18.319726944000081, -28.890487670999903 ], [ 18.349754333000078, -28.882600783999919 ], [ 18.370792389000087, -28.897836684999959 ], [ 18.424488068000073, -28.902425765999908 ], [ 18.46496772800009, -28.888132094999946 ], [ 18.505100250000055, -28.89332580599995 ], [ 18.559448242000087, -28.860700606999956 ], [ 18.626758575000053, -28.84630584699994 ], [ 18.675197601000036, -28.85458755499991 ], [ 18.732044220000091, -28.841171264999957 ], [ 18.948619843000074, -28.864576339999928 ], [ 18.986167908000084, -28.885915755999918 ], [ 19.009929657000043, -28.936613082999941 ], [ 19.032619476000036, -28.932020186999921 ], [ 19.064874649000046, -28.956392287999904 ], [ 19.111198425000055, -28.971429824999916 ], [ 19.172746658000051, -28.957828521999943 ], [ 19.208967209000036, -28.940570830999945 ], [ 19.242776871000046, -28.905185698999958 ], [ 19.282169342000088, -28.910156249999943 ], [ 19.292577744000084, -28.903480529999911 ], [ 19.292766571000072, -28.882144927999946 ], [ 19.259864807000042, -28.865007400999957 ], [ 19.240953445000059, -28.815721511999925 ], [ 19.264724731000058, -28.750751494999918 ], [ 19.295661926000037, -28.736003875999927 ], [ 19.341779709000036, -28.744842528999925 ], [ 19.404769897000051, -28.73984909099994 ], [ 19.458545685000047, -28.715129851999905 ], [ 19.492448807000073, -28.677385329999936 ], [ 19.505596161000085, -28.605068206999931 ], [ 19.544187546000046, -28.577846526999906 ], [ 19.562377930000082, -28.531885146999912 ], [ 19.623605728000086, -28.516244887999903 ], [ 19.670255661000056, -28.534421920999932 ], [ 19.67275619500009, -28.522207259999902 ], [ 19.692747116000078, -28.519811629999936 ], [ 19.734863281000059, -28.487699508999924 ], [ 19.807760239000061, -28.507707595999932 ], [ 19.825878143000068, -28.499338149999915 ], [ 19.841196060000073, -28.467353820999904 ], [ 19.872667313000079, -28.442834853999955 ], [ 19.906476974000043, -28.448808669999949 ], [ 19.967050552000046, -28.428890227999943 ], [ 19.996761322000054, -28.433113097999922 ], [ 20.000236511000082, -24.752990722999925 ] ] ] } },
{ "type": "Feature", "properties": { "loc": "ZA-A1-0004" }, "geometry": { "type": "Polygon", "coordinates": [ [ [ 28.24332237200008, -26.882562636999921 ], [ 28.262037277000047, -26.906656264999924 ], [ 28.260673523000037, -26.915269851999938 ], [ 28.28215408300008, -26.907253264999952 ], [ 28.302999496000041, -26.939941405999946 ], [ 28.319757462000041, -26.92073249799995 ], [ 28.328907013000048, -26.922906875999956 ], [ 28.319944382000074, -26.936178206999955 ], [ 28.327859879000073, -26.947776793999935 ], [ 28.345375061000084, -26.947595595999928 ], [ 28.36532402000006, -26.933633803999953 ], [ 28.39718818700004, -26.932119369999953 ], [ 28.424236298000039, -26.987287520999928 ], [ 28.413516998000091, -27.006393432999914 ], [ 28.418182373000036, -27.014116286999922 ], [ 28.44763374300004, -26.97895812999991 ], [ 28.43760681200007, -26.963766097999951 ], [ 28.446712494000053, -26.960515975999954 ], [ 28.471261978000086, -26.980836867999926 ], [ 28.476236343000039, -26.96074294999994 ], [ 28.470399857000075, -26.955736159999958 ], [ 28.478637695000089, -26.949335097999949 ], [ 28.486291885000071, -26.970865249999918 ], [ 28.509973526000067, -26.986812591999922 ], [ 28.504205704000071, -27.007364272999951 ], [ 28.527896881000061, -27.017234801999905 ], [ 28.550209045000088, -27.040885924999941 ], [ 28.533882141000049, -27.06600379899993 ], [ 28.55420494100008, -27.060836791999918 ], [ 28.560815811000055, -27.039358138999944 ], [ 28.58316612200008, -27.037685393999936 ], [ 28.594602585000075, -27.022621154999911 ], [ 28.609550476000038, -27.019845962999909 ], [ 28.608898163000049, -27.007450103999929 ], [ 28.645082474000048, -27.019224166999948 ], [ 28.653377533000082, -26.99455261199995 ], [ 28.632961273000035, -26.990522384999906 ], [ 28.617490768000039, -26.999788283999919 ], [ 28.605466843000045, -26.992614745999958 ], [ 28.62159919700008, -26.968717574999914 ], [ 28.645566940000037, -26.952302932999942 ], [ 28.683517456000061, -26.974769591999916 ], [ 28.710878372000082, -26.968614577999915 ], [ 28.736125946000072, -27.003257750999921 ], [ 28.758178711000085, -26.99691200299992 ], [ 28.774791718000074, -27.008012771999915 ], [ 28.774803162000069, -27.020206450999922 ], [ 28.794651031000058, -27.028667449999944 ], [ 28.80464363100009, -27.012912749999941 ], [ 28.813863754000067, -27.042554854999935 ], [ 28.840305328000056, -27.040958404999913 ], [ 28.858360291000054, -27.025281905999918 ], [ 28.887620926000068, -27.059301375999951 ], [ 28.898469925000086, -27.048490523999931 ], [ 28.896537781000063, -27.030008315999908 ], [ 28.883829117000062, -27.025497436999956 ], [ 28.89404869100008, -27.012878417999957 ], [ 28.907711029000041, -27.019628524999916 ], [ 28.920764923000036, -27.01051330599995 ], [ 28.953960419000055, -27.011341094999921 ], [ 28.968572617000063, -26.990972518999911 ], [ 29.027629852000075, -27.015470504999939 ], [ 29.03295135500008, -27.027975081999955 ], [ 29.039531708000084, -27.003522872999952 ], [ 29.051483154000039, -27.005092620999903 ], [ 29.061315536000052, -27.014926909999929 ], [ 29.056522369000049, -27.035570144999951 ], [ 29.074539185000049, -27.063604354999939 ], [ 29.056779861000052, -27.081926345999932 ], [ 29.071727753000062, -27.085206984999957 ], [ 29.086715698000035, -27.114917754999908 ], [ 29.104759216000048, -27.130920409999931 ], [ 29.116600037000069, -27.169879912999932 ], [ 29.12965011600005, -27.167934417999959 ], [ 29.13802909900005, -27.151929854999935 ], [ 29.159551620000059, -27.142948150999928 ], [ 29.183603287000039, -27.145130156999926 ], [ 29.192905426000038, -27.136644362999903 ], [ 29.224050522000084, -27.144411086999924 ], [ 29.235334396000042, -27.182136535999916 ], [ 29.246686935000071, -27.191505431999929 ], [ 29.25584602400005, -27.193902968999907 ], [ 29.260841370000037, -27.180957793999937 ], [ 29.268493652000075, -27.184402465999938 ], [ 29.269901276000041, -27.197414397999921 ], [ 29.27270698500007, -27.191120147999925 ], [ 29.282125473000065, -27.199026107999941 ], [ 29.28712844800009, -27.190074920999905 ], [ 29.30901908900006, -27.215766906999932 ], [ 29.330219269000054, -27.203180312999905 ], [ 29.335433960000046, -27.207000731999926 ], [ 29.338392258000056, -27.234590529999934 ], [ 29.326023102000079, -27.252971648999903 ], [ 29.33165931700006, -27.263250350999954 ], [ 29.339410782000073, -27.263664245999905 ], [ 29.343288422000057, -27.247982024999942 ], [ 29.387836456000059, -27.24941444399991 ], [ 29.391086578000056, -27.242219924999915 ], [ 29.400390625000057, -27.242340087999935 ], [ 29.403944016000082, -27.25163841199992 ], [ 29.428613663000078, -27.253599166999948 ], [ 29.463876724000045, -27.287218093999911 ], [ 29.472396851000042, -27.309343337999906 ], [ 29.469400406000091, -27.324035644999924 ], [ 29.480895996000072, -27.332378386999949 ], [ 29.486606598000037, -27.326831817999903 ], [ 29.484121323000068, -27.338582992999932 ], [ 29.490282059000037, -27.336488723999935 ], [ 29.490226746000076, -27.34260749799995 ], [ 29.482915878000085, -27.35928535499994 ], [ 29.502010345000087, -27.357955932999914 ], [ 29.511264801000038, -27.366048812999907 ], [ 29.511184692000086, -27.378677367999956 ], [ 29.530107498000064, -27.380388259999904 ], [ 29.526691437000068, -27.393859862999932 ], [ 29.538461685000073, -27.386634826999909 ], [ 29.54372215300009, -27.398420333999923 ], [ 29.552436829000044, -27.398366927999916 ], [ 29.552366257000074, -27.413223266999921 ], [ 29.54293823200004, -27.419452666999916 ], [ 29.550283432000072, -27.423734664999927 ], [ 29.546907425000086, -27.43066596999995 ], [ 29.560377121000045, -27.431823729999905 ], [ 29.578540802000077, -27.459133147999921 ], [ 29.600069046000044, -27.468725203999952 ], [ 29.603906631000086, -27.493663787999935 ], [ 29.619430542000089, -27.506027221999943 ], [ 29.699228287000039, -27.494115828999952 ], [ 29.706224442000064, -27.487499236999952 ], [ 29.698051453000062, -27.474798202999921 ], [ 29.704763412000091, -27.44495773299991 ], [ 29.734226227000079, -27.430093764999924 ], [ 29.757450104000043, -27.440628051999909 ], [ 29.717185974000074, -27.464431762999936 ], [ 29.708639145000063, -27.461301803999959 ], [ 29.703441620000035, -27.471534728999927 ], [ 29.732194901000071, -27.48745727499994 ], [ 29.710794449000048, -27.498197555999923 ], [ 29.709518433000085, -27.513113021999914 ], [ 29.724824905000048, -27.523803710999914 ], [ 29.736265182000068, -27.519111632999909 ], [ 29.758625031000065, -27.526649474999942 ], [ 29.780689240000072, -27.559051513999918 ], [ 29.785396576000039, -27.596281051999938 ], [ 29.771005630000047, -27.595115661999955 ], [ 29.749183655000081, -27.613222121999911 ], [ 29.735082626000064, -27.606628417999957 ], [ 29.718547821000072, -27.629039763999913 ], [ 29.698127747000058, -27.64039039599993 ], [ 29.678276062000066, -27.638410567999927 ], [ 29.671966553000061, -27.652250289999927 ], [ 29.670389175000082, -27.669666289999952 ], [ 29.693973541000048, -27.694618224999942 ], [ 29.709264755000049, -27.698043822999921 ], [ 29.712594986000056, -27.720418929999937 ], [ 29.704097748000038, -27.765083312999934 ], [ 29.718166351000036, -27.786918639999953 ], [ 29.712108612000065, -27.795276641999919 ], [ 29.724735260000045, -27.795705794999947 ], [ 29.731548309000061, -27.807550429999935 ], [ 29.697305679000067, -27.824037551999936 ], [ 29.693422318000046, -27.838880538999945 ], [ 29.703075409000064, -27.856113433999951 ], [ 29.687372208000056, -27.858066558999951 ], [ 29.682994843000074, -27.887567519999948 ], [ 29.690717697000082, -27.895347594999919 ], [ 29.672159195000063, -27.916629790999934 ], [ 29.654205322000053, -27.922639846999914 ], [ 29.663549423000063, -27.929588317999958 ], [ 29.657960892000062, -27.936901092999904 ], [ 29.675148010000044, -27.94377899199992 ], [ 29.679780960000073, -27.958099364999953 ], [ 29.663715363000051, -27.957145690999937 ], [ 29.651109695000059, -27.966276168999912 ], [ 29.63615608200007, -27.994089126999938 ], [ 29.639667511000084, -28.015125274999946 ], [ 29.617136002000052, -28.046394347999922 ], [ 29.655752182000072, -28.089595794999923 ], [ 29.66090011600005, -28.125623702999917 ], [ 29.654424667000058, -28.137861251999936 ], [ 29.663581848000035, -28.141584395999928 ], [ 29.66285324100005, -28.177001952999944 ], [ 29.626399994000053, -28.185628890999908 ], [ 29.60967254600007, -28.215021132999937 ], [ 29.624780655000052, -28.224576949999914 ], [ 29.620157242000062, -28.240949630999921 ], [ 29.558940887000063, -28.257957457999908 ], [ 29.550815582000041, -28.24686431899994 ], [ 29.483348846000069, -28.272367476999932 ], [ 29.478042603000063, -28.292154311999923 ], [ 29.437879562000035, -28.321086883999953 ], [ 29.414354324000044, -28.37585830699993 ], [ 29.37411880500008, -28.371526717999927 ], [ 29.320381165000072, -28.406658172999926 ], [ 29.323688507000043, -28.423418044999949 ], [ 29.294511795000062, -28.436288833999924 ], [ 29.262081146000071, -28.433738707999908 ], [ 29.248758316000078, -28.424945830999945 ], [ 29.191829681000058, -28.493328093999935 ], [ 29.217035294000084, -28.51839637799992 ], [ 29.197294235000072, -28.544677733999947 ], [ 29.179029465000042, -28.542926787999932 ], [ 29.171049118000042, -28.530080794999947 ], [ 29.136327744000084, -28.566377639999928 ], [ 29.097129822000056, -28.545076369999947 ], [ 28.974597931000062, -28.57515716599994 ], [ 28.961582184000065, -28.596763610999915 ], [ 28.966260910000074, -28.604909896999914 ], [ 28.944597244000079, -28.622192382999913 ], [ 28.943071365000037, -28.650499343999911 ], [ 28.897502899000074, -28.690467833999946 ], [ 28.892417908000084, -28.744504928999959 ], [ 28.876201697000056, -28.763883442999941 ], [ 28.828716278000059, -28.757930755999951 ], [ 28.806705475000058, -28.701938628999926 ], [ 28.719865799000047, -28.677438735999942 ], [ 28.69979476900005, -28.600116729999911 ], [ 28.679517746000045, -28.580179213999941 ], [ 28.653728485000045, -28.572057723999933 ], [ 28.587453842000059, -28.602716445999931 ], [ 28.530313492000062, -28.598808288999919 ], [ 28.509559631000059, -28.608562468999935 ], [ 28.504995346000044, -28.602979659999903 ], [ 28.467008591000081, -28.603492736999954 ], [ 28.413869858000055, -28.618875503999902 ], [ 28.37224578900009, -28.665647506999903 ], [ 28.367086411000059, -28.686895369999945 ], [ 28.373558044000049, -28.691383361999954 ], [ 28.362859726000067, -28.698047637999935 ], [ 28.317590714000062, -28.696756362999906 ], [ 28.293823242000087, -28.707670211999925 ], [ 28.247428894000052, -28.694147109999903 ], [ 28.208105087000035, -28.705577849999941 ], [ 28.189455032000069, -28.69077300999993 ], [ 28.134365082000045, -28.739742278999927 ], [ 28.121253967000087, -28.743389129999912 ], [ 28.08291244500009, -28.808034896999914 ], [ 28.05983352700008, -28.813776015999906 ], [ 28.057598114000086, -28.844190597999955 ], [ 28.033941269000081, -28.857820510999943 ], [ 28.036695480000049, -28.877176284999905 ], [ 28.008409500000084, -28.872776030999944 ], [ 27.981613159000062, -28.878509520999955 ], [ 27.968238831000065, -28.857269286999951 ], [ 27.941822052000077, -28.851755141999945 ], [ 27.916357040000037, -28.879781722999951 ], [ 27.899805069000081, -28.883243560999915 ], [ 27.905176163000078, -28.905393599999911 ], [ 27.890325546000042, -28.914489745999958 ], [ 27.835678101000042, -28.899795531999928 ], [ 27.826156616000048, -28.914045333999923 ], [ 27.808090210000046, -28.916410445999929 ], [ 27.76015090900006, -28.895406722999951 ], [ 27.756328583000084, -28.901517867999928 ], [ 27.773492813000075, -28.922084807999909 ], [ 27.762784958000054, -28.941123961999949 ], [ 27.742696762000037, -28.940912246999915 ], [ 27.729501724000045, -28.955305098999929 ], [ 27.731908798000063, -28.975334166999914 ], [ 27.719131470000036, -28.989442824999912 ], [ 27.729972839000084, -29.000305175999927 ], [ 27.725593567000089, -29.005922317999932 ], [ 27.692050934000065, -29.001771926999936 ], [ 27.697994232000042, -29.018009185999915 ], [ 27.682502747000058, -29.027446746999942 ], [ 27.680616379000071, -29.043464660999916 ], [ 27.649507523000068, -29.043962478999958 ], [ 27.679885864000084, -29.06364631699995 ], [ 27.682645798000067, -29.074054717999957 ], [ 27.674587250000059, -29.079950332999942 ], [ 27.647905350000087, -29.077604293999912 ], [ 27.662811279000039, -29.086202620999927 ], [ 27.659561157000041, -29.108154296999942 ], [ 27.646154404000072, -29.110832213999913 ], [ 27.63391494800004, -29.127073287999906 ], [ 27.616834641000082, -29.130125045999932 ], [ 27.619655609000063, -29.158638 ], [ 27.590974808000055, -29.164632796999911 ], [ 27.529251099000078, -29.216651916999922 ], [ 27.531690598000068, -29.231163024999944 ], [ 27.548425674000043, -29.240272521999941 ], [ 27.54591941800004, -29.253978728999925 ], [ 27.498262405000048, -29.28887557999991 ], [ 27.463394165000068, -29.290338515999906 ], [ 27.477575302000048, -29.31453704799992 ], [ 27.449859619000051, -29.329933166999922 ], [ 27.442630768000072, -29.368762969999921 ], [ 27.414375305000078, -29.367460250999954 ], [ 27.430576324000072, -29.389064788999917 ], [ 27.430442810000045, -29.406047820999959 ], [ 27.407375336000086, -29.412704467999959 ], [ 27.370300293000071, -29.455430983999918 ], [ 27.36977386500007, -29.476182937999909 ], [ 27.320611954000071, -29.487812041999916 ], [ 27.31244659400005, -29.505041121999909 ], [ 27.31467056300005, -29.525512694999918 ], [ 27.275548935000074, -29.526136397999949 ], [ 27.251981735000072, -29.548479079999936 ], [ 27.23362731900005, -29.539981841999918 ], [ 27.20770454400008, -29.561798095999904 ], [ 27.162746429000038, -29.556047439999929 ], [ 27.131559372000083, -29.569911956999931 ], [ 27.119194031000063, -29.595903396999915 ], [ 27.092433929000038, -29.607667922999951 ], [ 27.087114334000034, -29.596708297999953 ], [ 27.078205109000066, -29.596191405999946 ], [ 27.067264557000044, -29.631418227999916 ], [ 27.032629013000076, -29.611698150999928 ], [ 27.03677749600007, -29.637773513999946 ], [ 27.029067993000069, -29.646015166999916 ], [ 27.05374908400006, -29.68377494799995 ], [ 27.085874557000068, -29.707538604999911 ], [ 27.123323441000082, -29.755332946999943 ], [ 27.238376617000085, -30.005439757999909 ], [ 27.312314987000036, -30.06852340699993 ], [ 27.335178375000055, -30.15021324199995 ], [ 27.402309418000073, -30.141677855999944 ], [ 27.415681839000058, -30.150794982999912 ], [ 27.409862518000068, -30.171270369999945 ], [ 27.394767761000082, -30.179080962999933 ], [ 27.397983551000038, -30.191335677999916 ], [ 27.378599167000061, -30.200622558999953 ], [ 27.373029709000036, -30.241292952999913 ], [ 27.374526978000063, -30.27024459799992 ], [ 27.396289825000053, -30.281448363999914 ], [ 27.389684677000048, -30.294786452999915 ], [ 27.407117844000084, -30.308612822999919 ], [ 27.349193573000036, -30.331453322999948 ], [ 27.367631912000036, -30.339550017999954 ], [ 27.363193512000066, -30.354742049999913 ], [ 27.37260437000009, -30.374273299999913 ], [ 27.379154205000077, -30.373994826999933 ], [ 27.383861542000091, -30.357769011999949 ], [ 27.397441864000086, -30.361566543999913 ], [ 27.404369354000039, -30.391332625999951 ], [ 27.377311707000047, -30.408542632999911 ], [ 27.340467453000088, -30.398435592999931 ], [ 27.324726105000082, -30.422885894999922 ], [ 27.341606140000067, -30.430681228999958 ], [ 27.362228394000056, -30.424978255999918 ], [ 27.369043350000084, -30.433809279999934 ], [ 27.348003387000063, -30.448951720999958 ], [ 27.300960541000052, -30.443426131999956 ], [ 27.295642853000061, -30.460567473999959 ], [ 27.328731537000067, -30.483539580999945 ], [ 27.29950141900008, -30.493692397999951 ], [ 27.298736572000053, -30.512104033999947 ], [ 27.283615112000064, -30.503055572999926 ], [ 27.251523972000086, -30.502483367999957 ], [ 27.240583420000064, -30.485305785999913 ], [ 27.229421616000081, -30.510000228999957 ], [ 27.211675644000081, -30.494131087999904 ], [ 27.187139511000055, -30.524385451999933 ], [ 27.170526505000055, -30.512348174999943 ], [ 27.130962372000056, -30.510026931999903 ], [ 27.138582230000054, -30.532476424999913 ], [ 27.106718063000073, -30.558315276999906 ], [ 27.091060638000044, -30.546495437999909 ], [ 27.086021423000091, -30.527721404999909 ], [ 27.00535392800009, -30.537599563999947 ], [ 27.000795364000055, -30.553060531999904 ], [ 27.019044876000066, -30.561830520999933 ], [ 27.026811600000087, -30.578260421999914 ], [ 27.041952133000052, -30.581258773999934 ], [ 27.035322189000055, -30.599729537999906 ], [ 27.013856888000078, -30.605749129999936 ], [ 26.99722862200008, -30.594449996999913 ], [ 26.949415207000072, -30.606613158999949 ], [ 26.929580688000044, -30.625905990999911 ], [ 26.948961258000054, -30.658658980999917 ], [ 26.903663635000044, -30.668962478999958 ], [ 26.883327484000063, -30.658638 ], [ 26.873336792000089, -30.680973052999946 ], [ 26.856550217000063, -30.684576034999907 ], [ 26.843345642000088, -30.681268691999946 ], [ 26.822088242000063, -30.64937591599994 ], [ 26.80446624800004, -30.639068603999931 ], [ 26.75135040300006, -30.665990828999952 ], [ 26.725027084000089, -30.666877746999944 ], [ 26.705186844000082, -30.685825347999923 ], [ 26.686334610000074, -30.685905456999933 ], [ 26.674917221000044, -30.667457580999951 ], [ 26.653175354000041, -30.690113067999903 ], [ 26.629995346000044, -30.693265914999927 ], [ 26.625812531000065, -30.679609298999935 ], [ 26.636692047000054, -30.672615050999923 ], [ 26.629131317000088, -30.661661147999951 ], [ 26.56355476400006, -30.665218352999943 ], [ 26.504159927000046, -30.631448745999933 ], [ 26.483888626000066, -30.629970550999928 ], [ 26.48011970500005, -30.621181487999934 ], [ 26.489927292000061, -30.59375 ], [ 26.446630478000088, -30.568416594999917 ], [ 26.405984879000073, -30.569179534999932 ], [ 26.355672836000053, -30.595279693999942 ], [ 26.316638947000058, -30.582193374999918 ], [ 26.279472351000038, -30.589076995999903 ], [ 26.281391144000054, -30.579418181999927 ], [ 26.26677703900009, -30.56713676499993 ], [ 26.262496948000035, -30.541643142999931 ], [ 26.199594498000067, -30.532423018999907 ], [ 26.19142532300009, -30.499906539999927 ], [ 26.155801773000064, -30.482225417999928 ], [ 26.130270004000067, -30.500036239999929 ], [ 26.147781372000054, -30.51599693299994 ], [ 26.147850037000069, -30.538921355999946 ], [ 26.122766495000064, -30.537702559999957 ], [ 26.102083206000088, -30.518629073999932 ], [ 26.052585602000079, -30.523412703999952 ], [ 25.962692261000086, -30.545202254999936 ], [ 25.947542191000082, -30.555366515999935 ], [ 25.941335678000087, -30.579071044999921 ], [ 25.931745529000068, -30.584451674999912 ], [ 25.923179626000035, -30.580606460999945 ], [ 25.923900604000039, -30.564189910999914 ], [ 25.902893066000047, -30.542587279999907 ], [ 25.888202667000087, -30.542301177999946 ], [ 25.872049332000074, -30.561946868999939 ], [ 25.891868591000048, -30.595129012999905 ], [ 25.891632080000079, -30.609647750999954 ], [ 25.858283997000058, -30.611804961999951 ], [ 25.84410476700009, -30.629821776999904 ], [ 25.795585632000041, -30.63402175899995 ], [ 25.779760361000058, -30.646450042999902 ], [ 25.777914047000081, -30.677301406999902 ], [ 25.770597458000054, -30.685239791999948 ], [ 25.684726715000068, -30.669172286999924 ], [ 25.680963516000077, -30.658971785999938 ], [ 25.68792533900006, -30.647005080999918 ], [ 25.676130295000064, -30.638401030999944 ], [ 25.643573761000084, -30.655344008999919 ], [ 25.614971161000085, -30.652971267999931 ], [ 25.629226685000049, -30.622999190999906 ], [ 25.617509842000061, -30.618814467999925 ], [ 25.594697952000047, -30.58831024199992 ], [ 25.568851471000073, -30.611564635999912 ], [ 25.524425507000046, -30.614696502999948 ], [ 25.473785400000054, -30.635036468999942 ], [ 25.419633865000037, -30.578525542999955 ], [ 25.372234344000049, -30.55815124499992 ], [ 25.352100372000052, -30.564054488999943 ], [ 25.335777283000084, -30.557289123999908 ], [ 25.324018478000085, -30.571886062999909 ], [ 25.305856705000053, -30.576278686999956 ], [ 25.235750198000062, -30.499664306999932 ], [ 25.208681107000075, -30.504749297999922 ], [ 25.189481735000072, -30.497585296999944 ], [ 25.184156418000043, -30.483743667999931 ], [ 25.153141022000057, -30.459007262999933 ], [ 25.158700943000042, -30.443048476999934 ], [ 25.113952637000068, -30.408952712999906 ], [ 25.095514297000079, -30.37195205699993 ], [ 25.064455032000069, -30.356647490999933 ], [ 25.039844513000048, -30.362340926999934 ], [ 25.036382675000084, -30.344362258999922 ], [ 25.048221588000047, -30.313718795999932 ], [ 25.038703918000067, -30.292676925999956 ], [ 25.026535034000062, -30.282873153999958 ], [ 25.005432129000042, -30.292675017999954 ], [ 24.986967087000039, -30.289176940999937 ], [ 24.948059082000043, -30.252653121999913 ], [ 24.957742691000078, -30.235710143999938 ], [ 24.953077316000076, -30.225807189999955 ], [ 24.933032990000072, -30.21923255899992 ], [ 24.925205231000064, -30.200998305999917 ], [ 24.910226822000084, -30.209684371999913 ], [ 24.899168015000043, -30.205938338999943 ], [ 24.873029709000036, -30.133962630999918 ], [ 24.838958740000066, -30.119066237999903 ], [ 24.838409424000076, -30.094295501999909 ], [ 24.817911148000064, -30.081529616999944 ], [ 24.814128876000041, -30.066625594999948 ], [ 24.80029869100008, -30.055061339999952 ], [ 24.799957275000054, -30.036264419999952 ], [ 24.81021499600007, -30.023221969999952 ], [ 24.794446945000061, -29.997484206999957 ], [ 24.724981308000054, -29.991567611999926 ], [ 24.67470932000009, -29.975215911999953 ], [ 24.663064957000074, -29.941493987999934 ], [ 24.665000916000054, -29.901538848999905 ], [ 24.652904510000042, -29.898664473999929 ], [ 24.644060135000075, -29.911106109999935 ], [ 24.608547211000086, -29.911125182999911 ], [ 24.564863205000051, -29.877956389999952 ], [ 24.546333313000048, -29.843872069999918 ], [ 24.505573273000039, -29.838443755999947 ], [ 24.502046585000073, -29.820274352999945 ], [ 24.487182617000087, -29.812488555999948 ], [ 24.439619064000055, -29.814693450999926 ], [ 24.410459518000039, -29.789167403999954 ], [ 24.37601470900006, -29.726081847999922 ], [ 24.350437164000084, -29.707199096999943 ], [ 24.353895187000091, -29.662996291999946 ], [ 24.347112656000036, -29.655416488999947 ], [ 24.90229988100009, -28.647678374999941 ], [ 24.828176498000062, -28.626613616999919 ], [ 24.868267059000061, -28.516691207999941 ], [ 24.847326279000072, -28.503408431999958 ], [ 24.881759644000056, -28.462831496999911 ], [ 24.887218475000054, -28.464670180999917 ], [ 24.938114166000048, -28.324554442999954 ], [ 24.890653610000072, -28.309915542999931 ], [ 24.87100029000004, -28.270063399999913 ], [ 24.905677795000088, -28.274578093999935 ], [ 24.927146912000069, -28.246549605999917 ], [ 24.965000153000062, -28.250398635999943 ], [ 25.028804779000041, -28.072889327999917 ], [ 25.074216843000045, -28.065319060999911 ], [ 25.076841354000067, -28.04933357199991 ], [ 25.107252121000045, -28.012456893999911 ], [ 25.090944290000039, -27.984050750999927 ], [ 25.13162612900004, -27.949823379999941 ], [ 25.136205673000063, -27.923128127999917 ], [ 25.161224365000066, -27.926467895999906 ], [ 25.204187393000041, -27.883810042999926 ], [ 25.253311157000041, -27.865985869999918 ], [ 25.258031845000062, -27.855445861999954 ], [ 25.238576889000058, -27.834449767999956 ], [ 25.260929108000084, -27.821603774999915 ], [ 25.27534675600009, -27.796115874999941 ], [ 25.341138840000042, -27.792291640999906 ], [ 25.36465454100005, -27.749986648999936 ], [ 25.395008087000065, -27.728239058999918 ], [ 25.42387771600005, -27.715257644999951 ], [ 25.470129013000076, -27.709938048999959 ], [ 25.48221015900009, -27.691917418999935 ], [ 25.557252884000036, -27.685672759999932 ], [ 25.592195511000057, -27.654418944999918 ], [ 25.616813660000048, -27.668861388999915 ], [ 25.629495621000046, -27.667129516999921 ], [ 25.638196945000061, -27.684106826999937 ], [ 25.662315369000055, -27.693672179999908 ], [ 25.677797318000046, -27.680219649999913 ], [ 25.679138184000067, -27.62903022799992 ], [ 25.729728699000077, -27.614927291999948 ], [ 25.830696106000062, -27.564947127999915 ], [ 25.845287323000036, -27.589643477999914 ], [ 25.846466064000083, -27.610637664999956 ], [ 25.863309860000072, -27.624637603999929 ], [ 25.893133163000073, -27.625524520999932 ], [ 25.897052765000069, -27.611043929999937 ], [ 25.926324844000078, -27.603141784999934 ], [ 25.947259903000088, -27.632394790999911 ], [ 25.981718063000073, -27.626382827999919 ], [ 25.980388641000047, -27.636495589999925 ], [ 26.006687164000084, -27.656978606999928 ], [ 26.010570526000038, -27.685770034999905 ], [ 26.003030777000049, -27.706228255999918 ], [ 26.025651932000073, -27.733570098999905 ], [ 26.038667679000071, -27.735044478999953 ], [ 26.095693588000074, -27.690702437999903 ], [ 26.092617035000046, -27.681417464999925 ], [ 26.06916618300005, -27.680879592999929 ], [ 26.054977417000089, -27.669372558999953 ], [ 26.086311340000066, -27.648328780999918 ], [ 26.075117111000054, -27.618917464999925 ], [ 26.084327698000038, -27.595041274999915 ], [ 26.114252090000036, -27.592878341999949 ], [ 26.13283920300006, -27.558990478999931 ], [ 26.15431594800009, -27.563642501999936 ], [ 26.169385910000074, -27.536321639999926 ], [ 26.203073502000052, -27.516027450999957 ], [ 26.228618622000056, -27.512550353999927 ], [ 26.23152351400006, -27.494781493999938 ], [ 26.219856262000064, -27.474807738999914 ], [ 26.243595123000091, -27.430278777999945 ], [ 26.266073227000049, -27.415775298999904 ], [ 26.285987854000041, -27.42165756199995 ], [ 26.295148849000043, -27.415140151999935 ], [ 26.310348511000086, -27.417921065999906 ], [ 26.324260712000068, -27.432680129999937 ], [ 26.327156067000089, -27.406719207999913 ], [ 26.345996857000046, -27.385074614999951 ], [ 26.372434616000078, -27.383075713999915 ], [ 26.423498154000072, -27.406713485999944 ], [ 26.45182800300006, -27.385330199999942 ], [ 26.507602692000034, -27.398170470999958 ], [ 26.512626648000037, -27.393287658999952 ], [ 26.512609482000073, -27.383842467999955 ], [ 26.485124588000076, -27.379537581999955 ], [ 26.446641922000083, -27.348857879999912 ], [ 26.476345062000064, -27.307516097999951 ], [ 26.485170364000055, -27.309089660999916 ], [ 26.482250214000089, -27.323501586999953 ], [ 26.493736267000088, -27.318315505999919 ], [ 26.488733292000063, -27.285629271999937 ], [ 26.497432709000066, -27.267690658999925 ], [ 26.489643097000055, -27.251249312999903 ], [ 26.443159103000085, -27.216102599999942 ], [ 26.420007706000035, -27.171007155999916 ], [ 26.426277161000087, -27.152235030999918 ], [ 26.47267532300009, -27.154144286999951 ], [ 26.483005524000077, -27.131345748999934 ], [ 26.499904633000085, -27.132133483999951 ], [ 26.51262283300008, -27.120771407999939 ], [ 26.529087067000034, -27.090471267999931 ], [ 26.58505630500008, -27.106933593999941 ], [ 26.593740463000074, -27.078580855999917 ], [ 26.581422806000035, -27.055328368999938 ], [ 26.592815399000074, -27.037439345999928 ], [ 26.613927841000077, -27.026729583999952 ], [ 26.619249344000082, -27.003347396999914 ], [ 26.670001984000066, -26.994047164999927 ], [ 26.67910766600005, -27.014186858999949 ], [ 26.69045066800004, -27.017059325999924 ], [ 26.715259552000077, -26.973794936999923 ], [ 26.751010895000036, -26.964303969999946 ], [ 26.764268875000084, -26.949127196999939 ], [ 26.803461075000087, -26.932418822999921 ], [ 26.811326981000036, -26.932497024999918 ], [ 26.810241699000073, -26.948930739999923 ], [ 26.819215775000089, -26.952594756999929 ], [ 26.848737717000063, -26.940320968999913 ], [ 26.864988327000049, -26.918401717999927 ], [ 26.879512787000067, -26.933315276999906 ], [ 26.90667533900006, -26.942777633999924 ], [ 26.92105674700008, -26.972545623999906 ], [ 26.921291351000036, -26.904262542999959 ], [ 26.941085815000065, -26.870538711999927 ], [ 26.952005386000053, -26.874311446999911 ], [ 26.948457718000043, -26.892198562999909 ], [ 26.959457397000051, -26.901319503999957 ], [ 27.039812088000076, -26.938861846999941 ], [ 27.086957932000075, -26.938123702999917 ], [ 27.113843918000043, -26.926061629999936 ], [ 27.142290115000037, -26.941978454999912 ], [ 27.162693024000077, -26.924779891999947 ], [ 27.178590775000089, -26.924446105999948 ], [ 27.184272766000049, -26.95237159699991 ], [ 27.174463272000082, -26.967121123999902 ], [ 27.208152771000073, -26.980018615999938 ], [ 27.217634201000067, -26.946758269999918 ], [ 27.292022705000079, -26.876932143999909 ], [ 27.304748535000044, -26.853580474999944 ], [ 27.336612701000035, -26.854433059999906 ], [ 27.339860916000077, -26.870777129999908 ], [ 27.368679047000057, -26.891401290999909 ], [ 27.37146186800004, -26.904165267999929 ], [ 27.388715744000081, -26.90215682999991 ], [ 27.40017890900009, -26.921281814999929 ], [ 27.414619446000074, -26.925180434999959 ], [ 27.440345764000085, -26.899007796999911 ], [ 27.476367950000053, -26.883007049999947 ], [ 27.488262177000081, -26.848285674999943 ], [ 27.510358810000071, -26.838081359999933 ], [ 27.517854691000082, -26.807981490999907 ], [ 27.506380081000088, -26.795568465999906 ], [ 27.508680344000084, -26.786415099999942 ], [ 27.539411545000064, -26.783836364999956 ], [ 27.556022644000052, -26.772565841999949 ], [ 27.569906235000076, -26.780630111999926 ], [ 27.580410004000044, -26.774848937999934 ], [ 27.570632935000049, -26.746540069999924 ], [ 27.630025864000061, -26.731878280999922 ], [ 27.632457733000081, -26.771198272999925 ], [ 27.671823502000052, -26.772806167999931 ], [ 27.688573837000035, -26.760871886999951 ], [ 27.726892471000042, -26.759235381999929 ], [ 27.768318176000037, -26.799041747999922 ], [ 27.768411636000053, -26.763612746999911 ], [ 27.781106949000048, -26.750762938999912 ], [ 27.881235123000067, -26.745449065999935 ], [ 27.894920349000074, -26.721342086999925 ], [ 27.893119812000066, -26.710386275999952 ], [ 27.92529869100008, -26.703952788999914 ], [ 27.942525864000061, -26.674001693999912 ], [ 27.970777512000041, -26.66834068299994 ], [ 28.000419617000091, -26.695743560999915 ], [ 27.992923737000069, -26.733139037999933 ], [ 28.007696152000051, -26.768939971999941 ], [ 28.028928757000074, -26.779674529999909 ], [ 28.014749527000049, -26.792552947999923 ], [ 28.046697617000063, -26.799760817999925 ], [ 28.051082611000083, -26.813375472999951 ], [ 28.076099396000075, -26.831584929999906 ], [ 28.115449905000048, -26.844747542999926 ], [ 28.121765137000068, -26.857206344999952 ], [ 28.117332458000078, -26.889474868999912 ], [ 28.154012680000051, -26.884263991999944 ], [ 28.170310974000074, -26.890947341999947 ], [ 28.169033051000042, -26.865900039999929 ], [ 28.154851913000073, -26.850408553999955 ], [ 28.170072556000036, -26.844322204999912 ], [ 28.184469223000065, -26.87021255499991 ], [ 28.183025360000045, -26.890682219999917 ], [ 28.20621299700008, -26.915130614999953 ], [ 28.23200988800005, -26.918275832999939 ], [ 28.230003357000044, -26.888244628999928 ], [ 28.24332237200008, -26.882562636999921 ] ] ] } },
{ "type": "Feature", "properties": { "loc": "ZA-A1-0005" }, "geometry": { "type": "Polygon", "coordinates": [ [ [ 32.100009918000069, -26.806539535999889 ], [ 32.118549347000055, -26.830110549999915 ], [ 32.185634613000161, -26.860670089999871 ], [ 32.229438782000102, -26.832778930999893 ], [ 32.284278870000094, -26.850246428999924 ], [ 32.385421753000173, -26.862577437999846 ], [ 32.820278168000186, -26.868684768999913 ], [ 32.895973206000122, -26.856843947999948 ], [ 32.883369446000188, -26.893293380999864 ], [ 32.870700836000196, -27.006841659999907 ], [ 32.844184875000167, -27.108438491999891 ], [ 32.81271743800005, -27.167881011999953 ], [ 32.778697968000074, -27.285867690999851 ], [ 32.762241364000204, -27.313413619999949 ], [ 32.732513428000061, -27.403560637999931 ], [ 32.683391571000072, -27.506591796999942 ], [ 32.682312012000182, -27.547681807999879 ], [ 32.60824203500016, -27.812797545999956 ], [ 32.592079163000051, -27.910991668999941 ], [ 32.593128204000095, -27.958017348999931 ], [ 32.561504364000086, -28.140386580999916 ], [ 32.516220093000186, -28.238935470999934 ], [ 32.431880951000039, -28.384052276999853 ], [ 32.416923523000037, -28.492521285999942 ], [ 32.403350830000136, -28.522504806999905 ], [ 32.344570160000046, -28.590398787999845 ], [ 32.292209625000169, -28.639381408999952 ], [ 32.240360260000159, -28.671819686999925 ], [ 32.199329376000037, -28.717666625999868 ], [ 32.017127991000109, -28.878822326999909 ], [ 31.854021072000194, -28.94186592099993 ], [ 31.793788910000103, -28.94552421599991 ], [ 31.787149429000124, -28.933185576999847 ], [ 31.757562637000092, -28.921464919999892 ], [ 31.762907028000029, -28.935190200999898 ], [ 31.781753540000125, -28.941938399999856 ], [ 31.780565262000039, -28.95433425899995 ], [ 31.813934326000037, -28.951341628999955 ], [ 31.781673431000172, -28.961208343999886 ], [ 31.754970551000042, -28.979974746999915 ], [ 31.665149689000145, -29.068643569999949 ], [ 31.635009766000053, -29.088323592999927 ], [ 31.635860443000013, -29.096576690999939 ], [ 31.60945510900018, -29.127696990999937 ], [ 31.559898376000092, -29.176370620999933 ], [ 31.503458023000178, -29.219556807999936 ], [ 31.489549637000096, -29.212747573999934 ], [ 31.448228836000055, -29.213634490999937 ], [ 31.438028336000173, -29.206083297999896 ], [ 31.44622039800015, -29.185434340999905 ], [ 31.433223724000186, -29.197877883999922 ], [ 31.437709808000136, -29.210729598999933 ], [ 31.450361252000107, -29.219816207999941 ], [ 31.491962433000083, -29.221450805999893 ], [ 31.487350464000144, -29.235692977999861 ], [ 31.453565598000182, -29.270715713999891 ], [ 31.436780930000168, -29.265060424999945 ], [ 31.443981171000075, -29.28635597199991 ], [ 31.420021056999985, -29.30572891199995 ], [ 31.403528214000062, -29.305801391999864 ], [ 31.406476974000157, -29.317485808999947 ], [ 31.382261276000065, -29.340293883999891 ], [ 31.363162994000163, -29.343582152999943 ], [ 31.371305466000081, -29.347906112999851 ], [ 31.347352982000132, -29.37345886199995 ], [ 31.315647125000169, -29.371286391999888 ], [ 31.338005066000107, -29.389089583999919 ], [ 31.191476822000084, -29.566608428999871 ], [ 31.136384964000115, -29.646547317999875 ], [ 31.094371796000075, -29.733997344999921 ], [ 31.043571472000053, -29.806774138999913 ], [ 31.019908905000193, -29.810022353999955 ], [ 30.974643707000041, -29.795873641999947 ], [ 30.989658356000064, -29.807775496999852 ], [ 31.037277222000057, -29.8141212459999 ], [ 31.039186478000147, -29.840482711999869 ], [ 31.054517746000158, -29.867048263999948 ], [ 31.026086807000127, -29.863201140999877 ], [ 30.99484443700004, -29.897176742999932 ], [ 30.998537064000118, -29.900609969999891 ], [ 31.007766724000135, -29.907243728999958 ], [ 31.015913010000077, -29.901500701999851 ], [ 31.029018402000133, -29.877866744999892 ], [ 31.039813995000088, -29.879913329999852 ], [ 31.031158447000166, -29.892076491999944 ], [ 31.064813614000116, -29.878721236999866 ], [ 30.897632599000076, -30.046739577999915 ], [ 30.733314514000085, -30.341732024999942 ], [ 30.64169311500018, -30.478233336999949 ], [ 30.628417969000111, -30.50938034099994 ], [ 30.435640335000073, -30.773401259999957 ], [ 30.400928497, -30.833093642999927 ], [ 30.321407318000126, -30.922863006999876 ], [ 30.304235458000051, -30.959449767999899 ], [ 30.240064621000158, -31.030437468999935 ], [ 30.233045578000144, -31.050333022999951 ], [ 30.195734343000083, -31.08082649399995 ], [ 30.163562775000059, -31.049640655999951 ], [ 30.170295715000066, -31.025039672999924 ], [ 30.149188995000202, -31.015367507999883 ], [ 30.140586853000059, -31.022493361999921 ], [ 30.1356868740001, -31.008331298999906 ], [ 30.147077560000184, -31.000696181999956 ], [ 30.142070770000203, -30.986928939999927 ], [ 30.156744003000199, -30.975994109999931 ], [ 30.134923935000131, -30.962644576999935 ], [ 30.146663666000052, -30.922044753999955 ], [ 30.13353538500013, -30.909162520999871 ], [ 30.120683670000062, -30.909765243999857 ], [ 30.126661301000183, -30.90512847899987 ], [ 30.113986969000109, -30.899595260999945 ], [ 30.120258331000116, -30.887989043999937 ], [ 30.075811386000055, -30.881330489999925 ], [ 30.071390152000163, -30.871097564999957 ], [ 30.093597412000122, -30.87761688199987 ], [ 30.095485687000121, -30.862485885999945 ], [ 30.079170227000077, -30.866128921999916 ], [ 30.070718765000152, -30.851791381999931 ], [ 30.039562225000054, -30.844778060999886 ], [ 30.025827408000055, -30.848575591999861 ], [ 30.023441315000071, -30.85680961599985 ], [ 30.022041321000074, -30.839153289999899 ], [ 30.007740021000188, -30.841901778999954 ], [ 30.009695053000144, -30.826101302999916 ], [ 30.000219345000176, -30.837270736999926 ], [ 29.964506149000044, -30.825027465999881 ], [ 29.974586487000124, -30.796821593999937 ], [ 29.935264587000177, -30.802125930999921 ], [ 29.942789078000203, -30.791244506999874 ], [ 29.956626892000145, -30.78907585099995 ], [ 29.949575424000045, -30.769241332999911 ], [ 29.923604964999981, -30.767854690999911 ], [ 29.929710388000046, -30.79173660299989 ], [ 29.908344269000168, -30.796655654999938 ], [ 29.914726257000098, -30.76987647999988 ], [ 29.887626648000037, -30.784040450999953 ], [ 29.894916534000174, -30.759494780999944 ], [ 29.874666214000115, -30.757839202999889 ], [ 29.867082596000046, -30.74469375599989 ], [ 29.852796555000054, -30.760946273999934 ], [ 29.848096848000125, -30.736007689999951 ], [ 29.830919266000137, -30.743612288999941 ], [ 29.825990677000107, -30.720720290999907 ], [ 29.809200287000124, -30.729984282999908 ], [ 29.804641724000192, -30.715555190999851 ], [ 29.815469742000118, -30.699253081999871 ], [ 29.800819397, -30.708547591999945 ], [ 29.781126022000137, -30.695104598999933 ], [ 29.78659629800012, -30.709119796999914 ], [ 29.77331733699998, -30.704507827999919 ], [ 29.770950317000086, -30.718097686999897 ], [ 29.762443542000142, -30.718835830999865 ], [ 29.7527771, -30.706903457999942 ], [ 29.740724564000061, -30.723199843999907 ], [ 29.730623245000118, -30.715837478999958 ], [ 29.733957291000138, -30.707202910999854 ], [ 29.701005936000172, -30.704809188999945 ], [ 29.674915314000202, -30.669391631999872 ], [ 29.651617050000198, -30.685722350999924 ], [ 29.600236893000101, -30.689134597999953 ], [ 29.587730408000084, -30.658714293999878 ], [ 29.525728226000126, -30.639343261999954 ], [ 29.513076782000155, -30.618488311999954 ], [ 29.469358444000079, -30.625093459999846 ], [ 29.44364357000012, -30.641063689999896 ], [ 29.373832703000062, -30.650100707999854 ], [ 29.347017288000075, -30.673637389999897 ], [ 29.323959351000155, -30.646682738999857 ], [ 29.277473450000173, -30.637691497999867 ], [ 29.261047363000046, -30.621393203999958 ], [ 29.204544067000143, -30.619918822999921 ], [ 29.195478439000055, -30.624437331999957 ], [ 29.198339462000092, -30.634023665999905 ], [ 29.183675766000022, -30.640981673999875 ], [ 29.178417206000177, -30.628147124999941 ], [ 29.185913086000085, -30.618442534999872 ], [ 29.173606873000153, -30.623901366999917 ], [ 29.168790817000115, -30.612804412999935 ], [ 29.135656357000187, -30.603593825999894 ], [ 29.14636421199998, -30.594968795999932 ], [ 29.115577697999981, -30.579349517999958 ], [ 29.112678528000117, -30.554058074999887 ], [ 29.023485184000094, -30.503507613999943 ], [ 28.987466812000093, -30.530273437999881 ], [ 28.974048615000186, -30.560699462999878 ], [ 28.931085587000098, -30.579124450999927 ], [ 28.882114410000156, -30.567535399999883 ], [ 28.881765366000081, -30.559780120999847 ], [ 28.855678558000079, -30.548759459999872 ], [ 28.843069077000109, -30.52729415899995 ], [ 28.849102020000203, -30.50333023099995 ], [ 28.791814804000069, -30.492687224999941 ], [ 28.772752762000096, -30.46863365199988 ], [ 28.78775215100012, -30.402790069999867 ], [ 28.831573486000082, -30.403608321999911 ], [ 28.848669052000105, -30.394699096999943 ], [ 28.858394622999981, -30.333122252999885 ], [ 28.895105362000152, -30.299562453999954 ], [ 28.902490616000136, -30.277141570999959 ], [ 28.898374557000011, -30.25660324099988 ], [ 28.926778793000096, -30.254114150999897 ], [ 28.970228195000118, -30.280223845999899 ], [ 28.974529266000104, -30.26535034199992 ], [ 28.966445923000151, -30.241376876999936 ], [ 28.973428726000179, -30.246229171999857 ], [ 29.021986008000056, -30.22600746199987 ], [ 29.007944107000014, -30.218685149999942 ], [ 29.006757736, -30.207380294999894 ], [ 28.99025726300016, -30.206363677999889 ], [ 29.038572311000053, -30.189203261999864 ], [ 29.053417206000063, -30.172075271999859 ], [ 29.076480865000121, -30.177183150999895 ], [ 29.090948105000052, -30.148300170999846 ], [ 29.120662689000198, -30.160606383999948 ], [ 29.110734940000043, -30.15366363499993 ], [ 29.122388840000099, -30.145374297999865 ], [ 29.116390228000114, -30.140975951999849 ], [ 29.120672226000181, -30.110454558999947 ], [ 29.112977982000189, -30.105457305999948 ], [ 29.121719360000156, -30.098516463999943 ], [ 29.112407684000061, -30.097530364999955 ], [ 29.101957321000043, -30.07095909099985 ], [ 29.068130493000069, -30.043760299999917 ], [ 29.045431137000037, -30.012708663999888 ], [ 29.01925680700009, -30.003315049999912 ], [ 29.092128754000157, -29.957786559999931 ], [ 29.115970612000183, -29.963485717999902 ], [ 29.128726959000062, -29.935724257999937 ], [ 29.169761658000198, -29.926345824999942 ], [ 29.174768448000066, -29.914503097999955 ], [ 29.156942368000045, -29.864416121999852 ], [ 29.13403511000007, -29.853235244999951 ], [ 29.130619049000131, -29.841476439999951 ], [ 29.156856537000124, -29.75177574199995 ], [ 29.150230408000141, -29.719310759999928 ], [ 29.177791595000144, -29.697534560999941 ], [ 29.183498383000199, -29.665513991999944 ], [ 29.210664749000159, -29.660701751999852 ], [ 29.240550995000092, -29.639410018999911 ], [ 29.295099258000164, -29.630908965999936 ], [ 29.301156998000067, -29.605312346999938 ], [ 29.294614792, -29.591897963999884 ], [ 29.332139969000082, -29.580120086999898 ], [ 29.305185318000156, -29.563850402999947 ], [ 29.311717987000179, -29.527935027999945 ], [ 29.305965424000192, -29.489751815999909 ], [ 29.334253311000111, -29.478969573999905 ], [ 29.347822189000169, -29.456930160999946 ], [ 29.428306580000196, -29.431123733999868 ], [ 29.446237564000171, -29.399276732999908 ], [ 29.450002670000117, -29.367898940999908 ], [ 29.465761185000076, -29.352537154999936 ], [ 29.460369110000045, -29.333637237999881 ], [ 29.442251205000161, -29.32280540499994 ], [ 29.44583511400009, -29.287292479999849 ], [ 29.410263062000126, -29.246810912999877 ], [ 29.39269828800019, -29.196737288999941 ], [ 29.342786789000115, -29.144077300999868 ], [ 29.347465515000124, -29.107433318999938 ], [ 29.34091568000008, -29.095623015999934 ], [ 29.292175293000071, -29.077384948999907 ], [ 29.261617661000173, -29.089038848999849 ], [ 29.228864670000121, -29.0572738649999 ], [ 29.220832825000173, -29.030284881999876 ], [ 29.166421890000095, -29.010986327999888 ], [ 29.139762878000056, -28.98894500699987 ], [ 29.081415176000121, -28.972066878999954 ], [ 29.074062347000051, -28.962753295999903 ], [ 29.073135376000153, -28.93519210799991 ], [ 29.028354645000036, -28.908897399999944 ], [ 29.000066757000184, -28.913650512999936 ], [ 28.963144302000103, -28.876232146999939 ], [ 28.956151962000092, -28.852685927999914 ], [ 28.915851593000127, -28.795219420999899 ], [ 28.876201697000056, -28.763883442999941 ], [ 28.892417908000198, -28.744504928999959 ], [ 28.897502899000187, -28.690467833999946 ], [ 28.943071365000037, -28.650499343999854 ], [ 28.944597244000079, -28.622192382999856 ], [ 28.966260910000017, -28.604909896999857 ], [ 28.961582184000179, -28.596763610999858 ], [ 28.974597931000176, -28.575157165999883 ], [ 29.097129822000056, -28.545076369999947 ], [ 29.136327744000198, -28.566377639999928 ], [ 29.171049118000155, -28.53008079499989 ], [ 29.179029465000099, -28.542926787999875 ], [ 29.197294235000186, -28.54467773399989 ], [ 29.217035294000141, -28.51839637799992 ], [ 29.191829681000115, -28.493328093999878 ], [ 29.248758316000135, -28.424945830999889 ], [ 29.262081146000071, -28.433738707999908 ], [ 29.294511795000119, -28.436288833999868 ], [ 29.323688507000156, -28.423418044999949 ], [ 29.320381165000072, -28.406658172999869 ], [ 29.37411880500008, -28.371526717999927 ], [ 29.414354324000044, -28.37585830699993 ], [ 29.437879561999978, -28.321086883999953 ], [ 29.478042603000176, -28.292154311999866 ], [ 29.483348846000183, -28.272367476999875 ], [ 29.550815582000041, -28.246864318999883 ], [ 29.558940887000063, -28.257957457999908 ], [ 29.620157242000118, -28.240949630999864 ], [ 29.624780655000109, -28.224576949999857 ], [ 29.609672546000184, -28.215021132999937 ], [ 29.626399994000053, -28.185628890999851 ], [ 29.66285324100005, -28.177001952999888 ], [ 29.663581848000035, -28.141584395999871 ], [ 29.654424667000058, -28.137861251999936 ], [ 29.660900116, -28.125623702999917 ], [ 29.655752182000015, -28.089595794999866 ], [ 29.617136002000052, -28.046394347999922 ], [ 29.639667511000141, -28.015125274999889 ], [ 29.636156082000127, -27.994089126999882 ], [ 29.651109695000059, -27.966276168999912 ], [ 29.663715363000165, -27.957145690999937 ], [ 29.679780960000073, -27.958099364999896 ], [ 29.6751480100001, -27.94377899199992 ], [ 29.657960892000176, -27.936901092999904 ], [ 29.66354942300012, -27.929588317999958 ], [ 29.654205322000109, -27.922639846999857 ], [ 29.672159195000177, -27.916629790999878 ], [ 29.690717697000196, -27.895347594999919 ], [ 29.682994843000188, -27.887567519999948 ], [ 29.687372208000056, -27.858066558999894 ], [ 29.703075409000064, -27.856113433999951 ], [ 29.693422318000103, -27.838880538999888 ], [ 29.697305679000124, -27.824037551999936 ], [ 29.731548309000118, -27.807550429999935 ], [ 29.724735260000102, -27.795705794999947 ], [ 29.712108612000065, -27.795276641999862 ], [ 29.718166351000093, -27.786918639999953 ], [ 29.704097748000152, -27.765083312999934 ], [ 29.71259498600017, -27.720418929999937 ], [ 29.709264755000049, -27.698043822999921 ], [ 29.693973541000105, -27.694618224999886 ], [ 29.670389175000082, -27.669666289999952 ], [ 29.671966553, -27.652250289999927 ], [ 29.678276062000123, -27.638410567999927 ], [ 29.698127747000115, -27.640390395999873 ], [ 29.718547821000186, -27.629039763999856 ], [ 29.735082626000064, -27.606628417999957 ], [ 29.749183655000138, -27.613222121999911 ], [ 29.771005630000161, -27.595115661999955 ], [ 29.785396576000153, -27.596281051999938 ], [ 29.780689240000072, -27.559051513999918 ], [ 29.758625031000122, -27.526649474999942 ], [ 29.736265182000182, -27.519111632999852 ], [ 29.724824905000162, -27.523803710999857 ], [ 29.709518433000085, -27.513113021999914 ], [ 29.710794449000105, -27.498197555999923 ], [ 29.732194901000128, -27.48745727499994 ], [ 29.703441620000035, -27.471534728999927 ], [ 29.70863914500012, -27.461301803999959 ], [ 29.717185974000074, -27.464431762999936 ], [ 29.758661270000175, -27.442243575999896 ], [ 29.781097412000065, -27.456689834999906 ], [ 29.797840118000181, -27.457624434999957 ], [ 29.822534561000111, -27.426879882999913 ], [ 29.840894699000103, -27.377504348999878 ], [ 29.865852356, -27.38368415799988 ], [ 29.884986877000017, -27.376022338999917 ], [ 29.890630722000083, -27.385765075999927 ], [ 29.898935318000156, -27.385232924999855 ], [ 29.9169101720002, -27.355865478999874 ], [ 29.977989197000113, -27.373842238999941 ], [ 30.016672134000203, -27.397262572999921 ], [ 30.030790329000126, -27.386291503999871 ], [ 30.046617508000054, -27.386281966999888 ], [ 30.068548203000148, -27.365743636999866 ], [ 30.087184906000175, -27.368753432999881 ], [ 30.14385414100002, -27.413070678999929 ], [ 30.153217316000166, -27.403972625999927 ], [ 30.150827408000112, -27.391725539999925 ], [ 30.190422058000081, -27.368955611999922 ], [ 30.198408127000107, -27.354703902999859 ], [ 30.228372574000048, -27.364967345999958 ], [ 30.234973907000096, -27.380397796999944 ], [ 30.280490875000169, -27.368066787999908 ], [ 30.282827377000046, -27.314170836999892 ], [ 30.302789688000132, -27.317012786999953 ], [ 30.328542709000146, -27.299222945999873 ], [ 30.366670609000039, -27.311433791999946 ], [ 30.367753983000171, -27.267452239999898 ], [ 30.426261902000078, -27.26974296599991 ], [ 30.42621994000018, -27.314460753999924 ], [ 30.433456421000187, -27.325153350999926 ], [ 30.44857597400005, -27.326749801999938 ], [ 30.496570587000178, -27.312023162999935 ], [ 30.563201904000096, -27.326482772999952 ], [ 30.587963104000153, -27.32246017499989 ], [ 30.660848618000159, -27.287424087999852 ], [ 30.718664169000192, -27.28376579299993 ], [ 30.728567123000175, -27.299764632999938 ], [ 30.740497589000142, -27.294221877999917 ], [ 30.743087769000056, -27.30541801499993 ], [ 30.749757767, -27.29939079299993 ], [ 30.76012039200009, -27.305448531999957 ], [ 30.771299362000093, -27.326068877999887 ], [ 30.784431458000199, -27.324214934999873 ], [ 30.778945923000094, -27.313899993999883 ], [ 30.789482117000034, -27.313236236999956 ], [ 30.797142029000042, -27.326416015999939 ], [ 30.8088207240001, -27.328069686999868 ], [ 30.802530289000174, -27.331176757999913 ], [ 30.811498642000117, -27.332277297999951 ], [ 30.808712006000121, -27.338821410999913 ], [ 30.820863724000162, -27.336399077999943 ], [ 30.82754135100015, -27.343629836999924 ], [ 30.821413040000152, -27.354694365999876 ], [ 30.85709953300011, -27.344577788999914 ], [ 30.866220474000102, -27.312654494999947 ], [ 30.922552109000094, -27.305042266999919 ], [ 30.923374176000152, -27.329841613999861 ], [ 30.938318253000034, -27.345798491999858 ], [ 30.944286346000069, -27.367681502999915 ], [ 30.952613831000178, -27.360895156999902 ], [ 31.002332687000035, -27.35827636699986 ], [ 31.010105133000081, -27.348203658999921 ], [ 31.019996643000184, -27.35997772199994 ], [ 31.031475067000088, -27.345926284999848 ], [ 31.045013428000175, -27.352481841999861 ], [ 31.052621841000075, -27.342477797999891 ], [ 31.078411102000189, -27.343254088999913 ], [ 31.097684860000072, -27.329923629999882 ], [ 31.141260147000139, -27.362306594999893 ], [ 31.166130066000051, -27.368314742999928 ], [ 31.276760071000183, -27.239946398999848 ], [ 31.502174377000188, -27.315452575999927 ], [ 31.975315094000052, -27.316989898999907 ], [ 31.983064651000063, -27.061485290999883 ], [ 32.010040283000023, -26.82452392599987 ], [ 32.013824463000162, -26.811199187999875 ], [ 32.066280365000182, -26.81446647599995 ], [ 32.100009918000069, -26.806539535999889 ] ] ] } },
{ "type": "Feature", "properties": { "loc": "ZA-A1-0006" }, "geometry": { "type": "Polygon", "coordinates": [ [ [ 26.421554565000065, -24.635549544999947 ], [ 26.427865982000071, -24.657520293999937 ], [ 26.421585083000082, -24.690742492999959 ], [ 26.427555084000062, -24.695856093999907 ], [ 26.41856765700004, -24.728313445999959 ], [ 26.427932739000084, -24.750352858999918 ], [ 26.426313400000083, -24.770305633999953 ], [ 26.444540024000048, -24.789813994999918 ], [ 26.459815979000041, -24.789846419999947 ], [ 26.458665848000066, -24.808681487999934 ], [ 26.463397980000082, -24.801334380999947 ], [ 26.566776276000041, -24.819282531999932 ], [ 26.622337341000048, -24.809242248999908 ], [ 26.69962120100007, -24.866674422999949 ], [ 26.705411911000056, -24.856351851999932 ], [ 26.751585007000074, -24.88234710699993 ], [ 26.780002594000052, -24.837156295999932 ], [ 26.942968369000084, -24.775657653999929 ], [ 26.981046677000052, -24.775350570999933 ], [ 26.97670936600008, -24.719842910999944 ], [ 27.026641846000075, -24.718002318999936 ], [ 27.04153823900009, -24.886358260999941 ], [ 27.101457596000046, -24.899431228999958 ], [ 27.141532898000037, -24.942697524999915 ], [ 27.15436363200007, -24.978355407999913 ], [ 27.18373107900004, -24.94790840099995 ], [ 27.226408005000053, -24.963331222999955 ], [ 27.207597733000057, -24.996648787999959 ], [ 27.203790665000042, -25.03256988499993 ], [ 27.231987, -25.035491942999954 ], [ 27.22386169400005, -25.066808700999957 ], [ 27.277687073000038, -25.037031173999935 ], [ 27.313909531000036, -25.041479110999944 ], [ 27.337221146000047, -25.087219237999932 ], [ 27.424903870000037, -25.068294524999942 ], [ 27.431634903000088, -25.081438064999929 ], [ 27.482051849000072, -25.066453933999924 ], [ 27.48720932000009, -25.077754973999959 ], [ 27.520048141000075, -25.076299666999944 ], [ 27.533052444000077, -25.083642959999906 ], [ 27.531438828000034, -25.094783782999912 ], [ 27.541954041000054, -25.098119735999944 ], [ 27.564535141000079, -25.083522796999944 ], [ 27.562862396000071, -25.104194640999935 ], [ 27.584497452000051, -25.102048873999934 ], [ 27.582759857000042, -25.083190917999957 ], [ 27.592880249000075, -25.070890426999938 ], [ 27.568786621000072, -25.057476043999941 ], [ 27.594282150000083, -25.028915404999907 ], [ 27.595783234000066, -24.983507155999916 ], [ 27.629249573000038, -24.97075653099995 ], [ 27.70510482800006, -24.985483169999952 ], [ 27.789207458000078, -24.965902327999913 ], [ 27.946731567000086, -25.000736236999956 ], [ 27.955242157000043, -24.969549178999955 ], [ 27.983852386000081, -24.957229613999914 ], [ 27.996229172000085, -24.97124290499994 ], [ 28.037273407000043, -24.984731673999931 ], [ 28.120300293000071, -24.978853225999956 ], [ 28.125482559000091, -25.004163741999946 ], [ 28.26000022900007, -25.049930572999926 ], [ 28.208150864000061, -25.122892379999939 ], [ 28.177072525000085, -25.118726729999935 ], [ 28.181066513000076, -25.106868743999939 ], [ 28.15415573100006, -25.086090087999935 ], [ 28.079345703000058, -25.10032272299992 ], [ 28.094646454000042, -25.147941588999913 ], [ 28.129159927000046, -25.145143508999922 ], [ 28.135919571000045, -25.205053328999952 ], [ 28.16986846900005, -25.208829879999939 ], [ 28.211271286000056, -25.197523116999946 ], [ 28.246356964000086, -25.212268828999925 ], [ 28.298343658000078, -25.293790816999945 ], [ 28.299150467000061, -25.386362075999955 ], [ 28.28339767500006, -25.402173995999931 ], [ 28.229600906000087, -25.402730941999948 ], [ 28.213602066000078, -25.413808822999954 ], [ 28.187826157000075, -25.410833358999923 ], [ 28.19287681600008, -25.431480407999913 ], [ 28.12603187600007, -25.444675445999906 ], [ 28.116420746000074, -25.402513503999955 ], [ 28.149988174000043, -25.394617080999922 ], [ 28.144363403000057, -25.371601104999911 ], [ 28.111122131000059, -25.378438949999918 ], [ 28.108467102000077, -25.36655425999993 ], [ 28.055877686000088, -25.399469375999956 ], [ 28.074474335000048, -25.440464019999922 ], [ 28.08319664000004, -25.493473052999946 ], [ 28.089408875000061, -25.494405745999927 ], [ 28.082756042000085, -25.530084609999903 ], [ 28.07217216500004, -25.550117492999959 ], [ 28.051328659000035, -25.549173354999937 ], [ 28.04246330300009, -25.569461822999926 ], [ 28.049278259000062, -25.571117400999924 ], [ 28.031702042000063, -25.60508346599994 ], [ 28.017410278000057, -25.604774474999942 ], [ 28.002956390000065, -25.619844436999927 ], [ 27.977416992000087, -25.617538451999906 ], [ 27.980857849000074, -25.63222694399991 ], [ 27.965164185000049, -25.634267806999958 ], [ 27.965482712000039, -25.644851684999935 ], [ 27.957477570000037, -25.643064498999934 ], [ 27.952899933000083, -25.65202903699992 ], [ 27.957740784000066, -25.692764281999928 ], [ 27.948486328000058, -25.694644927999946 ], [ 27.979694366000047, -25.750885009999934 ], [ 27.949630737000064, -25.759191512999905 ], [ 27.96047782900007, -25.815429687999938 ], [ 27.926130295000064, -25.823551177999946 ], [ 27.939830780000079, -25.836219787999937 ], [ 27.900842667000063, -25.840274810999915 ], [ 27.898508072000084, -25.859186171999909 ], [ 27.840234756000086, -25.869289397999921 ], [ 27.831794739000088, -25.859600066999917 ], [ 27.744863510000073, -25.894056319999947 ], [ 27.743013382000072, -25.849287032999939 ], [ 27.685241699000073, -25.874849318999907 ], [ 27.664838791000079, -25.839570998999932 ], [ 27.647451401000069, -25.840021132999937 ], [ 27.643863678000059, -25.795360564999953 ], [ 27.605863571000043, -25.807680129999937 ], [ 27.560165405000077, -25.842287063999947 ], [ 27.51358795200008, -25.859775542999955 ], [ 27.462266922000083, -25.867038726999908 ], [ 27.470312119000084, -25.887554168999941 ], [ 27.457357407000075, -25.887741088999917 ], [ 27.46365737900004, -25.920919417999926 ], [ 27.453884125000059, -25.919601439999951 ], [ 27.457324982000046, -25.981304168999941 ], [ 27.450222015000065, -26.015607833999923 ], [ 27.43924140900009, -26.013805388999913 ], [ 27.43430709800009, -26.021949767999956 ], [ 27.419754028000057, -26.116956710999943 ], [ 27.362039566000078, -26.115131377999944 ], [ 27.358581543000071, -26.154081344999952 ], [ 27.291736603000061, -26.144075393999913 ], [ 27.308708191000051, -26.224641799999915 ], [ 27.330387115000065, -26.281280517999903 ], [ 27.235139847000085, -26.337749480999946 ], [ 27.188282013000048, -26.377336501999935 ], [ 27.225181580000083, -26.443456649999916 ], [ 27.231925964000084, -26.504518508999922 ], [ 27.343957901000067, -26.454240798999933 ], [ 27.388870239000084, -26.447681426999907 ], [ 27.384923935000074, -26.434923171999912 ], [ 27.437454224000078, -26.418909072999952 ], [ 27.43545341500004, -26.414068221999912 ], [ 27.540439606000064, -26.387054442999954 ], [ 27.537603378000085, -26.405334472999925 ], [ 27.545486450000055, -26.426271438999947 ], [ 27.535717010000042, -26.432546615999911 ], [ 27.543148041000052, -26.431177138999942 ], [ 27.557415009000067, -26.455863952999948 ], [ 27.612266541000054, -26.450368880999918 ], [ 27.613887787000067, -26.442461013999946 ], [ 27.630231857000069, -26.45222091699992 ], [ 27.626651764000087, -26.49327659599993 ], [ 27.607465744000081, -26.491085051999903 ], [ 27.603427887000066, -26.530136107999908 ], [ 27.612792969000054, -26.532436370999903 ], [ 27.604696274000048, -26.591459273999931 ], [ 27.545986176000042, -26.573907851999934 ], [ 27.583042145000036, -26.595272063999914 ], [ 27.569417953000084, -26.64664840699993 ], [ 27.574483871000041, -26.715335845999903 ], [ 27.603164673000038, -26.691936492999957 ], [ 27.602565765000065, -26.722351073999903 ], [ 27.589443207000045, -26.723588942999925 ], [ 27.581727982000075, -26.730499267999903 ], [ 27.592252731000087, -26.737182616999917 ], [ 27.569952011000055, -26.747728347999953 ], [ 27.580410004000044, -26.774848937999934 ], [ 27.569906235000076, -26.780630111999926 ], [ 27.556022644000052, -26.772565841999949 ], [ 27.539411545000064, -26.783836364999956 ], [ 27.508680344000084, -26.786415099999942 ], [ 27.506380081000088, -26.795568465999906 ], [ 27.517854691000082, -26.807981490999907 ], [ 27.511987686000055, -26.835308074999944 ], [ 27.488262177000081, -26.848285674999943 ], [ 27.476367950000053, -26.883007049999947 ], [ 27.440345764000085, -26.899007796999911 ], [ 27.41892051700006, -26.923374175999925 ], [ 27.407867432000046, -26.925300597999922 ], [ 27.391107559000091, -26.912883758999953 ], [ 27.38925743100009, -26.902421950999951 ], [ 27.37146186800004, -26.904165267999929 ], [ 27.368679047000057, -26.891401290999909 ], [ 27.339860916000077, -26.870777129999908 ], [ 27.336612701000035, -26.854433059999906 ], [ 27.304748535000044, -26.853580474999944 ], [ 27.292022705000079, -26.876932143999909 ], [ 27.217634201000067, -26.946758269999918 ], [ 27.208152771000073, -26.980018615999938 ], [ 27.174463272000082, -26.967121123999902 ], [ 27.184272766000049, -26.95237159699991 ], [ 27.178590775000089, -26.924446105999948 ], [ 27.162693024000077, -26.924779891999947 ], [ 27.142290115000037, -26.941978454999912 ], [ 27.113843918000043, -26.926061629999936 ], [ 27.086957932000075, -26.938123702999917 ], [ 27.039812088000076, -26.938861846999941 ], [ 26.959457397000051, -26.901319503999957 ], [ 26.948457718000043, -26.892198562999909 ], [ 26.952005386000053, -26.874311446999911 ], [ 26.941085815000065, -26.870538711999927 ], [ 26.921291351000036, -26.904262542999959 ], [ 26.92105674700008, -26.972545623999906 ], [ 26.90667533900006, -26.942777633999924 ], [ 26.879512787000067, -26.933315276999906 ], [ 26.864988327000049, -26.918401717999927 ], [ 26.848737717000063, -26.940320968999913 ], [ 26.832729340000071, -26.948011397999949 ], [ 26.812955856000087, -26.951435088999915 ], [ 26.808387756000059, -26.931140899999946 ], [ 26.764268875000084, -26.949127196999939 ], [ 26.751010895000036, -26.964303969999946 ], [ 26.715259552000077, -26.973794936999923 ], [ 26.69045066800004, -27.017059325999924 ], [ 26.67910766600005, -27.014186858999949 ], [ 26.670001984000066, -26.994047164999927 ], [ 26.620729446000041, -27.002536773999907 ], [ 26.613927841000077, -27.026729583999952 ], [ 26.592815399000074, -27.037439345999928 ], [ 26.581422806000035, -27.055328368999938 ], [ 26.593740463000074, -27.078580855999917 ], [ 26.58505630500008, -27.106933593999941 ], [ 26.529087067000034, -27.090471267999931 ], [ 26.503919601000064, -27.12971687299995 ], [ 26.483005524000077, -27.131345748999934 ], [ 26.474361420000037, -27.152944564999927 ], [ 26.458038330000079, -27.157407760999945 ], [ 26.428514481000036, -27.150251388999948 ], [ 26.420270920000064, -27.169025420999958 ], [ 26.443159103000085, -27.216102599999942 ], [ 26.489643097000055, -27.251249312999903 ], [ 26.497432709000066, -27.267690658999925 ], [ 26.488733292000063, -27.285629271999937 ], [ 26.493736267000088, -27.318315505999919 ], [ 26.482250214000089, -27.323501586999953 ], [ 26.485170364000055, -27.309089660999916 ], [ 26.476345062000064, -27.307516097999951 ], [ 26.446641922000083, -27.348857879999912 ], [ 26.485124588000076, -27.379537581999955 ], [ 26.512609482000073, -27.383842467999955 ], [ 26.512626648000037, -27.393287658999952 ], [ 26.507602692000034, -27.398170470999958 ], [ 26.45182800300006, -27.385330199999942 ], [ 26.423498154000072, -27.406713485999944 ], [ 26.372434616000078, -27.383075713999915 ], [ 26.345996857000046, -27.385074614999951 ], [ 26.327156067000089, -27.406719207999913 ], [ 26.324260712000068, -27.432680129999937 ], [ 26.310348511000086, -27.417921065999906 ], [ 26.295148849000043, -27.415140151999935 ], [ 26.285987854000041, -27.42165756199995 ], [ 26.266073227000049, -27.415775298999904 ], [ 26.243595123000091, -27.430278777999945 ], [ 26.219856262000064, -27.474807738999914 ], [ 26.23152351400006, -27.494781493999938 ], [ 26.228618622000056, -27.512550353999927 ], [ 26.203073502000052, -27.516027450999957 ], [ 26.169385910000074, -27.536321639999926 ], [ 26.15431594800009, -27.563642501999936 ], [ 26.13283920300006, -27.558990478999931 ], [ 26.114252090000036, -27.592878341999949 ], [ 26.084327698000038, -27.595041274999915 ], [ 26.075117111000054, -27.618917464999925 ], [ 26.086311340000066, -27.648328780999918 ], [ 26.054977417000089, -27.669372558999953 ], [ 26.06916618300005, -27.680879592999929 ], [ 26.092617035000046, -27.681417464999925 ], [ 26.095693588000074, -27.690702437999903 ], [ 26.063236237000069, -27.720315932999938 ], [ 26.035703659000035, -27.736494063999942 ], [ 26.012439728000061, -27.722303390999912 ], [ 26.002262115000065, -27.702863692999927 ], [ 26.010570526000038, -27.685770034999905 ], [ 26.006687164000084, -27.656978606999928 ], [ 25.980388641000047, -27.636495589999925 ], [ 25.981718063000073, -27.626382827999919 ], [ 25.947259903000088, -27.632394790999911 ], [ 25.926324844000078, -27.603141784999934 ], [ 25.897052765000069, -27.611043929999937 ], [ 25.893133163000073, -27.625524520999932 ], [ 25.863309860000072, -27.624637603999929 ], [ 25.846466064000083, -27.610637664999956 ], [ 25.845287323000036, -27.589643477999914 ], [ 25.826688766000075, -27.566047667999953 ], [ 25.729728699000077, -27.614927291999948 ], [ 25.679138184000067, -27.62903022799992 ], [ 25.677797318000046, -27.680219649999913 ], [ 25.662315369000055, -27.693672179999908 ], [ 25.638196945000061, -27.684106826999937 ], [ 25.629495621000046, -27.667129516999921 ], [ 25.616813660000048, -27.668861388999915 ], [ 25.592195511000057, -27.654418944999918 ], [ 25.557252884000036, -27.685672759999932 ], [ 25.48221015900009, -27.691917418999935 ], [ 25.470129013000076, -27.709938048999959 ], [ 25.42387771600005, -27.715257644999951 ], [ 25.395008087000065, -27.728239058999918 ], [ 25.36465454100005, -27.749986648999936 ], [ 25.341138840000042, -27.792291640999906 ], [ 25.27534675600009, -27.796115874999941 ], [ 25.260929108000084, -27.821603774999915 ], [ 25.238576889000058, -27.834449767999956 ], [ 25.258031845000062, -27.855445861999954 ], [ 25.253311157000041, -27.865985869999918 ], [ 25.204187393000041, -27.883810042999926 ], [ 25.161224365000066, -27.926467895999906 ], [ 25.13264846800007, -27.926473617999932 ], [ 25.13162612900004, -27.949823379999941 ], [ 25.090944290000039, -27.984050750999927 ], [ 25.107252121000045, -28.012456893999911 ], [ 25.076841354000067, -28.04933357199991 ], [ 25.074216843000045, -28.065319060999911 ], [ 24.978408813000044, -28.08072853099992 ], [ 24.951089859000035, -28.112676619999945 ], [ 24.829332352000051, -27.929681777999917 ], [ 25.048122406000061, -27.699132918999908 ], [ 25.035234451000065, -27.692670821999911 ], [ 24.999578476000067, -27.680183410999916 ], [ 24.801321030000054, -27.702329635999945 ], [ 24.792497635000075, -27.685525893999909 ], [ 24.798379898000064, -27.656129836999924 ], [ 24.781465530000048, -27.626113891999921 ], [ 24.783817291000048, -27.604532241999948 ], [ 24.757102966000048, -27.609245299999941 ], [ 24.762285233000057, -27.632854461999955 ], [ 24.692602158000057, -27.645061492999957 ], [ 24.678922653000086, -27.666662215999906 ], [ 24.686567307000075, -27.678014754999936 ], [ 24.673299789000055, -27.685029983999925 ], [ 24.695816040000068, -27.717224120999958 ], [ 24.710641861000056, -27.711259841999947 ], [ 24.719352722000053, -27.739463805999947 ], [ 24.716646194000077, -27.755084990999933 ], [ 24.703283310000074, -27.762638091999918 ], [ 24.710706711000057, -27.77104186999992 ], [ 24.700683594000054, -27.791376113999945 ], [ 24.710283279000066, -27.799642562999907 ], [ 24.711185455000077, -27.826004027999943 ], [ 24.690578461000086, -27.833841323999934 ], [ 24.697549820000063, -27.84637641899991 ], [ 24.691545486000052, -27.851678847999949 ], [ 24.65726470900006, -27.854442595999956 ], [ 24.650066376000041, -27.881004332999908 ], [ 24.630840302000081, -27.902118682999912 ], [ 24.607648849000043, -27.898008346999916 ], [ 24.629369736000058, -27.93457221999995 ], [ 24.621482849000074, -27.953599929999939 ], [ 24.629520416000048, -27.998203277999949 ], [ 24.61038970900006, -28.010778426999934 ], [ 24.615499496000041, -28.019174575999955 ], [ 24.609819412000036, -28.02683830299992 ], [ 24.562425613000073, -28.03387641899991 ], [ 24.557033539000088, -28.042364119999945 ], [ 24.564188004000073, -28.074808120999933 ], [ 24.536710739000057, -28.093051909999929 ], [ 24.46593856800007, -28.035461425999927 ], [ 24.445201874000077, -28.03162193299994 ], [ 24.468639374000077, -27.996448516999919 ], [ 24.467800140000065, -27.980426787999932 ], [ 24.410955429000069, -27.923475265999912 ], [ 24.393562317000089, -27.941516875999923 ], [ 24.360921860000076, -27.910293578999926 ], [ 24.410476685000049, -27.842155456999933 ], [ 24.427515030000052, -27.840169906999904 ], [ 24.452880859000061, -27.782249450999927 ], [ 24.409124374000044, -27.761106490999907 ], [ 24.447177887000066, -27.702526092999904 ], [ 24.405067444000053, -27.680452346999914 ], [ 24.108972549000043, -27.736551284999905 ], [ 24.091550827000049, -27.702066421999916 ], [ 24.115852356000062, -27.620304107999914 ], [ 24.049879074000046, -27.599952697999925 ], [ 24.052555084000062, -27.460744857999941 ], [ 24.086740494000082, -27.353096007999909 ], [ 24.064386368000044, -27.352777480999919 ], [ 23.993738174000043, -27.30892562899993 ], [ 23.971437454000068, -27.341342925999925 ], [ 23.985042572000054, -27.347522735999917 ], [ 23.976627350000058, -27.369346618999941 ], [ 23.986227036000059, -27.396722793999913 ], [ 23.95901107800006, -27.384752273999936 ], [ 23.957460403000084, -27.396764754999936 ], [ 23.920927048000067, -27.387393950999922 ], [ 23.902492523000035, -27.369768142999931 ], [ 23.868745804000071, -27.425342559999933 ], [ 23.880395889000056, -27.439291 ], [ 23.919776917000036, -27.451665877999915 ], [ 23.906698227000049, -27.470090865999907 ], [ 23.799118042000089, -27.455333709999934 ], [ 23.751831055000082, -27.529823302999944 ], [ 23.73938369800004, -27.536680221999916 ], [ 23.710123062000036, -27.507211684999959 ], [ 23.687667847000057, -27.508604049999917 ], [ 23.681125641000051, -27.499362945999906 ], [ 23.616134644000056, -27.470819472999949 ], [ 23.595645905000083, -27.448955535999914 ], [ 23.542287827000052, -27.456275939999955 ], [ 23.497583389000056, -27.452171325999927 ], [ 23.503519058000052, -27.444334029999936 ], [ 23.470430374000046, -27.404136657999913 ], [ 23.466741562000038, -27.38610267599995 ], [ 23.461824417000059, -27.391695022999954 ], [ 23.442071915000042, -27.387004851999905 ], [ 23.436882019000052, -27.405132293999941 ], [ 23.425014496000074, -27.390331267999954 ], [ 23.387649536000083, -27.385396956999955 ], [ 23.339689255000053, -27.352565764999952 ], [ 23.311706543000071, -27.344015120999927 ], [ 23.297704697000086, -27.366775512999936 ], [ 23.284873962000063, -27.36372375499991 ], [ 23.277267456000061, -27.342014312999936 ], [ 23.227878571000076, -27.330734252999946 ], [ 23.15877914400005, -27.254564284999958 ], [ 23.132886887000041, -27.236576079999907 ], [ 23.102159500000084, -27.176521300999923 ], [ 23.054304123000065, -27.219467162999933 ], [ 23.03778266900008, -27.20601654099994 ], [ 23.009263992000058, -27.140342711999949 ], [ 23.021366119000049, -27.034919738999918 ], [ 23.069328308000081, -27.036182403999931 ], [ 23.112985611000056, -27.025455474999944 ], [ 23.055288315000041, -26.943552016999945 ], [ 23.021940231000087, -26.836942672999953 ], [ 23.077768326000069, -26.814216613999918 ], [ 23.036073685000076, -26.777139663999947 ], [ 23.042978287000039, -26.767620086999955 ], [ 23.040697098000066, -26.747110366999948 ], [ 23.078084946000047, -26.677141189999929 ], [ 23.031496048000065, -26.650131225999928 ], [ 23.023187637000035, -26.652637481999932 ], [ 22.998502731000087, -26.628517150999926 ], [ 22.976902008000081, -26.629356383999948 ], [ 22.969564438000077, -26.636653899999942 ], [ 22.956617355000049, -26.631912230999944 ], [ 22.930131912000036, -26.603845595999928 ], [ 22.888883591000081, -26.606338500999925 ], [ 22.850986481000064, -26.582626342999959 ], [ 22.774284363000049, -26.583513259999904 ], [ 22.763408661000085, -26.57290840099995 ], [ 22.740209579000066, -26.585273742999902 ], [ 22.717994690000069, -26.565288543999941 ], [ 22.716678619000049, -26.57876777599995 ], [ 22.69916534400005, -26.488557815999911 ], [ 22.709341049000045, -26.410375594999948 ], [ 22.703531265000038, -26.126016616999948 ], [ 22.62978744500009, -26.128059386999951 ], [ 22.638822556000036, -26.094308852999916 ], [ 22.66168975800008, -26.086343764999924 ], [ 22.670459747000052, -26.075088500999925 ], [ 22.66755676300005, -26.026973723999959 ], [ 22.677492142000062, -26.020277022999949 ], [ 22.69645500200005, -26.025037765999912 ], [ 22.724697113000047, -26.018751143999907 ], [ 22.733488083000054, -25.986377715999936 ], [ 22.729703903000086, -25.942878722999922 ], [ 22.749273300000084, -25.921451568999942 ], [ 22.718061447000082, -25.899599074999912 ], [ 22.719552994000082, -25.891296386999954 ], [ 22.740785599000048, -25.881528853999953 ], [ 22.742244720000087, -25.857622146999915 ], [ 22.779329300000086, -25.837078093999935 ], [ 22.784223557000075, -25.817434310999943 ], [ 22.747722626000041, -25.803312301999938 ], [ 22.744319916000052, -25.792850493999936 ], [ 22.763023376000035, -25.783838271999912 ], [ 22.777492523000035, -25.733407973999931 ], [ 22.80327034000004, -25.724189757999909 ], [ 22.824815750000084, -25.695583343999942 ], [ 22.831315994000079, -25.664421081999933 ], [ 22.810916901000041, -25.653297423999959 ], [ 22.812297821000072, -25.634902953999926 ], [ 22.854084015000069, -25.613746642999956 ], [ 22.818862915000068, -25.584007262999933 ], [ 22.856628418000071, -25.528547286999924 ], [ 22.863149643000042, -25.505643844999952 ], [ 22.849674225000058, -25.48928260799994 ], [ 22.872529984000039, -25.47784233099992 ], [ 22.902645111000083, -25.485687255999949 ], [ 22.890150070000061, -25.468612670999903 ], [ 22.912860870000088, -25.418163299999947 ], [ 22.970869064000055, -25.380435943999942 ], [ 22.978683472000057, -25.338447570999904 ], [ 23.008909225000082, -25.329515456999957 ], [ 23.011873245000061, -25.293407439999953 ], [ 23.032873154000072, -25.30837631199995 ], [ 23.059627533000082, -25.287837981999928 ], [ 23.065473557000075, -25.295690535999938 ], [ 23.054658890000042, -25.317125319999946 ], [ 23.07671737700008, -25.328470229999937 ], [ 23.094430923000061, -25.307195662999959 ], [ 23.114135742000087, -25.300857543999939 ], [ 23.135221481000087, -25.31098937999991 ], [ 23.164810181000064, -25.299058913999943 ], [ 23.176542282000071, -25.282403945999931 ], [ 23.198879242000089, -25.272527694999951 ], [ 23.239713669000082, -25.277664184999935 ], [ 23.279258728000059, -25.269063949999918 ], [ 23.300487518000068, -25.289033889999928 ], [ 23.310651779000068, -25.277921676999938 ], [ 23.323429108000084, -25.288293838999948 ], [ 23.35776710500005, -25.28213119499992 ], [ 23.370277405000081, -25.298244475999923 ], [ 23.416675568000073, -25.30934143099995 ], [ 23.443264008000085, -25.274044036999953 ], [ 23.46499061600008, -25.274467467999955 ], [ 23.459829330000048, -25.296438216999945 ], [ 23.478618622000056, -25.299022674999947 ], [ 23.499759674000074, -25.321947097999953 ], [ 23.495782852000048, -25.348009108999918 ], [ 23.52693176300005, -25.337781905999918 ], [ 23.537000656000089, -25.34914398199993 ], [ 23.561317444000053, -25.356807708999952 ], [ 23.55873107900004, -25.367450713999915 ], [ 23.581344604000037, -25.376546859999905 ], [ 23.590887070000065, -25.393199920999905 ], [ 23.608320236000054, -25.381128310999941 ], [ 23.61706352200008, -25.384727477999945 ], [ 23.620983124000077, -25.393772124999941 ], [ 23.612762451000037, -25.402545928999928 ], [ 23.630874634000065, -25.412477492999926 ], [ 23.638788223000063, -25.432168960999945 ], [ 23.656358719000082, -25.429264068999942 ], [ 23.662557602000049, -25.414590835999945 ], [ 23.673521042000061, -25.422700881999958 ], [ 23.66934204100005, -25.437303542999928 ], [ 23.675230026000065, -25.444900512999936 ], [ 23.69445419300007, -25.445146560999945 ], [ 23.708600998000065, -25.456583022999951 ], [ 23.724039078000089, -25.445253371999911 ], [ 23.754158020000091, -25.469203948999905 ], [ 23.754430771000045, -25.487094878999926 ], [ 23.766284943000073, -25.503656386999921 ], [ 23.819658279000066, -25.515060424999945 ], [ 23.808048248000091, -25.532920836999949 ], [ 23.812372208000056, -25.544929503999924 ], [ 23.834951401000069, -25.546182631999955 ], [ 23.84470176700006, -25.571994780999944 ], [ 23.878429413000049, -25.579034804999935 ], [ 23.904304504000038, -25.608388900999955 ], [ 23.908647537000036, -25.626134871999909 ], [ 23.945838928000057, -25.636474608999947 ], [ 23.970743179000067, -25.61604499799995 ], [ 24.009548187000064, -25.622865676999936 ], [ 24.007482529000072, -25.649568557999942 ], [ 24.023941040000068, -25.649414062999938 ], [ 24.033369064000055, -25.639648437999938 ], [ 24.060356140000067, -25.653554915999905 ], [ 24.065561295000066, -25.629257201999906 ], [ 24.083436966000079, -25.643272399999944 ], [ 24.135314941000047, -25.631425857999943 ], [ 24.14292335500005, -25.61552619899993 ], [ 24.157413483000084, -25.611297606999926 ], [ 24.158542633000081, -25.629846572999952 ], [ 24.175580978000085, -25.631258010999943 ], [ 24.188961029000041, -25.619722365999905 ], [ 24.219854355000052, -25.646070479999935 ], [ 24.230001450000088, -25.646364211999924 ], [ 24.233640671000046, -25.669408797999949 ], [ 24.250587463000045, -25.679306029999907 ], [ 24.26252555800005, -25.700878142999954 ], [ 24.288681030000077, -25.701915740999937 ], [ 24.279230118000044, -25.721342086999925 ], [ 24.29057312000009, -25.725257873999908 ], [ 24.307497025000089, -25.713571547999948 ], [ 24.32324028000005, -25.714096068999936 ], [ 24.324235916000077, -25.734487533999925 ], [ 24.37565612800006, -25.764352797999948 ], [ 24.387401581000063, -25.757482528999958 ], [ 24.401151657000071, -25.761953353999957 ], [ 24.406393051000066, -25.750034331999927 ], [ 24.426212311000086, -25.750843047999922 ], [ 24.433395386000086, -25.737236022999923 ], [ 24.44540214500006, -25.744096755999919 ], [ 24.446485519000078, -25.735328673999959 ], [ 24.545091629000069, -25.774688720999904 ], [ 24.576265335000073, -25.779138564999926 ], [ 24.608213425000088, -25.803525924999917 ], [ 24.654205322000053, -25.819509505999918 ], [ 24.689182281000058, -25.82354545599992 ], [ 24.734796524000046, -25.807828902999915 ], [ 24.798681259000091, -25.825756072999923 ], [ 24.858255386000053, -25.810314177999942 ], [ 24.904603958000052, -25.813339232999908 ], [ 24.915828705000081, -25.79102897599995 ], [ 24.927734375000057, -25.795328139999924 ], [ 24.954294205000053, -25.765909194999949 ], [ 24.974182129000042, -25.76778221099994 ], [ 25.008804321000071, -25.741825103999929 ], [ 25.011295319000055, -25.728403090999905 ], [ 25.049674988000049, -25.721782683999947 ], [ 25.085502625000061, -25.730195998999932 ], [ 25.125158310000074, -25.758045196999944 ], [ 25.18545341500004, -25.764474868999912 ], [ 25.303773880000051, -25.762008666999918 ], [ 25.331398010000044, -25.770530700999927 ], [ 25.395549774000074, -25.739496230999919 ], [ 25.420776367000087, -25.737438201999908 ], [ 25.591579437000064, -25.622951507999915 ], [ 25.651346207000074, -25.50501823399992 ], [ 25.649877548000063, -25.470962523999958 ], [ 25.695768356000087, -25.364124297999922 ], [ 25.708467484000039, -25.281440734999933 ], [ 25.73982238800005, -25.247329711999953 ], [ 25.863225937000038, -24.934211730999948 ], [ 25.884603500000082, -24.914922713999943 ], [ 25.891159058000085, -24.855518340999936 ], [ 25.865789413000073, -24.805541991999917 ], [ 25.861684799000045, -24.772771834999958 ], [ 25.868663788000049, -24.755208968999909 ], [ 25.898080826000069, -24.754127501999903 ], [ 25.933679581000035, -24.721212386999923 ], [ 26.026027679000038, -24.718666076999909 ], [ 26.122268677000079, -24.692804336999927 ], [ 26.421554565000065, -24.635549544999947 ] ] ] } },
{ "type": "Feature", "properties": { "loc": "ZA-A1-0007" }, "geometry": { "type": "Polygon", "coordinates": [ [ [ 28.298213959000066, -25.310523986999954 ], [ 28.377986908000082, -25.291711806999956 ], [ 28.382654190000039, -25.321199416999946 ], [ 28.434017181000058, -25.321935653999958 ], [ 28.443164825000053, -25.310991286999922 ], [ 28.503866196000047, -25.308246612999937 ], [ 28.501247406000061, -25.266817092999929 ], [ 28.513557434000063, -25.25554466199992 ], [ 28.564182281000058, -25.248960494999949 ], [ 28.604671478000057, -25.251485824999918 ], [ 28.632905960000073, -25.279373168999939 ], [ 28.65961647000006, -25.234670638999944 ], [ 28.664619446000074, -25.251182555999947 ], [ 28.672267914000088, -25.247573852999949 ], [ 28.680313110000043, -25.218690871999911 ], [ 28.679162979000068, -25.210180282999943 ], [ 28.65560722400005, -25.212928771999941 ], [ 28.616167068000038, -25.151052474999915 ], [ 28.744865417000085, -25.108985900999926 ], [ 28.776769638000076, -25.183095931999958 ], [ 28.784833908000053, -25.228044509999904 ], [ 28.764125824000075, -25.220472335999943 ], [ 28.718225479000068, -25.286613463999913 ], [ 28.622856140000067, -25.333055495999929 ], [ 28.639186859000063, -25.393266677999918 ], [ 28.61998176600008, -25.410587310999915 ], [ 28.629732132000072, -25.458915709999928 ], [ 28.615556717000061, -25.467081069999949 ], [ 28.632335663000049, -25.487825393999913 ], [ 28.634025574000077, -25.519325255999945 ], [ 28.625890732000073, -25.522335051999903 ], [ 28.626806259000091, -25.530412673999933 ], [ 28.647537231000058, -25.585035323999932 ], [ 28.642793655000048, -25.589271544999917 ], [ 28.674976349000076, -25.658273696999913 ], [ 28.672349930000053, -25.693798064999953 ], [ 28.70169448900009, -25.69852256799993 ], [ 28.714353561000053, -25.689931869999953 ], [ 28.756069183000079, -25.705730437999932 ], [ 28.769538879000038, -25.69820404099994 ], [ 28.793004990000043, -25.701850890999935 ], [ 28.808517456000061, -25.688457488999916 ], [ 28.819580078000058, -25.694517135999945 ], [ 28.847229004000042, -25.68184471099994 ], [ 28.823192596000069, -25.658334731999958 ], [ 28.810306549000074, -25.658527373999959 ], [ 28.810853958000052, -25.651060103999953 ], [ 28.825181961000055, -25.649782180999921 ], [ 28.831863403000057, -25.657012938999912 ], [ 28.818559647000086, -25.64074897799992 ], [ 28.836290359000088, -25.636777877999918 ], [ 28.841840744000081, -25.653869628999928 ], [ 28.869579315000067, -25.657533645999933 ], [ 28.872056961000055, -25.640872954999907 ], [ 28.880323410000074, -25.644433974999913 ], [ 28.892047882000043, -25.613817214999926 ], [ 28.876657486000056, -25.617286681999929 ], [ 28.874773026000071, -25.601518630999919 ], [ 28.887573242000087, -25.585422515999937 ], [ 28.858484268000041, -25.568485259999932 ], [ 28.910356522000086, -25.523876189999953 ], [ 28.915424347000055, -25.557405471999914 ], [ 28.925437927000075, -25.57091522199994 ], [ 28.943798065000067, -25.551265716999922 ], [ 28.987876892000088, -25.57145881699995 ], [ 29.000947952000047, -25.562040328999956 ], [ 28.987201691000053, -25.539623259999928 ], [ 29.010848999000075, -25.53261756899991 ], [ 29.014087677000077, -25.542314528999952 ], [ 29.023546219000082, -25.537094115999935 ], [ 29.013206482000044, -25.513145446999943 ], [ 29.034471512000039, -25.520753859999957 ], [ 29.047622681000064, -25.516408919999947 ], [ 29.058895111000083, -25.526794433999953 ], [ 29.078992844000084, -25.499004363999916 ], [ 29.095336914000086, -25.537525176999907 ], [ 29.087139130000082, -25.54800414999994 ], [ 29.034563065000043, -25.562805175999927 ], [ 29.045892715000036, -25.580215453999926 ], [ 29.040271759000063, -25.61697006199995 ], [ 29.064889908000055, -25.641838073999907 ], [ 28.969097137000063, -25.67273330699993 ], [ 28.950946808000083, -25.727693557999942 ], [ 28.981582642000035, -25.741958617999956 ], [ 28.957859039000084, -25.774066924999943 ], [ 28.938442230000078, -25.822713851999936 ], [ 28.950727463000078, -25.836774825999953 ], [ 28.938455582000074, -25.888071059999959 ], [ 28.887083054000072, -25.870857238999918 ], [ 28.879791260000047, -25.924680709999905 ], [ 28.885328293000043, -25.973833083999921 ], [ 28.867626190000067, -26.006483077999917 ], [ 28.865116119000049, -26.000709533999952 ], [ 28.794139862000065, -26.004009246999942 ], [ 28.774139404000039, -26.013099669999917 ], [ 28.76269340500005, -25.982509612999934 ], [ 28.757823944000052, -25.990026473999933 ], [ 28.71112442000009, -25.990041732999941 ], [ 28.632547379000073, -25.970220565999909 ], [ 28.591236115000072, -26.001920699999914 ], [ 28.579225540000039, -26.05903625499991 ], [ 28.53892135600006, -26.047250747999954 ], [ 28.531061172000079, -26.061008452999943 ], [ 28.516059875000053, -26.057971953999925 ], [ 28.468963623000036, -26.07754898099995 ], [ 28.481527328000084, -26.090076446999944 ], [ 28.490705490000039, -26.125789641999916 ], [ 28.521629333000078, -26.143951415999936 ], [ 28.53083038300008, -26.224767684999904 ], [ 28.622579575000088, -26.247833251999907 ], [ 28.62700271600005, -26.291976928999929 ], [ 28.673088074000077, -26.311281203999954 ], [ 28.673011780000081, -26.320381164999958 ], [ 28.710409164000055, -26.340709685999911 ], [ 28.739643097000055, -26.323991775999957 ], [ 28.805362701000035, -26.306043624999916 ], [ 28.818080902000077, -26.345176696999943 ], [ 28.838720322000086, -26.340211867999926 ], [ 28.861572266000053, -26.39803504899993 ], [ 28.790212631000088, -26.425910949999945 ], [ 28.786773682000046, -26.448637008999924 ], [ 28.766208649000077, -26.470916747999922 ], [ 28.764196396000045, -26.517480849999913 ], [ 28.641805649000048, -26.507293700999924 ], [ 28.631477356000062, -26.524114608999923 ], [ 28.638444901000071, -26.546783446999939 ], [ 28.585205078000058, -26.538036345999956 ], [ 28.587825775000056, -26.510105132999911 ], [ 28.580726624000079, -26.507293700999924 ], [ 28.575698853000063, -26.516111373999934 ], [ 28.542108536000057, -26.500453948999905 ], [ 28.527952194000079, -26.501686095999958 ], [ 28.526300430000049, -26.56197738599991 ], [ 28.533266068000046, -26.577375411999924 ], [ 28.528135300000088, -26.590114593999942 ], [ 28.506225586000085, -26.589157103999923 ], [ 28.507663727000079, -26.603361129999939 ], [ 28.486160278000057, -26.609161376999907 ], [ 28.480077744000084, -26.616966247999926 ], [ 28.490571976000069, -26.63480949399991 ], [ 28.443393707000041, -26.638650893999909 ], [ 28.444124222000085, -26.653909682999938 ], [ 28.400394440000071, -26.654533385999912 ], [ 28.383260727000049, -26.717014312999936 ], [ 28.394264221000071, -26.716234206999957 ], [ 28.407150269000056, -26.761198043999912 ], [ 28.348505020000061, -26.772396087999937 ], [ 28.343755722000083, -26.784946441999921 ], [ 28.31970977800006, -26.792160033999949 ], [ 28.325328827000078, -26.840692519999948 ], [ 28.314079285000048, -26.876560210999912 ], [ 28.283828735000043, -26.876409530999922 ], [ 28.284627914000055, -26.863697051999907 ], [ 28.262174606000087, -26.864107131999958 ], [ 28.262325287000067, -26.874744414999952 ], [ 28.243766785000048, -26.873184203999926 ], [ 28.248710632000041, -26.883565902999919 ], [ 28.230003357000044, -26.888244628999928 ], [ 28.23200988800005, -26.918275832999939 ], [ 28.20621299700008, -26.915130614999953 ], [ 28.183025360000045, -26.890682219999917 ], [ 28.184469223000065, -26.87021255499991 ], [ 28.17366409300007, -26.845935821999944 ], [ 28.154851913000073, -26.850408553999955 ], [ 28.169033051000042, -26.865900039999929 ], [ 28.170310974000074, -26.890947341999947 ], [ 28.154012680000051, -26.884263991999944 ], [ 28.117332458000078, -26.889474868999912 ], [ 28.121765137000068, -26.857206344999952 ], [ 28.115449905000048, -26.844747542999926 ], [ 28.076099396000075, -26.831584929999906 ], [ 28.051082611000083, -26.813375472999951 ], [ 28.046697617000063, -26.799760817999925 ], [ 28.015810013000078, -26.793985366999948 ], [ 28.028928757000074, -26.779674529999909 ], [ 28.007696152000051, -26.768939971999941 ], [ 27.992923737000069, -26.733139037999933 ], [ 28.000419617000091, -26.695743560999915 ], [ 27.970777512000041, -26.66834068299994 ], [ 27.942525864000061, -26.674001693999912 ], [ 27.92529869100008, -26.703952788999914 ], [ 27.893119812000066, -26.710386275999952 ], [ 27.894920349000074, -26.721342086999925 ], [ 27.881235123000067, -26.745449065999935 ], [ 27.781106949000048, -26.750762938999912 ], [ 27.768411636000053, -26.763612746999911 ], [ 27.768318176000037, -26.799041747999922 ], [ 27.726892471000042, -26.759235381999929 ], [ 27.688573837000035, -26.760871886999951 ], [ 27.671823502000052, -26.772806167999931 ], [ 27.630573273000039, -26.770009994999953 ], [ 27.633941650000054, -26.733123778999925 ], [ 27.611865997000052, -26.732032775999926 ], [ 27.602415085000075, -26.740539550999927 ], [ 27.581727982000075, -26.730499267999903 ], [ 27.602565765000065, -26.722351073999903 ], [ 27.603164673000038, -26.691936492999957 ], [ 27.574483871000041, -26.715335845999903 ], [ 27.569417953000084, -26.64664840699993 ], [ 27.583042145000036, -26.595272063999914 ], [ 27.545986176000042, -26.573907851999934 ], [ 27.604696274000048, -26.591459273999931 ], [ 27.612792969000054, -26.532436370999903 ], [ 27.603427887000066, -26.530136107999908 ], [ 27.607465744000081, -26.491085051999903 ], [ 27.626651764000087, -26.49327659599993 ], [ 27.630231857000069, -26.45222091699992 ], [ 27.613887787000067, -26.442461013999946 ], [ 27.612266541000054, -26.450368880999918 ], [ 27.557415009000067, -26.455863952999948 ], [ 27.543148041000052, -26.431177138999942 ], [ 27.535717010000042, -26.432546615999911 ], [ 27.545486450000055, -26.426271438999947 ], [ 27.537603378000085, -26.405334472999925 ], [ 27.540439606000064, -26.387054442999954 ], [ 27.43545341500004, -26.414068221999912 ], [ 27.437454224000078, -26.418909072999952 ], [ 27.384923935000074, -26.434923171999912 ], [ 27.388870239000084, -26.447681426999907 ], [ 27.343957901000067, -26.454240798999933 ], [ 27.231925964000084, -26.504518508999922 ], [ 27.225181580000083, -26.443456649999916 ], [ 27.188282013000048, -26.377336501999935 ], [ 27.235139847000085, -26.337749480999946 ], [ 27.330387115000065, -26.281280517999903 ], [ 27.308708191000051, -26.224641799999915 ], [ 27.291736603000061, -26.144075393999913 ], [ 27.358581543000071, -26.154081344999952 ], [ 27.362039566000078, -26.115131377999944 ], [ 27.419754028000057, -26.116956710999943 ], [ 27.43430709800009, -26.021949767999956 ], [ 27.43924140900009, -26.013805388999913 ], [ 27.450222015000065, -26.015607833999923 ], [ 27.457324982000046, -25.981304168999941 ], [ 27.453884125000059, -25.919601439999951 ], [ 27.46365737900004, -25.920919417999926 ], [ 27.457357407000075, -25.887741088999917 ], [ 27.470312119000084, -25.887554168999941 ], [ 27.462266922000083, -25.867038726999908 ], [ 27.51358795200008, -25.859775542999955 ], [ 27.560165405000077, -25.842287063999947 ], [ 27.605863571000043, -25.807680129999937 ], [ 27.643863678000059, -25.795360564999953 ], [ 27.647451401000069, -25.840021132999937 ], [ 27.664838791000079, -25.839570998999932 ], [ 27.685241699000073, -25.874849318999907 ], [ 27.743013382000072, -25.849287032999939 ], [ 27.744863510000073, -25.894056319999947 ], [ 27.831794739000088, -25.859600066999917 ], [ 27.840234756000086, -25.869289397999921 ], [ 27.898508072000084, -25.859186171999909 ], [ 27.900842667000063, -25.840274810999915 ], [ 27.939830780000079, -25.836219787999937 ], [ 27.926130295000064, -25.823551177999946 ], [ 27.96047782900007, -25.815429687999938 ], [ 27.949630737000064, -25.759191512999905 ], [ 27.979694366000047, -25.750885009999934 ], [ 27.948486328000058, -25.694644927999946 ], [ 27.957740784000066, -25.692764281999928 ], [ 27.952899933000083, -25.65202903699992 ], [ 27.957477570000037, -25.643064498999934 ], [ 27.965482712000039, -25.644851684999935 ], [ 27.965164185000049, -25.634267806999958 ], [ 27.980857849000074, -25.63222694399991 ], [ 27.977416992000087, -25.617538451999906 ], [ 28.002956390000065, -25.619844436999927 ], [ 28.017410278000057, -25.604774474999942 ], [ 28.031702042000063, -25.60508346599994 ], [ 28.049278259000062, -25.571117400999924 ], [ 28.04246330300009, -25.569461822999926 ], [ 28.051328659000035, -25.549173354999937 ], [ 28.07217216500004, -25.550117492999959 ], [ 28.082756042000085, -25.530084609999903 ], [ 28.089408875000061, -25.494405745999927 ], [ 28.08319664000004, -25.493473052999946 ], [ 28.074474335000048, -25.440464019999922 ], [ 28.055877686000088, -25.399469375999956 ], [ 28.108467102000077, -25.36655425999993 ], [ 28.111122131000059, -25.378438949999918 ], [ 28.144363403000057, -25.371601104999911 ], [ 28.149988174000043, -25.394617080999922 ], [ 28.116420746000074, -25.402513503999955 ], [ 28.12603187600007, -25.444675445999906 ], [ 28.19287681600008, -25.431480407999913 ], [ 28.187826157000075, -25.410833358999923 ], [ 28.213602066000078, -25.413808822999954 ], [ 28.229600906000087, -25.402730941999948 ], [ 28.28339767500006, -25.402173995999931 ], [ 28.299150467000061, -25.386362075999955 ], [ 28.298213959000066, -25.310523986999954 ] ] ] } },
{ "type": "Feature", "properties": { "loc": "ZA-A1-0008" }, "geometry": { "type": "Polygon", "coordinates": [ [ [ 31.913469315000043, -24.190849303999926 ], [ 31.987941742000089, -24.304212569999947 ], [ 32.009761810000043, -24.438405990999911 ], [ 32.000892639000085, -24.679853438999942 ], [ 32.044391632000043, -25.128454207999937 ], [ 32.025043488000051, -25.373081206999927 ], [ 31.989046097000085, -25.445907592999959 ], [ 31.981618881000088, -25.485845565999909 ], [ 31.980987549000076, -25.519571303999953 ], [ 32.000476837000065, -25.525247573999934 ], [ 32.012565613000049, -25.637622832999909 ], [ 32.004333496000072, -25.667472838999913 ], [ 31.979162216000077, -25.705863952999948 ], [ 31.938053131000061, -25.83079147299992 ], [ 31.982126236000056, -25.952051162999908 ], [ 31.869556427000077, -25.998685836999925 ], [ 31.424510956000063, -25.71964836099994 ], [ 31.320356369000081, -25.744031905999918 ], [ 31.261383057000046, -25.816864013999918 ], [ 31.133974075000083, -25.919521331999931 ], [ 31.118486404000066, -25.985322951999933 ], [ 30.984914780000054, -26.231943129999934 ], [ 30.967462540000042, -26.259403228999929 ], [ 30.897085190000041, -26.322174071999939 ], [ 30.820875168000043, -26.444780349999917 ], [ 30.794107437000036, -26.590137481999932 ], [ 30.797546387000068, -26.719610213999943 ], [ 30.812158585000077, -26.825508117999902 ], [ 30.823572159000037, -26.840261458999919 ], [ 30.842012405000048, -26.837610244999951 ], [ 30.90243339500006, -26.789726256999927 ], [ 30.917123795000066, -26.857740401999934 ], [ 30.981307983000079, -26.916112899999916 ], [ 30.986507416000052, -26.949647902999914 ], [ 30.968345642000088, -26.992490767999925 ], [ 30.976425171000074, -27.015020369999945 ], [ 31.068321228000059, -27.097118377999948 ], [ 31.150032043000067, -27.194040297999948 ], [ 31.276760071000069, -27.239946398999905 ], [ 31.166130066000051, -27.368314742999928 ], [ 31.141260147000082, -27.36230659499995 ], [ 31.097684860000072, -27.329923629999939 ], [ 31.078411102000075, -27.343254088999913 ], [ 31.052621841000075, -27.342477797999948 ], [ 31.045013428000061, -27.352481841999918 ], [ 31.031475067000088, -27.345926284999905 ], [ 31.01999664300007, -27.35997772199994 ], [ 31.010105133000081, -27.348203658999921 ], [ 31.002332687000035, -27.358276366999917 ], [ 30.952613831000065, -27.360895156999959 ], [ 30.942617416000076, -27.367593764999924 ], [ 30.91793823200004, -27.304679870999905 ], [ 30.866220474000045, -27.312654494999947 ], [ 30.857099533000053, -27.344577788999914 ], [ 30.821413040000039, -27.354694365999933 ], [ 30.827541351000036, -27.343629836999924 ], [ 30.820863724000048, -27.336399077999943 ], [ 30.808712006000064, -27.338821410999913 ], [ 30.81149864200006, -27.332277297999951 ], [ 30.80253028900006, -27.331176757999913 ], [ 30.808820724000043, -27.328069686999925 ], [ 30.797142029000042, -27.326416015999939 ], [ 30.789482117000034, -27.313236236999956 ], [ 30.778945923000038, -27.313899993999939 ], [ 30.784431458000086, -27.324214934999929 ], [ 30.771299362000036, -27.326068877999944 ], [ 30.76012039200009, -27.305448531999957 ], [ 30.749757767000062, -27.29939079299993 ], [ 30.743087769000056, -27.30541801499993 ], [ 30.740497589000086, -27.294221877999917 ], [ 30.728567123000062, -27.299764632999938 ], [ 30.718664169000078, -27.28376579299993 ], [ 30.707227707000072, -27.28277778599994 ], [ 30.660848618000045, -27.287424087999909 ], [ 30.587963104000039, -27.322460174999947 ], [ 30.563201904000039, -27.326482772999952 ], [ 30.496570587000065, -27.312023162999935 ], [ 30.466072083000086, -27.32589721699992 ], [ 30.433456421000074, -27.325153350999926 ], [ 30.426219940000067, -27.314460753999924 ], [ 30.426261902000078, -27.26974296599991 ], [ 30.367753983000057, -27.267452239999955 ], [ 30.366670609000039, -27.311433791999946 ], [ 30.328542709000089, -27.299222945999929 ], [ 30.302789688000075, -27.317012786999953 ], [ 30.282827377000046, -27.314170836999949 ], [ 30.280490875000055, -27.368066787999908 ], [ 30.23497390700004, -27.380397796999944 ], [ 30.228372574000048, -27.364967345999958 ], [ 30.19840812700005, -27.354703902999915 ], [ 30.190422058000081, -27.368955611999922 ], [ 30.150827408000055, -27.391725539999925 ], [ 30.153217316000053, -27.403972625999927 ], [ 30.143854141000077, -27.413070678999929 ], [ 30.087184906000061, -27.368753432999938 ], [ 30.068548203000034, -27.365743636999923 ], [ 30.046617508000054, -27.386281966999945 ], [ 30.03079032900007, -27.386291503999928 ], [ 30.016672134000089, -27.397262572999921 ], [ 29.977989197000056, -27.373842238999941 ], [ 29.916910172000087, -27.355865478999931 ], [ 29.898935318000042, -27.385232924999912 ], [ 29.890630722000083, -27.385765075999927 ], [ 29.884986877000074, -27.376022338999917 ], [ 29.865852356000062, -27.383684157999937 ], [ 29.840894699000046, -27.377504348999935 ], [ 29.822534561000055, -27.426879882999913 ], [ 29.797840118000067, -27.457624434999957 ], [ 29.781097412000065, -27.456689834999906 ], [ 29.74435806300005, -27.431957244999921 ], [ 29.728099823000036, -27.43096733099992 ], [ 29.699466705000077, -27.450258254999937 ], [ 29.698051453000062, -27.474798202999921 ], [ 29.706670761000055, -27.481506347999925 ], [ 29.700103760000047, -27.493659972999922 ], [ 29.619430542000089, -27.506027221999943 ], [ 29.603906631000086, -27.493663787999935 ], [ 29.600069046000044, -27.468725203999952 ], [ 29.578540802000077, -27.459133147999921 ], [ 29.560377121000045, -27.431823729999905 ], [ 29.546907425000086, -27.43066596999995 ], [ 29.550283432000072, -27.423734664999927 ], [ 29.54293823200004, -27.419452666999916 ], [ 29.552366257000074, -27.413223266999921 ], [ 29.552436829000044, -27.398366927999916 ], [ 29.54372215300009, -27.398420333999923 ], [ 29.538461685000073, -27.386634826999909 ], [ 29.526691437000068, -27.393859862999932 ], [ 29.530107498000064, -27.380388259999904 ], [ 29.511184692000086, -27.378677367999956 ], [ 29.511264801000038, -27.366048812999907 ], [ 29.502010345000087, -27.357955932999914 ], [ 29.482915878000085, -27.35928535499994 ], [ 29.490226746000076, -27.34260749799995 ], [ 29.490282059000037, -27.336488723999935 ], [ 29.484121323000068, -27.338582992999932 ], [ 29.486606598000037, -27.326831817999903 ], [ 29.480895996000072, -27.332378386999949 ], [ 29.469400406000091, -27.324035644999924 ], [ 29.472396851000042, -27.309343337999906 ], [ 29.463876724000045, -27.287218093999911 ], [ 29.428613663000078, -27.253599166999948 ], [ 29.403944016000082, -27.25163841199992 ], [ 29.400390625000057, -27.242340087999935 ], [ 29.391086578000056, -27.242219924999915 ], [ 29.386991501000068, -27.24316596999995 ], [ 29.39035034200009, -27.246885299999917 ], [ 29.387836456000059, -27.24941444399991 ], [ 29.343288422000057, -27.247982024999942 ], [ 29.339410782000073, -27.263664245999905 ], [ 29.33165931700006, -27.263250350999954 ], [ 29.326023102000079, -27.252971648999903 ], [ 29.338392258000056, -27.234590529999934 ], [ 29.335433960000046, -27.207000731999926 ], [ 29.330219269000054, -27.203180312999905 ], [ 29.30901908900006, -27.215766906999932 ], [ 29.28712844800009, -27.190074920999905 ], [ 29.282125473000065, -27.199026107999941 ], [ 29.27270698500007, -27.191120147999925 ], [ 29.272293091000051, -27.195360183999924 ], [ 29.269901276000041, -27.197414397999921 ], [ 29.268493652000075, -27.184402465999938 ], [ 29.260841370000037, -27.180957793999937 ], [ 29.25584602400005, -27.193902968999907 ], [ 29.246686935000071, -27.191505431999929 ], [ 29.235334396000042, -27.182136535999916 ], [ 29.224050522000084, -27.144411086999924 ], [ 29.192905426000038, -27.136644362999903 ], [ 29.183603287000039, -27.145130156999926 ], [ 29.159551620000059, -27.142948150999928 ], [ 29.13802909900005, -27.151929854999935 ], [ 29.12965011600005, -27.167934417999959 ], [ 29.116600037000069, -27.169879912999932 ], [ 29.104759216000048, -27.130920409999931 ], [ 29.086715698000035, -27.114917754999908 ], [ 29.071727753000062, -27.085206984999957 ], [ 29.056779861000052, -27.081926345999932 ], [ 29.074539185000049, -27.063604354999939 ], [ 29.056522369000049, -27.035570144999951 ], [ 29.061315536000052, -27.014926909999929 ], [ 29.051483154000039, -27.005092620999903 ], [ 29.039531708000084, -27.003522872999952 ], [ 29.03295135500008, -27.027975081999955 ], [ 29.027629852000075, -27.015470504999939 ], [ 28.968572617000063, -26.990972518999911 ], [ 28.953960419000055, -27.011341094999921 ], [ 28.920764923000036, -27.01051330599995 ], [ 28.907711029000041, -27.019628524999916 ], [ 28.89404869100008, -27.012878417999957 ], [ 28.883829117000062, -27.025497436999956 ], [ 28.896537781000063, -27.030008315999908 ], [ 28.898469925000086, -27.048490523999931 ], [ 28.887620926000068, -27.059301375999951 ], [ 28.858360291000054, -27.025281905999918 ], [ 28.840305328000056, -27.040958404999913 ], [ 28.813863754000067, -27.042554854999935 ], [ 28.80464363100009, -27.012912749999941 ], [ 28.794651031000058, -27.028667449999944 ], [ 28.774803162000069, -27.020206450999922 ], [ 28.774791718000074, -27.008012771999915 ], [ 28.758178711000085, -26.99691200299992 ], [ 28.736125946000072, -27.003257750999921 ], [ 28.710878372000082, -26.968614577999915 ], [ 28.683517456000061, -26.974769591999916 ], [ 28.645566940000037, -26.952302932999942 ], [ 28.62159919700008, -26.968717574999914 ], [ 28.605466843000045, -26.992614745999958 ], [ 28.617490768000039, -26.999788283999919 ], [ 28.632961273000035, -26.990522384999906 ], [ 28.653377533000082, -26.99455261199995 ], [ 28.645082474000048, -27.019224166999948 ], [ 28.608898163000049, -27.007450103999929 ], [ 28.609550476000038, -27.019845962999909 ], [ 28.594602585000075, -27.022621154999911 ], [ 28.58316612200008, -27.037685393999936 ], [ 28.560815811000055, -27.039358138999944 ], [ 28.55420494100008, -27.060836791999918 ], [ 28.533882141000049, -27.06600379899993 ], [ 28.550209045000088, -27.040885924999941 ], [ 28.527896881000061, -27.017234801999905 ], [ 28.504205704000071, -27.007364272999951 ], [ 28.509973526000067, -26.986812591999922 ], [ 28.486291885000071, -26.970865249999918 ], [ 28.478637695000089, -26.949335097999949 ], [ 28.470399857000075, -26.955736159999958 ], [ 28.476236343000039, -26.96074294999994 ], [ 28.471261978000086, -26.980836867999926 ], [ 28.446712494000053, -26.960515975999954 ], [ 28.43760681200007, -26.963766097999951 ], [ 28.44763374300004, -26.97895812999991 ], [ 28.418182373000036, -27.014116286999922 ], [ 28.413516998000091, -27.006393432999914 ], [ 28.424236298000039, -26.987287520999928 ], [ 28.39718818700004, -26.932119369999953 ], [ 28.36532402000006, -26.933633803999953 ], [ 28.345375061000084, -26.947595595999928 ], [ 28.327859879000073, -26.947776793999935 ], [ 28.319944382000074, -26.936178206999955 ], [ 28.328907013000048, -26.922906875999956 ], [ 28.319757462000041, -26.92073249799995 ], [ 28.302999496000041, -26.939941405999946 ], [ 28.28215408300008, -26.907253264999952 ], [ 28.260673523000037, -26.915269851999938 ], [ 28.243766785000048, -26.873184203999926 ], [ 28.262325287000067, -26.874744414999952 ], [ 28.262174606000087, -26.864107131999958 ], [ 28.284627914000055, -26.863697051999907 ], [ 28.283828735000043, -26.876409530999922 ], [ 28.314079285000048, -26.876560210999912 ], [ 28.325328827000078, -26.840692519999948 ], [ 28.31970977800006, -26.792160033999949 ], [ 28.343755722000083, -26.784946441999921 ], [ 28.348505020000061, -26.772396087999937 ], [ 28.407150269000056, -26.761198043999912 ], [ 28.394264221000071, -26.716234206999957 ], [ 28.383260727000049, -26.717014312999936 ], [ 28.400394440000071, -26.654533385999912 ], [ 28.444124222000085, -26.653909682999938 ], [ 28.443393707000041, -26.638650893999909 ], [ 28.490571976000069, -26.63480949399991 ], [ 28.480077744000084, -26.616966247999926 ], [ 28.486160278000057, -26.609161376999907 ], [ 28.507663727000079, -26.603361129999939 ], [ 28.506225586000085, -26.589157103999923 ], [ 28.528135300000088, -26.590114593999942 ], [ 28.533266068000046, -26.577375411999924 ], [ 28.526300430000049, -26.56197738599991 ], [ 28.527952194000079, -26.501686095999958 ], [ 28.542108536000057, -26.500453948999905 ], [ 28.575698853000063, -26.516111373999934 ], [ 28.580726624000079, -26.507293700999924 ], [ 28.587825775000056, -26.510105132999911 ], [ 28.585205078000058, -26.538036345999956 ], [ 28.638444901000071, -26.546783446999939 ], [ 28.631477356000062, -26.524114608999923 ], [ 28.641805649000048, -26.507293700999924 ], [ 28.764196396000045, -26.517480849999913 ], [ 28.766208649000077, -26.470916747999922 ], [ 28.786773682000046, -26.448637008999924 ], [ 28.790212631000088, -26.425910949999945 ], [ 28.861572266000053, -26.39803504899993 ], [ 28.838720322000086, -26.340211867999926 ], [ 28.818080902000077, -26.345176696999943 ], [ 28.805362701000035, -26.306043624999916 ], [ 28.739643097000055, -26.323991775999957 ], [ 28.710409164000055, -26.340709685999911 ], [ 28.673011780000081, -26.320381164999958 ], [ 28.673088074000077, -26.311281203999954 ], [ 28.62700271600005, -26.291976928999929 ], [ 28.622579575000088, -26.247833251999907 ], [ 28.53083038300008, -26.224767684999904 ], [ 28.521629333000078, -26.143951415999936 ], [ 28.490705490000039, -26.125789641999916 ], [ 28.481527328000084, -26.090076446999944 ], [ 28.468963623000036, -26.07754898099995 ], [ 28.516059875000053, -26.057971953999925 ], [ 28.531061172000079, -26.061008452999943 ], [ 28.53892135600006, -26.047250747999954 ], [ 28.579225540000039, -26.05903625499991 ], [ 28.591236115000072, -26.001920699999914 ], [ 28.632547379000073, -25.970220565999909 ], [ 28.71112442000009, -25.990041732999941 ], [ 28.757823944000052, -25.990026473999933 ], [ 28.76269340500005, -25.982509612999934 ], [ 28.774139404000039, -26.013099669999917 ], [ 28.794139862000065, -26.004009246999942 ], [ 28.865116119000049, -26.000709533999952 ], [ 28.867626190000067, -26.006483077999917 ], [ 28.885328293000043, -25.973833083999921 ], [ 28.879791260000047, -25.924680709999905 ], [ 28.887083054000072, -25.870857238999918 ], [ 28.938455582000074, -25.888071059999959 ], [ 28.950727463000078, -25.836774825999953 ], [ 28.938442230000078, -25.822713851999936 ], [ 28.957859039000084, -25.774066924999943 ], [ 28.981582642000035, -25.741958617999956 ], [ 28.950946808000083, -25.727693557999942 ], [ 28.969097137000063, -25.67273330699993 ], [ 29.064889908000055, -25.641838073999907 ], [ 29.040271759000063, -25.61697006199995 ], [ 29.045892715000036, -25.580215453999926 ], [ 29.034563065000043, -25.562805175999927 ], [ 29.087139130000082, -25.54800414999994 ], [ 29.095336914000086, -25.537525176999907 ], [ 29.078992844000084, -25.499004363999916 ], [ 29.058895111000083, -25.526794433999953 ], [ 29.047622681000064, -25.516408919999947 ], [ 29.034471512000039, -25.520753859999957 ], [ 29.013206482000044, -25.513145446999943 ], [ 29.023546219000082, -25.537094115999935 ], [ 29.014087677000077, -25.542314528999952 ], [ 29.010848999000075, -25.53261756899991 ], [ 28.987201691000053, -25.539623259999928 ], [ 29.000947952000047, -25.562040328999956 ], [ 28.987876892000088, -25.57145881699995 ], [ 28.943798065000067, -25.551265716999922 ], [ 28.925437927000075, -25.57091522199994 ], [ 28.915424347000055, -25.557405471999914 ], [ 28.910356522000086, -25.523876189999953 ], [ 28.858484268000041, -25.568485259999932 ], [ 28.887573242000087, -25.585422515999937 ], [ 28.874773026000071, -25.601518630999919 ], [ 28.876657486000056, -25.617286681999929 ], [ 28.892047882000043, -25.613817214999926 ], [ 28.880323410000074, -25.644433974999913 ], [ 28.872056961000055, -25.640872954999907 ], [ 28.869579315000067, -25.657533645999933 ], [ 28.841840744000081, -25.653869628999928 ], [ 28.836290359000088, -25.636777877999918 ], [ 28.818559647000086, -25.64074897799992 ], [ 28.831863403000057, -25.657012938999912 ], [ 28.825181961000055, -25.649782180999921 ], [ 28.810853958000052, -25.651060103999953 ], [ 28.810306549000074, -25.658527373999959 ], [ 28.823192596000069, -25.658334731999958 ], [ 28.847229004000042, -25.68184471099994 ], [ 28.819580078000058, -25.694517135999945 ], [ 28.808517456000061, -25.688457488999916 ], [ 28.793004990000043, -25.701850890999935 ], [ 28.769538879000038, -25.69820404099994 ], [ 28.756069183000079, -25.705730437999932 ], [ 28.714353561000053, -25.689931869999953 ], [ 28.70169448900009, -25.69852256799993 ], [ 28.672349930000053, -25.693798064999953 ], [ 28.674976349000076, -25.658273696999913 ], [ 28.642793655000048, -25.589271544999917 ], [ 28.647537231000058, -25.585035323999932 ], [ 28.626806259000091, -25.530412673999933 ], [ 28.625890732000073, -25.522335051999903 ], [ 28.634025574000077, -25.519325255999945 ], [ 28.632335663000049, -25.487825393999913 ], [ 28.615556717000061, -25.467081069999949 ], [ 28.629732132000072, -25.458915709999928 ], [ 28.61998176600008, -25.410587310999915 ], [ 28.639186859000063, -25.393266677999918 ], [ 28.622856140000067, -25.333055495999929 ], [ 28.718225479000068, -25.286613463999913 ], [ 28.764125824000075, -25.220472335999943 ], [ 28.784833908000053, -25.228044509999904 ], [ 28.776769638000076, -25.183095931999958 ], [ 28.744865417000085, -25.108985900999926 ], [ 28.710809708000056, -25.115447997999922 ], [ 28.652093887000035, -25.142204284999934 ], [ 28.536882401000071, -25.151817321999943 ], [ 28.532266617000062, -25.168672561999927 ], [ 28.461706161000052, -25.200834273999931 ], [ 28.387409210000044, -25.212701796999909 ], [ 28.411428452000052, -25.204185485999915 ], [ 28.392318726000042, -25.163599013999942 ], [ 28.379663467000057, -25.154773711999951 ], [ 28.443225861000087, -25.128337859999931 ], [ 28.446844101000067, -25.135309218999907 ], [ 28.495847702000049, -25.131170272999952 ], [ 28.474395752000078, -25.088655471999914 ], [ 28.607261658000084, -25.06986999499992 ], [ 28.609762192000062, -25.059293746999913 ], [ 28.634775162000039, -25.057609557999911 ], [ 28.606174469000052, -25.002977370999929 ], [ 28.659133911000083, -24.971784591999949 ], [ 28.714048386000059, -24.952995299999941 ], [ 28.759778976000064, -24.910923003999926 ], [ 28.837654114000088, -24.915397643999938 ], [ 28.846652985000048, -24.932632445999957 ], [ 28.924327850000054, -24.900903701999937 ], [ 28.915212631000088, -24.889392852999947 ], [ 28.989700317000086, -24.90261840799991 ], [ 28.993930817000034, -24.911333083999921 ], [ 29.056186676000038, -24.91164398199993 ], [ 29.083131790000039, -24.980585097999949 ], [ 29.173980713000049, -24.94867324799992 ], [ 29.183399200000053, -24.939296721999938 ], [ 29.175996780000048, -24.904787063999947 ], [ 29.204137802000048, -24.895050048999906 ], [ 29.230024338000078, -24.812015532999908 ], [ 29.264608383000052, -24.811592101999906 ], [ 29.270631790000039, -24.798734664999927 ], [ 29.320201874000077, -24.795331954999938 ], [ 29.334838867000087, -24.787286757999937 ], [ 29.341312408000078, -24.809507369999949 ], [ 29.378591537000091, -24.788339614999927 ], [ 29.370994568000071, -24.779151916999922 ], [ 29.40650749200006, -24.750915526999904 ], [ 29.430105209000089, -24.750520705999918 ], [ 29.421676636000086, -24.773752212999909 ], [ 29.432853699000077, -24.803031920999956 ], [ 29.447114944000077, -24.815742492999959 ], [ 29.424116135000077, -24.855968474999941 ], [ 29.401329041000054, -24.844503402999919 ], [ 29.373020172000054, -24.853956222999955 ], [ 29.411691666000081, -24.898237227999914 ], [ 29.38987731900005, -24.927772521999941 ], [ 29.397243500000059, -24.951547622999954 ], [ 29.374458313000048, -25.028127669999947 ], [ 29.400640488000079, -25.041389464999952 ], [ 29.412733078000088, -25.029346465999936 ], [ 29.467035294000084, -25.055614470999956 ], [ 29.438211441000078, -25.071640014999957 ], [ 29.49796295200008, -25.126480102999949 ], [ 29.49801635700004, -25.120704650999926 ], [ 29.614761353000063, -25.109739303999959 ], [ 29.637367249000079, -25.077373504999912 ], [ 29.741008759000067, -25.116733550999925 ], [ 29.766366959000038, -25.087629317999927 ], [ 29.755950928000061, -25.063608169999952 ], [ 29.774347305000049, -25.047504424999943 ], [ 29.787445068000068, -25.058773040999938 ], [ 29.804145813000048, -25.02776336699992 ], [ 29.825393677000079, -25.029256820999933 ], [ 29.86948585500005, -24.995742797999924 ], [ 29.914243698000064, -24.921030044999952 ], [ 29.949317932000042, -24.92304420499994 ], [ 29.975667953000084, -24.934719085999916 ], [ 30.006885529000044, -24.896739959999934 ], [ 30.050273895000089, -24.863731383999948 ], [ 30.051004410000075, -24.853185653999958 ], [ 30.069383621000043, -24.846210479999911 ], [ 30.084203720000062, -24.817644118999908 ], [ 30.148687363000079, -24.784250258999919 ], [ 30.151130676000037, -24.767353057999912 ], [ 30.104410172000087, -24.740125655999918 ], [ 30.120170593000068, -24.699583053999959 ], [ 30.087486267000088, -24.619937896999943 ], [ 30.128652573000068, -24.60998535199991 ], [ 30.244636536000087, -24.634857177999947 ], [ 30.237108231000036, -24.587549209999906 ], [ 30.304826736000052, -24.631206511999949 ], [ 30.313383102000046, -24.612777709999932 ], [ 30.334285736000083, -24.606302260999939 ], [ 30.35369300800005, -24.572547912999937 ], [ 30.360820770000089, -24.571935653999958 ], [ 30.391242981000062, -24.592391967999959 ], [ 30.499071121000043, -24.606439589999923 ], [ 30.551689148000037, -24.660516738999945 ], [ 30.599752426000066, -24.611598968999942 ], [ 30.598850250000055, -24.533275603999925 ], [ 30.627330780000079, -24.536281585999916 ], [ 30.644430161000059, -24.55501937899993 ], [ 30.670070648000035, -24.557373046999942 ], [ 30.686199188000046, -24.54055023199993 ], [ 30.700902939000059, -24.541250228999957 ], [ 30.701307297000085, -24.532112121999944 ], [ 30.712577820000035, -24.525043487999937 ], [ 30.720943451000039, -24.529594420999956 ], [ 30.723796844000049, -24.545238494999921 ], [ 30.732501984000066, -24.547422408999921 ], [ 30.730379105000054, -24.497833251999907 ], [ 30.759170532000041, -24.459552764999955 ], [ 30.799468994000051, -24.49822807299995 ], [ 30.87190055800005, -24.537837981999928 ], [ 30.853530884000065, -24.547183989999951 ], [ 30.84744453400009, -24.572881698999936 ], [ 30.826463699000044, -24.579263686999923 ], [ 30.823343277000049, -24.592098235999913 ], [ 30.853288651000071, -24.610351562999938 ], [ 30.897699356000089, -24.621454238999945 ], [ 30.915918350000084, -24.669733046999909 ], [ 30.890125275000059, -24.708087920999958 ], [ 30.908493042000089, -24.721698760999914 ], [ 30.898986816000047, -24.739753722999922 ], [ 30.909494400000085, -24.784179687999938 ], [ 30.919603348000066, -24.804512023999905 ], [ 30.97444534300007, -24.819723128999954 ], [ 31.006063461000053, -24.83778381299993 ], [ 31.027027130000079, -24.913536071999943 ], [ 31.031044006000059, -24.975774764999926 ], [ 31.050382614000057, -24.975938796999912 ], [ 31.053178787000036, -24.987539290999905 ], [ 31.060468674000049, -24.983579635999945 ], [ 31.060552597000083, -24.994272231999958 ], [ 31.086963654000044, -25.028856276999932 ], [ 31.112131119000082, -25.033117293999908 ], [ 31.153450012000064, -25.022001265999904 ], [ 31.249475479000068, -25.017885207999939 ], [ 31.254930496000043, -24.980741500999954 ], [ 31.290021896000042, -24.987398147999954 ], [ 31.311002731000087, -24.979099273999907 ], [ 31.311429977000046, -24.969488143999911 ], [ 31.321588516000077, -24.965074538999943 ], [ 31.344552994000082, -24.976243972999953 ], [ 31.36658477800006, -24.974222182999938 ], [ 31.37729835500005, -24.964601516999949 ], [ 31.413436890000071, -24.970329284999934 ], [ 31.435747147000086, -24.987396239999953 ], [ 31.471900940000069, -24.985036849999915 ], [ 31.452480316000049, -24.975362777999919 ], [ 31.439558029000068, -24.933624267999903 ], [ 31.479482651000069, -24.927877425999952 ], [ 31.466911316000051, -24.901092528999925 ], [ 31.469129562000035, -24.859012603999929 ], [ 31.385299683000085, -24.867956160999938 ], [ 31.385574341000051, -24.847312926999905 ], [ 31.343074799000078, -24.837875365999935 ], [ 31.340787888000079, -24.773439406999955 ], [ 31.327630997000085, -24.731266021999943 ], [ 31.463823318000038, -24.731601714999954 ], [ 31.516084671000044, -24.694000243999938 ], [ 31.515258789000086, -24.678035735999913 ], [ 31.557533264000085, -24.685096740999938 ], [ 31.554950714000086, -24.665170669999952 ], [ 31.594388962000039, -24.671411513999942 ], [ 31.58852386500007, -24.649785994999945 ], [ 31.598379135000073, -24.611270904999913 ], [ 31.525571823000064, -24.597095489999958 ], [ 31.449035645000038, -24.55706024199992 ], [ 31.422039032000043, -24.524581908999949 ], [ 31.470081329000038, -24.482318877999944 ], [ 31.386182785000074, -24.483646392999958 ], [ 31.403553009000063, -24.44264602699991 ], [ 31.344490051000037, -24.416677474999915 ], [ 31.386928558000079, -24.388629912999932 ], [ 31.394046783000078, -24.347505568999907 ], [ 31.435657501000037, -24.306138991999944 ], [ 31.445007324000073, -24.261335372999952 ], [ 31.424144745000035, -24.198017119999918 ], [ 31.468183517000057, -24.175996779999934 ], [ 31.479961395000089, -24.153377532999912 ], [ 31.481517792000091, -24.104810714999928 ], [ 31.26872062700005, -24.108573913999919 ], [ 31.261264801000038, -24.102127074999942 ], [ 31.300384521000069, -24.072082519999924 ], [ 31.322324753000089, -24.082939147999923 ], [ 31.365436554000041, -24.070240020999904 ], [ 31.386091232000069, -24.051301955999918 ], [ 31.402772903000084, -24.068208693999907 ], [ 31.43403625500008, -24.052808761999927 ], [ 31.447511673000065, -24.019395827999915 ], [ 31.484523773000035, -24.031244277999917 ], [ 31.523870468000041, -24.056249618999914 ], [ 31.53841209400008, -24.057785033999949 ], [ 31.552352905000077, -24.036577224999917 ], [ 31.571128845000089, -24.033456801999932 ], [ 31.59832954400008, -24.057434081999929 ], [ 31.610054016000049, -24.050518035999914 ], [ 31.622390747000054, -24.023719787999937 ], [ 31.660690308000085, -24.014616012999909 ], [ 31.670087814000055, -24.023277282999913 ], [ 31.678859711000086, -24.055837630999918 ], [ 31.710462570000061, -24.058748244999947 ], [ 31.73565483100009, -24.04876136799993 ], [ 31.735115051000037, -24.01165199299993 ], [ 31.770860672000083, -23.984682082999939 ], [ 31.783096313000044, -23.981857299999945 ], [ 31.823173523000037, -23.998376845999928 ], [ 31.829673767000088, -23.984931945999904 ], [ 31.861677170000064, -23.977958678999926 ], [ 31.87481880200005, -23.950801848999959 ], [ 31.87844657900007, -23.977190017999931 ], [ 31.891565323000066, -24.0 ], [ 31.913469315000043, -24.190849303999926 ] ] ] } },
{ "type": "Feature", "properties": { "loc": "ZA-A1-0009" }, "geometry": { "type": "Polygon", "coordinates": [ [ [ 31.08549499500009, -22.344564437999907 ], [ 31.139369965000071, -22.328113555999948 ], [ 31.16517448400009, -22.328462600999956 ], [ 31.200658798000063, -22.36001777599995 ], [ 31.259437561000084, -22.360265731999959 ], [ 31.311271667000085, -22.417737960999943 ], [ 31.30952835100004, -22.434251784999958 ], [ 31.558734894000054, -23.178861617999928 ], [ 31.545722961000081, -23.403367995999929 ], [ 31.557096481000087, -23.470005034999929 ], [ 31.689426422000054, -23.619413375999954 ], [ 31.69537925700007, -23.720554351999908 ], [ 31.762060165000037, -23.88066482499994 ], [ 31.87481880200005, -23.950801848999959 ], [ 31.861677170000064, -23.977958678999926 ], [ 31.829673767000088, -23.984931945999904 ], [ 31.823173523000037, -23.998376845999928 ], [ 31.783096313000044, -23.981857299999945 ], [ 31.770860672000083, -23.984682082999939 ], [ 31.735115051000037, -24.01165199299993 ], [ 31.73565483100009, -24.04876136799993 ], [ 31.710462570000061, -24.058748244999947 ], [ 31.678859711000086, -24.055837630999918 ], [ 31.670087814000055, -24.023277282999913 ], [ 31.660690308000085, -24.014616012999909 ], [ 31.622390747000054, -24.023719787999937 ], [ 31.610054016000049, -24.050518035999914 ], [ 31.59832954400008, -24.057434081999929 ], [ 31.571128845000089, -24.033456801999932 ], [ 31.552352905000077, -24.036577224999917 ], [ 31.53841209400008, -24.057785033999949 ], [ 31.523870468000041, -24.056249618999914 ], [ 31.484523773000035, -24.031244277999917 ], [ 31.447511673000065, -24.019395827999915 ], [ 31.43403625500008, -24.052808761999927 ], [ 31.402772903000084, -24.068208693999907 ], [ 31.386091232000069, -24.051301955999918 ], [ 31.365436554000041, -24.070240020999904 ], [ 31.322324753000089, -24.082939147999923 ], [ 31.300384521000069, -24.072082519999924 ], [ 31.261264801000038, -24.102127074999942 ], [ 31.26872062700005, -24.108573913999919 ], [ 31.481517792000091, -24.104810714999928 ], [ 31.479961395000089, -24.153377532999912 ], [ 31.468183517000057, -24.175996779999934 ], [ 31.424144745000035, -24.198017119999918 ], [ 31.445007324000073, -24.261335372999952 ], [ 31.435657501000037, -24.306138991999944 ], [ 31.394046783000078, -24.347505568999907 ], [ 31.386928558000079, -24.388629912999932 ], [ 31.344490051000037, -24.416677474999915 ], [ 31.403553009000063, -24.44264602699991 ], [ 31.386182785000074, -24.483646392999958 ], [ 31.470081329000038, -24.482318877999944 ], [ 31.422039032000043, -24.524581908999949 ], [ 31.449035645000038, -24.55706024199992 ], [ 31.525571823000064, -24.597095489999958 ], [ 31.598379135000073, -24.611270904999913 ], [ 31.58852386500007, -24.649785994999945 ], [ 31.594388962000039, -24.671411513999942 ], [ 31.554950714000086, -24.665170669999952 ], [ 31.557533264000085, -24.685096740999938 ], [ 31.515258789000086, -24.678035735999913 ], [ 31.516084671000044, -24.694000243999938 ], [ 31.463823318000038, -24.731601714999954 ], [ 31.327630997000085, -24.731266021999943 ], [ 31.340787888000079, -24.773439406999955 ], [ 31.343074799000078, -24.837875365999935 ], [ 31.385574341000051, -24.847312926999905 ], [ 31.385299683000085, -24.867956160999938 ], [ 31.469129562000035, -24.859012603999929 ], [ 31.466911316000051, -24.901092528999925 ], [ 31.479482651000069, -24.927877425999952 ], [ 31.439558029000068, -24.933624267999903 ], [ 31.452480316000049, -24.975362777999919 ], [ 31.471900940000069, -24.985036849999915 ], [ 31.435747147000086, -24.987396239999953 ], [ 31.413436890000071, -24.970329284999934 ], [ 31.37729835500005, -24.964601516999949 ], [ 31.36658477800006, -24.974222182999938 ], [ 31.344552994000082, -24.976243972999953 ], [ 31.321588516000077, -24.965074538999943 ], [ 31.311429977000046, -24.969488143999911 ], [ 31.311002731000087, -24.979099273999907 ], [ 31.290021896000042, -24.987398147999954 ], [ 31.254930496000043, -24.980741500999954 ], [ 31.249475479000068, -25.017885207999939 ], [ 31.153450012000064, -25.022001265999904 ], [ 31.112131119000082, -25.033117293999908 ], [ 31.086963654000044, -25.028856276999932 ], [ 31.060552597000083, -24.994272231999958 ], [ 31.060468674000049, -24.983579635999945 ], [ 31.053178787000036, -24.987539290999905 ], [ 31.050382614000057, -24.975938796999912 ], [ 31.031044006000059, -24.975774764999926 ], [ 31.027027130000079, -24.913536071999943 ], [ 31.006063461000053, -24.83778381299993 ], [ 30.97444534300007, -24.819723128999954 ], [ 30.919603348000066, -24.804512023999905 ], [ 30.909494400000085, -24.784179687999938 ], [ 30.898986816000047, -24.739753722999922 ], [ 30.908493042000089, -24.721698760999914 ], [ 30.890125275000059, -24.708087920999958 ], [ 30.915918350000084, -24.669733046999909 ], [ 30.897699356000089, -24.621454238999945 ], [ 30.853288651000071, -24.610351562999938 ], [ 30.823343277000049, -24.592098235999913 ], [ 30.826463699000044, -24.579263686999923 ], [ 30.84744453400009, -24.572881698999936 ], [ 30.853530884000065, -24.547183989999951 ], [ 30.87190055800005, -24.537837981999928 ], [ 30.799468994000051, -24.49822807299995 ], [ 30.759170532000041, -24.459552764999955 ], [ 30.730379105000054, -24.497833251999907 ], [ 30.732501984000066, -24.547422408999921 ], [ 30.723796844000049, -24.545238494999921 ], [ 30.720943451000039, -24.529594420999956 ], [ 30.712577820000035, -24.525043487999937 ], [ 30.701307297000085, -24.532112121999944 ], [ 30.700902939000059, -24.541250228999957 ], [ 30.686199188000046, -24.54055023199993 ], [ 30.670070648000035, -24.557373046999942 ], [ 30.644430161000059, -24.55501937899993 ], [ 30.627330780000079, -24.536281585999916 ], [ 30.598850250000055, -24.533275603999925 ], [ 30.599752426000066, -24.611598968999942 ], [ 30.551689148000037, -24.660516738999945 ], [ 30.499071121000043, -24.606439589999923 ], [ 30.391242981000062, -24.592391967999959 ], [ 30.360820770000089, -24.571935653999958 ], [ 30.35369300800005, -24.572547912999937 ], [ 30.334285736000083, -24.606302260999939 ], [ 30.313383102000046, -24.612777709999932 ], [ 30.304826736000052, -24.631206511999949 ], [ 30.237108231000036, -24.587549209999906 ], [ 30.244636536000087, -24.634857177999947 ], [ 30.128652573000068, -24.60998535199991 ], [ 30.087486267000088, -24.619937896999943 ], [ 30.120170593000068, -24.699583053999959 ], [ 30.104410172000087, -24.740125655999918 ], [ 30.151130676000037, -24.767353057999912 ], [ 30.148687363000079, -24.784250258999919 ], [ 30.084203720000062, -24.817644118999908 ], [ 30.069383621000043, -24.846210479999911 ], [ 30.051004410000075, -24.853185653999958 ], [ 30.050273895000089, -24.863731383999948 ], [ 30.006885529000044, -24.896739959999934 ], [ 29.975667953000084, -24.934719085999916 ], [ 29.949317932000042, -24.92304420499994 ], [ 29.914243698000064, -24.921030044999952 ], [ 29.86948585500005, -24.995742797999924 ], [ 29.825393677000079, -25.029256820999933 ], [ 29.804145813000048, -25.02776336699992 ], [ 29.787445068000068, -25.058773040999938 ], [ 29.774347305000049, -25.047504424999943 ], [ 29.755950928000061, -25.063608169999952 ], [ 29.766366959000038, -25.087629317999927 ], [ 29.741008759000067, -25.116733550999925 ], [ 29.637367249000079, -25.077373504999912 ], [ 29.614761353000063, -25.109739303999959 ], [ 29.49801635700004, -25.120704650999926 ], [ 29.49796295200008, -25.126480102999949 ], [ 29.438211441000078, -25.071640014999957 ], [ 29.467035294000084, -25.055614470999956 ], [ 29.412733078000088, -25.029346465999936 ], [ 29.400640488000079, -25.041389464999952 ], [ 29.374458313000048, -25.028127669999947 ], [ 29.397243500000059, -24.951547622999954 ], [ 29.38987731900005, -24.927772521999941 ], [ 29.411691666000081, -24.898237227999914 ], [ 29.373020172000054, -24.853956222999955 ], [ 29.401329041000054, -24.844503402999919 ], [ 29.421596527000077, -24.856704711999953 ], [ 29.437202454000044, -24.841753005999919 ], [ 29.447114944000077, -24.815742492999959 ], [ 29.432853699000077, -24.803031920999956 ], [ 29.421676636000086, -24.773752212999909 ], [ 29.430105209000089, -24.750520705999918 ], [ 29.40650749200006, -24.750915526999904 ], [ 29.370994568000071, -24.779151916999922 ], [ 29.378591537000091, -24.788339614999927 ], [ 29.341312408000078, -24.809507369999949 ], [ 29.334838867000087, -24.787286757999937 ], [ 29.320201874000077, -24.795331954999938 ], [ 29.270631790000039, -24.798734664999927 ], [ 29.264608383000052, -24.811592101999906 ], [ 29.230024338000078, -24.812015532999908 ], [ 29.204137802000048, -24.895050048999906 ], [ 29.175996780000048, -24.904787063999947 ], [ 29.183399200000053, -24.939296721999938 ], [ 29.173980713000049, -24.94867324799992 ], [ 29.083131790000039, -24.980585097999949 ], [ 29.056186676000038, -24.91164398199993 ], [ 28.993930817000034, -24.911333083999921 ], [ 28.989700317000086, -24.90261840799991 ], [ 28.915212631000088, -24.889392852999947 ], [ 28.924327850000054, -24.900903701999937 ], [ 28.846652985000048, -24.932632445999957 ], [ 28.837654114000088, -24.915397643999938 ], [ 28.759778976000064, -24.910923003999926 ], [ 28.714048386000059, -24.952995299999941 ], [ 28.659133911000083, -24.971784591999949 ], [ 28.606174469000052, -25.002977370999929 ], [ 28.634775162000039, -25.057609557999911 ], [ 28.609762192000062, -25.059293746999913 ], [ 28.607261658000084, -25.06986999499992 ], [ 28.474395752000078, -25.088655471999914 ], [ 28.495847702000049, -25.131170272999952 ], [ 28.446844101000067, -25.135309218999907 ], [ 28.443225861000087, -25.128337859999931 ], [ 28.379663467000057, -25.154773711999951 ], [ 28.392318726000042, -25.163599013999942 ], [ 28.411428452000052, -25.204185485999915 ], [ 28.387409210000044, -25.212701796999909 ], [ 28.461706161000052, -25.200834273999931 ], [ 28.532266617000062, -25.168672561999927 ], [ 28.536882401000071, -25.151817321999943 ], [ 28.652093887000035, -25.142204284999934 ], [ 28.616167068000038, -25.151052474999915 ], [ 28.65560722400005, -25.212928771999941 ], [ 28.679162979000068, -25.210180282999943 ], [ 28.672267914000088, -25.247573852999949 ], [ 28.664619446000074, -25.251182555999947 ], [ 28.65961647000006, -25.234670638999944 ], [ 28.632905960000073, -25.279373168999939 ], [ 28.594703674000073, -25.24902534499995 ], [ 28.513557434000063, -25.25554466199992 ], [ 28.501247406000061, -25.266817092999929 ], [ 28.503866196000047, -25.308246612999937 ], [ 28.443164825000053, -25.310991286999922 ], [ 28.434017181000058, -25.321935653999958 ], [ 28.382654190000039, -25.321199416999946 ], [ 28.377986908000082, -25.291711806999956 ], [ 28.298213959000066, -25.310523986999954 ], [ 28.298343658000078, -25.293790816999945 ], [ 28.246356964000086, -25.212268828999925 ], [ 28.211271286000056, -25.197523116999946 ], [ 28.16986846900005, -25.208829879999939 ], [ 28.135919571000045, -25.205053328999952 ], [ 28.129159927000046, -25.145143508999922 ], [ 28.094646454000042, -25.147941588999913 ], [ 28.079345703000058, -25.10032272299992 ], [ 28.15415573100006, -25.086090087999935 ], [ 28.181066513000076, -25.106868743999939 ], [ 28.177072525000085, -25.118726729999935 ], [ 28.208150864000061, -25.122892379999939 ], [ 28.26000022900007, -25.049930572999926 ], [ 28.125482559000091, -25.004163741999946 ], [ 28.120300293000071, -24.978853225999956 ], [ 28.037273407000043, -24.984731673999931 ], [ 27.996229172000085, -24.97124290499994 ], [ 27.983852386000081, -24.957229613999914 ], [ 27.955242157000043, -24.969549178999955 ], [ 27.946731567000086, -25.000736236999956 ], [ 27.789207458000078, -24.965902327999913 ], [ 27.70510482800006, -24.985483169999952 ], [ 27.629249573000038, -24.97075653099995 ], [ 27.595783234000066, -24.983507155999916 ], [ 27.594282150000083, -25.028915404999907 ], [ 27.568786621000072, -25.057476043999941 ], [ 27.592880249000075, -25.070890426999938 ], [ 27.582759857000042, -25.083190917999957 ], [ 27.584497452000051, -25.102048873999934 ], [ 27.562862396000071, -25.104194640999935 ], [ 27.564535141000079, -25.083522796999944 ], [ 27.541954041000054, -25.098119735999944 ], [ 27.531438828000034, -25.094783782999912 ], [ 27.533052444000077, -25.083642959999906 ], [ 27.520048141000075, -25.076299666999944 ], [ 27.48720932000009, -25.077754973999959 ], [ 27.482051849000072, -25.066453933999924 ], [ 27.431634903000088, -25.081438064999929 ], [ 27.424903870000037, -25.068294524999942 ], [ 27.337221146000047, -25.087219237999932 ], [ 27.313909531000036, -25.041479110999944 ], [ 27.270261765000043, -25.037540435999915 ], [ 27.22386169400005, -25.066808700999957 ], [ 27.231987, -25.035491942999954 ], [ 27.203790665000042, -25.03256988499993 ], [ 27.207597733000057, -24.996648787999959 ], [ 27.226408005000053, -24.963331222999955 ], [ 27.18373107900004, -24.94790840099995 ], [ 27.15436363200007, -24.978355407999913 ], [ 27.141532898000037, -24.942697524999915 ], [ 27.101457596000046, -24.899431228999958 ], [ 27.04153823900009, -24.886358260999941 ], [ 27.026641846000075, -24.718002318999936 ], [ 26.97670936600008, -24.719842910999944 ], [ 26.981046677000052, -24.775350570999933 ], [ 26.942968369000084, -24.775657653999929 ], [ 26.780002594000052, -24.837156295999932 ], [ 26.751585007000074, -24.88234710699993 ], [ 26.705411911000056, -24.856351851999932 ], [ 26.69962120100007, -24.866674422999949 ], [ 26.622337341000048, -24.809242248999908 ], [ 26.566776276000041, -24.819282531999932 ], [ 26.463397980000082, -24.801334380999947 ], [ 26.458665848000066, -24.808681487999934 ], [ 26.459815979000041, -24.789846419999947 ], [ 26.444540024000048, -24.789813994999918 ], [ 26.426313400000083, -24.770305633999953 ], [ 26.427932739000084, -24.750352858999918 ], [ 26.41856765700004, -24.728313445999959 ], [ 26.427555084000062, -24.695856093999907 ], [ 26.421585083000082, -24.690742492999959 ], [ 26.427865982000071, -24.657520293999937 ], [ 26.421554565000065, -24.635549544999947 ], [ 26.428812027000049, -24.616756438999914 ], [ 26.453502655000079, -24.607702254999936 ], [ 26.475347519000081, -24.587776183999949 ], [ 26.520381927000074, -24.485597609999957 ], [ 26.554670334000036, -24.460329055999921 ], [ 26.595991135000077, -24.407306670999958 ], [ 26.651519775000054, -24.388874053999928 ], [ 26.668745041000079, -24.390325545999929 ], [ 26.676967621000074, -24.377744674999917 ], [ 26.676382065000041, -24.352741240999933 ], [ 26.684101105000082, -24.340143203999958 ], [ 26.704353333000086, -24.333890914999927 ], [ 26.712209702000052, -24.317399978999958 ], [ 26.739742279000041, -24.303342818999909 ], [ 26.759466171000042, -24.311508178999929 ], [ 26.786161423000067, -24.30540084799992 ], [ 26.814302444000077, -24.291046142999903 ], [ 26.830886841000051, -24.271686553999928 ], [ 26.854486465000036, -24.269775390999939 ], [ 26.865400314000055, -24.260072707999939 ], [ 26.870906830000081, -24.248113631999956 ], [ 26.864913940000065, -24.218086242999959 ], [ 26.880701065000039, -24.199380874999918 ], [ 26.86790084800009, -24.176683425999954 ], [ 26.884153366000078, -24.158683776999908 ], [ 26.866523743000073, -24.133428573999936 ], [ 26.870401382000068, -24.101003646999914 ], [ 26.894060135000075, -24.081306457999915 ], [ 26.898555756000064, -24.052337645999955 ], [ 26.91771698000008, -24.017839431999903 ], [ 26.914896011000053, -23.984460830999922 ], [ 26.928981781000061, -23.969495772999949 ], [ 26.933820724000043, -23.92470931999992 ], [ 26.954559326000037, -23.877975463999917 ], [ 26.953483582000047, -23.860086440999908 ], [ 26.941286087000037, -23.860763549999945 ], [ 26.938138962000039, -23.853487014999928 ], [ 26.959905624000044, -23.834306716999947 ], [ 26.950744629000042, -23.813848494999945 ], [ 26.964977264000083, -23.780591964999928 ], [ 26.967704773000037, -23.733793258999924 ], [ 26.977331161000052, -23.706804275999957 ], [ 27.00162124600007, -23.690319060999911 ], [ 27.010047913000051, -23.64295005799994 ], [ 27.019556046000048, -23.645296096999914 ], [ 27.024868011000081, -23.660554885999943 ], [ 27.036323547000052, -23.660802840999906 ], [ 27.033597946000043, -23.684001922999926 ], [ 27.062005997000085, -23.67407989499992 ], [ 27.082883835000075, -23.650310515999934 ], [ 27.06380271900008, -23.616357802999914 ], [ 27.083427429000039, -23.615005492999956 ], [ 27.087570190000065, -23.602304458999924 ], [ 27.101654053000061, -23.598550796999916 ], [ 27.113918304000038, -23.573286056999905 ], [ 27.148448944000052, -23.575370788999919 ], [ 27.156169891000047, -23.567781447999948 ], [ 27.157417297000052, -23.556983947999925 ], [ 27.139245987000038, -23.545410155999946 ], [ 27.138370514000087, -23.528692244999945 ], [ 27.15225982700008, -23.527051925999956 ], [ 27.161005020000061, -23.539722442999903 ], [ 27.176010132000044, -23.529703139999924 ], [ 27.189123154000072, -23.540327071999911 ], [ 27.207435608000083, -23.536304473999905 ], [ 27.214452744000084, -23.527915954999912 ], [ 27.194498062000036, -23.514547347999951 ], [ 27.195028305000051, -23.505138396999939 ], [ 27.21138000500008, -23.491754531999959 ], [ 27.235982895000063, -23.50387954699994 ], [ 27.249446869000053, -23.484237670999903 ], [ 27.276620865000041, -23.479560851999906 ], [ 27.309068680000053, -23.457504271999937 ], [ 27.320470810000074, -23.418930053999929 ], [ 27.333465576000037, -23.406064986999922 ], [ 27.352567673000067, -23.408866881999927 ], [ 27.352476120000063, -23.43022727999994 ], [ 27.376617432000046, -23.43145370499991 ], [ 27.383012772000086, -23.421072005999918 ], [ 27.379703522000057, -23.403297423999959 ], [ 27.406158447000053, -23.395982741999944 ], [ 27.412294388000078, -23.400236129999939 ], [ 27.400171280000052, -23.422155379999936 ], [ 27.419752121000045, -23.428125380999916 ], [ 27.433860779000042, -23.400037765999912 ], [ 27.449718475000054, -23.389791488999947 ], [ 27.534088135000047, -23.383483886999954 ], [ 27.563444138000079, -23.353874206999933 ], [ 27.570404053000061, -23.334463119999953 ], [ 27.564481735000072, -23.316474914999958 ], [ 27.579309464000062, -23.284282683999947 ], [ 27.576242447000084, -23.271047591999945 ], [ 27.599691391000079, -23.255865096999912 ], [ 27.603336334000062, -23.223680495999929 ], [ 27.652240753000058, -23.233392714999923 ], [ 27.675683975000084, -23.209026336999955 ], [ 27.691511154000068, -23.206842421999909 ], [ 27.719957352000051, -23.240840911999953 ], [ 27.744417191000082, -23.236394881999956 ], [ 27.755491257000074, -23.204725265999912 ], [ 27.78889846800007, -23.173238753999954 ], [ 27.768644333000054, -23.139522551999903 ], [ 27.787734985000043, -23.150733947999925 ], [ 27.81613159200009, -23.13828659099994 ], [ 27.823789597000086, -23.113307952999946 ], [ 27.840206146000071, -23.114707946999943 ], [ 27.895311356000036, -23.090284347999955 ], [ 27.934854507000068, -23.058393477999914 ], [ 27.938051224000048, -23.012668609999935 ], [ 27.949699402000078, -22.994729995999933 ], [ 27.940654755000082, -22.963514327999917 ], [ 27.975210190000041, -22.958566665999911 ], [ 28.045177460000048, -22.909172057999911 ], [ 28.05433845500005, -22.891513823999958 ], [ 28.04589653000005, -22.838487624999914 ], [ 28.085916519000079, -22.823726653999927 ], [ 28.155172348000065, -22.769220351999934 ], [ 28.163745880000079, -22.752767562999907 ], [ 28.16132164000004, -22.711980819999951 ], [ 28.202177048000067, -22.67080306999992 ], [ 28.266626358000053, -22.642095565999909 ], [ 28.279260635000071, -22.617906569999946 ], [ 28.322517395000091, -22.600963592999904 ], [ 28.346271515000069, -22.576940535999938 ], [ 28.449468613000079, -22.570804595999959 ], [ 28.512844086000086, -22.587024688999918 ], [ 28.553569794000055, -22.564203261999921 ], [ 28.629022598000063, -22.559301375999951 ], [ 28.668525696000074, -22.53480148299991 ], [ 28.693056107000075, -22.529069900999957 ], [ 28.707147598000063, -22.513986587999909 ], [ 28.825624466000079, -22.487230300999954 ], [ 28.830251694000083, -22.462993621999942 ], [ 28.866258621000043, -22.446352004999937 ], [ 28.91636085500005, -22.45959472699991 ], [ 28.941228867000063, -22.434358596999914 ], [ 28.949693680000053, -22.403772353999955 ], [ 28.972221375000061, -22.372951507999915 ], [ 28.960966110000072, -22.333402633999924 ], [ 28.965290070000037, -22.308250426999905 ], [ 28.975210190000041, -22.287984847999951 ], [ 28.994211197000084, -22.280765532999908 ], [ 29.013433456000087, -22.230981826999937 ], [ 29.03338050800005, -22.217081069999949 ], [ 29.06926345800008, -22.221990584999958 ], [ 29.150718689000087, -22.214145659999929 ], [ 29.200105667000059, -22.181518554999911 ], [ 29.27106475800008, -22.193307876999938 ], [ 29.314376831000061, -22.189184188999945 ], [ 29.333663940000065, -22.204389571999911 ], [ 29.459629059000065, -22.167274474999942 ], [ 29.516000748000067, -22.17689323399992 ], [ 29.528285980000078, -22.169027327999913 ], [ 29.533767700000055, -22.152980803999924 ], [ 29.571090698000035, -22.142318725999928 ], [ 29.607698441000082, -22.154823302999944 ], [ 29.623434067000062, -22.136106490999907 ], [ 29.648014069000055, -22.126611709999906 ], [ 29.672552109000037, -22.138788222999949 ], [ 29.763763428000061, -22.141075133999948 ], [ 29.825141907000045, -22.171539306999932 ], [ 29.853677750000088, -22.174249648999933 ], [ 29.876226425000084, -22.191076278999958 ], [ 29.924076080000077, -22.191963195999904 ], [ 29.957740784000066, -22.216386794999949 ], [ 30.011081696000076, -22.230422973999907 ], [ 30.02088165300006, -22.252080916999944 ], [ 30.057317734000037, -22.257162093999909 ], [ 30.124254227000051, -22.308511733999921 ], [ 30.16257476800007, -22.296730041999922 ], [ 30.223144531000059, -22.29368209799992 ], [ 30.288192749000075, -22.351074218999941 ], [ 30.407341003000056, -22.339738845999932 ], [ 30.483663559000036, -22.314334868999936 ], [ 30.533811569000079, -22.324424743999941 ], [ 30.59863090500005, -22.319040297999948 ], [ 30.62749862700008, -22.331533431999958 ], [ 30.664623260000042, -22.307895659999929 ], [ 30.71107482900004, -22.31499290499994 ], [ 30.827135086000055, -22.290742873999932 ], [ 30.931383133000054, -22.300178527999947 ], [ 30.984209061000058, -22.326116561999925 ], [ 31.008216858000083, -22.323316573999932 ], [ 31.08549499500009, -22.344564437999907 ] ] ] } }
]
}
