{
"type": "FeatureCollection",
"name": "regions_FI",
"crs": { "type": "name", "properties": { "name": "urn:ogc:def:crs:OGC:1.3:CRS84" } },
"features": [
{ "type": "Feature", "properties": { "loc": "FI200" }, "geometry": { "type": "MultiPolygon", "coordinates": [ [ [ [ 21.113102, 60.502403 ], [ 21.109256, 60.494813 ], [ 21.088737, 60.503347 ], [ 21.093544, 60.507341 ], [ 21.113102, 60.502403 ] ] ], [ [ [ 21.100748, 60.47915 ], [ 21.097275, 60.459652 ], [ 21.072699, 60.441054 ], [ 21.055932, 60.46714 ], [ 21.072946, 60.472246 ], [ 21.073452, 60.481286 ], [ 21.037085, 60.499793 ], [ 21.058146, 60.50189 ], [ 21.100748, 60.47915 ] ] ], [ [ [ 21.100144, 60.52651 ], [ 21.079686, 60.50678 ], [ 21.045625, 60.528952 ], [ 21.085624, 60.53478 ], [ 21.100144, 60.52651 ] ] ], [ [ [ 21.086832, 60.377936 ], [ 21.09231, 60.363202 ], [ 21.076957, 60.366818 ], [ 21.060521, 60.384603 ], [ 21.066886, 60.392385 ], [ 21.086832, 60.377936 ] ] ], [ [ [ 21.088584, 60.341532 ], [ 21.084283, 60.335413 ], [ 21.066401, 60.34281 ], [ 21.052474, 60.363083 ], [ 21.057844, 60.368127 ], [ 21.072056, 60.363083 ], [ 21.088584, 60.341532 ] ] ], [ [ [ 21.087363, 60.284534 ], [ 21.079535, 60.275356 ], [ 21.066028, 60.284103 ], [ 21.072045, 60.292226 ], [ 21.087363, 60.284534 ] ] ], [ [ [ 21.066006, 60.543111 ], [ 21.041309, 60.540791 ], [ 21.043126, 60.54813 ], [ 21.034655, 60.553405 ], [ 21.069352, 60.557373 ], [ 21.066006, 60.543111 ] ] ], [ [ [ 21.068637, 60.410153 ], [ 21.045898, 60.389516 ], [ 21.035166, 60.411922 ], [ 21.051415, 60.425461 ], [ 21.068637, 60.410153 ] ] ], [ [ [ 21.065293, 60.281547 ], [ 21.067734, 60.264774 ], [ 21.048317, 60.26836 ], [ 21.065293, 60.281547 ] ] ], [ [ [ 21.067362, 60.296623 ], [ 21.060311, 60.291128 ], [ 21.038649, 60.303798 ], [ 21.049821, 60.309191 ], [ 21.067362, 60.296623 ] ] ], [ [ [ 21.048724, 60.431345 ], [ 21.014593, 60.425168 ], [ 21.014797, 60.437284 ], [ 21.04861, 60.438373 ], [ 21.048724, 60.431345 ] ] ], [ [ [ 21.022872, 60.398628 ], [ 21.040263, 60.385468 ], [ 21.041679, 60.365162 ], [ 21.029385, 60.365427 ], [ 21.02916, 60.377506 ], [ 21.018539, 60.385761 ], [ 21.007617, 60.384355 ], [ 21.010257, 60.394175 ], [ 21.003679, 60.396919 ], [ 21.014577, 60.408189 ], [ 21.025931, 60.405618 ], [ 21.022872, 60.398628 ] ] ], [ [ [ 21.038016, 60.317429 ], [ 21.021758, 60.315956 ], [ 21.016924, 60.32345 ], [ 21.028988, 60.331109 ], [ 21.038016, 60.317429 ] ] ], [ [ [ 21.03341, 60.349493 ], [ 21.023608, 60.343526 ], [ 21.016223, 60.359369 ], [ 21.03093, 60.355567 ], [ 21.03341, 60.349493 ] ] ], [ [ [ 21.023345, 60.293208 ], [ 21.016177, 60.289729 ], [ 21.001915, 60.299869 ], [ 21.011096, 60.308253 ], [ 21.023345, 60.293208 ] ] ], [ [ [ 21.023215, 60.524168 ], [ 21.00642, 60.527827 ], [ 21.009587, 60.536324 ], [ 21.021498, 60.535592 ], [ 21.023215, 60.524168 ] ] ], [ [ [ 21.013117, 60.222998 ], [ 21.008588, 60.2113 ], [ 20.99563, 60.221544 ], [ 21.00688, 60.230202 ], [ 21.013117, 60.222998 ] ] ], [ [ [ 21.009672, 60.448142 ], [ 20.996739, 60.443601 ], [ 20.988683, 60.449401 ], [ 20.993632, 60.457619 ], [ 21.009672, 60.448142 ] ] ], [ [ [ 21.000857, 60.374989 ], [ 21.002959, 60.367984 ], [ 20.990419, 60.368052 ], [ 20.988072, 60.357883 ], [ 20.971503, 60.369552 ], [ 20.984699, 60.378211 ], [ 21.000857, 60.374989 ] ] ], [ [ [ 20.998595, 60.256033 ], [ 20.995059, 60.241937 ], [ 20.982028, 60.254436 ], [ 20.998595, 60.256033 ] ] ], [ [ [ 20.989536, 59.933567 ], [ 20.992796, 59.921828 ], [ 20.92975, 59.918664 ], [ 20.925754, 59.905578 ], [ 20.906327, 59.903457 ], [ 20.856478, 59.927254 ], [ 20.880148, 59.946697 ], [ 20.901086, 59.943613 ], [ 20.915429, 59.928233 ], [ 20.929112, 59.933567 ], [ 20.916753, 59.947562 ], [ 20.922124, 59.958067 ], [ 20.965211, 59.963335 ], [ 20.999557, 59.951044 ], [ 20.989536, 59.933567 ] ] ], [ [ [ 20.99565, 60.304172 ], [ 20.975952, 60.299074 ], [ 20.962646, 60.314681 ], [ 20.971777, 60.328325 ], [ 20.999188, 60.332559 ], [ 20.99565, 60.304172 ] ] ], [ [ [ 20.998136, 60.41794 ], [ 20.986693, 60.409146 ], [ 20.971669, 60.425582 ], [ 20.998948, 60.428767 ], [ 20.998136, 60.41794 ] ] ], [ [ [ 20.990965, 60.653541 ], [ 20.985798, 60.637422 ], [ 20.974205, 60.641424 ], [ 20.982133, 60.656439 ], [ 20.990965, 60.653541 ] ] ], [ [ [ 20.989974, 60.393505 ], [ 20.981685, 60.387291 ], [ 20.964411, 60.402647 ], [ 20.971383, 60.40518 ], [ 20.989974, 60.393505 ] ] ], [ [ [ 20.967172, 60.425428 ], [ 20.945715, 60.425472 ], [ 20.946075, 60.433989 ], [ 20.954113, 60.436012 ], [ 20.967172, 60.425428 ] ] ], [ [ [ 20.952849, 60.447721 ], [ 20.943574, 60.438111 ], [ 20.928184, 60.443071 ], [ 20.944291, 60.487116 ], [ 20.95205, 60.482538 ], [ 20.952849, 60.447721 ] ] ], [ [ [ 20.937166, 60.328296 ], [ 20.935282, 60.311241 ], [ 20.912768, 60.324227 ], [ 20.903817, 60.341976 ], [ 20.922554, 60.35243 ], [ 20.919326, 60.360037 ], [ 20.942853, 60.355017 ], [ 20.937013, 60.344197 ], [ 20.926374, 60.343709 ], [ 20.937166, 60.328296 ] ] ], [ [ [ 20.936597, 60.494514 ], [ 20.920345, 60.480385 ], [ 20.916854, 60.494564 ], [ 20.936597, 60.494514 ] ] ], [ [ [ 20.930671, 59.891755 ], [ 20.93574, 59.866007 ], [ 20.919618, 59.867363 ], [ 20.911337, 59.887504 ], [ 20.930671, 59.891755 ] ] ], [ [ [ 20.924605, 60.375828 ], [ 20.910558, 60.355251 ], [ 20.903349, 60.358967 ], [ 20.913034, 60.378211 ], [ 20.924605, 60.375828 ] ] ], [ [ [ 20.921139, 60.029326 ], [ 20.919573, 60.014587 ], [ 20.904443, 60.024371 ], [ 20.911872, 60.034052 ], [ 20.921139, 60.029326 ] ] ], [ [ [ 20.920948, 60.460859 ], [ 20.909682, 60.453463 ], [ 20.897772, 60.470922 ], [ 20.91361, 60.472584 ], [ 20.920948, 60.460859 ] ] ], [ [ [ 20.893294, 60.526561 ], [ 20.889645, 60.517618 ], [ 20.865243, 60.531934 ], [ 20.886171, 60.531214 ], [ 20.893294, 60.526561 ] ] ], [ [ [ 20.89074, 60.422656 ], [ 20.872806, 60.422656 ], [ 20.871227, 60.433361 ], [ 20.877869, 60.438488 ], [ 20.89074, 60.422656 ] ] ], [ [ [ 20.878382, 60.363083 ], [ 20.870602, 60.350533 ], [ 20.860177, 60.371825 ], [ 20.865693, 60.376441 ], [ 20.878382, 60.363083 ] ] ], [ [ [ 20.867774, 60.253702 ], [ 20.863892, 60.23615 ], [ 20.842495, 60.250505 ], [ 20.855843, 60.263764 ], [ 20.867774, 60.253702 ] ] ], [ [ [ 20.86712, 60.023396 ], [ 20.866032, 60.013985 ], [ 20.848359, 60.016659 ], [ 20.852104, 60.02834 ], [ 20.86712, 60.023396 ] ] ], [ [ [ 20.858031, 60.402338 ], [ 20.851076, 60.399946 ], [ 20.835195, 60.416056 ], [ 20.850359, 60.420828 ], [ 20.850017, 60.408113 ], [ 20.858031, 60.402338 ] ] ], [ [ [ 20.837269, 60.22666 ], [ 20.813871, 60.227395 ], [ 20.830936, 60.237708 ], [ 20.837269, 60.22666 ] ] ], [ [ [ 20.834834, 60.035318 ], [ 20.827627, 60.029494 ], [ 20.811507, 60.038713 ], [ 20.821767, 60.045913 ], [ 20.834834, 60.035318 ] ] ], [ [ [ 20.831878, 60.250637 ], [ 20.797922, 60.22813 ], [ 20.77638, 60.230173 ], [ 20.740921, 60.262407 ], [ 20.756148, 60.280247 ], [ 20.785161, 60.28791 ], [ 20.830887, 60.265603 ], [ 20.831878, 60.250637 ] ] ], [ [ [ 20.814631, 60.06576 ], [ 20.794713, 60.065727 ], [ 20.791897, 60.068638 ], [ 20.816203, 60.076941 ], [ 20.814631, 60.06576 ] ] ], [ [ [ 20.793449, 60.465586 ], [ 20.794686, 60.454847 ], [ 20.77626, 60.458951 ], [ 20.779133, 60.469969 ], [ 20.793449, 60.465586 ] ] ], [ [ [ 20.782385, 60.329141 ], [ 20.734883, 60.314773 ], [ 20.732518, 60.334663 ], [ 20.760507, 60.361393 ], [ 20.784243, 60.366018 ], [ 20.79455, 60.354588 ], [ 20.789535, 60.337619 ], [ 20.782385, 60.329141 ] ] ], [ [ [ 20.781076, 60.390982 ], [ 20.777408, 60.386063 ], [ 20.763998, 60.392302 ], [ 20.75112, 60.422574 ], [ 20.765928, 60.422133 ], [ 20.767258, 60.409887 ], [ 20.777782, 60.408248 ], [ 20.770252, 60.399277 ], [ 20.781076, 60.390982 ] ] ], [ [ [ 20.764418, 60.301142 ], [ 20.761934, 60.29292 ], [ 20.730182, 60.294295 ], [ 20.739492, 60.305518 ], [ 20.764418, 60.301142 ] ] ], [ [ [ 20.757293, 60.064095 ], [ 20.749065, 60.051885 ], [ 20.736041, 60.055128 ], [ 20.74304, 60.066431 ], [ 20.757293, 60.064095 ] ] ], [ [ [ 20.741494, 60.218729 ], [ 20.733265, 60.212263 ], [ 20.724946, 60.222998 ], [ 20.726245, 60.251429 ], [ 20.745111, 60.242531 ], [ 20.741494, 60.218729 ] ] ], [ [ [ 20.743188, 60.168225 ], [ 20.73517, 60.1655 ], [ 20.717665, 60.170667 ], [ 20.731454, 60.180083 ], [ 20.743188, 60.168225 ] ] ], [ [ [ 20.733025, 60.064025 ], [ 20.723288, 60.06265 ], [ 20.721901, 60.075373 ], [ 20.709743, 60.083905 ], [ 20.716277, 60.09063 ], [ 20.739304, 60.075614 ], [ 20.733025, 60.064025 ] ] ], [ [ [ 20.72584, 60.266696 ], [ 20.712466, 60.242879 ], [ 20.699037, 60.249776 ], [ 20.719941, 60.271491 ], [ 20.72584, 60.266696 ] ] ], [ [ [ 20.712367, 60.196832 ], [ 20.682705, 60.191876 ], [ 20.66321, 60.201902 ], [ 20.663314, 60.211525 ], [ 20.678834, 60.231569 ], [ 20.701307, 60.22314 ], [ 20.712367, 60.196832 ] ] ], [ [ [ 20.708418, 60.370666 ], [ 20.707501, 60.358164 ], [ 20.688746, 60.364962 ], [ 20.698641, 60.374054 ], [ 20.708418, 60.370666 ] ] ], [ [ [ 20.705077, 60.398178 ], [ 20.690963, 60.386562 ], [ 20.683471, 60.3936 ], [ 20.705077, 60.398178 ] ] ], [ [ [ 20.689381, 60.125798 ], [ 20.682539, 60.110524 ], [ 20.667396, 60.110648 ], [ 20.633641, 60.141357 ], [ 20.657524, 60.1533 ], [ 20.689381, 60.125798 ] ] ], [ [ [ 20.64238, 60.031496 ], [ 20.627614, 60.027284 ], [ 20.620706, 60.036456 ], [ 20.642587, 60.038649 ], [ 20.64238, 60.031496 ] ] ], [ [ [ 20.625827, 60.404856 ], [ 20.606628, 60.39387 ], [ 20.596932, 60.39754 ], [ 20.608457, 60.409761 ], [ 20.603497, 60.418238 ], [ 20.615406, 60.418906 ], [ 20.625827, 60.404856 ] ] ], [ [ [ 20.473879, 60.064563 ], [ 20.517827, 60.069006 ], [ 20.53464, 60.057992 ], [ 20.582596, 60.058552 ], [ 20.610479, 60.041554 ], [ 20.588991, 60.019073 ], [ 20.516447, 60.009993 ], [ 20.494495, 60.026056 ], [ 20.4663, 60.020775 ], [ 20.459728, 60.040038 ], [ 20.426493, 60.019162 ], [ 20.446826, 60.002977 ], [ 20.440481, 59.991012 ], [ 20.301588, 59.97953 ], [ 20.329035, 60.02391 ], [ 20.372682, 60.018243 ], [ 20.3885, 60.034946 ], [ 20.377341, 60.045986 ], [ 20.414545, 60.051514 ], [ 20.437793, 60.07559 ], [ 20.473879, 60.064563 ] ] ], [ [ [ 20.606764, 60.161479 ], [ 20.584707, 60.160623 ], [ 20.581839, 60.16353 ], [ 20.595689, 60.172944 ], [ 20.608591, 60.171462 ], [ 20.606764, 60.161479 ] ] ], [ [ [ 20.502105, 60.113628 ], [ 20.559916, 60.10581 ], [ 20.55418, 60.087527 ], [ 20.574816, 60.088473 ], [ 20.59077, 60.103549 ], [ 20.600998, 60.091378 ], [ 20.586046, 60.078921 ], [ 20.531076, 60.079099 ], [ 20.485891, 60.107017 ], [ 20.502105, 60.113628 ] ] ], [ [ [ 20.518743, 60.282027 ], [ 20.507288, 60.277923 ], [ 20.490943, 60.2925 ], [ 20.504695, 60.303007 ], [ 20.518743, 60.282027 ] ] ], [ [ [ 20.517627, 60.149482 ], [ 20.504534, 60.143876 ], [ 20.498936, 60.148082 ], [ 20.505619, 60.160056 ], [ 20.517627, 60.149482 ] ] ], [ [ [ 20.511848, 59.999205 ], [ 20.512118, 59.990355 ], [ 20.501522, 59.990477 ], [ 20.491769, 60.000157 ], [ 20.511848, 59.999205 ] ] ], [ [ [ 20.50565, 60.084092 ], [ 20.476169, 60.082684 ], [ 20.456976, 60.084034 ], [ 20.467609, 60.095702 ], [ 20.484108, 60.096416 ], [ 20.50565, 60.084092 ] ] ], [ [ [ 20.464369, 59.996936 ], [ 20.473879, 59.98242 ], [ 20.454269, 59.982389 ], [ 20.464369, 59.996936 ] ] ], [ [ [ 20.473736, 60.177789 ], [ 20.46668, 60.166153 ], [ 20.452324, 60.173746 ], [ 20.454338, 60.180782 ], [ 20.473736, 60.177789 ] ] ], [ [ [ 20.449931, 60.306231 ], [ 20.422129, 60.301374 ], [ 20.418795, 60.304449 ], [ 20.443047, 60.316947 ], [ 20.449931, 60.306231 ] ] ], [ [ [ 20.444224, 60.175377 ], [ 20.433267, 60.162914 ], [ 20.394743, 60.16156 ], [ 20.409335, 60.182226 ], [ 20.41834, 60.173249 ], [ 20.421823, 60.182893 ], [ 20.444224, 60.175377 ] ] ], [ [ [ 20.438395, 60.336924 ], [ 20.427909, 60.324816 ], [ 20.419211, 60.328911 ], [ 20.431609, 60.345291 ], [ 20.438395, 60.336924 ] ] ], [ [ [ 20.425379, 60.21109 ], [ 20.405917, 60.206404 ], [ 20.403903, 60.211126 ], [ 20.414849, 60.222998 ], [ 20.425379, 60.21109 ] ] ], [ [ [ 20.401174, 60.296822 ], [ 20.39624, 60.269254 ], [ 20.423794, 60.244412 ], [ 20.380326, 60.202927 ], [ 20.363486, 60.233468 ], [ 20.32873, 60.240384 ], [ 20.328208, 60.252134 ], [ 20.345028, 60.28524 ], [ 20.379091, 60.279918 ], [ 20.380946, 60.302381 ], [ 20.401174, 60.296822 ] ] ], [ [ [ 20.416475, 60.345242 ], [ 20.40853, 60.334428 ], [ 20.38799, 60.341963 ], [ 20.396868, 60.34956 ], [ 20.416475, 60.345242 ] ] ], [ [ [ 20.390376, 60.432458 ], [ 20.379395, 60.425489 ], [ 20.368306, 60.434582 ], [ 20.38534, 60.44137 ], [ 20.390376, 60.432458 ] ] ], [ [ [ 20.331493, 60.353575 ], [ 20.369264, 60.355482 ], [ 20.384505, 60.351221 ], [ 20.386086, 60.342982 ], [ 20.360917, 60.337773 ], [ 20.332643, 60.345563 ], [ 20.31788, 60.333586 ], [ 20.299882, 60.334332 ], [ 20.291914, 60.344161 ], [ 20.324817, 60.365033 ], [ 20.332012, 60.363238 ], [ 20.331493, 60.353575 ] ] ], [ [ [ 20.367028, 60.197157 ], [ 20.361128, 60.185496 ], [ 20.345719, 60.188636 ], [ 20.350408, 60.19825 ], [ 20.367028, 60.197157 ] ] ], [ [ [ 20.354075, 60.401361 ], [ 20.339035, 60.393653 ], [ 20.331938, 60.396824 ], [ 20.341292, 60.406608 ], [ 20.353508, 60.408368 ], [ 20.354075, 60.401361 ] ] ], [ [ [ 20.352916, 60.088127 ], [ 20.346804, 60.067043 ], [ 20.326391, 60.070017 ], [ 20.341592, 60.089464 ], [ 20.352916, 60.088127 ] ] ], [ [ [ 20.349539, 60.164553 ], [ 20.325039, 60.158178 ], [ 20.321796, 60.160864 ], [ 20.349832, 60.177876 ], [ 20.349539, 60.164553 ] ] ], [ [ [ 20.314592, 60.20123 ], [ 20.285846, 60.200912 ], [ 20.277582, 60.183626 ], [ 20.25805, 60.176656 ], [ 20.24924, 60.185551 ], [ 20.273373, 60.195624 ], [ 20.300943, 60.22574 ], [ 20.319505, 60.224876 ], [ 20.311981, 60.216204 ], [ 20.321509, 60.208743 ], [ 20.314592, 60.20123 ] ] ], [ [ [ 20.287953, 60.421103 ], [ 20.30536, 60.410416 ], [ 20.310518, 60.420761 ], [ 20.320259, 60.416943 ], [ 20.306489, 60.401138 ], [ 20.276518, 60.410175 ], [ 20.287953, 60.421103 ] ] ], [ [ [ 20.312123, 60.235263 ], [ 20.297542, 60.233751 ], [ 20.283781, 60.251205 ], [ 20.308422, 60.27568 ], [ 20.319203, 60.26856 ], [ 20.298871, 60.252872 ], [ 20.312123, 60.235263 ] ] ], [ [ [ 20.317582, 60.085321 ], [ 20.304245, 60.07756 ], [ 20.295715, 60.087165 ], [ 20.315991, 60.093176 ], [ 20.317582, 60.085321 ] ] ], [ [ [ 20.316157, 60.152287 ], [ 20.303908, 60.147642 ], [ 20.29521, 60.15533 ], [ 20.300936, 60.163354 ], [ 20.31658, 60.159661 ], [ 20.316157, 60.152287 ] ] ], [ [ [ 20.313426, 60.300984 ], [ 20.310481, 60.287963 ], [ 20.300033, 60.289735 ], [ 20.299133, 60.305545 ], [ 20.313426, 60.300984 ] ] ], [ [ [ 20.300149, 60.169098 ], [ 20.285123, 60.177477 ], [ 20.292037, 60.187524 ], [ 20.299292, 60.181643 ], [ 20.300149, 60.169098 ] ] ], [ [ [ 20.235077, 60.166011 ], [ 20.252125, 60.14235 ], [ 20.268139, 60.160369 ], [ 20.292078, 60.148119 ], [ 20.296462, 60.114694 ], [ 20.272536, 60.090506 ], [ 20.278531, 60.075027 ], [ 20.2566, 60.067463 ], [ 20.207718, 60.095563 ], [ 20.21758, 60.118659 ], [ 20.212121, 60.136513 ], [ 20.232548, 60.136993 ], [ 20.225234, 60.152166 ], [ 20.235077, 60.166011 ] ] ], [ [ [ 20.290211, 60.373734 ], [ 20.275485, 60.348917 ], [ 20.263046, 60.351922 ], [ 20.276254, 60.376878 ], [ 20.290211, 60.373734 ] ] ], [ [ [ 20.274999, 60.439196 ], [ 20.261156, 60.417237 ], [ 20.253766, 60.418149 ], [ 20.266025, 60.439211 ], [ 20.274999, 60.439196 ] ] ], [ [ [ 19.943737, 60.398867 ], [ 19.956425, 60.38096 ], [ 19.980856, 60.389111 ], [ 20.007045, 60.370649 ], [ 20.09287, 60.366205 ], [ 20.140264, 60.341863 ], [ 20.183598, 60.339302 ], [ 20.19655, 60.325821 ], [ 20.19729, 60.30122 ], [ 20.254494, 60.283638 ], [ 20.248793, 60.254347 ], [ 20.231226, 60.237122 ], [ 20.240868, 60.222998 ], [ 20.264432, 60.21357 ], [ 20.201895, 60.20134 ], [ 20.16468, 60.18179 ], [ 20.116724, 60.194037 ], [ 20.060052, 60.183324 ], [ 20.023865, 60.249223 ], [ 20.048524, 60.297404 ], [ 20.041728, 60.31153 ], [ 20.017262, 60.267901 ], [ 19.994498, 60.26102 ], [ 20.012388, 60.229991 ], [ 19.998666, 60.17955 ], [ 20.037586, 60.18389 ], [ 20.024238, 60.138655 ], [ 20.042025, 60.120899 ], [ 20.04241, 60.110219 ], [ 19.98538, 60.098946 ], [ 19.967011, 60.111795 ], [ 19.952666, 60.111419 ], [ 19.959888, 60.075527 ], [ 19.946328, 60.05486 ], [ 19.924004, 60.095863 ], [ 19.91667, 60.089658 ], [ 19.893749, 60.094839 ], [ 19.891311, 60.109097 ], [ 19.851644, 60.092218 ], [ 19.826824, 60.092916 ], [ 19.801179, 60.106621 ], [ 19.772494, 60.094981 ], [ 19.752558, 60.0989 ], [ 19.708697, 60.159538 ], [ 19.68879, 60.218601 ], [ 19.659066, 60.242416 ], [ 19.656367, 60.278364 ], [ 19.639766, 60.288413 ], [ 19.655953, 60.299206 ], [ 19.689909, 60.290803 ], [ 19.700294, 60.306674 ], [ 19.711243, 60.294976 ], [ 19.74304, 60.288016 ], [ 19.758833, 60.300015 ], [ 19.750242, 60.329009 ], [ 19.794529, 60.320212 ], [ 19.772939, 60.262601 ], [ 19.802952, 60.211874 ], [ 19.81381, 60.206841 ], [ 19.817585, 60.257949 ], [ 19.853736, 60.248098 ], [ 19.887123, 60.288043 ], [ 19.856887, 60.303827 ], [ 19.843299, 60.291069 ], [ 19.842263, 60.27066 ], [ 19.823538, 60.280962 ], [ 19.817388, 60.302726 ], [ 19.842531, 60.326268 ], [ 19.819814, 60.347764 ], [ 19.807199, 60.339486 ], [ 19.794052, 60.342846 ], [ 19.795172, 60.382862 ], [ 19.781247, 60.399406 ], [ 19.881901, 60.421569 ], [ 19.943737, 60.398867 ] ] ], [ [ [ 20.251208, 60.444591 ], [ 20.246473, 60.433131 ], [ 20.231795, 60.440906 ], [ 20.242482, 60.451079 ], [ 20.251208, 60.444591 ] ] ], [ [ [ 20.233009, 60.452386 ], [ 20.219133, 60.449076 ], [ 20.212838, 60.458124 ], [ 20.229953, 60.464001 ], [ 20.233009, 60.452386 ] ] ], [ [ [ 20.087691, 60.10786 ], [ 20.17439, 60.085215 ], [ 20.213661, 60.08617 ], [ 20.220787, 60.077868 ], [ 20.207989, 60.026096 ], [ 20.232638, 60.008495 ], [ 20.18068, 59.970995 ], [ 20.17593, 59.978223 ], [ 20.187297, 59.984851 ], [ 20.182387, 60.006641 ], [ 20.168202, 60.014314 ], [ 20.146736, 59.995671 ], [ 20.116803, 60.000158 ], [ 20.115852, 60.022542 ], [ 20.087906, 60.046417 ], [ 20.044184, 60.04161 ], [ 20.014039, 60.0673 ], [ 19.979954, 60.074273 ], [ 19.987138, 60.084504 ], [ 20.014886, 60.093966 ], [ 20.059452, 60.076975 ], [ 20.069252, 60.083772 ], [ 20.064605, 60.093566 ], [ 20.074732, 60.093747 ], [ 20.087691, 60.10786 ] ] ], [ [ [ 20.170376, 60.445575 ], [ 20.167758, 60.433185 ], [ 20.150128, 60.445575 ], [ 20.153572, 60.45112 ], [ 20.170376, 60.445575 ] ] ], [ [ [ 20.119275, 60.398218 ], [ 20.117183, 60.389957 ], [ 20.132361, 60.391118 ], [ 20.130074, 60.380143 ], [ 20.119275, 60.374845 ], [ 20.080759, 60.389721 ], [ 20.10415, 60.404407 ], [ 20.119275, 60.398218 ] ] ], [ [ [ 20.060879, 60.441099 ], [ 20.06862, 60.428999 ], [ 20.046033, 60.430234 ], [ 20.031998, 60.420646 ], [ 20.024631, 60.429074 ], [ 20.060879, 60.441099 ] ] ], [ [ [ 20.065673, 60.106387 ], [ 20.05786, 60.094994 ], [ 20.045828, 60.105954 ], [ 20.055842, 60.113249 ], [ 20.065673, 60.106387 ] ] ], [ [ [ 20.051462, 60.394044 ], [ 20.057566, 60.383886 ], [ 20.052702, 60.376798 ], [ 20.020626, 60.386728 ], [ 20.051462, 60.394044 ] ] ], [ [ [ 20.044489, 60.011221 ], [ 20.028391, 60.007047 ], [ 20.023307, 60.019312 ], [ 20.030902, 60.023232 ], [ 20.044489, 60.011221 ] ] ], [ [ [ 20.02135, 60.434447 ], [ 20.01062, 60.430829 ], [ 20.00257, 60.437407 ], [ 20.013853, 60.44605 ], [ 20.02135, 60.434447 ] ] ], [ [ [ 20.020112, 60.015912 ], [ 20.012503, 60.00858 ], [ 19.989366, 60.011822 ], [ 19.988287, 60.021177 ], [ 19.979171, 60.022013 ], [ 19.983159, 60.029694 ], [ 20.020112, 60.015912 ] ] ], [ [ [ 19.990181, 59.98516 ], [ 19.982501, 59.98514 ], [ 19.978768, 59.995618 ], [ 19.986653, 60.00208 ], [ 19.994697, 59.999326 ], [ 19.990181, 59.98516 ] ] ], [ [ [ 19.985876, 60.038215 ], [ 19.967155, 60.028757 ], [ 19.955644, 60.03426 ], [ 19.960594, 60.04321 ], [ 19.983804, 60.051591 ], [ 19.985876, 60.038215 ] ] ], [ [ [ 19.964786, 59.977806 ], [ 19.948974, 59.975435 ], [ 19.948553, 59.988488 ], [ 19.964775, 59.985055 ], [ 19.964786, 59.977806 ] ] ], [ [ [ 19.78101, 60.370999 ], [ 19.76984, 60.36211 ], [ 19.767636, 60.383733 ], [ 19.772969, 60.386284 ], [ 19.78101, 60.370999 ] ] ], [ [ [ 19.757513, 60.366151 ], [ 19.780227, 60.35775 ], [ 19.773602, 60.343116 ], [ 19.744237, 60.360176 ], [ 19.731592, 60.354622 ], [ 19.727922, 60.360481 ], [ 19.751278, 60.375359 ], [ 19.759122, 60.375764 ], [ 19.757513, 60.366151 ] ] ], [ [ [ 19.768266, 60.412967 ], [ 19.754892, 60.407414 ], [ 19.752612, 60.428216 ], [ 19.773389, 60.426817 ], [ 19.768266, 60.412967 ] ] ], [ [ [ 19.751002, 60.404652 ], [ 19.751304, 60.388994 ], [ 19.738337, 60.389083 ], [ 19.737136, 60.375355 ], [ 19.717254, 60.371291 ], [ 19.703783, 60.382341 ], [ 19.711915, 60.395349 ], [ 19.734267, 60.393327 ], [ 19.751002, 60.404652 ] ] ], [ [ [ 19.718259, 60.332422 ], [ 19.724927, 60.319129 ], [ 19.696448, 60.31506 ], [ 19.693115, 60.321938 ], [ 19.718259, 60.332422 ] ] ], [ [ [ 19.712176, 60.365301 ], [ 19.701633, 60.357889 ], [ 19.685705, 60.369502 ], [ 19.693566, 60.383408 ], [ 19.712176, 60.365301 ] ] ], [ [ [ 19.70478, 60.392728 ], [ 19.699597, 60.387777 ], [ 19.685877, 60.397969 ], [ 19.697706, 60.407511 ], [ 19.70478, 60.392728 ] ] ], [ [ [ 19.694004, 60.348389 ], [ 19.689106, 60.326999 ], [ 19.674743, 60.340263 ], [ 19.684373, 60.344163 ], [ 19.683032, 60.350976 ], [ 19.694004, 60.348389 ] ] ], [ [ [ 19.645609, 60.259258 ], [ 19.650209, 60.236999 ], [ 19.671947, 60.220505 ], [ 19.691198, 60.183883 ], [ 19.688023, 60.16971 ], [ 19.630315, 60.177219 ], [ 19.599149, 60.201538 ], [ 19.59763, 60.16631 ], [ 19.607446, 60.15629 ], [ 19.578494, 60.147277 ], [ 19.546656, 60.150566 ], [ 19.519063, 60.180616 ], [ 19.520522, 60.204722 ], [ 19.537305, 60.218609 ], [ 19.533441, 60.230519 ], [ 19.515384, 60.24324 ], [ 19.481818, 60.239993 ], [ 19.478462, 60.251855 ], [ 19.486345, 60.263386 ], [ 19.530491, 60.252841 ], [ 19.584059, 60.27573 ], [ 19.604211, 60.301457 ], [ 19.645609, 60.259258 ] ] ], [ [ [ 19.634942, 60.300595 ], [ 19.62071, 60.296656 ], [ 19.617081, 60.306132 ], [ 19.624886, 60.311725 ], [ 19.634942, 60.300595 ] ] ], [ [ [ 19.612752, 60.363918 ], [ 19.59162, 60.331454 ], [ 19.570606, 60.343934 ], [ 19.580369, 60.357069 ], [ 19.612752, 60.363918 ] ] ], [ [ [ 19.580437, 60.324196 ], [ 19.578676, 60.317303 ], [ 19.559836, 60.319291 ], [ 19.567667, 60.33231 ], [ 19.580437, 60.324196 ] ] ], [ [ [ 19.541099, 60.271023 ], [ 19.535513, 60.261738 ], [ 19.522526, 60.270561 ], [ 19.529222, 60.281132 ], [ 19.541099, 60.271023 ] ] ], [ [ [ 19.481549, 60.275534 ], [ 19.466388, 60.275534 ], [ 19.458315, 60.287545 ], [ 19.471731, 60.288401 ], [ 19.481549, 60.275534 ] ] ], [ [ [ 19.398213, 60.240875 ], [ 19.391665, 60.237503 ], [ 19.380554, 60.248585 ], [ 19.395059, 60.256586 ], [ 19.398213, 60.240875 ] ] ], [ [ [ 19.346583, 60.203737 ], [ 19.340564, 60.189369 ], [ 19.327629, 60.201922 ], [ 19.346583, 60.203737 ] ] ] ] } },
{ "type": "Feature", "properties": { "loc": "FI195" }, "geometry": { "type": "MultiPolygon", "coordinates": [ [ [ [ 21.647835, 62.019592 ], [ 21.525778, 62.024265 ], [ 21.433458, 62.010522 ], [ 21.362882, 61.96243 ], [ 21.338739, 61.955712 ], [ 21.321337, 61.988662 ], [ 21.297857, 62.007144 ], [ 21.313561, 62.076003 ], [ 21.30582, 62.119217 ], [ 21.322066, 62.141309 ], [ 21.356909, 62.15676 ], [ 21.394978, 62.223717 ], [ 21.377908, 62.255939 ], [ 21.337949, 62.26482 ], [ 21.338589, 62.293512 ], [ 21.328104, 62.316763 ], [ 21.342513, 62.341166 ], [ 21.339908, 62.35833 ], [ 21.272371, 62.390019 ], [ 21.232173, 62.360258 ], [ 21.222347, 62.42585 ], [ 21.209125, 62.415059 ], [ 21.201236, 62.381408 ], [ 21.184532, 62.382727 ], [ 21.178858, 62.454798 ], [ 21.14272, 62.484903 ], [ 21.12611, 62.533171 ], [ 21.162357, 62.559193 ], [ 21.184139, 62.605246 ], [ 21.138792, 62.626295 ], [ 21.094855, 62.62498 ], [ 21.081695, 62.641211 ], [ 21.093006, 62.681397 ], [ 21.157851, 62.732731 ], [ 21.158031, 62.74771 ], [ 21.141531, 62.776454 ], [ 21.144959, 62.794522 ], [ 21.218442, 62.824459 ], [ 21.278557, 62.880054 ], [ 21.349719, 62.881652 ], [ 21.401242, 62.901444 ], [ 21.468628, 62.975656 ], [ 21.470321, 62.984368 ], [ 21.458694, 62.99559 ], [ 21.469998, 63.001501 ], [ 21.477478, 63.027742 ], [ 21.502952, 63.06138 ], [ 21.562864, 63.083903 ], [ 21.599474, 63.064077 ], [ 21.62584, 63.063431 ], [ 21.55369, 63.13247 ], [ 21.518121, 63.129677 ], [ 21.506533, 63.137178 ], [ 21.507633, 63.155695 ], [ 21.52896, 63.190527 ], [ 21.534913, 63.229001 ], [ 21.559962, 63.260466 ], [ 21.580246, 63.261632 ], [ 21.614515, 63.236663 ], [ 21.667876, 63.2221 ], [ 21.737138, 63.231325 ], [ 21.823718, 63.265307 ], [ 21.891789, 63.269129 ], [ 21.939889, 63.255478 ], [ 21.988052, 63.25276 ], [ 22.004699, 63.232603 ], [ 21.970416, 63.195044 ], [ 21.98542, 63.178348 ], [ 22.051613, 63.241757 ], [ 22.143867, 63.238706 ], [ 22.173379, 63.24561 ], [ 22.194682, 63.261016 ], [ 22.170166, 63.273399 ], [ 22.12531, 63.263791 ], [ 22.063759, 63.275309 ], [ 22.031132, 63.269567 ], [ 21.99633, 63.282701 ], [ 21.987037, 63.298531 ], [ 21.991215, 63.327106 ], [ 21.973994, 63.349467 ], [ 22.012801, 63.380863 ], [ 22.070163, 63.373302 ], [ 22.043854, 63.336985 ], [ 22.067956, 63.310158 ], [ 22.09763, 63.32495 ], [ 22.211282, 63.326647 ], [ 22.246542, 63.293602 ], [ 22.294458, 63.305466 ], [ 22.357569, 63.308132 ], [ 22.37217, 63.3294 ], [ 22.367834, 63.348846 ], [ 22.245698, 63.427062 ], [ 22.226003, 63.447414 ], [ 22.225333, 63.462961 ], [ 22.311607, 63.48153 ], [ 22.311271, 63.523638 ], [ 22.353986, 63.562117 ], [ 22.373214, 63.552713 ], [ 22.409649, 63.500198 ], [ 22.425006, 63.492424 ], [ 22.441297, 63.495865 ], [ 22.466753, 63.527879 ], [ 22.482529, 63.565857 ], [ 22.469845, 63.597834 ], [ 22.476439, 63.612548 ], [ 22.54203, 63.659608 ], [ 22.591609, 63.679753 ], [ 22.618704, 63.704888 ], [ 22.670694, 63.698586 ], [ 22.703911, 63.713094 ], [ 22.690081, 63.75061 ], [ 22.70763, 63.781172 ], [ 22.694794, 63.81112 ], [ 22.705026, 63.828952 ], [ 22.735877, 63.843055 ], [ 22.807325, 63.850088 ], [ 22.866946, 63.838186 ], [ 22.886266, 63.812557 ], [ 22.860529, 63.784956 ], [ 22.929145, 63.771524 ], [ 22.933225, 63.778505 ], [ 22.94121, 63.771462 ], [ 22.953923, 63.782038 ], [ 23.012891, 63.791416 ], [ 23.180881, 63.742453 ], [ 23.233008, 63.718379 ], [ 23.249692, 63.720267 ], [ 23.29299, 63.752785 ], [ 23.331542, 63.760125 ], [ 23.383848, 63.759958 ], [ 23.448535, 63.740206 ], [ 23.459457, 63.763514 ], [ 23.479077, 63.776638 ], [ 23.729184, 63.675244 ], [ 23.703446, 63.659397 ], [ 23.647431, 63.668092 ], [ 23.540651, 63.635106 ], [ 23.48269, 63.657287 ], [ 23.477229, 63.640095 ], [ 23.448446, 63.609771 ], [ 23.490553, 63.590118 ], [ 23.558608, 63.600157 ], [ 23.571732, 63.584515 ], [ 23.560305, 63.570527 ], [ 23.648887, 63.528388 ], [ 23.663432, 63.432555 ], [ 23.705678, 63.386626 ], [ 23.69699, 63.380327 ], [ 23.624361, 63.402355 ], [ 23.53543, 63.466565 ], [ 23.383705, 63.494351 ], [ 23.266902, 63.466975 ], [ 23.205225, 63.399617 ], [ 23.119064, 63.352449 ], [ 23.075961, 63.366262 ], [ 23.035388, 63.364756 ], [ 23.010857, 63.378021 ], [ 22.977248, 63.369496 ], [ 22.96832, 63.336056 ], [ 22.882265, 63.357573 ], [ 22.859429, 63.347242 ], [ 22.747182, 63.355583 ], [ 22.736251, 63.338928 ], [ 22.663866, 63.320075 ], [ 22.658392, 63.296659 ], [ 22.589826, 63.279247 ], [ 22.563434, 63.258733 ], [ 22.617398, 63.218374 ], [ 22.593523, 63.188508 ], [ 22.618733, 63.178888 ], [ 22.643611, 63.146392 ], [ 22.641406, 63.108565 ], [ 22.616812, 63.093317 ], [ 22.614385, 63.080836 ], [ 22.544276, 63.067048 ], [ 22.548389, 63.051776 ], [ 22.503497, 63.032446 ], [ 22.475831, 63.009849 ], [ 22.462791, 62.981902 ], [ 22.4245, 62.953255 ], [ 22.396527, 62.903745 ], [ 22.399598, 62.863341 ], [ 22.350251, 62.838699 ], [ 22.299779, 62.795866 ], [ 22.198003, 62.755594 ], [ 22.050626, 62.765994 ], [ 21.924102, 62.792764 ], [ 21.849405, 62.81813 ], [ 21.823562, 62.845247 ], [ 21.770735, 62.854858 ], [ 21.734814, 62.821314 ], [ 21.732103, 62.761881 ], [ 21.748792, 62.724313 ], [ 21.778573, 62.694058 ], [ 21.737659, 62.682696 ], [ 21.709065, 62.658958 ], [ 21.59958, 62.602374 ], [ 21.597353, 62.571954 ], [ 21.60631, 62.543558 ], [ 21.551017, 62.449972 ], [ 21.540204, 62.379101 ], [ 21.56772, 62.360851 ], [ 21.640825, 62.364816 ], [ 21.677516, 62.353319 ], [ 21.678087, 62.268903 ], [ 21.732671, 62.255031 ], [ 21.74995, 62.232423 ], [ 21.681924, 62.192483 ], [ 21.697985, 62.164731 ], [ 21.692732, 62.148067 ], [ 21.644228, 62.14022 ], [ 21.630959, 62.096889 ], [ 21.645127, 62.063862 ], [ 21.63514, 62.03794 ], [ 21.647835, 62.019592 ] ], [ [ 21.519406, 62.44388 ], [ 21.535703, 62.441588 ], [ 21.543337, 62.447745 ], [ 21.530895, 62.455986 ], [ 21.519406, 62.44388 ] ] ], [ [ [ 23.503266, 63.609136 ], [ 23.503812, 63.600425 ], [ 23.470124, 63.608661 ], [ 23.474635, 63.611043 ], [ 23.503266, 63.609136 ] ] ], [ [ [ 22.825547, 63.878756 ], [ 22.831273, 63.861899 ], [ 22.811094, 63.866758 ], [ 22.825547, 63.878756 ] ] ], [ [ [ 22.773291, 63.9093 ], [ 22.781926, 63.893816 ], [ 22.798524, 63.886035 ], [ 22.797082, 63.879023 ], [ 22.778197, 63.879296 ], [ 22.771555, 63.885505 ], [ 22.775357, 63.894655 ], [ 22.759319, 63.898905 ], [ 22.756814, 63.891181 ], [ 22.740176, 63.890366 ], [ 22.738267, 63.897566 ], [ 22.773291, 63.9093 ] ] ], [ [ [ 22.777564, 63.920294 ], [ 22.776058, 63.912481 ], [ 22.747031, 63.920886 ], [ 22.764201, 63.930403 ], [ 22.777564, 63.920294 ] ] ], [ [ [ 22.775982, 63.864479 ], [ 22.758911, 63.859934 ], [ 22.745536, 63.873634 ], [ 22.770779, 63.875078 ], [ 22.775982, 63.864479 ] ] ], [ [ [ 22.68763, 63.843251 ], [ 22.688372, 63.832555 ], [ 22.668344, 63.834848 ], [ 22.6758, 63.845907 ], [ 22.68763, 63.843251 ] ] ], [ [ [ 22.642811, 63.832202 ], [ 22.67249, 63.800307 ], [ 22.663166, 63.791622 ], [ 22.652235, 63.801419 ], [ 22.651602, 63.793913 ], [ 22.678652, 63.773992 ], [ 22.661484, 63.765758 ], [ 22.63439, 63.799712 ], [ 22.614908, 63.801171 ], [ 22.604593, 63.785167 ], [ 22.627171, 63.784021 ], [ 22.630116, 63.791693 ], [ 22.645347, 63.771042 ], [ 22.625918, 63.769944 ], [ 22.619641, 63.759909 ], [ 22.62889, 63.745134 ], [ 22.618876, 63.745341 ], [ 22.614116, 63.757907 ], [ 22.593828, 63.745779 ], [ 22.582674, 63.752184 ], [ 22.589471, 63.789737 ], [ 22.597864, 63.795479 ], [ 22.590789, 63.811298 ], [ 22.604363, 63.81562 ], [ 22.637607, 63.808219 ], [ 22.636929, 63.828726 ], [ 22.642811, 63.832202 ] ] ], [ [ [ 22.664853, 63.742112 ], [ 22.657907, 63.737556 ], [ 22.644437, 63.745959 ], [ 22.66216, 63.755508 ], [ 22.664853, 63.742112 ] ] ], [ [ [ 22.556322, 63.782904 ], [ 22.567179, 63.763497 ], [ 22.549973, 63.756389 ], [ 22.55058, 63.765005 ], [ 22.558652, 63.764057 ], [ 22.550326, 63.778074 ], [ 22.556322, 63.782904 ] ] ], [ [ [ 22.464123, 63.545199 ], [ 22.421642, 63.518841 ], [ 22.412608, 63.529211 ], [ 22.439836, 63.554678 ], [ 22.421379, 63.578264 ], [ 22.432495, 63.585299 ], [ 22.464123, 63.545199 ] ] ], [ [ [ 22.399742, 63.598865 ], [ 22.376876, 63.581005 ], [ 22.370556, 63.588305 ], [ 22.380203, 63.598301 ], [ 22.361194, 63.606933 ], [ 22.366977, 63.627801 ], [ 22.402938, 63.614144 ], [ 22.399742, 63.598865 ] ] ], [ [ [ 22.197772, 63.439449 ], [ 22.189882, 63.434753 ], [ 22.179508, 63.446785 ], [ 22.193428, 63.45321 ], [ 22.197772, 63.439449 ] ] ], [ [ [ 22.148788, 63.461709 ], [ 22.132292, 63.459093 ], [ 22.125101, 63.464144 ], [ 22.141973, 63.473429 ], [ 22.148788, 63.461709 ] ] ], [ [ [ 22.146327, 63.371833 ], [ 22.129575, 63.367117 ], [ 22.124171, 63.371865 ], [ 22.13901, 63.379992 ], [ 22.146327, 63.371833 ] ] ], [ [ [ 22.101557, 63.437874 ], [ 22.094231, 63.427058 ], [ 22.077185, 63.430349 ], [ 22.096506, 63.442193 ], [ 22.101557, 63.437874 ] ] ], [ [ [ 21.978763, 63.320134 ], [ 21.966276, 63.30085 ], [ 21.957646, 63.301699 ], [ 21.960436, 63.28522 ], [ 21.9481, 63.280203 ], [ 21.929603, 63.291697 ], [ 21.936231, 63.30091 ], [ 21.956433, 63.305899 ], [ 21.96692, 63.315477 ], [ 21.964489, 63.323015 ], [ 21.978763, 63.320134 ] ] ], [ [ [ 21.895719, 63.288084 ], [ 21.883433, 63.283561 ], [ 21.873844, 63.294954 ], [ 21.893189, 63.302448 ], [ 21.895719, 63.288084 ] ] ], [ [ [ 21.827577, 63.432807 ], [ 21.791043, 63.431453 ], [ 21.783071, 63.457519 ], [ 21.812095, 63.453963 ], [ 21.825256, 63.444952 ], [ 21.827577, 63.432807 ] ] ], [ [ [ 21.824042, 63.297735 ], [ 21.819428, 63.289808 ], [ 21.799007, 63.295481 ], [ 21.806652, 63.304433 ], [ 21.824042, 63.297735 ] ] ], [ [ [ 21.811702, 63.420575 ], [ 21.793595, 63.409845 ], [ 21.789345, 63.411972 ], [ 21.798676, 63.428043 ], [ 21.811702, 63.420575 ] ] ], [ [ [ 21.695704, 63.324615 ], [ 21.755308, 63.310406 ], [ 21.778252, 63.279142 ], [ 21.753678, 63.274067 ], [ 21.734772, 63.279433 ], [ 21.694882, 63.313089 ], [ 21.674247, 63.287694 ], [ 21.669555, 63.263158 ], [ 21.653854, 63.258382 ], [ 21.633469, 63.275933 ], [ 21.643739, 63.30798 ], [ 21.660014, 63.319592 ], [ 21.695704, 63.324615 ] ] ], [ [ [ 21.747679, 63.428503 ], [ 21.726883, 63.427629 ], [ 21.710882, 63.44696 ], [ 21.74655, 63.454281 ], [ 21.747679, 63.428503 ] ] ], [ [ [ 21.735446, 63.244634 ], [ 21.724947, 63.239218 ], [ 21.707834, 63.246342 ], [ 21.709466, 63.25234 ], [ 21.728464, 63.25227 ], [ 21.735446, 63.244634 ] ] ], [ [ [ 21.694201, 63.390124 ], [ 21.662539, 63.381714 ], [ 21.651071, 63.392908 ], [ 21.691164, 63.396338 ], [ 21.694201, 63.390124 ] ] ], [ [ [ 21.682273, 63.411163 ], [ 21.668309, 63.408065 ], [ 21.661847, 63.415325 ], [ 21.673932, 63.424698 ], [ 21.682273, 63.411163 ] ] ], [ [ [ 21.61841, 63.286723 ], [ 21.621024, 63.271003 ], [ 21.607707, 63.276984 ], [ 21.61841, 63.286723 ] ] ], [ [ [ 21.482838, 63.140966 ], [ 21.484348, 63.105839 ], [ 21.463299, 63.110701 ], [ 21.47222, 63.134005 ], [ 21.466842, 63.14189 ], [ 21.476277, 63.147042 ], [ 21.482838, 63.140966 ] ] ], [ [ [ 21.466928, 63.081132 ], [ 21.458459, 63.073549 ], [ 21.446908, 63.0823 ], [ 21.460032, 63.091681 ], [ 21.466928, 63.081132 ] ] ], [ [ [ 21.141525, 63.288044 ], [ 21.17567, 63.284252 ], [ 21.18923, 63.307941 ], [ 21.227734, 63.320333 ], [ 21.2424, 63.317156 ], [ 21.239209, 63.298185 ], [ 21.269141, 63.307941 ], [ 21.268027, 63.293171 ], [ 21.228303, 63.271506 ], [ 21.218352, 63.246914 ], [ 21.254948, 63.23837 ], [ 21.284093, 63.262094 ], [ 21.31832, 63.259138 ], [ 21.388062, 63.278884 ], [ 21.444738, 63.250653 ], [ 21.445573, 63.224447 ], [ 21.455926, 63.208271 ], [ 21.444646, 63.196163 ], [ 21.421003, 63.202805 ], [ 21.382823, 63.188756 ], [ 21.365023, 63.209431 ], [ 21.329862, 63.185345 ], [ 21.320705, 63.163434 ], [ 21.295407, 63.15817 ], [ 21.241537, 63.168455 ], [ 21.208845, 63.195352 ], [ 21.197287, 63.186665 ], [ 21.171104, 63.187066 ], [ 21.146413, 63.207691 ], [ 21.137403, 63.236624 ], [ 21.092804, 63.267862 ], [ 21.104855, 63.274079 ], [ 21.092093, 63.284124 ], [ 21.090595, 63.302074 ], [ 21.156057, 63.324757 ], [ 21.159729, 63.338588 ], [ 21.180281, 63.352542 ], [ 21.208674, 63.356453 ], [ 21.191202, 63.366709 ], [ 21.20617, 63.386357 ], [ 21.242224, 63.395675 ], [ 21.258915, 63.391465 ], [ 21.237597, 63.352824 ], [ 21.205074, 63.340076 ], [ 21.141525, 63.288044 ] ] ], [ [ [ 21.43603, 63.084314 ], [ 21.452377, 63.069969 ], [ 21.441232, 63.056795 ], [ 21.442865, 63.039654 ], [ 21.429313, 63.0311 ], [ 21.442687, 63.021638 ], [ 21.425922, 63.010001 ], [ 21.416357, 63.012621 ], [ 21.419035, 62.993142 ], [ 21.37003, 62.990897 ], [ 21.341545, 62.999272 ], [ 21.343198, 63.009561 ], [ 21.370081, 63.002475 ], [ 21.377692, 63.016128 ], [ 21.405388, 63.011986 ], [ 21.406643, 63.019431 ], [ 21.351551, 63.029672 ], [ 21.344271, 63.041028 ], [ 21.360685, 63.045537 ], [ 21.357127, 63.056877 ], [ 21.378825, 63.064296 ], [ 21.390067, 63.047343 ], [ 21.373313, 63.048359 ], [ 21.377084, 63.041357 ], [ 21.398983, 63.041946 ], [ 21.406799, 63.050201 ], [ 21.408462, 63.069365 ], [ 21.398415, 63.077395 ], [ 21.378409, 63.075599 ], [ 21.38345, 63.086714 ], [ 21.43603, 63.084314 ] ] ], [ [ [ 21.394393, 63.293405 ], [ 21.432934, 63.291681 ], [ 21.431208, 63.274557 ], [ 21.40581, 63.2857 ], [ 21.390049, 63.283404 ], [ 21.379894, 63.293716 ], [ 21.386219, 63.300842 ], [ 21.394393, 63.293405 ] ] ], [ [ [ 21.429275, 62.989303 ], [ 21.423137, 62.986515 ], [ 21.419114, 62.991305 ], [ 21.422205, 62.995633 ], [ 21.429275, 62.989303 ] ] ], [ [ [ 21.42813, 62.960488 ], [ 21.421724, 62.95331 ], [ 21.407071, 62.95655 ], [ 21.416538, 62.969583 ], [ 21.42813, 62.960488 ] ] ], [ [ [ 21.416823, 62.93194 ], [ 21.398967, 62.927904 ], [ 21.390386, 62.912736 ], [ 21.38379, 62.930022 ], [ 21.352075, 62.935484 ], [ 21.391993, 62.969186 ], [ 21.387526, 62.978524 ], [ 21.396753, 62.986722 ], [ 21.40731, 62.97596 ], [ 21.397068, 62.960864 ], [ 21.402548, 62.944106 ], [ 21.415831, 62.942613 ], [ 21.416823, 62.93194 ] ] ], [ [ [ 21.408049, 63.366606 ], [ 21.412505, 63.345634 ], [ 21.355824, 63.291582 ], [ 21.334523, 63.292655 ], [ 21.339431, 63.314759 ], [ 21.2836, 63.311711 ], [ 21.277158, 63.330584 ], [ 21.248281, 63.335483 ], [ 21.252198, 63.357727 ], [ 21.289473, 63.357476 ], [ 21.336154, 63.371459 ], [ 21.408049, 63.366606 ] ] ], [ [ [ 21.400661, 63.170524 ], [ 21.394786, 63.157588 ], [ 21.379954, 63.170524 ], [ 21.389918, 63.177535 ], [ 21.400661, 63.170524 ] ] ], [ [ [ 21.37529, 62.974981 ], [ 21.372402, 62.961959 ], [ 21.354903, 62.966926 ], [ 21.353799, 62.972421 ], [ 21.37529, 62.974981 ] ] ], [ [ [ 21.354174, 63.089633 ], [ 21.327915, 63.089199 ], [ 21.323619, 63.094227 ], [ 21.337033, 63.10186 ], [ 21.355836, 63.095456 ], [ 21.354174, 63.089633 ] ] ], [ [ [ 21.343006, 62.91509 ], [ 21.337902, 62.910175 ], [ 21.318678, 62.922106 ], [ 21.331848, 62.926847 ], [ 21.343006, 62.91509 ] ] ], [ [ [ 21.329459, 62.999003 ], [ 21.319734, 62.998284 ], [ 21.314143, 63.005965 ], [ 21.322032, 63.013886 ], [ 21.331475, 63.009527 ], [ 21.329459, 62.999003 ] ] ], [ [ [ 21.320603, 63.089231 ], [ 21.3075, 63.084008 ], [ 21.301739, 63.09213 ], [ 21.308772, 63.099154 ], [ 21.320603, 63.089231 ] ] ], [ [ [ 21.309126, 62.296282 ], [ 21.297266, 62.293963 ], [ 21.298249, 62.310656 ], [ 21.306208, 62.309476 ], [ 21.309126, 62.296282 ] ] ], [ [ [ 21.299384, 62.074577 ], [ 21.288955, 62.070917 ], [ 21.284522, 62.081562 ], [ 21.294221, 62.092876 ], [ 21.299384, 62.074577 ] ] ], [ [ [ 21.279099, 62.321568 ], [ 21.269121, 62.304762 ], [ 21.25749, 62.308707 ], [ 21.26865, 62.321287 ], [ 21.279099, 62.321568 ] ] ], [ [ [ 21.265462, 62.955922 ], [ 21.254221, 62.950542 ], [ 21.246362, 62.958306 ], [ 21.260254, 62.968801 ], [ 21.265462, 62.955922 ] ] ], [ [ [ 21.254621, 63.004286 ], [ 21.240657, 62.98289 ], [ 21.221856, 62.992847 ], [ 21.245465, 63.0066 ], [ 21.254621, 63.004286 ] ] ], [ [ [ 21.198116, 62.920804 ], [ 21.213287, 62.909176 ], [ 21.226892, 62.916133 ], [ 21.234964, 62.910482 ], [ 21.227415, 62.900269 ], [ 21.239927, 62.88087 ], [ 21.236792, 62.868157 ], [ 21.20392, 62.879573 ], [ 21.204583, 62.890482 ], [ 21.172023, 62.910426 ], [ 21.170642, 62.920266 ], [ 21.186151, 62.924706 ], [ 21.186666, 62.933483 ], [ 21.201207, 62.929152 ], [ 21.198116, 62.920804 ] ] ], [ [ [ 21.171223, 62.870513 ], [ 21.233184, 62.855254 ], [ 21.222204, 62.839669 ], [ 21.197995, 62.833237 ], [ 21.105043, 62.82967 ], [ 21.096926, 62.834978 ], [ 21.105986, 62.846442 ], [ 21.131059, 62.847331 ], [ 21.130672, 62.862157 ], [ 21.163136, 62.862051 ], [ 21.171223, 62.870513 ] ] ], [ [ [ 21.195903, 63.024513 ], [ 21.225882, 63.006781 ], [ 21.203285, 62.995157 ], [ 21.215711, 62.947244 ], [ 21.190397, 62.955321 ], [ 21.167159, 62.944309 ], [ 21.13942, 62.956981 ], [ 21.138137, 62.96769 ], [ 21.150108, 62.974059 ], [ 21.128141, 63.001223 ], [ 21.144403, 63.00857 ], [ 21.182836, 62.998675 ], [ 21.181412, 63.007336 ], [ 21.158696, 63.015299 ], [ 21.172154, 63.021703 ], [ 21.182442, 63.013618 ], [ 21.195903, 63.024513 ] ] ], [ [ [ 21.19663, 62.333315 ], [ 21.186809, 62.33256 ], [ 21.198306, 62.353437 ], [ 21.206531, 62.354641 ], [ 21.19663, 62.333315 ] ] ], [ [ [ 21.134314, 63.028812 ], [ 21.12577, 63.011371 ], [ 21.114169, 63.020703 ], [ 21.134314, 63.028812 ] ] ], [ [ [ 21.102955, 63.374984 ], [ 21.089358, 63.362529 ], [ 21.080926, 63.371019 ], [ 21.102955, 63.374984 ] ] ], [ [ [ 21.10127, 62.916387 ], [ 21.084193, 62.9154 ], [ 21.079588, 62.920111 ], [ 21.09995, 62.929442 ], [ 21.10127, 62.916387 ] ] ], [ [ [ 21.094209, 63.424147 ], [ 21.074093, 63.415311 ], [ 21.05813, 63.417441 ], [ 21.053925, 63.428764 ], [ 21.074579, 63.441455 ], [ 21.085218, 63.438813 ], [ 21.094209, 63.424147 ] ] ], [ [ [ 21.090753, 62.898238 ], [ 21.093576, 62.886413 ], [ 21.074465, 62.901625 ], [ 21.077948, 62.904819 ], [ 21.090753, 62.898238 ] ] ], [ [ [ 21.093136, 62.569921 ], [ 21.086418, 62.531095 ], [ 21.057641, 62.539401 ], [ 21.054869, 62.562827 ], [ 21.065206, 62.578275 ], [ 21.093136, 62.569921 ] ] ], [ [ [ 21.093106, 62.722614 ], [ 21.075923, 62.705595 ], [ 21.05798, 62.707994 ], [ 21.048409, 62.737673 ], [ 21.051464, 62.743536 ], [ 21.079803, 62.741589 ], [ 21.093106, 62.722614 ] ] ], [ [ [ 21.090007, 63.346884 ], [ 21.070407, 63.345907 ], [ 21.089277, 63.359951 ], [ 21.090007, 63.346884 ] ] ], [ [ [ 20.969386, 62.955688 ], [ 20.960323, 62.952955 ], [ 20.945275, 62.961358 ], [ 20.960508, 62.967973 ], [ 20.969386, 62.955688 ] ] ], [ [ [ 20.848804, 62.971478 ], [ 20.846072, 62.963739 ], [ 20.828703, 62.964141 ], [ 20.819303, 62.980934 ], [ 20.828703, 63.00014 ], [ 20.848804, 62.971478 ] ] ], [ [ [ 20.843667, 63.049902 ], [ 20.827704, 63.046049 ], [ 20.819397, 63.050871 ], [ 20.827704, 63.058455 ], [ 20.843667, 63.049902 ] ] ], [ [ [ 20.811529, 63.109254 ], [ 20.789123, 63.102486 ], [ 20.788097, 63.105734 ], [ 20.805838, 63.122612 ], [ 20.811529, 63.109254 ] ] ], [ [ [ 20.734128, 63.089348 ], [ 20.738567, 63.072982 ], [ 20.720798, 63.075098 ], [ 20.719891, 63.080259 ], [ 20.734128, 63.089348 ] ] ], [ [ [ 20.684974, 63.2409 ], [ 20.661551, 63.237189 ], [ 20.665505, 63.24701 ], [ 20.685193, 63.248421 ], [ 20.684974, 63.2409 ] ] ] ] } },
{ "type": "Feature", "properties": { "loc": "FI1C4" }, "geometry": { "type": "MultiPolygon", "coordinates": [ [ [ [ 27.99128, 60.668979 ], [ 27.873395, 60.603847 ], [ 27.842715, 60.578946 ], [ 27.841815, 60.561463 ], [ 27.803568, 60.548624 ], [ 27.746989, 60.573712 ], [ 27.725384, 60.550032 ], [ 27.731502, 60.50669 ], [ 27.723203, 60.49405 ], [ 27.625131, 60.487475 ], [ 27.591008, 60.505151 ], [ 27.583885, 60.483877 ], [ 27.551428, 60.481506 ], [ 27.488957, 60.500541 ], [ 27.475887, 60.491767 ], [ 27.47396, 60.471637 ], [ 27.461989, 60.467006 ], [ 27.372488, 60.492091 ], [ 27.357031, 60.507273 ], [ 27.216098, 60.51994 ], [ 27.184577, 60.550202 ], [ 27.154117, 60.528193 ], [ 27.103842, 60.538839 ], [ 27.050958, 60.530113 ], [ 27.023827, 60.534812 ], [ 26.997663, 60.510493 ], [ 26.946898, 60.48938 ], [ 26.940887, 60.458586 ], [ 26.891413, 60.474711 ], [ 26.795692, 60.460806 ], [ 26.754531, 60.4701 ], [ 26.725579, 60.448938 ], [ 26.676242, 60.434095 ], [ 26.624832, 60.453529 ], [ 26.584324, 60.453293 ], [ 26.582343, 60.444928 ], [ 26.619802, 60.437989 ], [ 26.636378, 60.422934 ], [ 26.570234, 60.402717 ], [ 26.542486, 60.385846 ], [ 26.517564, 60.406366 ], [ 26.54805, 60.415326 ], [ 26.557834, 60.432832 ], [ 26.453932, 60.487652 ], [ 26.470714, 60.511324 ], [ 26.506907, 60.529917 ], [ 26.498722, 60.545089 ], [ 26.542536, 60.556772 ], [ 26.537778, 60.591248 ], [ 26.486776, 60.598925 ], [ 26.474629, 60.621442 ], [ 26.445462, 60.644095 ], [ 26.36005, 60.660498 ], [ 26.331833, 60.68917 ], [ 26.327197, 60.71332 ], [ 26.300297, 60.739654 ], [ 26.300127, 60.749203 ], [ 26.264268, 60.761334 ], [ 26.242337, 60.748735 ], [ 26.20836, 60.757992 ], [ 26.187508, 60.806371 ], [ 26.086613, 60.839813 ], [ 26.15416, 60.922893 ], [ 26.074622, 60.935874 ], [ 26.057881, 60.947304 ], [ 26.05224, 60.976091 ], [ 26.106261, 60.983684 ], [ 26.12585, 61.023938 ], [ 26.099973, 61.073914 ], [ 26.057191, 61.093294 ], [ 26.053368, 61.111372 ], [ 26.130834, 61.148577 ], [ 26.162932, 61.136963 ], [ 26.227208, 61.133322 ], [ 26.283319, 61.164092 ], [ 26.375775, 61.186138 ], [ 26.425171, 61.235154 ], [ 26.431116, 61.252591 ], [ 26.446879, 61.261584 ], [ 26.51366, 61.274324 ], [ 26.565145, 61.272165 ], [ 26.632449, 61.289189 ], [ 26.66843, 61.24654 ], [ 26.633745, 61.220993 ], [ 26.663199, 61.208259 ], [ 26.747602, 61.231497 ], [ 26.781218, 61.269336 ], [ 26.875824, 61.284382 ], [ 26.90003, 61.237187 ], [ 26.925993, 61.215797 ], [ 26.915198, 61.185977 ], [ 26.921615, 61.180052 ], [ 27.036476, 61.152068 ], [ 27.20582, 61.162468 ], [ 27.20862, 61.138677 ], [ 27.187554, 61.110042 ], [ 27.208736, 61.091337 ], [ 27.155436, 61.064733 ], [ 27.148636, 61.018142 ], [ 27.167443, 61.003597 ], [ 27.199803, 60.998833 ], [ 27.228294, 60.968043 ], [ 27.193152, 60.954232 ], [ 27.142347, 60.960353 ], [ 27.139038, 60.953614 ], [ 27.217439, 60.905356 ], [ 27.370309, 60.87805 ], [ 27.453321, 60.82164 ], [ 27.499552, 60.802205 ], [ 27.624945, 60.804352 ], [ 27.699917, 60.796708 ], [ 27.738656, 60.762215 ], [ 27.839547, 60.764781 ], [ 27.898085, 60.700026 ], [ 27.949138, 60.685572 ], [ 27.957744, 60.668158 ], [ 27.99128, 60.668979 ] ] ], [ [ [ 27.72877, 60.460418 ], [ 27.71877, 60.463423 ], [ 27.734148, 60.467088 ], [ 27.72877, 60.460418 ] ] ], [ [ [ 27.555563, 60.4301 ], [ 27.540807, 60.427388 ], [ 27.535963, 60.434322 ], [ 27.553627, 60.440756 ], [ 27.555563, 60.4301 ] ] ], [ [ [ 27.543471, 60.45326 ], [ 27.536008, 60.443094 ], [ 27.519402, 60.453666 ], [ 27.520623, 60.458441 ], [ 27.543471, 60.45326 ] ] ], [ [ [ 27.468363, 60.349609 ], [ 27.46179, 60.340133 ], [ 27.449103, 60.348545 ], [ 27.457963, 60.358775 ], [ 27.468363, 60.349609 ] ] ], [ [ [ 27.462408, 60.43381 ], [ 27.459254, 60.419189 ], [ 27.44501, 60.42417 ], [ 27.443814, 60.431506 ], [ 27.462408, 60.43381 ] ] ], [ [ [ 27.442775, 60.383786 ], [ 27.427206, 60.379474 ], [ 27.419239, 60.385502 ], [ 27.431591, 60.39211 ], [ 27.442775, 60.383786 ] ] ], [ [ [ 27.428474, 60.408877 ], [ 27.411427, 60.399369 ], [ 27.407484, 60.406223 ], [ 27.418025, 60.417838 ], [ 27.428474, 60.408877 ] ] ], [ [ [ 27.418431, 60.456673 ], [ 27.39922, 60.446964 ], [ 27.384713, 60.449234 ], [ 27.364023, 60.474932 ], [ 27.418431, 60.456673 ] ] ], [ [ [ 27.399062, 60.414551 ], [ 27.399127, 60.40209 ], [ 27.37766, 60.412313 ], [ 27.383626, 60.417436 ], [ 27.399062, 60.414551 ] ] ], [ [ [ 27.362688, 60.44941 ], [ 27.354121, 60.442449 ], [ 27.341251, 60.446557 ], [ 27.352976, 60.459236 ], [ 27.362688, 60.44941 ] ] ], [ [ [ 27.348539, 60.46477 ], [ 27.341476, 60.459292 ], [ 27.326427, 60.469444 ], [ 27.337153, 60.476628 ], [ 27.348539, 60.46477 ] ] ], [ [ [ 27.317112, 60.282572 ], [ 27.307153, 60.272387 ], [ 27.292332, 60.280769 ], [ 27.303417, 60.28677 ], [ 27.317112, 60.282572 ] ] ], [ [ [ 27.232671, 60.461931 ], [ 27.220212, 60.460138 ], [ 27.212629, 60.467062 ], [ 27.222523, 60.474048 ], [ 27.232671, 60.461931 ] ] ], [ [ [ 27.185103, 60.454235 ], [ 27.180405, 60.448521 ], [ 27.160684, 60.454373 ], [ 27.159375, 60.468829 ], [ 27.175229, 60.467444 ], [ 27.167559, 60.462738 ], [ 27.185103, 60.454235 ] ] ], [ [ [ 27.155622, 60.283753 ], [ 27.141764, 60.281322 ], [ 27.136904, 60.290736 ], [ 27.154869, 60.295833 ], [ 27.155622, 60.283753 ] ] ], [ [ [ 27.118761, 60.410168 ], [ 27.106369, 60.408507 ], [ 27.111366, 60.426241 ], [ 27.121227, 60.425319 ], [ 27.118761, 60.410168 ] ] ], [ [ [ 27.097783, 60.500597 ], [ 27.089172, 60.495755 ], [ 27.079309, 60.501731 ], [ 27.088152, 60.515474 ], [ 27.097783, 60.500597 ] ] ], [ [ [ 27.058677, 60.445245 ], [ 27.071897, 60.42721 ], [ 27.069094, 60.419746 ], [ 27.077616, 60.41762 ], [ 27.074938, 60.409868 ], [ 27.061472, 60.418645 ], [ 27.05229, 60.439752 ], [ 27.042175, 60.438784 ], [ 27.044323, 60.445136 ], [ 27.058677, 60.445245 ] ] ], [ [ [ 27.064555, 60.37594 ], [ 27.036267, 60.376777 ], [ 26.993739, 60.432126 ], [ 27.028306, 60.455106 ], [ 27.037826, 60.439383 ], [ 27.023606, 60.414707 ], [ 27.058566, 60.402374 ], [ 27.064555, 60.37594 ] ] ], [ [ [ 26.997341, 60.407826 ], [ 26.978669, 60.412325 ], [ 26.983987, 60.422832 ], [ 26.989711, 60.421643 ], [ 26.997341, 60.407826 ] ] ], [ [ [ 26.986485, 60.466178 ], [ 26.974575, 60.463785 ], [ 26.964611, 60.478325 ], [ 26.973593, 60.485135 ], [ 26.986485, 60.466178 ] ] ], [ [ [ 26.971497, 60.372296 ], [ 26.961527, 60.365191 ], [ 26.948712, 60.375135 ], [ 26.959865, 60.381335 ], [ 26.971497, 60.372296 ] ] ], [ [ [ 26.933172, 60.399473 ], [ 26.928544, 60.390257 ], [ 26.914558, 60.395186 ], [ 26.925491, 60.409063 ], [ 26.933172, 60.399473 ] ] ], [ [ [ 26.906812, 60.450329 ], [ 26.92317, 60.430807 ], [ 26.903668, 60.419569 ], [ 26.882979, 60.43276 ], [ 26.864558, 60.435456 ], [ 26.859003, 60.428999 ], [ 26.844882, 60.445763 ], [ 26.848625, 60.455893 ], [ 26.863324, 60.449865 ], [ 26.859436, 60.458019 ], [ 26.880115, 60.466315 ], [ 26.910432, 60.457151 ], [ 26.906812, 60.450329 ] ] ], [ [ [ 26.883473, 60.418657 ], [ 26.878378, 60.40842 ], [ 26.866461, 60.41115 ], [ 26.867711, 60.420873 ], [ 26.883473, 60.418657 ] ] ], [ [ [ 26.817926, 60.31553 ], [ 26.817624, 60.306274 ], [ 26.797878, 60.313874 ], [ 26.798258, 60.317328 ], [ 26.817926, 60.31553 ] ] ], [ [ [ 26.780481, 60.346559 ], [ 26.769234, 60.346434 ], [ 26.744463, 60.364588 ], [ 26.759587, 60.371666 ], [ 26.778571, 60.364049 ], [ 26.786753, 60.355797 ], [ 26.780481, 60.346559 ] ] ], [ [ [ 26.761231, 60.42487 ], [ 26.740929, 60.424142 ], [ 26.737236, 60.432848 ], [ 26.741117, 60.43701 ], [ 26.761231, 60.42487 ] ] ], [ [ [ 26.735288, 60.423918 ], [ 26.728902, 60.404704 ], [ 26.71995, 60.412496 ], [ 26.728213, 60.427867 ], [ 26.735288, 60.423918 ] ] ], [ [ [ 26.692844, 60.408651 ], [ 26.693461, 60.3948 ], [ 26.673887, 60.396102 ], [ 26.676669, 60.401978 ], [ 26.665861, 60.411053 ], [ 26.692844, 60.408651 ] ] ], [ [ [ 26.647073, 60.378622 ], [ 26.643037, 60.367705 ], [ 26.624311, 60.371209 ], [ 26.647073, 60.378622 ] ] ], [ [ [ 26.61044, 60.36016 ], [ 26.597636, 60.354791 ], [ 26.591517, 60.359065 ], [ 26.593461, 60.368168 ], [ 26.60589, 60.368515 ], [ 26.61044, 60.36016 ] ] ], [ [ [ 25.991753, 61.085959 ], [ 26.02058, 61.093214 ], [ 26.023375, 61.088873 ], [ 26.009249, 61.071168 ], [ 25.991753, 61.085959 ] ] ] ] } },
{ "type": "Feature", "properties": { "loc": "FI1C5" }, "geometry": { "type": "Polygon", "coordinates": [ [ [ 27.99128, 60.668979 ], [ 27.957744, 60.668158 ], [ 27.949138, 60.685572 ], [ 27.898085, 60.700026 ], [ 27.839547, 60.764781 ], [ 27.738656, 60.762215 ], [ 27.699917, 60.796708 ], [ 27.624945, 60.804352 ], [ 27.499552, 60.802205 ], [ 27.453321, 60.82164 ], [ 27.370309, 60.87805 ], [ 27.217439, 60.905356 ], [ 27.139038, 60.953614 ], [ 27.142347, 60.960353 ], [ 27.193152, 60.954232 ], [ 27.228294, 60.968043 ], [ 27.199803, 60.998833 ], [ 27.167443, 61.003597 ], [ 27.148636, 61.018142 ], [ 27.155436, 61.064733 ], [ 27.208736, 61.091337 ], [ 27.187554, 61.110042 ], [ 27.20862, 61.138677 ], [ 27.20582, 61.162468 ], [ 27.352058, 61.177309 ], [ 27.377653, 61.20174 ], [ 27.375796, 61.240191 ], [ 27.429325, 61.252591 ], [ 27.447037, 61.269302 ], [ 27.544578, 61.259716 ], [ 27.570525, 61.264463 ], [ 27.581277, 61.278891 ], [ 27.562854, 61.293322 ], [ 27.5991, 61.308895 ], [ 27.608154, 61.337859 ], [ 27.74037, 61.330966 ], [ 27.796841, 61.359608 ], [ 27.867878, 61.351379 ], [ 28.049281, 61.355433 ], [ 28.254306, 61.379915 ], [ 28.310911, 61.413927 ], [ 28.413696, 61.455975 ], [ 28.426547, 61.489128 ], [ 28.447337, 61.50671 ], [ 28.500693, 61.506286 ], [ 28.545874, 61.476352 ], [ 28.658609, 61.468103 ], [ 28.718073, 61.481232 ], [ 28.787516, 61.484061 ], [ 28.829658, 61.534057 ], [ 29.049072, 61.535101 ], [ 29.255363, 61.559611 ], [ 29.298815, 61.598204 ], [ 29.397433, 61.649853 ], [ 29.537902, 61.686276 ], [ 29.559279, 61.722068 ], [ 30.10613, 61.858652 ], [ 30.133589, 61.864311 ], [ 30.143967, 61.852238 ], [ 30.073679, 61.817238 ], [ 30.031144, 61.762621 ], [ 29.827841, 61.659405 ], [ 29.75875, 61.603843 ], [ 29.736056, 61.574463 ], [ 29.643129, 61.519983 ], [ 29.588833, 61.49663 ], [ 29.50403, 61.489429 ], [ 29.491167, 61.454629 ], [ 29.339699, 61.358257 ], [ 29.238048, 61.269981 ], [ 29.001488, 61.179854 ], [ 28.953339, 61.152295 ], [ 28.826181, 61.121629 ], [ 28.799002, 61.091973 ], [ 28.719011, 61.044397 ], [ 28.686298, 60.984951 ], [ 28.656409, 60.954542 ], [ 28.519824, 60.951499 ], [ 28.324038, 60.854068 ], [ 28.225796, 60.787859 ], [ 28.17242, 60.774421 ], [ 28.131505, 60.739654 ], [ 27.99128, 60.668979 ] ] ] } },
{ "type": "Feature", "properties": { "loc": "FI1D1" }, "geometry": { "type": "Polygon", "coordinates": [ [ [ 27.352058, 61.177309 ], [ 27.036476, 61.152068 ], [ 26.921615, 61.180052 ], [ 26.915198, 61.185977 ], [ 26.925993, 61.215797 ], [ 26.90003, 61.237187 ], [ 26.875824, 61.284382 ], [ 26.781218, 61.269336 ], [ 26.747602, 61.231497 ], [ 26.663199, 61.208259 ], [ 26.633745, 61.220993 ], [ 26.66843, 61.24654 ], [ 26.632449, 61.289189 ], [ 26.565145, 61.272165 ], [ 26.51366, 61.274324 ], [ 26.492585, 61.311766 ], [ 26.495769, 61.340094 ], [ 26.459964, 61.347436 ], [ 26.453881, 61.326245 ], [ 26.413802, 61.324228 ], [ 26.357638, 61.341808 ], [ 26.292168, 61.372127 ], [ 26.311838, 61.400173 ], [ 26.26658, 61.426092 ], [ 26.251331, 61.444066 ], [ 26.287898, 61.466671 ], [ 26.258309, 61.50701 ], [ 26.274669, 61.508332 ], [ 26.275434, 61.520415 ], [ 26.292566, 61.532335 ], [ 26.281388, 61.574831 ], [ 26.31478, 61.577964 ], [ 26.315036, 61.608448 ], [ 26.343354, 61.619246 ], [ 26.38305, 61.654696 ], [ 26.510009, 61.630409 ], [ 26.52936, 61.692178 ], [ 26.459979, 61.770392 ], [ 26.424499, 61.794697 ], [ 26.381483, 61.808776 ], [ 26.384638, 61.854433 ], [ 26.376801, 61.875886 ], [ 26.336758, 61.891983 ], [ 26.336962, 61.947339 ], [ 26.405678, 61.978366 ], [ 26.26531, 62.088977 ], [ 26.232549, 62.123944 ], [ 26.314245, 62.194802 ], [ 26.397289, 62.207392 ], [ 26.428673, 62.219795 ], [ 26.469371, 62.220403 ], [ 26.485892, 62.229469 ], [ 26.493894, 62.24788 ], [ 26.529411, 62.25894 ], [ 26.619124, 62.218589 ], [ 26.646178, 62.221009 ], [ 26.650146, 62.231633 ], [ 26.628295, 62.293086 ], [ 26.670213, 62.307233 ], [ 26.670027, 62.328169 ], [ 26.680222, 62.341118 ], [ 26.750402, 62.358532 ], [ 26.690687, 62.404212 ], [ 26.70913, 62.452949 ], [ 26.77599, 62.429103 ], [ 26.813557, 62.439795 ], [ 26.832683, 62.463848 ], [ 26.874484, 62.478907 ], [ 26.955244, 62.449866 ], [ 26.963782, 62.480472 ], [ 27.045713, 62.472046 ], [ 27.119824, 62.497624 ], [ 27.182074, 62.463864 ], [ 27.237483, 62.47615 ], [ 27.278864, 62.467641 ], [ 27.372032, 62.519249 ], [ 27.471905, 62.471645 ], [ 27.57933, 62.442779 ], [ 27.691772, 62.379048 ], [ 27.750211, 62.364241 ], [ 27.749372, 62.32702 ], [ 27.833074, 62.28338 ], [ 27.908036, 62.28251 ], [ 28.038213, 62.236643 ], [ 28.168987, 62.22707 ], [ 28.221358, 62.21539 ], [ 28.31361, 62.227647 ], [ 28.480722, 62.203462 ], [ 28.547993, 62.184184 ], [ 28.614125, 62.151626 ], [ 28.64063, 62.177455 ], [ 28.648942, 62.217177 ], [ 28.634624, 62.240621 ], [ 28.551732, 62.294074 ], [ 28.442292, 62.321599 ], [ 28.415365, 62.34838 ], [ 28.334482, 62.358853 ], [ 28.264152, 62.424238 ], [ 28.286839, 62.445091 ], [ 28.29347, 62.467309 ], [ 28.354823, 62.464321 ], [ 28.379561, 62.471549 ], [ 28.380655, 62.504709 ], [ 28.414887, 62.56173 ], [ 28.517268, 62.558484 ], [ 28.527993, 62.583909 ], [ 28.606181, 62.5955 ], [ 28.65516, 62.65702 ], [ 28.79171, 62.638969 ], [ 28.86267, 62.600608 ], [ 28.93809, 62.578129 ], [ 28.949306, 62.563258 ], [ 29.029143, 62.529023 ], [ 29.024536, 62.509616 ], [ 29.109921, 62.491082 ], [ 29.084148, 62.429873 ], [ 29.103771, 62.413684 ], [ 29.100937, 62.402178 ], [ 29.10904, 62.395183 ], [ 29.16297, 62.387424 ], [ 29.171407, 62.40469 ], [ 29.236268, 62.414921 ], [ 29.281922, 62.39626 ], [ 29.316742, 62.326054 ], [ 29.38765, 62.257334 ], [ 29.422492, 62.237348 ], [ 29.412248, 62.192859 ], [ 29.458556, 62.089773 ], [ 29.479693, 62.060484 ], [ 29.508447, 62.040223 ], [ 29.567059, 62.030518 ], [ 29.656572, 61.977199 ], [ 29.618899, 61.937208 ], [ 29.615889, 61.917405 ], [ 29.68858, 61.867575 ], [ 29.669214, 61.854527 ], [ 29.687361, 61.835643 ], [ 29.686957, 61.8153 ], [ 29.67462, 61.791653 ], [ 29.643347, 61.764939 ], [ 29.577237, 61.738891 ], [ 29.537902, 61.686276 ], [ 29.397433, 61.649853 ], [ 29.298815, 61.598204 ], [ 29.255363, 61.559611 ], [ 29.049072, 61.535101 ], [ 28.829658, 61.534057 ], [ 28.787516, 61.484061 ], [ 28.718073, 61.481232 ], [ 28.658609, 61.468103 ], [ 28.545874, 61.476352 ], [ 28.500693, 61.506286 ], [ 28.447337, 61.50671 ], [ 28.426547, 61.489128 ], [ 28.413696, 61.455975 ], [ 28.310911, 61.413927 ], [ 28.254306, 61.379915 ], [ 28.049281, 61.355433 ], [ 27.867878, 61.351379 ], [ 27.796841, 61.359608 ], [ 27.74037, 61.330966 ], [ 27.608154, 61.337859 ], [ 27.5991, 61.308895 ], [ 27.562854, 61.293322 ], [ 27.581277, 61.278891 ], [ 27.570525, 61.264463 ], [ 27.544578, 61.259716 ], [ 27.447037, 61.269302 ], [ 27.429325, 61.252591 ], [ 27.375796, 61.240191 ], [ 27.377653, 61.20174 ], [ 27.352058, 61.177309 ] ], [ [ 26.345064, 61.505211 ], [ 26.312329, 61.521457 ], [ 26.305406, 61.506603 ], [ 26.336095, 61.499184 ], [ 26.345064, 61.505211 ] ] ] } },
{ "type": "Feature", "properties": { "loc": "FI1D2" }, "geometry": { "type": "Polygon", "coordinates": [ [ [ 26.138652, 63.457592 ], [ 26.186987, 63.502448 ], [ 26.198358, 63.569115 ], [ 26.291103, 63.594446 ], [ 26.24472, 63.798479 ], [ 26.222669, 63.83243 ], [ 26.515752, 63.945778 ], [ 26.522217, 63.963283 ], [ 26.550471, 63.960657 ], [ 26.597967, 63.979498 ], [ 26.870419, 64.036977 ], [ 27.012813, 63.999373 ], [ 27.261132, 63.989337 ], [ 27.414685, 63.96623 ], [ 27.439729, 63.946054 ], [ 27.482217, 63.948315 ], [ 27.494416, 63.959597 ], [ 27.535031, 63.95678 ], [ 27.645786, 63.920652 ], [ 27.74577, 63.907632 ], [ 27.885911, 63.851884 ], [ 27.920059, 63.84749 ], [ 28.059834, 63.781705 ], [ 28.145037, 63.725056 ], [ 28.203371, 63.708662 ], [ 28.267941, 63.67106 ], [ 28.35961, 63.754753 ], [ 28.46136, 63.701526 ], [ 28.548891, 63.698207 ], [ 28.592642, 63.679497 ], [ 28.590599, 63.64724 ], [ 28.606932, 63.585104 ], [ 28.65798, 63.552948 ], [ 28.621957, 63.538845 ], [ 28.614557, 63.516602 ], [ 28.671727, 63.42451 ], [ 28.751557, 63.383594 ], [ 28.732279, 63.313355 ], [ 28.695483, 63.271106 ], [ 28.655467, 63.248023 ], [ 28.626673, 63.205113 ], [ 28.705683, 63.17619 ], [ 28.819518, 63.100841 ], [ 28.865596, 63.058605 ], [ 29.024354, 63.013551 ], [ 29.054038, 62.991069 ], [ 28.982538, 62.958058 ], [ 28.980864, 62.931033 ], [ 28.946787, 62.93341 ], [ 28.939706, 62.927149 ], [ 29.07251, 62.840118 ], [ 28.977219, 62.805679 ], [ 28.933751, 62.779291 ], [ 28.815996, 62.826023 ], [ 28.770414, 62.823737 ], [ 28.721361, 62.779965 ], [ 28.675941, 62.772253 ], [ 28.642617, 62.752902 ], [ 28.646745, 62.729813 ], [ 28.692044, 62.695099 ], [ 28.606181, 62.5955 ], [ 28.527993, 62.583909 ], [ 28.517268, 62.558484 ], [ 28.414887, 62.56173 ], [ 28.380655, 62.504709 ], [ 28.379561, 62.471549 ], [ 28.354823, 62.464321 ], [ 28.29347, 62.467309 ], [ 28.286839, 62.445091 ], [ 28.264152, 62.424238 ], [ 28.334482, 62.358853 ], [ 28.415365, 62.34838 ], [ 28.442292, 62.321599 ], [ 28.551732, 62.294074 ], [ 28.634624, 62.240621 ], [ 28.648942, 62.217177 ], [ 28.64063, 62.177455 ], [ 28.614125, 62.151626 ], [ 28.547993, 62.184184 ], [ 28.480722, 62.203462 ], [ 28.31361, 62.227647 ], [ 28.221358, 62.21539 ], [ 28.168987, 62.22707 ], [ 28.038213, 62.236643 ], [ 27.908036, 62.28251 ], [ 27.833074, 62.28338 ], [ 27.749372, 62.32702 ], [ 27.750211, 62.364241 ], [ 27.691772, 62.379048 ], [ 27.57933, 62.442779 ], [ 27.471905, 62.471645 ], [ 27.372032, 62.519249 ], [ 27.278864, 62.467641 ], [ 27.237483, 62.47615 ], [ 27.182074, 62.463864 ], [ 27.119824, 62.497624 ], [ 27.045713, 62.472046 ], [ 26.963782, 62.480472 ], [ 26.955244, 62.449866 ], [ 26.874484, 62.478907 ], [ 26.832683, 62.463848 ], [ 26.813557, 62.439795 ], [ 26.77599, 62.429103 ], [ 26.70913, 62.452949 ], [ 26.619223, 62.459415 ], [ 26.488885, 62.517144 ], [ 26.492987, 62.529766 ], [ 26.57696, 62.583202 ], [ 26.590293, 62.616977 ], [ 26.531291, 62.714402 ], [ 26.470781, 62.767696 ], [ 26.418778, 62.776841 ], [ 26.380828, 62.762119 ], [ 26.340376, 62.759715 ], [ 26.238318, 62.816081 ], [ 26.177281, 62.836597 ], [ 26.16477, 62.866224 ], [ 26.084166, 62.889158 ], [ 26.058892, 62.913096 ], [ 26.06667, 62.937881 ], [ 26.138625, 62.951561 ], [ 26.212194, 62.95187 ], [ 26.276392, 62.939356 ], [ 26.313376, 62.972391 ], [ 26.243156, 63.019486 ], [ 26.248832, 63.03664 ], [ 26.27967, 63.052821 ], [ 26.242306, 63.078112 ], [ 26.168857, 63.151676 ], [ 26.157237, 63.194073 ], [ 26.173216, 63.217894 ], [ 26.172825, 63.234756 ], [ 26.1247, 63.324178 ], [ 26.091397, 63.357556 ], [ 26.115241, 63.396577 ], [ 26.160553, 63.432874 ], [ 26.138652, 63.457592 ] ] ] } },
{ "type": "Feature", "properties": { "loc": "FI1D3" }, "geometry": { "type": "Polygon", "coordinates": [ [ [ 29.559279, 61.722068 ], [ 29.577237, 61.738891 ], [ 29.643347, 61.764939 ], [ 29.67462, 61.791653 ], [ 29.686957, 61.8153 ], [ 29.687361, 61.835643 ], [ 29.669214, 61.854527 ], [ 29.68858, 61.867575 ], [ 29.615889, 61.917405 ], [ 29.618899, 61.937208 ], [ 29.656572, 61.977199 ], [ 29.567059, 62.030518 ], [ 29.508447, 62.040223 ], [ 29.479693, 62.060484 ], [ 29.458556, 62.089773 ], [ 29.412248, 62.192859 ], [ 29.422492, 62.237348 ], [ 29.38765, 62.257334 ], [ 29.316742, 62.326054 ], [ 29.281922, 62.39626 ], [ 29.236268, 62.414921 ], [ 29.171407, 62.40469 ], [ 29.16297, 62.387424 ], [ 29.10904, 62.395183 ], [ 29.100937, 62.402178 ], [ 29.103771, 62.413684 ], [ 29.084148, 62.429873 ], [ 29.109921, 62.491082 ], [ 29.024536, 62.509616 ], [ 29.029143, 62.529023 ], [ 28.949306, 62.563258 ], [ 28.93809, 62.578129 ], [ 28.86267, 62.600608 ], [ 28.79171, 62.638969 ], [ 28.65516, 62.65702 ], [ 28.692044, 62.695099 ], [ 28.646745, 62.729813 ], [ 28.642617, 62.752902 ], [ 28.675941, 62.772253 ], [ 28.721361, 62.779965 ], [ 28.770414, 62.823737 ], [ 28.815996, 62.826023 ], [ 28.933751, 62.779291 ], [ 28.977219, 62.805679 ], [ 29.07251, 62.840118 ], [ 28.939706, 62.927149 ], [ 28.946787, 62.93341 ], [ 28.980864, 62.931033 ], [ 28.982538, 62.958058 ], [ 29.054038, 62.991069 ], [ 29.024354, 63.013551 ], [ 28.865596, 63.058605 ], [ 28.819518, 63.100841 ], [ 28.705683, 63.17619 ], [ 28.626673, 63.205113 ], [ 28.655467, 63.248023 ], [ 28.695483, 63.271106 ], [ 28.732279, 63.313355 ], [ 28.751557, 63.383594 ], [ 28.671727, 63.42451 ], [ 28.614557, 63.516602 ], [ 28.621957, 63.538845 ], [ 28.65798, 63.552948 ], [ 28.606932, 63.585104 ], [ 28.590599, 63.64724 ], [ 28.592642, 63.679497 ], [ 28.548891, 63.698207 ], [ 28.46136, 63.701526 ], [ 28.35961, 63.754753 ], [ 28.467513, 63.852936 ], [ 28.464091, 63.870833 ], [ 28.504602, 63.881197 ], [ 28.887901, 63.836217 ], [ 29.304334, 63.85245 ], [ 29.676781, 63.878219 ], [ 29.722613, 63.750579 ], [ 29.773301, 63.706435 ], [ 29.875638, 63.748627 ], [ 29.971917, 63.757165 ], [ 30.237493, 63.61038 ], [ 30.261839, 63.583414 ], [ 30.387921, 63.542573 ], [ 30.487538, 63.466474 ], [ 30.786466, 63.404811 ], [ 30.855501, 63.367806 ], [ 30.931002, 63.354753 ], [ 30.982371, 63.307584 ], [ 31.026401, 63.301089 ], [ 31.143855, 63.261102 ], [ 31.172501, 63.240864 ], [ 31.231731, 63.220825 ], [ 31.272145, 63.10871 ], [ 31.364148, 63.070076 ], [ 31.393444, 63.04786 ], [ 31.455062, 63.027844 ], [ 31.453541, 63.006741 ], [ 31.504694, 62.992506 ], [ 31.582749, 62.90875 ], [ 31.462648, 62.802252 ], [ 31.461799, 62.785292 ], [ 31.435968, 62.778862 ], [ 31.384843, 62.696779 ], [ 31.372056, 62.652436 ], [ 31.344804, 62.639354 ], [ 31.227186, 62.504709 ], [ 31.184076, 62.488234 ], [ 31.152889, 62.444147 ], [ 30.962589, 62.343418 ], [ 30.947352, 62.311227 ], [ 30.894564, 62.304988 ], [ 30.826972, 62.275891 ], [ 30.722812, 62.212629 ], [ 30.649159, 62.202125 ], [ 30.635664, 62.191104 ], [ 30.627416, 62.167081 ], [ 30.597403, 62.13902 ], [ 30.315491, 61.967067 ], [ 30.300061, 61.938326 ], [ 30.264846, 61.927045 ], [ 30.143967, 61.852238 ], [ 30.133589, 61.864311 ], [ 30.10613, 61.858652 ], [ 29.559279, 61.722068 ] ] ] } },
{ "type": "Feature", "properties": { "loc": "FI1D5" }, "geometry": { "type": "MultiPolygon", "coordinates": [ [ [ [ 23.617333, 64.048772 ], [ 23.712939, 63.98078 ], [ 23.740643, 63.978183 ], [ 23.755008, 63.990845 ], [ 23.775713, 63.994279 ], [ 23.841451, 63.971455 ], [ 23.912643, 63.967086 ], [ 23.937829, 63.972056 ], [ 23.886356, 64.016896 ], [ 23.920633, 64.034872 ], [ 23.919949, 64.062239 ], [ 23.980516, 64.092511 ], [ 24.079728, 64.07036 ], [ 24.1038, 64.004371 ], [ 24.176141, 63.94278 ], [ 24.217539, 63.928141 ], [ 24.255845, 63.875266 ], [ 24.425084, 63.837027 ], [ 24.556526, 63.69498 ], [ 24.617835, 63.651179 ], [ 24.815924, 63.587419 ], [ 25.036323, 63.458078 ], [ 24.901658, 63.430204 ], [ 24.777047, 63.360096 ], [ 24.798411, 63.279843 ], [ 24.759206, 63.261679 ], [ 24.759397, 63.217886 ], [ 24.736584, 63.159558 ], [ 24.736815, 63.139359 ], [ 24.532266, 63.156164 ], [ 24.359008, 63.116434 ], [ 24.304478, 63.138837 ], [ 24.245835, 63.132861 ], [ 24.205386, 63.155611 ], [ 24.228005, 63.174726 ], [ 24.171, 63.211609 ], [ 24.093858, 63.24581 ], [ 24.009115, 63.269293 ], [ 23.855201, 63.278903 ], [ 23.776434, 63.310747 ], [ 23.69699, 63.380327 ], [ 23.705678, 63.386626 ], [ 23.663432, 63.432555 ], [ 23.648887, 63.528388 ], [ 23.560305, 63.570527 ], [ 23.571732, 63.584515 ], [ 23.558608, 63.600157 ], [ 23.490553, 63.590118 ], [ 23.448446, 63.609771 ], [ 23.477229, 63.640095 ], [ 23.48269, 63.657287 ], [ 23.540651, 63.635106 ], [ 23.647431, 63.668092 ], [ 23.703446, 63.659397 ], [ 23.729184, 63.675244 ], [ 23.479077, 63.776638 ], [ 23.459457, 63.763514 ], [ 23.448535, 63.740206 ], [ 23.383848, 63.759958 ], [ 23.331542, 63.760125 ], [ 23.29299, 63.752785 ], [ 23.249692, 63.720267 ], [ 23.233008, 63.718379 ], [ 23.180881, 63.742453 ], [ 23.012891, 63.791416 ], [ 23.003198, 63.828631 ], [ 23.029479, 63.832827 ], [ 23.028019, 63.852014 ], [ 23.042561, 63.86886 ], [ 23.074888, 63.876508 ], [ 23.10491, 63.863528 ], [ 23.116016, 63.867657 ], [ 23.101331, 63.900278 ], [ 23.125123, 63.895038 ], [ 23.142059, 63.913096 ], [ 23.290291, 63.914644 ], [ 23.302382, 63.92132 ], [ 23.297797, 63.940764 ], [ 23.363807, 63.920224 ], [ 23.392716, 63.940687 ], [ 23.377829, 63.97043 ], [ 23.388763, 63.980655 ], [ 23.382675, 64.052258 ], [ 23.40801, 64.080559 ], [ 23.434045, 64.080045 ], [ 23.478823, 64.057923 ], [ 23.552924, 64.04414 ], [ 23.592999, 64.052461 ], [ 23.617333, 64.048772 ] ], [ [ 23.503266, 63.609136 ], [ 23.474635, 63.611043 ], [ 23.470124, 63.608661 ], [ 23.503812, 63.600425 ], [ 23.503266, 63.609136 ] ] ], [ [ [ 24.176504, 63.148434 ], [ 24.185253, 63.162823 ], [ 24.196054, 63.155299 ], [ 24.176504, 63.148434 ] ] ], [ [ [ 23.548976, 64.066512 ], [ 23.542151, 64.059991 ], [ 23.524818, 64.070917 ], [ 23.536905, 64.07598 ], [ 23.548976, 64.066512 ] ] ], [ [ [ 23.529348, 64.080128 ], [ 23.519304, 64.077344 ], [ 23.506191, 64.082237 ], [ 23.509239, 64.088585 ], [ 23.528037, 64.086849 ], [ 23.529348, 64.080128 ] ] ], [ [ [ 23.228186, 63.94006 ], [ 23.19952, 63.936022 ], [ 23.182388, 63.94843 ], [ 23.197683, 63.958452 ], [ 23.206572, 63.945274 ], [ 23.228186, 63.94006 ] ] ], [ [ [ 22.825547, 63.878756 ], [ 22.835549, 63.901183 ], [ 22.930867, 63.889584 ], [ 22.95458, 63.869733 ], [ 22.960029, 63.830355 ], [ 22.986457, 63.811971 ], [ 22.989051, 63.788022 ], [ 22.933225, 63.778505 ], [ 22.929145, 63.771524 ], [ 22.860529, 63.784956 ], [ 22.886266, 63.812557 ], [ 22.866946, 63.838186 ], [ 22.888936, 63.841203 ], [ 22.8941, 63.855869 ], [ 22.825547, 63.878756 ] ] ], [ [ [ 22.816731, 63.92096 ], [ 22.817274, 63.911522 ], [ 22.785549, 63.917501 ], [ 22.803669, 63.924006 ], [ 22.816731, 63.92096 ] ] ] ] } },
{ "type": "Feature", "properties": { "loc": "FI1D8" }, "geometry": { "type": "MultiPolygon", "coordinates": [ [ [ [ 29.971917, 63.757165 ], [ 29.875638, 63.748627 ], [ 29.773301, 63.706435 ], [ 29.722613, 63.750579 ], [ 29.676781, 63.878219 ], [ 29.304334, 63.85245 ], [ 28.887901, 63.836217 ], [ 28.504602, 63.881197 ], [ 28.464091, 63.870833 ], [ 28.467513, 63.852936 ], [ 28.267941, 63.67106 ], [ 28.203371, 63.708662 ], [ 28.145037, 63.725056 ], [ 28.059834, 63.781705 ], [ 27.920059, 63.84749 ], [ 27.885911, 63.851884 ], [ 27.74577, 63.907632 ], [ 27.645786, 63.920652 ], [ 27.535031, 63.95678 ], [ 27.494416, 63.959597 ], [ 27.482217, 63.948315 ], [ 27.439729, 63.946054 ], [ 27.414685, 63.96623 ], [ 27.261132, 63.989337 ], [ 27.012813, 63.999373 ], [ 26.782042, 64.060382 ], [ 26.767979, 64.258432 ], [ 26.757343, 64.280559 ], [ 26.813895, 64.305171 ], [ 26.884769, 64.302988 ], [ 26.9214, 64.312634 ], [ 26.935556, 64.324867 ], [ 26.967724, 64.296179 ], [ 27.036679, 64.285618 ], [ 27.185256, 64.311523 ], [ 27.19376, 64.349144 ], [ 27.249155, 64.388976 ], [ 27.244571, 64.403106 ], [ 27.184014, 64.44002 ], [ 27.187486, 64.457302 ], [ 27.230697, 64.486163 ], [ 27.261326, 64.487492 ], [ 27.292745, 64.500173 ], [ 27.346164, 64.547866 ], [ 27.386709, 64.569966 ], [ 27.382417, 64.584595 ], [ 27.355899, 64.59549 ], [ 27.350481, 64.606589 ], [ 27.262179, 64.62688 ], [ 27.266711, 64.657818 ], [ 27.243871, 64.699298 ], [ 27.274441, 64.719773 ], [ 27.200629, 64.775069 ], [ 27.122618, 64.814624 ], [ 27.158821, 64.834622 ], [ 27.349992, 64.813026 ], [ 27.368046, 64.826846 ], [ 27.365249, 64.842516 ], [ 27.395023, 64.853698 ], [ 27.375474, 64.888263 ], [ 27.400123, 64.922331 ], [ 27.390054, 64.949396 ], [ 27.269556, 65.027381 ], [ 27.333022, 65.088289 ], [ 27.56438, 65.094434 ], [ 27.67069, 65.119798 ], [ 27.887435, 65.094299 ], [ 27.950171, 65.202657 ], [ 28.027379, 65.235232 ], [ 28.399259, 65.270194 ], [ 28.497072, 65.270043 ], [ 28.507983, 65.278374 ], [ 28.600526, 65.28815 ], [ 28.614434, 65.328531 ], [ 28.661958, 65.391526 ], [ 28.76923, 65.412774 ], [ 28.797947, 65.425857 ], [ 28.825708, 65.423439 ], [ 28.949466, 65.445526 ], [ 29.044228, 65.438649 ], [ 29.11005, 65.447276 ], [ 29.193927, 65.478839 ], [ 29.212579, 65.492357 ], [ 29.226626, 65.518119 ], [ 29.323299, 65.519668 ], [ 29.498559, 65.490266 ], [ 29.555466, 65.50457 ], [ 29.754732, 65.497369 ], [ 29.7312, 65.441687 ], [ 29.737331, 65.347142 ], [ 29.618287, 65.275855 ], [ 29.609981, 65.258982 ], [ 29.643753, 65.233005 ], [ 29.813954, 65.222342 ], [ 29.871275, 65.208831 ], [ 29.882716, 65.192668 ], [ 29.830056, 65.145848 ], [ 29.871506, 65.107151 ], [ 29.826614, 65.093071 ], [ 29.728094, 65.088212 ], [ 29.628968, 65.052231 ], [ 29.605501, 64.995465 ], [ 29.617587, 64.919261 ], [ 29.643133, 64.874209 ], [ 29.692262, 64.839509 ], [ 29.698788, 64.814126 ], [ 29.739395, 64.792439 ], [ 30.0336, 64.792045 ], [ 30.082488, 64.772583 ], [ 30.082645, 64.763945 ], [ 30.049197, 64.741955 ], [ 30.047897, 64.729401 ], [ 30.12888, 64.644316 ], [ 30.114999, 64.627233 ], [ 30.047234, 64.611408 ], [ 29.998585, 64.588732 ], [ 29.992541, 64.576056 ], [ 29.992135, 64.532216 ], [ 30.02236, 64.502417 ], [ 30.053624, 64.453516 ], [ 30.052635, 64.400225 ], [ 30.115932, 64.364503 ], [ 30.216873, 64.348111 ], [ 30.350007, 64.304698 ], [ 30.367551, 64.280678 ], [ 30.38474, 64.271911 ], [ 30.478408, 64.259769 ], [ 30.50322, 64.225015 ], [ 30.475057, 64.198822 ], [ 30.549242, 64.130814 ], [ 30.550295, 64.099503 ], [ 30.523528, 64.046901 ], [ 30.424158, 63.97043 ], [ 30.322641, 63.909878 ], [ 30.257763, 63.822861 ], [ 29.971917, 63.757165 ] ], [ [ 26.809363, 64.276977 ], [ 26.824787, 64.257789 ], [ 26.84958, 64.265176 ], [ 26.847891, 64.269365 ], [ 26.809363, 64.276977 ] ] ], [ [ [ 27.225619, 64.713118 ], [ 27.231753, 64.716869 ], [ 27.244784, 64.711438 ], [ 27.22918, 64.698146 ], [ 27.225619, 64.713118 ] ] ], [ [ [ 27.022951, 64.314618 ], [ 27.039999, 64.320278 ], [ 27.05837, 64.313885 ], [ 27.052712, 64.299365 ], [ 27.038247, 64.300913 ], [ 27.022951, 64.314618 ] ] ] ] } },
{ "type": "Feature", "properties": { "loc": "FI193" }, "geometry": { "type": "MultiPolygon", "coordinates": [ [ [ [ 26.138652, 63.457592 ], [ 26.160553, 63.432874 ], [ 26.115241, 63.396577 ], [ 26.091397, 63.357556 ], [ 26.1247, 63.324178 ], [ 26.172825, 63.234756 ], [ 26.173216, 63.217894 ], [ 26.157237, 63.194073 ], [ 26.168857, 63.151676 ], [ 26.242306, 63.078112 ], [ 26.27967, 63.052821 ], [ 26.248832, 63.03664 ], [ 26.243156, 63.019486 ], [ 26.313376, 62.972391 ], [ 26.276392, 62.939356 ], [ 26.212194, 62.95187 ], [ 26.138625, 62.951561 ], [ 26.06667, 62.937881 ], [ 26.058892, 62.913096 ], [ 26.084166, 62.889158 ], [ 26.16477, 62.866224 ], [ 26.177281, 62.836597 ], [ 26.238318, 62.816081 ], [ 26.340376, 62.759715 ], [ 26.380828, 62.762119 ], [ 26.418778, 62.776841 ], [ 26.470781, 62.767696 ], [ 26.531291, 62.714402 ], [ 26.590293, 62.616977 ], [ 26.57696, 62.583202 ], [ 26.492987, 62.529766 ], [ 26.488885, 62.517144 ], [ 26.619223, 62.459415 ], [ 26.70913, 62.452949 ], [ 26.690687, 62.404212 ], [ 26.750402, 62.358532 ], [ 26.680222, 62.341118 ], [ 26.670027, 62.328169 ], [ 26.670213, 62.307233 ], [ 26.628295, 62.293086 ], [ 26.650146, 62.231633 ], [ 26.646178, 62.221009 ], [ 26.619124, 62.218589 ], [ 26.529411, 62.25894 ], [ 26.493894, 62.24788 ], [ 26.485892, 62.229469 ], [ 26.469371, 62.220403 ], [ 26.428673, 62.219795 ], [ 26.397289, 62.207392 ], [ 26.314245, 62.194802 ], [ 26.232549, 62.123944 ], [ 26.26531, 62.088977 ], [ 26.405678, 61.978366 ], [ 26.336962, 61.947339 ], [ 26.336758, 61.891983 ], [ 26.376801, 61.875886 ], [ 26.384638, 61.854433 ], [ 26.381483, 61.808776 ], [ 26.424499, 61.794697 ], [ 26.459979, 61.770392 ], [ 26.52936, 61.692178 ], [ 26.510009, 61.630409 ], [ 26.38305, 61.654696 ], [ 26.343354, 61.619246 ], [ 26.315036, 61.608448 ], [ 26.305435, 61.643823 ], [ 26.287173, 61.651513 ], [ 26.253463, 61.642729 ], [ 26.19647, 61.646221 ], [ 26.162631, 61.621769 ], [ 26.142443, 61.6219 ], [ 26.079144, 61.668159 ], [ 26.078961, 61.702862 ], [ 26.059136, 61.729373 ], [ 26.00985, 61.726268 ], [ 25.976792, 61.760011 ], [ 25.929256, 61.779848 ], [ 25.900156, 61.766191 ], [ 25.86935, 61.764453 ], [ 25.875234, 61.791462 ], [ 25.85572, 61.797924 ], [ 25.849093, 61.779051 ], [ 25.77112, 61.690172 ], [ 25.751526, 61.692003 ], [ 25.735942, 61.707175 ], [ 25.681263, 61.715699 ], [ 25.603344, 61.680153 ], [ 25.504589, 61.67547 ], [ 25.504116, 61.629112 ], [ 25.434062, 61.487678 ], [ 25.252861, 61.473367 ], [ 25.186741, 61.477623 ], [ 25.148381, 61.461439 ], [ 25.079533, 61.474602 ], [ 25.071092, 61.46538 ], [ 24.970472, 61.450705 ], [ 24.930899, 61.486547 ], [ 24.937785, 61.536436 ], [ 24.893565, 61.547248 ], [ 24.91052, 61.567433 ], [ 24.909352, 61.586366 ], [ 24.870881, 61.591316 ], [ 24.832096, 61.571063 ], [ 24.796148, 61.611477 ], [ 24.805564, 61.646626 ], [ 24.830029, 61.67583 ], [ 24.797892, 61.686276 ], [ 24.764863, 61.683037 ], [ 24.744802, 61.695529 ], [ 24.729505, 61.772647 ], [ 24.753058, 61.779574 ], [ 24.801138, 61.759667 ], [ 24.806009, 61.776987 ], [ 24.726565, 61.817327 ], [ 24.657643, 61.865905 ], [ 24.536933, 61.915905 ], [ 24.547856, 61.939153 ], [ 24.59319, 61.959821 ], [ 24.625282, 61.990488 ], [ 24.718452, 62.020771 ], [ 24.705326, 62.041217 ], [ 24.673352, 62.05766 ], [ 24.666432, 62.114009 ], [ 24.604541, 62.140014 ], [ 24.554465, 62.185776 ], [ 24.510256, 62.20005 ], [ 24.441538, 62.177232 ], [ 24.427178, 62.157838 ], [ 24.392759, 62.168484 ], [ 24.339421, 62.170338 ], [ 24.29575, 62.197629 ], [ 24.263813, 62.25385 ], [ 24.149797, 62.253331 ], [ 24.0891, 62.274441 ], [ 24.070407, 62.296699 ], [ 24.029195, 62.312772 ], [ 24.012998, 62.36333 ], [ 24.199178, 62.476753 ], [ 24.313913, 62.452518 ], [ 24.328756, 62.459751 ], [ 24.331122, 62.48288 ], [ 24.346623, 62.493011 ], [ 24.398047, 62.496974 ], [ 24.431584, 62.479873 ], [ 24.491382, 62.497696 ], [ 24.530699, 62.541563 ], [ 24.543224, 62.574113 ], [ 24.560515, 62.58696 ], [ 24.562313, 62.612917 ], [ 24.518873, 62.628686 ], [ 24.565863, 62.664712 ], [ 24.51997, 62.690154 ], [ 24.440041, 62.784696 ], [ 24.351675, 62.854091 ], [ 24.363523, 62.86646 ], [ 24.429136, 62.871289 ], [ 24.440956, 62.890287 ], [ 24.425858, 62.906598 ], [ 24.351874, 62.923363 ], [ 24.340758, 62.968382 ], [ 24.306691, 62.988317 ], [ 24.300341, 63.02147 ], [ 24.280061, 63.042138 ], [ 24.285019, 63.0604 ], [ 24.320796, 63.073752 ], [ 24.359008, 63.116434 ], [ 24.532266, 63.156164 ], [ 24.736815, 63.139359 ], [ 24.736584, 63.159558 ], [ 24.759397, 63.217886 ], [ 24.759206, 63.261679 ], [ 24.798411, 63.279843 ], [ 24.777047, 63.360096 ], [ 24.901658, 63.430204 ], [ 25.088577, 63.474791 ], [ 25.112802, 63.503486 ], [ 25.143557, 63.574701 ], [ 25.251786, 63.610941 ], [ 25.486369, 63.532217 ], [ 25.701237, 63.519417 ], [ 25.76827, 63.507207 ], [ 25.810733, 63.492901 ], [ 25.901182, 63.438992 ], [ 25.995836, 63.430034 ], [ 26.138652, 63.457592 ] ] ], [ [ [ 26.02962, 61.691253 ], [ 26.025664, 61.684025 ], [ 26.008695, 61.685516 ], [ 26.001874, 61.671014 ], [ 25.992104, 61.671123 ], [ 25.9957, 61.690296 ], [ 26.02962, 61.691253 ] ] ], [ [ [ 24.255228, 63.03543 ], [ 24.274985, 63.034016 ], [ 24.273979, 63.024087 ], [ 24.263688, 63.021484 ], [ 24.255228, 63.03543 ] ] ], [ [ [ 24.214754, 63.030341 ], [ 24.247461, 63.032961 ], [ 24.252251, 63.022256 ], [ 24.217982, 63.021438 ], [ 24.214754, 63.030341 ] ] ] ] } },
{ "type": "Feature", "properties": { "loc": "FI1D9" }, "geometry": { "type": "MultiPolygon", "coordinates": [ [ [ [ 25.036323, 63.458078 ], [ 24.815924, 63.587419 ], [ 24.617835, 63.651179 ], [ 24.556526, 63.69498 ], [ 24.425084, 63.837027 ], [ 24.255845, 63.875266 ], [ 24.217539, 63.928141 ], [ 24.176141, 63.94278 ], [ 24.1038, 64.004371 ], [ 24.079728, 64.07036 ], [ 23.980516, 64.092511 ], [ 23.919949, 64.062239 ], [ 23.920633, 64.034872 ], [ 23.886356, 64.016896 ], [ 23.937829, 63.972056 ], [ 23.841451, 63.971455 ], [ 23.775713, 63.994279 ], [ 23.755008, 63.990845 ], [ 23.740643, 63.978183 ], [ 23.712939, 63.98078 ], [ 23.617333, 64.048772 ], [ 23.618764, 64.071315 ], [ 23.596562, 64.095506 ], [ 23.593911, 64.114216 ], [ 23.63466, 64.125414 ], [ 23.707219, 64.184672 ], [ 23.704108, 64.218435 ], [ 23.798163, 64.236843 ], [ 23.844129, 64.279507 ], [ 23.901116, 64.292843 ], [ 23.928356, 64.329187 ], [ 23.976663, 64.356334 ], [ 24.026045, 64.402848 ], [ 24.077636, 64.417119 ], [ 24.111678, 64.442664 ], [ 24.257187, 64.499392 ], [ 24.27389, 64.527797 ], [ 24.356236, 64.545515 ], [ 24.377323, 64.605041 ], [ 24.411009, 64.659883 ], [ 24.460348, 64.696316 ], [ 24.501881, 64.705756 ], [ 24.556261, 64.735981 ], [ 24.568075, 64.776479 ], [ 24.557026, 64.804764 ], [ 24.564116, 64.815757 ], [ 24.627086, 64.827921 ], [ 24.660393, 64.816123 ], [ 24.722165, 64.869888 ], [ 24.821512, 64.885422 ], [ 24.929104, 64.884429 ], [ 24.975465, 64.906652 ], [ 25.089778, 64.917901 ], [ 25.185392, 64.89885 ], [ 25.222845, 64.874744 ], [ 25.276529, 64.860859 ], [ 25.317465, 64.838587 ], [ 25.349012, 64.853665 ], [ 25.372535, 64.89375 ], [ 25.23329, 64.946564 ], [ 25.209098, 64.971743 ], [ 25.217984, 64.991618 ], [ 25.313453, 64.994557 ], [ 25.423952, 64.952594 ], [ 25.469675, 64.961261 ], [ 25.46516, 64.977204 ], [ 25.413567, 65.00797 ], [ 25.406042, 65.047345 ], [ 25.375538, 65.091084 ], [ 25.355853, 65.096065 ], [ 25.318835, 65.084606 ], [ 25.318511, 65.110723 ], [ 25.236846, 65.148178 ], [ 25.241765, 65.167169 ], [ 25.279278, 65.197 ], [ 25.289626, 65.224286 ], [ 25.315896, 65.242244 ], [ 25.312437, 65.259577 ], [ 25.288608, 65.274138 ], [ 25.290702, 65.298733 ], [ 25.257912, 65.338129 ], [ 25.28431, 65.358266 ], [ 25.273237, 65.397114 ], [ 25.341246, 65.425532 ], [ 25.33405, 65.463524 ], [ 25.207169, 65.553445 ], [ 25.160076, 65.563781 ], [ 25.115836, 65.562907 ], [ 25.084608, 65.588949 ], [ 25.128855, 65.608681 ], [ 25.186794, 65.650743 ], [ 25.302105, 65.684746 ], [ 25.360709, 65.725718 ], [ 25.410867, 65.73913 ], [ 25.789725, 65.741606 ], [ 26.147727, 65.819006 ], [ 26.159343, 65.8107 ], [ 26.162536, 65.733947 ], [ 26.171237, 65.725735 ], [ 26.813782, 65.701926 ], [ 26.967971, 65.725784 ], [ 27.009564, 65.714516 ], [ 27.014789, 65.732101 ], [ 27.086337, 65.73753 ], [ 27.159509, 65.77962 ], [ 27.242918, 65.842008 ], [ 27.401435, 65.93358 ], [ 27.5363, 65.924272 ], [ 27.564286, 65.92921 ], [ 27.597741, 65.952396 ], [ 27.638446, 65.957863 ], [ 27.65218, 65.953971 ], [ 27.696953, 65.900311 ], [ 27.775698, 65.827281 ], [ 28.131079, 65.815197 ], [ 28.223391, 65.801919 ], [ 28.498323, 65.845316 ], [ 28.507541, 65.852983 ], [ 28.501067, 65.892457 ], [ 28.432481, 65.943911 ], [ 28.381519, 65.962335 ], [ 28.389518, 66.000599 ], [ 28.4068, 66.002101 ], [ 28.417956, 65.989698 ], [ 28.433298, 65.987576 ], [ 28.470777, 65.990264 ], [ 28.497025, 66.003263 ], [ 28.552498, 66.006416 ], [ 28.635712, 65.987609 ], [ 28.743626, 66.011143 ], [ 28.73727, 66.030945 ], [ 28.743864, 66.046202 ], [ 28.641358, 66.070429 ], [ 28.611196, 66.121563 ], [ 28.709923, 66.137969 ], [ 28.723803, 66.161186 ], [ 28.758889, 66.183001 ], [ 28.743188, 66.206368 ], [ 28.755531, 66.23773 ], [ 28.729359, 66.256804 ], [ 28.690138, 66.259573 ], [ 28.657849, 66.251524 ], [ 28.596792, 66.26955 ], [ 28.543832, 66.332577 ], [ 28.553108, 66.378225 ], [ 28.603226, 66.408762 ], [ 28.662506, 66.417975 ], [ 28.698123, 66.48155 ], [ 29.243572, 66.410581 ], [ 29.274602, 66.432625 ], [ 29.572939, 66.432856 ], [ 29.701115, 66.269833 ], [ 29.915694, 66.131925 ], [ 29.988047, 66.019012 ], [ 29.997973, 65.981603 ], [ 30.021977, 65.965681 ], [ 30.069913, 65.89105 ], [ 30.1187, 65.75408 ], [ 30.13702, 65.675947 ], [ 30.126358, 65.671023 ], [ 30.014503, 65.695058 ], [ 29.725898, 65.636655 ], [ 29.755292, 65.60935 ], [ 29.860041, 65.56071 ], [ 29.754732, 65.497369 ], [ 29.555466, 65.50457 ], [ 29.498559, 65.490266 ], [ 29.323299, 65.519668 ], [ 29.226626, 65.518119 ], [ 29.212579, 65.492357 ], [ 29.193927, 65.478839 ], [ 29.11005, 65.447276 ], [ 29.044228, 65.438649 ], [ 28.949466, 65.445526 ], [ 28.825708, 65.423439 ], [ 28.797947, 65.425857 ], [ 28.76923, 65.412774 ], [ 28.661958, 65.391526 ], [ 28.614434, 65.328531 ], [ 28.600526, 65.28815 ], [ 28.507983, 65.278374 ], [ 28.497072, 65.270043 ], [ 28.399259, 65.270194 ], [ 28.027379, 65.235232 ], [ 27.950171, 65.202657 ], [ 27.887435, 65.094299 ], [ 27.67069, 65.119798 ], [ 27.56438, 65.094434 ], [ 27.333022, 65.088289 ], [ 27.269556, 65.027381 ], [ 27.390054, 64.949396 ], [ 27.400123, 64.922331 ], [ 27.375474, 64.888263 ], [ 27.395023, 64.853698 ], [ 27.365249, 64.842516 ], [ 27.368046, 64.826846 ], [ 27.349992, 64.813026 ], [ 27.158821, 64.834622 ], [ 27.122618, 64.814624 ], [ 27.200629, 64.775069 ], [ 27.274441, 64.719773 ], [ 27.243871, 64.699298 ], [ 27.266711, 64.657818 ], [ 27.262179, 64.62688 ], [ 27.350481, 64.606589 ], [ 27.355899, 64.59549 ], [ 27.382417, 64.584595 ], [ 27.386709, 64.569966 ], [ 27.346164, 64.547866 ], [ 27.292745, 64.500173 ], [ 27.261326, 64.487492 ], [ 27.230697, 64.486163 ], [ 27.187486, 64.457302 ], [ 27.184014, 64.44002 ], [ 27.244571, 64.403106 ], [ 27.249155, 64.388976 ], [ 27.19376, 64.349144 ], [ 27.185256, 64.311523 ], [ 27.036679, 64.285618 ], [ 26.967724, 64.296179 ], [ 26.935556, 64.324867 ], [ 26.9214, 64.312634 ], [ 26.884769, 64.302988 ], [ 26.813895, 64.305171 ], [ 26.757343, 64.280559 ], [ 26.767979, 64.258432 ], [ 26.782042, 64.060382 ], [ 26.870419, 64.036977 ], [ 26.597967, 63.979498 ], [ 26.550471, 63.960657 ], [ 26.522217, 63.963283 ], [ 26.515752, 63.945778 ], [ 26.222669, 63.83243 ], [ 26.24472, 63.798479 ], [ 26.291103, 63.594446 ], [ 26.198358, 63.569115 ], [ 26.186987, 63.502448 ], [ 26.138652, 63.457592 ], [ 25.995836, 63.430034 ], [ 25.901182, 63.438992 ], [ 25.810733, 63.492901 ], [ 25.76827, 63.507207 ], [ 25.701237, 63.519417 ], [ 25.486369, 63.532217 ], [ 25.251786, 63.610941 ], [ 25.143557, 63.574701 ], [ 25.112802, 63.503486 ], [ 25.088577, 63.474791 ], [ 25.036323, 63.458078 ] ], [ [ 27.225619, 64.713118 ], [ 27.22918, 64.698146 ], [ 27.244784, 64.711438 ], [ 27.231753, 64.716869 ], [ 27.225619, 64.713118 ] ], [ [ 27.022951, 64.314618 ], [ 27.038247, 64.300913 ], [ 27.052712, 64.299365 ], [ 27.05837, 64.313885 ], [ 27.039999, 64.320278 ], [ 27.022951, 64.314618 ] ] ], [ [ [ 28.413467, 66.005904 ], [ 28.428352, 66.014329 ], [ 28.432928, 66.002647 ], [ 28.421601, 65.996799 ], [ 28.413467, 66.005904 ] ] ], [ [ [ 26.809363, 64.276977 ], [ 26.847891, 64.269365 ], [ 26.84958, 64.265176 ], [ 26.824787, 64.257789 ], [ 26.809363, 64.276977 ] ] ], [ [ [ 25.237623, 65.307937 ], [ 25.243167, 65.296358 ], [ 25.229325, 65.297313 ], [ 25.222525, 65.306256 ], [ 25.237623, 65.307937 ] ] ], [ [ [ 25.240584, 65.08895 ], [ 25.231555, 65.083733 ], [ 25.19184, 65.098107 ], [ 25.202253, 65.108428 ], [ 25.235049, 65.10443 ], [ 25.240584, 65.08895 ] ] ], [ [ [ 25.21567, 65.264346 ], [ 25.206875, 65.254388 ], [ 25.199407, 65.256685 ], [ 25.202526, 65.284558 ], [ 25.214612, 65.27867 ], [ 25.21567, 65.264346 ] ] ], [ [ [ 25.181474, 65.109222 ], [ 25.13858, 65.101565 ], [ 25.143351, 65.111464 ], [ 25.18112, 65.115411 ], [ 25.181474, 65.109222 ] ] ], [ [ [ 25.140582, 65.130525 ], [ 25.125551, 65.129651 ], [ 25.120111, 65.137065 ], [ 25.137544, 65.143559 ], [ 25.140582, 65.130525 ] ] ], [ [ [ 25.11743, 65.130198 ], [ 25.110113, 65.121358 ], [ 25.093844, 65.129899 ], [ 25.103407, 65.136669 ], [ 25.11743, 65.130198 ] ] ], [ [ [ 24.882395, 65.069043 ], [ 24.886208, 65.059784 ], [ 25.027932, 65.05769 ], [ 25.05877, 65.04607 ], [ 25.010615, 65.030515 ], [ 24.91924, 65.033889 ], [ 24.904201, 65.045812 ], [ 24.835348, 65.054809 ], [ 24.818703, 65.039548 ], [ 24.820639, 65.033406 ], [ 24.84334, 65.030868 ], [ 24.843357, 65.023496 ], [ 24.862152, 65.019235 ], [ 24.880008, 64.999417 ], [ 24.868739, 64.984679 ], [ 24.877129, 64.968171 ], [ 24.769939, 64.935353 ], [ 24.758648, 64.939432 ], [ 24.765637, 64.945771 ], [ 24.7587, 64.953656 ], [ 24.738846, 64.960211 ], [ 24.73286, 64.977618 ], [ 24.714226, 64.975676 ], [ 24.713143, 64.967129 ], [ 24.695571, 64.960124 ], [ 24.655992, 64.95973 ], [ 24.62688, 64.970165 ], [ 24.616363, 64.986905 ], [ 24.577552, 65.003481 ], [ 24.558611, 65.038351 ], [ 24.647409, 65.081558 ], [ 24.760918, 65.08393 ], [ 24.831731, 65.094512 ], [ 24.886887, 65.081558 ], [ 24.898701, 65.070516 ], [ 24.882395, 65.069043 ] ] ], [ [ [ 25.000806, 65.421937 ], [ 25.02417, 65.40487 ], [ 24.990322, 65.410755 ], [ 25.000806, 65.421937 ] ] ], [ [ [ 24.843779, 65.375796 ], [ 24.815657, 65.380263 ], [ 24.815782, 65.389213 ], [ 24.850277, 65.388562 ], [ 24.843779, 65.375796 ] ] ], [ [ [ 24.41087, 64.677206 ], [ 24.397114, 64.668702 ], [ 24.390418, 64.676505 ], [ 24.408844, 64.683779 ], [ 24.41087, 64.677206 ] ] ], [ [ [ 23.642747, 64.208955 ], [ 23.660905, 64.184627 ], [ 23.601209, 64.190218 ], [ 23.642747, 64.208955 ] ] ], [ [ [ 23.639511, 64.15868 ], [ 23.642479, 64.144981 ], [ 23.628316, 64.149128 ], [ 23.622271, 64.160176 ], [ 23.639511, 64.15868 ] ] ], [ [ [ 23.550822, 64.082137 ], [ 23.546123, 64.077005 ], [ 23.527948, 64.08857 ], [ 23.54441, 64.089432 ], [ 23.550822, 64.082137 ] ] ] ] } },
{ "type": "Feature", "properties": { "loc": "FI194" }, "geometry": { "type": "MultiPolygon", "coordinates": [ [ [ [ 21.647835, 62.019592 ], [ 21.63514, 62.03794 ], [ 21.645127, 62.063862 ], [ 21.630959, 62.096889 ], [ 21.644228, 62.14022 ], [ 21.692732, 62.148067 ], [ 21.697985, 62.164731 ], [ 21.681924, 62.192483 ], [ 21.74995, 62.232423 ], [ 21.732671, 62.255031 ], [ 21.678087, 62.268903 ], [ 21.677516, 62.353319 ], [ 21.640825, 62.364816 ], [ 21.56772, 62.360851 ], [ 21.540204, 62.379101 ], [ 21.551017, 62.449972 ], [ 21.60631, 62.543558 ], [ 21.597353, 62.571954 ], [ 21.59958, 62.602374 ], [ 21.709065, 62.658958 ], [ 21.737659, 62.682696 ], [ 21.778573, 62.694058 ], [ 21.748792, 62.724313 ], [ 21.732103, 62.761881 ], [ 21.734814, 62.821314 ], [ 21.770735, 62.854858 ], [ 21.823562, 62.845247 ], [ 21.849405, 62.81813 ], [ 21.924102, 62.792764 ], [ 22.050626, 62.765994 ], [ 22.198003, 62.755594 ], [ 22.299779, 62.795866 ], [ 22.350251, 62.838699 ], [ 22.399598, 62.863341 ], [ 22.396527, 62.903745 ], [ 22.4245, 62.953255 ], [ 22.462791, 62.981902 ], [ 22.475831, 63.009849 ], [ 22.503497, 63.032446 ], [ 22.548389, 63.051776 ], [ 22.544276, 63.067048 ], [ 22.614385, 63.080836 ], [ 22.616812, 63.093317 ], [ 22.641406, 63.108565 ], [ 22.643611, 63.146392 ], [ 22.618733, 63.178888 ], [ 22.593523, 63.188508 ], [ 22.617398, 63.218374 ], [ 22.563434, 63.258733 ], [ 22.589826, 63.279247 ], [ 22.658392, 63.296659 ], [ 22.663866, 63.320075 ], [ 22.736251, 63.338928 ], [ 22.747182, 63.355583 ], [ 22.859429, 63.347242 ], [ 22.882265, 63.357573 ], [ 22.96832, 63.336056 ], [ 22.977248, 63.369496 ], [ 23.010857, 63.378021 ], [ 23.035388, 63.364756 ], [ 23.075961, 63.366262 ], [ 23.119064, 63.352449 ], [ 23.205225, 63.399617 ], [ 23.266902, 63.466975 ], [ 23.383705, 63.494351 ], [ 23.53543, 63.466565 ], [ 23.624361, 63.402355 ], [ 23.69699, 63.380327 ], [ 23.776434, 63.310747 ], [ 23.855201, 63.278903 ], [ 24.009115, 63.269293 ], [ 24.093858, 63.24581 ], [ 24.171, 63.211609 ], [ 24.228005, 63.174726 ], [ 24.205386, 63.155611 ], [ 24.245835, 63.132861 ], [ 24.304478, 63.138837 ], [ 24.359008, 63.116434 ], [ 24.320796, 63.073752 ], [ 24.285019, 63.0604 ], [ 24.280061, 63.042138 ], [ 24.300341, 63.02147 ], [ 24.306691, 62.988317 ], [ 24.340758, 62.968382 ], [ 24.351874, 62.923363 ], [ 24.425858, 62.906598 ], [ 24.440956, 62.890287 ], [ 24.429136, 62.871289 ], [ 24.363523, 62.86646 ], [ 24.351675, 62.854091 ], [ 24.440041, 62.784696 ], [ 24.51997, 62.690154 ], [ 24.565863, 62.664712 ], [ 24.518873, 62.628686 ], [ 24.562313, 62.612917 ], [ 24.560515, 62.58696 ], [ 24.543224, 62.574113 ], [ 24.530699, 62.541563 ], [ 24.491382, 62.497696 ], [ 24.431584, 62.479873 ], [ 24.398047, 62.496974 ], [ 24.346623, 62.493011 ], [ 24.331122, 62.48288 ], [ 24.328756, 62.459751 ], [ 24.313913, 62.452518 ], [ 24.199178, 62.476753 ], [ 24.012998, 62.36333 ], [ 23.989876, 62.377878 ], [ 23.922179, 62.395529 ], [ 23.909629, 62.414239 ], [ 23.904124, 62.43643 ], [ 23.909439, 62.46105 ], [ 23.898101, 62.481818 ], [ 23.871709, 62.48377 ], [ 23.865474, 62.46264 ], [ 23.84628, 62.460379 ], [ 23.83218, 62.491485 ], [ 23.809547, 62.479148 ], [ 23.807334, 62.457605 ], [ 23.787962, 62.46251 ], [ 23.756499, 62.45339 ], [ 23.663918, 62.410347 ], [ 23.509156, 62.412842 ], [ 23.511277, 62.372213 ], [ 23.476482, 62.38086 ], [ 23.41825, 62.380176 ], [ 23.326005, 62.421482 ], [ 23.275162, 62.406297 ], [ 23.253087, 62.377552 ], [ 23.264013, 62.361437 ], [ 23.22404, 62.351958 ], [ 23.20217, 62.331222 ], [ 22.901185, 62.270036 ], [ 22.743618, 62.274073 ], [ 22.59412, 62.309245 ], [ 22.52766, 62.214153 ], [ 22.449535, 62.197145 ], [ 22.322989, 62.105812 ], [ 22.192601, 62.098508 ], [ 22.109386, 62.032648 ], [ 21.979997, 61.981868 ], [ 21.749731, 62.015815 ], [ 21.647835, 62.019592 ] ], [ [ 24.255228, 63.03543 ], [ 24.263688, 63.021484 ], [ 24.273979, 63.024087 ], [ 24.274985, 63.034016 ], [ 24.255228, 63.03543 ] ], [ [ 24.214754, 63.030341 ], [ 24.217982, 63.021438 ], [ 24.252251, 63.022256 ], [ 24.247461, 63.032961 ], [ 24.214754, 63.030341 ] ], [ [ 24.185253, 63.162823 ], [ 24.176504, 63.148434 ], [ 24.196054, 63.155299 ], [ 24.185253, 63.162823 ] ] ], [ [ [ 21.519406, 62.44388 ], [ 21.530895, 62.455986 ], [ 21.543337, 62.447745 ], [ 21.535703, 62.441588 ], [ 21.519406, 62.44388 ] ] ] ] } },
{ "type": "Feature", "properties": { "loc": "FI1C2" }, "geometry": { "type": "Polygon", "coordinates": [ [ [ 25.110966, 60.818584 ], [ 25.110527, 60.80677 ], [ 25.149127, 60.774382 ], [ 25.093063, 60.76003 ], [ 25.064062, 60.725122 ], [ 25.07709, 60.720933 ], [ 25.127727, 60.739654 ], [ 25.157417, 60.723883 ], [ 25.095912, 60.697992 ], [ 25.099984, 60.666134 ], [ 25.027285, 60.683695 ], [ 24.904374, 60.662879 ], [ 24.845233, 60.660186 ], [ 24.807455, 60.668969 ], [ 24.731243, 60.649224 ], [ 24.614181, 60.663575 ], [ 24.568678, 60.634182 ], [ 24.568192, 60.582923 ], [ 24.549383, 60.565293 ], [ 24.447901, 60.554812 ], [ 24.41059, 60.570212 ], [ 24.397074, 60.595574 ], [ 24.360701, 60.607481 ], [ 24.306276, 60.587566 ], [ 24.286596, 60.569701 ], [ 24.248171, 60.590995 ], [ 24.221707, 60.61925 ], [ 24.089301, 60.628992 ], [ 24.0376, 60.643289 ], [ 23.96606, 60.639137 ], [ 23.900493, 60.649758 ], [ 23.690361, 60.659308 ], [ 23.670221, 60.684173 ], [ 23.546694, 60.704248 ], [ 23.48173, 60.746714 ], [ 23.440612, 60.745135 ], [ 23.335744, 60.720526 ], [ 23.259905, 60.724172 ], [ 23.167965, 60.77125 ], [ 23.208926, 60.825605 ], [ 23.150999, 60.84056 ], [ 23.140471, 60.875498 ], [ 23.168811, 60.891328 ], [ 23.252565, 60.891617 ], [ 23.260655, 60.913428 ], [ 23.286917, 60.927948 ], [ 23.283589, 60.953458 ], [ 23.195351, 61.001223 ], [ 23.260959, 61.007128 ], [ 23.273629, 61.018569 ], [ 23.360024, 61.013213 ], [ 23.416133, 60.969241 ], [ 23.457861, 60.969656 ], [ 23.473211, 60.988185 ], [ 23.572826, 60.999273 ], [ 23.587624, 60.986692 ], [ 23.629104, 61.002938 ], [ 23.716758, 61.006661 ], [ 23.743493, 60.993649 ], [ 23.794532, 60.985772 ], [ 23.844969, 60.94558 ], [ 23.859028, 60.962678 ], [ 23.831256, 60.998746 ], [ 23.868794, 61.025625 ], [ 23.858155, 61.033368 ], [ 23.806394, 61.031724 ], [ 23.796131, 61.048668 ], [ 23.775455, 61.058964 ], [ 23.798767, 61.075616 ], [ 23.859157, 61.077724 ], [ 24.042329, 61.122544 ], [ 24.131813, 61.124725 ], [ 24.148066, 61.142806 ], [ 24.233267, 61.152771 ], [ 24.289186, 61.188734 ], [ 24.264341, 61.21596 ], [ 24.280844, 61.235225 ], [ 24.397213, 61.249841 ], [ 24.553513, 61.297508 ], [ 24.698653, 61.277376 ], [ 24.73478, 61.303207 ], [ 24.768149, 61.275602 ], [ 24.790352, 61.271398 ], [ 24.875044, 61.286031 ], [ 24.913934, 61.324883 ], [ 24.929288, 61.292663 ], [ 24.973942, 61.28095 ], [ 25.007161, 61.281745 ], [ 25.037642, 61.251451 ], [ 25.105069, 61.253687 ], [ 25.189949, 61.240113 ], [ 25.25528, 61.184385 ], [ 25.256917, 61.162029 ], [ 25.244381, 61.142285 ], [ 25.2449, 61.124669 ], [ 25.19656, 61.079651 ], [ 25.063973, 61.050393 ], [ 25.035716, 61.031018 ], [ 25.040525, 61.014055 ], [ 25.031721, 60.999076 ], [ 25.05261, 60.98394 ], [ 25.026867, 60.959045 ], [ 25.013732, 60.932001 ], [ 25.09239, 60.913701 ], [ 25.104169, 60.87188 ], [ 25.082461, 60.84053 ], [ 25.092863, 60.825338 ], [ 25.110966, 60.818584 ] ] ] } },
{ "type": "Feature", "properties": { "loc": "FI1C3" }, "geometry": { "type": "MultiPolygon", "coordinates": [ [ [ [ 24.929288, 61.292663 ], [ 24.893403, 61.356468 ], [ 24.89785, 61.394493 ], [ 24.909253, 61.41534 ], [ 24.86339, 61.450305 ], [ 24.858361, 61.471153 ], [ 24.970472, 61.450705 ], [ 25.071092, 61.46538 ], [ 25.079533, 61.474602 ], [ 25.148381, 61.461439 ], [ 25.186741, 61.477623 ], [ 25.252861, 61.473367 ], [ 25.434062, 61.487678 ], [ 25.504116, 61.629112 ], [ 25.504589, 61.67547 ], [ 25.603344, 61.680153 ], [ 25.681263, 61.715699 ], [ 25.735942, 61.707175 ], [ 25.751526, 61.692003 ], [ 25.77112, 61.690172 ], [ 25.849093, 61.779051 ], [ 25.85572, 61.797924 ], [ 25.875234, 61.791462 ], [ 25.86935, 61.764453 ], [ 25.900156, 61.766191 ], [ 25.929256, 61.779848 ], [ 25.976792, 61.760011 ], [ 26.00985, 61.726268 ], [ 26.059136, 61.729373 ], [ 26.078961, 61.702862 ], [ 26.079144, 61.668159 ], [ 26.142443, 61.6219 ], [ 26.162631, 61.621769 ], [ 26.19647, 61.646221 ], [ 26.253463, 61.642729 ], [ 26.287173, 61.651513 ], [ 26.305435, 61.643823 ], [ 26.31478, 61.577964 ], [ 26.281388, 61.574831 ], [ 26.292566, 61.532335 ], [ 26.275434, 61.520415 ], [ 26.274669, 61.508332 ], [ 26.258309, 61.50701 ], [ 26.287898, 61.466671 ], [ 26.251331, 61.444066 ], [ 26.26658, 61.426092 ], [ 26.311838, 61.400173 ], [ 26.292168, 61.372127 ], [ 26.357638, 61.341808 ], [ 26.413802, 61.324228 ], [ 26.453881, 61.326245 ], [ 26.459964, 61.347436 ], [ 26.495769, 61.340094 ], [ 26.492585, 61.311766 ], [ 26.51366, 61.274324 ], [ 26.431116, 61.252591 ], [ 26.425171, 61.235154 ], [ 26.375775, 61.186138 ], [ 26.283319, 61.164092 ], [ 26.227208, 61.133322 ], [ 26.162932, 61.136963 ], [ 26.130834, 61.148577 ], [ 26.053368, 61.111372 ], [ 26.057191, 61.093294 ], [ 26.099973, 61.073914 ], [ 26.12585, 61.023938 ], [ 26.106261, 60.983684 ], [ 26.05224, 60.976091 ], [ 26.057881, 60.947304 ], [ 26.074622, 60.935874 ], [ 26.15416, 60.922893 ], [ 26.086613, 60.839813 ], [ 26.187508, 60.806371 ], [ 26.216744, 60.732336 ], [ 26.208362, 60.71877 ], [ 26.120682, 60.688969 ], [ 26.02614, 60.714947 ], [ 25.938862, 60.708497 ], [ 25.897171, 60.734329 ], [ 25.814862, 60.713255 ], [ 25.719281, 60.714797 ], [ 25.674516, 60.693037 ], [ 25.603344, 60.676069 ], [ 25.523862, 60.703065 ], [ 25.512416, 60.748716 ], [ 25.469638, 60.793049 ], [ 25.434894, 60.793905 ], [ 25.38078, 60.755133 ], [ 25.300756, 60.754383 ], [ 25.280663, 60.777542 ], [ 25.22406, 60.803718 ], [ 25.206248, 60.839322 ], [ 25.17724, 60.820124 ], [ 25.110966, 60.818584 ], [ 25.092863, 60.825338 ], [ 25.082461, 60.84053 ], [ 25.104169, 60.87188 ], [ 25.09239, 60.913701 ], [ 25.013732, 60.932001 ], [ 25.026867, 60.959045 ], [ 25.05261, 60.98394 ], [ 25.031721, 60.999076 ], [ 25.040525, 61.014055 ], [ 25.035716, 61.031018 ], [ 25.063973, 61.050393 ], [ 25.19656, 61.079651 ], [ 25.2449, 61.124669 ], [ 25.244381, 61.142285 ], [ 25.256917, 61.162029 ], [ 25.25528, 61.184385 ], [ 25.189949, 61.240113 ], [ 25.105069, 61.253687 ], [ 25.037642, 61.251451 ], [ 25.007161, 61.281745 ], [ 24.973942, 61.28095 ], [ 24.929288, 61.292663 ] ], [ [ 26.02962, 61.691253 ], [ 25.9957, 61.690296 ], [ 25.992104, 61.671123 ], [ 26.001874, 61.671014 ], [ 26.008695, 61.685516 ], [ 26.025664, 61.684025 ], [ 26.02962, 61.691253 ] ], [ [ 25.991753, 61.085959 ], [ 26.009249, 61.071168 ], [ 26.023375, 61.088873 ], [ 26.02058, 61.093214 ], [ 25.991753, 61.085959 ] ] ], [ [ [ 26.345064, 61.505211 ], [ 26.336095, 61.499184 ], [ 26.305406, 61.506603 ], [ 26.312329, 61.521457 ], [ 26.345064, 61.505211 ] ] ] ] } },
{ "type": "Feature", "properties": { "loc": "FI1C1" }, "geometry": { "type": "MultiPolygon", "coordinates": [ [ [ [ 21.41993, 61.047443 ], [ 21.434946, 61.025176 ], [ 21.488475, 61.001362 ], [ 21.596574, 61.011243 ], [ 21.597987, 61.029425 ], [ 21.618893, 61.045795 ], [ 21.670997, 60.998075 ], [ 21.73348, 61.002078 ], [ 21.757749, 61.012257 ], [ 21.765795, 61.028713 ], [ 21.807164, 61.032065 ], [ 21.815464, 61.018624 ], [ 21.877619, 60.986065 ], [ 21.941943, 60.973547 ], [ 21.951792, 60.945558 ], [ 21.999995, 60.903129 ], [ 22.114475, 60.901775 ], [ 22.160748, 60.88198 ], [ 22.248543, 60.921422 ], [ 22.320071, 60.918889 ], [ 22.493821, 60.947163 ], [ 22.541566, 60.94794 ], [ 22.541445, 60.97473 ], [ 22.570323, 60.98598 ], [ 22.708457, 60.984611 ], [ 22.802654, 60.997079 ], [ 22.82024, 61.015079 ], [ 22.825144, 61.082913 ], [ 22.832289, 61.092083 ], [ 22.863696, 61.082914 ], [ 22.898278, 61.057981 ], [ 22.968489, 61.043258 ], [ 23.016266, 61.022405 ], [ 23.05534, 61.030996 ], [ 23.148061, 61.031414 ], [ 23.165033, 61.005451 ], [ 23.195351, 61.001223 ], [ 23.283589, 60.953458 ], [ 23.286917, 60.927948 ], [ 23.260655, 60.913428 ], [ 23.252565, 60.891617 ], [ 23.168811, 60.891328 ], [ 23.140471, 60.875498 ], [ 23.150999, 60.84056 ], [ 23.208926, 60.825605 ], [ 23.167965, 60.77125 ], [ 23.259905, 60.724172 ], [ 23.335744, 60.720526 ], [ 23.440612, 60.745135 ], [ 23.48173, 60.746714 ], [ 23.546694, 60.704248 ], [ 23.670221, 60.684173 ], [ 23.690361, 60.659308 ], [ 23.900493, 60.649758 ], [ 23.877906, 60.620653 ], [ 23.907627, 60.595574 ], [ 23.886841, 60.567143 ], [ 23.859612, 60.549133 ], [ 23.853647, 60.503297 ], [ 23.825433, 60.4932 ], [ 23.744946, 60.487832 ], [ 23.71454, 60.467816 ], [ 23.719136, 60.454323 ], [ 23.781039, 60.440275 ], [ 23.786233, 60.40254 ], [ 23.733666, 60.365632 ], [ 23.718475, 60.309856 ], [ 23.658963, 60.29298 ], [ 23.616064, 60.261971 ], [ 23.633593, 60.229792 ], [ 23.634913, 60.204845 ], [ 23.593853, 60.195674 ], [ 23.540221, 60.197217 ], [ 23.470387, 60.174335 ], [ 23.362025, 60.156255 ], [ 23.302409, 60.184037 ], [ 23.265675, 60.153217 ], [ 23.20123, 60.131382 ], [ 23.151152, 60.103597 ], [ 23.062295, 60.092234 ], [ 23.029599, 60.100841 ], [ 23.019463, 60.119683 ], [ 22.977374, 60.122209 ], [ 22.918613, 60.14407 ], [ 22.882624, 60.179429 ], [ 22.885883, 60.201686 ], [ 22.901435, 60.223334 ], [ 22.993331, 60.291827 ], [ 22.997831, 60.318779 ], [ 22.972336, 60.325374 ], [ 22.890334, 60.305704 ], [ 22.833176, 60.263697 ], [ 22.800136, 60.262705 ], [ 22.78139, 60.251659 ], [ 22.842345, 60.24677 ], [ 22.923268, 60.30222 ], [ 22.950843, 60.30772 ], [ 22.963904, 60.298698 ], [ 22.944737, 60.272733 ], [ 22.862628, 60.206526 ], [ 22.849656, 60.175542 ], [ 22.859148, 60.139977 ], [ 22.852819, 60.118707 ], [ 22.785552, 60.069862 ], [ 22.763251, 60.0259 ], [ 22.725583, 60.007079 ], [ 22.656456, 60.004058 ], [ 22.575305, 60.026037 ], [ 22.500224, 60.01031 ], [ 22.394286, 60.02499 ], [ 22.378383, 60.052109 ], [ 22.387073, 60.081603 ], [ 22.418934, 60.096414 ], [ 22.466099, 60.096457 ], [ 22.454888, 60.148997 ], [ 22.436137, 60.170586 ], [ 22.438995, 60.190285 ], [ 22.479115, 60.227727 ], [ 22.514181, 60.214587 ], [ 22.540251, 60.229728 ], [ 22.546142, 60.254625 ], [ 22.53829, 60.256299 ], [ 22.523754, 60.24127 ], [ 22.525639, 60.256896 ], [ 22.497075, 60.263711 ], [ 22.488803, 60.279754 ], [ 22.588853, 60.359726 ], [ 22.597535, 60.380357 ], [ 22.53805, 60.377643 ], [ 22.503192, 60.363912 ], [ 22.480161, 60.323704 ], [ 22.395582, 60.243594 ], [ 22.332348, 60.241401 ], [ 22.282289, 60.211255 ], [ 22.223223, 60.198945 ], [ 22.137876, 60.249108 ], [ 22.183296, 60.263195 ], [ 22.191749, 60.274627 ], [ 22.124981, 60.27881 ], [ 22.111671, 60.288312 ], [ 22.112404, 60.305003 ], [ 22.141507, 60.323989 ], [ 22.29695, 60.333995 ], [ 22.317373, 60.359489 ], [ 22.315038, 60.372642 ], [ 22.294689, 60.384112 ], [ 22.281178, 60.365363 ], [ 22.26064, 60.355544 ], [ 22.198436, 60.347181 ], [ 22.154151, 60.353839 ], [ 22.136041, 60.367522 ], [ 22.152052, 60.393365 ], [ 22.129856, 60.418473 ], [ 22.123248, 60.447694 ], [ 22.070394, 60.451623 ], [ 22.032913, 60.433471 ], [ 21.96879, 60.440475 ], [ 21.946261, 60.452113 ], [ 21.939487, 60.46922 ], [ 21.99778, 60.469821 ], [ 22.010589, 60.484585 ], [ 21.954644, 60.525049 ], [ 21.928424, 60.524005 ], [ 21.898458, 60.542187 ], [ 21.879742, 60.529984 ], [ 21.898908, 60.476956 ], [ 22.020589, 60.362524 ], [ 21.991661, 60.347116 ], [ 21.965198, 60.343172 ], [ 22.017713, 60.321599 ], [ 21.96879, 60.284644 ], [ 21.90007, 60.289509 ], [ 21.89499, 60.300004 ], [ 21.916534, 60.32068 ], [ 21.915309, 60.335985 ], [ 21.844239, 60.362958 ], [ 21.815065, 60.390399 ], [ 21.829888, 60.424396 ], [ 21.806646, 60.438826 ], [ 21.810405, 60.467578 ], [ 21.823296, 60.48619 ], [ 21.802825, 60.508383 ], [ 21.83004, 60.626085 ], [ 21.805187, 60.623588 ], [ 21.753365, 60.599128 ], [ 21.736836, 60.56627 ], [ 21.697942, 60.581547 ], [ 21.649728, 60.519595 ], [ 21.582597, 60.498585 ], [ 21.56349, 60.516424 ], [ 21.559797, 60.547577 ], [ 21.540058, 60.547191 ], [ 21.519743, 60.579167 ], [ 21.489314, 60.57618 ], [ 21.447453, 60.595974 ], [ 21.42337, 60.623661 ], [ 21.427194, 60.6455 ], [ 21.354565, 60.692392 ], [ 21.391227, 60.776542 ], [ 21.38306, 60.813342 ], [ 21.292068, 60.822916 ], [ 21.254731, 60.815317 ], [ 21.200414, 60.857622 ], [ 21.193602, 60.880297 ], [ 21.220447, 60.894313 ], [ 21.232251, 60.912609 ], [ 21.28228, 60.920812 ], [ 21.30166, 60.932137 ], [ 21.304768, 60.954947 ], [ 21.264016, 60.981043 ], [ 21.285928, 60.997629 ], [ 21.373785, 60.955994 ], [ 21.399159, 60.929688 ], [ 21.43179, 60.923449 ], [ 21.423419, 60.957256 ], [ 21.358358, 61.010615 ], [ 21.310227, 61.076328 ], [ 21.334634, 61.080616 ], [ 21.41993, 61.047443 ] ] ], [ [ [ 23.007839, 60.104201 ], [ 23.0007, 60.098359 ], [ 22.989286, 60.100844 ], [ 22.991834, 60.110764 ], [ 23.004893, 60.111858 ], [ 23.007839, 60.104201 ] ] ], [ [ [ 22.930715, 60.009737 ], [ 22.911099, 60.009737 ], [ 22.932228, 60.042514 ], [ 22.953513, 60.049955 ], [ 22.968296, 60.042491 ], [ 22.969381, 60.034296 ], [ 22.930715, 60.009737 ] ] ], [ [ [ 22.966716, 60.093992 ], [ 22.956097, 60.086118 ], [ 22.923268, 60.088572 ], [ 22.867579, 60.072932 ], [ 22.841431, 60.079471 ], [ 22.841431, 60.085051 ], [ 22.863913, 60.086642 ], [ 22.876781, 60.109058 ], [ 22.895042, 60.120088 ], [ 22.926174, 60.124266 ], [ 22.958193, 60.11993 ], [ 22.966716, 60.093992 ] ] ], [ [ [ 22.923843, 60.068865 ], [ 22.91233, 60.062534 ], [ 22.919486, 60.050097 ], [ 22.914794, 60.04169 ], [ 22.887612, 60.033399 ], [ 22.895036, 60.026351 ], [ 22.879265, 60.018148 ], [ 22.883791, 60.00784 ], [ 22.859199, 60.005993 ], [ 22.854084, 60.013193 ], [ 22.860369, 60.031909 ], [ 22.852158, 60.03745 ], [ 22.857851, 60.045318 ], [ 22.881028, 60.035634 ], [ 22.888433, 60.041464 ], [ 22.885151, 60.051051 ], [ 22.849352, 60.055776 ], [ 22.885786, 60.068022 ], [ 22.923843, 60.068865 ] ] ], [ [ [ 22.837119, 60.047533 ], [ 22.833507, 60.033905 ], [ 22.82227, 60.039803 ], [ 22.837119, 60.047533 ] ] ], [ [ [ 22.825704, 60.069949 ], [ 22.813046, 60.060005 ], [ 22.79881, 60.067654 ], [ 22.813532, 60.074418 ], [ 22.825704, 60.069949 ] ] ], [ [ [ 22.821162, 60.038975 ], [ 22.817252, 60.030747 ], [ 22.80521, 60.034614 ], [ 22.800655, 60.050295 ], [ 22.812978, 60.050222 ], [ 22.821162, 60.038975 ] ] ], [ [ [ 22.712541, 59.950368 ], [ 22.717485, 59.935197 ], [ 22.702725, 59.935807 ], [ 22.698191, 59.943568 ], [ 22.712541, 59.950368 ] ] ], [ [ [ 22.626569, 59.961647 ], [ 22.654583, 59.951472 ], [ 22.655374, 59.942093 ], [ 22.613583, 59.937031 ], [ 22.602439, 59.942505 ], [ 22.606204, 59.952634 ], [ 22.590561, 59.958873 ], [ 22.606218, 59.965463 ], [ 22.601404, 59.981658 ], [ 22.612253, 59.990552 ], [ 22.639344, 59.976076 ], [ 22.646749, 59.963538 ], [ 22.626569, 59.961647 ] ] ], [ [ [ 22.608778, 59.908317 ], [ 22.606614, 59.89987 ], [ 22.588455, 59.900695 ], [ 22.583613, 59.909113 ], [ 22.608778, 59.908317 ] ] ], [ [ [ 22.556197, 59.988956 ], [ 22.557467, 59.968482 ], [ 22.581187, 59.947356 ], [ 22.561324, 59.943064 ], [ 22.554776, 59.947101 ], [ 22.559946, 59.95623 ], [ 22.528959, 59.947683 ], [ 22.502775, 59.964019 ], [ 22.504288, 59.9833 ], [ 22.556197, 59.988956 ] ] ], [ [ [ 22.579345, 59.974933 ], [ 22.572801, 59.966525 ], [ 22.560574, 59.975243 ], [ 22.571869, 59.985886 ], [ 22.579345, 59.974933 ] ] ], [ [ [ 22.554624, 59.879258 ], [ 22.536158, 59.87895 ], [ 22.531072, 59.886445 ], [ 22.549223, 59.890382 ], [ 22.554624, 59.879258 ] ] ], [ [ [ 22.551673, 59.896877 ], [ 22.538832, 59.89436 ], [ 22.53448, 59.907848 ], [ 22.549875, 59.908434 ], [ 22.551673, 59.896877 ] ] ], [ [ [ 22.494393, 59.860006 ], [ 22.420097, 59.855334 ], [ 22.425613, 59.86341 ], [ 22.472226, 59.877456 ], [ 22.479695, 59.887218 ], [ 22.521143, 59.899369 ], [ 22.503581, 59.882771 ], [ 22.506241, 59.868834 ], [ 22.494393, 59.860006 ] ] ], [ [ [ 22.515275, 59.928178 ], [ 22.49838, 59.924605 ], [ 22.501127, 59.935014 ], [ 22.49137, 59.938251 ], [ 22.498604, 59.955095 ], [ 22.518599, 59.939765 ], [ 22.515275, 59.928178 ] ] ], [ [ [ 22.473738, 59.921866 ], [ 22.450457, 59.923153 ], [ 22.460043, 59.930024 ], [ 22.44905, 59.949989 ], [ 22.454305, 59.956434 ], [ 22.47306, 59.934837 ], [ 22.473738, 59.921866 ] ] ], [ [ [ 22.423438, 59.982522 ], [ 22.434947, 59.974096 ], [ 22.44712, 59.999647 ], [ 22.459177, 59.992033 ], [ 22.464237, 59.971321 ], [ 22.433076, 59.958692 ], [ 22.42438, 59.927666 ], [ 22.406311, 59.921077 ], [ 22.393934, 59.947831 ], [ 22.414776, 59.961375 ], [ 22.419728, 59.978838 ], [ 22.407623, 59.978877 ], [ 22.419659, 60.000869 ], [ 22.432444, 59.99049 ], [ 22.423438, 59.982522 ] ] ], [ [ [ 22.434039, 59.83898 ], [ 22.427748, 59.828302 ], [ 22.410588, 59.839477 ], [ 22.413404, 59.844091 ], [ 22.434039, 59.83898 ] ] ], [ [ [ 22.431007, 59.891403 ], [ 22.409489, 59.887341 ], [ 22.40602, 59.892669 ], [ 22.421765, 59.901252 ], [ 22.431007, 59.891403 ] ] ], [ [ [ 22.421466, 60.140866 ], [ 22.425851, 60.129469 ], [ 22.407265, 60.130705 ], [ 22.385926, 60.110513 ], [ 22.37489, 60.121807 ], [ 22.392527, 60.125915 ], [ 22.390248, 60.136773 ], [ 22.421466, 60.140866 ] ] ], [ [ [ 22.407302, 59.852917 ], [ 22.397798, 59.842566 ], [ 22.375466, 59.846893 ], [ 22.388408, 59.860133 ], [ 22.407302, 59.852917 ] ] ], [ [ [ 22.396306, 59.824504 ], [ 22.404764, 59.809753 ], [ 22.378109, 59.818069 ], [ 22.396306, 59.824504 ] ] ], [ [ [ 22.399619, 59.970817 ], [ 22.390918, 59.966361 ], [ 22.38024, 59.978221 ], [ 22.385507, 59.987167 ], [ 22.399619, 59.970817 ] ] ], [ [ [ 22.38228, 59.918787 ], [ 22.399526, 59.912004 ], [ 22.358709, 59.9085 ], [ 22.33258, 59.950976 ], [ 22.350083, 59.990261 ], [ 22.367644, 59.996939 ], [ 22.371758, 59.991962 ], [ 22.356884, 59.969906 ], [ 22.369134, 59.951072 ], [ 22.363579, 59.941908 ], [ 22.38228, 59.918787 ] ] ], [ [ [ 22.396262, 59.893513 ], [ 22.377154, 59.892434 ], [ 22.370644, 59.896385 ], [ 22.398002, 59.90106 ], [ 22.396262, 59.893513 ] ] ], [ [ [ 22.37722, 60.193317 ], [ 22.38158, 60.186507 ], [ 22.364359, 60.169751 ], [ 22.338578, 60.166985 ], [ 22.338416, 60.150552 ], [ 22.317731, 60.12772 ], [ 22.301007, 60.132138 ], [ 22.302258, 60.153089 ], [ 22.288575, 60.165874 ], [ 22.296246, 60.182685 ], [ 22.311637, 60.19293 ], [ 22.390734, 60.208748 ], [ 22.37722, 60.193317 ] ] ], [ [ [ 22.337913, 60.208662 ], [ 22.306754, 60.209619 ], [ 22.326806, 60.225735 ], [ 22.367349, 60.227201 ], [ 22.337913, 60.208662 ] ] ], [ [ [ 22.363274, 60.025526 ], [ 22.353026, 60.01227 ], [ 22.346094, 60.019502 ], [ 22.34978, 60.032269 ], [ 22.363274, 60.025526 ] ] ], [ [ [ 22.330905, 59.865909 ], [ 22.337728, 59.853813 ], [ 22.31309, 59.86055 ], [ 22.330905, 59.865909 ] ] ], [ [ [ 22.335601, 59.806121 ], [ 22.319218, 59.801414 ], [ 22.311827, 59.805109 ], [ 22.320009, 59.82008 ], [ 22.335601, 59.806121 ] ] ], [ [ [ 22.278843, 60.138103 ], [ 22.257354, 60.130564 ], [ 22.220651, 60.137548 ], [ 22.249544, 60.144089 ], [ 22.251949, 60.156215 ], [ 22.274207, 60.160458 ], [ 22.284682, 60.154501 ], [ 22.278843, 60.138103 ] ] ], [ [ [ 22.204584, 60.177516 ], [ 22.256129, 60.178078 ], [ 22.258552, 60.172299 ], [ 22.206497, 60.161622 ], [ 22.195543, 60.168719 ], [ 22.204584, 60.177516 ] ] ], [ [ [ 22.214562, 59.859475 ], [ 22.210712, 59.848651 ], [ 22.192379, 59.854859 ], [ 22.203732, 59.863568 ], [ 22.214562, 59.859475 ] ] ], [ [ [ 22.214304, 59.873074 ], [ 22.180973, 59.868522 ], [ 22.178239, 59.871157 ], [ 22.184424, 59.877456 ], [ 22.214304, 59.873074 ] ] ], [ [ [ 22.183443, 59.918588 ], [ 22.171427, 59.924813 ], [ 22.182417, 59.933762 ], [ 22.192333, 59.923996 ], [ 22.183443, 59.918588 ] ] ], [ [ [ 22.174594, 60.136736 ], [ 22.186988, 60.122329 ], [ 22.166793, 60.129288 ], [ 22.174594, 60.136736 ] ] ], [ [ [ 22.176204, 60.14787 ], [ 22.16304, 60.142741 ], [ 22.14927, 60.147617 ], [ 22.165054, 60.157239 ], [ 22.173649, 60.157235 ], [ 22.176204, 60.14787 ] ] ], [ [ [ 22.137423, 60.147022 ], [ 22.113292, 60.136968 ], [ 22.1032, 60.143175 ], [ 22.113292, 60.156599 ], [ 22.130408, 60.159189 ], [ 22.137423, 60.147022 ] ] ], [ [ [ 22.132721, 59.841748 ], [ 22.122615, 59.836914 ], [ 22.114636, 59.850124 ], [ 22.130835, 59.853187 ], [ 22.132721, 59.841748 ] ] ], [ [ [ 22.072964, 60.212945 ], [ 22.107212, 60.184277 ], [ 22.061928, 60.171607 ], [ 22.040242, 60.150855 ], [ 22.038518, 60.135727 ], [ 21.987564, 60.117226 ], [ 21.956934, 60.127384 ], [ 21.979508, 60.140091 ], [ 21.982956, 60.154834 ], [ 21.893166, 60.172017 ], [ 21.819779, 60.149499 ], [ 21.827863, 60.139326 ], [ 21.863431, 60.153666 ], [ 21.889284, 60.150859 ], [ 21.863026, 60.123168 ], [ 21.713893, 60.149259 ], [ 21.740933, 60.196799 ], [ 21.819645, 60.212682 ], [ 21.947216, 60.21273 ], [ 21.939123, 60.195421 ], [ 21.96879, 60.190088 ], [ 22.072964, 60.212945 ] ] ], [ [ [ 22.101289, 59.854657 ], [ 22.092809, 59.849994 ], [ 22.080466, 59.862852 ], [ 22.095871, 59.866228 ], [ 22.101289, 59.854657 ] ] ], [ [ [ 22.100295, 60.14567 ], [ 22.099992, 60.137277 ], [ 22.07558, 60.140174 ], [ 22.080877, 60.14772 ], [ 22.100295, 60.14567 ] ] ], [ [ [ 22.073469, 60.229728 ], [ 22.053358, 60.232107 ], [ 22.04872, 60.247493 ], [ 22.086654, 60.250721 ], [ 22.086121, 60.239633 ], [ 22.073469, 60.229728 ] ] ], [ [ [ 22.069255, 60.405436 ], [ 22.054363, 60.398623 ], [ 22.025317, 60.405025 ], [ 22.049405, 60.418217 ], [ 22.069255, 60.405436 ] ] ], [ [ [ 21.975431, 59.862224 ], [ 21.964807, 59.856909 ], [ 21.95587, 59.871096 ], [ 21.97135, 59.872505 ], [ 21.975431, 59.862224 ] ] ], [ [ [ 21.96879, 60.239356 ], [ 21.965948, 60.232998 ], [ 21.948419, 60.23902 ], [ 21.947506, 60.246452 ], [ 21.96879, 60.239356 ] ] ], [ [ [ 21.959138, 60.142166 ], [ 21.939606, 60.137793 ], [ 21.934761, 60.14077 ], [ 21.957869, 60.148838 ], [ 21.959138, 60.142166 ] ] ], [ [ [ 21.927466, 60.229728 ], [ 21.920942, 60.223351 ], [ 21.904583, 60.228494 ], [ 21.914076, 60.237067 ], [ 21.927466, 60.229728 ] ] ], [ [ [ 21.916249, 60.126846 ], [ 21.906628, 60.125728 ], [ 21.898706, 60.135513 ], [ 21.916108, 60.137693 ], [ 21.916249, 60.126846 ] ] ], [ [ [ 21.913801, 59.973597 ], [ 21.909335, 59.963425 ], [ 21.901121, 59.963596 ], [ 21.895207, 59.974177 ], [ 21.913801, 59.973597 ] ] ], [ [ [ 21.903188, 60.332563 ], [ 21.905252, 60.326368 ], [ 21.872079, 60.331568 ], [ 21.874933, 60.334002 ], [ 21.903188, 60.332563 ] ] ], [ [ [ 21.890228, 59.91035 ], [ 21.874682, 59.901561 ], [ 21.864773, 59.90552 ], [ 21.877072, 59.91628 ], [ 21.890228, 59.91035 ] ] ], [ [ [ 21.88516, 60.00527 ], [ 21.866064, 60.003242 ], [ 21.860754, 60.008064 ], [ 21.881227, 60.016385 ], [ 21.88516, 60.00527 ] ] ], [ [ [ 21.857932, 60.287907 ], [ 21.841539, 60.281836 ], [ 21.833745, 60.288225 ], [ 21.858021, 60.296634 ], [ 21.857932, 60.287907 ] ] ], [ [ [ 21.820147, 60.27319 ], [ 21.807523, 60.273017 ], [ 21.800352, 60.280013 ], [ 21.810143, 60.285836 ], [ 21.820725, 60.281606 ], [ 21.820147, 60.27319 ] ] ], [ [ [ 21.8161, 59.950515 ], [ 21.806541, 59.93406 ], [ 21.798072, 59.941896 ], [ 21.8161, 59.950515 ] ] ], [ [ [ 21.808505, 60.051684 ], [ 21.796228, 60.046332 ], [ 21.784502, 60.055073 ], [ 21.80179, 60.060675 ], [ 21.808505, 60.051684 ] ] ], [ [ [ 21.773309, 60.510614 ], [ 21.769646, 60.479892 ], [ 21.735327, 60.489198 ], [ 21.725153, 60.465111 ], [ 21.702688, 60.462207 ], [ 21.697243, 60.470252 ], [ 21.709635, 60.516429 ], [ 21.744921, 60.53745 ], [ 21.746398, 60.548125 ], [ 21.788036, 60.550236 ], [ 21.801835, 60.53745 ], [ 21.773309, 60.510614 ] ] ], [ [ [ 21.801103, 60.096631 ], [ 21.785044, 60.094675 ], [ 21.778629, 60.101738 ], [ 21.79399, 60.103078 ], [ 21.801103, 60.096631 ] ] ], [ [ [ 21.789943, 59.932865 ], [ 21.79489, 59.917322 ], [ 21.771281, 59.92044 ], [ 21.778913, 59.933147 ], [ 21.789943, 59.932865 ] ] ], [ [ [ 21.778712, 59.95368 ], [ 21.743162, 59.933424 ], [ 21.734214, 59.945714 ], [ 21.749579, 59.950633 ], [ 21.745716, 59.964256 ], [ 21.792848, 59.978133 ], [ 21.778712, 59.95368 ] ] ], [ [ [ 21.792636, 60.378058 ], [ 21.761839, 60.36795 ], [ 21.729247, 60.371917 ], [ 21.747152, 60.379996 ], [ 21.749371, 60.373098 ], [ 21.792636, 60.378058 ] ] ], [ [ [ 21.791895, 60.339067 ], [ 21.777909, 60.333203 ], [ 21.769789, 60.34344 ], [ 21.788281, 60.347578 ], [ 21.791895, 60.339067 ] ] ], [ [ [ 21.789854, 60.253925 ], [ 21.755596, 60.244178 ], [ 21.753071, 60.25959 ], [ 21.788044, 60.260233 ], [ 21.789854, 60.253925 ] ] ], [ [ [ 21.784232, 60.029665 ], [ 21.779576, 60.02538 ], [ 21.760945, 60.033106 ], [ 21.773378, 60.041889 ], [ 21.784232, 60.029665 ] ] ], [ [ [ 21.783939, 60.295951 ], [ 21.770746, 60.288725 ], [ 21.762016, 60.295799 ], [ 21.771322, 60.305294 ], [ 21.783939, 60.295951 ] ] ], [ [ [ 21.720892, 60.126251 ], [ 21.730395, 60.116666 ], [ 21.768584, 60.11927 ], [ 21.778345, 60.101748 ], [ 21.756252, 60.111797 ], [ 21.744408, 60.101748 ], [ 21.727678, 60.101748 ], [ 21.702973, 60.123352 ], [ 21.720892, 60.126251 ] ] ], [ [ [ 21.775206, 59.886833 ], [ 21.772071, 59.877482 ], [ 21.753975, 59.886989 ], [ 21.762176, 59.890583 ], [ 21.775206, 59.886833 ] ] ], [ [ [ 21.742577, 59.928802 ], [ 21.74778, 59.910576 ], [ 21.766994, 59.909965 ], [ 21.731742, 59.904834 ], [ 21.719272, 59.918603 ], [ 21.742577, 59.928802 ] ] ], [ [ [ 21.75444, 60.429151 ], [ 21.755591, 60.415379 ], [ 21.734559, 60.423973 ], [ 21.74635, 60.431238 ], [ 21.75444, 60.429151 ] ] ], [ [ [ 21.741217, 60.214938 ], [ 21.735117, 60.206247 ], [ 21.715071, 60.211734 ], [ 21.724166, 60.218794 ], [ 21.741217, 60.214938 ] ] ], [ [ [ 21.720355, 60.302231 ], [ 21.727433, 60.289609 ], [ 21.704371, 60.296169 ], [ 21.720355, 60.302231 ] ] ], [ [ [ 21.721699, 60.412602 ], [ 21.696583, 60.415737 ], [ 21.692553, 60.436106 ], [ 21.680782, 60.446642 ], [ 21.687674, 60.458287 ], [ 21.72013, 60.425461 ], [ 21.721699, 60.412602 ] ] ], [ [ [ 21.714907, 60.256603 ], [ 21.701188, 60.253123 ], [ 21.689152, 60.257842 ], [ 21.713154, 60.2636 ], [ 21.714907, 60.256603 ] ] ], [ [ [ 21.712886, 60.346671 ], [ 21.710427, 60.329552 ], [ 21.690033, 60.343222 ], [ 21.685754, 60.327506 ], [ 21.663322, 60.330314 ], [ 21.656934, 60.350579 ], [ 21.644493, 60.359702 ], [ 21.653315, 60.363096 ], [ 21.64605, 60.380438 ], [ 21.668052, 60.380483 ], [ 21.696837, 60.367981 ], [ 21.694021, 60.363096 ], [ 21.712886, 60.346671 ] ] ], [ [ [ 21.706109, 60.269034 ], [ 21.68826, 60.267359 ], [ 21.683018, 60.272419 ], [ 21.703367, 60.277744 ], [ 21.706109, 60.269034 ] ] ], [ [ [ 21.685353, 60.410629 ], [ 21.701181, 60.387484 ], [ 21.676659, 60.401374 ], [ 21.678143, 60.411738 ], [ 21.667907, 60.418165 ], [ 21.6723, 60.427923 ], [ 21.683274, 60.427923 ], [ 21.685353, 60.410629 ] ] ], [ [ [ 21.695173, 59.903692 ], [ 21.676377, 59.901962 ], [ 21.670463, 59.907752 ], [ 21.688029, 59.916345 ], [ 21.697787, 59.911592 ], [ 21.695173, 59.903692 ] ] ], [ [ [ 21.69193, 60.512361 ], [ 21.667688, 60.490202 ], [ 21.655534, 60.493562 ], [ 21.681802, 60.516947 ], [ 21.69193, 60.512361 ] ] ], [ [ [ 21.65467, 60.142888 ], [ 21.658409, 60.110096 ], [ 21.681503, 60.109707 ], [ 21.682639, 60.096045 ], [ 21.656837, 60.084599 ], [ 21.610106, 60.101587 ], [ 21.612325, 60.108855 ], [ 21.604232, 60.111714 ], [ 21.528049, 60.113126 ], [ 21.497195, 60.10556 ], [ 21.485839, 60.111566 ], [ 21.504845, 60.119657 ], [ 21.520568, 60.157036 ], [ 21.576342, 60.182154 ], [ 21.609353, 60.186396 ], [ 21.628022, 60.200873 ], [ 21.65584, 60.196533 ], [ 21.660406, 60.180871 ], [ 21.685299, 60.171234 ], [ 21.681261, 60.155205 ], [ 21.65467, 60.142888 ] ] ], [ [ [ 21.680089, 60.283184 ], [ 21.646736, 60.280392 ], [ 21.637216, 60.286464 ], [ 21.644316, 60.297698 ], [ 21.673802, 60.291666 ], [ 21.680089, 60.283184 ] ] ], [ [ [ 21.668362, 60.452593 ], [ 21.663029, 60.446526 ], [ 21.641762, 60.464008 ], [ 21.647946, 60.479182 ], [ 21.675899, 60.46874 ], [ 21.663691, 60.460543 ], [ 21.668362, 60.452593 ] ] ], [ [ [ 21.672091, 60.253096 ], [ 21.660131, 60.2486 ], [ 21.648721, 60.256368 ], [ 21.668868, 60.259865 ], [ 21.672091, 60.253096 ] ] ], [ [ [ 21.648189, 59.945164 ], [ 21.641182, 59.933422 ], [ 21.627296, 59.935737 ], [ 21.633247, 59.947222 ], [ 21.648189, 59.945164 ] ] ], [ [ [ 21.621406, 60.414524 ], [ 21.606969, 60.40755 ], [ 21.60693, 60.437445 ], [ 21.63296, 60.456935 ], [ 21.642, 60.448314 ], [ 21.6422, 60.430156 ], [ 21.62538, 60.425461 ], [ 21.621406, 60.414524 ] ] ], [ [ [ 21.634553, 60.484494 ], [ 21.621255, 60.478549 ], [ 21.61514, 60.482374 ], [ 21.627493, 60.494371 ], [ 21.634553, 60.484494 ] ] ], [ [ [ 21.595668, 60.223847 ], [ 21.561025, 60.22514 ], [ 21.583059, 60.272373 ], [ 21.595908, 60.274381 ], [ 21.611895, 60.265188 ], [ 21.60322, 60.255967 ], [ 21.626318, 60.252466 ], [ 21.626627, 60.241808 ], [ 21.595668, 60.223847 ] ] ], [ [ [ 21.616191, 59.828239 ], [ 21.574894, 59.814571 ], [ 21.571171, 59.819643 ], [ 21.597707, 59.832422 ], [ 21.616191, 59.828239 ] ] ], [ [ [ 21.610828, 59.956511 ], [ 21.599913, 59.944238 ], [ 21.594986, 59.958715 ], [ 21.610828, 59.956511 ] ] ], [ [ [ 21.59521, 60.335517 ], [ 21.5912, 60.325405 ], [ 21.572225, 60.338171 ], [ 21.57973, 60.342528 ], [ 21.59521, 60.335517 ] ] ], [ [ [ 21.592997, 60.4079 ], [ 21.564585, 60.396859 ], [ 21.555679, 60.408288 ], [ 21.591491, 60.419088 ], [ 21.592997, 60.4079 ] ] ], [ [ [ 21.58187, 60.10057 ], [ 21.575553, 60.089841 ], [ 21.553167, 60.09205 ], [ 21.556606, 60.096869 ], [ 21.58187, 60.10057 ] ] ], [ [ [ 21.572954, 60.301482 ], [ 21.57911, 60.288076 ], [ 21.529208, 60.283758 ], [ 21.520004, 60.290446 ], [ 21.533744, 60.300234 ], [ 21.572954, 60.301482 ] ] ], [ [ [ 21.575075, 60.436642 ], [ 21.572571, 60.425843 ], [ 21.553228, 60.437515 ], [ 21.560467, 60.44295 ], [ 21.575075, 60.436642 ] ] ], [ [ [ 21.564338, 60.318349 ], [ 21.55183, 60.315856 ], [ 21.538495, 60.322133 ], [ 21.557163, 60.325871 ], [ 21.564338, 60.318349 ] ] ], [ [ [ 21.559798, 60.500722 ], [ 21.546148, 60.485775 ], [ 21.537759, 60.494296 ], [ 21.524731, 60.49539 ], [ 21.516805, 60.484035 ], [ 21.497285, 60.490924 ], [ 21.517867, 60.49518 ], [ 21.526676, 60.517392 ], [ 21.559798, 60.500722 ] ] ], [ [ [ 21.551225, 60.096961 ], [ 21.523495, 60.088349 ], [ 21.539975, 60.101804 ], [ 21.551225, 60.096961 ] ] ], [ [ [ 21.540245, 60.250272 ], [ 21.513441, 60.215569 ], [ 21.504957, 60.219881 ], [ 21.514039, 60.25185 ], [ 21.540245, 60.250272 ] ] ], [ [ [ 21.506687, 60.527499 ], [ 21.49013, 60.495947 ], [ 21.46864, 60.481497 ], [ 21.444408, 60.484934 ], [ 21.429779, 60.496608 ], [ 21.413295, 60.490555 ], [ 21.403205, 60.513795 ], [ 21.299907, 60.569385 ], [ 21.282011, 60.605581 ], [ 21.23675, 60.610022 ], [ 21.223276, 60.623123 ], [ 21.237859, 60.645336 ], [ 21.28358, 60.666663 ], [ 21.310167, 60.661613 ], [ 21.316658, 60.642854 ], [ 21.341618, 60.628822 ], [ 21.338794, 60.615665 ], [ 21.371573, 60.595574 ], [ 21.396422, 60.591944 ], [ 21.430752, 60.558893 ], [ 21.509813, 60.546414 ], [ 21.523046, 60.533692 ], [ 21.506687, 60.527499 ] ] ], [ [ [ 21.496703, 60.166862 ], [ 21.477993, 60.170023 ], [ 21.485999, 60.182733 ], [ 21.503857, 60.182679 ], [ 21.496703, 60.166862 ] ] ], [ [ [ 21.503025, 60.033518 ], [ 21.492095, 60.032013 ], [ 21.486819, 60.044304 ], [ 21.503515, 60.046821 ], [ 21.503025, 60.033518 ] ] ], [ [ [ 21.499615, 60.137052 ], [ 21.475387, 60.12368 ], [ 21.452473, 60.138671 ], [ 21.473865, 60.145661 ], [ 21.499615, 60.137052 ] ] ], [ [ [ 21.496429, 60.269568 ], [ 21.478853, 60.242202 ], [ 21.466697, 60.247629 ], [ 21.476447, 60.258354 ], [ 21.472206, 60.26633 ], [ 21.483198, 60.273778 ], [ 21.496429, 60.269568 ] ] ], [ [ [ 21.490925, 60.216201 ], [ 21.480255, 60.213395 ], [ 21.477894, 60.223036 ], [ 21.492578, 60.227171 ], [ 21.490925, 60.216201 ] ] ], [ [ [ 21.489584, 60.373169 ], [ 21.480224, 60.353654 ], [ 21.464861, 60.360441 ], [ 21.475115, 60.384497 ], [ 21.484387, 60.385747 ], [ 21.489584, 60.373169 ] ] ], [ [ [ 21.48094, 60.290752 ], [ 21.469891, 60.290042 ], [ 21.464408, 60.30834 ], [ 21.486079, 60.308214 ], [ 21.48094, 60.290752 ] ] ], [ [ [ 21.472808, 60.023268 ], [ 21.454157, 60.022788 ], [ 21.458054, 60.034091 ], [ 21.476703, 60.030861 ], [ 21.472808, 60.023268 ] ] ], [ [ [ 21.472484, 59.90716 ], [ 21.458068, 59.90113 ], [ 21.451678, 59.907411 ], [ 21.455987, 59.914767 ], [ 21.472484, 59.90716 ] ] ], [ [ [ 21.465803, 60.263023 ], [ 21.463728, 60.255801 ], [ 21.434074, 60.257944 ], [ 21.434196, 60.264244 ], [ 21.44985, 60.262597 ], [ 21.452008, 60.269716 ], [ 21.465803, 60.263023 ] ] ], [ [ [ 21.383468, 60.208648 ], [ 21.40778, 60.216466 ], [ 21.417974, 60.236992 ], [ 21.439764, 60.242592 ], [ 21.453541, 60.234542 ], [ 21.464982, 60.212176 ], [ 21.449519, 60.19382 ], [ 21.408692, 60.181016 ], [ 21.338736, 60.188286 ], [ 21.328386, 60.199826 ], [ 21.303566, 60.197471 ], [ 21.257195, 60.213867 ], [ 21.2654, 60.223503 ], [ 21.30958, 60.225522 ], [ 21.318873, 60.23643 ], [ 21.315948, 60.247093 ], [ 21.344148, 60.247902 ], [ 21.387921, 60.222838 ], [ 21.383468, 60.208648 ] ] ], [ [ [ 21.443454, 60.575757 ], [ 21.446571, 60.564765 ], [ 21.424973, 60.574176 ], [ 21.429985, 60.578831 ], [ 21.443454, 60.575757 ] ] ], [ [ [ 21.440549, 60.410484 ], [ 21.423176, 60.400536 ], [ 21.410527, 60.416428 ], [ 21.424663, 60.425666 ], [ 21.440549, 60.410484 ] ] ], [ [ [ 21.415463, 60.268204 ], [ 21.415463, 60.248359 ], [ 21.392458, 60.252718 ], [ 21.378069, 60.242438 ], [ 21.359782, 60.253824 ], [ 21.384758, 60.269541 ], [ 21.39173, 60.285408 ], [ 21.435258, 60.283057 ], [ 21.415463, 60.268204 ] ] ], [ [ [ 21.411455, 60.427552 ], [ 21.374256, 60.419728 ], [ 21.370918, 60.422899 ], [ 21.380884, 60.433751 ], [ 21.414799, 60.436288 ], [ 21.411455, 60.427552 ] ] ], [ [ [ 21.408326, 60.378113 ], [ 21.402987, 60.369162 ], [ 21.372475, 60.381148 ], [ 21.360927, 60.394347 ], [ 21.372924, 60.40385 ], [ 21.402987, 60.396287 ], [ 21.408326, 60.378113 ] ] ], [ [ [ 21.365239, 60.495671 ], [ 21.369107, 60.480704 ], [ 21.353608, 60.482612 ], [ 21.361129, 60.509376 ], [ 21.352082, 60.51362 ], [ 21.365213, 60.521163 ], [ 21.380092, 60.518185 ], [ 21.376823, 60.505537 ], [ 21.383821, 60.497378 ], [ 21.365239, 60.495671 ] ] ], [ [ [ 21.38346, 59.793154 ], [ 21.383524, 59.775912 ], [ 21.369876, 59.776344 ], [ 21.37313, 59.795029 ], [ 21.38346, 59.793154 ] ] ], [ [ [ 21.382518, 60.075697 ], [ 21.370123, 60.066864 ], [ 21.358915, 60.076982 ], [ 21.363346, 60.082618 ], [ 21.382518, 60.075697 ] ] ], [ [ [ 21.382312, 60.636817 ], [ 21.37778, 60.62766 ], [ 21.362307, 60.635775 ], [ 21.376302, 60.645735 ], [ 21.382312, 60.636817 ] ] ], [ [ [ 21.380215, 60.451599 ], [ 21.362714, 60.448805 ], [ 21.357293, 60.452571 ], [ 21.378735, 60.459853 ], [ 21.380215, 60.451599 ] ] ], [ [ [ 21.371873, 60.753012 ], [ 21.359962, 60.741596 ], [ 21.328795, 60.760681 ], [ 21.33137, 60.766805 ], [ 21.356764, 60.763663 ], [ 21.371873, 60.753012 ] ] ], [ [ [ 21.345748, 60.379617 ], [ 21.364167, 60.35656 ], [ 21.35784, 60.351549 ], [ 21.338718, 60.352727 ], [ 21.295395, 60.37477 ], [ 21.316756, 60.391289 ], [ 21.345748, 60.379617 ] ] ], [ [ [ 21.363103, 60.421385 ], [ 21.358081, 60.418174 ], [ 21.343777, 60.432939 ], [ 21.357661, 60.434694 ], [ 21.363103, 60.421385 ] ] ], [ [ [ 21.362838, 60.173886 ], [ 21.353121, 60.165156 ], [ 21.340844, 60.173065 ], [ 21.356993, 60.181811 ], [ 21.362838, 60.173886 ] ] ], [ [ [ 21.357887, 60.789006 ], [ 21.348972, 60.786797 ], [ 21.332256, 60.789595 ], [ 21.352428, 60.798369 ], [ 21.357887, 60.789006 ] ] ], [ [ [ 21.353234, 60.411156 ], [ 21.354599, 60.39964 ], [ 21.330435, 60.410958 ], [ 21.332375, 60.413208 ], [ 21.353234, 60.411156 ] ] ], [ [ [ 21.249658, 60.579167 ], [ 21.310263, 60.551809 ], [ 21.319418, 60.53745 ], [ 21.318614, 60.521087 ], [ 21.350908, 60.500023 ], [ 21.283178, 60.493755 ], [ 21.262489, 60.51127 ], [ 21.247021, 60.496605 ], [ 21.232396, 60.505508 ], [ 21.256276, 60.529957 ], [ 21.271569, 60.529717 ], [ 21.278841, 60.53745 ], [ 21.274543, 60.549841 ], [ 21.247528, 60.547123 ], [ 21.243269, 60.539445 ], [ 21.233154, 60.543288 ], [ 21.244369, 60.551647 ], [ 21.245226, 60.56496 ], [ 21.191772, 60.61052 ], [ 21.202053, 60.613409 ], [ 21.249658, 60.579167 ] ] ], [ [ [ 21.3456, 60.731602 ], [ 21.33058, 60.721697 ], [ 21.324422, 60.725222 ], [ 21.330518, 60.732614 ], [ 21.3456, 60.731602 ] ] ], [ [ [ 21.343634, 60.672692 ], [ 21.334604, 60.657788 ], [ 21.322656, 60.666589 ], [ 21.331226, 60.674116 ], [ 21.343634, 60.672692 ] ] ], [ [ [ 21.338944, 60.079021 ], [ 21.337874, 60.069305 ], [ 21.314906, 60.073319 ], [ 21.316731, 60.079396 ], [ 21.338944, 60.079021 ] ] ], [ [ [ 21.335504, 60.14721 ], [ 21.329882, 60.144348 ], [ 21.296385, 60.154171 ], [ 21.307226, 60.169688 ], [ 21.335504, 60.14721 ] ] ], [ [ [ 21.333066, 60.338939 ], [ 21.327177, 60.33076 ], [ 21.315691, 60.331605 ], [ 21.312316, 60.339872 ], [ 21.333066, 60.338939 ] ] ], [ [ [ 21.32562, 60.282838 ], [ 21.318386, 60.263734 ], [ 21.308718, 60.264984 ], [ 21.319296, 60.285069 ], [ 21.32562, 60.282838 ] ] ], [ [ [ 21.323968, 60.715713 ], [ 21.318939, 60.70557 ], [ 21.281491, 60.712902 ], [ 21.306024, 60.720842 ], [ 21.323968, 60.715713 ] ] ], [ [ [ 21.315339, 60.796813 ], [ 21.306369, 60.790411 ], [ 21.293872, 60.793204 ], [ 21.292306, 60.800819 ], [ 21.315339, 60.796813 ] ] ], [ [ [ 21.244034, 60.781928 ], [ 21.25922, 60.768101 ], [ 21.280028, 60.775272 ], [ 21.313389, 60.769839 ], [ 21.269043, 60.754842 ], [ 21.234994, 60.772904 ], [ 21.244034, 60.781928 ] ] ], [ [ [ 21.308994, 60.32285 ], [ 21.292936, 60.319423 ], [ 21.280474, 60.322634 ], [ 21.28083, 60.329051 ], [ 21.293318, 60.333222 ], [ 21.308994, 60.32285 ] ] ], [ [ [ 21.309252, 60.302339 ], [ 21.297801, 60.298485 ], [ 21.288715, 60.303856 ], [ 21.304809, 60.311413 ], [ 21.309252, 60.302339 ] ] ], [ [ [ 21.303691, 60.285259 ], [ 21.290175, 60.283281 ], [ 21.27968, 60.286283 ], [ 21.296163, 60.294506 ], [ 21.303691, 60.285259 ] ] ], [ [ [ 21.290304, 60.784406 ], [ 21.284887, 60.780409 ], [ 21.267872, 60.787882 ], [ 21.280919, 60.794723 ], [ 21.290304, 60.784406 ] ] ], [ [ [ 21.272186, 60.721759 ], [ 21.260873, 60.728138 ], [ 21.278304, 60.735214 ], [ 21.285651, 60.728951 ], [ 21.272186, 60.721759 ] ] ], [ [ [ 21.285384, 60.245457 ], [ 21.265807, 60.237003 ], [ 21.262319, 60.242528 ], [ 21.277314, 60.254208 ], [ 21.285384, 60.245457 ] ] ], [ [ [ 21.275707, 60.426087 ], [ 21.266859, 60.41367 ], [ 21.255775, 60.415824 ], [ 21.267001, 60.432083 ], [ 21.275707, 60.426087 ] ] ], [ [ [ 21.275218, 60.325136 ], [ 21.26905, 60.306637 ], [ 21.256621, 60.31016 ], [ 21.26673, 60.324296 ], [ 21.275218, 60.325136 ] ] ], [ [ [ 21.269604, 60.394324 ], [ 21.25596, 60.389393 ], [ 21.247623, 60.395707 ], [ 21.266458, 60.405253 ], [ 21.269604, 60.394324 ] ] ], [ [ [ 21.262652, 60.072238 ], [ 21.248322, 60.069826 ], [ 21.244599, 60.076021 ], [ 21.25369, 60.085418 ], [ 21.262652, 60.072238 ] ] ], [ [ [ 21.254033, 60.269994 ], [ 21.243472, 60.260108 ], [ 21.231218, 60.270043 ], [ 21.247545, 60.276016 ], [ 21.254033, 60.269994 ] ] ], [ [ [ 21.248736, 60.197335 ], [ 21.247828, 60.19198 ], [ 21.209457, 60.193355 ], [ 21.212248, 60.200173 ], [ 21.248736, 60.197335 ] ] ], [ [ [ 21.247759, 59.995625 ], [ 21.241406, 59.979995 ], [ 21.232828, 59.989867 ], [ 21.23892, 59.998004 ], [ 21.247759, 59.995625 ] ] ], [ [ [ 21.242922, 60.365477 ], [ 21.232837, 60.359986 ], [ 21.222438, 60.369237 ], [ 21.232818, 60.37584 ], [ 21.242922, 60.365477 ] ] ], [ [ [ 21.22864, 60.300334 ], [ 21.206963, 60.299049 ], [ 21.198681, 60.304957 ], [ 21.22864, 60.313017 ], [ 21.235408, 60.309716 ], [ 21.22864, 60.300334 ] ] ], [ [ [ 21.22488, 60.231119 ], [ 21.213364, 60.229775 ], [ 21.214038, 60.243929 ], [ 21.228256, 60.245673 ], [ 21.22488, 60.231119 ] ] ], [ [ [ 21.203874, 60.559691 ], [ 21.212681, 60.547121 ], [ 21.225678, 60.552293 ], [ 21.227937, 60.536575 ], [ 21.196035, 60.547349 ], [ 21.191151, 60.553332 ], [ 21.203874, 60.559691 ] ] ], [ [ [ 21.226342, 60.401255 ], [ 21.192233, 60.397655 ], [ 21.20455, 60.413612 ], [ 21.198951, 60.432864 ], [ 21.220925, 60.425679 ], [ 21.226342, 60.401255 ] ] ], [ [ [ 21.225513, 60.938826 ], [ 21.209977, 60.935542 ], [ 21.206011, 60.942975 ], [ 21.220784, 60.948232 ], [ 21.225513, 60.938826 ] ] ], [ [ [ 21.209208, 60.344667 ], [ 21.19963, 60.344018 ], [ 21.196545, 60.352284 ], [ 21.208533, 60.361641 ], [ 21.209208, 60.344667 ] ] ], [ [ [ 21.193808, 60.45041 ], [ 21.190691, 60.440364 ], [ 21.173019, 60.446934 ], [ 21.184877, 60.45686 ], [ 21.193808, 60.45041 ] ] ], [ [ [ 21.192754, 60.990427 ], [ 21.185391, 60.985598 ], [ 21.168863, 60.988605 ], [ 21.185391, 60.997677 ], [ 21.192754, 60.990427 ] ] ], [ [ [ 21.188182, 60.329196 ], [ 21.174492, 60.325641 ], [ 21.172313, 60.331257 ], [ 21.18451, 60.342446 ], [ 21.192584, 60.338667 ], [ 21.188182, 60.329196 ] ] ], [ [ [ 21.183116, 60.610077 ], [ 21.168004, 60.604032 ], [ 21.158677, 60.607673 ], [ 21.163117, 60.614778 ], [ 21.183116, 60.610077 ] ] ], [ [ [ 21.181119, 60.948373 ], [ 21.173, 60.944866 ], [ 21.154387, 60.955525 ], [ 21.165635, 60.96042 ], [ 21.181119, 60.948373 ] ] ], [ [ [ 21.180483, 60.783917 ], [ 21.141744, 60.786111 ], [ 21.130536, 60.80078 ], [ 21.140427, 60.801763 ], [ 21.180483, 60.783917 ] ] ], [ [ [ 21.177259, 60.397945 ], [ 21.170949, 60.388578 ], [ 21.162501, 60.398164 ], [ 21.177259, 60.397945 ] ] ], [ [ [ 21.175873, 60.355051 ], [ 21.151215, 60.339474 ], [ 21.139616, 60.343245 ], [ 21.158316, 60.358074 ], [ 21.175873, 60.355051 ] ] ], [ [ [ 21.174602, 60.56545 ], [ 21.163977, 60.561115 ], [ 21.160627, 60.576286 ], [ 21.169504, 60.579167 ], [ 21.174602, 60.56545 ] ] ], [ [ [ 21.175267, 60.375564 ], [ 21.169009, 60.370185 ], [ 21.159433, 60.372284 ], [ 21.171685, 60.388543 ], [ 21.175267, 60.375564 ] ] ], [ [ [ 21.170213, 60.814023 ], [ 21.16403, 60.807576 ], [ 21.143571, 60.815888 ], [ 21.151588, 60.823571 ], [ 21.170213, 60.814023 ] ] ], [ [ [ 21.168566, 60.319322 ], [ 21.158448, 60.309366 ], [ 21.145023, 60.328931 ], [ 21.150877, 60.332109 ], [ 21.168566, 60.319322 ] ] ], [ [ [ 21.164381, 60.868674 ], [ 21.154349, 60.843716 ], [ 21.139306, 60.848699 ], [ 21.152409, 60.858296 ], [ 21.14812, 60.865673 ], [ 21.156359, 60.875039 ], [ 21.164381, 60.868674 ] ] ], [ [ [ 21.159711, 60.388366 ], [ 21.150834, 60.3709 ], [ 21.145987, 60.390828 ], [ 21.159711, 60.388366 ] ] ], [ [ [ 21.138377, 60.299886 ], [ 21.137092, 60.288158 ], [ 21.119758, 60.295793 ], [ 21.123095, 60.304585 ], [ 21.138377, 60.299886 ] ] ], [ [ [ 21.084451, 60.135407 ], [ 21.066155, 60.13314 ], [ 21.07423, 60.147594 ], [ 21.083223, 60.148317 ], [ 21.084451, 60.135407 ] ] ], [ [ [ 21.033702, 60.733392 ], [ 21.013678, 60.714127 ], [ 21.003802, 60.724383 ], [ 21.028727, 60.735733 ], [ 21.033702, 60.733392 ] ] ], [ [ [ 21.028404, 60.843295 ], [ 21.012631, 60.839238 ], [ 21.007174, 60.846895 ], [ 21.013168, 60.852538 ], [ 21.028404, 60.843295 ] ] ] ] } },
{ "type": "Feature", "properties": { "loc": "FI1D7" }, "geometry": { "type": "MultiPolygon", "coordinates": [ [ [ [ 28.92968, 69.051905 ], [ 28.432703, 68.913436 ], [ 28.476611, 68.886421 ], [ 28.661517, 68.885735 ], [ 28.793543, 68.865489 ], [ 28.701736, 68.730031 ], [ 28.440035, 68.53977 ], [ 28.640669, 68.206444 ], [ 29.322835, 68.073759 ], [ 29.657663, 67.805645 ], [ 30.014157, 67.671511 ], [ 29.924168, 67.520896 ], [ 29.839322, 67.478085 ], [ 29.708141, 67.389898 ], [ 29.628985, 67.352225 ], [ 29.628248, 67.334745 ], [ 29.525443, 67.306028 ], [ 29.500904, 67.270601 ], [ 29.083747, 67.002603 ], [ 29.04144, 66.957245 ], [ 29.035622, 66.924154 ], [ 29.05508, 66.868422 ], [ 29.108967, 66.809108 ], [ 29.112027, 66.792119 ], [ 29.163726, 66.7704 ], [ 29.352562, 66.642406 ], [ 29.385075, 66.601261 ], [ 29.410822, 66.591913 ], [ 29.477182, 66.538055 ], [ 29.572939, 66.432856 ], [ 29.274602, 66.432625 ], [ 29.243572, 66.410581 ], [ 28.698123, 66.48155 ], [ 28.662506, 66.417975 ], [ 28.603226, 66.408762 ], [ 28.553108, 66.378225 ], [ 28.543832, 66.332577 ], [ 28.596792, 66.26955 ], [ 28.657849, 66.251524 ], [ 28.690138, 66.259573 ], [ 28.729359, 66.256804 ], [ 28.755531, 66.23773 ], [ 28.743188, 66.206368 ], [ 28.758889, 66.183001 ], [ 28.723803, 66.161186 ], [ 28.709923, 66.137969 ], [ 28.611196, 66.121563 ], [ 28.641358, 66.070429 ], [ 28.743864, 66.046202 ], [ 28.73727, 66.030945 ], [ 28.743626, 66.011143 ], [ 28.635712, 65.987609 ], [ 28.552498, 66.006416 ], [ 28.497025, 66.003263 ], [ 28.470777, 65.990264 ], [ 28.433298, 65.987576 ], [ 28.417956, 65.989698 ], [ 28.4068, 66.002101 ], [ 28.389518, 66.000599 ], [ 28.381519, 65.962335 ], [ 28.432481, 65.943911 ], [ 28.501067, 65.892457 ], [ 28.507541, 65.852983 ], [ 28.498323, 65.845316 ], [ 28.223391, 65.801919 ], [ 28.131079, 65.815197 ], [ 27.775698, 65.827281 ], [ 27.696953, 65.900311 ], [ 27.65218, 65.953971 ], [ 27.638446, 65.957863 ], [ 27.597741, 65.952396 ], [ 27.564286, 65.92921 ], [ 27.5363, 65.924272 ], [ 27.401435, 65.93358 ], [ 27.242918, 65.842008 ], [ 27.159509, 65.77962 ], [ 27.086337, 65.73753 ], [ 27.014789, 65.732101 ], [ 27.009564, 65.714516 ], [ 26.967971, 65.725784 ], [ 26.813782, 65.701926 ], [ 26.171237, 65.725735 ], [ 26.162536, 65.733947 ], [ 26.159343, 65.8107 ], [ 26.147727, 65.819006 ], [ 25.789725, 65.741606 ], [ 25.410867, 65.73913 ], [ 25.360709, 65.725718 ], [ 25.302105, 65.684746 ], [ 25.186794, 65.650743 ], [ 25.128855, 65.608681 ], [ 25.084608, 65.588949 ], [ 25.064493, 65.605943 ], [ 25.036006, 65.608733 ], [ 25.02844, 65.622076 ], [ 24.92925, 65.635422 ], [ 24.878941, 65.664231 ], [ 24.821602, 65.664647 ], [ 24.792268, 65.653974 ], [ 24.755029, 65.663044 ], [ 24.708025, 65.635438 ], [ 24.674714, 65.637993 ], [ 24.664286, 65.646747 ], [ 24.668125, 65.662738 ], [ 24.619417, 65.689675 ], [ 24.63388, 65.698515 ], [ 24.623992, 65.70986 ], [ 24.511369, 65.746398 ], [ 24.43478, 65.746334 ], [ 24.413797, 65.772999 ], [ 24.32204, 65.797542 ], [ 24.240162, 65.795118 ], [ 24.22072, 65.769402 ], [ 24.161906, 65.757566 ], [ 24.150316, 65.766314 ], [ 24.143194, 65.789574 ], [ 24.155954, 65.803555 ], [ 24.155129, 65.816027 ], [ 24.132203, 65.850217 ], [ 24.142983, 65.869831 ], [ 24.117546, 65.901078 ], [ 24.11183, 65.924007 ], [ 24.049086, 65.961712 ], [ 24.039, 66.005208 ], [ 23.943727, 66.077819 ], [ 23.940029, 66.106293 ], [ 23.917652, 66.15605 ], [ 23.73975, 66.194113 ], [ 23.698749, 66.22845 ], [ 23.697368, 66.243996 ], [ 23.671582, 66.259496 ], [ 23.669253, 66.277373 ], [ 23.649172, 66.300809 ], [ 23.659277, 66.352289 ], [ 23.686991, 66.384711 ], [ 23.646547, 66.423736 ], [ 23.650856, 66.451796 ], [ 23.683917, 66.470927 ], [ 23.714462, 66.47686 ], [ 23.73112, 66.505881 ], [ 23.790101, 66.516954 ], [ 23.790716, 66.536704 ], [ 23.857767, 66.560678 ], [ 23.875734, 66.582037 ], [ 23.881541, 66.613415 ], [ 23.868086, 66.658196 ], [ 23.904275, 66.721227 ], [ 23.880784, 66.761575 ], [ 23.911622, 66.772759 ], [ 23.914398, 66.794304 ], [ 23.975284, 66.785452 ], [ 23.99153, 66.823279 ], [ 23.93396, 66.882178 ], [ 23.868422, 66.918366 ], [ 23.856886, 66.955218 ], [ 23.830461, 66.96271 ], [ 23.790356, 66.993796 ], [ 23.740515, 67.017419 ], [ 23.671547, 67.067332 ], [ 23.65355, 67.102617 ], [ 23.554613, 67.17109 ], [ 23.584434, 67.191341 ], [ 23.591159, 67.207261 ], [ 23.554223, 67.227038 ], [ 23.566217, 67.261492 ], [ 23.722061, 67.284424 ], [ 23.770666, 67.337339 ], [ 23.741423, 67.352079 ], [ 23.721155, 67.386287 ], [ 23.748296, 67.406807 ], [ 23.760151, 67.43082 ], [ 23.713541, 67.444426 ], [ 23.667185, 67.443563 ], [ 23.548411, 67.460669 ], [ 23.491159, 67.447528 ], [ 23.415092, 67.467324 ], [ 23.397407, 67.484803 ], [ 23.405114, 67.497458 ], [ 23.474216, 67.533453 ], [ 23.465422, 67.560759 ], [ 23.509717, 67.566254 ], [ 23.538628, 67.58423 ], [ 23.550635, 67.620344 ], [ 23.499709, 67.66097 ], [ 23.481152, 67.705563 ], [ 23.47958, 67.73745 ], [ 23.491102, 67.782381 ], [ 23.476779, 67.818855 ], [ 23.482613, 67.842777 ], [ 23.516402, 67.881952 ], [ 23.636197, 67.915882 ], [ 23.658173, 67.941434 ], [ 23.643366, 67.960429 ], [ 23.571262, 67.974485 ], [ 23.529475, 68.006092 ], [ 23.391969, 68.047851 ], [ 23.335825, 68.103048 ], [ 23.324477, 68.130509 ], [ 23.305065, 68.147968 ], [ 23.266194, 68.155778 ], [ 23.157138, 68.137268 ], [ 23.143145, 68.1558 ], [ 23.144708, 68.180736 ], [ 23.155063, 68.196937 ], [ 23.143986, 68.208786 ], [ 23.148153, 68.233101 ], [ 23.141691, 68.244362 ], [ 23.077411, 68.269018 ], [ 23.06033, 68.303492 ], [ 22.966732, 68.331275 ], [ 22.91356, 68.337052 ], [ 22.847147, 68.362506 ], [ 22.835829, 68.384291 ], [ 22.799189, 68.391581 ], [ 22.737174, 68.386742 ], [ 22.649926, 68.417811 ], [ 22.635547, 68.431363 ], [ 22.574695, 68.424527 ], [ 22.468135, 68.444069 ], [ 22.426763, 68.463841 ], [ 22.350218, 68.447215 ], [ 22.345705, 68.477698 ], [ 22.338478, 68.481371 ], [ 22.145107, 68.471454 ], [ 22.111482, 68.48062 ], [ 22.0419, 68.482031 ], [ 22.011091, 68.502724 ], [ 21.999884, 68.532406 ], [ 21.895519, 68.580922 ], [ 21.842737, 68.589873 ], [ 21.715771, 68.592314 ], [ 21.701708, 68.603029 ], [ 21.703183, 68.627442 ], [ 21.616555, 68.663045 ], [ 21.429873, 68.692891 ], [ 21.418123, 68.704684 ], [ 21.407681, 68.749094 ], [ 21.388426, 68.76295 ], [ 21.301805, 68.763052 ], [ 21.231513, 68.813295 ], [ 21.009558, 68.891437 ], [ 20.8979, 68.893786 ], [ 20.891204, 68.907608 ], [ 20.856052, 68.93295 ], [ 20.900573, 68.950225 ], [ 20.908142, 68.960694 ], [ 20.90384, 68.969715 ], [ 20.837491, 68.996288 ], [ 20.795759, 69.023562 ], [ 20.548637, 69.059968 ], [ 20.719741, 69.118121 ], [ 21.056106, 69.038843 ], [ 21.104811, 69.102502 ], [ 21.058145, 69.122424 ], [ 20.993172, 69.187569 ], [ 21.00274, 69.2192 ], [ 21.098986, 69.261504 ], [ 21.280729, 69.311188 ], [ 21.627093, 69.27551 ], [ 22.173706, 68.956322 ], [ 22.197732, 68.915546 ], [ 22.338783, 68.826911 ], [ 22.379479, 68.718532 ], [ 22.53484, 68.743371 ], [ 22.798379, 68.688428 ], [ 23.042569, 68.688676 ], [ 23.172464, 68.630295 ], [ 23.438414, 68.691384 ], [ 23.671217, 68.706417 ], [ 23.729564, 68.750336 ], [ 23.776647, 68.817241 ], [ 23.880127, 68.835606 ], [ 23.983702, 68.825956 ], [ 24.075515, 68.781572 ], [ 24.154293, 68.787781 ], [ 24.157918, 68.753998 ], [ 24.256796, 68.726213 ], [ 24.602455, 68.682296 ], [ 24.762606, 68.641565 ], [ 24.853675, 68.567346 ], [ 24.889433, 68.557858 ], [ 24.929122, 68.606977 ], [ 25.07626, 68.624559 ], [ 25.109604, 68.640623 ], [ 25.125568, 68.749517 ], [ 25.154946, 68.794092 ], [ 25.281599, 68.854353 ], [ 25.404401, 68.89066 ], [ 25.479824, 68.903774 ], [ 25.53642, 68.887838 ], [ 25.588229, 68.883997 ], [ 25.619569, 68.890967 ], [ 25.652712, 68.908169 ], [ 25.707126, 68.960978 ], [ 25.720619, 68.986943 ], [ 25.770749, 69.012178 ], [ 25.773318, 69.022712 ], [ 25.750603, 69.035408 ], [ 25.748754, 69.059248 ], [ 25.727952, 69.079384 ], [ 25.723538, 69.111645 ], [ 25.741019, 69.142385 ], [ 25.69527, 69.199658 ], [ 25.70964, 69.212804 ], [ 25.704969, 69.251555 ], [ 25.743105, 69.280091 ], [ 25.740949, 69.313883 ], [ 25.786448, 69.354338 ], [ 25.814544, 69.361332 ], [ 25.816809, 69.375992 ], [ 25.842555, 69.394499 ], [ 25.803886, 69.420818 ], [ 25.835125, 69.465633 ], [ 25.86191, 69.477682 ], [ 25.850384, 69.493817 ], [ 25.874521, 69.526482 ], [ 25.846115, 69.548356 ], [ 25.933985, 69.571886 ], [ 25.972346, 69.606791 ], [ 25.954599, 69.644953 ], [ 25.898886, 69.659792 ], [ 25.898427, 69.669339 ], [ 26.004064, 69.720797 ], [ 26.053897, 69.721617 ], [ 26.131012, 69.737383 ], [ 26.155601, 69.755626 ], [ 26.178956, 69.760954 ], [ 26.19064, 69.774625 ], [ 26.243215, 69.796006 ], [ 26.248122, 69.815934 ], [ 26.38165, 69.853953 ], [ 26.412786, 69.88256 ], [ 26.412829, 69.901427 ], [ 26.450885, 69.917714 ], [ 26.468669, 69.939403 ], [ 26.673191, 69.963667 ], [ 26.720274, 69.945967 ], [ 26.849848, 69.959246 ], [ 26.877532, 69.934433 ], [ 26.962808, 69.938612 ], [ 27.03953, 69.912166 ], [ 27.294391, 69.954217 ], [ 27.301292, 69.959917 ], [ 27.279897, 69.975802 ], [ 27.284913, 69.981659 ], [ 27.360222, 69.992489 ], [ 27.424754, 70.017815 ], [ 27.524772, 70.024835 ], [ 27.556179, 70.058422 ], [ 27.604134, 70.072499 ], [ 27.673936, 70.076785 ], [ 27.746152, 70.065321 ], [ 27.955459, 70.090708 ], [ 27.993485, 70.009333 ], [ 28.160529, 69.921906 ], [ 28.340183, 69.881281 ], [ 28.33537, 69.84806 ], [ 28.402486, 69.819679 ], [ 29.135295, 69.689808 ], [ 29.174623, 69.635735 ], [ 29.332615, 69.477669 ], [ 29.219912, 69.398247 ], [ 28.833679, 69.222165 ], [ 28.829682, 69.171295 ], [ 28.80934, 69.110545 ], [ 28.856579, 69.076688 ], [ 28.92968, 69.051905 ] ], [ [ 28.413467, 66.005904 ], [ 28.421601, 65.996799 ], [ 28.432928, 66.002647 ], [ 28.428352, 66.014329 ], [ 28.413467, 66.005904 ] ] ], [ [ [ 24.993195, 65.601145 ], [ 24.983778, 65.595284 ], [ 24.967878, 65.609775 ], [ 24.972195, 65.612398 ], [ 24.993195, 65.601145 ] ] ], [ [ [ 24.962577, 65.602182 ], [ 24.947545, 65.60106 ], [ 24.934109, 65.611659 ], [ 24.936278, 65.621496 ], [ 24.951033, 65.625448 ], [ 24.962577, 65.602182 ] ] ], [ [ [ 24.900796, 65.627332 ], [ 24.888665, 65.619542 ], [ 24.871628, 65.623446 ], [ 24.886321, 65.634906 ], [ 24.900796, 65.627332 ] ] ], [ [ [ 24.860841, 65.640463 ], [ 24.858514, 65.630208 ], [ 24.837894, 65.63629 ], [ 24.842931, 65.643199 ], [ 24.860841, 65.640463 ] ] ], [ [ [ 24.588969, 65.685638 ], [ 24.60276, 65.673355 ], [ 24.582602, 65.664516 ], [ 24.586969, 65.658271 ], [ 24.54143, 65.656868 ], [ 24.511776, 65.670605 ], [ 24.573487, 65.682487 ], [ 24.603515, 65.705567 ], [ 24.607334, 65.699713 ], [ 24.588969, 65.685638 ] ] ], [ [ [ 24.603322, 65.634378 ], [ 24.599306, 65.62484 ], [ 24.581207, 65.63103 ], [ 24.58591, 65.639233 ], [ 24.603322, 65.634378 ] ] ], [ [ [ 24.540063, 65.719581 ], [ 24.514905, 65.689409 ], [ 24.501379, 65.69328 ], [ 24.520536, 65.716208 ], [ 24.520206, 65.726366 ], [ 24.529346, 65.728205 ], [ 24.540063, 65.719581 ] ] ], [ [ [ 24.500329, 65.679168 ], [ 24.481164, 65.677757 ], [ 24.48688, 65.690483 ], [ 24.500735, 65.688293 ], [ 24.500329, 65.679168 ] ] ], [ [ [ 24.350313, 65.770379 ], [ 24.347637, 65.756964 ], [ 24.333393, 65.762684 ], [ 24.341336, 65.77556 ], [ 24.350313, 65.770379 ] ] ], [ [ [ 24.297902, 65.688763 ], [ 24.300396, 65.680143 ], [ 24.276992, 65.69115 ], [ 24.282573, 65.694283 ], [ 24.297902, 65.688763 ] ] ] ] } },
{ "type": "Feature", "properties": { "loc": "FI196" }, "geometry": { "type": "MultiPolygon", "coordinates": [ [ [ [ 21.41993, 61.047443 ], [ 21.420147, 61.076602 ], [ 21.453937, 61.102264 ], [ 21.454844, 61.150506 ], [ 21.441015, 61.202632 ], [ 21.479447, 61.211096 ], [ 21.474909, 61.23857 ], [ 21.534561, 61.242034 ], [ 21.512319, 61.274655 ], [ 21.524311, 61.301863 ], [ 21.54556, 61.313279 ], [ 21.551872, 61.326912 ], [ 21.509421, 61.417569 ], [ 21.560362, 61.432561 ], [ 21.573115, 61.445987 ], [ 21.522704, 61.491974 ], [ 21.57162, 61.501752 ], [ 21.59671, 61.517383 ], [ 21.519038, 61.555839 ], [ 21.500738, 61.572473 ], [ 21.498044, 61.588723 ], [ 21.529048, 61.596265 ], [ 21.628405, 61.56591 ], [ 21.659697, 61.57404 ], [ 21.546448, 61.687216 ], [ 21.540814, 61.713826 ], [ 21.561216, 61.738229 ], [ 21.466219, 61.789648 ], [ 21.475191, 61.799252 ], [ 21.502239, 61.801762 ], [ 21.511672, 61.817376 ], [ 21.478933, 61.845408 ], [ 21.423082, 61.928892 ], [ 21.338739, 61.955712 ], [ 21.362882, 61.96243 ], [ 21.433458, 62.010522 ], [ 21.525778, 62.024265 ], [ 21.702244, 62.02085 ], [ 21.979997, 61.981868 ], [ 22.109386, 62.032648 ], [ 22.192601, 62.098508 ], [ 22.322989, 62.105812 ], [ 22.449535, 62.197145 ], [ 22.52766, 62.214153 ], [ 22.59412, 62.309245 ], [ 22.743618, 62.274073 ], [ 22.831244, 62.27089 ], [ 22.828817, 62.24307 ], [ 22.843141, 62.223819 ], [ 22.850223, 62.177549 ], [ 22.777026, 62.147402 ], [ 22.765454, 62.063958 ], [ 22.617594, 62.038381 ], [ 22.559745, 62.0008 ], [ 22.597373, 61.976721 ], [ 22.633591, 61.968782 ], [ 22.6726, 61.932388 ], [ 22.731638, 61.907221 ], [ 22.764998, 61.878058 ], [ 22.764878, 61.851528 ], [ 22.816133, 61.800718 ], [ 22.786499, 61.761663 ], [ 22.699776, 61.733714 ], [ 22.678632, 61.703289 ], [ 22.660324, 61.692327 ], [ 22.668281, 61.668841 ], [ 22.698118, 61.666236 ], [ 22.710134, 61.652872 ], [ 22.704609, 61.636856 ], [ 22.681924, 61.621276 ], [ 22.668787, 61.590842 ], [ 22.621024, 61.556104 ], [ 22.551156, 61.534141 ], [ 22.452743, 61.484601 ], [ 22.502178, 61.437369 ], [ 22.559211, 61.408382 ], [ 22.578923, 61.357078 ], [ 22.57881, 61.322858 ], [ 22.645948, 61.256512 ], [ 22.855147, 61.230457 ], [ 22.926193, 61.200544 ], [ 22.936927, 61.184385 ], [ 22.925307, 61.158029 ], [ 22.955249, 61.117554 ], [ 22.93819, 61.087093 ], [ 22.983884, 61.074181 ], [ 22.968489, 61.043258 ], [ 22.898278, 61.057981 ], [ 22.863696, 61.082914 ], [ 22.832289, 61.092083 ], [ 22.825144, 61.082913 ], [ 22.82024, 61.015079 ], [ 22.802654, 60.997079 ], [ 22.708457, 60.984611 ], [ 22.570323, 60.98598 ], [ 22.541445, 60.97473 ], [ 22.541566, 60.94794 ], [ 22.493821, 60.947163 ], [ 22.320071, 60.918889 ], [ 22.248543, 60.921422 ], [ 22.160748, 60.88198 ], [ 22.114475, 60.901775 ], [ 21.999995, 60.903129 ], [ 21.951792, 60.945558 ], [ 21.941943, 60.973547 ], [ 21.877619, 60.986065 ], [ 21.815464, 61.018624 ], [ 21.807164, 61.032065 ], [ 21.765795, 61.028713 ], [ 21.757749, 61.012257 ], [ 21.73348, 61.002078 ], [ 21.670997, 60.998075 ], [ 21.618893, 61.045795 ], [ 21.597987, 61.029425 ], [ 21.596574, 61.011243 ], [ 21.488475, 61.001362 ], [ 21.434946, 61.025176 ], [ 21.41993, 61.047443 ] ] ], [ [ [ 21.586452, 61.621525 ], [ 21.581536, 61.615658 ], [ 21.557951, 61.623575 ], [ 21.563549, 61.630443 ], [ 21.586452, 61.621525 ] ] ], [ [ [ 21.557514, 61.631089 ], [ 21.54544, 61.623218 ], [ 21.533024, 61.630791 ], [ 21.544907, 61.638039 ], [ 21.557514, 61.631089 ] ] ], [ [ [ 21.529584, 61.633821 ], [ 21.509787, 61.617857 ], [ 21.477658, 61.622272 ], [ 21.468819, 61.615173 ], [ 21.458579, 61.621888 ], [ 21.469778, 61.627414 ], [ 21.472163, 61.643501 ], [ 21.529584, 61.633821 ] ] ], [ [ [ 21.487514, 61.357787 ], [ 21.509553, 61.33965 ], [ 21.464802, 61.341592 ], [ 21.458231, 61.351302 ], [ 21.483708, 61.351603 ], [ 21.487514, 61.357787 ] ] ], [ [ [ 21.506799, 61.406576 ], [ 21.496436, 61.385274 ], [ 21.465009, 61.396802 ], [ 21.488163, 61.39529 ], [ 21.490171, 61.409934 ], [ 21.506799, 61.406576 ] ] ], [ [ [ 21.492304, 61.30071 ], [ 21.489327, 61.291414 ], [ 21.46589, 61.298167 ], [ 21.46992, 61.301863 ], [ 21.492304, 61.30071 ] ] ], [ [ [ 21.435091, 61.681747 ], [ 21.451724, 61.666956 ], [ 21.46293, 61.669071 ], [ 21.476691, 61.652783 ], [ 21.455173, 61.650862 ], [ 21.443917, 61.667202 ], [ 21.420839, 61.675413 ], [ 21.435091, 61.681747 ] ] ], [ [ [ 21.428796, 61.632354 ], [ 21.422961, 61.623239 ], [ 21.45464, 61.608527 ], [ 21.430491, 61.6108 ], [ 21.415545, 61.62921 ], [ 21.383827, 61.632557 ], [ 21.405992, 61.639982 ], [ 21.428796, 61.632354 ] ] ], [ [ [ 21.452435, 61.84161 ], [ 21.439235, 61.838528 ], [ 21.42855, 61.846077 ], [ 21.445084, 61.852638 ], [ 21.452435, 61.84161 ] ] ], [ [ [ 21.442425, 61.3707 ], [ 21.43339, 61.361154 ], [ 21.423561, 61.373744 ], [ 21.431233, 61.385282 ], [ 21.442425, 61.3707 ] ] ], [ [ [ 21.424254, 61.169566 ], [ 21.411679, 61.168271 ], [ 21.405142, 61.176205 ], [ 21.42301, 61.183336 ], [ 21.424254, 61.169566 ] ] ], [ [ [ 21.401827, 61.182475 ], [ 21.363725, 61.172703 ], [ 21.352484, 61.174788 ], [ 21.342523, 61.192928 ], [ 21.377414, 61.215767 ], [ 21.393377, 61.210995 ], [ 21.385793, 61.195119 ], [ 21.401827, 61.182475 ] ] ], [ [ [ 21.384094, 61.407672 ], [ 21.376388, 61.397315 ], [ 21.363656, 61.408188 ], [ 21.377399, 61.415057 ], [ 21.384094, 61.407672 ] ] ], [ [ [ 21.382068, 61.93388 ], [ 21.377653, 61.920918 ], [ 21.361564, 61.925928 ], [ 21.364621, 61.933575 ], [ 21.382068, 61.93388 ] ] ], [ [ [ 21.380409, 61.680333 ], [ 21.367386, 61.673541 ], [ 21.359569, 61.683642 ], [ 21.369024, 61.690706 ], [ 21.380409, 61.680333 ] ] ], [ [ [ 21.368705, 61.426219 ], [ 21.370241, 61.415778 ], [ 21.345817, 61.425011 ], [ 21.35394, 61.430784 ], [ 21.368705, 61.426219 ] ] ], [ [ [ 21.361624, 61.475626 ], [ 21.342778, 61.46849 ], [ 21.336424, 61.475867 ], [ 21.350317, 61.483836 ], [ 21.361624, 61.475626 ] ] ] ] } },
{ "type": "Feature", "properties": { "loc": "FI197" }, "geometry": { "type": "Polygon", "coordinates": [ [ [ 22.831244, 62.27089 ], [ 22.901185, 62.270036 ], [ 23.20217, 62.331222 ], [ 23.22404, 62.351958 ], [ 23.264013, 62.361437 ], [ 23.253087, 62.377552 ], [ 23.275162, 62.406297 ], [ 23.326005, 62.421482 ], [ 23.41825, 62.380176 ], [ 23.476482, 62.38086 ], [ 23.511277, 62.372213 ], [ 23.509156, 62.412842 ], [ 23.663918, 62.410347 ], [ 23.756499, 62.45339 ], [ 23.787962, 62.46251 ], [ 23.807334, 62.457605 ], [ 23.809547, 62.479148 ], [ 23.83218, 62.491485 ], [ 23.84628, 62.460379 ], [ 23.865474, 62.46264 ], [ 23.871709, 62.48377 ], [ 23.898101, 62.481818 ], [ 23.909439, 62.46105 ], [ 23.904124, 62.43643 ], [ 23.909629, 62.414239 ], [ 23.922179, 62.395529 ], [ 23.989876, 62.377878 ], [ 24.012998, 62.36333 ], [ 24.029195, 62.312772 ], [ 24.070407, 62.296699 ], [ 24.0891, 62.274441 ], [ 24.149797, 62.253331 ], [ 24.263813, 62.25385 ], [ 24.29575, 62.197629 ], [ 24.339421, 62.170338 ], [ 24.392759, 62.168484 ], [ 24.427178, 62.157838 ], [ 24.441538, 62.177232 ], [ 24.510256, 62.20005 ], [ 24.554465, 62.185776 ], [ 24.604541, 62.140014 ], [ 24.666432, 62.114009 ], [ 24.673352, 62.05766 ], [ 24.705326, 62.041217 ], [ 24.718452, 62.020771 ], [ 24.625282, 61.990488 ], [ 24.59319, 61.959821 ], [ 24.547856, 61.939153 ], [ 24.536933, 61.915905 ], [ 24.657643, 61.865905 ], [ 24.726565, 61.817327 ], [ 24.806009, 61.776987 ], [ 24.801138, 61.759667 ], [ 24.753058, 61.779574 ], [ 24.729505, 61.772647 ], [ 24.744802, 61.695529 ], [ 24.764863, 61.683037 ], [ 24.797892, 61.686276 ], [ 24.830029, 61.67583 ], [ 24.805564, 61.646626 ], [ 24.796148, 61.611477 ], [ 24.832096, 61.571063 ], [ 24.870881, 61.591316 ], [ 24.909352, 61.586366 ], [ 24.91052, 61.567433 ], [ 24.893565, 61.547248 ], [ 24.937785, 61.536436 ], [ 24.930899, 61.486547 ], [ 24.970472, 61.450705 ], [ 24.858361, 61.471153 ], [ 24.86339, 61.450305 ], [ 24.909253, 61.41534 ], [ 24.89785, 61.394493 ], [ 24.893403, 61.356468 ], [ 24.913934, 61.324883 ], [ 24.875044, 61.286031 ], [ 24.790352, 61.271398 ], [ 24.768149, 61.275602 ], [ 24.73478, 61.303207 ], [ 24.698653, 61.277376 ], [ 24.553513, 61.297508 ], [ 24.397213, 61.249841 ], [ 24.280844, 61.235225 ], [ 24.264341, 61.21596 ], [ 24.289186, 61.188734 ], [ 24.233267, 61.152771 ], [ 24.148066, 61.142806 ], [ 24.131813, 61.124725 ], [ 24.042329, 61.122544 ], [ 23.859157, 61.077724 ], [ 23.798767, 61.075616 ], [ 23.775455, 61.058964 ], [ 23.796131, 61.048668 ], [ 23.806394, 61.031724 ], [ 23.858155, 61.033368 ], [ 23.868794, 61.025625 ], [ 23.831256, 60.998746 ], [ 23.859028, 60.962678 ], [ 23.844969, 60.94558 ], [ 23.794532, 60.985772 ], [ 23.743493, 60.993649 ], [ 23.716758, 61.006661 ], [ 23.629104, 61.002938 ], [ 23.587624, 60.986692 ], [ 23.572826, 60.999273 ], [ 23.473211, 60.988185 ], [ 23.457861, 60.969656 ], [ 23.416133, 60.969241 ], [ 23.360024, 61.013213 ], [ 23.273629, 61.018569 ], [ 23.260959, 61.007128 ], [ 23.195351, 61.001223 ], [ 23.165033, 61.005451 ], [ 23.148061, 61.031414 ], [ 23.05534, 61.030996 ], [ 23.016266, 61.022405 ], [ 22.968489, 61.043258 ], [ 22.983884, 61.074181 ], [ 22.93819, 61.087093 ], [ 22.955249, 61.117554 ], [ 22.925307, 61.158029 ], [ 22.936927, 61.184385 ], [ 22.926193, 61.200544 ], [ 22.855147, 61.230457 ], [ 22.645948, 61.256512 ], [ 22.57881, 61.322858 ], [ 22.578923, 61.357078 ], [ 22.559211, 61.408382 ], [ 22.502178, 61.437369 ], [ 22.452743, 61.484601 ], [ 22.551156, 61.534141 ], [ 22.621024, 61.556104 ], [ 22.668787, 61.590842 ], [ 22.681924, 61.621276 ], [ 22.704609, 61.636856 ], [ 22.710134, 61.652872 ], [ 22.698118, 61.666236 ], [ 22.668281, 61.668841 ], [ 22.660324, 61.692327 ], [ 22.678632, 61.703289 ], [ 22.699776, 61.733714 ], [ 22.786499, 61.761663 ], [ 22.816133, 61.800718 ], [ 22.764878, 61.851528 ], [ 22.764998, 61.878058 ], [ 22.731638, 61.907221 ], [ 22.6726, 61.932388 ], [ 22.633591, 61.968782 ], [ 22.597373, 61.976721 ], [ 22.559745, 62.0008 ], [ 22.617594, 62.038381 ], [ 22.765454, 62.063958 ], [ 22.777026, 62.147402 ], [ 22.850223, 62.177549 ], [ 22.843141, 62.223819 ], [ 22.828817, 62.24307 ], [ 22.831244, 62.27089 ] ] ] } },
{ "type": "Feature", "properties": { "loc": "FI1B1" }, "geometry": { "type": "MultiPolygon", "coordinates": [ [ [ [ 26.20836, 60.757992 ], [ 26.242337, 60.748735 ], [ 26.264268, 60.761334 ], [ 26.300127, 60.749203 ], [ 26.300297, 60.739654 ], [ 26.327197, 60.71332 ], [ 26.331833, 60.68917 ], [ 26.36005, 60.660498 ], [ 26.445462, 60.644095 ], [ 26.474629, 60.621442 ], [ 26.486776, 60.598925 ], [ 26.537778, 60.591248 ], [ 26.542536, 60.556772 ], [ 26.498722, 60.545089 ], [ 26.506907, 60.529917 ], [ 26.470714, 60.511324 ], [ 26.453932, 60.487652 ], [ 26.447049, 60.437757 ], [ 26.429109, 60.408711 ], [ 26.458399, 60.387436 ], [ 26.515099, 60.365571 ], [ 26.519519, 60.34957 ], [ 26.457922, 60.361 ], [ 26.430157, 60.354276 ], [ 26.404313, 60.373484 ], [ 26.402897, 60.391691 ], [ 26.386342, 60.400429 ], [ 26.321451, 60.386039 ], [ 26.263405, 60.427616 ], [ 26.243997, 60.40525 ], [ 26.197376, 60.402911 ], [ 26.192576, 60.384842 ], [ 26.178149, 60.379158 ], [ 25.983274, 60.462052 ], [ 25.982309, 60.448342 ], [ 26.017813, 60.419092 ], [ 26.039906, 60.380579 ], [ 26.09818, 60.330815 ], [ 26.07988, 60.31687 ], [ 26.042821, 60.31388 ], [ 25.98541, 60.35535 ], [ 25.903942, 60.375632 ], [ 25.886131, 60.319817 ], [ 25.909808, 60.268499 ], [ 25.906032, 60.242149 ], [ 25.849157, 60.28076 ], [ 25.784731, 60.301989 ], [ 25.778839, 60.294292 ], [ 25.805878, 60.269372 ], [ 25.77158, 60.256119 ], [ 25.75464, 60.254608 ], [ 25.700825, 60.274602 ], [ 25.655357, 60.31125 ], [ 25.633462, 60.34588 ], [ 25.551815, 60.324076 ], [ 25.521003, 60.281245 ], [ 25.448966, 60.237922 ], [ 25.43167, 60.23752 ], [ 25.371552, 60.261924 ], [ 25.249847, 60.254206 ], [ 25.223069, 60.237429 ], [ 25.246506, 60.230996 ], [ 25.240971, 60.2179 ], [ 25.210333, 60.230335 ], [ 25.154544, 60.197526 ], [ 25.092654, 60.19057 ], [ 25.057477, 60.153393 ], [ 24.99465, 60.198773 ], [ 24.933341, 60.16222 ], [ 24.870204, 60.185368 ], [ 24.852911, 60.177705 ], [ 24.839917, 60.191396 ], [ 24.812908, 60.169742 ], [ 24.738157, 60.144677 ], [ 24.70729, 60.122192 ], [ 24.629182, 60.140395 ], [ 24.626345, 60.097221 ], [ 24.605839, 60.06849 ], [ 24.496462, 60.003229 ], [ 24.433785, 59.981798 ], [ 24.417179, 59.9887 ], [ 24.420342, 60.020703 ], [ 24.354508, 60.023984 ], [ 24.358166, 60.064912 ], [ 24.331575, 60.078012 ], [ 24.278761, 60.05313 ], [ 24.203575, 60.05076 ], [ 24.167211, 60.036779 ], [ 24.051776, 60.024233 ], [ 24.011575, 60.02974 ], [ 23.885513, 59.992371 ], [ 23.89767, 59.983093 ], [ 23.956711, 59.979221 ], [ 23.927285, 59.950322 ], [ 23.859677, 59.954622 ], [ 23.823204, 59.982501 ], [ 23.731776, 59.964727 ], [ 23.692524, 59.93271 ], [ 23.45302, 59.89515 ], [ 23.39615, 59.874979 ], [ 23.381346, 59.887566 ], [ 23.392012, 59.905779 ], [ 23.3418, 59.923995 ], [ 23.248927, 59.892056 ], [ 23.230989, 59.852851 ], [ 23.212277, 59.84063 ], [ 22.94271, 59.825094 ], [ 22.955447, 59.844884 ], [ 23.087384, 59.885897 ], [ 23.110876, 59.903156 ], [ 23.143691, 59.895554 ], [ 23.169664, 59.908976 ], [ 23.152787, 59.951766 ], [ 23.111007, 59.957595 ], [ 23.103311, 59.997715 ], [ 23.062834, 59.986446 ], [ 23.072346, 59.943757 ], [ 23.057874, 59.926307 ], [ 23.033801, 59.916031 ], [ 22.986973, 59.938099 ], [ 22.955455, 59.91327 ], [ 22.902609, 59.918021 ], [ 22.824628, 59.982857 ], [ 22.820841, 60.001036 ], [ 22.826988, 60.00686 ], [ 22.86279, 59.977897 ], [ 23.001714, 59.985954 ], [ 23.009516, 59.998473 ], [ 23.007313, 60.032558 ], [ 23.031725, 60.054059 ], [ 23.007458, 60.079818 ], [ 23.029599, 60.100841 ], [ 23.062295, 60.092234 ], [ 23.151152, 60.103597 ], [ 23.20123, 60.131382 ], [ 23.265675, 60.153217 ], [ 23.302409, 60.184037 ], [ 23.362025, 60.156255 ], [ 23.470387, 60.174335 ], [ 23.540221, 60.197217 ], [ 23.593853, 60.195674 ], [ 23.634913, 60.204845 ], [ 23.633593, 60.229792 ], [ 23.616064, 60.261971 ], [ 23.658963, 60.29298 ], [ 23.718475, 60.309856 ], [ 23.733666, 60.365632 ], [ 23.786233, 60.40254 ], [ 23.781039, 60.440275 ], [ 23.719136, 60.454323 ], [ 23.71454, 60.467816 ], [ 23.744946, 60.487832 ], [ 23.825433, 60.4932 ], [ 23.853647, 60.503297 ], [ 23.859612, 60.549133 ], [ 23.886841, 60.567143 ], [ 23.907627, 60.595574 ], [ 23.877906, 60.620653 ], [ 23.900493, 60.649758 ], [ 23.96606, 60.639137 ], [ 24.0376, 60.643289 ], [ 24.089301, 60.628992 ], [ 24.221707, 60.61925 ], [ 24.248171, 60.590995 ], [ 24.286596, 60.569701 ], [ 24.306276, 60.587566 ], [ 24.360701, 60.607481 ], [ 24.397074, 60.595574 ], [ 24.41059, 60.570212 ], [ 24.447901, 60.554812 ], [ 24.549383, 60.565293 ], [ 24.568192, 60.582923 ], [ 24.568678, 60.634182 ], [ 24.614181, 60.663575 ], [ 24.731243, 60.649224 ], [ 24.807455, 60.668969 ], [ 24.845233, 60.660186 ], [ 24.904374, 60.662879 ], [ 25.027285, 60.683695 ], [ 25.099984, 60.666134 ], [ 25.095912, 60.697992 ], [ 25.157417, 60.723883 ], [ 25.127727, 60.739654 ], [ 25.07709, 60.720933 ], [ 25.064062, 60.725122 ], [ 25.093063, 60.76003 ], [ 25.149127, 60.774382 ], [ 25.110527, 60.80677 ], [ 25.110966, 60.818584 ], [ 25.17724, 60.820124 ], [ 25.206248, 60.839322 ], [ 25.22406, 60.803718 ], [ 25.280663, 60.777542 ], [ 25.300756, 60.754383 ], [ 25.38078, 60.755133 ], [ 25.434894, 60.793905 ], [ 25.469638, 60.793049 ], [ 25.512416, 60.748716 ], [ 25.523862, 60.703065 ], [ 25.603344, 60.676069 ], [ 25.674516, 60.693037 ], [ 25.719281, 60.714797 ], [ 25.814862, 60.713255 ], [ 25.897171, 60.734329 ], [ 25.938862, 60.708497 ], [ 26.02614, 60.714947 ], [ 26.120682, 60.688969 ], [ 26.208362, 60.71877 ], [ 26.216744, 60.732336 ], [ 26.20836, 60.757992 ] ] ], [ [ [ 26.353858, 60.367214 ], [ 26.348659, 60.359347 ], [ 26.334307, 60.372572 ], [ 26.345075, 60.378903 ], [ 26.353858, 60.367214 ] ] ], [ [ [ 26.288117, 60.34819 ], [ 26.289505, 60.339402 ], [ 26.275351, 60.343217 ], [ 26.269267, 60.354248 ], [ 26.288117, 60.34819 ] ] ], [ [ [ 26.233678, 60.322368 ], [ 26.20056, 60.319247 ], [ 26.166277, 60.34948 ], [ 26.204567, 60.345006 ], [ 26.233678, 60.322368 ] ] ], [ [ [ 26.140157, 60.295106 ], [ 26.123268, 60.292466 ], [ 26.119441, 60.286467 ], [ 26.136899, 60.283001 ], [ 26.119866, 60.274786 ], [ 26.098438, 60.291412 ], [ 26.10533, 60.309526 ], [ 26.124204, 60.310798 ], [ 26.140157, 60.295106 ] ] ], [ [ [ 26.117347, 60.387478 ], [ 26.117478, 60.369175 ], [ 26.106951, 60.387229 ], [ 26.090877, 60.383393 ], [ 26.085448, 60.389724 ], [ 26.101691, 60.394122 ], [ 26.117347, 60.387478 ] ] ], [ [ [ 26.088032, 60.289057 ], [ 26.077688, 60.277767 ], [ 26.07073, 60.287226 ], [ 26.037556, 60.293906 ], [ 26.063285, 60.297692 ], [ 26.088032, 60.289057 ] ] ], [ [ [ 25.939083, 60.35409 ], [ 25.995909, 60.33591 ], [ 25.992577, 60.326714 ], [ 26.009833, 60.320389 ], [ 26.000791, 60.295468 ], [ 26.029776, 60.286968 ], [ 26.027407, 60.279971 ], [ 26.006163, 60.279314 ], [ 26.00063, 60.266601 ], [ 25.977144, 60.266237 ], [ 25.963383, 60.274466 ], [ 25.942359, 60.269212 ], [ 25.933536, 60.28029 ], [ 25.939779, 60.286707 ], [ 25.934544, 60.302535 ], [ 25.956021, 60.301549 ], [ 25.953982, 60.318964 ], [ 25.92958, 60.345973 ], [ 25.939083, 60.35409 ] ] ], [ [ [ 25.97896, 60.220298 ], [ 25.955799, 60.213568 ], [ 25.949561, 60.219177 ], [ 25.973376, 60.226591 ], [ 25.97896, 60.220298 ] ] ], [ [ [ 25.967703, 60.243465 ], [ 25.949021, 60.240808 ], [ 25.945787, 60.243274 ], [ 25.967664, 60.255503 ], [ 25.967703, 60.243465 ] ] ], [ [ [ 25.823642, 60.229223 ], [ 25.871883, 60.227794 ], [ 25.906636, 60.212707 ], [ 25.90077, 60.204985 ], [ 25.880809, 60.208957 ], [ 25.826837, 60.193645 ], [ 25.812711, 60.202618 ], [ 25.823642, 60.229223 ] ] ], [ [ [ 25.861305, 60.255559 ], [ 25.861426, 60.248504 ], [ 25.847187, 60.249205 ], [ 25.842375, 60.258499 ], [ 25.844707, 60.263471 ], [ 25.861305, 60.255559 ] ] ], [ [ [ 25.688742, 60.21256 ], [ 25.670286, 60.211026 ], [ 25.662137, 60.224857 ], [ 25.670992, 60.232661 ], [ 25.688742, 60.21256 ] ] ], [ [ [ 25.642854, 60.226419 ], [ 25.632107, 60.208796 ], [ 25.603291, 60.223426 ], [ 25.609064, 60.237098 ], [ 25.59156, 60.24422 ], [ 25.570774, 60.270096 ], [ 25.575971, 60.300314 ], [ 25.603291, 60.312182 ], [ 25.618039, 60.286857 ], [ 25.66468, 60.26037 ], [ 25.673235, 60.244613 ], [ 25.642854, 60.226419 ] ] ], [ [ [ 25.571072, 60.22022 ], [ 25.549217, 60.218417 ], [ 25.54838, 60.22549 ], [ 25.56336, 60.231136 ], [ 25.571072, 60.22022 ] ] ], [ [ [ 25.548757, 60.212166 ], [ 25.536352, 60.19537 ], [ 25.521392, 60.213562 ], [ 25.530604, 60.217759 ], [ 25.548757, 60.212166 ] ] ], [ [ [ 25.537929, 60.25442 ], [ 25.53293, 60.235803 ], [ 25.511557, 60.237991 ], [ 25.523999, 60.25442 ], [ 25.537929, 60.25442 ] ] ], [ [ [ 25.51023, 60.211967 ], [ 25.509394, 60.201414 ], [ 25.490028, 60.205053 ], [ 25.499196, 60.215899 ], [ 25.51023, 60.211967 ] ] ], [ [ [ 25.463039, 60.185565 ], [ 25.463864, 60.171894 ], [ 25.438328, 60.178533 ], [ 25.463039, 60.185565 ] ] ], [ [ [ 25.438726, 60.173658 ], [ 25.438463, 60.161503 ], [ 25.42739, 60.166234 ], [ 25.407955, 60.151792 ], [ 25.409391, 60.166695 ], [ 25.438726, 60.173658 ] ] ], [ [ [ 25.322121, 60.249173 ], [ 25.363076, 60.240088 ], [ 25.366362, 60.234425 ], [ 25.350211, 60.225084 ], [ 25.346146, 60.232936 ], [ 25.299795, 60.244941 ], [ 25.322121, 60.249173 ] ] ], [ [ [ 25.352048, 60.173679 ], [ 25.344326, 60.164263 ], [ 25.327187, 60.172999 ], [ 25.33649, 60.178656 ], [ 25.352048, 60.173679 ] ] ], [ [ [ 25.321167, 60.227473 ], [ 25.319366, 60.219938 ], [ 25.307447, 60.218197 ], [ 25.299995, 60.226026 ], [ 25.285811, 60.224831 ], [ 25.277575, 60.235494 ], [ 25.321167, 60.227473 ] ] ], [ [ [ 25.251217, 60.179448 ], [ 25.246857, 60.17113 ], [ 25.227317, 60.177365 ], [ 25.230384, 60.184889 ], [ 25.251217, 60.179448 ] ] ], [ [ [ 25.133025, 60.163132 ], [ 25.125019, 60.150357 ], [ 25.107923, 60.160952 ], [ 25.110881, 60.163596 ], [ 25.133025, 60.163132 ] ] ], [ [ [ 25.059909, 60.100606 ], [ 25.042039, 60.093042 ], [ 25.03863, 60.100988 ], [ 25.054276, 60.106683 ], [ 25.059909, 60.100606 ] ] ], [ [ [ 24.988916, 60.153745 ], [ 24.997473, 60.139507 ], [ 25.009171, 60.141219 ], [ 24.99667, 60.125168 ], [ 24.977799, 60.146221 ], [ 24.988916, 60.153745 ] ] ], [ [ [ 24.886879, 60.156472 ], [ 24.894219, 60.150408 ], [ 24.88753, 60.141376 ], [ 24.895966, 60.129174 ], [ 24.885875, 60.12501 ], [ 24.880383, 60.13112 ], [ 24.884593, 60.141445 ], [ 24.873508, 60.144719 ], [ 24.872924, 60.153878 ], [ 24.856246, 60.152196 ], [ 24.854318, 60.163175 ], [ 24.856432, 60.169663 ], [ 24.892121, 60.163617 ], [ 24.886879, 60.156472 ] ] ], [ [ [ 24.793779, 60.131168 ], [ 24.777357, 60.126263 ], [ 24.76962, 60.128766 ], [ 24.791096, 60.139064 ], [ 24.793779, 60.131168 ] ] ], [ [ [ 24.67946, 60.107497 ], [ 24.674449, 60.097367 ], [ 24.656504, 60.101599 ], [ 24.665881, 60.110984 ], [ 24.67946, 60.107497 ] ] ], [ [ [ 24.664513, 60.081593 ], [ 24.649296, 60.074909 ], [ 24.642869, 60.080039 ], [ 24.648547, 60.087371 ], [ 24.663584, 60.087706 ], [ 24.664513, 60.081593 ] ] ], [ [ [ 24.504067, 59.990117 ], [ 24.485676, 59.980137 ], [ 24.477056, 59.986523 ], [ 24.496639, 59.99504 ], [ 24.504067, 59.990117 ] ] ], [ [ [ 24.379529, 59.948525 ], [ 24.362379, 59.942766 ], [ 24.356529, 59.949042 ], [ 24.381571, 59.958122 ], [ 24.379529, 59.948525 ] ] ], [ [ [ 24.367195, 59.994827 ], [ 24.34797, 59.99319 ], [ 24.353879, 60.005424 ], [ 24.364185, 60.007557 ], [ 24.367195, 59.994827 ] ] ], [ [ [ 24.22291, 60.010042 ], [ 24.203513, 60.002472 ], [ 24.195605, 60.008654 ], [ 24.220465, 60.016633 ], [ 24.22291, 60.010042 ] ] ], [ [ [ 24.149727, 60.004225 ], [ 24.130581, 59.997198 ], [ 24.122983, 59.999015 ], [ 24.144923, 60.009924 ], [ 24.149727, 60.004225 ] ] ], [ [ [ 24.100911, 60.020981 ], [ 24.097225, 60.01217 ], [ 24.079251, 60.018663 ], [ 24.083796, 60.024576 ], [ 24.100911, 60.020981 ] ] ], [ [ [ 24.055253, 59.991537 ], [ 24.053614, 59.982522 ], [ 24.035975, 59.994575 ], [ 24.041732, 59.998141 ], [ 24.055253, 59.991537 ] ] ], [ [ [ 23.981732, 60.00206 ], [ 23.983589, 59.992025 ], [ 23.957822, 59.999774 ], [ 23.962778, 60.005222 ], [ 23.981732, 60.00206 ] ] ], [ [ [ 23.961463, 59.930938 ], [ 23.940624, 59.929641 ], [ 23.937577, 59.932596 ], [ 23.953896, 59.943924 ], [ 23.961463, 59.930938 ] ] ], [ [ [ 23.890332, 59.934826 ], [ 23.889364, 59.922263 ], [ 23.872559, 59.924628 ], [ 23.878747, 59.936603 ], [ 23.890332, 59.934826 ] ] ], [ [ [ 23.865727, 59.914407 ], [ 23.863904, 59.897941 ], [ 23.841216, 59.919235 ], [ 23.855647, 59.924777 ], [ 23.865727, 59.914407 ] ] ], [ [ [ 23.848287, 59.951015 ], [ 23.843967, 59.939 ], [ 23.836268, 59.944618 ], [ 23.848287, 59.951015 ] ] ], [ [ [ 23.815979, 59.953903 ], [ 23.819951, 59.942956 ], [ 23.834802, 59.944453 ], [ 23.834802, 59.934934 ], [ 23.820968, 59.929597 ], [ 23.838928, 59.923617 ], [ 23.831242, 59.91871 ], [ 23.809203, 59.925408 ], [ 23.815554, 59.935489 ], [ 23.8013, 59.944168 ], [ 23.815979, 59.953903 ] ] ], [ [ [ 23.795009, 59.937918 ], [ 23.785736, 59.92911 ], [ 23.775762, 59.939744 ], [ 23.791582, 59.947423 ], [ 23.795009, 59.937918 ] ] ], [ [ [ 23.772135, 59.932416 ], [ 23.751985, 59.922339 ], [ 23.746066, 59.926807 ], [ 23.747805, 59.940758 ], [ 23.764802, 59.945207 ], [ 23.772135, 59.932416 ] ] ], [ [ [ 23.668466, 59.91499 ], [ 23.654287, 59.90315 ], [ 23.648047, 59.913368 ], [ 23.6536, 59.919065 ], [ 23.668466, 59.91499 ] ] ], [ [ [ 23.606917, 59.862202 ], [ 23.595266, 59.859704 ], [ 23.587904, 59.866375 ], [ 23.600738, 59.877603 ], [ 23.606917, 59.862202 ] ] ], [ [ [ 23.580626, 59.823947 ], [ 23.574023, 59.819048 ], [ 23.555852, 59.827247 ], [ 23.576217, 59.830714 ], [ 23.580626, 59.823947 ] ] ], [ [ [ 23.557109, 59.9026 ], [ 23.550853, 59.886418 ], [ 23.534433, 59.888768 ], [ 23.550143, 59.904679 ], [ 23.557109, 59.9026 ] ] ], [ [ [ 23.343125, 59.841114 ], [ 23.328709, 59.831665 ], [ 23.320812, 59.836907 ], [ 23.328855, 59.844185 ], [ 23.343125, 59.841114 ] ] ], [ [ [ 23.334247, 59.885804 ], [ 23.320529, 59.881971 ], [ 23.286973, 59.887158 ], [ 23.294188, 59.892891 ], [ 23.334247, 59.885804 ] ] ], [ [ [ 23.305083, 59.871716 ], [ 23.314563, 59.859096 ], [ 23.298407, 59.859202 ], [ 23.29013, 59.867693 ], [ 23.305083, 59.871716 ] ] ], [ [ [ 23.071635, 59.905935 ], [ 23.074898, 59.891746 ], [ 23.055179, 59.894745 ], [ 23.061252, 59.904534 ], [ 23.071635, 59.905935 ] ] ], [ [ [ 22.977588, 59.896302 ], [ 22.98084, 59.886583 ], [ 22.953473, 59.893576 ], [ 22.977588, 59.896302 ] ] ], [ [ [ 22.9551, 59.769042 ], [ 22.948323, 59.764961 ], [ 22.943623, 59.768527 ], [ 22.945722, 59.772755 ], [ 22.9551, 59.769042 ] ] ], [ [ [ 22.945324, 59.773141 ], [ 22.936826, 59.768777 ], [ 22.939066, 59.777622 ], [ 22.945324, 59.773141 ] ] ], [ [ [ 22.909252, 59.900047 ], [ 22.900873, 59.890149 ], [ 22.887885, 59.898946 ], [ 22.896379, 59.906912 ], [ 22.909252, 59.900047 ] ] ] ] } }
]
}
