{
"type": "FeatureCollection",
"name": "regions_BF",
"crs": { "type": "name", "properties": { "name": "urn:ogc:def:crs:OGC:1.3:CRS84" } },
"features": [
{ "type": "Feature", "properties": { "loc": "BF-A2-0101" }, "geometry": { "type": "Polygon", "coordinates": [ [ [ -2.919866867999926, 12.049579259000051 ], [ -2.904375597999903, 12.025003527000042 ], [ -2.855255320999978, 12.002509610000065 ], [ -2.849281564999978, 11.974236821000048 ], [ -2.877401947999908, 11.944669500000035 ], [ -2.87940002799994, 11.933176162000045 ], [ -2.830370844, 11.897447423000049 ], [ -2.822469086999907, 11.876235687000111 ], [ -2.848938773999949, 11.829858037000093 ], [ -2.882197027, 11.814454614000056 ], [ -2.922345297999912, 11.813566334000011 ], [ -2.918265040999907, 11.783728318000072 ], [ -2.870668302999918, 11.752799866000061 ], [ -2.797027796999957, 11.761303129000098 ], [ -2.757037694999981, 11.730894764000041 ], [ -2.720890013999961, 11.693313175000039 ], [ -2.708415487999966, 11.609657204000065 ], [ -2.686431145999963, 11.598221226000025 ], [ -2.671218179999963, 11.578616027000052 ], [ -2.671444836999976, 11.502053461000081 ], [ -2.580677795999959, 11.444592006000029 ], [ -2.542656699, 11.435012272 ], [ -2.516386710999968, 11.411348524000051 ], [ -2.55484576999992, 11.384260665000021 ], [ -2.558133599, 11.374091624000091 ], [ -2.620089543999954, 11.375679319 ], [ -2.631280634999983, 11.325664095000018 ], [ -2.700702339999933, 11.32966749800006 ], [ -2.740575416, 11.349863686000081 ], [ -2.769736356999958, 11.328626006000039 ], [ -2.783237960999935, 11.300410571000061 ], [ -2.802455034999946, 11.284344120000053 ], [ -2.806071148999917, 11.240309854000039 ], [ -2.863671157999975, 11.245408619000028 ], [ -2.88133988099995, 11.254722323000063 ], [ -2.840521356999909, 11.309526934000111 ], [ -2.84489104199997, 11.345984828000041 ], [ -2.830171365999929, 11.409879981000046 ], [ -2.832598094999989, 11.460897069000062 ], [ -2.85718778699991, 11.478879988000099 ], [ -2.837738292999942, 11.498684575000048 ], [ -2.831344601999925, 11.518269570000037 ], [ -2.846656338999926, 11.539838176000014 ], [ -2.868153632999954, 11.53845600200005 ], [ -2.889828829999958, 11.550710181000021 ], [ -2.894113792999936, 11.545457396000078 ], [ -2.886085229999919, 11.532223442000042 ], [ -2.901090010999924, 11.527842743000047 ], [ -2.942029831999965, 11.560492488000015 ], [ -2.941335611999901, 11.546917769000029 ], [ -2.961841357999956, 11.554373193000053 ], [ -2.986862001999918, 11.532824266000016 ], [ -2.994473451999974, 11.545648482000079 ], [ -3.017672979999892, 11.549943754000022 ], [ -3.020644471, 11.56164496600007 ], [ -3.012400408, 11.570735471000024 ], [ -3.036587171999977, 11.582004111000074 ], [ -3.044864395999964, 11.57701309800003 ], [ -3.052193666999942, 11.587060521000112 ], [ -3.074252858999921, 11.58032947300007 ], [ -3.072680781999965, 11.565193019 ], [ -3.085082261999955, 11.565535565000104 ], [ -3.09815505999998, 11.540434082000026 ], [ -3.126341024999918, 11.524172813000064 ], [ -3.165579630999976, 11.517028961000062 ], [ -3.192690465999954, 11.497778634000053 ], [ -3.225255422000012, 11.504909953 ], [ -3.255932713999937, 11.483855873000046 ], [ -3.285146250999988, 11.487096930000071 ], [ -3.308159870999889, 11.515265839000019 ], [ -3.296585842999972, 11.523458934000061 ], [ -3.301541745999953, 11.532257777000041 ], [ -3.294917544999959, 11.562817205000073 ], [ -3.362477720999985, 11.565635663000037 ], [ -3.383930066999935, 11.573380926000063 ], [ -3.383546522999909, 11.585756321000115 ], [ -3.408399072999907, 11.601786884 ], [ -3.420511285999944, 11.620653332000039 ], [ -3.395503154999952, 11.63866480700004 ], [ -3.39019276099995, 11.665309497000084 ], [ -3.364321633999962, 11.696252812000083 ], [ -3.389945381999909, 11.696730069000047 ], [ -3.408265452999954, 11.712470589000088 ], [ -3.420182317, 11.708987482000019 ], [ -3.473985356999948, 11.73081996800007 ], [ -3.490033924999986, 11.725386169000071 ], [ -3.494249260999977, 11.732194155000084 ], [ -3.526854232999971, 11.737161715000052 ], [ -3.56214015300001, 11.763580810000082 ], [ -3.564235465, 11.778436834000036 ], [ -3.584810659999943, 11.806162210000057 ], [ -3.601890932999902, 11.814302625 ], [ -3.582707672999935, 11.853568140000068 ], [ -3.586008063999985, 11.877430490000027 ], [ -3.580473810999935, 11.883791268000074 ], [ -3.565133610999977, 11.887054141000039 ], [ -3.552757205000018, 11.900735963 ], [ -3.522400475999971, 11.907207642000081 ], [ -3.511290081999957, 11.902526703000024 ], [ -3.496724709999982, 11.927446264000061 ], [ -3.473512658999917, 11.936711425000077 ], [ -3.494186074999989, 11.984078811000096 ], [ -3.440191506, 11.996317180000091 ], [ -3.385748745999956, 12.000664741 ], [ -3.364211142999968, 11.969375678000091 ], [ -3.351823022999928, 11.98746558500001 ], [ -3.328016740999901, 11.988434964000014 ], [ -3.276190492999903, 11.950895443000029 ], [ -3.27315962399995, 11.934281244 ], [ -3.281603531999961, 11.911630608000021 ], [ -3.266811796999908, 11.893679184000103 ], [ -3.222624619999942, 11.883943813 ], [ -3.217623573999956, 11.90755555200009 ], [ -3.195357768999935, 11.928701796000027 ], [ -3.14141292399997, 11.887151173000074 ], [ -3.092084265999945, 11.897433639000063 ], [ -3.094727387999968, 11.928691469000061 ], [ -3.108957667999929, 11.963859613000036 ], [ -3.180542344999965, 11.963351318000079 ], [ -3.195193892999965, 12.002723144000058 ], [ -3.230086213999944, 12.027846147000052 ], [ -3.229465988999964, 12.076400191000022 ], [ -3.208383435999968, 12.107399109 ], [ -3.167984925999951, 12.107299888000053 ], [ -3.152276976999941, 12.086590706000042 ], [ -3.128216428999925, 12.07943147500001 ], [ -3.070534903999961, 12.103760590000043 ], [ -3.049930837999943, 12.050508726000039 ], [ -2.990559278999944, 12.02729866600005 ], [ -2.919866867999926, 12.049579259000051 ] ] ] } },
{ "type": "Feature", "properties": { "loc": "BF-A2-0102" }, "geometry": { "type": "Polygon", "coordinates": [ [ [ -4.223157093955713, 12.71690299937227 ], [ -4.207466547574104, 12.723222335740548 ], [ -4.187191726847708, 12.70444502741443 ], [ -4.187982085236037, 12.694179751892383 ], [ -4.158910416413578, 12.692183524048742 ], [ -4.138284285422426, 12.671757940974544 ], [ -4.151448245870842, 12.660734173641547 ], [ -4.148780927728623, 12.655203369138523 ], [ -4.170867328395481, 12.652747409663572 ], [ -4.180881284774465, 12.637965989736983 ], [ -4.180648607678093, 12.625381608173026 ], [ -4.169644780113503, 12.620800923022527 ], [ -4.176791824614007, 12.605363195853153 ], [ -4.165481112394414, 12.575413670003215 ], [ -4.17162145579654, 12.55734042381985 ], [ -4.145358561279571, 12.508422275965611 ], [ -4.157299625408378, 12.462133455293074 ], [ -4.10767477230389, 12.41504497994022 ], [ -4.094960213873764, 12.386027759671718 ], [ -4.077436546090722, 12.372209760070717 ], [ -4.046398239817905, 12.37078478878532 ], [ -4.014532152567779, 12.388401506722504 ], [ -4.011075730591485, 12.415196381705998 ], [ -3.991903561431207, 12.419806232769773 ], [ -3.993593336294426, 12.457766897822424 ], [ -3.967106383783577, 12.483153242026845 ], [ -3.951459688344933, 12.519864918729363 ], [ -3.933508245440167, 12.536266648085688 ], [ -3.904217771563898, 12.540336269201809 ], [ -3.87600671257072, 12.537319279359602 ], [ -3.832236713984155, 12.518415574917196 ], [ -3.76923921275046, 12.536859512654733 ], [ -3.721329590719028, 12.529451045127978 ], [ -3.646732791116409, 12.537372224247099 ], [ -3.605196884759416, 12.499291103999596 ], [ -3.556417200124677, 12.484765170674434 ], [ -3.562970812583925, 12.476884426873148 ], [ -3.557453959263801, 12.46608984097173 ], [ -3.571407448026297, 12.45502859259382 ], [ -3.5640596703485, 12.448469971810098 ], [ -3.57789635426433, 12.426729231866904 ], [ -3.563159139613594, 12.410555684795364 ], [ -3.580417396776432, 12.389386457717197 ], [ -3.596111940644537, 12.401858532843363 ], [ -3.616392856076438, 12.400077039721953 ], [ -3.63458455106717, 12.436015743729936 ], [ -3.651530410730862, 12.416778058958601 ], [ -3.683186759892047, 12.412902263327137 ], [ -3.682547340118643, 12.39345332780718 ], [ -3.71907309278, 12.375183636414036 ], [ -3.715496546559368, 12.362271301777502 ], [ -3.732624296804846, 12.352740164425395 ], [ -3.733948143822771, 12.312859114055216 ], [ -3.746291293939056, 12.303719877868415 ], [ -3.745221081818463, 12.292690927742468 ], [ -3.755453246101419, 12.295050093185599 ], [ -3.760265736905226, 12.273741686128259 ], [ -3.767487703026066, 12.268775315027113 ], [ -3.787548650580752, 12.274369956106936 ], [ -3.814533991181739, 12.261948204344502 ], [ -3.832649304053131, 12.23341937800024 ], [ -3.819366116883779, 12.224841870054606 ], [ -3.81440382330879, 12.207440879691191 ], [ -3.819444633094334, 12.196565970841228 ], [ -3.810500912218316, 12.178453238124787 ], [ -3.828733368980786, 12.156606843129653 ], [ -3.823410544392102, 12.135210199989086 ], [ -3.839323949971306, 12.119383384733766 ], [ -3.841824307177026, 12.125515619848324 ], [ -3.873054800369733, 12.124053621675646 ], [ -3.877464107113844, 12.10949054185337 ], [ -3.870076758366697, 12.1039889023643 ], [ -3.88178961413038, 12.072267488152404 ], [ -3.891304081649041, 12.068294715926745 ], [ -3.901284329639093, 12.080071877713333 ], [ -3.908964824997667, 12.060822916342861 ], [ -3.90372273704567, 12.050983818746584 ], [ -3.930448215843478, 12.035234669842486 ], [ -3.935990439937845, 12.012158312554428 ], [ -3.924805138177577, 12.010242385176282 ], [ -3.924187345300737, 12.001294784624957 ], [ -3.951931024827925, 11.997127133808526 ], [ -3.95010341806928, 11.977247117259001 ], [ -3.963046967274712, 11.967779805691826 ], [ -3.948807236895458, 11.936133918344003 ], [ -3.955062759169992, 11.932189525124832 ], [ -3.968206736682544, 11.946266363100523 ], [ -4.000228796053087, 11.940436197670733 ], [ -4.048969701921198, 11.959684332564244 ], [ -4.080938257025933, 11.962293762245677 ], [ -4.117977638588142, 11.940601960710266 ], [ -4.238114152377222, 11.92911327535572 ], [ -4.248925653627005, 11.867737035034486 ], [ -4.263161712074345, 11.84341552860211 ], [ -4.263194394336821, 11.806517036630282 ], [ -4.288308637864338, 11.777923788250574 ], [ -4.297371384912475, 11.747747596372822 ], [ -4.345190572018276, 11.724290249393841 ], [ -4.359591659658358, 11.748009646226539 ], [ -4.407078495107455, 11.754343397827894 ], [ -4.443101529443021, 11.710324036123716 ], [ -4.482443045940809, 11.742091340041656 ], [ -4.490849834683116, 11.78519902481349 ], [ -4.488249982781472, 11.799967097901593 ], [ -4.457554988203135, 11.822737218945845 ], [ -4.449186288447446, 11.904671929764094 ], [ -4.440006000907208, 11.923840326268389 ], [ -4.451850134307245, 11.932603308594164 ], [ -4.442444694298195, 11.954430992294805 ], [ -4.451100925298456, 11.969484485918636 ], [ -4.436774242168533, 11.976058565149009 ], [ -4.427267375719805, 11.998257167032978 ], [ -4.477795549256185, 12.005164210358368 ], [ -4.463543158221166, 12.078206394208072 ], [ -4.497185586376702, 12.108484857888227 ], [ -4.512545299157222, 12.10342028441694 ], [ -4.537644285686227, 12.074615422861822 ], [ -4.577135373829431, 12.073399966633501 ], [ -4.608561049583763, 12.056839436788923 ], [ -4.649856476326313, 12.062123031151314 ], [ -4.625548840137854, 12.113598823924931 ], [ -4.569054127077295, 12.134601592787623 ], [ -4.561573029402776, 12.152274131644207 ], [ -4.586865901671017, 12.171177863965596 ], [ -4.59087514860022, 12.189936638163667 ], [ -4.503342151749895, 12.267612457447299 ], [ -4.487911224354512, 12.29468345577521 ], [ -4.484439850249881, 12.322833061395015 ], [ -4.466972828064556, 12.32603359207496 ], [ -4.423697947633169, 12.308720588682569 ], [ -4.421035767317799, 12.314307213205671 ], [ -4.450985909203339, 12.376807213080767 ], [ -4.452916144795238, 12.414710045430599 ], [ -4.429433822743716, 12.483609200102849 ], [ -4.39345884278236, 12.531888008223348 ], [ -4.428079128080289, 12.602091788703433 ], [ -4.477875232786755, 12.633959769925788 ], [ -4.487477779007287, 12.651656150709135 ], [ -4.48949813835939, 12.710482597192453 ], [ -4.479249953553506, 12.721780777359335 ], [ -4.369590281697135, 12.731423377585154 ], [ -4.334216118110354, 12.704700469949076 ], [ -4.294474125411551, 12.699239730727339 ], [ -4.242261957854064, 12.73542505671934 ], [ -4.223157093955713, 12.71690299937227 ] ] ] } },
{ "type": "Feature", "properties": { "loc": "BF-A2-0103" }, "geometry": { "type": "Polygon", "coordinates": [ [ [ -3.973801850823708, 13.393786429886095 ], [ -3.946604013013741, 13.376716613966826 ], [ -3.912365912605734, 13.379118918989185 ], [ -3.852294922221835, 13.362339020215874 ], [ -3.79770803544643, 13.358526230187637 ], [ -3.764699936002196, 13.333523749907396 ], [ -3.722645997663613, 13.28319835730461 ], [ -3.671440124710938, 13.26250171676708 ], [ -3.59983992642042, 13.202238082607691 ], [ -3.532244920915319, 13.171987533883845 ], [ -3.464799880958691, 13.158044815402173 ], [ -3.437892029542481, 13.16138707384065 ], [ -3.440079813881257, 13.144530973711731 ], [ -3.456707574344033, 13.140206843557248 ], [ -3.459667062433936, 13.119159941364467 ], [ -3.482905062967234, 13.075713992792798 ], [ -3.473470529889994, 13.028168310205615 ], [ -3.449800459072879, 13.004672899421037 ], [ -3.468455584606496, 12.955448828287061 ], [ -3.46268516293887, 12.921034285390222 ], [ -3.451997408402627, 12.908773222692338 ], [ -3.457988233219339, 12.882955363085802 ], [ -3.444378319652682, 12.827384947143861 ], [ -3.448345341613177, 12.809130221368886 ], [ -3.432226626206786, 12.785836186776862 ], [ -3.433116351587307, 12.756437033428615 ], [ -3.410041551925033, 12.746499731663549 ], [ -3.435509229915979, 12.738881267942427 ], [ -3.443477893239133, 12.749728283419808 ], [ -3.468407933128562, 12.710584889367414 ], [ -3.514848124989928, 12.733277121927898 ], [ -3.518396755354927, 12.711667441985124 ], [ -3.541426566431847, 12.68697136072598 ], [ -3.517349180069556, 12.667288320885564 ], [ -3.516955866069315, 12.650325096212484 ], [ -3.529306935615538, 12.638093291158725 ], [ -3.523437676656404, 12.613626415612854 ], [ -3.541669789877852, 12.601364422116651 ], [ -3.532829698780526, 12.600586430305778 ], [ -3.529144833716055, 12.590547345969505 ], [ -3.533316743721697, 12.582319281296058 ], [ -3.544311339745485, 12.583526959288005 ], [ -3.534211407279574, 12.565308229777246 ], [ -3.544907842971528, 12.552039194339612 ], [ -3.546133370707444, 12.508912134573617 ], [ -3.559317279917486, 12.502482849789951 ], [ -3.556417200142624, 12.484765171261909 ], [ -3.595982172987845, 12.49419351160754 ], [ -3.630093779253461, 12.526994731008294 ], [ -3.656863897699671, 12.539888591771357 ], [ -3.721329590736974, 12.529451044816129 ], [ -3.769239212768406, 12.536859513242206 ], [ -3.832236714002101, 12.518415574605347 ], [ -3.880133064738099, 12.538210000877102 ], [ -3.925185676426777, 12.538167124799234 ], [ -3.944875312794402, 12.528830607932475 ], [ -3.967106383801523, 12.483153241714998 ], [ -3.993593336312372, 12.457766898409899 ], [ -3.991903561449153, 12.419806233357248 ], [ -4.011075730609432, 12.415196382293471 ], [ -4.014532152585724, 12.388401507309979 ], [ -4.064188409116739, 12.369034012595868 ], [ -4.09249239595626, 12.383153404692138 ], [ -4.105151065118512, 12.41210771558487 ], [ -4.157299625426324, 12.462133454981227 ], [ -4.145358561297518, 12.508422275653762 ], [ -4.171621455814486, 12.557340424407325 ], [ -4.165481112412359, 12.575413669691368 ], [ -4.176791824631953, 12.605363196440628 ], [ -4.169644780131449, 12.620800922710679 ], [ -4.18064860769604, 12.625381607861177 ], [ -4.180881284792411, 12.637965990324458 ], [ -4.170867328413427, 12.652747410251047 ], [ -4.14878092774657, 12.655203368826674 ], [ -4.151448245888789, 12.660734174229022 ], [ -4.138284285440372, 12.671757940662696 ], [ -4.158910416431524, 12.692183523736896 ], [ -4.187982085253983, 12.694179751580535 ], [ -4.187191726865654, 12.704445027102583 ], [ -4.196688947186115, 12.70699717356697 ], [ -4.202333029394742, 12.720470054735502 ], [ -4.22315709397366, 12.716902999060423 ], [ -4.24226195787201, 12.735425056407491 ], [ -4.228287696568893, 12.778130531085406 ], [ -4.238499164753602, 12.856992721623069 ], [ -4.231949806087632, 12.949829102417407 ], [ -4.28155612866136, 13.009329795819685 ], [ -4.313106060145511, 13.077543258800617 ], [ -4.356983185074883, 13.122681618148423 ], [ -4.34585618996015, 13.146182059740529 ], [ -4.303597926552021, 13.173205376013556 ], [ -4.246328830659959, 13.182652472619781 ], [ -4.243653773851534, 13.197434424945019 ], [ -4.260417938086325, 13.219560623310382 ], [ -4.258329867878052, 13.229728699206367 ], [ -4.222661972221193, 13.258188248075452 ], [ -4.147125721024158, 13.29840755505089 ], [ -4.122692107803484, 13.326123237783461 ], [ -4.10258006976336, 13.38592243236063 ], [ -4.053340911602739, 13.41812801368315 ], [ -3.998429060201918, 13.439882277631272 ], [ -3.984585046811413, 13.459748268354165 ], [ -3.984531878892049, 13.495844841152762 ], [ -3.971971988565372, 13.501195908050981 ], [ -3.95678806266791, 13.495342255027312 ], [ -3.946271181119065, 13.459261894307241 ], [ -3.915836096007976, 13.444563865816018 ], [ -3.919749975230125, 13.431598662734363 ], [ -3.970065832321256, 13.413876534360837 ], [ -3.973801850823708, 13.393786429886095 ] ] ] } },
{ "type": "Feature", "properties": { "loc": "BF-A2-0104" }, "geometry": { "type": "Polygon", "coordinates": [ [ [ -3.410041551999915, 12.746499732000036 ], [ -3.399171985999933, 12.741090725000046 ], [ -3.405921364999892, 12.725289616000055 ], [ -3.391625439999918, 12.709777962000032 ], [ -3.385061073, 12.683421138 ], [ -3.361435329999979, 12.659669488000056 ], [ -3.372931908999971, 12.636838632 ], [ -3.361909121999923, 12.623352874 ], [ -3.332565948999983, 12.624855983000025 ], [ -3.318085925999964, 12.665204769000102 ], [ -3.298432203999974, 12.680084939000011 ], [ -3.25239930599997, 12.687312672000115 ], [ -3.242205012999905, 12.669209258000055 ], [ -3.255479694999936, 12.626749474000107 ], [ -3.250396524999905, 12.569431119000082 ], [ -3.237480795, 12.539492545 ], [ -3.246241315999915, 12.517464987000057 ], [ -3.230385846999956, 12.510624432000014 ], [ -3.208435602999932, 12.523221156 ], [ -3.184845903999972, 12.524495382000087 ], [ -3.177358198999941, 12.504316377000066 ], [ -3.156132337, 12.50053143700007 ], [ -3.134511275999935, 12.478830700000085 ], [ -3.131527387999961, 12.456224468000052 ], [ -3.102201303999924, 12.434117712000045 ], [ -3.091621208999912, 12.41145039200002 ], [ -3.048652862999985, 12.397932963000066 ], [ -3.030379362999974, 12.37674751 ], [ -2.981725155999887, 12.372823859000068 ], [ -2.961675684999926, 12.34228297300006 ], [ -2.91974132299993, 12.375064379 ], [ -2.903265244999959, 12.376325059000035 ], [ -2.888731965999975, 12.394767511000079 ], [ -2.872856173999933, 12.388457479000056 ], [ -2.858381978999952, 12.394518259000062 ], [ -2.83051549799998, 12.38082910100011 ], [ -2.825270082999937, 12.342012643999986 ], [ -2.850067523999905, 12.342352961000078 ], [ -2.866650972999968, 12.325080078000081 ], [ -2.885398529999944, 12.274925973000059 ], [ -2.874988656999983, 12.256337610000021 ], [ -2.832252376999983, 12.224175218000052 ], [ -2.816257092999913, 12.154495843000099 ], [ -2.791837293999927, 12.128470116000109 ], [ -2.804212816, 12.071008978000084 ], [ -2.815915040999945, 12.063438656000056 ], [ -2.842525167999971, 12.09364160100008 ], [ -2.872377062999904, 12.102844932000043 ], [ -2.925133694999965, 12.074884053000076 ], [ -2.923717646999952, 12.045845426000021 ], [ -2.971513232999962, 12.037860051000024 ], [ -2.98218988399997, 12.025986966000055 ], [ -3.049930837999943, 12.050508726000039 ], [ -3.070534903999961, 12.103760590000043 ], [ -3.128216428999925, 12.07943147500001 ], [ -3.152276976999941, 12.086590706000042 ], [ -3.167984925999951, 12.107299888000053 ], [ -3.208383435999968, 12.107399109 ], [ -3.229465988999964, 12.076400191000022 ], [ -3.230086213999944, 12.027846147000052 ], [ -3.195193892999965, 12.002723144000058 ], [ -3.180542344999965, 11.963351318000079 ], [ -3.108957667999929, 11.963859613000036 ], [ -3.094727387999968, 11.928691469000061 ], [ -3.092084265999945, 11.897433639000063 ], [ -3.14141292399997, 11.887151173000074 ], [ -3.195357768999935, 11.928701796000027 ], [ -3.217623573999956, 11.90755555200009 ], [ -3.222624619999942, 11.883943813 ], [ -3.266811796999908, 11.893679184000103 ], [ -3.281603531999961, 11.911630608000021 ], [ -3.27315962399995, 11.934281244 ], [ -3.276190492999903, 11.950895443000029 ], [ -3.328016740999901, 11.988434964000014 ], [ -3.351823022999928, 11.98746558500001 ], [ -3.364211142999968, 11.969375678000091 ], [ -3.385748745999956, 12.000664741 ], [ -3.440191506, 11.996317180000091 ], [ -3.494186074999989, 11.984078811000096 ], [ -3.473512658999917, 11.936711425000077 ], [ -3.496724709999982, 11.927446264000061 ], [ -3.511290081999957, 11.902526703000024 ], [ -3.522400475999971, 11.907207642000081 ], [ -3.558576198, 11.898854846000059 ], [ -3.565133610999977, 11.887054141000039 ], [ -3.586008063999985, 11.877430490000027 ], [ -3.582707672999935, 11.853568140000068 ], [ -3.601890932999902, 11.814302625 ], [ -3.584810659999943, 11.806162210000057 ], [ -3.563836961999895, 11.77374196700007 ], [ -3.625768271999946, 11.767091539000038 ], [ -3.678582827999916, 11.781822694000052 ], [ -3.730257421999978, 11.72626197100006 ], [ -3.750899013, 11.736325242000031 ], [ -3.777492190999948, 11.732589548000025 ], [ -3.79943799099996, 11.747719747000104 ], [ -3.846173388999913, 11.756478553000058 ], [ -3.846097732999959, 11.77939059000008 ], [ -3.867675817999922, 11.800047904000063 ], [ -3.869300500999967, 11.825366663000089 ], [ -3.914931576999942, 11.839380325000068 ], [ -3.91308224499996, 11.87091277300005 ], [ -3.931472577999956, 11.873900082000041 ], [ -3.953052719, 11.863506325000081 ], [ -3.981173676999977, 11.916899697000069 ], [ -3.968206736999919, 11.946266363000088 ], [ -3.955062758999956, 11.932189525000034 ], [ -3.947215900999962, 11.938580706000021 ], [ -3.963046966999945, 11.967779806000031 ], [ -3.950103417999956, 11.977247117000076 ], [ -3.954541635999914, 11.993721747000016 ], [ -3.92418734499998, 12.001294785 ], [ -3.936858925999937, 12.021586512000024 ], [ -3.925980463999929, 12.039662169000096 ], [ -3.903722736999954, 12.050983819000091 ], [ -3.9089648249999, 12.060822916000077 ], [ -3.90128433, 12.080071878000062 ], [ -3.891304081999964, 12.068294716000036 ], [ -3.881789613999926, 12.07226748800003 ], [ -3.870076757999891, 12.103988902000015 ], [ -3.877464106999967, 12.109490542000032 ], [ -3.8730548, 12.124053622000083 ], [ -3.841824306999958, 12.12551562000008 ], [ -3.839323949999935, 12.119383385000024 ], [ -3.823410543999978, 12.135210200000099 ], [ -3.828733368999943, 12.156606843000059 ], [ -3.810500911999954, 12.178453238000017 ], [ -3.81944463299993, 12.196565971000048 ], [ -3.81440382299994, 12.207440880000028 ], [ -3.819366116999917, 12.224841870000056 ], [ -3.832087244999977, 12.230075398000093 ], [ -3.830335093999954, 12.240108701000072 ], [ -3.805530051999978, 12.270149139000061 ], [ -3.760265736999974, 12.273741686000037 ], [ -3.755453245999957, 12.295050093000068 ], [ -3.745221081999956, 12.292690928000091 ], [ -3.746291293999954, 12.303719878000027 ], [ -3.733948144, 12.312859114000016 ], [ -3.73783697599997, 12.335463965000024 ], [ -3.725723638999928, 12.361873487000061 ], [ -3.713419081999964, 12.366137915000028 ], [ -3.719073092999975, 12.375183636 ], [ -3.683767240999975, 12.392075790000032 ], [ -3.68318676, 12.412902263000067 ], [ -3.651530410999976, 12.416778059000031 ], [ -3.636506901999931, 12.43576708000009 ], [ -3.616392855999956, 12.40007704000001 ], [ -3.596111940999941, 12.401858533000063 ], [ -3.580417396999974, 12.389386458 ], [ -3.563882217999909, 12.408827019000032 ], [ -3.564262065999985, 12.418601429 ], [ -3.577497220999942, 12.429307256000108 ], [ -3.564059669999936, 12.448469972000062 ], [ -3.571407447999936, 12.455028593000048 ], [ -3.555793245999955, 12.472676358000065 ], [ -3.562970812999905, 12.476884427000076 ], [ -3.554923312, 12.487643828 ], [ -3.558960630999925, 12.503541584000086 ], [ -3.546133370999966, 12.508912135000092 ], [ -3.543341065999944, 12.520365843 ], [ -3.544907843, 12.552039194 ], [ -3.534007522999955, 12.569106560000051 ], [ -3.54514166999998, 12.580007678000069 ], [ -3.529144833999959, 12.590547346000022 ], [ -3.532829698999934, 12.600586430000035 ], [ -3.541669789999952, 12.601364422000103 ], [ -3.523437677, 12.61362641600001 ], [ -3.52930693599996, 12.638093291000072 ], [ -3.516955865999966, 12.650325096000056 ], [ -3.517349179999913, 12.6672883210001 ], [ -3.54166427999994, 12.686148001000028 ], [ -3.518396755, 12.711667442000049 ], [ -3.51484812499992, 12.73327712200005 ], [ -3.468407932999968, 12.710584889000096 ], [ -3.443477892999952, 12.749728283 ], [ -3.43550923, 12.738881268000021 ], [ -3.410041551999915, 12.746499732000036 ] ] ] } },
{ "type": "Feature", "properties": { "loc": "BF-A2-0105" }, "geometry": { "type": "Polygon", "coordinates": [ [ [ -2.732017969, 12.937628654 ], [ -2.7263177309999, 12.914780886000063 ], [ -2.734124705999969, 12.84577480300004 ], [ -2.723988213999978, 12.819558429 ], [ -2.728901797999922, 12.800401890000021 ], [ -2.71307515399995, 12.78929868800007 ], [ -2.684349985999984, 12.794004278000035 ], [ -2.640476363999939, 12.752758447000076 ], [ -2.679754188999956, 12.719178786000082 ], [ -2.687422442999915, 12.692873335000041 ], [ -2.715400977999921, 12.68667426400005 ], [ -2.769012253, 12.615739417000047 ], [ -2.722000168999978, 12.51134812900003 ], [ -2.752121176999972, 12.48566828600006 ], [ -2.754257945999933, 12.464355839000049 ], [ -2.776049455999968, 12.44205653700001 ], [ -2.848974198999949, 12.388273434000016 ], [ -2.890912629999926, 12.394017816000044 ], [ -2.903265244999959, 12.376325059000035 ], [ -2.91974132299993, 12.375064379 ], [ -2.960148828999893, 12.342228495 ], [ -2.981725155999887, 12.372823859000068 ], [ -3.030379362999974, 12.37674751 ], [ -3.048652862999985, 12.397932963000066 ], [ -3.096250312999943, 12.415011781 ], [ -3.102201303999924, 12.434117712000045 ], [ -3.131527387999961, 12.456224468000052 ], [ -3.134511275999935, 12.478830700000085 ], [ -3.156132337, 12.50053143700007 ], [ -3.177358198999941, 12.504316377000066 ], [ -3.184845903999972, 12.524495382000087 ], [ -3.208435602999932, 12.523221156 ], [ -3.230385846999956, 12.510624432000014 ], [ -3.246241315999915, 12.517464987000057 ], [ -3.237480795, 12.539492545 ], [ -3.250396524999905, 12.569431119000082 ], [ -3.255479694999936, 12.626749474000107 ], [ -3.242205012999905, 12.669209258000055 ], [ -3.25239930599997, 12.687312672000115 ], [ -3.298432203999974, 12.680084939000011 ], [ -3.318085925999964, 12.665204769000102 ], [ -3.332565948999983, 12.624855983000025 ], [ -3.361909121999923, 12.623352874 ], [ -3.372931908999971, 12.636838632 ], [ -3.361435329999979, 12.659669488000056 ], [ -3.385061073, 12.683421138 ], [ -3.391625439999918, 12.709777962000032 ], [ -3.405098675999946, 12.723112709000059 ], [ -3.399171985999933, 12.741090725000046 ], [ -3.435132571999927, 12.761063568000061 ], [ -3.433021020999921, 12.787028514000085 ], [ -3.413543133, 12.786788490000031 ], [ -3.397150844999947, 12.80950176700004 ], [ -3.382021870999969, 12.871267478000068 ], [ -3.311219421, 12.90887018300004 ], [ -3.300520675999935, 12.927221260000074 ], [ -3.305175048999926, 12.956622601000031 ], [ -3.281219155999954, 12.970710902000057 ], [ -3.215645184999955, 12.972771923000057 ], [ -3.199267235999931, 12.981493103 ], [ -3.154991300999904, 12.94113839800006 ], [ -3.087562345999989, 12.946296997000026 ], [ -3.032029760999927, 12.923901716000039 ], [ -3.000215739999918, 12.969032784000031 ], [ -2.987251522999907, 12.974099808000059 ], [ -2.912730800999947, 12.919765591000029 ], [ -2.830020960999919, 12.906667121000012 ], [ -2.774860303999988, 12.936945721 ], [ -2.732017969, 12.937628654 ] ] ] } },
{ "type": "Feature", "properties": { "loc": "BF-A2-0106" }, "geometry": { "type": "Polygon", "coordinates": [ [ [ -3.261592865155899, 13.718466758838941 ], [ -3.185615063022037, 13.685327530146491 ], [ -3.134334086785973, 13.695569038385505 ], [ -3.103015899801231, 13.693675040975453 ], [ -3.068739176209311, 13.663105010792707 ], [ -3.051450968025051, 13.623914718894254 ], [ -3.039088011240023, 13.628531456066936 ], [ -3.017245054353073, 13.663215637296917 ], [ -3.001329898693167, 13.66674995405223 ], [ -2.920367212014519, 13.590408787140907 ], [ -2.859299485020514, 13.547403700625376 ], [ -2.710433096047841, 13.518575480079434 ], [ -2.706893271844317, 13.496282161597572 ], [ -2.688969230382972, 13.480517984122761 ], [ -2.655907423426147, 13.482382779646656 ], [ -2.646465139092192, 13.475687444824811 ], [ -2.645534354264334, 13.373327491775418 ], [ -2.632577095793633, 13.367196405994434 ], [ -2.608451087584921, 13.312155869702718 ], [ -2.539727832210984, 13.283711255874852 ], [ -2.53074858091957, 13.286742107867077 ], [ -2.521132293058175, 13.317883762430784 ], [ -2.445735366631162, 13.28495264315505 ], [ -2.441596108311046, 13.270277219123457 ], [ -2.463255609795852, 13.26897647389025 ], [ -2.487285342881565, 13.233381454795396 ], [ -2.506746121573548, 13.222216386881842 ], [ -2.527459885202836, 13.177658780033765 ], [ -2.536934806833165, 13.178806353635405 ], [ -2.589523244439476, 13.107822421172891 ], [ -2.703026371407211, 13.121026575920835 ], [ -2.714760104032871, 13.098487693957003 ], [ -2.716093023411598, 13.062300750983963 ], [ -2.700179551282562, 12.97994980784245 ], [ -2.732017969091297, 12.937628653944316 ], [ -2.774860304396827, 12.936945721373036 ], [ -2.830020961335594, 12.90666712099593 ], [ -2.912730801422644, 12.919765591014306 ], [ -2.987251522876776, 12.974099807864933 ], [ -3.00021574030147, 12.969032783741069 ], [ -3.03202976130174, 12.923901716096413 ], [ -3.087562346362491, 12.946296997013894 ], [ -3.154991301045004, 12.941138397624044 ], [ -3.19926723573164, 12.981493102929448 ], [ -3.215645185214423, 12.97277192289102 ], [ -3.27212997695417, 12.972691864343158 ], [ -3.305175049326362, 12.956622600857436 ], [ -3.300520676425373, 12.927221260357971 ], [ -3.311219420677019, 12.908870183017624 ], [ -3.382021870849957, 12.871267477816939 ], [ -3.397150844573115, 12.80950176719789 ], [ -3.4135431328466, 12.786788489602205 ], [ -3.43302102114051, 12.787028514159694 ], [ -3.448345342001229, 12.809130221287775 ], [ -3.444378320040734, 12.827384947062749 ], [ -3.45798823270807, 12.882955363004692 ], [ -3.451997407891358, 12.908773222611227 ], [ -3.462685163326923, 12.921034285309112 ], [ -3.468455584994548, 12.955448828205949 ], [ -3.44980045856161, 13.004672899339925 ], [ -3.473470530278047, 13.028168310124505 ], [ -3.482905063355286, 13.075713992711687 ], [ -3.479238310636823, 13.092340742336482 ], [ -3.460585627661884, 13.117006209773855 ], [ -3.455208053246357, 13.142596691089516 ], [ -3.44007981426931, 13.144530973630621 ], [ -3.442626071073618, 13.154645038043164 ], [ -3.422714948773164, 13.17573356625617 ], [ -3.420315026954227, 13.204755783157959 ], [ -3.434222937176107, 13.249062537611115 ], [ -3.431493044205922, 13.263376236329336 ], [ -3.24399805110647, 13.289862633059162 ], [ -3.238476038375767, 13.316646575883862 ], [ -3.259598016872277, 13.358970641786781 ], [ -3.282000065188154, 13.534141541404106 ], [ -3.260583162120532, 13.575738907429727 ], [ -3.256294966177044, 13.669846534794837 ], [ -3.284843922046662, 13.706259727409584 ], [ -3.279644012298625, 13.715792656211208 ], [ -3.261592865155899, 13.718466758838941 ] ] ] } },
{ "type": "Feature", "properties": { "loc": "BF-A2-0201" }, "geometry": { "type": "Polygon", "coordinates": [ [ [ -4.957382735928284, 10.892593222585216 ], [ -4.925976269692855, 10.876708853416915 ], [ -4.874170488680871, 10.881588716032482 ], [ -4.869468993103312, 10.873737109366166 ], [ -4.838114156946549, 10.881476778316728 ], [ -4.768472146975766, 10.875337461041056 ], [ -4.739387114227703, 10.826989185688431 ], [ -4.738966775599977, 10.810732681554073 ], [ -4.683720243298353, 10.778025104061365 ], [ -4.650352102970938, 10.783121635840883 ], [ -4.613723174688524, 10.815263712436442 ], [ -4.585011049424155, 10.828900313384818 ], [ -4.587093888276086, 10.842892801247842 ], [ -4.578885424326635, 10.850767801079218 ], [ -4.541117012743706, 10.870203080393907 ], [ -4.483121920244187, 10.867709370976751 ], [ -4.470127749100104, 10.879954974328665 ], [ -4.449507789256832, 10.87439195610995 ], [ -4.382629083868888, 10.734849115780131 ], [ -4.355106176212825, 10.747469427957796 ], [ -4.289503303038767, 10.739568991701669 ], [ -4.275589456392062, 10.709387364321469 ], [ -4.248294059227215, 10.698982916014824 ], [ -4.238881269958405, 10.711338200683477 ], [ -4.224230407311212, 10.713709780368131 ], [ -4.206622277000246, 10.744627438991179 ], [ -4.138243828893351, 10.755363415175532 ], [ -4.082611630426166, 10.796197806269806 ], [ -4.05137727824256, 10.74767819118164 ], [ -4.029863341024132, 10.735689391038628 ], [ -4.018446942276328, 10.741877250121059 ], [ -4.007920000011755, 10.726175821942691 ], [ -3.994248162726292, 10.728685113912938 ], [ -3.986723683554915, 10.714972835014386 ], [ -3.947839808664002, 10.713773255417467 ], [ -3.922556129265716, 10.689414645655434 ], [ -3.921878225703317, 10.67078781369271 ], [ -3.912698714278005, 10.689109011957399 ], [ -3.854865152608469, 10.704863254621566 ], [ -3.84813611659227, 10.711763559326863 ], [ -3.851857395206387, 10.731241635579082 ], [ -3.834092799047201, 10.729236935222445 ], [ -3.833310288143046, 10.73735086513638 ], [ -3.841258202307953, 10.734390403080699 ], [ -3.845869932954805, 10.741947108558275 ], [ -3.837388653367422, 10.750525011306289 ], [ -3.845356102605813, 10.761047866152163 ], [ -3.822719482322015, 10.770757900242964 ], [ -3.826394656292117, 10.783616718922502 ], [ -3.794252317993843, 10.824658077294494 ], [ -3.795262050706838, 10.839848248983566 ], [ -3.778260878240701, 10.852489026133711 ], [ -3.771849700407111, 10.846120558902733 ], [ -3.75385896522283, 10.851428366611891 ], [ -3.748286290083983, 10.832541244768693 ], [ -3.71354434809695, 10.841242014693286 ], [ -3.707186631361711, 10.818005861367471 ], [ -3.685862939426876, 10.801676110150424 ], [ -3.673321007662137, 10.768269575966221 ], [ -3.718850128734217, 10.748769067924208 ], [ -3.776715601047913, 10.753151493932361 ], [ -3.791986664956386, 10.727818602732393 ], [ -3.786248366172924, 10.711889637083146 ], [ -3.768931794270652, 10.698467149425468 ], [ -3.717607527369256, 10.694935795936296 ], [ -3.701689638669652, 10.643821429901131 ], [ -3.711908415644629, 10.615148290247459 ], [ -3.702738264363173, 10.598610042905218 ], [ -3.710524978648609, 10.578126853757357 ], [ -3.700864439645936, 10.558379045642505 ], [ -3.706973881443237, 10.528087287284542 ], [ -3.68815802637558, 10.512193707259843 ], [ -3.692944152654285, 10.478242265754023 ], [ -3.713432357321197, 10.447068639392256 ], [ -3.718224301314217, 10.405122267164959 ], [ -3.782073056729947, 10.347138978267296 ], [ -3.755564783092029, 10.326926313284792 ], [ -3.759391087232653, 10.303883078927013 ], [ -3.738670202771404, 10.272657821587259 ], [ -3.738660223893981, 10.236826491235645 ], [ -3.756538079772326, 10.225444588682883 ], [ -3.763839359802376, 10.201316977882286 ], [ -3.789453417744796, 10.174134039140656 ], [ -3.799699301185564, 10.131486273958439 ], [ -3.82316761269893, 10.132260362711632 ], [ -3.871722020758414, 10.104217746737683 ], [ -3.902617379792007, 10.09859092611641 ], [ -3.922715971168897, 10.109170383392541 ], [ -3.970591678866649, 10.111791015928704 ], [ -4.000208455559539, 10.041583232566191 ], [ -3.965700080098381, 10.016660270341266 ], [ -3.954200521040976, 9.990404279020323 ], [ -3.92246911176386, 9.980193095920702 ], [ -3.889338473395594, 9.944470463027509 ], [ -3.895331275821485, 9.900059524813281 ], [ -3.937039137050298, 9.87137317681672 ], [ -3.972937822126553, 9.869460105685391 ], [ -3.97812891042464, 9.852338790988476 ], [ -3.972835063790924, 9.843486785672683 ], [ -3.987601042357982, 9.829609870585122 ], [ -4.030593872013346, 9.834203720011731 ], [ -4.044520855057178, 9.818390846046769 ], [ -4.042901992636613, 9.80163574158227 ], [ -4.06347274787278, 9.799074172920806 ], [ -4.130128860262454, 9.83194923385612 ], [ -4.180420876326145, 9.775327682212826 ], [ -4.235301017631621, 9.754444122084628 ], [ -4.271104813440151, 9.756972313307674 ], [ -4.277659892693656, 9.73958587577361 ], [ -4.265703201045655, 9.733647345634555 ], [ -4.28442716608461, 9.691164016991852 ], [ -4.28008890218485, 9.683905602247808 ], [ -4.300446986642882, 9.622077941829614 ], [ -4.318694114945211, 9.599601746209682 ], [ -4.350811005127547, 9.625997543437942 ], [ -4.361241817059972, 9.626218796446361 ], [ -4.380185126745966, 9.594069481207654 ], [ -4.404334067666852, 9.60638809242259 ], [ -4.417085170947644, 9.646319388814804 ], [ -4.433446884070207, 9.662263869567989 ], [ -4.510521888777908, 9.648987769955681 ], [ -4.523273945340069, 9.68822574570766 ], [ -4.522058009773096, 9.70526409075125 ], [ -4.507341861741289, 9.719858170204454 ], [ -4.509500026908478, 9.742334365824386 ], [ -4.559288025126022, 9.740482329881681 ], [ -4.545345783285033, 9.719660759122798 ], [ -4.570990086327186, 9.687338828909889 ], [ -4.590152739760894, 9.694013596236539 ], [ -4.603180884593912, 9.715313911194109 ], [ -4.617724895191523, 9.72255516057826 ], [ -4.628343105153943, 9.701616286748298 ], [ -4.652749062423055, 9.714138984712436 ], [ -4.665803909026943, 9.688773154943208 ], [ -4.674655914342736, 9.690630913272091 ], [ -4.692399978979609, 9.677104949619791 ], [ -4.712287903267884, 9.694328307691309 ], [ -4.741010189072731, 9.750185012914077 ], [ -4.771464825445102, 9.753816604838505 ], [ -4.771043777252282, 9.736816406338145 ], [ -4.776823997033599, 9.736217499224272 ], [ -4.786324978318858, 9.754836081705868 ], [ -4.800240993231016, 9.755187034939773 ], [ -4.800590038103539, 9.769201279201736 ], [ -4.809834003040571, 9.768056870314375 ], [ -4.816320895696542, 9.786519050799617 ], [ -4.78870010403034, 9.785121918028157 ], [ -4.796269893744364, 9.800569534142749 ], [ -4.788738728113575, 9.833395957943166 ], [ -4.804329872429432, 9.844970703021589 ], [ -4.820494175369661, 9.84227848085327 ], [ -4.83146715169146, 9.863850594315537 ], [ -4.880335808054861, 9.870698928998436 ], [ -4.913843155341109, 9.893552779623143 ], [ -4.934439182426091, 9.873501777670965 ], [ -4.967852116185976, 9.892442703254215 ], [ -4.972648144000408, 9.907726288423534 ], [ -4.961415768126961, 9.922028542369397 ], [ -4.964612961422795, 9.938272475780195 ], [ -4.946881770581011, 9.952507973050578 ], [ -4.987826824152376, 9.984365462781945 ], [ -4.989555836436465, 10.006623267935529 ], [ -4.986238002685439, 10.011688231712586 ], [ -4.964433193241039, 10.00403118078043 ], [ -4.968394756316714, 10.013818740928214 ], [ -4.96145200720813, 10.023647308362653 ], [ -4.99372720684888, 10.06077861772509 ], [ -5.021224021575099, 10.070324897861809 ], [ -5.003714084641056, 10.103954314625982 ], [ -5.027284144551393, 10.098527907922675 ], [ -5.04510497981473, 10.08100509629422 ], [ -5.062982082061201, 10.080732346306799 ], [ -5.047760009620511, 10.106138229181994 ], [ -5.076529025997515, 10.106578826837451 ], [ -5.078672885648917, 10.123879433075437 ], [ -5.057240963003803, 10.117400169368384 ], [ -5.04409170197423, 10.123763084185049 ], [ -5.079864025108435, 10.14230823522294 ], [ -5.073599815382937, 10.181730269822157 ], [ -5.105080127649535, 10.17555999788166 ], [ -5.114689827077621, 10.181300162758367 ], [ -5.098529815702197, 10.187829971062376 ], [ -5.088479996158659, 10.210359572922014 ], [ -5.094820023229252, 10.226840019037711 ], [ -5.122930049685808, 10.208990097001438 ], [ -5.107240200278783, 10.237950325433234 ], [ -5.11961984578302, 10.242179871190165 ], [ -5.118760109195446, 10.256420134867392 ], [ -5.099020003773918, 10.272100448762762 ], [ -5.120920180925372, 10.282730102598219 ], [ -5.096271323966191, 10.297721475551718 ], [ -5.10563242380108, 10.311391571749699 ], [ -5.085624056908463, 10.315567323659122 ], [ -5.08987729170741, 10.324900596671261 ], [ -5.098653101063526, 10.324404139425557 ], [ -5.085579338119722, 10.331376439357253 ], [ -5.097911133395852, 10.344386766821893 ], [ -5.082292798977254, 10.346642724268373 ], [ -5.084760214915749, 10.357930874296473 ], [ -5.076196151834703, 10.36803515138719 ], [ -5.08881389824657, 10.376544725444786 ], [ -5.074763908631241, 10.387458636992566 ], [ -5.091678670637902, 10.399938612662906 ], [ -5.073475255682268, 10.410468474126841 ], [ -5.083141721217223, 10.425469931178444 ], [ -5.074300963722261, 10.435294947190123 ], [ -5.102133843405912, 10.452081911037427 ], [ -5.110592460977055, 10.472287150317795 ], [ -5.106981719834266, 10.503653481608952 ], [ -5.153855092642175, 10.510132355010239 ], [ -5.143987805796364, 10.574566944095256 ], [ -5.112737841382037, 10.573191546139006 ], [ -5.108152712681308, 10.559905062954353 ], [ -5.095402095933744, 10.558196876270886 ], [ -5.069614592942873, 10.585066190838099 ], [ -5.048650138796631, 10.584830321148464 ], [ -5.02425118814558, 10.596377090116677 ], [ -5.000182094431875, 10.599642636384624 ], [ -4.971144133099027, 10.589171953908608 ], [ -4.951672930365207, 10.617946760120946 ], [ -4.937839748409425, 10.687085367381862 ], [ -4.968465657967505, 10.758103469585516 ], [ -4.947521115710685, 10.77354024797013 ], [ -4.94424309134935, 10.792615645581641 ], [ -4.958126375435641, 10.805628159298175 ], [ -4.977946918019614, 10.797283124302806 ], [ -4.988509334941617, 10.809816953175911 ], [ -5.014736423850644, 10.797228670352917 ], [ -5.059769059798034, 10.795955825686868 ], [ -5.087407041105825, 10.826811083950426 ], [ -5.000197566368357, 10.834922963410095 ], [ -4.977429022734975, 10.878493617372605 ], [ -4.957382735928284, 10.892593222585216 ] ] ] } },
{ "type": "Feature", "properties": { "loc": "BF-A2-0202" }, "geometry": { "type": "Polygon", "coordinates": [ [ [ -5.410611963319147, 11.017881712063661 ], [ -5.370347434833945, 10.975215473007973 ], [ -5.27219221434691, 10.921182468788205 ], [ -5.259379967059528, 10.854513788372936 ], [ -5.225003353969305, 10.86293669836224 ], [ -5.210068887416916, 10.810309782362866 ], [ -5.193500389579011, 10.789970500930174 ], [ -5.123254331070218, 10.820219230325518 ], [ -5.087407041349573, 10.826811083756811 ], [ -5.059769060041782, 10.795955826392573 ], [ -5.014736424094392, 10.797228670159301 ], [ -4.988509335185365, 10.809816952982294 ], [ -4.977946918263362, 10.797283124109191 ], [ -4.957293159199632, 10.805265090204049 ], [ -4.942688740240865, 10.788950938627217 ], [ -4.947521115954433, 10.773540247776513 ], [ -4.968354315846694, 10.759302996828142 ], [ -4.937839747753851, 10.687085367188246 ], [ -4.949202733067372, 10.623759703339937 ], [ -4.971144133342775, 10.589171953714992 ], [ -5.000182093776302, 10.599642636191007 ], [ -5.024251188389328, 10.596377089923061 ], [ -5.04865013904038, 10.584830320954849 ], [ -5.069614593186621, 10.585066190644483 ], [ -5.095402096177492, 10.55819687607727 ], [ -5.108152712925056, 10.559905062760738 ], [ -5.112737840726464, 10.57319154594539 ], [ -5.143987806040112, 10.57456694390164 ], [ -5.153855092885923, 10.510132354816621 ], [ -5.106981720078014, 10.503653482314657 ], [ -5.11015642762473, 10.470899229108436 ], [ -5.098864819703362, 10.446699457606183 ], [ -5.074595462258472, 10.436244366676481 ], [ -5.08314172056165, 10.425469930984827 ], [ -5.07222601576571, 10.414130499815014 ], [ -5.091678670881651, 10.399938613368612 ], [ -5.074763908874989, 10.387458636798948 ], [ -5.088813897590996, 10.37654472525117 ], [ -5.076108217268107, 10.371618477403109 ], [ -5.084760215159497, 10.357930874102857 ], [ -5.082292799221002, 10.346642724074757 ], [ -5.097911132740279, 10.344386766628277 ], [ -5.08557933836347, 10.331376439163636 ], [ -5.098653101307274, 10.324404139231939 ], [ -5.089877291951158, 10.324900597376967 ], [ -5.085624057152211, 10.315567324364828 ], [ -5.105632424044829, 10.311391571556083 ], [ -5.09627132420994, 10.297721476257424 ], [ -5.116725490436729, 10.287859951367961 ], [ -5.111060142859001, 10.304679870871643 ], [ -5.124259949384851, 10.29848957102918 ], [ -5.131440162681058, 10.307900428554234 ], [ -5.157509803682189, 10.283929824993729 ], [ -5.174950123197323, 10.291390419024918 ], [ -5.187560080580949, 10.284790039121308 ], [ -5.187210083326379, 10.298970221790603 ], [ -5.206009864811107, 10.308529854161741 ], [ -5.206860064987704, 10.322349548085477 ], [ -5.222489834286119, 10.309359549795687 ], [ -5.232100010354889, 10.315560341129141 ], [ -5.266370773240288, 10.309899330082317 ], [ -5.278549193638071, 10.31569480866079 ], [ -5.28612422909759, 10.30942439990843 ], [ -5.300286769766307, 10.31986427340979 ], [ -5.308053017280618, 10.315437316571202 ], [ -5.303882121710243, 10.304762839625647 ], [ -5.329689025775614, 10.293379784142024 ], [ -5.35470104156751, 10.306819915598926 ], [ -5.36819171942001, 10.285267830038626 ], [ -5.382150173339523, 10.294548034956149 ], [ -5.407209872984946, 10.295562743618024 ], [ -5.428198813871858, 10.32293796460768 ], [ -5.440806865592068, 10.319994926017321 ], [ -5.446681023158387, 10.337836265823309 ], [ -5.468105315955262, 10.34589576696837 ], [ -5.468659878398364, 10.373280525268326 ], [ -5.48807382579412, 10.377845763663363 ], [ -5.509100914123583, 10.425229072755803 ], [ -5.517508030219115, 10.423341751013298 ], [ -5.514326095720437, 10.462379455839516 ], [ -5.465415001249004, 10.561612128888937 ], [ -5.472892760640087, 10.580868721006969 ], [ -5.465089798303244, 10.597262383444541 ], [ -5.482879161791579, 10.623415947380368 ], [ -5.469967841590313, 10.735365867832835 ], [ -5.473897933790307, 10.758454322801056 ], [ -5.449203967736617, 10.770583152782574 ], [ -5.444087029440551, 10.803141593901737 ], [ -5.428986073196416, 10.823525428647914 ], [ -5.422308921767021, 10.852600097608718 ], [ -5.448428154083739, 10.872249602629358 ], [ -5.464946746742664, 10.905499457826018 ], [ -5.468637943034339, 10.961710930307488 ], [ -5.489586829915963, 10.973196983346405 ], [ -5.493621978219414, 11.020477466654063 ], [ -5.410611963319147, 11.017881712063661 ] ] ] } },
{ "type": "Feature", "properties": { "loc": "BF-A2-0301" }, "geometry": { "type": "Polygon", "coordinates": [ [ [ -1.096726956999899, 12.267211573000012 ], [ -1.098177249999904, 12.255932331000061 ], [ -1.087760267999976, 12.242500821000021 ], [ -1.093256656999913, 12.229568547999989 ], [ -1.071559268999938, 12.223415590000084 ], [ -1.064176635999986, 12.196121559000048 ], [ -1.071572452999964, 12.178403535 ], [ -1.125104467999965, 12.143647367 ], [ -1.137610660999916, 12.156395355000058 ], [ -1.164639882999979, 12.164340660000025 ], [ -1.228336053999951, 12.156277534 ], [ -1.251218038999974, 12.161141805000028 ], [ -1.280936498999968, 12.138901060000038 ], [ -1.29346847399992, 12.156099659000105 ], [ -1.310983338999955, 12.155646748000024 ], [ -1.33086791999995, 12.142063174000015 ], [ -1.370414479, 12.135473656000048 ], [ -1.40562503499993, 12.106940076000036 ], [ -1.440223993999973, 12.193353424000072 ], [ -1.467603778999909, 12.192738535000089 ], [ -1.4880542, 12.205164452000059 ], [ -1.538198059999979, 12.189867234000104 ], [ -1.567950299999926, 12.141031712000025 ], [ -1.633902210999932, 12.098311911000057 ], [ -1.661296814999941, 12.093102017000021 ], [ -1.690141313999921, 12.052138224000039 ], [ -1.723595229, 12.09306968500001 ], [ -1.791401654999963, 12.094340318000071 ], [ -1.827027413999965, 12.160360970000081 ], [ -1.824015583999899, 12.216134484000094 ], [ -1.786435230999911, 12.243294478000053 ], [ -1.786673323999893, 12.301738982000085 ], [ -1.817634979999988, 12.321612080000019 ], [ -1.785785842999915, 12.338768383000051 ], [ -1.813426148999914, 12.372053928000046 ], [ -1.773361157999958, 12.382373111000053 ], [ -1.749777233999944, 12.409759884000035 ], [ -1.681633544999955, 12.425014766000039 ], [ -1.694346120000017, 12.447118241000041 ], [ -1.691879553999947, 12.476697366000053 ], [ -1.720109633999894, 12.504199927000023 ], [ -1.728593004999973, 12.577472401 ], [ -1.673715866999964, 12.606561796000079 ], [ -1.624375543999951, 12.612044146000098 ], [ -1.602415985999955, 12.685827470000063 ], [ -1.583849777999974, 12.681489192000114 ], [ -1.560776181999906, 12.623967865000083 ], [ -1.580375551000018, 12.576917664000106 ], [ -1.57274558399994, 12.548580407 ], [ -1.556007513999963, 12.54666471200003 ], [ -1.487294831999969, 12.571598768000023 ], [ -1.474946979999975, 12.569576105000088 ], [ -1.447246335999957, 12.537306884999985 ], [ -1.46081396899998, 12.500899161000032 ], [ -1.4495838, 12.466292644000074 ], [ -1.389022848999915, 12.475719261000037 ], [ -1.365036452, 12.501229750000029 ], [ -1.345992550999925, 12.509854804000017 ], [ -1.316529484999923, 12.510422417 ], [ -1.258250419, 12.496122069000013 ], [ -1.247789515999981, 12.47851813299998 ], [ -1.247719749999892, 12.427247049000087 ], [ -1.252593988999956, 12.409362663000032 ], [ -1.270333445999921, 12.395501505000059 ], [ -1.279715478999926, 12.355859910000053 ], [ -1.264797429999903, 12.345360916000089 ], [ -1.253391931999986, 12.348840513000045 ], [ -1.24598467299995, 12.334528891000016 ], [ -1.224187197999954, 12.337135755000059 ], [ -1.205393278999961, 12.326617704000029 ], [ -1.188559533999972, 12.294571442000077 ], [ -1.171234605999932, 12.306224945000086 ], [ -1.168515197, 12.294058339000077 ], [ -1.159614723999952, 12.290473416000022 ], [ -1.165547059999899, 12.280669801000041 ], [ -1.146057658, 12.278540953000025 ], [ -1.14377137899993, 12.262454325000036 ], [ -1.113931394999917, 12.271180996000083 ], [ -1.096726956999899, 12.267211573000012 ] ] ] } },
{ "type": "Feature", "properties": { "loc": "BF-A2-0401" }, "geometry": { "type": "Polygon", "coordinates": [ [ [ -0.553454286148881, 12.018963023044941 ], [ -0.502515815814743, 12.001813536185612 ], [ -0.475710797377891, 12.001280410882121 ], [ -0.501432684033636, 11.962861934250729 ], [ -0.475131757187339, 11.93615288426806 ], [ -0.467947906133456, 11.894498640619632 ], [ -0.450931269824737, 11.863743021842849 ], [ -0.4103158888297, 11.857573527815919 ], [ -0.363923322365929, 11.839147974019649 ], [ -0.314885707671766, 11.837865352823638 ], [ -0.293615892322068, 11.802546966089478 ], [ -0.273539169759372, 11.807531563750532 ], [ -0.254506813700986, 11.845661205120384 ], [ -0.170025421598423, 11.938595341321809 ], [ -0.146297245583911, 11.943441079162337 ], [ -0.140152882212239, 11.931003280796636 ], [ -0.116988812246383, 11.924208873960229 ], [ -0.105969653938873, 11.88199364580997 ], [ -0.077986423796915, 11.872672751066473 ], [ -0.029234697285946, 11.88198242856609 ], [ -0.000196522813772, 11.854651393966522 ], [ 0.015959754576518, 11.74955508901601 ], [ 0.007642210956776, 11.724531466573788 ], [ -0.040374975387299, 11.723327751894098 ], [ -0.076231808713496, 11.743306696566657 ], [ -0.106530419006127, 11.714917786746325 ], [ -0.112874287081179, 11.720988808606496 ], [ -0.138105750942147, 11.66690783005218 ], [ -0.160212374663854, 11.653233938715164 ], [ -0.167848344587927, 11.63854863832886 ], [ -0.163140363099772, 11.62748154435765 ], [ -0.195008888411965, 11.592887567826859 ], [ -0.190347082614266, 11.570691857263267 ], [ -0.162735943371584, 11.554117229646295 ], [ -0.17135795876528, 11.532954709711948 ], [ -0.19103915859279, 11.520460263949886 ], [ -0.176026834133583, 11.507570737019762 ], [ -0.189606275072032, 11.495082199803543 ], [ -0.184179136320579, 11.473430412703248 ], [ -0.198291163868612, 11.454062429657267 ], [ -0.199315418834007, 11.439320144628836 ], [ -0.181648799315131, 11.419132023044293 ], [ -0.196464648886931, 11.396734920999668 ], [ -0.206659746712436, 11.396299078059869 ], [ -0.210372665228812, 11.355401975440678 ], [ -0.123320286764317, 11.348214674587426 ], [ -0.087640903167642, 11.365090279212879 ], [ -0.042240293417302, 11.374456149951223 ], [ -0.014689601206625, 11.353032981306907 ], [ -0.058996788233685, 11.292642772965465 ], [ -0.065837207983257, 11.25167440267141 ], [ -0.096555145166311, 11.237143728120421 ], [ -0.092210735299689, 11.22141991761497 ], [ -0.109624258615138, 11.15951312944723 ], [ -0.108268590885256, 11.131622489006526 ], [ -0.273274957935455, 11.173300742754938 ], [ -0.291390926412619, 11.143614768626534 ], [ -0.276166051684432, 11.133389473365368 ], [ -0.27397400096187, 11.121909141813308 ], [ -0.337401031894601, 11.103920937321265 ], [ -0.361078084148759, 11.068085669737732 ], [ -0.379059941225802, 11.100817680011787 ], [ -0.376660049084492, 11.116022109552578 ], [ -0.399639009794961, 11.120006561273648 ], [ -0.432698935370066, 11.0982656477613 ], [ -0.442917973148437, 11.054696082877786 ], [ -0.4375129936922, 11.029691696034808 ], [ -0.456253916347656, 11.019370078885895 ], [ -0.482618034057521, 11.024138450748767 ], [ -0.519407033570238, 10.984181404068407 ], [ -0.534392059108736, 10.99160194409431 ], [ -0.551630914297751, 10.972783088888306 ], [ -0.558485984902776, 10.981673240747327 ], [ -0.569656073731312, 10.981316566026566 ], [ -0.595045983747647, 10.943548203007028 ], [ -0.595607935920001, 10.912501335188333 ], [ -0.621150969903833, 10.90217971803942 ], [ -0.633893966695701, 10.938536643671032 ], [ -0.649522006597821, 10.942070007144977 ], [ -0.65735709721476, 10.957862854107296 ], [ -0.663078069659682, 10.947921752706586 ], [ -0.673144041926488, 10.953805923324566 ], [ -0.656416953142368, 10.980864525397394 ], [ -0.683669828562233, 10.983407740694542 ], [ -0.679362191974075, 11.0055881322064 ], [ -0.68745212797582, 11.013286247981823 ], [ -0.697645357010113, 11.002293176308903 ], [ -0.704261629732921, 11.006635953906013 ], [ -0.695068650959969, 11.044215232666719 ], [ -0.682508955786175, 11.046432812444204 ], [ -0.68085746596178, 11.058683490670422 ], [ -0.69587560723598, 11.094278275042223 ], [ -0.710199807337733, 11.106605813827111 ], [ -0.733907305240439, 11.106767146806245 ], [ -0.741898855410344, 11.118250501879023 ], [ -0.721902686921959, 11.14904337687021 ], [ -0.731815944412799, 11.160595930277823 ], [ -0.756706785552206, 11.16340418387585 ], [ -0.763778953398475, 11.209087439753405 ], [ -0.739825520593795, 11.227650448629165 ], [ -0.72507573971611, 11.25244487255269 ], [ -0.745412353759613, 11.293141372396283 ], [ -0.729065990265733, 11.310865106958984 ], [ -0.702296397023599, 11.312538136445704 ], [ -0.692663305329772, 11.320560332812974 ], [ -0.680595881956882, 11.362361167753553 ], [ -0.638567523035255, 11.383679137302209 ], [ -0.635696232357732, 11.413034198689182 ], [ -0.6152994599646, 11.413944439404219 ], [ -0.584439731171151, 11.389212503074422 ], [ -0.562808246266047, 11.394491792382176 ], [ -0.561727200912087, 11.403121419637671 ], [ -0.577666288430961, 11.40065091992388 ], [ -0.595758754925094, 11.441526627671594 ], [ -0.565882753149033, 11.464547843028397 ], [ -0.558920679408323, 11.484775863934837 ], [ -0.593181127969175, 11.494937380175818 ], [ -0.596190198381445, 11.503113012575334 ], [ -0.6476664821849, 11.527155269619861 ], [ -0.664261223139431, 11.554869268821562 ], [ -0.693103868810992, 11.576996601232025 ], [ -0.699286790615389, 11.577443442880449 ], [ -0.719672922230072, 11.543182629194845 ], [ -0.732512953172746, 11.545370811033965 ], [ -0.768897309026086, 11.57303599593433 ], [ -0.775267904952347, 11.590355426781386 ], [ -0.815701702034416, 11.605230065934659 ], [ -0.902254013374512, 11.69039771630143 ], [ -0.898148488624345, 11.777231510945338 ], [ -0.855199744635002, 11.788009607777042 ], [ -0.844141113284246, 11.79804819298958 ], [ -0.819542658829136, 11.847295658187939 ], [ -0.833045508106209, 11.854620297208813 ], [ -0.825835357278411, 11.875260873110669 ], [ -0.731553335180769, 11.87663438518859 ], [ -0.716509957131311, 11.891532477761503 ], [ -0.699812181749283, 11.88799904414044 ], [ -0.675285209907006, 11.915070627927001 ], [ -0.660378244622786, 11.917748522096481 ], [ -0.654290571814932, 11.943795227687472 ], [ -0.617783275939928, 11.991018756929952 ], [ -0.580164063683087, 12.015313577779256 ], [ -0.553454286148881, 12.018963023044941 ] ] ] } },
{ "type": "Feature", "properties": { "loc": "BF-A2-0402" }, "geometry": { "type": "Polygon", "coordinates": [ [ [ 0.118097717110505, 11.786806947916419 ], [ 0.152072549982745, 11.795953311230436 ], [ 0.178690623647912, 11.789476466699686 ], [ 0.194821826140913, 11.767787096931086 ], [ 0.275614915070823, 11.767130213222869 ], [ 0.314546486405772, 11.736943116165985 ], [ 0.432132253075568, 11.678002169798404 ], [ 0.486961404619677, 11.683506032411573 ], [ 0.50663451414606, 11.696323924743439 ], [ 0.509504355116445, 11.690909255092155 ], [ 0.531793721077915, 11.50458993311303 ], [ 0.549730348551294, 11.474327605069025 ], [ 0.588147481595548, 11.368193739683447 ], [ 0.551186129710667, 11.35566037575984 ], [ 0.533616934648365, 11.340834672316381 ], [ 0.549599481005793, 11.31424456037227 ], [ 0.5466111201816, 11.285668103234483 ], [ 0.557645760318133, 11.261112586910464 ], [ 0.570293898419226, 11.252298806378917 ], [ 0.562185972379271, 11.232205834865493 ], [ 0.572886658267215, 11.217380717780008 ], [ 0.562379421047992, 11.212341587028725 ], [ 0.523101204231739, 11.140189330007679 ], [ 0.525866563765454, 11.075959765664759 ], [ 0.508162670945057, 11.071213140308284 ], [ 0.488459356788434, 11.105771927266737 ], [ 0.476220052288132, 11.102046044123744 ], [ 0.469072559025927, 11.113634250254552 ], [ 0.45531337059013, 11.110514184616033 ], [ 0.423725172053597, 11.024453118950385 ], [ -0.108268590948165, 11.131622488920833 ], [ -0.109624258678046, 11.159513129361537 ], [ -0.092210735362598, 11.2214199184286 ], [ -0.09655514522922, 11.237143728034727 ], [ -0.065837208046165, 11.251674402585717 ], [ -0.058996788296594, 11.292642772879772 ], [ -0.020871407914594, 11.336837088694795 ], [ -0.014844592229599, 11.356611389038481 ], [ -0.042240292580889, 11.37445614986553 ], [ -0.087640903230551, 11.365090279127186 ], [ -0.120250266661928, 11.348555067896173 ], [ -0.210372665291721, 11.355401975354985 ], [ -0.206659746775344, 11.396299077974176 ], [ -0.19646464894984, 11.396734920913975 ], [ -0.18164879937804, 11.4191320229586 ], [ -0.199315418896915, 11.439320145442466 ], [ -0.198291163931521, 11.454062429571573 ], [ -0.184179136383488, 11.473430412617555 ], [ -0.18960627513494, 11.495082199717849 ], [ -0.176026834196492, 11.507570736934069 ], [ -0.191039158655698, 11.520460263864193 ], [ -0.171357958828188, 11.532954709626255 ], [ -0.162735943434493, 11.554117229560603 ], [ -0.190347082677175, 11.570691857177573 ], [ -0.195008887575552, 11.592887567741165 ], [ -0.163140363162681, 11.627481544271957 ], [ -0.167848344650836, 11.638548638243167 ], [ -0.160212374726763, 11.653233938629471 ], [ -0.138105751005056, 11.666907829966487 ], [ -0.12046324860549, 11.712203908817445 ], [ -0.112874287144087, 11.720988809420126 ], [ -0.106530419069036, 11.714917786660632 ], [ -0.076231808776405, 11.743306697380287 ], [ -0.040374974550886, 11.723327751808405 ], [ 0.007642210893867, 11.724531467387417 ], [ 0.015959755412931, 11.749555088930316 ], [ 0.046460149291006, 11.763459450427401 ], [ 0.04582348863764, 11.789382901234012 ], [ 0.061167156613536, 11.806902092191908 ], [ 0.074715522378004, 11.796556872335897 ], [ 0.118097717110505, 11.786806947916419 ] ] ] } },
{ "type": "Feature", "properties": { "loc": "BF-A2-0403" }, "geometry": { "type": "Polygon", "coordinates": [ [ [ -0.240708200999934, 12.560511160000029 ], [ -0.250681093999977, 12.545052222000017 ], [ -0.248720503999938, 12.520980292000036 ], [ -0.256628782999951, 12.511161407000035 ], [ -0.264940377999939, 12.457312659000028 ], [ -0.244390946999911, 12.435094624000051 ], [ -0.18600717199993, 12.434297174000061 ], [ -0.144148631, 12.397260730000045 ], [ -0.17322688599995, 12.359853203000057 ], [ -0.182582310999973, 12.359110160000039 ], [ -0.193010711999958, 12.326131371000024 ], [ -0.205055312999908, 12.319956547000086 ], [ -0.208593042999966, 12.286363703000067 ], [ -0.103205865999972, 12.248303188000051 ], [ -0.081817191999961, 12.21270295700003 ], [ -0.057175508999912, 12.20407992300003 ], [ -0.045718494, 12.15753586300001 ], [ -0.023893021999904, 12.152988791000016 ], [ -0.004250311999937, 12.117312508000097 ], [ -0.032997824999975, 12.099126054000095 ], [ -0.050490044999912, 12.101893495000102 ], [ -0.060838985999983, 12.075050544 ], [ -0.102010135999891, 12.087673485000014 ], [ -0.125034420999964, 12.072196599000026 ], [ -0.119319742, 12.050685532000013 ], [ -0.129322363999923, 12.030396885000069 ], [ -0.129033471999912, 11.989369568000072 ], [ -0.139537434999931, 11.972115560000038 ], [ -0.139990646999949, 11.950829240000058 ], [ -0.170025422, 11.938595341000077 ], [ -0.254506813999972, 11.845661205000077 ], [ -0.273539169999975, 11.807531564000026 ], [ -0.293615891999971, 11.80254696599998 ], [ -0.314885708, 11.837865353000041 ], [ -0.363923321999931, 11.839147974000028 ], [ -0.41031588899994, 11.857573528 ], [ -0.45093126999996, 11.863743022000037 ], [ -0.467947905999982, 11.894498641000048 ], [ -0.475131756999919, 11.936152884000048 ], [ -0.501432683999941, 11.962861934000088 ], [ -0.475932793999939, 11.995179040000068 ], [ -0.475710796999956, 12.001280411000057 ], [ -0.490079807999938, 12.003931720000047 ], [ -0.454534633999942, 12.018523064000039 ], [ -0.415719174, 12.081940837000069 ], [ -0.411452787999949, 12.095399247000024 ], [ -0.430184095999913, 12.10908619100006 ], [ -0.426186900999942, 12.131744944000086 ], [ -0.441011757999981, 12.161396433000046 ], [ -0.423423010999962, 12.165620536000052 ], [ -0.46209433999998, 12.211749571000016 ], [ -0.491062209999954, 12.220054367000063 ], [ -0.49601884, 12.27856833500007 ], [ -0.520960010999954, 12.294288871000056 ], [ -0.518035401, 12.312307261000097 ], [ -0.539802693999985, 12.333737809000109 ], [ -0.53245733999992, 12.367103955000022 ], [ -0.516850313999911, 12.375992792000076 ], [ -0.516412554999929, 12.409424247000064 ], [ -0.549237213999981, 12.409134530000074 ], [ -0.554628712999944, 12.470584632000012 ], [ -0.614030497999956, 12.470116772000026 ], [ -0.627693138999935, 12.482519430000025 ], [ -0.631448059999934, 12.54224554800005 ], [ -0.5993074159999, 12.535882306000065 ], [ -0.54501101899998, 12.510652257000096 ], [ -0.533897381999965, 12.515865712000071 ], [ -0.427622142999945, 12.480177847000082 ], [ -0.426711456999912, 12.487721096 ], [ -0.407773995999944, 12.491021331000038 ], [ -0.394564638999989, 12.515231864000029 ], [ -0.337170216999977, 12.535923697000026 ], [ -0.333668421999961, 12.544909522000111 ], [ -0.30547824699994, 12.547234216000078 ], [ -0.299695367000013, 12.557406955000047 ], [ -0.292190586, 12.547528410000083 ], [ -0.281922632999959, 12.550838212000023 ], [ -0.274208963999972, 12.543966571000073 ], [ -0.273392424999913, 12.551920365000033 ], [ -0.262116071999935, 12.552026807000047 ], [ -0.254981792999925, 12.561460595000071 ], [ -0.240708200999934, 12.560511160000029 ] ] ] } },
{ "type": "Feature", "properties": { "loc": "BF-A2-0501" }, "geometry": { "type": "Polygon", "coordinates": [ [ [ -1.348482159999947, 13.760405101000092 ], [ -1.349267104999968, 13.736800881 ], [ -1.30987977899995, 13.693998074 ], [ -1.304431867999939, 13.677636898000031 ], [ -1.318159596999974, 13.661894534000016 ], [ -1.315239312999933, 13.643589269000042 ], [ -1.341962311999972, 13.619309878000038 ], [ -1.353791588999958, 13.583196422000096 ], [ -1.372264393999939, 13.562645368000023 ], [ -1.33611458499992, 13.494208245 ], [ -1.34545720699995, 13.485538358000035 ], [ -1.371848912999934, 13.482357425000011 ], [ -1.396476909999916, 13.45547960200004 ], [ -1.367280986, 13.406733538 ], [ -1.336859975999954, 13.387462530000047 ], [ -1.323796892999934, 13.343211658000051 ], [ -1.297498165, 13.319480976000062 ], [ -1.343972288000011, 13.243091263000093 ], [ -1.331761, 13.22601820200002 ], [ -1.319370181999951, 13.180108838000024 ], [ -1.37115804199997, 13.187123140000054 ], [ -1.416090212999937, 13.160521329000094 ], [ -1.442345617999924, 13.161558803000048 ], [ -1.534731431999941, 13.130408594000073 ], [ -1.533821179999944, 13.10501913700006 ], [ -1.55141406099995, 13.055190294000038 ], [ -1.519018974999914, 13.038490822000057 ], [ -1.506551482999968, 13.011091480000101 ], [ -1.518968071999965, 12.989611273000065 ], [ -1.524182793999956, 12.999467448000043 ], [ -1.551344254999948, 12.994232462000063 ], [ -1.560795733999925, 13.006633844000046 ], [ -1.579847042999988, 13.007489112000023 ], [ -1.587846724000014, 13.02587541000004 ], [ -1.597354758999963, 13.022211480000109 ], [ -1.592647812999886, 13.039380531000042 ], [ -1.604921464999959, 13.045766099 ], [ -1.61177832999993, 13.066197879000072 ], [ -1.62764492000001, 13.063552422000033 ], [ -1.644512801999981, 13.075086561000024 ], [ -1.697975410999924, 13.079999379000082 ], [ -1.720838377999972, 13.122767345000039 ], [ -1.746861, 13.146138943000071 ], [ -1.746627325999911, 13.155820372000068 ], [ -1.730323536999983, 13.168858238000045 ], [ -1.742359537999932, 13.184042514000069 ], [ -1.734354088999962, 13.210329372000082 ], [ -1.755066130999944, 13.245572008000092 ], [ -1.744412976999926, 13.255184234000048 ], [ -1.761369203999924, 13.260203335000018 ], [ -1.762509318999933, 13.306596394000067 ], [ -1.798287940999971, 13.291896070000028 ], [ -1.815288469999904, 13.330371993000043 ], [ -1.842106057999954, 13.340494957000068 ], [ -1.839235000999989, 13.375198569000066 ], [ -1.85044495999998, 13.390790951000017 ], [ -1.848873571, 13.416342177 ], [ -1.860035896999951, 13.440559005000072 ], [ -1.850821897999904, 13.470704299000033 ], [ -1.858361683999893, 13.499497400000024 ], [ -1.87740887699997, 13.517963369000061 ], [ -1.859679947999987, 13.531200326 ], [ -1.898450288999936, 13.575547566000054 ], [ -1.905148121999983, 13.616342177000071 ], [ -1.839239172999979, 13.66445595900003 ], [ -1.81012811299997, 13.66780763800006 ], [ -1.777702894999927, 13.693397007 ], [ -1.739439573999918, 13.699234964000048 ], [ -1.729128181999934, 13.720227901 ], [ -1.736420603999972, 13.741591258000049 ], [ -1.754322532999969, 13.752449289000054 ], [ -1.75798385199995, 13.763270919000067 ], [ -1.676477611999943, 13.888936364000035 ], [ -1.623173909999914, 13.878707051000092 ], [ -1.54665499, 13.89189569400002 ], [ -1.503115452999976, 13.805812872000065 ], [ -1.473808654999936, 13.776607309000052 ], [ -1.348482159999947, 13.760405101000092 ] ] ] } },
{ "type": "Feature", "properties": { "loc": "BF-A2-0502" }, "geometry": { "type": "Polygon", "coordinates": [ [ [ -0.617996549999927, 13.998329547000019 ], [ -0.619697722, 13.981378360000082 ], [ -0.634695980999905, 13.973194547 ], [ -0.621476964999951, 13.964888659000049 ], [ -0.624402463999979, 13.941209077000025 ], [ -0.606337837999932, 13.926675378 ], [ -0.570497448999935, 13.927296312000045 ], [ -0.552872093, 13.910161672000029 ], [ -0.548417621999936, 13.894017058000038 ], [ -0.497208332999915, 13.870974580000059 ], [ -0.482533734999962, 13.821993239000083 ], [ -0.461489228999917, 13.81202839 ], [ -0.476735951999957, 13.782571035000021 ], [ -0.470163209999957, 13.749979945000021 ], [ -0.415955156999886, 13.70564778400005 ], [ -0.382978659999972, 13.642036970000035 ], [ -0.364761700999932, 13.634644369000057 ], [ -0.365687733, 13.64109524500001 ], [ -0.350676865999927, 13.639490121000073 ], [ -0.332619198000011, 13.649305905000084 ], [ -0.30457785299996, 13.641749089000019 ], [ -0.280359722999962, 13.624764530000075 ], [ -0.262350353999957, 13.639941044000079 ], [ -0.220657571999966, 13.647851145000065 ], [ -0.233414492999967, 13.623948259000038 ], [ -0.225975241999948, 13.60454414 ], [ -0.259021549999955, 13.55680026200001 ], [ -0.257206949999916, 13.538714203000055 ], [ -0.225532673999923, 13.494690737000045 ], [ -0.23959145, 13.468921263000031 ], [ -0.277532735999913, 13.47156660700006 ], [ -0.290177690999976, 13.465027744000022 ], [ -0.320603795999902, 13.413980279000068 ], [ -0.316917673, 13.40105021200004 ], [ -0.281711250999966, 13.389887649000062 ], [ -0.272963514999952, 13.372738536 ], [ -0.301900716999964, 13.335894315000083 ], [ -0.306440106999944, 13.304993744000068 ], [ -0.343057089999982, 13.277239134000027 ], [ -0.319923827999951, 13.243779890000049 ], [ -0.318838147999917, 13.209829034000073 ], [ -0.305403144999944, 13.194800484000055 ], [ -0.33334613899994, 13.15072817400009 ], [ -0.366570488000023, 13.12205375600006 ], [ -0.390616749999922, 13.021440749000021 ], [ -0.384469637999968, 12.988192740000024 ], [ -0.355642261999983, 12.974926909000015 ], [ -0.357897828, 12.923122518000049 ], [ -0.331798795999899, 12.880271114000028 ], [ -0.248698173999956, 12.841399683000063 ], [ -0.213149439999932, 12.811226622000024 ], [ -0.243683694999924, 12.76004555500003 ], [ -0.258626871999984, 12.749357499000055 ], [ -0.253037984999943, 12.727038730000093 ], [ -0.218118132, 12.690844836000068 ], [ -0.228509173, 12.604155434000106 ], [ -0.240708200999934, 12.560511160000029 ], [ -0.254981792999925, 12.561460595000071 ], [ -0.262116071999935, 12.552026807000047 ], [ -0.273392424999913, 12.551920365000033 ], [ -0.274208963999972, 12.543966571000073 ], [ -0.281922632999959, 12.550838212000023 ], [ -0.292190586, 12.547528410000083 ], [ -0.299695367000013, 12.557406955000047 ], [ -0.30547824699994, 12.547234216000078 ], [ -0.333668421999961, 12.544909522000111 ], [ -0.337170216999977, 12.535923697000026 ], [ -0.394564638999989, 12.515231864000029 ], [ -0.407773995999944, 12.491021331000038 ], [ -0.426711456999912, 12.487721096 ], [ -0.427622142999945, 12.480177847000082 ], [ -0.640445457999911, 12.544816482000051 ], [ -0.659169486999894, 12.601657468000013 ], [ -0.645406028000012, 12.647546968000054 ], [ -0.656454415999957, 12.681413398000061 ], [ -0.674858838999964, 12.689956164 ], [ -0.676714806999962, 12.701764636000032 ], [ -0.68980959399994, 12.703804846 ], [ -0.695215008999988, 12.803373867000076 ], [ -0.723958949999909, 12.8400281 ], [ -0.723209301999966, 12.867770017000055 ], [ -0.746368725999941, 12.865796900000046 ], [ -0.768101888999944, 12.882728800000073 ], [ -0.770743887999964, 12.902866799999988 ], [ -0.811269518999929, 12.977905178000057 ], [ -0.816163060999902, 13.001039868000117 ], [ -0.814162657999945, 13.014786048000079 ], [ -0.781349942, 13.035915107000015 ], [ -0.73220975799993, 12.974878272000076 ], [ -0.714528647999907, 12.968748284000029 ], [ -0.691865570999966, 12.987297038000076 ], [ -0.665240891999891, 13.040017681000091 ], [ -0.693374864999968, 13.126582337000034 ], [ -0.680386148999973, 13.169567030000071 ], [ -0.658551412999913, 13.201472838000036 ], [ -0.657106546999914, 13.30903924200004 ], [ -0.675214391999895, 13.33643052400004 ], [ -0.705471577999966, 13.435749206000011 ], [ -0.706221024999892, 13.462728241 ], [ -0.729315637999922, 13.464230109000017 ], [ -0.736666280999981, 13.47192286600005 ], [ -0.73800890999996, 13.507799120000083 ], [ -0.767510576999958, 13.566455672000075 ], [ -0.763930267000018, 13.591706791000011 ], [ -0.775777486999979, 13.631761901000036 ], [ -0.76703184799996, 13.650993681000021 ], [ -0.770300122999928, 13.682712813 ], [ -0.714358408999943, 13.724354770000044 ], [ -0.687671173999932, 13.721946760000023 ], [ -0.687013993999913, 13.741837071000049 ], [ -0.669687476, 13.775954714000058 ], [ -0.677278925999919, 13.807542466 ], [ -0.668438022000012, 13.838405164000076 ], [ -0.687313409999907, 13.892300415000022 ], [ -0.693762851, 13.892948733000019 ], [ -0.686191902999927, 13.920453511000083 ], [ -0.698677557999955, 13.949612074000115 ], [ -0.699525109, 13.980729527000044 ], [ -0.678964448999936, 13.998387804000043 ], [ -0.617996549999927, 13.998329547000019 ] ] ] } },
{ "type": "Feature", "properties": { "loc": "BF-A2-0503" }, "geometry": { "type": "Polygon", "coordinates": [ [ [ -0.68980959399994, 12.703804846 ], [ -0.737507273999932, 12.704696052000017 ], [ -0.777333387999929, 12.686180974 ], [ -0.778790015000014, 12.67316438600001 ], [ -0.743012645, 12.621012204000046 ], [ -0.778098842999936, 12.605408611000055 ], [ -0.793555159999909, 12.583920411000069 ], [ -0.835096460999979, 12.571115156000065 ], [ -0.867229247999984, 12.543961561000103 ], [ -0.916096689999951, 12.567568612000077 ], [ -0.919998596999943, 12.584737607 ], [ -0.946601129999963, 12.613205141000059 ], [ -0.95179611699992, 12.630435941000037 ], [ -0.974610077, 12.635906341000045 ], [ -0.963783670999946, 12.645359870000014 ], [ -0.963461373000013, 12.657060202 ], [ -0.978391157999941, 12.655237645000092 ], [ -0.995910140999961, 12.679975875000046 ], [ -1.017021346000019, 12.67412282 ], [ -1.106365717999918, 12.692625163000024 ], [ -1.119485139999981, 12.647290733 ], [ -1.134477949999973, 12.630936811 ], [ -1.150890488999928, 12.653656882000039 ], [ -1.121595398999969, 12.683405578000048 ], [ -1.152608178999942, 12.688648528000066 ], [ -1.161680109999957, 12.711136521000086 ], [ -1.148339644, 12.720019068000063 ], [ -1.153218770999925, 12.783603808000052 ], [ -1.237401139999933, 12.826292463000108 ], [ -1.291654417999927, 12.821100467000043 ], [ -1.332098849999924, 12.839709961000054 ], [ -1.3713772479999, 12.837262627000065 ], [ -1.359848172999972, 12.86919067 ], [ -1.390573114999932, 12.888246729000016 ], [ -1.423605312999926, 12.873658749000036 ], [ -1.434682967999984, 12.886588733000057 ], [ -1.480872406999972, 12.885450581000033 ], [ -1.49588929, 12.915206500000107 ], [ -1.536114274999961, 12.926527193000023 ], [ -1.533885910999971, 12.959312159999989 ], [ -1.551344254999948, 12.994232462000063 ], [ -1.524182793999956, 12.999467448000043 ], [ -1.518968071999965, 12.989611273000065 ], [ -1.506551482999968, 13.011091480000101 ], [ -1.519018974999914, 13.038490822000057 ], [ -1.55141406099995, 13.055190294000038 ], [ -1.533821179999944, 13.10501913700006 ], [ -1.534731431999941, 13.130408594000073 ], [ -1.442345617999924, 13.161558803000048 ], [ -1.416090212999937, 13.160521329000094 ], [ -1.37115804199997, 13.187123140000054 ], [ -1.319370181999951, 13.180108838000024 ], [ -1.331761, 13.22601820200002 ], [ -1.343972288000011, 13.243091263000093 ], [ -1.297498165, 13.319480976000062 ], [ -1.323796892999934, 13.343211658000051 ], [ -1.336859975999954, 13.387462530000047 ], [ -1.367280986, 13.406733538 ], [ -1.396476909999916, 13.45547960200004 ], [ -1.371848912999934, 13.482357425000011 ], [ -1.34545720699995, 13.485538358000035 ], [ -1.33611458499992, 13.494208245 ], [ -1.372264393999939, 13.562645368000023 ], [ -1.353791588999958, 13.583196422000096 ], [ -1.341962311999972, 13.619309878000038 ], [ -1.315239312999933, 13.643589269000042 ], [ -1.318159596999974, 13.661894534000016 ], [ -1.304431867999939, 13.677636898000031 ], [ -1.30987977899995, 13.693998074 ], [ -1.349267104999968, 13.736800881 ], [ -1.348482159999947, 13.760405101000092 ], [ -1.30858362899991, 13.749758012000044 ], [ -1.250792196, 13.764864714000044 ], [ -1.227500269999987, 13.762293993000061 ], [ -1.212528601999968, 13.77098907400007 ], [ -1.154399657999932, 13.769059849000051 ], [ -1.121857018999944, 13.784611915000042 ], [ -1.106871281999916, 13.770370980000088 ], [ -1.09442835299996, 13.77003096300011 ], [ -1.079381919999972, 13.781672021000066 ], [ -1.063152209999957, 13.812136906 ], [ -1.045323055999941, 13.824250389000056 ], [ -0.99427417999996, 13.82954076400009 ], [ -0.981255376999962, 13.865654734000074 ], [ -0.956634008, 13.869779020000081 ], [ -0.911432356999936, 13.856248655000034 ], [ -0.877559579999937, 13.869891695000078 ], [ -0.854952820999949, 13.869079955000061 ], [ -0.84499721, 13.889496039000068 ], [ -0.822336114999961, 13.907213958000028 ], [ -0.800061860999951, 13.910086378000106 ], [ -0.788291705999971, 13.926037035000036 ], [ -0.761140704999957, 13.917349471000026 ], [ -0.750300586000013, 13.940137516000092 ], [ -0.711546594, 13.941140600000043 ], [ -0.698677557999955, 13.949612074000115 ], [ -0.686191902999927, 13.920453511000083 ], [ -0.693762851, 13.892948733000019 ], [ -0.687313409999907, 13.892300415000022 ], [ -0.668438022000012, 13.838405164000076 ], [ -0.677278925999919, 13.807542466 ], [ -0.669687476, 13.775954714000058 ], [ -0.687013993999913, 13.741837071000049 ], [ -0.687671173999932, 13.721946760000023 ], [ -0.714358408999943, 13.724354770000044 ], [ -0.770300122999928, 13.682712813 ], [ -0.76703184799996, 13.650993681000021 ], [ -0.775777486999979, 13.631761901000036 ], [ -0.763930267000018, 13.591706791000011 ], [ -0.767510576999958, 13.566455672000075 ], [ -0.73800890999996, 13.507799120000083 ], [ -0.736666280999981, 13.47192286600005 ], [ -0.729315637999922, 13.464230109000017 ], [ -0.706221024999892, 13.462728241 ], [ -0.705471577999966, 13.435749206000011 ], [ -0.675214391999895, 13.33643052400004 ], [ -0.657106546999914, 13.30903924200004 ], [ -0.658551412999913, 13.201472838000036 ], [ -0.680386148999973, 13.169567030000071 ], [ -0.693374864999968, 13.126582337000034 ], [ -0.665240891999891, 13.040017681000091 ], [ -0.691865570999966, 12.987297038000076 ], [ -0.714528647999907, 12.968748284000029 ], [ -0.73220975799993, 12.974878272000076 ], [ -0.781349942, 13.035915107000015 ], [ -0.816754589, 13.007162754000021 ], [ -0.811269518999929, 12.977905178000057 ], [ -0.770743887999964, 12.902866799999988 ], [ -0.768101888999944, 12.882728800000073 ], [ -0.746368725999941, 12.865796900000046 ], [ -0.723209301999966, 12.867770017000055 ], [ -0.723958949999909, 12.8400281 ], [ -0.695215008999988, 12.803373867000076 ], [ -0.68980959399994, 12.703804846 ] ] ] } },
{ "type": "Feature", "properties": { "loc": "BF-A2-0601" }, "geometry": { "type": "Polygon", "coordinates": [ [ [ -1.94380727899997, 12.693326169000027 ], [ -1.922603994999933, 12.679009672000038 ], [ -1.938516073999957, 12.652328759000017 ], [ -1.860875238999943, 12.613735951000013 ], [ -1.839542085999907, 12.61034404700003 ], [ -1.785187374999958, 12.489664699000055 ], [ -1.865512101, 12.448152608 ], [ -1.919643171, 12.48206340200004 ], [ -2.000223801999895, 12.471668541999989 ], [ -2.007475234, 12.44483190200005 ], [ -2.033909595999966, 12.416951794000017 ], [ -2.03651239999994, 12.377049751000044 ], [ -2.083168843999933, 12.328392663000074 ], [ -2.079359016999921, 12.315928823000075 ], [ -2.055707308999982, 12.300413251000084 ], [ -2.009034131999937, 12.297354690000059 ], [ -2.007462544999933, 12.309392897000102 ], [ -1.983001584, 12.311997458000043 ], [ -1.948142377999923, 12.350917027 ], [ -1.813426148999914, 12.372053928000046 ], [ -1.785785842999915, 12.338768383000051 ], [ -1.817634979999988, 12.321612080000019 ], [ -1.786673323999893, 12.301738982000085 ], [ -1.786435230999911, 12.243294478000053 ], [ -1.824015583999899, 12.216134484000094 ], [ -1.827027413999965, 12.160360970000081 ], [ -1.920466150999972, 12.159493882000014 ], [ -1.938038669999981, 12.133765429000018 ], [ -1.985572786999939, 12.124720711000034 ], [ -1.958245707999922, 12.076941042 ], [ -1.976941504999968, 12.057741820000054 ], [ -2.050719016999985, 12.014003348000088 ], [ -2.040367421999961, 12.00089293400006 ], [ -2.046502884999929, 11.987865917 ], [ -2.159755441999939, 11.947781169000013 ], [ -2.187069949999981, 11.94999555 ], [ -2.206753249999932, 11.936460696000026 ], [ -2.276744057999985, 11.924296883000071 ], [ -2.283687723999944, 11.958749605 ], [ -2.244948821999931, 11.978704854000075 ], [ -2.26316672799996, 12.001164593000066 ], [ -2.374335562999957, 11.959002354000045 ], [ -2.403592427999951, 11.97779402200003 ], [ -2.42441668199998, 12.007263446000024 ], [ -2.433815288999935, 12.002245672000075 ], [ -2.453244187999887, 12.015541377000069 ], [ -2.478589708, 12.005823287000059 ], [ -2.49505450100001, 12.023740692 ], [ -2.482925941999953, 12.053687170000035 ], [ -2.493330570999924, 12.085709596000058 ], [ -2.435427872999957, 12.118423943000042 ], [ -2.434710437999926, 12.136173741000064 ], [ -2.49899524799993, 12.162151405000074 ], [ -2.499232929999967, 12.182471415000037 ], [ -2.405789186999901, 12.230755625000064 ], [ -2.399475176, 12.266460942000077 ], [ -2.438286341999945, 12.422042962 ], [ -2.452514225999974, 12.437670824000044 ], [ -2.449634119999971, 12.455244062000112 ], [ -2.381992244999936, 12.455929809000096 ], [ -2.326626457, 12.506073991 ], [ -2.288716267999985, 12.520444427000019 ], [ -2.231931385999958, 12.628551630000093 ], [ -2.232514932999924, 12.642812939000045 ], [ -2.257207279999901, 12.637538891000119 ], [ -2.272270107999913, 12.628131189000033 ], [ -2.269711599999963, 12.60173866800007 ], [ -2.302403621999965, 12.591598999000084 ], [ -2.325786610999963, 12.658663316000027 ], [ -2.201002679999925, 12.699966296000095 ], [ -2.157567809999944, 12.700410696000095 ], [ -2.150134248999952, 12.709112567000044 ], [ -2.088848998999976, 12.688962698000037 ], [ -2.064402081999966, 12.708173034000023 ], [ -1.989537868999919, 12.707717608000088 ], [ -1.977017036999912, 12.697443534000083 ], [ -1.98610498599992, 12.679232315999986 ], [ -1.97925636299992, 12.673961947000098 ], [ -1.94380727899997, 12.693326169000027 ] ] ] } },
{ "type": "Feature", "properties": { "loc": "BF-A2-0602" }, "geometry": { "type": "Polygon", "coordinates": [ [ [ -2.325786610999963, 12.658663316000027 ], [ -2.302403621999965, 12.591598999000084 ], [ -2.271456586999926, 12.599980171000055 ], [ -2.272270107999913, 12.628131189000033 ], [ -2.252071291999941, 12.640047333000012 ], [ -2.230081426999925, 12.640617699000043 ], [ -2.240036401999906, 12.618329939999981 ], [ -2.236402186999947, 12.61125755900003 ], [ -2.288716267999985, 12.520444427000019 ], [ -2.326626457, 12.506073991 ], [ -2.381992244999936, 12.455929809000096 ], [ -2.449634119999971, 12.455244062000112 ], [ -2.452514225999974, 12.437670824000044 ], [ -2.438286341999945, 12.422042962 ], [ -2.399475176, 12.266460942000077 ], [ -2.405789186999901, 12.230755625000064 ], [ -2.499232929999967, 12.182471415000037 ], [ -2.49899524799993, 12.162151405000074 ], [ -2.437640042999939, 12.141578328000044 ], [ -2.433873482999954, 12.123403427000021 ], [ -2.493330570999924, 12.085709596000058 ], [ -2.482925941999953, 12.053687170000035 ], [ -2.49505450100001, 12.023740692 ], [ -2.474228765999947, 12.004567185000045 ], [ -2.453244187999887, 12.015541377000069 ], [ -2.433815288999935, 12.002245672000075 ], [ -2.42441668199998, 12.007263446000024 ], [ -2.380423176999963, 11.959703114000028 ], [ -2.26316672799996, 12.001164593000066 ], [ -2.245404519999977, 11.976671472000053 ], [ -2.283687723999944, 11.958749605 ], [ -2.276744057999985, 11.924296883000071 ], [ -2.375338409999888, 11.902061062000044 ], [ -2.420653618999929, 11.902130635000027 ], [ -2.444328324, 11.873873386000053 ], [ -2.485839050999933, 11.853876100000058 ], [ -2.523068355, 11.805930733 ], [ -2.540769383999902, 11.815084533000039 ], [ -2.552196606999929, 11.753716896000086 ], [ -2.578275829999904, 11.738147797000106 ], [ -2.563640392, 11.684082748000055 ], [ -2.56844424, 11.627288456000048 ], [ -2.647599008999963, 11.630669785000045 ], [ -2.704080165999906, 11.606279550000107 ], [ -2.720890013999961, 11.693313175000039 ], [ -2.757037694999981, 11.730894764000041 ], [ -2.803038489, 11.762718130000025 ], [ -2.875238434999955, 11.753841908000037 ], [ -2.918265040999907, 11.783728318000072 ], [ -2.92336363299997, 11.801409850000042 ], [ -2.919762954999944, 11.815228494000049 ], [ -2.882197027, 11.814454614000056 ], [ -2.84758873499989, 11.830779751000062 ], [ -2.822469086999907, 11.876235687000111 ], [ -2.830370844, 11.897447423000049 ], [ -2.87940002799994, 11.933176162000045 ], [ -2.877401947999908, 11.944669500000035 ], [ -2.849281564999978, 11.974236821000048 ], [ -2.855255320999978, 12.002509610000065 ], [ -2.904375597999903, 12.025003527000042 ], [ -2.929088610999903, 12.06060562300004 ], [ -2.926126414999947, 12.07366346500007 ], [ -2.910942597999961, 12.085994149000065 ], [ -2.868967548999974, 12.103132731000052 ], [ -2.842525167999971, 12.09364160100008 ], [ -2.815915040999945, 12.063438656000056 ], [ -2.804212816, 12.071008978000084 ], [ -2.791837293999927, 12.128470116000109 ], [ -2.816257092999913, 12.154495843000099 ], [ -2.832252376999983, 12.224175218000052 ], [ -2.874988656999983, 12.256337610000021 ], [ -2.885398529999944, 12.274925973000059 ], [ -2.866650972999968, 12.325080078000081 ], [ -2.850067523999905, 12.342352961000078 ], [ -2.831554451999968, 12.338598287000011 ], [ -2.824486644999952, 12.344435704 ], [ -2.83051549799998, 12.38082910100011 ], [ -2.848974198999949, 12.388273434000016 ], [ -2.776049455999968, 12.44205653700001 ], [ -2.754257945999933, 12.464355839000049 ], [ -2.752121176999972, 12.48566828600006 ], [ -2.722000168999978, 12.51134812900003 ], [ -2.769012253, 12.615739417000047 ], [ -2.715400977999921, 12.68667426400005 ], [ -2.687422442999915, 12.692873335000041 ], [ -2.677909154999975, 12.721392037000065 ], [ -2.570159145999968, 12.812244613000054 ], [ -2.547680566999927, 12.84248837200008 ], [ -2.50884203199993, 12.823910787000045 ], [ -2.490084232999906, 12.776266061000083 ], [ -2.529850166999986, 12.755143968000013 ], [ -2.533761313999944, 12.712017452000055 ], [ -2.526151741999954, 12.692905862000067 ], [ -2.434359098999988, 12.703595376000074 ], [ -2.434520766999953, 12.688784028000086 ], [ -2.444642511999967, 12.675983013000078 ], [ -2.481408577, 12.670423696000086 ], [ -2.481046734999986, 12.617017122000071 ], [ -2.325786610999963, 12.658663316000027 ] ] ] } },
{ "type": "Feature", "properties": { "loc": "BF-A2-0603" }, "geometry": { "type": "Polygon", "coordinates": [ [ [ -2.265491150709983, 11.925696514887843 ], [ -2.24954131269537, 11.834774585684174 ], [ -2.274529000926597, 11.820895526612855 ], [ -2.254056574864983, 11.767317932781964 ], [ -2.254278712806297, 11.729085281266309 ], [ -2.265745698419193, 11.720017790294378 ], [ -2.341089596321758, 11.740231467014183 ], [ -2.357550250157864, 11.721622161938814 ], [ -2.364910533808034, 11.587981313192641 ], [ -2.352501982294593, 11.551573216136607 ], [ -2.300905041848148, 11.526575978004573 ], [ -2.199557675060601, 11.52757160305263 ], [ -2.168207125972032, 11.493021339868532 ], [ -2.152247524017965, 11.436737999864395 ], [ -2.120074896553179, 11.373452052775606 ], [ -2.056532434038546, 11.327508383810457 ], [ -2.060470246018984, 11.316968086613498 ], [ -2.050593144871684, 11.311339130102365 ], [ -2.050297098845981, 11.295504420598125 ], [ -2.010417583618535, 11.284170162328721 ], [ -2.000212892724765, 11.29557480603806 ], [ -1.995368441814084, 11.291172781104557 ], [ -1.984144455716004, 11.338237029620812 ], [ -1.962633024908119, 11.339798931680944 ], [ -1.958461220123156, 11.355680844800739 ], [ -1.939821541345003, 11.370814652379895 ], [ -1.860915203088098, 11.372030070836692 ], [ -1.862101441242465, 11.338623872099609 ], [ -1.81678845064043, 11.314900303311941 ], [ -1.762831922968816, 11.34107284743955 ], [ -1.710850060995464, 11.39679133315909 ], [ -1.643996444893962, 11.387485163015452 ], [ -1.596683247847556, 11.344751038635117 ], [ -1.595855329273972, 11.296574973561771 ], [ -1.620962611149531, 11.273962742891863 ], [ -1.621489409722426, 11.224824922138039 ], [ -1.662884615346667, 11.169208577819203 ], [ -1.636807315718991, 11.167002432022212 ], [ -1.638152430803984, 11.155408231909966 ], [ -1.611437536127336, 11.145132149234891 ], [ -1.598231825552253, 11.12470946197768 ], [ -1.56835914137522, 11.132109163812451 ], [ -1.569282111993819, 11.11181577028716 ], [ -1.561487517848615, 11.107022888301247 ], [ -1.546544821600182, 11.11309918198725 ], [ -1.539291929592822, 11.093336098887445 ], [ -1.51112845732639, 11.099942997976568 ], [ -1.498190458736627, 11.091633318928118 ], [ -1.476674043885962, 11.096163404623017 ], [ -1.484398402778011, 11.078680832260192 ], [ -1.442424215419152, 11.041806375569369 ], [ -1.419079670404411, 11.058510298716904 ], [ -1.419645144321898, 11.040070034709926 ], [ -1.433077626145476, 11.031903618562739 ], [ -1.421207835087465, 11.009494372073204 ], [ -1.431779980875363, 11.018033028407126 ], [ -1.586861133948119, 11.018969535621164 ], [ -1.592670082572198, 10.988300322807243 ], [ -1.659856080907353, 10.996943474067665 ], [ -1.715878009576426, 10.976995467872136 ], [ -1.741705060254273, 10.976135253744557 ], [ -1.790696025315262, 10.982498168561222 ], [ -2.157986163644482, 10.977860451104526 ], [ -2.255023003422815, 10.988377570973713 ], [ -2.50544405021669, 10.983449936371059 ], [ -2.609058142033573, 10.996024132213522 ], [ -2.718710231705774, 10.996526625708801 ], [ -2.708209099084601, 11.016677465897924 ], [ -2.684920358801463, 11.034172197094811 ], [ -2.677253500762396, 11.054874596890725 ], [ -2.623023661027081, 11.056765343251582 ], [ -2.610561770723086, 11.08550882427841 ], [ -2.607291806085928, 11.120639643010708 ], [ -2.69252107979794, 11.198117722060816 ], [ -2.710404208401442, 11.204339636670488 ], [ -2.733979357575238, 11.197614874232652 ], [ -2.729762576795428, 11.161526203776875 ], [ -2.786490109045242, 11.139324020792518 ], [ -2.797669108356611, 11.223014701073188 ], [ -2.807439415910262, 11.243207032384229 ], [ -2.802455034985821, 11.284344119990736 ], [ -2.783237960877138, 11.300410571296419 ], [ -2.7697363571611, 11.328626006390675 ], [ -2.740575416236416, 11.349863686265699 ], [ -2.70070234015482, 11.329667497762404 ], [ -2.63128063530702, 11.325664094627857 ], [ -2.620089543711419, 11.37567931915085 ], [ -2.558133598600641, 11.374091623635115 ], [ -2.554845769830359, 11.384260665402978 ], [ -2.516386711291639, 11.411348524220609 ], [ -2.542656698761584, 11.435012271904416 ], [ -2.580677795557764, 11.444592005921928 ], [ -2.668798465190962, 11.498939470685615 ], [ -2.67121818018881, 11.578616027013627 ], [ -2.686431146094463, 11.598221226034346 ], [ -2.704080165880896, 11.60627954996685 ], [ -2.64759900920086, 11.630669785287953 ], [ -2.568444240423303, 11.627288455803184 ], [ -2.563640392104358, 11.684082748325766 ], [ -2.578275829579817, 11.738147797188681 ], [ -2.552196607201607, 11.753716896423223 ], [ -2.540769384213656, 11.815084532930442 ], [ -2.523068354834654, 11.805930733122427 ], [ -2.485839050845466, 11.853876099607902 ], [ -2.444328323707119, 11.873873385953591 ], [ -2.423741681047688, 11.900825716938877 ], [ -2.375338410353301, 11.902061061674249 ], [ -2.265491150709983, 11.925696514887843 ] ] ] } },
{ "type": "Feature", "properties": { "loc": "BF-A2-0604" }, "geometry": { "type": "Polygon", "coordinates": [ [ [ -1.352043925999951, 11.598413187000098 ], [ -1.325276678999981, 11.558708858000053 ], [ -1.309454279999916, 11.547768971000025 ], [ -1.324810335999943, 11.530699871000014 ], [ -1.353231459999976, 11.528584179000021 ], [ -1.384060551999938, 11.485209655000059 ], [ -1.491204231999959, 11.429522367000075 ], [ -1.513234366999932, 11.394556053000013 ], [ -1.541036464999906, 11.392724431000076 ], [ -1.552069340999901, 11.405382293000052 ], [ -1.564966479999957, 11.401033523000034 ], [ -1.578226685999945, 11.388096746000073 ], [ -1.596683248, 11.344751039000098 ], [ -1.643996444999979, 11.387485163000097 ], [ -1.707416719999949, 11.398105374000053 ], [ -1.76283192299998, 11.341072847000053 ], [ -1.816788451000023, 11.314900303000083 ], [ -1.862101440999969, 11.338623872000017 ], [ -1.860915202999963, 11.372030071000047 ], [ -1.93982154099997, 11.370814652000025 ], [ -1.95846122, 11.355680845000091 ], [ -1.962633024999932, 11.339798932000075 ], [ -1.984144455999975, 11.338237030000073 ], [ -1.995368441999973, 11.291172781000089 ], [ -2.000212892999969, 11.295574806000072 ], [ -2.010417583999918, 11.284170162000049 ], [ -2.050297098999981, 11.295504421000022 ], [ -2.050593144999962, 11.311339130000039 ], [ -2.060470245999984, 11.316968087000021 ], [ -2.056532433999952, 11.327508384000026 ], [ -2.120074896999907, 11.373452053000019 ], [ -2.152247523999923, 11.436738 ], [ -2.168207125999971, 11.493021340000073 ], [ -2.199557674999913, 11.527571603000084 ], [ -2.300905041999962, 11.526575978000039 ], [ -2.356370973999927, 11.556067234000064 ], [ -2.364910533999947, 11.587981313000093 ], [ -2.360020636999921, 11.704825667000016 ], [ -2.357550249999979, 11.721622162000031 ], [ -2.342117859999942, 11.740043933000052 ], [ -2.265745697999916, 11.720017790000067 ], [ -2.25565541699993, 11.725571186000014 ], [ -2.254056574999979, 11.767317933000029 ], [ -2.274529000999942, 11.820895527000072 ], [ -2.249541312999953, 11.834774586000016 ], [ -2.265491150999904, 11.925696515000059 ], [ -2.202452165999952, 11.937596951000071 ], [ -2.187069949999981, 11.94999555 ], [ -2.163275538999959, 11.946869329000062 ], [ -2.121471880999942, 11.958415607000081 ], [ -2.10118301999998, 11.972882558 ], [ -2.047202938999942, 11.987289594000103 ], [ -2.041860089999919, 11.996964670000107 ], [ -1.986493803999939, 11.957544995000077 ], [ -1.980324648999937, 11.93243076000001 ], [ -1.966040212999936, 11.924195537000035 ], [ -1.951277818999913, 11.923498958000042 ], [ -1.928656225999942, 11.939029338000104 ], [ -1.889372828, 11.916498275000073 ], [ -1.861379115999978, 11.944750702 ], [ -1.84647913499994, 11.948270496000088 ], [ -1.842767453999966, 11.959512207000042 ], [ -1.801344297, 11.963316750000061 ], [ -1.781610825999974, 11.948729136000022 ], [ -1.783726684999981, 11.923150640000088 ], [ -1.699425093999968, 11.860533370000034 ], [ -1.691557322999931, 11.831836068000065 ], [ -1.663820996999982, 11.818488449000039 ], [ -1.64815167799997, 11.796597834000064 ], [ -1.651877966, 11.787113182 ], [ -1.642623040999941, 11.782485308000076 ], [ -1.618241666999936, 11.789709434000059 ], [ -1.594248602999909, 11.76547947300006 ], [ -1.561405484999928, 11.753716147000024 ], [ -1.560491522999979, 11.737121416 ], [ -1.55147977499997, 11.726986223000033 ], [ -1.537451990999977, 11.728768214000038 ], [ -1.531427250999934, 11.710872626000032 ], [ -1.498914267, 11.714528286000078 ], [ -1.488019251999956, 11.68349753900004 ], [ -1.46195326600001, 11.692987281000075 ], [ -1.453352616, 11.672509343000101 ], [ -1.454141824999927, 11.64425272000009 ], [ -1.423736743999965, 11.634929871000097 ], [ -1.4242576639999, 11.623840047 ], [ -1.415083002999912, 11.618094289000044 ], [ -1.39436679499994, 11.61661465600001 ], [ -1.392567206999989, 11.597791631000096 ], [ -1.381284373, 11.603324620000041 ], [ -1.352043925999951, 11.598413187000098 ] ] ] } },
{ "type": "Feature", "properties": { "loc": "BF-A2-0701" }, "geometry": { "type": "Polygon", "coordinates": [ [ [ -1.07096631, 12.179404843000061 ], [ -1.031232427999989, 12.146936211000067 ], [ -1.021468114999974, 12.120709494000057 ], [ -1.026405321, 12.090050226000113 ], [ -0.99546356399996, 12.058599230000031 ], [ -0.97615967099996, 12.020753406000015 ], [ -0.93645541099992, 11.990430771000035 ], [ -0.915077551, 11.986431312000054 ], [ -0.910704120999989, 11.967807779000037 ], [ -0.897107509999967, 11.960918777000071 ], [ -0.886713936000022, 11.939981515000017 ], [ -0.893008476, 11.935473697000074 ], [ -0.885759860999952, 11.930448517000045 ], [ -0.889259921999913, 11.90509661700003 ], [ -0.900660942999903, 11.896360773000023 ], [ -0.932296285999962, 11.908262536000056 ], [ -0.96519650199996, 11.903576147 ], [ -1.003708482999937, 11.912067363000098 ], [ -1.047256643999966, 11.948328155000063 ], [ -1.067809578999928, 11.952239385000027 ], [ -1.126040785999987, 11.917083524000091 ], [ -1.157948372999923, 11.914139326000026 ], [ -1.191943307, 11.871693888000021 ], [ -1.217803557999969, 11.860793795000088 ], [ -1.216475095999919, 11.825079508000044 ], [ -1.268241169999912, 11.786719182000091 ], [ -1.276675503000019, 11.750990911000045 ], [ -1.303971724999969, 11.70539430100008 ], [ -1.315507085999973, 11.6376532580001 ], [ -1.345912727999981, 11.593216216000066 ], [ -1.356249234, 11.603698545000071 ], [ -1.392567206999989, 11.597791631000096 ], [ -1.39436679499994, 11.61661465600001 ], [ -1.415083002999912, 11.618094289000044 ], [ -1.4242576639999, 11.623840047 ], [ -1.423736743999965, 11.634929871000097 ], [ -1.454141824999927, 11.64425272000009 ], [ -1.453352616, 11.672509343000101 ], [ -1.46195326600001, 11.692987281000075 ], [ -1.488019251999956, 11.68349753900004 ], [ -1.498914267, 11.714528286000078 ], [ -1.531427250999934, 11.710872626000032 ], [ -1.537451990999977, 11.728768214000038 ], [ -1.55147977499997, 11.726986223000033 ], [ -1.560491522999979, 11.737121416 ], [ -1.561405484999928, 11.753716147000024 ], [ -1.594248602999909, 11.76547947300006 ], [ -1.618241666999936, 11.789709434000059 ], [ -1.642623040999941, 11.782485308000076 ], [ -1.651877966, 11.787113182 ], [ -1.64815167799997, 11.796597834000064 ], [ -1.663820996999982, 11.818488449000039 ], [ -1.691557322999931, 11.831836068000065 ], [ -1.699425093999968, 11.860533370000034 ], [ -1.783726684999981, 11.923150640000088 ], [ -1.781610825999974, 11.948729136000022 ], [ -1.801344297, 11.963316750000061 ], [ -1.842767453999966, 11.959512207000042 ], [ -1.84647913499994, 11.948270496000088 ], [ -1.861379115999978, 11.944750702 ], [ -1.889372828, 11.916498275000073 ], [ -1.928656225999942, 11.939029338000104 ], [ -1.951277818999913, 11.923498958000042 ], [ -1.966040212999936, 11.924195537000035 ], [ -1.980324648999937, 11.93243076000001 ], [ -1.986493803999939, 11.957544995000077 ], [ -2.051621446999957, 12.008110853000062 ], [ -1.958245707999922, 12.076941042 ], [ -1.985572786999939, 12.124720711000034 ], [ -1.938038669999981, 12.133765429000018 ], [ -1.920466150999972, 12.159493882000014 ], [ -1.827027413999965, 12.160360970000081 ], [ -1.791401654999963, 12.094340318000071 ], [ -1.723595229, 12.09306968500001 ], [ -1.690141313999921, 12.052138224000039 ], [ -1.661296814999941, 12.093102017000021 ], [ -1.633902210999932, 12.098311911000057 ], [ -1.567950299999926, 12.141031712000025 ], [ -1.538198059999979, 12.189867234000104 ], [ -1.4880542, 12.205164452000059 ], [ -1.467603778999909, 12.192738535000089 ], [ -1.440223993999973, 12.193353424000072 ], [ -1.40562503499993, 12.106940076000036 ], [ -1.370414479, 12.135473656000048 ], [ -1.33086791999995, 12.142063174000015 ], [ -1.312666989, 12.155286399000051 ], [ -1.29346847399992, 12.156099659000105 ], [ -1.280936498999968, 12.138901060000038 ], [ -1.251218038999974, 12.161141805000028 ], [ -1.228336053999951, 12.156277534 ], [ -1.164639882999979, 12.164340660000025 ], [ -1.137610660999916, 12.156395355000058 ], [ -1.125104467999965, 12.143647367 ], [ -1.07096631, 12.179404843000061 ] ] ] } },
{ "type": "Feature", "properties": { "loc": "BF-A2-0702" }, "geometry": { "type": "Polygon", "coordinates": [ [ [ -1.309454279920142, 11.547768971315435 ], [ -1.287212812750168, 11.529829822143039 ], [ -1.264360488274974, 11.496870450665227 ], [ -1.266951366741242, 11.47635625379254 ], [ -1.252057884093136, 11.470463866968347 ], [ -1.236483708185644, 11.478379470290783 ], [ -1.206926230090506, 11.465435392283988 ], [ -1.187512029085934, 11.467521240267486 ], [ -1.192810266209878, 11.447133650851766 ], [ -1.172667895835784, 11.434371325830483 ], [ -1.165146211757327, 11.415648752042733 ], [ -1.147056850622219, 11.413211922946347 ], [ -1.120992670304551, 11.382122790588776 ], [ -1.109481190733426, 11.396737776581585 ], [ -1.087632425125379, 11.403321474960562 ], [ -1.093127343081478, 11.389906965188754 ], [ -1.087099086682564, 11.377574594346513 ], [ -1.069150006296813, 11.371193313575022 ], [ -1.071516897815642, 11.351603111648744 ], [ -1.020430695848994, 11.327836009378791 ], [ -1.008368257418205, 11.355594302889228 ], [ -0.967935344369707, 11.345475398325434 ], [ -0.958494743566622, 11.323166482901327 ], [ -0.96238164402671, 11.312292840296804 ], [ -0.977940383071282, 11.315075015354136 ], [ -0.977436360728525, 11.296840689800455 ], [ -0.949695404348492, 11.286816133112515 ], [ -0.936533014116368, 11.297525713295494 ], [ -0.926652876857841, 11.26548805068745 ], [ -0.903625048786033, 11.237533790406562 ], [ -0.890720131757734, 11.239449117037582 ], [ -0.890867431715661, 11.227998771580506 ], [ -0.864211062219805, 11.208856085794185 ], [ -0.861849491989524, 11.195110377296537 ], [ -0.846659022624854, 11.206795830717475 ], [ -0.835402086266328, 11.189180869156248 ], [ -0.799230437164004, 11.176625463748614 ], [ -0.783906191846337, 11.162431738188628 ], [ -0.777859778135313, 11.202821133043317 ], [ -0.763778952565668, 11.209087439987826 ], [ -0.756706785618721, 11.16340418411027 ], [ -0.731815943579992, 11.160595929612922 ], [ -0.721902686988474, 11.149043377104631 ], [ -0.741898854577537, 11.118250502113442 ], [ -0.733907305306954, 11.106767147040664 ], [ -0.710199807404248, 11.106605814061531 ], [ -0.695875607302495, 11.094278275276643 ], [ -0.681715083813127, 11.061310826987537 ], [ -0.680794401069813, 11.049248285134713 ], [ -0.693963270917279, 11.046357659033198 ], [ -0.706235987030237, 11.015091680391198 ], [ -0.700490971210413, 11.002179174883475 ], [ -0.687452128042335, 11.013286248216243 ], [ -0.67936219204059, 11.00558813244082 ], [ -0.684988662825589, 10.989047923677196 ], [ -0.678949057881776, 10.976055144683642 ], [ -0.688776969710444, 10.981250762866875 ], [ -0.68708902586691, 10.990728377966731 ], [ -0.808877944990229, 10.992756843807756 ], [ -0.814127027869101, 11.002809524994044 ], [ -0.832984924443768, 11.002809524994044 ], [ -0.837031066059911, 10.991492271105887 ], [ -0.860749005990894, 10.989359856226844 ], [ -0.878685950924955, 10.959089278701711 ], [ -0.92153793595604, 10.973654747123343 ], [ -0.932981074246239, 10.994205475356864 ], [ -0.998351038298838, 10.990610123412926 ], [ -1.009632110662437, 10.998513221662311 ], [ -1.119552969922684, 11.000980376797413 ], [ -1.121862053919713, 10.982784270632045 ], [ -1.39737403381367, 10.990244864663234 ], [ -1.421207835202493, 11.009494371922187 ], [ -1.432973366057058, 11.030854339810395 ], [ -1.419645144436926, 11.040070034558909 ], [ -1.419079669620117, 11.058510298565887 ], [ -1.442424214634857, 11.041806376317673 ], [ -1.484398402893039, 11.078680832109177 ], [ -1.47667404400099, 11.096163405371321 ], [ -1.498190458851655, 11.091633318777101 ], [ -1.511128457441418, 11.099942997825551 ], [ -1.53929192970785, 11.09333609873643 ], [ -1.54654482171521, 11.113099181836233 ], [ -1.561487517963643, 11.10702288815023 ], [ -1.569282112108847, 11.111815770136143 ], [ -1.568359140590926, 11.132109163661434 ], [ -1.598231825667281, 11.124709461826663 ], [ -1.611437536242364, 11.145132149083874 ], [ -1.638152430919012, 11.155408231758949 ], [ -1.636807315834019, 11.167002431871195 ], [ -1.66107442767176, 11.166587460397441 ], [ -1.656274289056255, 11.182940326889035 ], [ -1.621489409837454, 11.224824921987022 ], [ -1.620962611264558, 11.273962742740846 ], [ -1.595855329389, 11.296574974310078 ], [ -1.600174884692235, 11.337046335174691 ], [ -1.571992386368596, 11.396077030285181 ], [ -1.552069340856455, 11.405382293012874 ], [ -1.541036465189777, 11.392724431441819 ], [ -1.513234366601797, 11.394556052774078 ], [ -1.491204232018753, 11.429522366618386 ], [ -1.384060552081873, 11.485209654856147 ], [ -1.353231459593246, 11.528584179270918 ], [ -1.330830198184159, 11.526530839081421 ], [ -1.309454279920142, 11.547768971315435 ] ] ] } },
{ "type": "Feature", "properties": { "loc": "BF-A2-0703" }, "geometry": { "type": "Polygon", "coordinates": [ [ [ -0.893068005999958, 11.898012321000071 ], [ -0.862761877000012, 11.877332040000052 ], [ -0.845661255999969, 11.886194574000061 ], [ -0.827565221999987, 11.879286828000055 ], [ -0.833045507999924, 11.854620297000082 ], [ -0.819542659000022, 11.847295658000043 ], [ -0.8486414089999, 11.792659684000093 ], [ -0.897674467999892, 11.779252509000024 ], [ -0.902254012999909, 11.690397716000042 ], [ -0.815701701999921, 11.605230066000047 ], [ -0.774393871999984, 11.589607637 ], [ -0.768897308999944, 11.573035996000034 ], [ -0.736171849999928, 11.546230799000032 ], [ -0.719672921999931, 11.543182629000068 ], [ -0.699286791, 11.577443443000021 ], [ -0.693103868999928, 11.576996601000086 ], [ -0.664261222999923, 11.554869269000065 ], [ -0.647666482, 11.52715527 ], [ -0.596190197999907, 11.503113013000085 ], [ -0.593181127999981, 11.494937380000067 ], [ -0.558920678999969, 11.484775864000049 ], [ -0.565882752999941, 11.464547843000059 ], [ -0.595758755, 11.441526628000062 ], [ -0.577666287999961, 11.40065092 ], [ -0.561727200999923, 11.403121420000037 ], [ -0.562808246000018, 11.394491792000025 ], [ -0.584439730999958, 11.38921250300011 ], [ -0.615299459999968, 11.413944439000076 ], [ -0.635696231999888, 11.41303419900008 ], [ -0.638567522999961, 11.383679137000044 ], [ -0.680595882, 11.362361168000021 ], [ -0.69266330499998, 11.32056033300006 ], [ -0.702296396999974, 11.312538136000036 ], [ -0.729065989999961, 11.310865107000076 ], [ -0.745412353999947, 11.293141372000079 ], [ -0.725075739999942, 11.252444873000098 ], [ -0.739825520999987, 11.227650449000024 ], [ -0.776130270999947, 11.206341945000073 ], [ -0.783906191999933, 11.162431738000109 ], [ -0.799230437, 11.176625464000065 ], [ -0.835402085999953, 11.189180869 ], [ -0.846659023000012, 11.206795831000058 ], [ -0.862696392999923, 11.195712949000011 ], [ -0.864211061999925, 11.208856086 ], [ -0.890867431999959, 11.227998772000067 ], [ -0.890720131999939, 11.239449117000053 ], [ -0.903625048999928, 11.237533790000029 ], [ -0.926652876999939, 11.265488051000069 ], [ -0.936533013999946, 11.29752571300002 ], [ -0.949695403999923, 11.286816133000041 ], [ -0.976490581999983, 11.295894216000033 ], [ -0.977940382999948, 11.315075015000062 ], [ -0.962381643999938, 11.31229284000008 ], [ -0.958494743999943, 11.323166483000044 ], [ -0.967935344, 11.34547539800008 ], [ -1.008368256999931, 11.355594303000036 ], [ -1.020430695999935, 11.327836009000045 ], [ -1.039620402, 11.341070371000026 ], [ -1.050555958999927, 11.339868307000042 ], [ -1.073614893999935, 11.354283351000014 ], [ -1.069150006, 11.371193314 ], [ -1.087099086999982, 11.377574594000059 ], [ -1.093127342999961, 11.389906965000016 ], [ -1.08879964599991, 11.404142595000064 ], [ -1.109481190999944, 11.396737777000052 ], [ -1.120992669999926, 11.382122791000057 ], [ -1.147056850999989, 11.413211923000041 ], [ -1.167598955999943, 11.4175171790001 ], [ -1.172667895999951, 11.43437132600009 ], [ -1.19281026599996, 11.447133651000094 ], [ -1.187512028999987, 11.467521240000053 ], [ -1.206926229999966, 11.465435392000042 ], [ -1.236483707999963, 11.478379470000075 ], [ -1.260986126999946, 11.471674276000041 ], [ -1.271465474999972, 11.50862841 ], [ -1.325276678999981, 11.558708858000053 ], [ -1.345912727999981, 11.593216216000066 ], [ -1.315507085999973, 11.6376532580001 ], [ -1.303971724999969, 11.70539430100008 ], [ -1.276675503000019, 11.750990911000045 ], [ -1.268241169999912, 11.786719182000091 ], [ -1.216475095999919, 11.825079508000044 ], [ -1.217803557999969, 11.860793795000088 ], [ -1.191943307, 11.871693888000021 ], [ -1.157948372999923, 11.914139326000026 ], [ -1.126040785999987, 11.917083524000091 ], [ -1.067809578999928, 11.952239385000027 ], [ -1.047256643999966, 11.948328155000063 ], [ -1.003708482999937, 11.912067363000098 ], [ -0.96519650199996, 11.903576147 ], [ -0.932296285999962, 11.908262536000056 ], [ -0.893068005999958, 11.898012321000071 ] ] ] } },
{ "type": "Feature", "properties": { "loc": "BF-A2-0801" }, "geometry": { "type": "Polygon", "coordinates": [ [ [ 0.062101247, 13.577059651000109 ], [ 0.068218853000096, 13.543867626000036 ], [ 0.057304646000062, 13.510211467000019 ], [ 0.065185694000042, 13.487998741000037 ], [ 0.103709392000012, 13.493025634000031 ], [ 0.149364981000061, 13.38083662700009 ], [ 0.178442685000063, 13.336829458000096 ], [ 0.23026152700007, 13.301816613 ], [ 0.230977671000082, 13.28763556200003 ], [ 0.243069994000073, 13.281680158000039 ], [ 0.243554203, 13.263261704000026 ], [ 0.264504985, 13.22949177400001 ], [ 0.285945450000042, 13.228235908000016 ], [ 0.425461922000031, 13.176492952000071 ], [ 0.439820069000091, 13.131316677000068 ], [ 0.48648815200007, 13.11645709 ], [ 0.494859571000034, 13.074435695 ], [ 0.506798369000022, 13.057831471000078 ], [ 0.568845107000032, 13.029510870000014 ], [ 0.574353119000043, 12.994185156000057 ], [ 0.594106203, 12.970687898000019 ], [ 0.585347750000071, 12.960765470000066 ], [ 0.547561362000088, 12.973945112000049 ], [ 0.531364822000064, 12.958034047000108 ], [ 0.529242218000031, 12.936810457999989 ], [ 0.5367259, 12.919603612000039 ], [ 0.520073495, 12.911031660000091 ], [ 0.494372699000073, 12.914710334000087 ], [ 0.486622259000064, 12.88506339900006 ], [ 0.441004389000027, 12.878906592000014 ], [ 0.420353871000073, 12.886381814000078 ], [ 0.39581041800007, 12.87802077 ], [ 0.353267428000076, 12.911136083000027 ], [ 0.325121991000027, 12.907373145000076 ], [ 0.296777896000061, 12.928612553000082 ], [ 0.258742199000056, 12.933045537000051 ], [ 0.253114164000062, 12.905604914000055 ], [ 0.271623982000086, 12.874756010000052 ], [ 0.230058883, 12.849855464 ], [ 0.221502683000025, 12.835746527000033 ], [ 0.240916332000046, 12.806709532000113 ], [ 0.257947627000038, 12.806539834000016 ], [ 0.265138311, 12.797531764000045 ], [ 0.27899077800006, 12.739760748000048 ], [ 0.277948402000056, 12.68848959200006 ], [ 0.296188582000062, 12.572613230000027 ], [ 0.344306042000059, 12.463774223000065 ], [ 0.219344435000063, 12.375526919000077 ], [ 0.195265949999984, 12.389407437000052 ], [ 0.134219491000048, 12.402455359000061 ], [ 0.030926422000038, 12.347916035000026 ], [ 0.006282894000015, 12.372156237000073 ], [ -0.011715678999985, 12.359612939000073 ], [ -0.026479286999931, 12.360242119000084 ], [ -0.040411546999924, 12.337295459000039 ], [ -0.042142544999973, 12.31463107800008 ], [ -0.069315738999959, 12.300546863000037 ], [ -0.112253916999966, 12.253620611000013 ], [ -0.208593042999966, 12.286363703000067 ], [ -0.205055312999908, 12.319956547000086 ], [ -0.193802058999975, 12.324935830000047 ], [ -0.182582310999973, 12.359110160000039 ], [ -0.160915136999923, 12.372875954000026 ], [ -0.146441228999966, 12.400441853000086 ], [ -0.18600717199993, 12.434297174000061 ], [ -0.244390946999911, 12.435094624000051 ], [ -0.264940377999939, 12.457312659000028 ], [ -0.256628782999951, 12.511161407000035 ], [ -0.248720503999938, 12.520980292000036 ], [ -0.250681093999977, 12.545052222000017 ], [ -0.237582566999955, 12.564239140000019 ], [ -0.228509173, 12.604155434000106 ], [ -0.218118132, 12.690844836000068 ], [ -0.253037984999943, 12.727038730000093 ], [ -0.258626871999984, 12.749357499000055 ], [ -0.243683694999924, 12.76004555500003 ], [ -0.213149439999932, 12.811226622000024 ], [ -0.248698173999956, 12.841399683000063 ], [ -0.331798795999899, 12.880271114000028 ], [ -0.357897828, 12.923122518000049 ], [ -0.355642261999983, 12.974926909000015 ], [ -0.387107756000021, 12.991945910000055 ], [ -0.390442543999897, 13.025757362000043 ], [ -0.366570488000023, 13.12205375600006 ], [ -0.33334613899994, 13.15072817400009 ], [ -0.305027474999947, 13.196269004000058 ], [ -0.318838147999917, 13.209829034000073 ], [ -0.319923827999951, 13.243779890000049 ], [ -0.343336234999897, 13.275317850000043 ], [ -0.306440106999944, 13.304993744000068 ], [ -0.301900716999964, 13.335894315000083 ], [ -0.273515406999963, 13.367965886 ], [ -0.281711250999966, 13.389887649000062 ], [ -0.31945661599993, 13.404257009000073 ], [ -0.295988883999937, 13.458776028000027 ], [ -0.277532735999913, 13.47156660700006 ], [ -0.23705257999998, 13.47059154500003 ], [ -0.225532673999923, 13.494690737000045 ], [ -0.234355749999954, 13.509222850000111 ], [ -0.206804449999948, 13.523983723000097 ], [ -0.183481624999954, 13.575280119000041 ], [ -0.134003568, 13.57199760900005 ], [ -0.10254554199996, 13.562276969 ], [ -0.072018167999915, 13.540903726000028 ], [ -0.027343467000024, 13.540620153000102 ], [ -0.003466278, 13.570805341000078 ], [ 0.062101247, 13.577059651000109 ] ] ] } },
{ "type": "Feature", "properties": { "loc": "BF-A2-0802" }, "geometry": { "type": "Polygon", "coordinates": [ [ [ 1.244727354000047, 12.770223009000034 ], [ 1.246529214, 12.751660551 ], [ 1.232613675000066, 12.713249217000097 ], [ 1.261678234000047, 12.644146966000022 ], [ 1.250087075000045, 12.634637757000064 ], [ 1.23320197600007, 12.58641347100011 ], [ 1.230474050000047, 12.510720963 ], [ 1.184025382000104, 12.481296328000077 ], [ 1.185217610000072, 12.393424711 ], [ 1.208709056999985, 12.342812536000089 ], [ 1.201934651000086, 12.328758832000084 ], [ 1.205912850000085, 12.281975843000012 ], [ 1.180262811, 12.247607143000014 ], [ 1.169446834000015, 12.217230159000067 ], [ 1.232546355000092, 12.173279699000059 ], [ 1.250649535000043, 12.175118733999987 ], [ 1.279790445000034, 12.159036996000047 ], [ 1.312999640000018, 12.1554555270001 ], [ 1.306785757000045, 12.145395027000092 ], [ 1.331923079000069, 12.148240053000034 ], [ 1.314169447, 12.125630173000054 ], [ 1.305891574000046, 12.076924217000037 ], [ 1.321163799000064, 12.062868770000065 ], [ 1.297406857000033, 12.011296337000019 ], [ 1.292914177000099, 11.863917367000074 ], [ 1.262078278000017, 11.83019123200004 ], [ 1.267446494000096, 11.817019531 ], [ 1.253552522000073, 11.804324433000055 ], [ 1.263511523000033, 11.78529743200005 ], [ 1.253741401000069, 11.770113379000044 ], [ 1.250998221000027, 11.736782662000042 ], [ 1.22750746, 11.736677258000025 ], [ 1.213831500000068, 11.751351500000037 ], [ 1.174698693000059, 11.762492620000017 ], [ 1.165647092000039, 11.741325387000032 ], [ 1.155028067, 11.744941192000066 ], [ 1.152503428000013, 11.761715387000013 ], [ 1.164395998, 11.772890799999988 ], [ 1.135250973000018, 11.780632596 ], [ 1.11816522000005, 11.801206 ], [ 1.11158209600008, 11.814899927000042 ], [ 1.114738939000065, 11.846794362000043 ], [ 1.085447136000023, 11.847291134000024 ], [ 1.069004391000056, 11.833613205000024 ], [ 1.059171144000021, 11.846075821000099 ], [ 1.042790311000025, 11.845758881000076 ], [ 1.042263457000042, 11.867227060000094 ], [ 1.022648404000054, 11.875018748000052 ], [ 1.024142760000063, 11.891171072000059 ], [ 1.005968667000018, 11.901759159000022 ], [ 0.995512924, 11.896639239000059 ], [ 0.978305956000031, 11.91847457900008 ], [ 0.972926369000077, 11.913461386000066 ], [ 0.960552275000043, 11.920917842000087 ], [ 0.941902859000016, 11.91223054000001 ], [ 0.92051295500008, 11.916591242000038 ], [ 0.877094959999986, 11.94148999500004 ], [ 0.814407128000044, 11.894937892000065 ], [ 0.732391257000059, 11.853816553000016 ], [ 0.713446125000078, 11.797467225000055 ], [ 0.727279868, 11.764919174000063 ], [ 0.721932561000055, 11.753948103000031 ], [ 0.574756911000057, 11.734203464000068 ], [ 0.495180627000042, 11.686419074000096 ], [ 0.432132253000023, 11.678002170000099 ], [ 0.314546486000039, 11.736943116000084 ], [ 0.275614915000072, 11.767130213000041 ], [ 0.194821826000097, 11.767787097000035 ], [ 0.170310008000047, 11.793475837000031 ], [ 0.145350608000089, 11.795754595000105 ], [ 0.118097717000082, 11.78680694800007 ], [ 0.074715522000019, 11.79655687200005 ], [ 0.061167157000081, 11.806902092 ], [ 0.045823489000013, 11.789382901000042 ], [ 0.046460149000022, 11.763459449999988 ], [ 0.015959755000078, 11.749555089000083 ], [ -0.000196522999901, 11.854651394 ], [ -0.029234696999919, 11.881982429000068 ], [ -0.077986424, 11.87267275100001 ], [ -0.105969653999943, 11.881993646000108 ], [ -0.11182542099995, 11.917182537000024 ], [ -0.142926034, 11.934238220000079 ], [ -0.139537434999931, 11.972115560000038 ], [ -0.129033471999912, 11.989369568000072 ], [ -0.129322363999923, 12.030396885000069 ], [ -0.119319742, 12.050685532000013 ], [ -0.125034420999964, 12.072196599000026 ], [ -0.102010135999891, 12.087673485000014 ], [ -0.060838985999983, 12.075050544 ], [ -0.050490044999912, 12.101893495000102 ], [ -0.032997824999975, 12.099126054000095 ], [ -0.00459182799995, 12.115908337000089 ], [ -0.023893021999904, 12.152988791000016 ], [ -0.045718494, 12.15753586300001 ], [ -0.057175508999912, 12.20407992300003 ], [ -0.081817191999961, 12.21270295700003 ], [ -0.112253916999966, 12.253620611000013 ], [ -0.069315738999959, 12.300546863000037 ], [ -0.042142544999973, 12.31463107800008 ], [ -0.040411546999924, 12.337295459000039 ], [ -0.026479286999931, 12.360242119000084 ], [ -0.011715678999985, 12.359612939000073 ], [ 0.006282894000015, 12.372156237000073 ], [ 0.030926422000038, 12.347916035000026 ], [ 0.134219491000048, 12.402455359000061 ], [ 0.195265949999984, 12.389407437000052 ], [ 0.219344435000063, 12.375526919000077 ], [ 0.445826410000033, 12.534504500000018 ], [ 0.58559976100005, 12.448900411000061 ], [ 0.648700550000053, 12.321605670000022 ], [ 0.655035753000027, 12.32100746 ], [ 0.655293829000064, 12.330969107000087 ], [ 0.695871991000025, 12.350434660000051 ], [ 0.717633339000051, 12.378190307000089 ], [ 0.735374001000028, 12.385510279000098 ], [ 0.736493071000072, 12.412508436000078 ], [ 0.747070519000043, 12.410047257 ], [ 0.752745384, 12.435206020000031 ], [ 0.768416289000057, 12.436191783000059 ], [ 0.779298703000037, 12.455047973000053 ], [ 0.794459641000084, 12.453548097000031 ], [ 0.804891079000053, 12.469757799000078 ], [ 0.803105026000067, 12.515239232000017 ], [ 0.83470140500001, 12.517392678000025 ], [ 0.839339456000071, 12.541687092000117 ], [ 0.857138394000073, 12.567496334000047 ], [ 0.883372004000033, 12.58376537100003 ], [ 0.961206224000061, 12.596942338000058 ], [ 0.981977360000047, 12.639907203000053 ], [ 1.043099128000086, 12.664679735000092 ], [ 1.101105192, 12.648143409000021 ], [ 1.135198743000049, 12.68275455 ], [ 1.136658963000076, 12.711583745000052 ], [ 1.147946436, 12.712978006000039 ], [ 1.161407647, 12.735865684 ], [ 1.156338475000068, 12.750898261 ], [ 1.161606092000084, 12.759342610000044 ], [ 1.206247335000049, 12.780888953000044 ], [ 1.244727354000047, 12.770223009000034 ] ] ] } },
{ "type": "Feature", "properties": { "loc": "BF-A2-0803" }, "geometry": { "type": "Polygon", "coordinates": [ [ [ 0.987189275633107, 13.084843868766887 ], [ 0.997500001992041, 12.99965000226315 ], [ 1.118080020045431, 12.999839782597247 ], [ 1.302739977736326, 12.852529525634457 ], [ 1.317469206407293, 12.838436109556168 ], [ 1.306666573372206, 12.836929237911358 ], [ 1.311630654799422, 12.818363079609794 ], [ 1.292906520687922, 12.811920663824933 ], [ 1.269885338606034, 12.788183883996407 ], [ 1.255538468394144, 12.786837643859533 ], [ 1.252782022940549, 12.769402008912937 ], [ 1.207572816800597, 12.781042561882082 ], [ 1.161606091916152, 12.759342609790966 ], [ 1.156338474909232, 12.750898260863405 ], [ 1.161407646614143, 12.735865683671721 ], [ 1.147946435947803, 12.712978005947575 ], [ 1.136658963109203, 12.711583744711406 ], [ 1.13519874289621, 12.682754550199689 ], [ 1.101105192319313, 12.648143409208325 ], [ 1.043099128090831, 12.664679734699353 ], [ 0.981977359935755, 12.639907202972397 ], [ 0.961206224056538, 12.596942337736055 ], [ 0.883372003583641, 12.583765371292209 ], [ 0.857138393690459, 12.567496334205817 ], [ 0.839339456019622, 12.541687091903126 ], [ 0.834701404914448, 12.51739267844671 ], [ 0.803105026144584, 12.515239232022298 ], [ 0.804891078828768, 12.469757799300355 ], [ 0.794459640968199, 12.453548096784596 ], [ 0.779298702641556, 12.455047972603211 ], [ 0.768416288949118, 12.436191782941787 ], [ 0.752745383760995, 12.435206019859287 ], [ 0.747070518658052, 12.410047257192522 ], [ 0.736493071366693, 12.412508436332628 ], [ 0.735374000877981, 12.38551027859384 ], [ 0.71763333927573, 12.378190307054384 ], [ 0.69587199136785, 12.350434660248728 ], [ 0.65529382881569, 12.330969107056003 ], [ 0.655035753066094, 12.321007459743829 ], [ 0.648700549958956, 12.321605669883116 ], [ 0.585599760688947, 12.448900411242342 ], [ 0.445826409729568, 12.534504499900107 ], [ 0.344306042158661, 12.463774223019334 ], [ 0.296188582305771, 12.572613230233745 ], [ 0.27794840216557, 12.688489591638701 ], [ 0.278990777570871, 12.739760748177344 ], [ 0.265138310553132, 12.797531763797219 ], [ 0.257947627349665, 12.806539833863599 ], [ 0.240916332091595, 12.806709532336406 ], [ 0.221502683270759, 12.835746526898054 ], [ 0.230058882679834, 12.849855464375537 ], [ 0.271623981929765, 12.874756010099144 ], [ 0.253114164355743, 12.905604913753125 ], [ 0.25874219906178, 12.933045537039261 ], [ 0.296777896351378, 12.928612552944321 ], [ 0.32512199115551, 12.907373144572322 ], [ 0.35326742841763, 12.911136083380901 ], [ 0.395810418084869, 12.878020770359623 ], [ 0.420353870902963, 12.886381814186732 ], [ 0.436976397311429, 12.878712378690681 ], [ 0.486622258578913, 12.885063399073966 ], [ 0.49437269870962, 12.914710333632348 ], [ 0.520073495364062, 12.911031660400164 ], [ 0.536725899948866, 12.9196036123342 ], [ 0.529242217622788, 12.936810457953628 ], [ 0.531364821797631, 12.958034047250838 ], [ 0.547561361835923, 12.973945111894755 ], [ 0.586435104065343, 12.960856546110072 ], [ 0.610541741776504, 12.99381396875701 ], [ 0.63084786610468, 12.996222767783863 ], [ 0.633223857863292, 13.006374551561663 ], [ 0.645116268669406, 13.004139512345976 ], [ 0.65448872784106, 12.980345669634303 ], [ 0.67150992281323, 12.983781468357437 ], [ 0.673832352749423, 13.004776774645791 ], [ 0.686160151438381, 13.007228331939325 ], [ 0.694851625070983, 12.983808064008304 ], [ 0.738169430143629, 12.993953100172792 ], [ 0.771298713233572, 12.981215495715912 ], [ 0.778595062280842, 12.993431897181667 ], [ 0.772609826750647, 13.024652990660348 ], [ 0.789913092283924, 13.0266711655592 ], [ 0.799179067228712, 13.010163321597371 ], [ 0.815441923274682, 13.003372564209828 ], [ 0.841994019077261, 13.015909014606695 ], [ 0.834610667816609, 13.031601310169686 ], [ 0.840041522566756, 13.041465615762915 ], [ 0.849973358252424, 13.044829503795921 ], [ 0.867679946340994, 13.035198210746186 ], [ 0.881760387000802, 13.03986025576355 ], [ 0.882888571219129, 13.057167025954842 ], [ 0.899118966235846, 13.057423348026447 ], [ 0.917255891614649, 13.078209992714349 ], [ 0.987189275633107, 13.084843868766887 ] ] ] } },
{ "type": "Feature", "properties": { "loc": "BF-A2-0804" }, "geometry": { "type": "Polygon", "coordinates": [ [ [ 0.880104294309368, 11.938904684619427 ], [ 0.92051295534025, 11.91659124200814 ], [ 0.941902858961405, 11.91223054002333 ], [ 0.960552274699351, 11.920917841700961 ], [ 0.972926368688597, 11.913461386349827 ], [ 0.978305955786863, 11.918474578854658 ], [ 0.995512923714091, 11.896639239225438 ], [ 1.005968666652277, 11.901759158774086 ], [ 1.024142760111923, 11.891171071603599 ], [ 1.022648404332028, 11.875018747633025 ], [ 1.042263457224405, 11.867227060096674 ], [ 1.042790310655945, 11.845758881283272 ], [ 1.059171144264529, 11.846075821258072 ], [ 1.069004390871575, 11.833613205201186 ], [ 1.085447135608455, 11.847291133594867 ], [ 1.114738938682707, 11.846794361586445 ], [ 1.111582096168437, 11.814899926806104 ], [ 1.118165219880626, 11.801206000372547 ], [ 1.135250972685874, 11.780632595733634 ], [ 1.164395998308309, 11.772890799886433 ], [ 1.152503428322193, 11.761715387071384 ], [ 1.155028067223157, 11.744941191798491 ], [ 1.165647091971351, 11.741325386573259 ], [ 1.174698692822049, 11.76249261985445 ], [ 1.213831500055317, 11.751351499987662 ], [ 1.227507459833038, 11.736677257665237 ], [ 1.25099822112264, 11.736782661806325 ], [ 1.187339257732192, 11.62657930570632 ], [ 1.220020048018434, 11.59950602579838 ], [ 1.236539756736018, 11.567421611933771 ], [ 1.296184821004319, 11.545527196738666 ], [ 1.330446187772981, 11.504714507184687 ], [ 1.372861380180185, 11.491090680206653 ], [ 1.413532740375302, 11.451787340829043 ], [ 1.384436965225398, 11.442225455656182 ], [ 1.37981593558859, 11.423359870777341 ], [ 1.388262986978899, 11.399461746278496 ], [ 1.361953974328086, 11.384691237826292 ], [ 1.353780985036064, 11.390422821372036 ], [ 1.344279051368759, 11.366948128269431 ], [ 1.31795906968695, 11.359071731790916 ], [ 1.340917110367982, 11.311294555615177 ], [ 1.325121998912753, 11.289875984305159 ], [ 1.308081984727447, 11.301103591973119 ], [ 1.30158102487603, 11.291891097911767 ], [ 1.290390968400105, 11.293244361753819 ], [ 1.282889962433453, 11.31024265279212 ], [ 1.259089112204398, 11.320992470442084 ], [ 1.252588033642472, 11.31200885833807 ], [ 1.25474512591846, 11.289938926955841 ], [ 1.266667008407345, 11.276402472711874 ], [ 1.263605118113344, 11.288352012950964 ], [ 1.270825981665355, 11.289519309584398 ], [ 1.276252984619178, 11.264238357829877 ], [ 1.252071023290726, 11.245324134916821 ], [ 1.228032947194391, 11.259289742043887 ], [ 1.159523010110461, 11.261173247962951 ], [ 1.147841930092633, 11.270797728648185 ], [ 1.129247069028646, 11.256487845753407 ], [ 1.136298059639374, 11.23696327185344 ], [ 1.156376004380731, 11.223915100017779 ], [ 1.148519038654344, 11.203196525914866 ], [ 1.150467991835988, 11.175610541609135 ], [ 1.160053014766452, 11.164370536786771 ], [ 1.150512099085737, 11.161355019134753 ], [ 1.141157031003811, 11.173744201949289 ], [ 1.118335961567006, 11.171607971246804 ], [ 1.09698605529385, 11.147400855880722 ], [ 1.055541872590981, 11.143131256118503 ], [ 1.05093812882322, 11.127711295955471 ], [ 1.06470906690155, 11.118787765758711 ], [ 1.067236065623563, 11.128912926006658 ], [ 1.086619019683645, 11.113338470410008 ], [ 1.093518971854701, 11.068982123741945 ], [ 1.115262985330142, 11.041226387004084 ], [ 1.110175966579227, 11.030404091191782 ], [ 1.069570065337878, 11.059020996237914 ], [ 1.035143018267312, 11.049483299230802 ], [ 1.013135076254399, 11.083439827302115 ], [ 0.989161968081995, 11.080368995948332 ], [ 0.978645979559942, 11.09045028726687 ], [ 0.969918965619401, 11.057998656828477 ], [ 0.921565056014157, 11.017465590780317 ], [ 0.912155032160639, 10.996489524587817 ], [ 0.656306982412941, 10.997355461101575 ], [ 0.494681925062425, 10.930995940626087 ], [ 0.505836069810407, 10.980106353641235 ], [ 0.489972978601714, 10.986231804270279 ], [ 0.502847074964171, 11.009083748332246 ], [ 0.423725171910788, 11.02445311893222 ], [ 0.455313371346644, 11.110514184597868 ], [ 0.469072558883119, 11.113634250236387 ], [ 0.476220052145323, 11.102046044105577 ], [ 0.488459356645626, 11.10577192724857 ], [ 0.508162670802249, 11.071213140290119 ], [ 0.525866563622646, 11.075959765646594 ], [ 0.523101204088931, 11.140189329989514 ], [ 0.562379420905184, 11.21234158701056 ], [ 0.572886658124406, 11.217380717761843 ], [ 0.562185972236463, 11.232205834847328 ], [ 0.570293898276418, 11.252298806360752 ], [ 0.557645760175325, 11.261112586892299 ], [ 0.546611120038792, 11.285668103216318 ], [ 0.549599480862985, 11.314244560354105 ], [ 0.533616935404878, 11.340834672298215 ], [ 0.551186129567858, 11.355660375741675 ], [ 0.588147482352062, 11.36819373966528 ], [ 0.549730349307808, 11.47432760505086 ], [ 0.531793720935106, 11.504589933094863 ], [ 0.506634514003252, 11.696323924725274 ], [ 0.53489831733511, 11.706085275930667 ], [ 0.574756910734476, 11.73420346373479 ], [ 0.727714423613392, 11.757570915381367 ], [ 0.713446125370023, 11.797467225448024 ], [ 0.732391257082482, 11.853816553207292 ], [ 0.814407128118101, 11.89493789188613 ], [ 0.880104294309368, 11.938904684619427 ] ] ] } },
{ "type": "Feature", "properties": { "loc": "BF-A2-0805" }, "geometry": { "type": "Polygon", "coordinates": [ [ [ 1.310042587956057, 12.840142284684502 ], [ 1.576050043235894, 12.633139609651076 ], [ 1.865440011108613, 12.605389595299396 ], [ 1.925850034212696, 12.693690300212996 ], [ 1.94859003965959, 12.691650391398257 ], [ 1.977509974866434, 12.737170218876312 ], [ 2.08276009626242, 12.721139907726371 ], [ 2.104160069592525, 12.730890273712973 ], [ 2.110780000757416, 12.70687961614718 ], [ 2.160629988344274, 12.687950134436967 ], [ 2.151499987295565, 12.649080276379463 ], [ 2.1960299022192, 12.624070168049627 ], [ 2.225869894241214, 12.582989692765921 ], [ 2.22826004042951, 12.521789551392494 ], [ 2.267810106112495, 12.474929809608838 ], [ 2.266880035346341, 12.436160088363199 ], [ 2.274280070829593, 12.428370475562808 ], [ 2.25320005380043, 12.415289878670777 ], [ 2.235960007009703, 12.425950050100543 ], [ 2.215519905280392, 12.414179802301847 ], [ 2.202189921888372, 12.422470092866305 ], [ 2.15515995013258, 12.419980049085808 ], [ 2.154069900766295, 12.411580086197832 ], [ 2.118809937589536, 12.398380279671981 ], [ 2.109380007242528, 12.383660315816734 ], [ 2.103770018332668, 12.395509720143282 ], [ 2.082119941742905, 12.393540382028819 ], [ 2.064690112819439, 12.356209755021988 ], [ 2.405395030617157, 11.901612282226855 ], [ 2.394462109199967, 11.889226913437117 ], [ 2.402608155702811, 11.870588303053555 ], [ 2.379230976089662, 11.854068756213939 ], [ 2.374303102267343, 11.837059974583971 ], [ 2.383162974852395, 11.827618598565284 ], [ 2.367733001637703, 11.813385009656283 ], [ 2.372374058277155, 11.793143272289996 ], [ 2.340379953433092, 11.785371779929513 ], [ 2.338258982427085, 11.770197867983033 ], [ 2.303668976403126, 11.735290527181895 ], [ 2.30572891222051, 11.674421310241087 ], [ 2.257458924650639, 11.647924422919594 ], [ 2.206197977215863, 11.600949287325561 ], [ 2.185440063169367, 11.597241402314676 ], [ 2.019248961631262, 11.427713394203591 ], [ 1.956314921057748, 11.420219420935339 ], [ 1.872681022172423, 11.445773125375247 ], [ 1.847735881766518, 11.438406943971099 ], [ 1.841669916794212, 11.444383620653381 ], [ 1.828152895101016, 11.434260367867495 ], [ 1.802505016354409, 11.435857773363361 ], [ 1.795284033192565, 11.426425933755651 ], [ 1.752392888082307, 11.416741371163161 ], [ 1.714144945393902, 11.429129600696326 ], [ 1.703206896941728, 11.41003417967946 ], [ 1.683385015267228, 11.414155006394241 ], [ 1.663123964960002, 11.396430016377964 ], [ 1.642833948388994, 11.402386665158282 ], [ 1.625131964829301, 11.390869141243686 ], [ 1.599717021284492, 11.394747733766712 ], [ 1.589679122254676, 11.403243065261064 ], [ 1.589885950137476, 11.421178817694093 ], [ 1.57448506369572, 11.429896354578913 ], [ 1.578894018804911, 11.443469047904049 ], [ 1.56839609136751, 11.44690418202819 ], [ 1.554365992957197, 11.471488953298367 ], [ 1.537150978795622, 11.447779654952926 ], [ 1.509387015959007, 11.456475258272363 ], [ 1.501208066859785, 11.466349602098269 ], [ 1.47581493906917, 11.454120636204209 ], [ 1.467862010284534, 11.4665250778159 ], [ 1.451547026834808, 11.46258640338562 ], [ 1.440099000729288, 11.473834038056223 ], [ 1.413532739705161, 11.451787340659056 ], [ 1.372861380409366, 11.491090680036667 ], [ 1.330446188002162, 11.504714507014699 ], [ 1.296184821233501, 11.545527196568678 ], [ 1.236539756965199, 11.567421611763784 ], [ 1.220020048247616, 11.599506025628392 ], [ 1.187339257961373, 11.626579306435655 ], [ 1.254663199707888, 11.742625227817822 ], [ 1.251709546419419, 11.762007173737889 ], [ 1.263511523199224, 11.785297432076641 ], [ 1.25355252169251, 11.804324432672242 ], [ 1.267446494221319, 11.817019530672614 ], [ 1.263001551841132, 11.832855280692462 ], [ 1.292914176708875, 11.86391736683882 ], [ 1.297406856901912, 12.011296337401861 ], [ 1.321163798631389, 12.062868770423229 ], [ 1.305891573698155, 12.076924217124732 ], [ 1.314169447323123, 12.125630172640166 ], [ 1.331923078947923, 12.148240053381571 ], [ 1.306785757018059, 12.145395027404403 ], [ 1.312999639782537, 12.15545552729656 ], [ 1.279790444734225, 12.159036996406071 ], [ 1.250649535308795, 12.175118734387894 ], [ 1.232546355191127, 12.173279699044688 ], [ 1.169446833965203, 12.217230159190306 ], [ 1.180262811140809, 12.247607142701286 ], [ 1.20591285005897, 12.281975842656825 ], [ 1.201934651324087, 12.328758831800458 ], [ 1.208709057238188, 12.342812535615838 ], [ 1.185217609765866, 12.393424711227253 ], [ 1.184025382126671, 12.481296328008943 ], [ 1.230474050098321, 12.510720962748044 ], [ 1.233201976251191, 12.586413471150586 ], [ 1.250087075019484, 12.634637756972719 ], [ 1.26167823362457, 12.644146966155375 ], [ 1.232613674842208, 12.713249217423257 ], [ 1.246529214013004, 12.751660550739636 ], [ 1.244727353945216, 12.770223009230303 ], [ 1.254982286364412, 12.770727437167304 ], [ 1.255538467587197, 12.786837644087816 ], [ 1.26988533869841, 12.78818388422469 ], [ 1.292906520780297, 12.811920664053215 ], [ 1.311630654891797, 12.818363079838075 ], [ 1.310042587956057, 12.840142284684502 ] ] ] } },
{ "type": "Feature", "properties": { "loc": "BF-A2-0901" }, "geometry": { "type": "Polygon", "coordinates": [ [ [ -3.975356022000015, 11.939979896000061 ], [ -3.981613942, 11.918044268000092 ], [ -3.956414987999929, 11.879779090000017 ], [ -3.949810304999951, 11.854633112000077 ], [ -3.957859948999937, 11.842145647000077 ], [ -3.961540595, 11.783794162000014 ], [ -3.942595049, 11.720208901999982 ], [ -3.955211690999933, 11.69408190300005 ], [ -3.951693581999988, 11.6656381 ], [ -3.978881786999972, 11.64862619800002 ], [ -3.976824635999937, 11.577971028000064 ], [ -3.963529665999916, 11.542021881000039 ], [ -3.897362309999936, 11.462876305000044 ], [ -3.87543865199998, 11.374032863000025 ], [ -3.834416994, 11.372831707000028 ], [ -3.883626228, 11.207587052000065 ], [ -3.884397626999975, 11.181092425 ], [ -3.870790095999938, 11.159493663000017 ], [ -3.854205023999918, 11.151979166000078 ], [ -3.80266287799998, 11.174247725000061 ], [ -3.795847265999958, 11.164162494000049 ], [ -3.786836046, 11.167711982000103 ], [ -3.757681005999897, 11.115893799000062 ], [ -3.719804333999905, 11.073544266000088 ], [ -3.692512109999929, 11.059780757000023 ], [ -3.663511109999968, 11.02108672 ], [ -3.61990547699998, 11.00558903800006 ], [ -3.619547204, 10.988394606000071 ], [ -3.601011191999942, 10.987825868000087 ], [ -3.604123290999956, 10.974353822000069 ], [ -3.614159491, 10.976757427000081 ], [ -3.617644917, 10.958283426 ], [ -3.634949256999926, 10.957244064000069 ], [ -3.646487391999892, 10.968714141 ], [ -3.656014838999938, 10.927057462000064 ], [ -3.665231391999929, 10.927706775000054 ], [ -3.659044998999922, 10.91098061 ], [ -3.648787693999972, 10.91963909 ], [ -3.645375829999936, 10.890580325000052 ], [ -3.671016403999944, 10.891673851000025 ], [ -3.676051526, 10.880674931000087 ], [ -3.688200940999914, 10.89607613700003 ], [ -3.700025998999906, 10.873929047000061 ], [ -3.720124963999966, 10.888288794000076 ], [ -3.716239362, 10.87423533400009 ], [ -3.734732615999975, 10.867770846999989 ], [ -3.712646993999941, 10.844762002000039 ], [ -3.719818928999957, 10.836922736000052 ], [ -3.74828629, 10.83254124500008 ], [ -3.756485519999925, 10.851792703000093 ], [ -3.7718497, 10.846120559 ], [ -3.778260877999956, 10.852489026000065 ], [ -3.795262050999943, 10.839848249000081 ], [ -3.794252317999975, 10.824658077000013 ], [ -3.826394655999971, 10.783616719000097 ], [ -3.822719482, 10.770757900000014 ], [ -3.84535610299997, 10.761047866000048 ], [ -3.837388652999946, 10.750525011000065 ], [ -3.84586993299994, 10.74194710899998 ], [ -3.841258201999926, 10.734390403000102 ], [ -3.833310287999919, 10.737350865000092 ], [ -3.834092799, 10.729236935000117 ], [ -3.851857395, 10.731241636000075 ], [ -3.848136116999951, 10.711763559000051 ], [ -3.854865152999915, 10.704863255000038 ], [ -3.912698713999935, 10.689109012000106 ], [ -3.92187822599997, 10.670787814000057 ], [ -3.922556128999927, 10.689414646000081 ], [ -3.947839808999981, 10.713773255000067 ], [ -3.986723684, 10.714972835000022 ], [ -3.994248162999964, 10.728685114000022 ], [ -4.00792, 10.726175822000059 ], [ -4.01844694199996, 10.741877250000062 ], [ -4.029863340999979, 10.735689391000022 ], [ -4.051377277999963, 10.747678191000062 ], [ -4.082611629999972, 10.796197806000027 ], [ -4.138243829000016, 10.755363415 ], [ -4.206622276999978, 10.744627439000062 ], [ -4.224230406999913, 10.713709780000055 ], [ -4.238881269999945, 10.711338201000029 ], [ -4.248294058999919, 10.698982916000041 ], [ -4.275589455999979, 10.709387364000087 ], [ -4.289503302999959, 10.739568992000034 ], [ -4.355106175999952, 10.74746942800002 ], [ -4.382629084, 10.734849116000042 ], [ -4.449507788999957, 10.874391956000082 ], [ -4.470127748999959, 10.879954974000025 ], [ -4.483121919999961, 10.867709371000053 ], [ -4.538851758, 10.870873298000092 ], [ -4.573455097999963, 10.853745208 ], [ -4.587093888000011, 10.842892801000101 ], [ -4.585011048999982, 10.828900313000098 ], [ -4.657075075999979, 10.779744095000041 ], [ -4.685259472999965, 10.778127481000041 ], [ -4.706581216999945, 10.796275766000083 ], [ -4.729090249999929, 10.802499304000055 ], [ -4.755736756999946, 10.845860550000072 ], [ -4.756663383999966, 10.862219055 ], [ -4.765972901999922, 10.865843923000071 ], [ -4.761269157999932, 10.898937360000069 ], [ -4.734421859999911, 10.92041856900001 ], [ -4.751754555999971, 10.98716467 ], [ -4.697642625999949, 11.008634883000099 ], [ -4.677530457999952, 11.032938785000088 ], [ -4.649522077999963, 11.033598825000077 ], [ -4.644639219999897, 11.073729140000108 ], [ -4.660532533999968, 11.115029267000029 ], [ -4.697401743999913, 11.149420586000033 ], [ -4.703154645999936, 11.175188751000029 ], [ -4.734765085999888, 11.1807747880001 ], [ -4.762504048999967, 11.206132397000054 ], [ -4.781081817999928, 11.203111313000022 ], [ -4.788480843999904, 11.22559428100007 ], [ -4.801644129999955, 11.235268876000035 ], [ -4.804808077, 11.255164203000032 ], [ -4.769102167999934, 11.314978561999986 ], [ -4.769737630999932, 11.357217848000076 ], [ -4.736619916999969, 11.40550732 ], [ -4.729879590999959, 11.404561755000017 ], [ -4.729380949, 11.417546076000093 ], [ -4.666773978, 11.442027843000055 ], [ -4.657710567999979, 11.456191139000069 ], [ -4.641816570999941, 11.447837168000039 ], [ -4.630171221999985, 11.422679643000031 ], [ -4.619520456999988, 11.417395776 ], [ -4.587271831, 11.433564798000059 ], [ -4.58395569699997, 11.455225842000047 ], [ -4.56475545300002, 11.465301027000027 ], [ -4.553656719999905, 11.488856932000033 ], [ -4.550055100999979, 11.554221907000059 ], [ -4.554259372999942, 11.566802018 ], [ -4.602497453999971, 11.602565245000093 ], [ -4.601540861999959, 11.685362266000052 ], [ -4.664397194999898, 11.708183350000098 ], [ -4.662915928, 11.751864512000029 ], [ -4.634334400999924, 11.749751474000078 ], [ -4.62152818799993, 11.768772806000058 ], [ -4.636169623999892, 11.828815099000042 ], [ -4.624143860999903, 11.902597576000026 ], [ -4.64167044499993, 12.001234644 ], [ -4.716680579207095, 12.038842320185214 ], [ -4.697408198999915, 12.055841446000024 ], [ -4.658312797999981, 12.05386734000011 ], [ -4.649856476081721, 12.062123031119995 ], [ -4.608561049999944, 12.056839437000086 ], [ -4.577135374, 12.073399967000029 ], [ -4.537644285999926, 12.074615423000054 ], [ -4.512545298999965, 12.103420284000041 ], [ -4.497185585999903, 12.108484858000043 ], [ -4.471141175999966, 12.090181298000033 ], [ -4.46099364399995, 12.068817507000038 ], [ -4.475765037, 12.037007018000054 ], [ -4.477795548999969, 12.005164210000061 ], [ -4.427267376, 11.998257167000112 ], [ -4.436774241999936, 11.976058565000056 ], [ -4.451100924999968, 11.969484486000034 ], [ -4.442444693999976, 11.954430992 ], [ -4.451850133999963, 11.932603309000076 ], [ -4.440006001, 11.923840326000043 ], [ -4.449186288, 11.904671930000063 ], [ -4.457554988, 11.822737219000043 ], [ -4.488249982999976, 11.799967098000039 ], [ -4.490849834999972, 11.785199025000079 ], [ -4.482443045999924, 11.74209134000008 ], [ -4.441889534999961, 11.710122199000025 ], [ -4.407078494999956, 11.754343398000053 ], [ -4.35959166, 11.74800964600011 ], [ -4.345190571999941, 11.724290249000077 ], [ -4.297371384999932, 11.747747596000099 ], [ -4.288308637999966, 11.777923788000042 ], [ -4.263194393999898, 11.806517037000017 ], [ -4.263161711999947, 11.843415528999987 ], [ -4.248925653999953, 11.867737035000101 ], [ -4.238114151999978, 11.929113275000056 ], [ -4.117977638999976, 11.940601961000016 ], [ -4.080938256999984, 11.962293762000062 ], [ -3.975356022000015, 11.939979896000061 ] ] ] } },
{ "type": "Feature", "properties": { "loc": "BF-A2-0902" }, "geometry": { "type": "Polygon", "coordinates": [ [ [ -4.652321510697465, 12.010967871931324 ], [ -4.624143860618977, 11.902597576078852 ], [ -4.636314543249876, 11.831580538672501 ], [ -4.621528187843898, 11.768772806081714 ], [ -4.634334400680352, 11.749751473912969 ], [ -4.662915928195834, 11.751864511999209 ], [ -4.664831901439404, 11.710314280341343 ], [ -4.601540862389193, 11.685362266417041 ], [ -4.604201949128954, 11.607193500840969 ], [ -4.590284611314066, 11.588195140055248 ], [ -4.55132270494718, 11.562984533271173 ], [ -4.55365671994997, 11.488856931563721 ], [ -4.564755452970083, 11.465301026982388 ], [ -4.583955697165996, 11.455225842060541 ], [ -4.587271831198356, 11.433564798238427 ], [ -4.614781125816608, 11.417087408918366 ], [ -4.630171222192454, 11.422679643412392 ], [ -4.639696000438374, 11.445625138550882 ], [ -4.657710567656876, 11.456191139271239 ], [ -4.666773978404684, 11.442027843172003 ], [ -4.729380949039871, 11.417546075752373 ], [ -4.729879590738826, 11.404561754882661 ], [ -4.736619916843992, 11.405507320068345 ], [ -4.769737631055134, 11.357217847787025 ], [ -4.769102168298732, 11.314978561872712 ], [ -4.805262143301577, 11.253082313759352 ], [ -4.781081817839926, 11.203111313397974 ], [ -4.762504049290746, 11.206132396954136 ], [ -4.734765085808368, 11.18077478788773 ], [ -4.703154646138313, 11.175188750621922 ], [ -4.697401744163467, 11.14942058575301 ], [ -4.658717950441364, 11.111414061571264 ], [ -4.644639220292087, 11.073729140349126 ], [ -4.643966504918572, 11.040056842111154 ], [ -4.660054742300821, 11.028614243414181 ], [ -4.677530458232366, 11.032938784558839 ], [ -4.697642625774864, 11.008634883254837 ], [ -4.75175455629604, 10.987164670174968 ], [ -4.734421860448805, 10.920418568923395 ], [ -4.761269157813687, 10.898937359832869 ], [ -4.76505636482768, 10.872996514339244 ], [ -4.829958427807502, 10.881301767823905 ], [ -4.869468992568257, 10.873737108742153 ], [ -4.874170489045138, 10.881588716307791 ], [ -4.925976270057122, 10.8767088527929 ], [ -4.962228513703249, 10.892427798865404 ], [ -4.977429023099242, 10.878493616748592 ], [ -5.000197565833301, 10.834922962786083 ], [ -5.109553054598096, 10.824090115228215 ], [ -5.19350038969953, 10.789970501399099 ], [ -5.210068886638113, 10.810309781932469 ], [ -5.225003354089824, 10.862936697931843 ], [ -5.259379967180046, 10.854513787942539 ], [ -5.273793195667751, 10.922545390019312 ], [ -5.370347434954464, 10.975215472577576 ], [ -5.393505664722953, 10.994894626447431 ], [ -5.397055314919153, 11.001301870646392 ], [ -5.38911519967503, 11.002951498874152 ], [ -5.410611963439666, 11.017881711633263 ], [ -5.494565010135414, 11.023915291119369 ], [ -5.496531009966441, 11.063068389755962 ], [ -5.490750790185124, 11.071917534328325 ], [ -5.394202231915775, 11.097936629833178 ], [ -5.341400145968267, 11.136602402040801 ], [ -5.328185080645261, 11.197517395373076 ], [ -5.272127151215361, 11.234490395277099 ], [ -5.264621734973395, 11.266077041583781 ], [ -5.265650749151057, 11.358821868695863 ], [ -5.21631812984612, 11.395703315816951 ], [ -5.199526787199774, 11.432508468952259 ], [ -5.214361190684707, 11.466669082873455 ], [ -5.215003966727987, 11.512454033188659 ], [ -5.203893184591101, 11.529202461086289 ], [ -5.219388007918536, 11.558152198926418 ], [ -5.223245144416187, 11.585302352882858 ], [ -5.241262913221173, 11.60487842556047 ], [ -5.28444004094344, 11.60469913491872 ], [ -5.299093246324563, 11.619288445267115 ], [ -5.271606922190012, 11.685867310389641 ], [ -5.276196003411133, 11.709671021362125 ], [ -5.263979912211484, 11.76369953166963 ], [ -5.285557747160608, 11.759583473160337 ], [ -5.297514915449293, 11.770976066853581 ], [ -5.299437999632282, 11.785664558034505 ], [ -5.351299285901628, 11.805457114615725 ], [ -5.357282161610774, 11.796287537101735 ], [ -5.387238979163862, 11.817443848116676 ], [ -5.396226882832681, 11.814832687240303 ], [ -5.409314156291584, 11.831880568694869 ], [ -5.381989955640245, 11.842492103889063 ], [ -5.354127883962979, 11.824848175164732 ], [ -5.328681946183174, 11.844889640705933 ], [ -5.307342052062357, 11.838305472880847 ], [ -5.286190986792911, 11.854168892342088 ], [ -5.267697811173352, 11.835576056551348 ], [ -5.25328779236603, 11.842615128446999 ], [ -5.250489235258305, 11.863322257777554 ], [ -5.188635826350611, 11.904753685395843 ], [ -5.178731918211761, 11.929908751848998 ], [ -5.157969951820125, 11.933184624132677 ], [ -5.154551983055878, 11.949443817239953 ], [ -5.140061855338658, 11.949571609104055 ], [ -5.078549862354569, 11.981521605799047 ], [ -4.994894981386587, 11.983013152996193 ], [ -4.953290938794095, 12.001063346857551 ], [ -4.881075858732199, 12.001226425420775 ], [ -4.84081602111079, 12.01738739007757 ], [ -4.826079845177018, 12.00762367185655 ], [ -4.763433932997915, 12.007293700705302 ], [ -4.734347820164074, 11.996787071427782 ], [ -4.724596976637466, 12.006827353661022 ], [ -4.716680579213664, 12.038842320078588 ], [ -4.652321510697465, 12.010967871931324 ] ] ] } },
{ "type": "Feature", "properties": { "loc": "BF-A2-0903" }, "geometry": { "type": "Polygon", "coordinates": [ [ [ -3.567134233999953, 11.773741077000086 ], [ -3.521922138, 11.735027517000038 ], [ -3.513459824999893, 11.738143543000021 ], [ -3.490033924999986, 11.725386169000071 ], [ -3.473985356999948, 11.73081996800007 ], [ -3.420182317, 11.708987482000019 ], [ -3.408265452999954, 11.712470589000088 ], [ -3.389945381999909, 11.696730069000047 ], [ -3.364321633999962, 11.696252812000083 ], [ -3.39019276099995, 11.665309497000084 ], [ -3.395503154999952, 11.63866480700004 ], [ -3.420511285999944, 11.620653332000039 ], [ -3.408399072999907, 11.601786884 ], [ -3.383546522999909, 11.585756321000115 ], [ -3.383930066999935, 11.573380926000063 ], [ -3.362477720999985, 11.565635663000037 ], [ -3.294917544999959, 11.562817205000073 ], [ -3.301541745999953, 11.532257777000041 ], [ -3.296585842999972, 11.523458934000061 ], [ -3.308159870999889, 11.515265839000019 ], [ -3.285146250999988, 11.487096930000071 ], [ -3.255932713999937, 11.483855873000046 ], [ -3.225255422000012, 11.504909953 ], [ -3.192690465999954, 11.497778634000053 ], [ -3.165579630999976, 11.517028961000062 ], [ -3.126341024999918, 11.524172813000064 ], [ -3.09815505999998, 11.540434082000026 ], [ -3.085082261999955, 11.565535565000104 ], [ -3.072680781999965, 11.565193019 ], [ -3.074252858999921, 11.58032947300007 ], [ -3.052193666999942, 11.587060521000112 ], [ -3.044864395999964, 11.57701309800003 ], [ -3.036587171999977, 11.582004111000074 ], [ -3.012400408, 11.570735471000024 ], [ -3.020644471, 11.56164496600007 ], [ -3.017672979999892, 11.549943754000022 ], [ -2.994473451999974, 11.545648482000079 ], [ -2.986862001999918, 11.532824266000016 ], [ -2.961841357999956, 11.554373193000053 ], [ -2.941335611999901, 11.546917769000029 ], [ -2.942029831999965, 11.560492488000015 ], [ -2.901090010999924, 11.527842743000047 ], [ -2.886085229999919, 11.532223442000042 ], [ -2.894113792999936, 11.545457396000078 ], [ -2.889828829999958, 11.550710181000021 ], [ -2.868153632999954, 11.53845600200005 ], [ -2.846656338999926, 11.539838176000014 ], [ -2.831344601999925, 11.518269570000037 ], [ -2.857134169999914, 11.476103541000057 ], [ -2.83365056299994, 11.464135320000032 ], [ -2.830171365999929, 11.409879981000046 ], [ -2.844244905999977, 11.354485650000054 ], [ -2.844859524999938, 11.302420798000032 ], [ -2.882676763999898, 11.30171468400005 ], [ -3.024391140000021, 11.365091203000041 ], [ -3.058867165000018, 11.34599936500009 ], [ -3.11161937599998, 11.334637539000056 ], [ -3.145248934999928, 11.368994984000011 ], [ -3.165169204999946, 11.357218533000044 ], [ -3.214084584999971, 11.350581741000074 ], [ -3.254426831999952, 11.291561813000037 ], [ -3.286978595999896, 11.26187195100001 ], [ -3.290197542999957, 11.202815172000033 ], [ -3.303562466, 11.205383892000029 ], [ -3.314930712999936, 11.1942154810001 ], [ -3.323424096999955, 11.210693218000031 ], [ -3.348308414, 11.222511398000076 ], [ -3.386324320999973, 11.187482343000063 ], [ -3.407247511999928, 11.179315248000041 ], [ -3.438994654999911, 11.182670792000035 ], [ -3.457060285999952, 11.151809369000063 ], [ -3.471600459999974, 11.151596949000073 ], [ -3.484084631999968, 11.163013875000047 ], [ -3.496178546999912, 11.159281693000064 ], [ -3.497958400999918, 11.138065788000048 ], [ -3.546311302999944, 11.082401001000061 ], [ -3.54780405899991, 11.067648180000031 ], [ -3.552768851999916, 11.06591859400001 ], [ -3.560012807999941, 11.082453888 ], [ -3.552247721999963, 11.08721947400004 ], [ -3.558872517999917, 11.090397396000082 ], [ -3.577806893999897, 11.071505901 ], [ -3.571096263999946, 11.059480534000052 ], [ -3.594265936999969, 11.055644381 ], [ -3.602124075999919, 11.041704054000043 ], [ -3.595459699999976, 11.035854747000037 ], [ -3.584092149, 11.042839293 ], [ -3.579111721999945, 11.024889436000038 ], [ -3.598581076999957, 10.999180346000045 ], [ -3.606929371999962, 10.999389880000063 ], [ -3.608666485999984, 10.989474665000085 ], [ -3.619547204, 10.988394606000071 ], [ -3.61990547699998, 11.00558903800006 ], [ -3.663511109999968, 11.02108672 ], [ -3.692512109999929, 11.059780757000023 ], [ -3.732308398999945, 11.086318383000091 ], [ -3.786836046, 11.167711982000103 ], [ -3.795847265999958, 11.164162494000049 ], [ -3.80266287799998, 11.174247725000061 ], [ -3.854205023999918, 11.151979166000078 ], [ -3.870790095999938, 11.159493663000017 ], [ -3.884397626999975, 11.181092425 ], [ -3.883626228, 11.207587052000065 ], [ -3.834416994, 11.372831707000028 ], [ -3.87543865199998, 11.374032863000025 ], [ -3.897362309999936, 11.462876305000044 ], [ -3.964358489999925, 11.54322630500004 ], [ -3.977135782999925, 11.579677873000069 ], [ -3.978881786999972, 11.64862619800002 ], [ -3.951693581999988, 11.6656381 ], [ -3.955211690999933, 11.69408190300005 ], [ -3.942595049, 11.720208901999982 ], [ -3.961540595, 11.783794162000014 ], [ -3.957859948999937, 11.842145647000077 ], [ -3.950093039999986, 11.85310287500003 ], [ -3.953052719, 11.863506325000081 ], [ -3.931472577999956, 11.873900082000041 ], [ -3.909720589, 11.865619084000098 ], [ -3.914931576999942, 11.839380325000068 ], [ -3.868345555999914, 11.824182749 ], [ -3.867675817999922, 11.800047904000063 ], [ -3.846097732999959, 11.77939059000008 ], [ -3.846173388999913, 11.756478553000058 ], [ -3.79943799099996, 11.747719747000104 ], [ -3.777492190999948, 11.732589548000025 ], [ -3.750899013, 11.736325242000031 ], [ -3.728241552999984, 11.726395971000045 ], [ -3.678582827999916, 11.781822694000052 ], [ -3.625768271999946, 11.767091539000038 ], [ -3.567134233999953, 11.773741077000086 ] ] ] } },
{ "type": "Feature", "properties": { "loc": "BF-A2-1001" }, "geometry": { "type": "Polygon", "coordinates": [ [ [ -2.291981697300722, 14.252217292643332 ], [ -2.103371905492277, 14.151274657648722 ], [ -1.972456803841656, 14.036694195030467 ], [ -1.91114297197381, 14.007767488827938 ], [ -1.868363735800998, 14.000899706305791 ], [ -1.867534616632484, 13.984921357084353 ], [ -1.89247208761998, 13.950736602661474 ], [ -1.895790237033045, 13.924515951998975 ], [ -1.885494782961097, 13.886534885825711 ], [ -1.736420603831034, 13.741591257779714 ], [ -1.729128182123139, 13.720227901246036 ], [ -1.739439573980387, 13.69923496377195 ], [ -1.777702895075779, 13.693397006615953 ], [ -1.810128113325002, 13.667807637761664 ], [ -1.839239173352401, 13.664455958924755 ], [ -1.900839900644132, 13.622516134661275 ], [ -1.905333514333452, 13.614218398609598 ], [ -1.897577934577251, 13.574080227569837 ], [ -1.916871990653078, 13.556606187974586 ], [ -1.983022094097597, 13.56280612315345 ], [ -2.03057577255709, 13.547760859225663 ], [ -2.142155255064202, 13.56812310394748 ], [ -2.176952833609616, 13.682786484058383 ], [ -2.251192101437563, 13.826266655231343 ], [ -2.230231371383915, 13.869645724819735 ], [ -2.233354483925525, 13.885188634896974 ], [ -2.316776221048994, 13.907741525600317 ], [ -2.320752684991651, 13.946974678288163 ], [ -2.331201060683636, 13.967356030006171 ], [ -2.369395614219453, 13.962358683555792 ], [ -2.377090256813133, 13.979141577071514 ], [ -2.428694631954933, 14.018292067674174 ], [ -2.458507881736585, 14.012646219197048 ], [ -2.506214045644923, 13.97046901078561 ], [ -2.52179489182403, 13.980102512570289 ], [ -2.551540855229518, 13.962627225615361 ], [ -2.569968569197343, 13.965662398850018 ], [ -2.577895184718233, 13.975079784553804 ], [ -2.562855570331538, 13.99641894842512 ], [ -2.565849331584617, 14.029381599730433 ], [ -2.621152762193453, 14.127080509607223 ], [ -2.660939222770147, 14.143761468566311 ], [ -2.476468325056389, 14.297864913784133 ], [ -2.291981697300722, 14.252217292643332 ] ] ] } },
{ "type": "Feature", "properties": { "loc": "BF-A2-1002" }, "geometry": { "type": "Polygon", "coordinates": [ [ [ -1.74299202299995, 13.141427941000103 ], [ -1.720838377999972, 13.122767345000039 ], [ -1.697975410999924, 13.079999379000082 ], [ -1.606752319999921, 13.062952499000044 ], [ -1.604921464999959, 13.045766099 ], [ -1.592647812999886, 13.039380531000042 ], [ -1.597354758999963, 13.022211480000109 ], [ -1.587846724000014, 13.02587541000004 ], [ -1.579847042999988, 13.007489112000023 ], [ -1.559153063999902, 13.005322950000028 ], [ -1.533885910999971, 12.959312159999989 ], [ -1.541971859999941, 12.90018082800006 ], [ -1.577539920999965, 12.905592914000039 ], [ -1.605654192000011, 12.933873458000075 ], [ -1.676812314999926, 12.930865071000028 ], [ -1.74473613399993, 12.895862233000052 ], [ -1.805823830999903, 12.896753904000022 ], [ -1.860524588999973, 12.87765872300006 ], [ -1.877266808999939, 12.859530951000028 ], [ -1.882718414, 12.831146503000099 ], [ -1.936833442999913, 12.813143352000075 ], [ -1.948174609000014, 12.782122333000043 ], [ -1.973094136999959, 12.754634640000059 ], [ -1.97572803899993, 12.722655656 ], [ -1.94380727899997, 12.693326169000027 ], [ -1.974953908, 12.674496940000044 ], [ -1.98610498599992, 12.679232315999986 ], [ -1.977017036999912, 12.697443534000083 ], [ -1.989537868999919, 12.707717608000088 ], [ -2.064402081999966, 12.708173034000023 ], [ -2.088848998999976, 12.688962698000037 ], [ -2.150134248999952, 12.709112567000044 ], [ -2.157567809999944, 12.700410696000095 ], [ -2.201002679999925, 12.699966296000095 ], [ -2.481046734999986, 12.617017122000071 ], [ -2.481408577, 12.670423696000086 ], [ -2.444642511999967, 12.675983013000078 ], [ -2.434520766999953, 12.688784028000086 ], [ -2.434359098999988, 12.703595376000074 ], [ -2.526151741999954, 12.692905862000067 ], [ -2.533761313999944, 12.712017452000055 ], [ -2.529850166999986, 12.755143968000013 ], [ -2.490084232999906, 12.776266061000083 ], [ -2.50884203199993, 12.823910787000045 ], [ -2.519908658999964, 12.833841872000093 ], [ -2.552406963999926, 12.841205636000083 ], [ -2.566070146999949, 12.816325176000085 ], [ -2.640476363999939, 12.752758447000076 ], [ -2.684349985999984, 12.794004278000035 ], [ -2.71307515399995, 12.78929868800007 ], [ -2.728901797999922, 12.800401890000021 ], [ -2.723988213999978, 12.819558429 ], [ -2.734124705999969, 12.84577480300004 ], [ -2.7263177309999, 12.914780886000063 ], [ -2.732017969, 12.937628654 ], [ -2.712205388000017, 12.970206369000056 ], [ -2.701098894999971, 12.974516238000053 ], [ -2.701186934999972, 13.001146902000091 ], [ -2.564632130999983, 12.997779985000044 ], [ -2.54799809, 12.966545921000058 ], [ -2.445901567999958, 12.967912999000106 ], [ -2.429965621999913, 13.014039740000058 ], [ -2.326657361999978, 13.07141781600005 ], [ -2.243496440999931, 13.092933690000017 ], [ -2.215367269999985, 13.108862894000037 ], [ -2.190103253999959, 13.093901855000098 ], [ -2.142800828999985, 13.088785108000042 ], [ -2.137086080999922, 13.074344466000085 ], [ -2.09234038899993, 13.049968511 ], [ -2.088988537999975, 13.033455676000091 ], [ -2.080847923999923, 13.040352838000022 ], [ -2.04092572399997, 13.018869965000032 ], [ -2.035591846999979, 13.029455942 ], [ -2.019727967999946, 13.023166819000018 ], [ -2.005910260999927, 13.035808461000073 ], [ -1.992722634, 13.035974517000046 ], [ -1.975618656999939, 13.06233545400006 ], [ -1.942818238999938, 13.057031804000083 ], [ -1.924211452999974, 13.062560668000042 ], [ -1.918327961999982, 13.127985487000046 ], [ -1.89869317299996, 13.1310304520001 ], [ -1.856578071999931, 13.16765269900004 ], [ -1.845536622999938, 13.169140234000018 ], [ -1.835275362999927, 13.155839850000081 ], [ -1.818425981999977, 13.152688990000058 ], [ -1.823965689999945, 13.126577104000045 ], [ -1.799672588999962, 13.100978757000068 ], [ -1.79640080699997, 13.109941082999985 ], [ -1.74299202299995, 13.141427941000103 ] ] ] } },
{ "type": "Feature", "properties": { "loc": "BF-A2-1003" }, "geometry": { "type": "Polygon", "coordinates": [ [ [ -2.660939222984089, 14.143761469214489 ], [ -2.621152762407395, 14.127080510255402 ], [ -2.565849331798559, 14.029381600378612 ], [ -2.562855569646158, 13.996418948173977 ], [ -2.577895184932174, 13.975079785201983 ], [ -2.569968569411285, 13.965662398598873 ], [ -2.551540855443459, 13.962627226263539 ], [ -2.521794892037973, 13.980102513218467 ], [ -2.506214045858865, 13.970469011433789 ], [ -2.458507881950527, 14.012646218945905 ], [ -2.428694632168875, 14.018292068322353 ], [ -2.377090257027076, 13.979141576820371 ], [ -2.369395614433395, 13.96235868420397 ], [ -2.331201060897578, 13.967356029755026 ], [ -2.320752685205593, 13.946974678037019 ], [ -2.316776221262936, 13.907741526248495 ], [ -2.233354484139467, 13.885188634645829 ], [ -2.230231370698534, 13.869645724568592 ], [ -2.251192100752184, 13.8262666549802 ], [ -2.176952833823558, 13.68278648380724 ], [ -2.142155255278144, 13.568123103696335 ], [ -2.030575772771032, 13.547760858974518 ], [ -1.983022094311539, 13.562806122902307 ], [ -1.91687199086702, 13.556606187723443 ], [ -1.897577934791193, 13.574080228218016 ], [ -1.883064165696026, 13.561393602730639 ], [ -1.859679947988544, 13.531200326431977 ], [ -1.877408877035382, 13.517963368912403 ], [ -1.858361683961881, 13.499497399583381 ], [ -1.85082189832928, 13.470704299361984 ], [ -1.860035896956415, 13.440559004592446 ], [ -1.84887357107578, 13.416342177447588 ], [ -1.850444960084176, 13.390790950639918 ], [ -1.839235000712049, 13.375198568856923 ], [ -1.842106057565839, 13.340494956874817 ], [ -1.815288470204072, 13.330371992771306 ], [ -1.798287940753199, 13.291896070145578 ], [ -1.762509318767383, 13.306596393706661 ], [ -1.761369204142792, 13.260203335313731 ], [ -1.744412977094553, 13.255184234263059 ], [ -1.755066131114395, 13.245572007740023 ], [ -1.734354088787503, 13.210329371801125 ], [ -1.74235953797963, 13.184042513948917 ], [ -1.730323536919029, 13.168858238215179 ], [ -1.746627325607926, 13.155820371710844 ], [ -1.742992023080736, 13.141427940944777 ], [ -1.796400806969002, 13.109941083412327 ], [ -1.799672589136015, 13.100978757361819 ], [ -1.823965689582244, 13.126577104148096 ], [ -1.818425981790962, 13.152688989903019 ], [ -1.835275363084874, 13.155839850127039 ], [ -1.845536623133986, 13.169140234132556 ], [ -1.85657807203773, 13.167652698811059 ], [ -1.898693173268667, 13.131030451592125 ], [ -1.918327961783345, 13.127985487438352 ], [ -1.919726373390755, 13.067487526825959 ], [ -1.927966619381315, 13.060044709693654 ], [ -1.975618656692987, 13.062335453816198 ], [ -1.992722634259499, 13.035974517008411 ], [ -2.005910261266879, 13.035808460789891 ], [ -2.019727967688893, 13.023166819391259 ], [ -2.035591846703698, 13.029455942136078 ], [ -2.040925723960328, 13.018869964775112 ], [ -2.080847923710047, 13.040352837611424 ], [ -2.088988538307732, 13.033455676036677 ], [ -2.092340388915152, 13.049968511235862 ], [ -2.140607450091085, 13.08024239197087 ], [ -2.131498558828762, 13.123820177557205 ], [ -2.113758915259067, 13.136562730983306 ], [ -2.094238890130011, 13.173863710939566 ], [ -2.104791483757305, 13.184877272765982 ], [ -2.091746690674571, 13.211594449022661 ], [ -2.094705685935993, 13.222509067437569 ], [ -2.071989240928062, 13.250465325112721 ], [ -2.078473253055519, 13.295750538354719 ], [ -2.090536697827678, 13.306254973286444 ], [ -2.108168734816594, 13.354427378119063 ], [ -2.125785728845645, 13.372725560933947 ], [ -2.153103253829436, 13.372303104402803 ], [ -2.161409439011737, 13.35504320957452 ], [ -2.176696920943482, 13.348067993141427 ], [ -2.195857191173769, 13.350814892291503 ], [ -2.212839673029822, 13.364665878125832 ], [ -2.272522560085415, 13.36464550038759 ], [ -2.330494199165295, 13.399336518263764 ], [ -2.396515269681286, 13.406094526839 ], [ -2.42000797440583, 13.434993655330986 ], [ -2.449010825306678, 13.436324642066635 ], [ -2.489461364167957, 13.419365484127848 ], [ -2.527411456790634, 13.346107274129455 ], [ -2.612785758773084, 13.321033037842479 ], [ -2.632577095873611, 13.367196405787555 ], [ -2.645534354344313, 13.373327491568539 ], [ -2.647451905898074, 13.476945704079037 ], [ -2.688969229563629, 13.480517983915883 ], [ -2.706893271924296, 13.496282162290015 ], [ -2.71043309612782, 13.518575479872556 ], [ -2.859299485100493, 13.547403701317819 ], [ -2.942019986650399, 13.614033266620016 ], [ -2.952971813615641, 13.626913213072383 ], [ -2.871965408194368, 13.655334473305356 ], [ -2.903038502042571, 13.724443436213667 ], [ -2.895913363228466, 13.825575829059321 ], [ -2.83242678638442, 13.997855186165966 ], [ -2.851353644772224, 14.002218246173179 ], [ -2.837031603043382, 14.060629845289187 ], [ -2.660939222984089, 14.143761469214489 ] ] ] } },
{ "type": "Feature", "properties": { "loc": "BF-A2-1004" }, "geometry": { "type": "Polygon", "coordinates": [ [ [ -2.139307942, 13.085265283000044 ], [ -2.190103253999959, 13.093901855000098 ], [ -2.223043699, 13.108434054000082 ], [ -2.243496440999931, 13.092933690000017 ], [ -2.326657361999978, 13.07141781600005 ], [ -2.429965621999913, 13.014039740000058 ], [ -2.445901567999958, 12.967912999000106 ], [ -2.54799809, 12.966545921000058 ], [ -2.564632130999983, 12.997779985000044 ], [ -2.701186934999972, 13.001146902000091 ], [ -2.716093022999894, 13.062300751000031 ], [ -2.713351439999984, 13.104056353000068 ], [ -2.700533598999916, 13.122479539000029 ], [ -2.600725939999987, 13.105913972000025 ], [ -2.580296787999964, 13.113902168999989 ], [ -2.536934806999974, 13.178806354000081 ], [ -2.527459884999922, 13.177658780000076 ], [ -2.506746121999886, 13.222216387000049 ], [ -2.487285342999962, 13.233381455000057 ], [ -2.46325561, 13.268976474000091 ], [ -2.441596107999971, 13.270277219000068 ], [ -2.445735366999974, 13.284952643000089 ], [ -2.521132292999956, 13.317883762000069 ], [ -2.530748580999981, 13.286742108000091 ], [ -2.539727831999966, 13.28371125600005 ], [ -2.608451087999947, 13.312155869999984 ], [ -2.612785758999953, 13.321033038000049 ], [ -2.536795848999934, 13.340021090000029 ], [ -2.520877892999956, 13.353292607000064 ], [ -2.505257562999913, 13.396357573000081 ], [ -2.485360870999981, 13.423353764000076 ], [ -2.431954380999973, 13.43795049200007 ], [ -2.418375903999942, 13.433760179000018 ], [ -2.39651526999996, 13.406094527000054 ], [ -2.330494198999916, 13.399336518 ], [ -2.272522559999929, 13.364645500000069 ], [ -2.212839672999928, 13.364665878000068 ], [ -2.195857190999978, 13.350814892000049 ], [ -2.17669692099996, 13.348067993000054 ], [ -2.161409438999923, 13.355043210000048 ], [ -2.153103253999938, 13.372303104000036 ], [ -2.131912871999902, 13.37402151500002 ], [ -2.11051214999996, 13.357491646000039 ], [ -2.089336101999955, 13.303899886000067 ], [ -2.078473253, 13.295750538000092 ], [ -2.071989240999966, 13.250465325000047 ], [ -2.094165513999951, 13.223836264000052 ], [ -2.091746691000012, 13.211594449000039 ], [ -2.10479148399994, 13.184877273000037 ], [ -2.094238889999894, 13.173863711000042 ], [ -2.113758914999925, 13.136562730999987 ], [ -2.131498559, 13.123820178000109 ], [ -2.139307942, 13.085265283000044 ] ] ] } },
{ "type": "Feature", "properties": { "loc": "BF-A2-1101" }, "geometry": { "type": "Polygon", "coordinates": [ [ [ -0.737507273999932, 12.704696052000017 ], [ -0.676714806999962, 12.701764636000032 ], [ -0.674858838999964, 12.689956164 ], [ -0.656454415999957, 12.681413398000061 ], [ -0.651869537999944, 12.670939662000055 ], [ -0.645472588999923, 12.640786344000052 ], [ -0.659169486999894, 12.601657468000013 ], [ -0.647649083999974, 12.555145858000103 ], [ -0.631448059999934, 12.54224554800005 ], [ -0.631579966999923, 12.488213550000069 ], [ -0.614030497999956, 12.470116772000026 ], [ -0.554628712999944, 12.470584632000012 ], [ -0.549237213999981, 12.409134530000074 ], [ -0.516412554999929, 12.409424247000064 ], [ -0.516850313999911, 12.375992792000076 ], [ -0.53245733999992, 12.367103955000022 ], [ -0.539802693999985, 12.333737809000109 ], [ -0.518035401, 12.312307261000097 ], [ -0.520960010999954, 12.294288871000056 ], [ -0.49601884, 12.27856833500007 ], [ -0.491062209999954, 12.220054367000063 ], [ -0.46209433999998, 12.211749571000016 ], [ -0.423423010999962, 12.165620536000052 ], [ -0.439642985999972, 12.16587980400001 ], [ -0.440659362999956, 12.158815926000052 ], [ -0.426186900999942, 12.131744944000086 ], [ -0.430184095999913, 12.10908619100006 ], [ -0.411452787999949, 12.095399247000024 ], [ -0.433059892, 12.046024631000016 ], [ -0.454534633999942, 12.018523064000039 ], [ -0.494717794999905, 12.001996797000089 ], [ -0.562558788999984, 12.019866004000043 ], [ -0.589309919999953, 12.010876865000039 ], [ -0.633186509999978, 11.975055698000034 ], [ -0.654290571999977, 11.943795228000084 ], [ -0.660378244999987, 11.917748522000046 ], [ -0.675285209999982, 11.915070627999988 ], [ -0.699812181999953, 11.887999044000061 ], [ -0.716509956999972, 11.89153247800003 ], [ -0.731553334999973, 11.87663438500006 ], [ -0.826913674, 11.87466365500007 ], [ -0.842293083, 11.886250191000045 ], [ -0.862761877000012, 11.877332040000052 ], [ -0.892775063999967, 11.896726759000018 ], [ -0.885759860999952, 11.930448517000045 ], [ -0.893008476, 11.935473697000074 ], [ -0.886713936000022, 11.939981515000017 ], [ -0.897107509999967, 11.960918777000071 ], [ -0.910704120999989, 11.967807779000037 ], [ -0.915077551, 11.986431312000054 ], [ -0.930824029999916, 11.9873163 ], [ -0.971948594999966, 12.015640016000059 ], [ -0.99546356399996, 12.058599230000031 ], [ -1.025555571999953, 12.088200351000086 ], [ -1.021468114999974, 12.120709494000057 ], [ -1.031232427999989, 12.146936211000067 ], [ -1.072331369999962, 12.181454845000037 ], [ -1.063806966999953, 12.198948028000054 ], [ -1.071559268999938, 12.223415590000084 ], [ -1.093825778999929, 12.230937335 ], [ -1.087760267999976, 12.242500821000021 ], [ -1.098177249999904, 12.255932331000061 ], [ -1.099949669999917, 12.308631038000037 ], [ -1.113857468999929, 12.329218166000075 ], [ -1.105048097999966, 12.369171261000098 ], [ -1.081521027999949, 12.379102374000059 ], [ -1.083132214999943, 12.401466024000094 ], [ -1.092930050999979, 12.41218249600011 ], [ -1.058307305000011, 12.439576130000038 ], [ -1.067967015999987, 12.457776355000025 ], [ -1.065493437999959, 12.475067188 ], [ -1.104480777999922, 12.504493278000048 ], [ -1.09287566399992, 12.51270867300007 ], [ -1.027026962999927, 12.514068654000063 ], [ -1.020738526999915, 12.530471888000047 ], [ -1.032485184999904, 12.550026421 ], [ -1.000239531999974, 12.55804879000004 ], [ -1.000239454999968, 12.544806953000062 ], [ -0.988255766999907, 12.552525080000063 ], [ -0.986204192999979, 12.542754343000048 ], [ -0.964240392999987, 12.540102150000074 ], [ -0.961180937999889, 12.521525383000018 ], [ -0.898560731999948, 12.469362134000026 ], [ -0.892420415999934, 12.474164018000053 ], [ -0.90020477, 12.488243079000025 ], [ -0.892998184999954, 12.497092175000077 ], [ -0.878903594999941, 12.495291559000041 ], [ -0.872930295999979, 12.505836290000058 ], [ -0.85460289199995, 12.508694618000035 ], [ -0.855003249999947, 12.550166508000046 ], [ -0.837500483999936, 12.568923857000033 ], [ -0.793555159999909, 12.583920411000069 ], [ -0.778098842999936, 12.605408611000055 ], [ -0.743012645, 12.621012204000046 ], [ -0.778790015000014, 12.67316438600001 ], [ -0.777333387999929, 12.686180974 ], [ -0.737507273999932, 12.704696052000017 ] ] ] } },
{ "type": "Feature", "properties": { "loc": "BF-A2-1102" }, "geometry": { "type": "Polygon", "coordinates": [ [ [ -1.603457505999889, 12.685634056000048 ], [ -1.624375543999951, 12.612044146000098 ], [ -1.673715866999964, 12.606561796000079 ], [ -1.728593004999973, 12.577472401 ], [ -1.720109633999894, 12.504199927000023 ], [ -1.691879553999947, 12.476697366000053 ], [ -1.694346120000017, 12.447118241000041 ], [ -1.681633544999955, 12.425014766000039 ], [ -1.749777233999944, 12.409759884000035 ], [ -1.781046619999921, 12.379188990000031 ], [ -1.948142377999923, 12.350917027 ], [ -1.983001584, 12.311997458000043 ], [ -2.007462544999933, 12.309392897000102 ], [ -2.009034131999937, 12.297354690000059 ], [ -2.05212469099994, 12.299415271000022 ], [ -2.079359016999921, 12.315928823000075 ], [ -2.082567247999983, 12.329493782000053 ], [ -2.03651239999994, 12.377049751000044 ], [ -2.033909595999966, 12.416951794000017 ], [ -2.007475234, 12.44483190200005 ], [ -2.000223801999895, 12.471668541999989 ], [ -1.919643171, 12.48206340200004 ], [ -1.865512101, 12.448152608 ], [ -1.785187374999958, 12.489664699000055 ], [ -1.839542085999907, 12.61034404700003 ], [ -1.860875238999943, 12.613735951000013 ], [ -1.938516073999957, 12.652328759000017 ], [ -1.922783903999986, 12.680023050000042 ], [ -1.962167810999987, 12.707503446000043 ], [ -1.977026667, 12.727253814000036 ], [ -1.973094136999959, 12.754634640000059 ], [ -1.948174609000014, 12.782122333000043 ], [ -1.939368626999976, 12.810576761000078 ], [ -1.882718414, 12.831146503000099 ], [ -1.877266808999939, 12.859530951000028 ], [ -1.864377697999925, 12.875378983000083 ], [ -1.810980711, 12.895665340000015 ], [ -1.751961052999978, 12.894052456000058 ], [ -1.724362803, 12.906251005000044 ], [ -1.688419455, 12.876329383000026 ], [ -1.645098958999896, 12.864645564000085 ], [ -1.640182056999945, 12.855434941000052 ], [ -1.659066965, 12.793495435000033 ], [ -1.659227583999972, 12.750797276000078 ], [ -1.604161033999923, 12.730487672 ], [ -1.596927429999956, 12.712838619000053 ], [ -1.608776427999975, 12.692984788000025 ], [ -1.603457505999889, 12.685634056000048 ] ] ] } },
{ "type": "Feature", "properties": { "loc": "BF-A2-1103" }, "geometry": { "type": "Polygon", "coordinates": [ [ [ -1.536114274999961, 12.926527193000023 ], [ -1.49588929, 12.915206500000107 ], [ -1.479467062999956, 12.884710190000057 ], [ -1.434682967999984, 12.886588733000057 ], [ -1.421448745999926, 12.873745204000084 ], [ -1.396862547999938, 12.888854816000059 ], [ -1.367252203999919, 12.878276387 ], [ -1.358900686, 12.857623259000015 ], [ -1.3713772479999, 12.837262627000065 ], [ -1.332098849999924, 12.839709961000054 ], [ -1.291654417999927, 12.821100467000043 ], [ -1.237401139999933, 12.826292463000108 ], [ -1.154703977999888, 12.784527105000063 ], [ -1.148339644, 12.720019068000063 ], [ -1.161680109999957, 12.711136521000086 ], [ -1.152608178999942, 12.688648528000066 ], [ -1.121595398999969, 12.683405578000048 ], [ -1.14977662999996, 12.65622517 ], [ -1.146765926999898, 12.639744801000028 ], [ -1.127609545999936, 12.633799112000041 ], [ -1.106365717999918, 12.692625163000024 ], [ -1.017021346000019, 12.67412282 ], [ -0.995910140999961, 12.679975875000046 ], [ -0.978391157999941, 12.655237645000092 ], [ -0.963461373000013, 12.657060202 ], [ -0.963783670999946, 12.645359870000014 ], [ -0.974610077, 12.635906341000045 ], [ -0.95179611699992, 12.630435941000037 ], [ -0.946601129999963, 12.613205141000059 ], [ -0.919998596999943, 12.584737607 ], [ -0.916096689999951, 12.567568612000077 ], [ -0.870806209999913, 12.543661224000033 ], [ -0.855003249999947, 12.550166508000046 ], [ -0.85460289199995, 12.508694618000035 ], [ -0.872930295999979, 12.505836290000058 ], [ -0.878903594999941, 12.495291559000041 ], [ -0.892998184999954, 12.497092175000077 ], [ -0.90020477, 12.488243079000025 ], [ -0.892420415999934, 12.474164018000053 ], [ -0.899968118999955, 12.468970916000075 ], [ -0.961180937999889, 12.521525383000018 ], [ -0.964240392999987, 12.540102150000074 ], [ -0.986204192999979, 12.542754343000048 ], [ -0.988255766999907, 12.552525080000063 ], [ -1.000239454999968, 12.544806953000062 ], [ -1.000239531999974, 12.55804879000004 ], [ -1.032485184999904, 12.550026421 ], [ -1.020738526999915, 12.530471888000047 ], [ -1.027026962999927, 12.514068654000063 ], [ -1.102829136999955, 12.507699370000111 ], [ -1.100204523999953, 12.498018656000085 ], [ -1.08253581699998, 12.492732502000045 ], [ -1.063646790999933, 12.472306273000086 ], [ -1.067967015999987, 12.457776355000025 ], [ -1.059047078999936, 12.434077062000057 ], [ -1.092930050999979, 12.41218249600011 ], [ -1.083132214999943, 12.401466024000094 ], [ -1.081521027999949, 12.379102374000059 ], [ -1.105815214999933, 12.36734175800007 ], [ -1.113857468999929, 12.329218166000075 ], [ -1.099949669999917, 12.308631038000037 ], [ -1.096726956999899, 12.267211573000012 ], [ -1.113931394999917, 12.271180996000083 ], [ -1.14377137899993, 12.262454325000036 ], [ -1.146057658, 12.278540953000025 ], [ -1.165547059999899, 12.280669801000041 ], [ -1.159614723999952, 12.290473416000022 ], [ -1.168515197, 12.294058339000077 ], [ -1.171234605999932, 12.306224945000086 ], [ -1.188559533999972, 12.294571442000077 ], [ -1.205393278999961, 12.326617704000029 ], [ -1.224187197999954, 12.337135755000059 ], [ -1.24598467299995, 12.334528891000016 ], [ -1.253391931999986, 12.348840513000045 ], [ -1.264797429999903, 12.345360916000089 ], [ -1.279715478999926, 12.355859910000053 ], [ -1.270333445999921, 12.395501505000059 ], [ -1.249179679999984, 12.417982194 ], [ -1.247079147999913, 12.471987191000064 ], [ -1.253313044999943, 12.492971564000108 ], [ -1.316529484999923, 12.510422417 ], [ -1.345992550999925, 12.509854804000017 ], [ -1.365036452, 12.501229750000029 ], [ -1.389022848999915, 12.475719261000037 ], [ -1.4495838, 12.466292644000074 ], [ -1.46081396899998, 12.500899161000032 ], [ -1.447246335999957, 12.537306884999985 ], [ -1.474946979999975, 12.569576105000088 ], [ -1.487294831999969, 12.571598768000023 ], [ -1.560308528999937, 12.546045942 ], [ -1.577483230999982, 12.555593869000045 ], [ -1.578169951999958, 12.588025765000019 ], [ -1.560776181999906, 12.623967865000083 ], [ -1.569497511999956, 12.658006729000057 ], [ -1.583849777999974, 12.681489192000114 ], [ -1.608776427999975, 12.692984788000025 ], [ -1.596927429999956, 12.712838619000053 ], [ -1.607603101999971, 12.734266639000033 ], [ -1.659227583999972, 12.750797276000078 ], [ -1.659066965, 12.793495435000033 ], [ -1.641933929999944, 12.862061682000078 ], [ -1.688419455, 12.876329383000026 ], [ -1.724362803, 12.906251005000044 ], [ -1.676812314999926, 12.930865071000028 ], [ -1.605654192000011, 12.933873458000075 ], [ -1.57950606799993, 12.906652276000028 ], [ -1.545819055999936, 12.897815640000029 ], [ -1.536114274999961, 12.926527193000023 ] ] ] } },
{ "type": "Feature", "properties": { "loc": "BF-A2-1201" }, "geometry": { "type": "Polygon", "coordinates": [ [ [ -0.455674051933694, 15.080824851921603 ], [ -0.403618932085792, 15.013425826676784 ], [ -0.388666958431131, 15.007614136019786 ], [ -0.253790050887883, 15.076954841628863 ], [ -0.009210957837179, 14.985178946787189 ], [ 0.094574943161353, 14.97807788822019 ], [ 0.229350924287981, 14.989669799557827 ], [ 0.235740005778899, 14.886070250677751 ], [ 0.208289996268568, 14.865920066993722 ], [ 0.201649994034253, 14.840350151374611 ], [ 0.236100002595299, 14.749480247051984 ], [ 0.166250004616275, 14.533439636366349 ], [ 0.192010000043722, 14.460639953807048 ], [ 0.225677253984339, 14.428968089541923 ], [ 0.192681005806028, 14.408504121604153 ], [ 0.17040740226206, 14.410683657361123 ], [ 0.162209787733772, 14.361889469359747 ], [ 0.137438202093607, 14.337220141132832 ], [ 0.139948248595052, 14.328631199206702 ], [ 0.12961468934869, 14.319128384203793 ], [ 0.108505188945569, 14.317999351924776 ], [ 0.067119211264843, 14.260597857841091 ], [ 0.040628511279028, 14.255533740326079 ], [ 0.034027437098799, 14.2283453903637 ], [ 0.006527608744403, 14.221755324784636 ], [ -0.002528208128047, 14.178649453046045 ], [ -0.034217205377471, 14.178385767325526 ], [ -0.043184768180252, 14.194219972310099 ], [ -0.069399402378262, 14.210148701437646 ], [ -0.166347015020472, 14.191871490812876 ], [ -0.253162905961086, 14.213884508599417 ], [ -0.294695467739389, 14.195623876976565 ], [ -0.307221135264925, 14.176163465207978 ], [ -0.330631321795809, 14.18123106489795 ], [ -0.347959798024004, 14.164007330010497 ], [ -0.384962653621312, 14.163320634675774 ], [ -0.424142855126408, 14.176500378226098 ], [ -0.585416369287757, 14.171882526793402 ], [ -0.600720823225156, 14.177348696121653 ], [ -0.620245506842412, 14.200871675623556 ], [ -0.626693950782947, 14.226360184611055 ], [ -0.631044310564226, 14.365496621308251 ], [ -0.66236720190259, 14.372918577766375 ], [ -0.682740241186926, 14.391704355907525 ], [ -0.704357100417595, 14.468516502270987 ], [ -0.744432768575154, 14.470458301345754 ], [ -0.765977600203831, 14.486765365365544 ], [ -0.765043918659663, 14.526214851770218 ], [ -0.8261740559057, 14.600558600135512 ], [ -0.843762236555717, 14.66183170080857 ], [ -0.914019512308391, 14.702494405028993 ], [ -0.929309282115422, 14.698592244872428 ], [ -0.91882067705035, 14.743426521852726 ], [ -0.955963688391251, 14.752242996753122 ], [ -0.95815230460292, 14.763494597433949 ], [ -0.993004115865, 14.792852623885709 ], [ -1.020028484344822, 14.803460397215783 ], [ -1.067020975955021, 14.80718739821608 ], [ -0.884148955027997, 14.952740668583214 ], [ -0.823745071595522, 15.01326370229425 ], [ -0.719199954831795, 15.080394744857813 ], [ -0.455674051933694, 15.080824851921603 ] ] ] } },
{ "type": "Feature", "properties": { "loc": "BF-A2-1202" }, "geometry": { "type": "Polygon", "coordinates": [ [ [ 0.225677253570808, 14.428968089299172 ], [ 0.275409997441841, 14.378390311856696 ], [ 0.322930007981896, 14.362010001653543 ], [ 0.385939986409658, 14.288669586425563 ], [ 0.403759986202814, 14.249659537550906 ], [ 0.38688999424625, 14.221960067796182 ], [ 0.391000003016139, 14.190159798329319 ], [ 0.357030003999897, 14.148400307021841 ], [ 0.359010010771792, 14.125180244366074 ], [ 0.395060003185012, 14.086339950621515 ], [ 0.384059995041151, 14.070500373986361 ], [ 0.398790001625687, 14.027870177959635 ], [ 0.450280010882209, 13.977720261074479 ], [ 0.455209999909981, 13.949959755231808 ], [ 0.480500013233437, 13.965769767554018 ], [ 0.473360002330656, 13.917690277077915 ], [ 0.520770013193967, 13.873929976780294 ], [ 0.527131695040107, 13.846594505825074 ], [ 0.490052093997353, 13.786433139870798 ], [ 0.423401014213848, 13.78279150431776 ], [ 0.404087352917416, 13.754525815107572 ], [ 0.378767953346782, 13.743880483390885 ], [ 0.313462926641164, 13.757072243682391 ], [ 0.247126807424636, 13.732653846091413 ], [ 0.219316058257895, 13.681066189346451 ], [ 0.173307958264075, 13.677436661366119 ], [ 0.147645586942696, 13.640698114719509 ], [ 0.087087640650508, 13.607089642266468 ], [ 0.062101247443028, 13.5770596513751 ], [ -0.003466277878009, 13.570805341386686 ], [ -0.027343467058945, 13.540620152691183 ], [ -0.076529120953756, 13.54191390929277 ], [ -0.102545541874845, 13.56227696880036 ], [ -0.179728000278577, 13.57647514420583 ], [ -0.192301434395268, 13.564910799786871 ], [ -0.206804450296731, 13.523983722763884 ], [ -0.234355750449111, 13.509222849648083 ], [ -0.257206949872426, 13.538714203291139 ], [ -0.259021549736319, 13.556800262115694 ], [ -0.225975241695635, 13.604544139993356 ], [ -0.233414493016027, 13.623948258698469 ], [ -0.222359960775157, 13.650760694743557 ], [ -0.265338876119824, 13.638691286566912 ], [ -0.280359722554739, 13.624764530152234 ], [ -0.304577852817241, 13.641749089442214 ], [ -0.332619198049138, 13.64930590463708 ], [ -0.350676866176021, 13.639490121065524 ], [ -0.36568773283419, 13.641095245442513 ], [ -0.364761700923346, 13.634644368835843 ], [ -0.380569959567567, 13.640159630355946 ], [ -0.415955156936531, 13.705647784211163 ], [ -0.470163209695958, 13.749979945411441 ], [ -0.476735951634448, 13.782571034618842 ], [ -0.461489228776474, 13.812028390291269 ], [ -0.482533735175325, 13.821993239189926 ], [ -0.497208332729959, 13.870974579706377 ], [ -0.548417622207086, 13.894017057734317 ], [ -0.552872092904351, 13.91016167181699 ], [ -0.570497448829787, 13.927296311768663 ], [ -0.609344841822579, 13.927499994722268 ], [ -0.626490824023897, 13.945051325651448 ], [ -0.62147696512143, 13.964888658578021 ], [ -0.634695981166185, 13.973194546984045 ], [ -0.619697722103779, 13.981378359616892 ], [ -0.61799655013227, 13.998329546864387 ], [ -0.564003438039821, 14.031980525773935 ], [ -0.569615168037163, 14.060559704260234 ], [ -0.550788640714785, 14.10153121858416 ], [ -0.570538100884236, 14.172563390681225 ], [ -0.424142854640616, 14.176500377983347 ], [ -0.384962654034843, 14.163320635332344 ], [ -0.347959798437535, 14.164007329767744 ], [ -0.33063132220934, 14.181231064655199 ], [ -0.307221134779134, 14.176163464965226 ], [ -0.29469546815292, 14.195623876733814 ], [ -0.253162906374617, 14.213884509255987 ], [ -0.166347015434002, 14.191871490570124 ], [ -0.069399401892471, 14.210148701194894 ], [ -0.043184767694461, 14.194219972067346 ], [ -0.03421720489168, 14.178385767082775 ], [ -0.002528207642256, 14.178649452803294 ], [ 0.006527609230195, 14.221755325441206 ], [ 0.034027436685268, 14.228345390120946 ], [ 0.040628510865497, 14.255533740083328 ], [ 0.067119210851312, 14.26059785759834 ], [ 0.10850518943136, 14.317999351682024 ], [ 0.129614688935159, 14.31912838396104 ], [ 0.139948249080843, 14.328631198963951 ], [ 0.137438201680076, 14.33722014089008 ], [ 0.162209788219563, 14.361889469116996 ], [ 0.170407401848529, 14.410683657118371 ], [ 0.19268100629182, 14.408504122260723 ], [ 0.225677253570808, 14.428968089299172 ] ] ] } },
{ "type": "Feature", "properties": { "loc": "BF-A2-1203" }, "geometry": { "type": "Polygon", "coordinates": [ [ [ -1.067020976080683, 14.807187397763316 ], [ -0.993004115990662, 14.792852624332268 ], [ -0.958152304728582, 14.763494596981186 ], [ -0.955963687617591, 14.752242997199682 ], [ -0.919914209616582, 14.744629143403365 ], [ -0.929309282241084, 14.698592245318986 ], [ -0.914019512434053, 14.70249440457623 ], [ -0.84376223668138, 14.66183170125513 ], [ -0.826174056031362, 14.600558599682749 ], [ -0.765043918785325, 14.526214852216777 ], [ -0.765977600329493, 14.486765364912781 ], [ -0.744432768700817, 14.470458300892993 ], [ -0.704357099643935, 14.468516501818225 ], [ -0.682740241312588, 14.391704356354083 ], [ -0.662367202028253, 14.372918578212934 ], [ -0.631044310689888, 14.365496620855488 ], [ -0.620245506968074, 14.200871676070115 ], [ -0.600720823350819, 14.17734869566889 ], [ -0.570538100596367, 14.172563391370536 ], [ -0.55133082640002, 14.109704024204474 ], [ -0.556251957105637, 14.07961445142891 ], [ -0.569615167749294, 14.060559704050222 ], [ -0.564003437751952, 14.031980525563924 ], [ -0.617996549844401, 13.998329546654375 ], [ -0.685175189926575, 13.996359990004656 ], [ -0.699525108840202, 13.980729527328943 ], [ -0.702807627113802, 13.945476673292958 ], [ -0.746637740882537, 13.941974050445193 ], [ -0.761140704623321, 13.917349470684645 ], [ -0.788291705741129, 13.926037034964313 ], [ -0.800061860909655, 13.910086377667316 ], [ -0.822336114663463, 13.907213958340625 ], [ -0.844997209996746, 13.889496038794276 ], [ -0.854952821059346, 13.869079955258849 ], [ -0.877559580253927, 13.869891695028823 ], [ -0.911432357161056, 13.856248654934598 ], [ -0.956634008096498, 13.869779019868991 ], [ -0.981255377277341, 13.865654734361621 ], [ -0.994274179952944, 13.829540764178045 ], [ -1.045323055558069, 13.824250388927426 ], [ -1.063152209550332, 13.812136905876626 ], [ -1.079381920182972, 13.781672020830218 ], [ -1.09442835322942, 13.770030963341405 ], [ -1.106871282227395, 13.770370979919907 ], [ -1.121857019129631, 13.784611915390704 ], [ -1.154399658261122, 13.769059849315713 ], [ -1.212528602256691, 13.770989074069632 ], [ -1.227500270164838, 13.762293993256304 ], [ -1.250792195846663, 13.764864714318231 ], [ -1.312698209698121, 13.749777166965803 ], [ -1.358236656739818, 13.763236193178892 ], [ -1.464398777924763, 13.773032495636285 ], [ -1.497718558108472, 13.797834300295841 ], [ -1.548504380216476, 13.892372226280338 ], [ -1.623173909791605, 13.878707051172594 ], [ -1.676477612395397, 13.888936363705341 ], [ -1.757983852016659, 13.763270918701057 ], [ -1.885494783201186, 13.886534886059264 ], [ -1.895790237273133, 13.924515952232529 ], [ -1.892472087860068, 13.950736602895027 ], [ -1.867534616872572, 13.984921357317907 ], [ -1.868363736041087, 14.000899705640023 ], [ -1.911142972213898, 14.007767489061491 ], [ -1.972456804081745, 14.036694195264021 ], [ -2.103371905732366, 14.151274657882276 ], [ -1.993667721931324, 14.195761681439567 ], [ -1.975367546218785, 14.480875969233713 ], [ -1.901921034371741, 14.488206863039418 ], [ -1.757675886376557, 14.482295035570555 ], [ -1.674908995996869, 14.50689411235652 ], [ -1.314943910376664, 14.733589172085743 ], [ -1.087860226611671, 14.790122985870223 ], [ -1.067020976080683, 14.807187397763316 ] ] ] } },
{ "type": "Feature", "properties": { "loc": "BF-A2-1204" }, "geometry": { "type": "Polygon", "coordinates": [ [ [ 0.589420021365253, 13.787560462666081 ], [ 0.613210022173144, 13.778849602348131 ], [ 0.62048000129938, 13.786629676938901 ], [ 0.625289976699425, 13.771260262272147 ], [ 0.59973001477672, 13.730409622227146 ], [ 0.605300009036547, 13.709759712261773 ], [ 0.619019985232492, 13.699060440108086 ], [ 0.772599995341871, 13.692049980143331 ], [ 0.796920001705074, 13.677269936179473 ], [ 0.778439999354846, 13.664279937889683 ], [ 0.781639993139531, 13.642700194579177 ], [ 0.827189982080368, 13.618650436289464 ], [ 0.846419990238718, 13.62380027808123 ], [ 0.907100022196626, 13.618650436289464 ], [ 0.940900027762431, 13.589209557096245 ], [ 0.998172177752161, 13.566077869019301 ], [ 1.01480996565575, 13.531020164270027 ], [ 1.00735998182606, 13.519379615797492 ], [ 1.014089942345322, 13.487380027786914 ], [ 1.040809989237972, 13.483149528748614 ], [ 1.067780017981804, 13.461540222024489 ], [ 1.087890028950035, 13.460780143809451 ], [ 1.13666999327393, 13.414019584656968 ], [ 1.221639990641414, 13.387299537764317 ], [ 1.240929961097186, 13.391369819882144 ], [ 1.282969951850157, 13.352199554087013 ], [ 1.245620011902387, 13.339260101293501 ], [ 1.230380058241454, 13.349379539155269 ], [ 1.225620031187848, 13.370479584086398 ], [ 1.212530016595349, 13.380900382967161 ], [ 1.202299953128693, 13.373849868997118 ], [ 1.201539992724844, 13.335450172008693 ], [ 1.186200022761201, 13.322310448289418 ], [ 1.168650030922548, 13.322560309631445 ], [ 1.132310033229809, 13.336939811743779 ], [ 1.119680047044894, 13.333020210135452 ], [ 1.053089976369673, 13.368610381884478 ], [ 0.991819978357675, 13.370920180842534 ], [ 0.992085659673814, 13.084748315503219 ], [ 0.927785110942475, 13.083175192601919 ], [ 0.899118966215678, 13.057423347730175 ], [ 0.882888571198961, 13.057167025658568 ], [ 0.881760386980634, 13.0398602563666 ], [ 0.867679946320825, 13.035198211349236 ], [ 0.849973358232256, 13.044829504398971 ], [ 0.84004152344591, 13.041465616365963 ], [ 0.834610667796441, 13.031601309873412 ], [ 0.841994019057093, 13.015909015209745 ], [ 0.815441923254514, 13.003372563913555 ], [ 0.799179067208544, 13.01016332220042 ], [ 0.789913092263756, 13.026671166162251 ], [ 0.772609826730479, 13.024652991263398 ], [ 0.778595062260674, 12.993431896885394 ], [ 0.771298713213403, 12.981215496318962 ], [ 0.738169430123461, 12.993953099876519 ], [ 0.694851625050815, 12.983808063712033 ], [ 0.686160151418213, 13.007228331643052 ], [ 0.673832352729254, 13.004776775248841 ], [ 0.671509922793062, 12.983781468061164 ], [ 0.654488727820892, 12.980345670237353 ], [ 0.645116268649238, 13.004139512049703 ], [ 0.633223857843124, 13.006374552164711 ], [ 0.630847866084512, 12.996222768386913 ], [ 0.610541741756336, 12.99381396936006 ], [ 0.596509684622607, 12.972012036846884 ], [ 0.584224944573892, 12.977706092582968 ], [ 0.568845106764625, 13.029510869951547 ], [ 0.506798368798041, 13.057831470866548 ], [ 0.494859570960791, 13.074435695172056 ], [ 0.486488151655234, 13.116457089743758 ], [ 0.439820068889427, 13.131316676943946 ], [ 0.425461922078401, 13.176492951709216 ], [ 0.285945449870974, 13.228235907881704 ], [ 0.264504984565744, 13.229491774246846 ], [ 0.243554202812569, 13.263261703785462 ], [ 0.243069994333131, 13.281680158333501 ], [ 0.230977671430751, 13.287635561552785 ], [ 0.230261526896308, 13.301816612967176 ], [ 0.178442685030249, 13.336829457734149 ], [ 0.14936498085754, 13.38083662732935 ], [ 0.103709391723409, 13.493025634346409 ], [ 0.066616779289292, 13.485706618786288 ], [ 0.057711928011428, 13.507727530821752 ], [ 0.0682188531659, 13.543867626310767 ], [ 0.062101247323065, 13.577059650603253 ], [ 0.075268176433555, 13.595072885026484 ], [ 0.147645586822733, 13.640698114846984 ], [ 0.173307958144112, 13.677436660594273 ], [ 0.219316058137932, 13.681066188574604 ], [ 0.25067875976531, 13.734625086399479 ], [ 0.313462927420523, 13.757072243809866 ], [ 0.378767953226819, 13.743880482619039 ], [ 0.404087352797453, 13.754525815235047 ], [ 0.423401014093885, 13.782791504445235 ], [ 0.49005209387739, 13.786433139998273 ], [ 0.527131694920144, 13.846594505952549 ], [ 0.578170001692583, 13.812979697775694 ], [ 0.589420021365253, 13.787560462666081 ] ] ] } },
{ "type": "Feature", "properties": { "loc": "BF-A2-1301" }, "geometry": { "type": "Polygon", "coordinates": [ [ [ -3.037841391999924, 10.748051836000069 ], [ -3.054523560999983, 10.74548080900006 ], [ -3.077648246999926, 10.72276595200001 ], [ -3.141933137999936, 10.687398632000075 ], [ -3.169278724999975, 10.645085326000078 ], [ -3.230881418999926, 10.640903789000042 ], [ -3.285730444999918, 10.612315300000017 ], [ -3.322654107999929, 10.628902681000049 ], [ -3.353888796999966, 10.664095722000042 ], [ -3.415058323999959, 10.66387589200006 ], [ -3.484777112999976, 10.63521494700008 ], [ -3.546295229999946, 10.665184708 ], [ -3.622480935999911, 10.676211472000016 ], [ -3.703912105000013, 10.65216369100008 ], [ -3.71760752699995, 10.694935796000024 ], [ -3.76893179399998, 10.698467149000088 ], [ -3.78624836599995, 10.711889637000091 ], [ -3.791986665, 10.727818603000092 ], [ -3.776715601, 10.753151494000043 ], [ -3.718850129, 10.748769068000083 ], [ -3.674497421999928, 10.766720567 ], [ -3.685862938999912, 10.801676110000066 ], [ -3.707186630999965, 10.818005861000099 ], [ -3.712646993999941, 10.844762002000039 ], [ -3.734732615999975, 10.867770846999989 ], [ -3.717689406999975, 10.872269523000064 ], [ -3.71824218199997, 10.889152333000027 ], [ -3.70111476599993, 10.873926565000033 ], [ -3.688200940999914, 10.89607613700003 ], [ -3.676051526, 10.880674931000087 ], [ -3.671016403999944, 10.891673851000025 ], [ -3.646827075999931, 10.888913255000052 ], [ -3.648787693999972, 10.91963909 ], [ -3.659044998999922, 10.91098061 ], [ -3.665231391999929, 10.927706775000054 ], [ -3.656014838999938, 10.927057462000064 ], [ -3.646487391999892, 10.968714141 ], [ -3.634949256999926, 10.957244064000069 ], [ -3.618486586, 10.958127980000018 ], [ -3.612863715999898, 10.97865014200001 ], [ -3.604123290999956, 10.974353822000069 ], [ -3.606929371999962, 10.999389880000063 ], [ -3.59598097099994, 11.001612525000024 ], [ -3.578897706, 11.025894813 ], [ -3.584092149, 11.042839293 ], [ -3.595459699999976, 11.035854747000037 ], [ -3.602124075999919, 11.041704054000043 ], [ -3.594265936999969, 11.055644381 ], [ -3.571096263999946, 11.059480534000052 ], [ -3.577806893999897, 11.071505901 ], [ -3.558872517999917, 11.090397396000082 ], [ -3.552247721999963, 11.08721947400004 ], [ -3.560012807999941, 11.082453888 ], [ -3.552768851999916, 11.06591859400001 ], [ -3.54780405899991, 11.067648180000031 ], [ -3.546311302999944, 11.082401001000061 ], [ -3.497958400999918, 11.138065788000048 ], [ -3.496178546999912, 11.159281693000064 ], [ -3.484084631999968, 11.163013875000047 ], [ -3.471600459999974, 11.151596949000073 ], [ -3.457060285999952, 11.151809369000063 ], [ -3.444537393999953, 11.165899028000112 ], [ -3.421622357999949, 11.075647438000022 ], [ -3.410666333999918, 11.081981870000021 ], [ -3.380389380999899, 11.073350805000068 ], [ -3.373111798999934, 11.083036757000084 ], [ -3.361063620999955, 11.082591308000087 ], [ -3.358211902999903, 11.09471680999998 ], [ -3.352461531999912, 11.097099850000067 ], [ -3.34797984099991, 11.083748461 ], [ -3.331589151999898, 11.087517850000037 ], [ -3.327479703999964, 11.082181949000056 ], [ -3.335257219, 11.078021156000048 ], [ -3.330576501999955, 11.05715876000006 ], [ -3.300863457999964, 11.066961688000074 ], [ -3.282310954999962, 11.051169730000041 ], [ -3.266744376999925, 11.062025236000103 ], [ -3.255883632999962, 11.042442107000092 ], [ -3.234560951999904, 11.051943068000078 ], [ -3.234587567999975, 11.030325776000069 ], [ -3.196223846999918, 11.007968075000083 ], [ -3.198420172999922, 10.983036904000063 ], [ -3.173151277999936, 10.988777180000017 ], [ -3.151617793999934, 10.979961717 ], [ -3.153674541999935, 10.956961740000068 ], [ -3.170855582999971, 10.944128175000031 ], [ -3.135262233999897, 10.901946452000086 ], [ -3.149577272999943, 10.889929283000097 ], [ -3.168864278999967, 10.902363898999987 ], [ -3.191460401999963, 10.878013078000023 ], [ -3.175197630999965, 10.857031493000033 ], [ -3.160899213999963, 10.861072961000026 ], [ -3.153768527999984, 10.854872365000087 ], [ -3.16501801999996, 10.83042940600005 ], [ -3.173206523999978, 10.831256974000045 ], [ -3.173462409999922, 10.798933205000047 ], [ -3.154910576999975, 10.798282831000058 ], [ -3.156565202999923, 10.813810745000094 ], [ -3.140680415999936, 10.825675220000061 ], [ -3.102734060999951, 10.803658688000059 ], [ -3.077517710999961, 10.820298204000053 ], [ -3.082644861999901, 10.801747352000099 ], [ -3.058585251999963, 10.797067978 ], [ -3.073108163999977, 10.782313878000036 ], [ -3.073836277999914, 10.767282314000035 ], [ -3.053859176, 10.76397626100005 ], [ -3.04194217599994, 10.771900791000075 ], [ -3.037841391999924, 10.748051836000069 ] ] ] } },
{ "type": "Feature", "properties": { "loc": "BF-A2-1302" }, "geometry": { "type": "Polygon", "coordinates": [ [ [ -3.145248934939257, 11.368994983636025 ], [ -3.111619376082202, 11.334637538695894 ], [ -3.058867164736724, 11.345999364783298 ], [ -3.031343022311492, 11.364948106374449 ], [ -3.009077806744247, 11.362454671250518 ], [ -2.882676763970342, 11.301714684189763 ], [ -2.850624608787527, 11.299773922033314 ], [ -2.879292492803161, 11.26505862785783 ], [ -2.880928242693107, 11.253157570969565 ], [ -2.804043595684255, 11.238673852720567 ], [ -2.786490109080131, 11.139324021390914 ], [ -2.729762576830318, 11.161526204375271 ], [ -2.733979357610127, 11.197614873931727 ], [ -2.710404208436332, 11.204339637268884 ], [ -2.692521079832829, 11.198117721759891 ], [ -2.607291806120817, 11.120639642709783 ], [ -2.610561770757975, 11.085508823977484 ], [ -2.623023661061969, 11.056765342950657 ], [ -2.677253500797285, 11.0548745965898 ], [ -2.684920358836353, 11.034172196793886 ], [ -2.70820909911949, 11.016677465596999 ], [ -2.718710231740664, 10.996526626307197 ], [ -2.83432507479123, 11.00415611301864 ], [ -2.844743012928565, 10.959872246311557 ], [ -2.823049068308717, 10.931039809743863 ], [ -2.825062990313613, 10.913298606749741 ], [ -2.840681075620005, 10.888424873413616 ], [ -2.869361161637161, 10.878501891553492 ], [ -2.869133948821542, 10.852750777830572 ], [ -2.882867098286818, 10.826988220234615 ], [ -2.893785000126516, 10.774140357895639 ], [ -2.945106417076348, 10.707576543826875 ], [ -2.958741609686399, 10.707180700933041 ], [ -2.968250056243962, 10.729294877161291 ], [ -2.958068949171528, 10.744062827042274 ], [ -2.971211140630497, 10.75141724081745 ], [ -2.99064709443672, 10.748108263589932 ], [ -2.988113054023086, 10.762081431317441 ], [ -2.996811384986289, 10.770637428379056 ], [ -3.027633109329393, 10.735454362633169 ], [ -3.038352736738271, 10.74138621080942 ], [ -3.040881049369794, 10.771258796960351 ], [ -3.07097266270708, 10.764370760806406 ], [ -3.074406351620692, 10.779401351395689 ], [ -3.058585251556975, 10.797067978109142 ], [ -3.082644861919703, 10.801747352163011 ], [ -3.077517710922482, 10.820298204003352 ], [ -3.102734060777145, 10.803658687602789 ], [ -3.140680415817398, 10.825675219939887 ], [ -3.156565203170451, 10.813810744774491 ], [ -3.154910577410081, 10.79828283089237 ], [ -3.171905880900544, 10.79642885421269 ], [ -3.173206523611037, 10.831256973734789 ], [ -3.165018020114398, 10.830429405896805 ], [ -3.15376852834377, 10.854872364872181 ], [ -3.160899214176255, 10.86107296105275 ], [ -3.175197630714947, 10.857031493213281 ], [ -3.191460402224644, 10.878013077645855 ], [ -3.168864279311902, 10.902363899278967 ], [ -3.149577273021594, 10.889929282714665 ], [ -3.135262234313524, 10.90194645197162 ], [ -3.17085558336734, 10.944128174979731 ], [ -3.157807584201511, 10.949615878574376 ], [ -3.150618944257733, 10.977692165165729 ], [ -3.173151278257747, 10.988777179927352 ], [ -3.198420172801595, 10.983036904434032 ], [ -3.196223846702025, 11.007968074771274 ], [ -3.234587568110641, 11.030325775718413 ], [ -3.234560951775365, 11.051943068422309 ], [ -3.255883632872221, 11.042442106922136 ], [ -3.266744377399958, 11.062025235680522 ], [ -3.282310954935483, 11.051169729703702 ], [ -3.3008634579311, 11.066961688135839 ], [ -3.33057650165309, 11.057158760372932 ], [ -3.335257219294097, 11.078021155856097 ], [ -3.32747970417387, 11.082181949341928 ], [ -3.331589151766802, 11.087517850073162 ], [ -3.347979841045689, 11.083748461326868 ], [ -3.352461532422645, 11.097099850382229 ], [ -3.361063620638443, 11.082591308146792 ], [ -3.37311179941887, 11.083036756745367 ], [ -3.380389381413683, 11.073350804700317 ], [ -3.4106663342328, 11.081981869971761 ], [ -3.420257181172834, 11.074790184024213 ], [ -3.431110240094366, 11.096167859563508 ], [ -3.436036422291917, 11.136573762373674 ], [ -3.445715925298575, 11.15082258759678 ], [ -3.438994654928244, 11.18267079182802 ], [ -3.407247512011931, 11.179315247704958 ], [ -3.386324320559807, 11.187482342840289 ], [ -3.348308413751155, 11.222511397887143 ], [ -3.323424097193192, 11.210693218022033 ], [ -3.314930712731069, 11.19421548066434 ], [ -3.303562466383578, 11.205383892257261 ], [ -3.290197543430746, 11.202815172186886 ], [ -3.28697859643394, 11.261871951234001 ], [ -3.253290481819142, 11.293022224900199 ], [ -3.222590542768196, 11.345249803240266 ], [ -3.196375758383404, 11.357092006695192 ], [ -3.165169205143564, 11.357218533213176 ], [ -3.145248934939257, 11.368994983636025 ] ] ] } },
{ "type": "Feature", "properties": { "loc": "BF-A2-1303" }, "geometry": { "type": "Polygon", "coordinates": [ [ [ -2.924580816715431, 10.195092573988653 ], [ -2.858451359007125, 10.197503584448418 ], [ -2.856851966908858, 10.18070730092675 ], [ -2.831760996936572, 10.168946595834285 ], [ -2.799171923109876, 10.176761906762142 ], [ -2.789744139444592, 10.135372161821365 ], [ -2.796423912397751, 10.106062889416368 ], [ -2.791757107268798, 10.051660538128885 ], [ -2.752748012574833, 9.956466675422288 ], [ -2.770096064346006, 9.913877486682219 ], [ -2.770882130270208, 9.892487526403775 ], [ -2.765614033025316, 9.869591713412399 ], [ -2.735683918142421, 9.828265189912139 ], [ -2.76848697665676, 9.795071601698615 ], [ -2.795241116848176, 9.747727394229415 ], [ -2.795654057652751, 9.70520114903935 ], [ -2.788223982115195, 9.691079139915928 ], [ -2.762898922211603, 9.673812866196371 ], [ -2.754236937348892, 9.642015456573617 ], [ -2.776854037847681, 9.597274780132551 ], [ -2.771414994770305, 9.564274788076563 ], [ -2.713726997367147, 9.522735595596814 ], [ -2.68992590881775, 9.488792418860596 ], [ -2.763181925369673, 9.401107788219406 ], [ -2.798727035688259, 9.419261932018102 ], [ -2.90122699699243, 9.531002998415198 ], [ -2.966126918686461, 9.646689414910124 ], [ -3.006691933150307, 9.737350464278059 ], [ -3.017246007961011, 9.743342399757497 ], [ -3.048254966657498, 9.718810081445657 ], [ -3.066192864872928, 9.723271369903353 ], [ -3.0915529731553, 9.761137962272695 ], [ -3.094959736366852, 9.790948868421095 ], [ -3.120558738758899, 9.839612961394607 ], [ -3.137202024218156, 9.848234177291003 ], [ -3.184155941207833, 9.842894554265822 ], [ -3.192946911335003, 9.852825165074863 ], [ -3.195468902631863, 9.927479744320298 ], [ -3.232839264384656, 9.945046591252739 ], [ -3.248196341252259, 9.973507783183202 ], [ -3.278372212971364, 9.967378927720892 ], [ -3.290590368115109, 9.979732360685452 ], [ -3.278409256945764, 10.000237605706493 ], [ -3.294976248419242, 10.027338697148709 ], [ -3.292418475796134, 10.04463399109137 ], [ -3.278125468679549, 10.052659696613263 ], [ -3.269805701935709, 10.078280525551367 ], [ -3.227278946830045, 10.082861894186621 ], [ -3.218500039309479, 10.097917852852182 ], [ -3.223540317595693, 10.114140272680993 ], [ -3.248877076779782, 10.124025779791459 ], [ -3.266198780213649, 10.142490008032999 ], [ -3.266463499255199, 10.175565250861192 ], [ -3.164185601248611, 10.1725302637862 ], [ -3.108865123990392, 10.182022908356091 ], [ -3.095474324844329, 10.159126420873179 ], [ -3.10000793228436, 10.147909882060963 ], [ -3.090644638103678, 10.124984747573595 ], [ -3.071267844399612, 10.092320647805206 ], [ -3.024727287298583, 10.071325953955165 ], [ -3.010005772112805, 10.055390196625828 ], [ -2.984671860182314, 10.055896489756751 ], [ -2.965271283906739, 10.0426447213024 ], [ -2.947040921665315, 10.08179623623287 ], [ -2.951281535378667, 10.104001256578282 ], [ -2.97867099983089, 10.132503507056759 ], [ -2.975009837298265, 10.142180893059322 ], [ -2.937716301929902, 10.16120559768574 ], [ -2.924580816715431, 10.195092573988653 ] ] ] } },
{ "type": "Feature", "properties": { "loc": "BF-A2-1304" }, "geometry": { "type": "Polygon", "coordinates": [ [ [ -2.990647094436089, 10.748108263808412 ], [ -2.962824386984101, 10.748259931773516 ], [ -2.956606268412786, 10.739242077083274 ], [ -2.96825005624333, 10.729294877379772 ], [ -2.958741609685767, 10.70718070115152 ], [ -2.942857318758483, 10.708709102566115 ], [ -2.912073134815548, 10.691731452767415 ], [ -2.916723967085642, 10.665895461929109 ], [ -2.945596933399986, 10.629519462576221 ], [ -2.869884968164978, 10.451954841965469 ], [ -2.82857990338806, 10.428754807211668 ], [ -2.776345015358401, 10.417691231388302 ], [ -2.791357993624735, 10.399502754171852 ], [ -2.834779023781152, 10.38519382455844 ], [ -2.854033946757466, 10.318419455816317 ], [ -2.839440107423248, 10.294299125927004 ], [ -2.777117014087159, 10.262719154388549 ], [ -2.764050006850565, 10.245697974704854 ], [ -2.764001131395327, 10.229606628366289 ], [ -2.794024943944237, 10.194151878329604 ], [ -2.79917192319393, 10.176761907359221 ], [ -2.839391758970729, 10.171464789891225 ], [ -2.856851966992912, 10.180707300624508 ], [ -2.861061999260087, 10.198770930357234 ], [ -2.924580816799485, 10.195092573686411 ], [ -2.937716302013956, 10.161205598282818 ], [ -2.973083572297253, 10.144034869436759 ], [ -2.979072577785466, 10.133480342267067 ], [ -2.951281534563399, 10.104001257175362 ], [ -2.947040921749369, 10.081796235930627 ], [ -2.965271283990793, 10.042644721000158 ], [ -2.984671860266368, 10.055896490353831 ], [ -3.010005772196859, 10.055390197222907 ], [ -3.024727287382636, 10.071325953652922 ], [ -3.071267843584343, 10.092320648402286 ], [ -3.090644638187731, 10.124984748170675 ], [ -3.100007932368413, 10.14790988175872 ], [ -3.095474324928382, 10.159126420570937 ], [ -3.108865124074446, 10.182022908053847 ], [ -3.164185601332665, 10.172530264383278 ], [ -3.266463499339253, 10.17556525055895 ], [ -3.266198780297702, 10.142490007730757 ], [ -3.248877076863836, 10.124025780388537 ], [ -3.223540317679746, 10.114140273278073 ], [ -3.218500039393533, 10.09791785344926 ], [ -3.227278946914098, 10.082861893884379 ], [ -3.269805702019762, 10.078280526148447 ], [ -3.278125468763602, 10.052659697210341 ], [ -3.292418475880187, 10.044633990789128 ], [ -3.294976247603973, 10.027338696846467 ], [ -3.278409257029817, 10.000237606303571 ], [ -3.290590368199163, 9.979732361282531 ], [ -3.278372213055417, 9.967378928317972 ], [ -3.248196341336313, 9.97350778288096 ], [ -3.232839263569387, 9.945046590950495 ], [ -3.197655758954342, 9.927434405596426 ], [ -3.214313983951428, 9.920918464838365 ], [ -3.225028992442277, 9.899110793751214 ], [ -3.239794015929321, 9.895157813805147 ], [ -3.281157016831092, 9.851627349645554 ], [ -3.318525076319446, 9.859146118121938 ], [ -3.310117006043224, 9.888287543758222 ], [ -3.315274954323912, 9.901510238929466 ], [ -3.349600791691413, 9.891123771667813 ], [ -3.397238969551033, 9.916536331109876 ], [ -3.420782089370157, 9.911430359146841 ], [ -3.46978998237002, 9.925075530634315 ], [ -3.599318027253385, 9.919691086297679 ], [ -3.641695022755325, 9.957134247270778 ], [ -3.673774957996144, 9.94009017894169 ], [ -3.708623886031744, 9.942520141714253 ], [ -3.751976012830957, 9.931648253687042 ], [ -3.78862380978922, 9.911958693761791 ], [ -3.809170008137595, 9.888268470936268 ], [ -3.895331276265617, 9.900059525449823 ], [ -3.889338472940403, 9.944470462764729 ], [ -3.922469112207991, 9.980193095657922 ], [ -3.954200520585786, 9.990404278757543 ], [ -3.96570007964319, 10.016660270078486 ], [ -4.000208522553502, 10.040676643735203 ], [ -3.995147126387002, 10.0660402000183 ], [ -3.970591679310781, 10.111791015665924 ], [ -3.922715970713707, 10.109170383129761 ], [ -3.902617380236138, 10.09859092585363 ], [ -3.871722021202546, 10.104217747374225 ], [ -3.823167613143061, 10.132260363348173 ], [ -3.799699300730374, 10.131486273695659 ], [ -3.789453418188928, 10.174134038877876 ], [ -3.763839360246508, 10.201316977619506 ], [ -3.756538080216458, 10.225444589319425 ], [ -3.738660224338112, 10.236826490972865 ], [ -3.738670203215535, 10.272657822223801 ], [ -3.759391086777462, 10.303883078664233 ], [ -3.755564782636839, 10.326926313022012 ], [ -3.782073057174079, 10.347138978004516 ], [ -3.718224300859027, 10.405122266902179 ], [ -3.713432356866006, 10.447068639129476 ], [ -3.692944153098416, 10.478242266390566 ], [ -3.688158025920389, 10.512193706997063 ], [ -3.706973880988047, 10.528087287021762 ], [ -3.700864440090068, 10.558379046279047 ], [ -3.710524979092741, 10.578126854393899 ], [ -3.702712848167638, 10.595481002669223 ], [ -3.711908416088761, 10.615148289984679 ], [ -3.703912104907944, 10.65216369112453 ], [ -3.622480936194479, 10.676211471805063 ], [ -3.546295229689328, 10.66518470793101 ], [ -3.484777113221427, 10.635214947335035 ], [ -3.41505832363096, 10.663875892181762 ], [ -3.353888796978627, 10.664095721563383 ], [ -3.322654108448575, 10.628902681436683 ], [ -3.285730445352001, 10.612315299634455 ], [ -3.230881418790674, 10.640903788801896 ], [ -3.169278724681628, 10.64508532605004 ], [ -3.141933138152034, 10.68739863156468 ], [ -3.077648246617517, 10.722765952210011 ], [ -3.054523560662024, 10.745480809015207 ], [ -3.037841392114784, 10.748051835846631 ], [ -3.027633109328762, 10.735454362851648 ], [ -2.996811384985658, 10.770637427698214 ], [ -2.988113054022454, 10.762081430636599 ], [ -2.990647094436089, 10.748108263808412 ] ] ] } }
]
}
