{
"type": "FeatureCollection",
"name": "regions_DE",
"crs": { "type": "name", "properties": { "name": "urn:ogc:def:crs:OGC:1.3:CRS84" } },
"features": [
{ "type": "Feature", "properties": { "loc": "DEB3K" }, "geometry": { "type": "Polygon", "coordinates": [ [ [ 7.851685, 49.332148 ], [ 7.87207, 49.28311 ], [ 7.833887, 49.268158 ], [ 7.829189, 49.251949 ], [ 7.876054, 49.248709 ], [ 7.871458, 49.234535 ], [ 7.900393, 49.230289 ], [ 7.913303, 49.20649 ], [ 7.909226, 49.163207 ], [ 7.889957, 49.144743 ], [ 7.862818, 49.152896 ], [ 7.854128, 49.135892 ], [ 7.8663, 49.116645 ], [ 7.910413, 49.11172 ], [ 7.884096, 49.056717 ], [ 7.910655, 49.045163 ], [ 7.862137, 49.034565 ], [ 7.799565, 49.063333 ], [ 7.759334, 49.047026 ], [ 7.635651, 49.05395 ], [ 7.622792, 49.074815 ], [ 7.531273, 49.096425 ], [ 7.493642, 49.136185 ], [ 7.50266, 49.152087 ], [ 7.489664, 49.167419 ], [ 7.426301, 49.181212 ], [ 7.362841, 49.159208 ], [ 7.320341, 49.189499 ], [ 7.414807, 49.224621 ], [ 7.407889, 49.246216 ], [ 7.441216, 49.272797 ], [ 7.389911, 49.323116 ], [ 7.402076, 49.367718 ], [ 7.525345, 49.339317 ], [ 7.599081, 49.375247 ], [ 7.628131, 49.346128 ], [ 7.671746, 49.335242 ], [ 7.757225, 49.343004 ], [ 7.776289, 49.311898 ], [ 7.851685, 49.332148 ] ], [ [ 7.514566, 49.200446 ], [ 7.560967, 49.166697 ], [ 7.58991, 49.170787 ], [ 7.589118, 49.146317 ], [ 7.635564, 49.163035 ], [ 7.668577, 49.22399 ], [ 7.616309, 49.21874 ], [ 7.570673, 49.234903 ], [ 7.514566, 49.200446 ] ] ] } },
{ "type": "Feature", "properties": { "loc": "DEC01" }, "geometry": { "type": "Polygon", "coordinates": [ [ [ 6.944278, 49.377668 ], [ 6.967128, 49.358115 ], [ 7.017661, 49.358199 ], [ 7.065923, 49.33149 ], [ 7.082038, 49.344869 ], [ 7.108368, 49.3369 ], [ 7.117022, 49.309522 ], [ 7.064191, 49.267038 ], [ 7.126635, 49.24402 ], [ 7.127836, 49.21228 ], [ 7.109504, 49.18536 ], [ 7.122609, 49.174265 ], [ 7.08477, 49.149854 ], [ 7.085021, 49.130186 ], [ 7.053806, 49.114535 ], [ 7.030303, 49.190098 ], [ 6.929308, 49.22229 ], [ 6.842584, 49.214349 ], [ 6.857496, 49.180231 ], [ 6.837961, 49.153687 ], [ 6.74046, 49.165181 ], [ 6.71423, 49.185777 ], [ 6.723466, 49.218829 ], [ 6.771526, 49.22581 ], [ 6.831686, 49.25871 ], [ 6.828411, 49.272489 ], [ 6.853569, 49.274295 ], [ 6.876555, 49.300196 ], [ 6.876404, 49.343596 ], [ 6.944278, 49.377668 ] ] ] } },
{ "type": "Feature", "properties": { "loc": "DEC02" }, "geometry": { "type": "Polygon", "coordinates": [ [ [ 6.380053, 49.551105 ], [ 6.496038, 49.53189 ], [ 6.564768, 49.538346 ], [ 6.598417, 49.518947 ], [ 6.629861, 49.539648 ], [ 6.691636, 49.539063 ], [ 6.891454, 49.613422 ], [ 6.902852, 49.593884 ], [ 6.955368, 49.587297 ], [ 6.953987, 49.514726 ], [ 6.809374, 49.469166 ], [ 6.792929, 49.411967 ], [ 6.70548, 49.375219 ], [ 6.644974, 49.408616 ], [ 6.593403, 49.398938 ], [ 6.429201, 49.47428 ], [ 6.367108, 49.469507 ], [ 6.357295, 49.529599 ], [ 6.380053, 49.551105 ] ] ] } },
{ "type": "Feature", "properties": { "loc": "DEC03" }, "geometry": { "type": "Polygon", "coordinates": [ [ [ 6.967128, 49.358115 ], [ 6.922443, 49.417563 ], [ 6.98932, 49.436756 ], [ 7.067241, 49.410378 ], [ 7.210324, 49.437836 ], [ 7.292602, 49.408222 ], [ 7.224808, 49.370347 ], [ 7.239285, 49.336392 ], [ 7.262523, 49.32347 ], [ 7.187666, 49.289293 ], [ 7.183665, 49.303901 ], [ 7.117022, 49.309522 ], [ 7.108368, 49.3369 ], [ 7.082038, 49.344869 ], [ 7.065923, 49.33149 ], [ 7.017661, 49.358199 ], [ 6.967128, 49.358115 ] ] ] } },
{ "type": "Feature", "properties": { "loc": "DEC04" }, "geometry": { "type": "Polygon", "coordinates": [ [ [ 6.771526, 49.22581 ], [ 6.693243, 49.221812 ], [ 6.665246, 49.279027 ], [ 6.568208, 49.348147 ], [ 6.596435, 49.364949 ], [ 6.541928, 49.411651 ], [ 6.556986, 49.419208 ], [ 6.593403, 49.398938 ], [ 6.644974, 49.408616 ], [ 6.70548, 49.375219 ], [ 6.792929, 49.411967 ], [ 6.809374, 49.469166 ], [ 6.910182, 49.501703 ], [ 6.923365, 49.471824 ], [ 6.967014, 49.483782 ], [ 6.98932, 49.436756 ], [ 6.922443, 49.417563 ], [ 6.944278, 49.377668 ], [ 6.876404, 49.343596 ], [ 6.876555, 49.300196 ], [ 6.853569, 49.274295 ], [ 6.828411, 49.272489 ], [ 6.831686, 49.25871 ], [ 6.771526, 49.22581 ] ] ] } },
{ "type": "Feature", "properties": { "loc": "DE115" }, "geometry": { "type": "MultiPolygon", "coordinates": [ [ [ [ 9.416236, 49.047377 ], [ 9.399536, 49.043984 ], [ 9.388749, 49.058076 ], [ 9.409245, 49.061606 ], [ 9.416236, 49.047377 ] ] ], [ [ [ 9.064848, 48.755577 ], [ 9.034776, 48.798014 ], [ 9.039519, 48.821005 ], [ 8.966558, 48.832008 ], [ 8.928801, 48.866557 ], [ 8.911334, 48.907299 ], [ 8.921503, 48.918718 ], [ 8.904843, 48.935272 ], [ 8.941913, 48.941255 ], [ 8.945125, 48.956715 ], [ 8.927135, 48.996273 ], [ 8.876032, 49.03517 ], [ 8.975346, 49.040075 ], [ 9.003545, 49.023645 ], [ 9.050872, 49.025493 ], [ 9.11483, 49.063455 ], [ 9.238484, 49.022125 ], [ 9.285632, 49.03986 ], [ 9.399395, 49.038172 ], [ 9.334266, 48.997248 ], [ 9.365503, 48.968903 ], [ 9.31005, 48.949282 ], [ 9.354823, 48.929357 ], [ 9.362429, 48.909795 ], [ 9.315737, 48.902762 ], [ 9.295454, 48.866576 ], [ 9.24417, 48.847008 ], [ 9.221062, 48.864791 ], [ 9.189012, 48.849015 ], [ 9.149703, 48.859347 ], [ 9.13095, 48.82715 ], [ 9.089813, 48.833505 ], [ 9.084104, 48.775183 ], [ 9.064848, 48.755577 ] ] ], [ [ [ 9.36349, 48.902345 ], [ 9.36349, 48.91576 ], [ 9.37608, 48.920032 ], [ 9.380124, 48.910286 ], [ 9.36349, 48.902345 ] ] ] ] } },
{ "type": "Feature", "properties": { "loc": "DE116" }, "geometry": { "type": "Polygon", "coordinates": [ [ [ 9.24417, 48.847008 ], [ 9.295454, 48.866576 ], [ 9.315737, 48.902762 ], [ 9.362429, 48.909795 ], [ 9.354823, 48.929357 ], [ 9.31005, 48.949282 ], [ 9.365503, 48.968903 ], [ 9.334266, 48.997248 ], [ 9.451832, 49.07092 ], [ 9.500877, 49.079 ], [ 9.542169, 49.057382 ], [ 9.600218, 49.05336 ], [ 9.602778, 49.006121 ], [ 9.666082, 48.99183 ], [ 9.669147, 48.966379 ], [ 9.693309, 48.964017 ], [ 9.683091, 48.934472 ], [ 9.741298, 48.899193 ], [ 9.766236, 48.835945 ], [ 9.726896, 48.816674 ], [ 9.659843, 48.822956 ], [ 9.626598, 48.774377 ], [ 9.577747, 48.779477 ], [ 9.58106, 48.75474 ], [ 9.550882, 48.743582 ], [ 9.446049, 48.77608 ], [ 9.420284, 48.764163 ], [ 9.393242, 48.785171 ], [ 9.377888, 48.770639 ], [ 9.313649, 48.774483 ], [ 9.252841, 48.796018 ], [ 9.24417, 48.847008 ] ], [ [ 9.36349, 48.902345 ], [ 9.380124, 48.910286 ], [ 9.37608, 48.920032 ], [ 9.36349, 48.91576 ], [ 9.36349, 48.902345 ] ] ] } },
{ "type": "Feature", "properties": { "loc": "DE117" }, "geometry": { "type": "Polygon", "coordinates": [ [ [ 9.055611, 49.193207 ], [ 9.159685, 49.206605 ], [ 9.16459, 49.192409 ], [ 9.256746, 49.162816 ], [ 9.275919, 49.122137 ], [ 9.296417, 49.112935 ], [ 9.205002, 49.11233 ], [ 9.161392, 49.092868 ], [ 9.131518, 49.125418 ], [ 9.159604, 49.149655 ], [ 9.055611, 49.193207 ] ] ] } },
{ "type": "Feature", "properties": { "loc": "DE118" }, "geometry": { "type": "Polygon", "coordinates": [ [ [ 9.02905, 49.295097 ], [ 9.141498, 49.275498 ], [ 9.174359, 49.325637 ], [ 9.252693, 49.30422 ], [ 9.326297, 49.383215 ], [ 9.375087, 49.364239 ], [ 9.443492, 49.364337 ], [ 9.504667, 49.305898 ], [ 9.435119, 49.278262 ], [ 9.420214, 49.245648 ], [ 9.442626, 49.217164 ], [ 9.360134, 49.171758 ], [ 9.427815, 49.146576 ], [ 9.441619, 49.104479 ], [ 9.481057, 49.11356 ], [ 9.493147, 49.134168 ], [ 9.527491, 49.108551 ], [ 9.502315, 49.099906 ], [ 9.500877, 49.079 ], [ 9.451832, 49.07092 ], [ 9.435228, 49.052594 ], [ 9.388749, 49.058076 ], [ 9.399395, 49.038172 ], [ 9.285632, 49.03986 ], [ 9.238484, 49.022125 ], [ 9.11483, 49.063455 ], [ 9.050872, 49.025493 ], [ 9.003545, 49.023645 ], [ 8.975346, 49.040075 ], [ 8.876032, 49.03517 ], [ 8.873007, 49.075191 ], [ 8.891412, 49.086985 ], [ 8.889775, 49.110567 ], [ 8.870382, 49.127743 ], [ 8.832448, 49.128633 ], [ 8.83876, 49.150666 ], [ 8.818328, 49.162357 ], [ 8.818233, 49.194497 ], [ 8.888791, 49.181032 ], [ 8.891287, 49.201516 ], [ 8.956088, 49.21447 ], [ 9.036866, 49.275618 ], [ 9.02905, 49.295097 ] ], [ [ 9.055611, 49.193207 ], [ 9.159604, 49.149655 ], [ 9.131518, 49.125418 ], [ 9.161392, 49.092868 ], [ 9.205002, 49.11233 ], [ 9.296417, 49.112935 ], [ 9.275919, 49.122137 ], [ 9.256746, 49.162816 ], [ 9.16459, 49.192409 ], [ 9.159685, 49.206605 ], [ 9.055611, 49.193207 ] ] ] } },
{ "type": "Feature", "properties": { "loc": "DEG06" }, "geometry": { "type": "Polygon", "coordinates": [ [ [ 10.206942, 51.190649 ], [ 10.074357, 51.226466 ], [ 10.04828, 51.25715 ], [ 10.055057, 51.276218 ], [ 9.977919, 51.286016 ], [ 9.944707, 51.307334 ], [ 9.928339, 51.375299 ], [ 10.054546, 51.430974 ], [ 10.070626, 51.420777 ], [ 10.087461, 51.434355 ], [ 10.143364, 51.43208 ], [ 10.19932, 51.482887 ], [ 10.227765, 51.472101 ], [ 10.294368, 51.494812 ], [ 10.364996, 51.543249 ], [ 10.375929, 51.586412 ], [ 10.431483, 51.590872 ], [ 10.488551, 51.574778 ], [ 10.478271, 51.549926 ], [ 10.528452, 51.520427 ], [ 10.503683, 51.456269 ], [ 10.515789, 51.437626 ], [ 10.488418, 51.416543 ], [ 10.52317, 51.369735 ], [ 10.483566, 51.343304 ], [ 10.391804, 51.34122 ], [ 10.357925, 51.285344 ], [ 10.310623, 51.278233 ], [ 10.308902, 51.247488 ], [ 10.19431, 51.222725 ], [ 10.206942, 51.190649 ] ] ] } },
{ "type": "Feature", "properties": { "loc": "DEG07" }, "geometry": { "type": "Polygon", "coordinates": [ [ [ 10.52317, 51.369735 ], [ 10.488418, 51.416543 ], [ 10.515789, 51.437626 ], [ 10.503683, 51.456269 ], [ 10.528452, 51.520427 ], [ 10.478271, 51.549926 ], [ 10.488551, 51.574778 ], [ 10.517026, 51.55568 ], [ 10.607071, 51.578449 ], [ 10.65268, 51.561079 ], [ 10.662478, 51.576531 ], [ 10.64054, 51.586241 ], [ 10.644543, 51.620849 ], [ 10.677283, 51.638376 ], [ 10.767441, 51.646883 ], [ 10.916059, 51.616374 ], [ 10.931441, 51.596475 ], [ 10.891952, 51.594393 ], [ 10.886029, 51.581792 ], [ 10.900758, 51.553231 ], [ 10.936696, 51.540732 ], [ 10.942885, 51.501861 ], [ 10.969133, 51.482359 ], [ 10.978113, 51.426885 ], [ 10.949478, 51.409008 ], [ 10.912742, 51.401325 ], [ 10.818155, 51.41932 ], [ 10.761866, 51.391166 ], [ 10.709079, 51.398159 ], [ 10.615017, 51.380896 ], [ 10.558893, 51.395896 ], [ 10.52317, 51.369735 ] ] ] } },
{ "type": "Feature", "properties": { "loc": "DEG09" }, "geometry": { "type": "Polygon", "coordinates": [ [ [ 10.922569, 51.205329 ], [ 10.90748, 51.175975 ], [ 10.91369, 51.146825 ], [ 10.880281, 51.124338 ], [ 10.880309, 51.098252 ], [ 10.776341, 51.094688 ], [ 10.731421, 51.110414 ], [ 10.699225, 51.081713 ], [ 10.705844, 51.050799 ], [ 10.635999, 51.033534 ], [ 10.481067, 51.081947 ], [ 10.432519, 51.053014 ], [ 10.389, 51.079249 ], [ 10.391554, 51.093565 ], [ 10.337603, 51.148586 ], [ 10.210013, 51.144083 ], [ 10.205882, 51.159619 ], [ 10.232856, 51.182615 ], [ 10.189626, 51.214716 ], [ 10.308902, 51.247488 ], [ 10.310623, 51.278233 ], [ 10.357925, 51.285344 ], [ 10.391804, 51.34122 ], [ 10.483566, 51.343304 ], [ 10.51642, 51.307563 ], [ 10.566229, 51.324693 ], [ 10.610825, 51.315933 ], [ 10.675935, 51.277415 ], [ 10.715029, 51.21593 ], [ 10.765668, 51.207294 ], [ 10.851021, 51.220544 ], [ 10.922569, 51.205329 ] ] ] } },
{ "type": "Feature", "properties": { "loc": "DEG0A" }, "geometry": { "type": "Polygon", "coordinates": [ [ [ 10.483566, 51.343304 ], [ 10.558893, 51.395896 ], [ 10.615017, 51.380896 ], [ 10.709079, 51.398159 ], [ 10.761866, 51.391166 ], [ 10.818155, 51.41932 ], [ 10.912742, 51.401325 ], [ 10.978113, 51.426885 ], [ 11.068977, 51.428017 ], [ 11.151044, 51.402851 ], [ 11.318675, 51.408196 ], [ 11.344802, 51.387715 ], [ 11.391463, 51.382251 ], [ 11.395079, 51.352889 ], [ 11.473968, 51.295058 ], [ 11.41123, 51.241862 ], [ 11.322198, 51.290233 ], [ 11.309878, 51.281547 ], [ 11.324664, 51.263279 ], [ 11.304927, 51.24705 ], [ 11.257035, 51.261831 ], [ 11.217649, 51.237622 ], [ 11.156914, 51.256355 ], [ 11.152805, 51.279026 ], [ 11.071086, 51.318554 ], [ 11.001147, 51.260387 ], [ 10.999138, 51.225212 ], [ 10.967508, 51.203806 ], [ 10.851021, 51.220544 ], [ 10.765668, 51.207294 ], [ 10.715029, 51.21593 ], [ 10.675935, 51.277415 ], [ 10.610825, 51.315933 ], [ 10.566229, 51.324693 ], [ 10.51642, 51.307563 ], [ 10.483566, 51.343304 ] ] ] } },
{ "type": "Feature", "properties": { "loc": "DEG0B" }, "geometry": { "type": "Polygon", "coordinates": [ [ [ 10.733735, 50.66349 ], [ 10.701786, 50.661041 ], [ 10.689383, 50.627404 ], [ 10.639297, 50.644126 ], [ 10.59353, 50.614035 ], [ 10.555253, 50.610807 ], [ 10.582464, 50.585436 ], [ 10.529935, 50.552237 ], [ 10.578359, 50.53281 ], [ 10.554556, 50.493926 ], [ 10.580877, 50.441802 ], [ 10.493559, 50.448127 ], [ 10.477782, 50.415727 ], [ 10.424859, 50.393688 ], [ 10.390267, 50.399801 ], [ 10.398604, 50.424959 ], [ 10.340378, 50.466417 ], [ 10.332511, 50.490377 ], [ 10.23349, 50.513436 ], [ 10.199494, 50.55289 ], [ 10.140292, 50.544727 ], [ 10.109624, 50.56292 ], [ 10.041339, 50.516469 ], [ 10.05728, 50.556283 ], [ 10.040724, 50.613647 ], [ 10.055095, 50.624154 ], [ 10.094694, 50.638796 ], [ 10.141011, 50.618884 ], [ 10.205992, 50.61904 ], [ 10.211595, 50.646063 ], [ 10.182058, 50.673384 ], [ 10.185398, 50.715315 ], [ 10.219043, 50.735883 ], [ 10.208874, 50.772202 ], [ 10.260183, 50.765193 ], [ 10.374958, 50.78424 ], [ 10.41141, 50.850239 ], [ 10.534601, 50.82711 ], [ 10.541172, 50.78592 ], [ 10.56113, 50.779275 ], [ 10.583409, 50.737873 ], [ 10.691941, 50.716362 ], [ 10.724623, 50.73498 ], [ 10.752704, 50.718471 ], [ 10.733735, 50.66349 ] ] ] } },
{ "type": "Feature", "properties": { "loc": "DEG0C" }, "geometry": { "type": "Polygon", "coordinates": [ [ [ 10.752704, 50.718471 ], [ 10.724623, 50.73498 ], [ 10.691941, 50.716362 ], [ 10.583409, 50.737873 ], [ 10.56113, 50.779275 ], [ 10.541172, 50.78592 ], [ 10.534601, 50.82711 ], [ 10.41141, 50.850239 ], [ 10.408066, 50.868794 ], [ 10.440722, 50.906035 ], [ 10.474682, 50.913283 ], [ 10.49467, 50.900867 ], [ 10.508029, 50.96203 ], [ 10.486967, 50.99088 ], [ 10.614711, 51.039163 ], [ 10.705844, 51.050799 ], [ 10.710532, 51.101803 ], [ 10.880309, 51.098252 ], [ 10.888606, 51.073946 ], [ 10.859136, 51.019361 ], [ 10.887463, 50.991974 ], [ 10.867309, 50.966757 ], [ 10.90408, 50.943231 ], [ 10.938403, 50.944568 ], [ 10.958904, 50.919793 ], [ 10.838403, 50.848196 ], [ 10.851495, 50.830145 ], [ 10.825803, 50.819061 ], [ 10.822141, 50.781915 ], [ 10.769939, 50.762076 ], [ 10.752704, 50.718471 ] ] ] } },
{ "type": "Feature", "properties": { "loc": "DEG0D" }, "geometry": { "type": "Polygon", "coordinates": [ [ [ 10.862986, 51.026544 ], [ 10.888606, 51.073946 ], [ 10.880281, 51.124338 ], [ 10.91369, 51.146825 ], [ 10.90748, 51.175975 ], [ 10.922569, 51.205329 ], [ 10.967508, 51.203806 ], [ 10.999138, 51.225212 ], [ 11.001147, 51.260387 ], [ 11.071086, 51.318554 ], [ 11.152805, 51.279026 ], [ 11.156914, 51.256355 ], [ 11.217649, 51.237622 ], [ 11.257035, 51.261831 ], [ 11.304927, 51.24705 ], [ 11.324664, 51.263279 ], [ 11.309878, 51.281547 ], [ 11.322198, 51.290233 ], [ 11.385375, 51.245887 ], [ 11.369879, 51.222042 ], [ 11.395927, 51.205817 ], [ 11.438524, 51.209582 ], [ 11.467608, 51.189158 ], [ 11.475568, 51.155953 ], [ 11.455114, 51.142896 ], [ 11.484609, 51.105437 ], [ 11.436462, 51.091476 ], [ 11.413735, 51.106983 ], [ 11.202488, 51.103418 ], [ 11.193668, 51.078054 ], [ 11.210131, 51.032357 ], [ 11.129062, 51.012284 ], [ 11.08838, 51.064082 ], [ 11.055084, 51.079637 ], [ 11.0135, 51.060299 ], [ 10.98177, 51.065767 ], [ 10.982291, 51.044314 ], [ 10.923456, 51.016985 ], [ 10.862986, 51.026544 ] ] ] } },
{ "type": "Feature", "properties": { "loc": "DEG0E" }, "geometry": { "type": "Polygon", "coordinates": [ [ [ 10.450532, 50.401859 ], [ 10.477782, 50.415727 ], [ 10.493559, 50.448127 ], [ 10.580877, 50.441802 ], [ 10.554556, 50.493926 ], [ 10.578359, 50.53281 ], [ 10.529935, 50.552237 ], [ 10.553426, 50.573089 ], [ 10.603312, 50.586043 ], [ 10.672882, 50.563861 ], [ 10.749127, 50.614134 ], [ 10.796124, 50.581111 ], [ 10.860731, 50.567178 ], [ 10.894137, 50.60542 ], [ 10.938367, 50.552455 ], [ 10.968655, 50.552752 ], [ 10.992608, 50.528619 ], [ 10.97972, 50.500955 ], [ 10.990746, 50.482229 ], [ 11.035343, 50.468189 ], [ 10.944344, 50.41394 ], [ 10.955469, 50.396818 ], [ 10.945719, 50.386466 ], [ 10.831619, 50.391159 ], [ 10.718084, 50.361141 ], [ 10.719605, 50.321652 ], [ 10.850611, 50.260028 ], [ 10.825033, 50.238591 ], [ 10.733484, 50.249983 ], [ 10.717691, 50.206949 ], [ 10.610115, 50.227995 ], [ 10.597264, 50.331909 ], [ 10.561588, 50.339107 ], [ 10.541522, 50.363105 ], [ 10.495219, 50.356393 ], [ 10.450532, 50.401859 ] ] ] } },
{ "type": "Feature", "properties": { "loc": "DEG0F" }, "geometry": { "type": "Polygon", "coordinates": [ [ [ 10.733735, 50.66349 ], [ 10.769939, 50.762076 ], [ 10.822141, 50.781915 ], [ 10.825803, 50.819061 ], [ 10.851495, 50.830145 ], [ 10.838403, 50.848196 ], [ 10.90255, 50.896728 ], [ 11.11026, 50.913112 ], [ 11.131819, 50.878405 ], [ 11.169518, 50.856706 ], [ 11.162604, 50.830877 ], [ 11.221886, 50.803886 ], [ 11.179002, 50.774312 ], [ 11.183616, 50.734374 ], [ 11.10579, 50.729763 ], [ 11.088802, 50.6983 ], [ 11.068083, 50.715191 ], [ 11.053424, 50.689445 ], [ 11.019394, 50.683147 ], [ 11.053854, 50.67443 ], [ 11.062706, 50.627063 ], [ 11.082973, 50.610377 ], [ 11.066745, 50.565675 ], [ 11.04195, 50.551298 ], [ 10.938367, 50.552455 ], [ 10.894137, 50.60542 ], [ 10.860731, 50.567178 ], [ 10.8323, 50.569626 ], [ 10.824538, 50.597186 ], [ 10.78487, 50.612003 ], [ 10.770296, 50.650608 ], [ 10.733735, 50.66349 ] ] ] } },
{ "type": "Feature", "properties": { "loc": "DEG0G" }, "geometry": { "type": "Polygon", "coordinates": [ [ [ 11.504811, 50.906242 ], [ 11.44336, 50.862867 ], [ 11.456522, 50.834995 ], [ 11.423872, 50.808599 ], [ 11.372026, 50.816241 ], [ 11.3294, 50.79454 ], [ 11.259388, 50.83312 ], [ 11.251541, 50.813747 ], [ 11.221886, 50.803886 ], [ 11.162604, 50.830877 ], [ 11.169518, 50.856706 ], [ 11.131819, 50.878405 ], [ 11.11026, 50.913112 ], [ 11.111645, 50.925556 ], [ 11.150872, 50.92784 ], [ 11.13569, 50.966443 ], [ 11.171501, 50.987788 ], [ 11.170665, 51.018729 ], [ 11.210131, 51.032357 ], [ 11.193668, 51.078054 ], [ 11.202488, 51.103418 ], [ 11.413735, 51.106983 ], [ 11.436462, 51.091476 ], [ 11.577511, 51.117729 ], [ 11.620626, 51.103087 ], [ 11.66482, 51.108652 ], [ 11.696939, 51.087491 ], [ 11.667531, 51.032743 ], [ 11.505136, 50.960395 ], [ 11.51922, 50.940806 ], [ 11.504811, 50.906242 ] ], [ [ 11.236437, 51.018916 ], [ 11.267053, 51.003091 ], [ 11.2832, 50.944195 ], [ 11.267986, 50.940349 ], [ 11.292855, 50.917936 ], [ 11.401886, 50.964075 ], [ 11.388461, 50.968269 ], [ 11.391259, 50.995325 ], [ 11.369213, 50.985001 ], [ 11.348692, 51.006092 ], [ 11.363086, 51.014875 ], [ 11.351929, 51.021592 ], [ 11.249534, 51.036025 ], [ 11.236437, 51.018916 ] ] ] } },
{ "type": "Feature", "properties": { "loc": "DEG0H" }, "geometry": { "type": "Polygon", "coordinates": [ [ [ 11.276912, 50.491961 ], [ 11.247646, 50.469631 ], [ 11.281069, 50.362931 ], [ 11.259661, 50.330485 ], [ 11.258599, 50.277987 ], [ 11.244339, 50.270289 ], [ 11.200926, 50.288542 ], [ 11.189943, 50.271185 ], [ 11.140355, 50.292652 ], [ 11.13517, 50.310504 ], [ 11.156536, 50.329758 ], [ 11.111722, 50.365664 ], [ 11.045794, 50.347082 ], [ 11.000221, 50.364169 ], [ 10.988307, 50.34893 ], [ 10.945719, 50.386466 ], [ 10.955469, 50.396818 ], [ 10.944344, 50.41394 ], [ 11.035343, 50.468189 ], [ 10.990746, 50.482229 ], [ 10.97972, 50.500955 ], [ 10.992608, 50.528619 ], [ 11.081978, 50.512133 ], [ 11.1004, 50.532907 ], [ 11.1526, 50.542487 ], [ 11.156914, 50.499766 ], [ 11.249746, 50.504472 ], [ 11.276912, 50.491961 ] ] ] } },
{ "type": "Feature", "properties": { "loc": "DEG0I" }, "geometry": { "type": "Polygon", "coordinates": [ [ [ 11.481568, 50.431621 ], [ 11.422923, 50.444986 ], [ 11.422255, 50.49074 ], [ 11.438124, 50.500412 ], [ 11.419404, 50.51539 ], [ 11.350922, 50.520913 ], [ 11.316493, 50.490216 ], [ 11.265938, 50.479421 ], [ 11.276912, 50.491961 ], [ 11.249746, 50.504472 ], [ 11.156914, 50.499766 ], [ 11.1526, 50.542487 ], [ 11.1004, 50.532907 ], [ 11.081978, 50.512133 ], [ 10.992608, 50.528619 ], [ 10.968655, 50.552752 ], [ 11.04195, 50.551298 ], [ 11.066745, 50.565675 ], [ 11.082973, 50.610377 ], [ 11.062706, 50.627063 ], [ 11.053854, 50.67443 ], [ 11.019394, 50.683147 ], [ 11.053424, 50.689445 ], [ 11.068083, 50.715191 ], [ 11.088802, 50.6983 ], [ 11.10579, 50.729763 ], [ 11.183616, 50.734374 ], [ 11.179002, 50.774312 ], [ 11.251541, 50.813747 ], [ 11.259388, 50.83312 ], [ 11.3294, 50.79454 ], [ 11.372026, 50.816241 ], [ 11.423872, 50.808599 ], [ 11.54471, 50.750794 ], [ 11.464792, 50.699633 ], [ 11.499188, 50.679393 ], [ 11.534162, 50.608596 ], [ 11.62882, 50.609391 ], [ 11.631188, 50.594129 ], [ 11.570401, 50.552066 ], [ 11.492512, 50.54159 ], [ 11.481568, 50.431621 ] ] ] } },
{ "type": "Feature", "properties": { "loc": "DEC05" }, "geometry": { "type": "Polygon", "coordinates": [ [ [ 7.117022, 49.309522 ], [ 7.183665, 49.303901 ], [ 7.187666, 49.289293 ], [ 7.239836, 49.304337 ], [ 7.262523, 49.32347 ], [ 7.239285, 49.336392 ], [ 7.224808, 49.370347 ], [ 7.292602, 49.408222 ], [ 7.29557, 49.389729 ], [ 7.371241, 49.36589 ], [ 7.395899, 49.372046 ], [ 7.394494, 49.316352 ], [ 7.374726, 49.284185 ], [ 7.345713, 49.28031 ], [ 7.292229, 49.237296 ], [ 7.300041, 49.206806 ], [ 7.368756, 49.161458 ], [ 7.290348, 49.116583 ], [ 7.153597, 49.122953 ], [ 7.106916, 49.140309 ], [ 7.126635, 49.24402 ], [ 7.064191, 49.267038 ], [ 7.117022, 49.309522 ] ] ] } },
{ "type": "Feature", "properties": { "loc": "DEC06" }, "geometry": { "type": "Polygon", "coordinates": [ [ [ 7.02798, 49.639438 ], [ 7.088845, 49.602666 ], [ 7.169859, 49.597371 ], [ 7.219378, 49.566603 ], [ 7.261866, 49.57843 ], [ 7.280358, 49.538795 ], [ 7.304946, 49.526368 ], [ 7.282245, 49.48744 ], [ 7.302169, 49.472469 ], [ 7.252142, 49.445989 ], [ 7.252589, 49.431465 ], [ 7.210324, 49.437836 ], [ 7.150282, 49.417755 ], [ 7.117198, 49.428569 ], [ 7.067241, 49.410378 ], [ 6.98932, 49.436756 ], [ 6.967014, 49.483782 ], [ 6.923365, 49.471824 ], [ 6.910182, 49.501703 ], [ 6.953987, 49.514726 ], [ 6.955368, 49.587297 ], [ 6.902852, 49.593884 ], [ 6.891454, 49.613422 ], [ 6.941082, 49.633106 ], [ 7.02798, 49.639438 ] ] ] } },
{ "type": "Feature", "properties": { "loc": "DED21" }, "geometry": { "type": "Polygon", "coordinates": [ [ [ 13.580317, 51.064619 ], [ 13.614601, 51.099884 ], [ 13.691295, 51.092377 ], [ 13.717802, 51.136382 ], [ 13.762825, 51.141303 ], [ 13.749686, 51.16942 ], [ 13.766156, 51.17521 ], [ 13.829168, 51.148278 ], [ 13.877381, 51.1533 ], [ 13.87337, 51.129509 ], [ 13.906681, 51.095377 ], [ 13.894898, 51.072743 ], [ 13.965602, 51.061595 ], [ 13.95963, 51.032427 ], [ 13.90075, 50.995484 ], [ 13.816313, 50.97644 ], [ 13.73489, 51.007817 ], [ 13.689802, 51.004728 ], [ 13.663854, 51.033931 ], [ 13.607494, 51.03409 ], [ 13.580317, 51.064619 ] ] ] } },
{ "type": "Feature", "properties": { "loc": "DED2C" }, "geometry": { "type": "Polygon", "coordinates": [ [ [ 13.766156, 51.17521 ], [ 13.791151, 51.195633 ], [ 13.77378, 51.214337 ], [ 13.807171, 51.229674 ], [ 13.801496, 51.246432 ], [ 13.818582, 51.265226 ], [ 13.802325, 51.304371 ], [ 13.829038, 51.338298 ], [ 13.85372, 51.340962 ], [ 13.835313, 51.37679 ], [ 13.956693, 51.39504 ], [ 13.997422, 51.374459 ], [ 14.057951, 51.446024 ], [ 14.04013, 51.476488 ], [ 14.07947, 51.47581 ], [ 14.079843, 51.492012 ], [ 14.140911, 51.541498 ], [ 14.276601, 51.530623 ], [ 14.332198, 51.507392 ], [ 14.390446, 51.539132 ], [ 14.447771, 51.542069 ], [ 14.444494, 51.513334 ], [ 14.470368, 51.506545 ], [ 14.487882, 51.451728 ], [ 14.518313, 51.43231 ], [ 14.461788, 51.352217 ], [ 14.475004, 51.32544 ], [ 14.510758, 51.327037 ], [ 14.533584, 51.347891 ], [ 14.586135, 51.318668 ], [ 14.633418, 51.249102 ], [ 14.624903, 51.227947 ], [ 14.679639, 51.209044 ], [ 14.695672, 51.179687 ], [ 14.678419, 51.150256 ], [ 14.577527, 51.11803 ], [ 14.560416, 51.083674 ], [ 14.478951, 51.072565 ], [ 14.488006, 51.025322 ], [ 14.457034, 51.03479 ], [ 14.412177, 51.019602 ], [ 14.336205, 51.041727 ], [ 14.307412, 51.06816 ], [ 14.25695, 51.062387 ], [ 14.19545, 51.086438 ], [ 14.163474, 51.068726 ], [ 14.130111, 51.087187 ], [ 13.928229, 51.061448 ], [ 13.894898, 51.072743 ], [ 13.906681, 51.095377 ], [ 13.87337, 51.129509 ], [ 13.877381, 51.1533 ], [ 13.829168, 51.148278 ], [ 13.766156, 51.17521 ] ] ] } },
{ "type": "Feature", "properties": { "loc": "DED2D" }, "geometry": { "type": "Polygon", "coordinates": [ [ [ 14.962424, 51.393863 ], [ 14.985031, 51.33225 ], [ 15.03206, 51.290443 ], [ 15.033019, 51.244302 ], [ 14.98052, 51.084495 ], [ 14.892145, 50.939462 ], [ 14.824218, 50.888048 ], [ 14.798895, 50.825423 ], [ 14.724895, 50.824538 ], [ 14.6188, 50.857804 ], [ 14.649645, 50.926947 ], [ 14.566268, 50.919847 ], [ 14.596161, 50.985499 ], [ 14.503997, 51.022248 ], [ 14.478951, 51.072565 ], [ 14.560416, 51.083674 ], [ 14.577527, 51.11803 ], [ 14.678419, 51.150256 ], [ 14.695672, 51.179687 ], [ 14.679639, 51.209044 ], [ 14.624903, 51.227947 ], [ 14.633418, 51.249102 ], [ 14.586135, 51.318668 ], [ 14.533584, 51.347891 ], [ 14.510758, 51.327037 ], [ 14.475004, 51.32544 ], [ 14.461788, 51.352217 ], [ 14.518313, 51.43231 ], [ 14.487882, 51.451728 ], [ 14.470368, 51.506545 ], [ 14.444494, 51.513334 ], [ 14.455725, 51.555668 ], [ 14.521116, 51.556363 ], [ 14.570589, 51.579331 ], [ 14.613561, 51.551047 ], [ 14.673337, 51.552436 ], [ 14.702801, 51.578783 ], [ 14.700328, 51.595547 ], [ 14.729862, 51.581777 ], [ 14.715228, 51.561559 ], [ 14.738778, 51.526439 ], [ 14.949106, 51.468165 ], [ 14.971256, 51.441655 ], [ 14.962424, 51.393863 ] ] ] } },
{ "type": "Feature", "properties": { "loc": "DED2E" }, "geometry": { "type": "MultiPolygon", "coordinates": [ [ [ [ 13.835313, 51.37679 ], [ 13.85372, 51.340962 ], [ 13.829038, 51.338298 ], [ 13.802325, 51.304371 ], [ 13.818582, 51.265226 ], [ 13.801496, 51.246432 ], [ 13.807171, 51.229674 ], [ 13.77378, 51.214337 ], [ 13.791151, 51.195633 ], [ 13.749686, 51.16942 ], [ 13.762825, 51.141303 ], [ 13.717802, 51.136382 ], [ 13.691295, 51.092377 ], [ 13.614601, 51.099884 ], [ 13.56282, 51.0593 ], [ 13.484441, 51.06605 ], [ 13.431959, 51.05477 ], [ 13.421886, 51.0342 ], [ 13.360952, 51.04798 ], [ 13.249614, 51.022209 ], [ 13.252839, 51.147708 ], [ 13.2127, 51.183459 ], [ 13.195981, 51.255551 ], [ 13.212102, 51.266727 ], [ 13.211846, 51.29531 ], [ 13.203586, 51.366992 ], [ 13.185483, 51.37866 ], [ 13.21015, 51.404736 ], [ 13.264824, 51.388232 ], [ 13.329585, 51.435516 ], [ 13.376748, 51.427683 ], [ 13.400992, 51.450213 ], [ 13.426727, 51.424467 ], [ 13.517388, 51.401257 ], [ 13.543953, 51.373332 ], [ 13.567636, 51.384315 ], [ 13.735482, 51.362058 ], [ 13.835313, 51.37679 ] ] ], [ [ [ 13.224358, 51.114734 ], [ 13.244321, 51.105455 ], [ 13.223084, 51.10591 ], [ 13.224358, 51.114734 ] ] ] ] } },
{ "type": "Feature", "properties": { "loc": "DED2F" }, "geometry": { "type": "Polygon", "coordinates": [ [ [ 13.965602, 51.061595 ], [ 14.130111, 51.087187 ], [ 14.163474, 51.068726 ], [ 14.19545, 51.086438 ], [ 14.25695, 51.062387 ], [ 14.307412, 51.06816 ], [ 14.317874, 51.054699 ], [ 14.28359, 51.037452 ], [ 14.261914, 50.988612 ], [ 14.323818, 50.9835 ], [ 14.307672, 50.966741 ], [ 14.317045, 50.953114 ], [ 14.400085, 50.926122 ], [ 14.386151, 50.90207 ], [ 14.238285, 50.886908 ], [ 14.221904, 50.860725 ], [ 14.073371, 50.812565 ], [ 13.98625, 50.81735 ], [ 13.938343, 50.791001 ], [ 13.904225, 50.791203 ], [ 13.889996, 50.770631 ], [ 13.897122, 50.746239 ], [ 13.850148, 50.727852 ], [ 13.766158, 50.735307 ], [ 13.700996, 50.718225 ], [ 13.56395, 50.780306 ], [ 13.556587, 50.813713 ], [ 13.511111, 50.839766 ], [ 13.49668, 50.878368 ], [ 13.435941, 50.947505 ], [ 13.465279, 50.979452 ], [ 13.434951, 50.990257 ], [ 13.44213, 51.021995 ], [ 13.421886, 51.0342 ], [ 13.431959, 51.05477 ], [ 13.484441, 51.06605 ], [ 13.580317, 51.064619 ], [ 13.607494, 51.03409 ], [ 13.663854, 51.033931 ], [ 13.689802, 51.004728 ], [ 13.73489, 51.007817 ], [ 13.816313, 50.97644 ], [ 13.90075, 50.995484 ], [ 13.95963, 51.032427 ], [ 13.965602, 51.061595 ] ] ] } },
{ "type": "Feature", "properties": { "loc": "DED41" }, "geometry": { "type": "Polygon", "coordinates": [ [ [ 12.778851, 50.789606 ], [ 12.749377, 50.823861 ], [ 12.790265, 50.837341 ], [ 12.843868, 50.894965 ], [ 12.878732, 50.90215 ], [ 12.919858, 50.887646 ], [ 12.983272, 50.892222 ], [ 12.985963, 50.852842 ], [ 13.044781, 50.842236 ], [ 13.048769, 50.806566 ], [ 13.018144, 50.772488 ], [ 12.992864, 50.776236 ], [ 12.926258, 50.743585 ], [ 12.893089, 50.757133 ], [ 12.890593, 50.781248 ], [ 12.847686, 50.798455 ], [ 12.778851, 50.789606 ] ] ] } },
{ "type": "Feature", "properties": { "loc": "DED42" }, "geometry": { "type": "Polygon", "coordinates": [ [ [ 12.527747, 50.546669 ], [ 12.609116, 50.562571 ], [ 12.579796, 50.581308 ], [ 12.597629, 50.614282 ], [ 12.646326, 50.638371 ], [ 12.707726, 50.642782 ], [ 12.698809, 50.659851 ], [ 12.714371, 50.68706 ], [ 12.644216, 50.720068 ], [ 12.66573, 50.728413 ], [ 12.660377, 50.748705 ], [ 12.712435, 50.74005 ], [ 12.716947, 50.769522 ], [ 12.847686, 50.798455 ], [ 12.890593, 50.781248 ], [ 12.893089, 50.757133 ], [ 12.926258, 50.743585 ], [ 12.992864, 50.776236 ], [ 13.018144, 50.772488 ], [ 13.048769, 50.806566 ], [ 13.135407, 50.771935 ], [ 13.186092, 50.783974 ], [ 13.255867, 50.773406 ], [ 13.28059, 50.74174 ], [ 13.363899, 50.750241 ], [ 13.378295, 50.710216 ], [ 13.501846, 50.633643 ], [ 13.45973, 50.604038 ], [ 13.376014, 50.648199 ], [ 13.372649, 50.625356 ], [ 13.324411, 50.605444 ], [ 13.31905, 50.581723 ], [ 13.246775, 50.588662 ], [ 13.189872, 50.504413 ], [ 13.036166, 50.508681 ], [ 13.018268, 50.44736 ], [ 12.948145, 50.404311 ], [ 12.825586, 50.455852 ], [ 12.73911, 50.432564 ], [ 12.705099, 50.400273 ], [ 12.671916, 50.414644 ], [ 12.583779, 50.407079 ], [ 12.5793, 50.425005 ], [ 12.462054, 50.499481 ], [ 12.527747, 50.546669 ] ] ] } },
{ "type": "Feature", "properties": { "loc": "DE138" }, "geometry": { "type": "MultiPolygon", "coordinates": [ [ [ [ 8.727982, 47.69268 ], [ 8.733248, 47.7149 ], [ 8.714578, 47.730926 ], [ 8.735499, 47.755442 ], [ 8.691017, 47.759518 ], [ 8.654167, 47.796435 ], [ 8.647591, 47.768639 ], [ 8.627905, 47.761842 ], [ 8.613832, 47.801079 ], [ 8.640146, 47.854812 ], [ 8.685015, 47.852354 ], [ 8.693429, 47.884869 ], [ 8.721296, 47.8967 ], [ 8.797344, 47.890885 ], [ 8.817377, 47.924359 ], [ 8.821774, 47.886454 ], [ 8.841565, 47.879428 ], [ 8.883608, 47.912093 ], [ 8.949576, 47.931792 ], [ 9.071726, 47.93951 ], [ 9.071718, 47.917076 ], [ 9.145484, 47.895289 ], [ 9.146953, 47.879943 ], [ 9.128582, 47.846817 ], [ 9.072688, 47.855493 ], [ 9.078359, 47.815484 ], [ 9.034295, 47.806163 ], [ 9.172176, 47.733185 ], [ 9.214192, 47.671044 ], [ 9.170799, 47.655284 ], [ 9.021567, 47.686435 ], [ 8.894603, 47.64839 ], [ 8.853872, 47.684454 ], [ 8.871401, 47.701461 ], [ 8.822497, 47.713868 ], [ 8.804066, 47.735814 ], [ 8.770922, 47.712342 ], [ 8.799426, 47.696815 ], [ 8.795709, 47.675595 ], [ 8.727982, 47.69268 ] ] ], [ [ [ 8.663354, 47.685892 ], [ 8.677762, 47.71083 ], [ 8.70405, 47.71028 ], [ 8.71772, 47.690742 ], [ 8.663354, 47.685892 ] ] ] ] } },
{ "type": "Feature", "properties": { "loc": "DE139" }, "geometry": { "type": "Polygon", "coordinates": [ [ [ 7.794769, 47.557258 ], [ 7.667489, 47.536388 ], [ 7.634097, 47.561113 ], [ 7.681323, 47.577031 ], [ 7.658142, 47.594587 ], [ 7.615015, 47.578896 ], [ 7.589039, 47.589878 ], [ 7.521171, 47.667883 ], [ 7.513856, 47.699205 ], [ 7.545991, 47.743574 ], [ 7.576081, 47.773584 ], [ 7.622771, 47.75893 ], [ 7.776855, 47.794198 ], [ 7.872551, 47.847916 ], [ 7.893729, 47.877255 ], [ 8.019476, 47.858773 ], [ 8.000215, 47.82291 ], [ 8.001799, 47.774832 ], [ 7.975651, 47.762193 ], [ 7.965312, 47.732183 ], [ 7.975767, 47.696399 ], [ 7.873119, 47.642387 ], [ 7.900162, 47.598742 ], [ 7.894108, 47.586375 ], [ 7.824021, 47.587674 ], [ 7.794769, 47.557258 ] ] ] } },
{ "type": "Feature", "properties": { "loc": "DE13A" }, "geometry": { "type": "Polygon", "coordinates": [ [ [ 8.595602, 47.605544 ], [ 8.562841, 47.599432 ], [ 8.562571, 47.617984 ], [ 8.518994, 47.630465 ], [ 8.463015, 47.60092 ], [ 8.474697, 47.57828 ], [ 8.379008, 47.567115 ], [ 8.327523, 47.572907 ], [ 8.288829, 47.608926 ], [ 8.206729, 47.619404 ], [ 8.110578, 47.581196 ], [ 8.09192, 47.560208 ], [ 7.944426, 47.546684 ], [ 7.919968, 47.548559 ], [ 7.873119, 47.642387 ], [ 7.975767, 47.696399 ], [ 7.965312, 47.732183 ], [ 7.975651, 47.762193 ], [ 8.001799, 47.774832 ], [ 8.000215, 47.82291 ], [ 8.049914, 47.85641 ], [ 8.070388, 47.854094 ], [ 8.101219, 47.807014 ], [ 8.20351, 47.762699 ], [ 8.215938, 47.819453 ], [ 8.26439, 47.85012 ], [ 8.375761, 47.840078 ], [ 8.439034, 47.853638 ], [ 8.502753, 47.824975 ], [ 8.504322, 47.799593 ], [ 8.52502, 47.788672 ], [ 8.473911, 47.763872 ], [ 8.453084, 47.724315 ], [ 8.411743, 47.7044 ], [ 8.411153, 47.670207 ], [ 8.472325, 47.644162 ], [ 8.60637, 47.669005 ], [ 8.624706, 47.649467 ], [ 8.59866, 47.643677 ], [ 8.595602, 47.605544 ] ] ] } },
{ "type": "Feature", "properties": { "loc": "DE141" }, "geometry": { "type": "Polygon", "coordinates": [ [ [ 9.582476, 48.539147 ], [ 9.587941, 48.487507 ], [ 9.635916, 48.426545 ], [ 9.620072, 48.398372 ], [ 9.584463, 48.392654 ], [ 9.599017, 48.37338 ], [ 9.586089, 48.342702 ], [ 9.538141, 48.316514 ], [ 9.554038, 48.299211 ], [ 9.510256, 48.278119 ], [ 9.524594, 48.256394 ], [ 9.490054, 48.23271 ], [ 9.486732, 48.205335 ], [ 9.386776, 48.200613 ], [ 9.282868, 48.285213 ], [ 9.244669, 48.26888 ], [ 9.187029, 48.280836 ], [ 9.166315, 48.310461 ], [ 9.20907, 48.309846 ], [ 9.214392, 48.329968 ], [ 9.173884, 48.346508 ], [ 9.173363, 48.367463 ], [ 9.12948, 48.372898 ], [ 9.125374, 48.392038 ], [ 9.142581, 48.410975 ], [ 9.118956, 48.429283 ], [ 9.137557, 48.459601 ], [ 9.123731, 48.47725 ], [ 9.149857, 48.49412 ], [ 9.139905, 48.519239 ], [ 9.173969, 48.536897 ], [ 9.12802, 48.567814 ], [ 9.129177, 48.601266 ], [ 9.198662, 48.599783 ], [ 9.219905, 48.569969 ], [ 9.312832, 48.575397 ], [ 9.328519, 48.544568 ], [ 9.459293, 48.542143 ], [ 9.48475, 48.518343 ], [ 9.582476, 48.539147 ] ] ] } },
{ "type": "Feature", "properties": { "loc": "DE142" }, "geometry": { "type": "Polygon", "coordinates": [ [ [ 8.774055, 48.416278 ], [ 8.770443, 48.436271 ], [ 8.818538, 48.464955 ], [ 8.755711, 48.50414 ], [ 8.768903, 48.521841 ], [ 8.843161, 48.501901 ], [ 8.855421, 48.536747 ], [ 8.952193, 48.586002 ], [ 9.033634, 48.579442 ], [ 9.07675, 48.591092 ], [ 9.10203, 48.621297 ], [ 9.129177, 48.601266 ], [ 9.12802, 48.567814 ], [ 9.173969, 48.536897 ], [ 9.139905, 48.519239 ], [ 9.149857, 48.49412 ], [ 9.123731, 48.47725 ], [ 9.137557, 48.459601 ], [ 9.118956, 48.429283 ], [ 9.142581, 48.410975 ], [ 9.125374, 48.392038 ], [ 9.12948, 48.372898 ], [ 9.073506, 48.365757 ], [ 8.897568, 48.394379 ], [ 8.8661, 48.415387 ], [ 8.774055, 48.416278 ] ] ] } },
{ "type": "Feature", "properties": { "loc": "DE143" }, "geometry": { "type": "Polygon", "coordinates": [ [ [ 9.073506, 48.365757 ], [ 9.173363, 48.367463 ], [ 9.173884, 48.346508 ], [ 9.214392, 48.329968 ], [ 9.20907, 48.309846 ], [ 9.166315, 48.310461 ], [ 9.187029, 48.280836 ], [ 9.112183, 48.246858 ], [ 9.178256, 48.210451 ], [ 9.183407, 48.170292 ], [ 9.157365, 48.140392 ], [ 9.028428, 48.163672 ], [ 8.953761, 48.107279 ], [ 8.886649, 48.108914 ], [ 8.807619, 48.182842 ], [ 8.771208, 48.181416 ], [ 8.751237, 48.15954 ], [ 8.726772, 48.175877 ], [ 8.737205, 48.198257 ], [ 8.65931, 48.29008 ], [ 8.711012, 48.315099 ], [ 8.739908, 48.354049 ], [ 8.737187, 48.377977 ], [ 8.774055, 48.416278 ], [ 8.8661, 48.415387 ], [ 8.897568, 48.394379 ], [ 9.073506, 48.365757 ] ] ] } },
{ "type": "Feature", "properties": { "loc": "DE144" }, "geometry": { "type": "Polygon", "coordinates": [ [ [ 9.997606, 48.350118 ], [ 9.959277, 48.311924 ], [ 9.925137, 48.312935 ], [ 9.911981, 48.318952 ], [ 9.922165, 48.341395 ], [ 9.84729, 48.364394 ], [ 9.87933, 48.393994 ], [ 9.935328, 48.410893 ], [ 9.910392, 48.428156 ], [ 9.918674, 48.442851 ], [ 9.982606, 48.463324 ], [ 10.032695, 48.457196 ], [ 10.037953, 48.428397 ], [ 9.970965, 48.376272 ], [ 9.997606, 48.350118 ] ] ] } },
{ "type": "Feature", "properties": { "loc": "DE145" }, "geometry": { "type": "Polygon", "coordinates": [ [ [ 10.185677, 48.555394 ], [ 10.235715, 48.491853 ], [ 10.172198, 48.459933 ], [ 10.133896, 48.454871 ], [ 10.108655, 48.475613 ], [ 9.918674, 48.442851 ], [ 9.910392, 48.428156 ], [ 9.935328, 48.410893 ], [ 9.87933, 48.393994 ], [ 9.84729, 48.364394 ], [ 9.922165, 48.341395 ], [ 9.911981, 48.318952 ], [ 9.925137, 48.312935 ], [ 9.959277, 48.311924 ], [ 9.997606, 48.350118 ], [ 10.010195, 48.341687 ], [ 10.062976, 48.280195 ], [ 10.063828, 48.236893 ], [ 10.095358, 48.164015 ], [ 10.056987, 48.146518 ], [ 10.037079, 48.147212 ], [ 10.055252, 48.186111 ], [ 10.032458, 48.22774 ], [ 9.977257, 48.263881 ], [ 9.891665, 48.290151 ], [ 9.843214, 48.252503 ], [ 9.769433, 48.224428 ], [ 9.737124, 48.177847 ], [ 9.664594, 48.164361 ], [ 9.619432, 48.199669 ], [ 9.550905, 48.19341 ], [ 9.490054, 48.23271 ], [ 9.524594, 48.256394 ], [ 9.510256, 48.278119 ], [ 9.554038, 48.299211 ], [ 9.538141, 48.316514 ], [ 9.586089, 48.342702 ], [ 9.599017, 48.37338 ], [ 9.584463, 48.392654 ], [ 9.620072, 48.398372 ], [ 9.635916, 48.426545 ], [ 9.587941, 48.487507 ], [ 9.585175, 48.536741 ], [ 9.681764, 48.522231 ], [ 9.727962, 48.561478 ], [ 9.816784, 48.56014 ], [ 9.894332, 48.620301 ], [ 9.944072, 48.631755 ], [ 9.968007, 48.597151 ], [ 10.035681, 48.605361 ], [ 10.11668, 48.558423 ], [ 10.185677, 48.555394 ] ] ] } },
{ "type": "Feature", "properties": { "loc": "DE146" }, "geometry": { "type": "Polygon", "coordinates": [ [ [ 10.114955, 47.976257 ], [ 10.077388, 47.977454 ], [ 10.030353, 47.947626 ], [ 10.004752, 47.966978 ], [ 9.954347, 47.960888 ], [ 9.899423, 47.983523 ], [ 9.840647, 47.955992 ], [ 9.790476, 47.953844 ], [ 9.69823, 47.981524 ], [ 9.6232, 47.969642 ], [ 9.570209, 48.041686 ], [ 9.409062, 48.100262 ], [ 9.358651, 48.09462 ], [ 9.26822, 48.149296 ], [ 9.315212, 48.186111 ], [ 9.312997, 48.219689 ], [ 9.347567, 48.239501 ], [ 9.386776, 48.200613 ], [ 9.472429, 48.200277 ], [ 9.497137, 48.217787 ], [ 9.490054, 48.23271 ], [ 9.550905, 48.19341 ], [ 9.619432, 48.199669 ], [ 9.664594, 48.164361 ], [ 9.737124, 48.177847 ], [ 9.769433, 48.224428 ], [ 9.843214, 48.252503 ], [ 9.891665, 48.290151 ], [ 9.977257, 48.263881 ], [ 10.032458, 48.22774 ], [ 10.055252, 48.186111 ], [ 10.037079, 48.147212 ], [ 10.095358, 48.164015 ], [ 10.136457, 48.108459 ], [ 10.135728, 48.023761 ], [ 10.114955, 47.976257 ] ] ] } },
{ "type": "Feature", "properties": { "loc": "DE147" }, "geometry": { "type": "Polygon", "coordinates": [ [ [ 9.261242, 47.880907 ], [ 9.458323, 47.807281 ], [ 9.438554, 47.771205 ], [ 9.454355, 47.758966 ], [ 9.481986, 47.760671 ], [ 9.499192, 47.737293 ], [ 9.572786, 47.733932 ], [ 9.625398, 47.703171 ], [ 9.650868, 47.704209 ], [ 9.66495, 47.685337 ], [ 9.723306, 47.682566 ], [ 9.740442, 47.65226 ], [ 9.688023, 47.632588 ], [ 9.692152, 47.610423 ], [ 9.657553, 47.609978 ], [ 9.600048, 47.581279 ], [ 9.558721, 47.541893 ], [ 9.495604, 47.551455 ], [ 9.388961, 47.6218 ], [ 9.259147, 47.657602 ], [ 9.182192, 47.65589 ], [ 9.214192, 47.671044 ], [ 9.172176, 47.733185 ], [ 9.034295, 47.806163 ], [ 9.078359, 47.815484 ], [ 9.072688, 47.855493 ], [ 9.198189, 47.844317 ], [ 9.240373, 47.85689 ], [ 9.242619, 47.876559 ], [ 9.261242, 47.880907 ] ] ] } },
{ "type": "Feature", "properties": { "loc": "DE148" }, "geometry": { "type": "Polygon", "coordinates": [ [ [ 10.077293, 47.639274 ], [ 10.061357, 47.675812 ], [ 10.025051, 47.684029 ], [ 9.95885, 47.653964 ], [ 9.848441, 47.677178 ], [ 9.748364, 47.606678 ], [ 9.70961, 47.603676 ], [ 9.688023, 47.632588 ], [ 9.740442, 47.65226 ], [ 9.723306, 47.682566 ], [ 9.66495, 47.685337 ], [ 9.650868, 47.704209 ], [ 9.625398, 47.703171 ], [ 9.572786, 47.733932 ], [ 9.499192, 47.737293 ], [ 9.481986, 47.760671 ], [ 9.454355, 47.758966 ], [ 9.438554, 47.771205 ], [ 9.458323, 47.807281 ], [ 9.409415, 47.821605 ], [ 9.379289, 47.878141 ], [ 9.427319, 47.957124 ], [ 9.485578, 47.961282 ], [ 9.5176, 47.986378 ], [ 9.552556, 47.966161 ], [ 9.558148, 48.002289 ], [ 9.604913, 48.002284 ], [ 9.6232, 47.969642 ], [ 9.69823, 47.981524 ], [ 9.790476, 47.953844 ], [ 9.840647, 47.955992 ], [ 9.899423, 47.983523 ], [ 9.954347, 47.960888 ], [ 10.004752, 47.966978 ], [ 10.030353, 47.947626 ], [ 10.077388, 47.977454 ], [ 10.104207, 47.974358 ], [ 10.085066, 47.956804 ], [ 10.110137, 47.93715 ], [ 10.088181, 47.866587 ], [ 10.131929, 47.820087 ], [ 10.070445, 47.786083 ], [ 10.113219, 47.759959 ], [ 10.136242, 47.702445 ], [ 10.126049, 47.676165 ], [ 10.094549, 47.667199 ], [ 10.077293, 47.639274 ] ] ] } },
{ "type": "Feature", "properties": { "loc": "DE149" }, "geometry": { "type": "Polygon", "coordinates": [ [ [ 8.953761, 48.107279 ], [ 9.028428, 48.163672 ], [ 9.157365, 48.140392 ], [ 9.183407, 48.170292 ], [ 9.178256, 48.210451 ], [ 9.112183, 48.246858 ], [ 9.187029, 48.280836 ], [ 9.244669, 48.26888 ], [ 9.282868, 48.285213 ], [ 9.347567, 48.239501 ], [ 9.312997, 48.219689 ], [ 9.315212, 48.186111 ], [ 9.26822, 48.149296 ], [ 9.358651, 48.09462 ], [ 9.409062, 48.100262 ], [ 9.527154, 48.062918 ], [ 9.604913, 48.002284 ], [ 9.558148, 48.002289 ], [ 9.552556, 47.966161 ], [ 9.5176, 47.986378 ], [ 9.485578, 47.961282 ], [ 9.427319, 47.957124 ], [ 9.379289, 47.878141 ], [ 9.409415, 47.821605 ], [ 9.261242, 47.880907 ], [ 9.242619, 47.876559 ], [ 9.240373, 47.85689 ], [ 9.198189, 47.844317 ], [ 9.128582, 47.846817 ], [ 9.145484, 47.895289 ], [ 9.071718, 47.917076 ], [ 9.071726, 47.93951 ], [ 9.012045, 47.936923 ], [ 9.019244, 47.983434 ], [ 9.006624, 48.022718 ], [ 8.936806, 48.05042 ], [ 8.993215, 48.068704 ], [ 8.953761, 48.107279 ] ] ] } },
{ "type": "Feature", "properties": { "loc": "DE211" }, "geometry": { "type": "Polygon", "coordinates": [ [ [ 11.255916, 48.779428 ], [ 11.269891, 48.79022 ], [ 11.382008, 48.782595 ], [ 11.401117, 48.819886 ], [ 11.494784, 48.785686 ], [ 11.499675, 48.763391 ], [ 11.483011, 48.72847 ], [ 11.379523, 48.689028 ], [ 11.353783, 48.725243 ], [ 11.320522, 48.728224 ], [ 11.255916, 48.779428 ] ] ] } },
{ "type": "Feature", "properties": { "loc": "DE212" }, "geometry": { "type": "Polygon", "coordinates": [ [ [ 11.40294, 48.20312 ], [ 11.48172, 48.221311 ], [ 11.499818, 48.248146 ], [ 11.59108, 48.214592 ], [ 11.643217, 48.221633 ], [ 11.633999, 48.186111 ], [ 11.686093, 48.178049 ], [ 11.680728, 48.152663 ], [ 11.712677, 48.138144 ], [ 11.70583, 48.104061 ], [ 11.678495, 48.080251 ], [ 11.579783, 48.089427 ], [ 11.509408, 48.06572 ], [ 11.475854, 48.084138 ], [ 11.455971, 48.130057 ], [ 11.392493, 48.128641 ], [ 11.363651, 48.161144 ], [ 11.40294, 48.20312 ] ] ] } },
{ "type": "Feature", "properties": { "loc": "DE213" }, "geometry": { "type": "Polygon", "coordinates": [ [ [ 12.061978, 47.81659 ], [ 12.103202, 47.884781 ], [ 12.13404, 47.881541 ], [ 12.150642, 47.842201 ], [ 12.128808, 47.813845 ], [ 12.061978, 47.81659 ] ] ] } },
{ "type": "Feature", "properties": { "loc": "DE119" }, "geometry": { "type": "Polygon", "coordinates": [ [ [ 9.603823, 49.426578 ], [ 9.833315, 49.390129 ], [ 9.855565, 49.368367 ], [ 9.85722, 49.292019 ], [ 9.764493, 49.244345 ], [ 9.744183, 49.197275 ], [ 9.70294, 49.19176 ], [ 9.647519, 49.131772 ], [ 9.604189, 49.147512 ], [ 9.58418, 49.132505 ], [ 9.606669, 49.107804 ], [ 9.5547, 49.131475 ], [ 9.534651, 49.106526 ], [ 9.493147, 49.134168 ], [ 9.481057, 49.11356 ], [ 9.441619, 49.104479 ], [ 9.427815, 49.146576 ], [ 9.360134, 49.171758 ], [ 9.442626, 49.217164 ], [ 9.420214, 49.245648 ], [ 9.435119, 49.278262 ], [ 9.504667, 49.305898 ], [ 9.443492, 49.364337 ], [ 9.449198, 49.389046 ], [ 9.569957, 49.37811 ], [ 9.59028, 49.394205 ], [ 9.574865, 49.416258 ], [ 9.603823, 49.426578 ] ] ] } },
{ "type": "Feature", "properties": { "loc": "DE11A" }, "geometry": { "type": "Polygon", "coordinates": [ [ [ 10.111967, 49.38491 ], [ 10.110247, 49.337566 ], [ 10.137728, 49.321157 ], [ 10.150352, 49.280914 ], [ 10.120745, 49.262472 ], [ 10.132157, 49.20147 ], [ 10.246799, 49.144836 ], [ 10.249987, 49.128385 ], [ 10.216136, 49.10141 ], [ 10.242239, 49.088993 ], [ 10.256764, 49.059495 ], [ 10.201929, 49.042822 ], [ 10.1762, 49.059038 ], [ 10.113353, 49.039089 ], [ 10.022957, 49.049872 ], [ 9.979978, 49.040235 ], [ 10.010219, 48.98223 ], [ 9.911975, 48.964305 ], [ 9.872563, 48.920574 ], [ 9.836327, 48.919869 ], [ 9.836182, 48.935763 ], [ 9.793779, 48.954005 ], [ 9.728991, 48.971377 ], [ 9.711139, 48.959608 ], [ 9.669147, 48.966379 ], [ 9.666082, 48.99183 ], [ 9.602778, 49.006121 ], [ 9.600218, 49.05336 ], [ 9.542169, 49.057382 ], [ 9.500877, 49.079 ], [ 9.502315, 49.099906 ], [ 9.534651, 49.106526 ], [ 9.5547, 49.131475 ], [ 9.606669, 49.107804 ], [ 9.58418, 49.132505 ], [ 9.604189, 49.147512 ], [ 9.647519, 49.131772 ], [ 9.70294, 49.19176 ], [ 9.744183, 49.197275 ], [ 9.764493, 49.244345 ], [ 9.85722, 49.292019 ], [ 9.855565, 49.368367 ], [ 9.91847, 49.371264 ], [ 9.93718, 49.356088 ], [ 9.979066, 49.375234 ], [ 10.033019, 49.37013 ], [ 10.037692, 49.384381 ], [ 10.077289, 49.39336 ], [ 10.111967, 49.38491 ] ] ] } },
{ "type": "Feature", "properties": { "loc": "DE11B" }, "geometry": { "type": "Polygon", "coordinates": [ [ [ 10.118328, 49.473169 ], [ 10.098949, 49.448505 ], [ 10.132347, 49.435558 ], [ 10.155517, 49.393593 ], [ 10.077289, 49.39336 ], [ 10.037692, 49.384381 ], [ 10.033019, 49.37013 ], [ 9.979066, 49.375234 ], [ 9.93718, 49.356088 ], [ 9.91847, 49.371264 ], [ 9.855565, 49.368367 ], [ 9.79661, 49.405161 ], [ 9.716498, 49.400074 ], [ 9.70272, 49.414817 ], [ 9.676627, 49.408783 ], [ 9.513301, 49.446452 ], [ 9.497089, 49.500394 ], [ 9.540315, 49.525222 ], [ 9.501885, 49.585494 ], [ 9.534926, 49.604087 ], [ 9.546003, 49.633343 ], [ 9.41092, 49.663508 ], [ 9.409274, 49.715823 ], [ 9.391297, 49.724732 ], [ 9.363079, 49.709489 ], [ 9.320778, 49.739166 ], [ 9.319208, 49.759855 ], [ 9.501406, 49.786998 ], [ 9.561531, 49.747403 ], [ 9.564483, 49.779947 ], [ 9.648736, 49.791477 ], [ 9.631975, 49.696547 ], [ 9.668228, 49.691875 ], [ 9.680588, 49.714546 ], [ 9.709219, 49.723638 ], [ 9.736804, 49.689603 ], [ 9.796524, 49.727224 ], [ 9.830732, 49.701414 ], [ 9.825086, 49.665721 ], [ 9.868727, 49.613628 ], [ 9.822635, 49.557014 ], [ 9.857131, 49.548355 ], [ 9.875149, 49.576535 ], [ 9.906697, 49.585459 ], [ 9.923752, 49.488152 ], [ 10.014779, 49.485398 ], [ 10.050628, 49.513262 ], [ 10.04574, 49.530137 ], [ 10.083724, 49.543561 ], [ 10.082506, 49.516668 ], [ 10.116715, 49.509576 ], [ 10.103985, 49.488758 ], [ 10.118328, 49.473169 ] ] ] } },
{ "type": "Feature", "properties": { "loc": "DE11C" }, "geometry": { "type": "MultiPolygon", "coordinates": [ [ [ [ 10.423689, 48.744496 ], [ 10.45993, 48.730566 ], [ 10.488401, 48.688622 ], [ 10.420809, 48.661511 ], [ 10.411304, 48.665909 ], [ 10.432824, 48.691622 ], [ 10.406713, 48.696015 ], [ 10.357678, 48.655078 ], [ 10.336411, 48.686521 ], [ 10.272279, 48.700555 ], [ 10.263137, 48.653385 ], [ 10.318849, 48.608763 ], [ 10.295761, 48.595622 ], [ 10.311785, 48.563644 ], [ 10.308303, 48.523298 ], [ 10.278249, 48.516101 ], [ 10.23078, 48.510511 ], [ 10.185677, 48.555394 ], [ 10.11668, 48.558423 ], [ 10.035681, 48.605361 ], [ 9.968007, 48.597151 ], [ 9.965968, 48.614439 ], [ 9.923228, 48.646699 ], [ 9.966804, 48.67288 ], [ 9.96871, 48.697758 ], [ 9.988535, 48.709195 ], [ 9.987771, 48.727253 ], [ 10.013105, 48.734215 ], [ 10.024279, 48.763619 ], [ 10.067491, 48.747677 ], [ 10.146512, 48.782698 ], [ 10.170068, 48.755195 ], [ 10.183467, 48.775318 ], [ 10.218939, 48.780773 ], [ 10.331396, 48.732752 ], [ 10.423689, 48.744496 ] ] ], [ [ [ 10.237507, 48.500196 ], [ 10.239869, 48.506307 ], [ 10.242473, 48.500099 ], [ 10.237507, 48.500196 ] ] ] ] } },
{ "type": "Feature", "properties": { "loc": "DE11D" }, "geometry": { "type": "Polygon", "coordinates": [ [ [ 10.423689, 48.744496 ], [ 10.331396, 48.732752 ], [ 10.218939, 48.780773 ], [ 10.183467, 48.775318 ], [ 10.170068, 48.755195 ], [ 10.146512, 48.782698 ], [ 10.067491, 48.747677 ], [ 10.024279, 48.763619 ], [ 10.013105, 48.734215 ], [ 9.987771, 48.727253 ], [ 9.904156, 48.748677 ], [ 9.887406, 48.744021 ], [ 9.897266, 48.720452 ], [ 9.801455, 48.721075 ], [ 9.770036, 48.726411 ], [ 9.772518, 48.743415 ], [ 9.737261, 48.771965 ], [ 9.626598, 48.774377 ], [ 9.623669, 48.787232 ], [ 9.659843, 48.822956 ], [ 9.726896, 48.816674 ], [ 9.766236, 48.835945 ], [ 9.741298, 48.899193 ], [ 9.683091, 48.934472 ], [ 9.693309, 48.964017 ], [ 9.728991, 48.971377 ], [ 9.836182, 48.935763 ], [ 9.836327, 48.919869 ], [ 9.872563, 48.920574 ], [ 9.911975, 48.964305 ], [ 10.010219, 48.98223 ], [ 9.979978, 49.040235 ], [ 10.022957, 49.049872 ], [ 10.113353, 49.039089 ], [ 10.1762, 49.059038 ], [ 10.201929, 49.042822 ], [ 10.256764, 49.059495 ], [ 10.258012, 49.044476 ], [ 10.344378, 49.027177 ], [ 10.446363, 48.941224 ], [ 10.453246, 48.919611 ], [ 10.432613, 48.903378 ], [ 10.449718, 48.889382 ], [ 10.450092, 48.856691 ], [ 10.428507, 48.840099 ], [ 10.447029, 48.821204 ], [ 10.417925, 48.769548 ], [ 10.423689, 48.744496 ] ] ] } },
{ "type": "Feature", "properties": { "loc": "DE121" }, "geometry": { "type": "MultiPolygon", "coordinates": [ [ [ [ 8.127652, 48.72778 ], [ 8.199215, 48.754688 ], [ 8.153763, 48.79129 ], [ 8.194164, 48.83381 ], [ 8.286099, 48.786181 ], [ 8.284345, 48.762915 ], [ 8.316879, 48.734989 ], [ 8.320498, 48.709192 ], [ 8.279224, 48.672223 ], [ 8.24608, 48.667544 ], [ 8.203857, 48.709192 ], [ 8.127652, 48.72778 ] ], [ [ 8.209138, 48.749263 ], [ 8.202047, 48.733355 ], [ 8.216656, 48.738553 ], [ 8.209138, 48.749263 ] ] ], [ [ [ 8.158697, 48.844599 ], [ 8.176496, 48.842935 ], [ 8.177168, 48.836653 ], [ 8.16136, 48.829786 ], [ 8.158697, 48.844599 ] ] ] ] } },
{ "type": "Feature", "properties": { "loc": "DE122" }, "geometry": { "type": "Polygon", "coordinates": [ [ [ 8.277349, 48.989939 ], [ 8.33997, 49.08015 ], [ 8.399893, 49.066013 ], [ 8.428615, 49.087566 ], [ 8.453148, 49.050295 ], [ 8.490389, 49.050935 ], [ 8.516765, 49.028455 ], [ 8.506116, 48.985179 ], [ 8.529486, 48.954158 ], [ 8.466948, 48.941994 ], [ 8.440206, 48.966478 ], [ 8.395316, 48.959959 ], [ 8.33467, 48.987189 ], [ 8.277349, 48.989939 ] ] ] } },
{ "type": "Feature", "properties": { "loc": "DE123" }, "geometry": { "type": "MultiPolygon", "coordinates": [ [ [ [ 8.33997, 49.08015 ], [ 8.401865, 49.215826 ], [ 8.387985, 49.229084 ], [ 8.487268, 49.290026 ], [ 8.609398, 49.242839 ], [ 8.72289, 49.234599 ], [ 8.76001, 49.205195 ], [ 8.818233, 49.194497 ], [ 8.818328, 49.162357 ], [ 8.83876, 49.150666 ], [ 8.832448, 49.128633 ], [ 8.870382, 49.127743 ], [ 8.891412, 49.086985 ], [ 8.873007, 49.075191 ], [ 8.877795, 49.058478 ], [ 8.844784, 49.059983 ], [ 8.834043, 49.03912 ], [ 8.756542, 49.042569 ], [ 8.721895, 48.991429 ], [ 8.65773, 49.003799 ], [ 8.575809, 48.98587 ], [ 8.540274, 48.949073 ], [ 8.551599, 48.922454 ], [ 8.519223, 48.896247 ], [ 8.519951, 48.8706 ], [ 8.471801, 48.843427 ], [ 8.493573, 48.820182 ], [ 8.439343, 48.816961 ], [ 8.40482, 48.856201 ], [ 8.352361, 48.847105 ], [ 8.30731, 48.863331 ], [ 8.29182, 48.885904 ], [ 8.297116, 48.911249 ], [ 8.351158, 48.934095 ], [ 8.267424, 48.955947 ], [ 8.261284, 48.980917 ], [ 8.33467, 48.987189 ], [ 8.395316, 48.959959 ], [ 8.440206, 48.966478 ], [ 8.447497, 48.948175 ], [ 8.504447, 48.943273 ], [ 8.529486, 48.954158 ], [ 8.506116, 48.985179 ], [ 8.516765, 49.028455 ], [ 8.490389, 49.050935 ], [ 8.453148, 49.050295 ], [ 8.428615, 49.087566 ], [ 8.399893, 49.066013 ], [ 8.33997, 49.08015 ] ] ], [ [ [ 8.371399, 48.843027 ], [ 8.385085, 48.844162 ], [ 8.384341, 48.827624 ], [ 8.375, 48.828106 ], [ 8.371399, 48.843027 ] ] ] ] } },
{ "type": "Feature", "properties": { "loc": "DE124" }, "geometry": { "type": "MultiPolygon", "coordinates": [ [ [ [ 8.416625, 48.835368 ], [ 8.393476, 48.828014 ], [ 8.398835, 48.802412 ], [ 8.42708, 48.781131 ], [ 8.425252, 48.750363 ], [ 8.479714, 48.751454 ], [ 8.46279, 48.702096 ], [ 8.443952, 48.695226 ], [ 8.445407, 48.664387 ], [ 8.319758, 48.589903 ], [ 8.269777, 48.589055 ], [ 8.222007, 48.603227 ], [ 8.238149, 48.627588 ], [ 7.980109, 48.689025 ], [ 7.986687, 48.706209 ], [ 7.959631, 48.718581 ], [ 7.975022, 48.757634 ], [ 8.010614, 48.762328 ], [ 8.101562, 48.81654 ], [ 8.146791, 48.902106 ], [ 8.195531, 48.954656 ], [ 8.261284, 48.980917 ], [ 8.267424, 48.955947 ], [ 8.351158, 48.934095 ], [ 8.297116, 48.911249 ], [ 8.29182, 48.885904 ], [ 8.30731, 48.863331 ], [ 8.352361, 48.847105 ], [ 8.40482, 48.856201 ], [ 8.416625, 48.835368 ] ], [ [ 8.371399, 48.843027 ], [ 8.375, 48.828106 ], [ 8.384341, 48.827624 ], [ 8.385085, 48.844162 ], [ 8.371399, 48.843027 ] ], [ [ 8.127652, 48.72778 ], [ 8.203857, 48.709192 ], [ 8.24608, 48.667544 ], [ 8.279224, 48.672223 ], [ 8.320498, 48.709192 ], [ 8.316879, 48.734989 ], [ 8.284345, 48.762915 ], [ 8.286099, 48.786181 ], [ 8.194164, 48.83381 ], [ 8.153763, 48.79129 ], [ 8.199215, 48.754688 ], [ 8.127652, 48.72778 ] ], [ [ 8.158697, 48.844599 ], [ 8.16136, 48.829786 ], [ 8.177168, 48.836653 ], [ 8.176496, 48.842935 ], [ 8.158697, 48.844599 ] ], [ [ 8.058786, 48.713778 ], [ 8.053632, 48.702988 ], [ 8.078098, 48.713291 ], [ 8.058786, 48.713778 ] ] ], [ [ [ 8.202047, 48.733355 ], [ 8.209138, 48.749263 ], [ 8.216656, 48.738553 ], [ 8.202047, 48.733355 ] ] ] ] } },
{ "type": "Feature", "properties": { "loc": "DE22B" }, "geometry": { "type": "Polygon", "coordinates": [ [ [ 12.768203, 49.114761 ], [ 12.811044, 49.039776 ], [ 12.891427, 48.954471 ], [ 12.867701, 48.946106 ], [ 12.871045, 48.908541 ], [ 12.84005, 48.889784 ], [ 12.845054, 48.837463 ], [ 12.813557, 48.823514 ], [ 12.766996, 48.833368 ], [ 12.752957, 48.818862 ], [ 12.764001, 48.797912 ], [ 12.696108, 48.761124 ], [ 12.548955, 48.726594 ], [ 12.537748, 48.712595 ], [ 12.524499, 48.750113 ], [ 12.493766, 48.761736 ], [ 12.421302, 48.762527 ], [ 12.329386, 48.721435 ], [ 12.295323, 48.745151 ], [ 12.261761, 48.724102 ], [ 12.231912, 48.727542 ], [ 12.135276, 48.765912 ], [ 12.136839, 48.780538 ], [ 12.228888, 48.811436 ], [ 12.258715, 48.855542 ], [ 12.29375, 48.84243 ], [ 12.320507, 48.860703 ], [ 12.3715, 48.848568 ], [ 12.42627, 48.877604 ], [ 12.453739, 48.921338 ], [ 12.441244, 48.976851 ], [ 12.485482, 48.982457 ], [ 12.477889, 49.040527 ], [ 12.495967, 49.057834 ], [ 12.524534, 49.058941 ], [ 12.555325, 49.087771 ], [ 12.768203, 49.114761 ] ], [ [ 12.479897, 48.87036 ], [ 12.489913, 48.855632 ], [ 12.566437, 48.844492 ], [ 12.634408, 48.871447 ], [ 12.64726, 48.864202 ], [ 12.66474, 48.904575 ], [ 12.59078, 48.900999 ], [ 12.543813, 48.923731 ], [ 12.523847, 48.91059 ], [ 12.523023, 48.879093 ], [ 12.479897, 48.87036 ] ] ] } },
{ "type": "Feature", "properties": { "loc": "DE22C" }, "geometry": { "type": "Polygon", "coordinates": [ [ [ 12.329386, 48.721435 ], [ 12.421302, 48.762527 ], [ 12.493766, 48.761736 ], [ 12.524499, 48.750113 ], [ 12.537748, 48.712595 ], [ 12.548955, 48.726594 ], [ 12.696108, 48.761124 ], [ 12.764001, 48.797912 ], [ 12.779498, 48.749389 ], [ 12.810343, 48.731891 ], [ 12.798844, 48.713882 ], [ 12.830838, 48.682107 ], [ 12.943276, 48.650233 ], [ 12.967381, 48.611265 ], [ 12.785162, 48.597716 ], [ 12.764332, 48.566923 ], [ 12.766311, 48.540384 ], [ 12.719661, 48.54401 ], [ 12.712846, 48.518469 ], [ 12.631583, 48.484492 ], [ 12.62649, 48.509499 ], [ 12.55646, 48.520416 ], [ 12.548985, 48.482666 ], [ 12.523369, 48.483155 ], [ 12.488526, 48.531634 ], [ 12.503832, 48.544521 ], [ 12.493402, 48.557151 ], [ 12.43741, 48.558249 ], [ 12.405979, 48.538983 ], [ 12.35149, 48.572785 ], [ 12.370511, 48.604122 ], [ 12.359092, 48.626431 ], [ 12.395545, 48.648786 ], [ 12.38501, 48.677474 ], [ 12.343754, 48.689882 ], [ 12.329386, 48.721435 ] ] ] } },
{ "type": "Feature", "properties": { "loc": "DE231" }, "geometry": { "type": "Polygon", "coordinates": [ [ [ 11.780858, 49.427535 ], [ 11.783725, 49.466349 ], [ 11.845147, 49.469537 ], [ 11.844481, 49.486583 ], [ 11.874505, 49.497266 ], [ 11.894061, 49.463431 ], [ 11.913571, 49.461605 ], [ 11.91426, 49.445628 ], [ 11.889657, 49.429077 ], [ 11.836397, 49.411642 ], [ 11.780858, 49.427535 ] ] ] } },
{ "type": "Feature", "properties": { "loc": "DE232" }, "geometry": { "type": "Polygon", "coordinates": [ [ [ 12.032965, 49.009716 ], [ 12.043321, 49.044618 ], [ 12.083975, 49.034972 ], [ 12.099437, 49.063379 ], [ 12.133966, 49.068222 ], [ 12.187983, 48.997081 ], [ 12.17462, 48.974475 ], [ 12.078546, 48.972216 ], [ 12.032965, 49.009716 ] ] ] } },
{ "type": "Feature", "properties": { "loc": "DE233" }, "geometry": { "type": "Polygon", "coordinates": [ [ [ 12.068396, 49.676225 ], [ 12.087131, 49.697718 ], [ 12.146371, 49.710205 ], [ 12.261129, 49.660779 ], [ 12.241113, 49.631667 ], [ 12.211655, 49.662291 ], [ 12.169524, 49.662233 ], [ 12.133966, 49.615713 ], [ 12.068396, 49.676225 ] ] ] } },
{ "type": "Feature", "properties": { "loc": "DE94H" }, "geometry": { "type": "MultiPolygon", "coordinates": [ [ [ [ 7.871523, 53.375875 ], [ 7.835119, 53.363244 ], [ 7.815485, 53.375455 ], [ 7.808707, 53.404939 ], [ 7.772901, 53.409989 ], [ 7.776503, 53.442066 ], [ 7.736789, 53.443769 ], [ 7.740552, 53.467799 ], [ 7.684307, 53.463498 ], [ 7.675666, 53.501861 ], [ 7.649204, 53.524577 ], [ 7.659422, 53.540522 ], [ 7.64565, 53.560558 ], [ 7.429239, 53.535039 ], [ 7.411981, 53.586247 ], [ 7.429336, 53.618347 ], [ 7.507642, 53.624563 ], [ 7.494094, 53.649168 ], [ 7.550173, 53.675037 ], [ 7.809896, 53.707662 ], [ 7.834458, 53.627736 ], [ 7.854782, 53.611449 ], [ 7.821357, 53.505938 ], [ 7.932236, 53.510347 ], [ 7.932855, 53.483985 ], [ 7.967521, 53.461512 ], [ 7.963053, 53.444629 ], [ 7.864928, 53.400562 ], [ 7.871523, 53.375875 ] ] ], [ [ [ 7.720409, 53.782253 ], [ 7.812666, 53.781536 ], [ 7.813822, 53.774858 ], [ 7.681354, 53.751883 ], [ 7.665053, 53.761002 ], [ 7.720409, 53.782253 ] ] ], [ [ [ 7.628188, 53.753652 ], [ 7.514683, 53.743834 ], [ 7.492348, 53.724022 ], [ 7.46066, 53.725341 ], [ 7.490879, 53.756597 ], [ 7.628188, 53.753652 ] ] ] ] } },
{ "type": "Feature", "properties": { "loc": "DED43" }, "geometry": { "type": "Polygon", "coordinates": [ [ [ 13.652174, 50.73036 ], [ 13.534929, 50.704253 ], [ 13.53676, 50.672798 ], [ 13.501846, 50.633643 ], [ 13.378295, 50.710216 ], [ 13.363899, 50.750241 ], [ 13.28059, 50.74174 ], [ 13.255867, 50.773406 ], [ 13.080056, 50.784665 ], [ 13.048769, 50.806566 ], [ 13.044781, 50.842236 ], [ 12.985963, 50.852842 ], [ 12.983272, 50.892222 ], [ 12.919858, 50.887646 ], [ 12.878732, 50.90215 ], [ 12.804275, 50.866916 ], [ 12.77648, 50.872395 ], [ 12.734311, 50.9049 ], [ 12.652866, 50.923678 ], [ 12.617355, 50.980793 ], [ 12.727201, 51.00535 ], [ 12.722108, 51.065947 ], [ 12.745387, 51.102007 ], [ 12.887382, 51.101075 ], [ 12.88865, 51.131796 ], [ 12.857016, 51.15892 ], [ 12.894859, 51.205256 ], [ 12.981492, 51.222936 ], [ 13.025772, 51.201569 ], [ 13.198708, 51.230405 ], [ 13.2127, 51.183459 ], [ 13.252839, 51.147708 ], [ 13.249614, 51.022209 ], [ 13.360952, 51.04798 ], [ 13.44213, 51.021995 ], [ 13.434951, 50.990257 ], [ 13.465279, 50.979452 ], [ 13.435941, 50.947505 ], [ 13.461212, 50.907338 ], [ 13.49668, 50.878368 ], [ 13.511111, 50.839766 ], [ 13.556587, 50.813713 ], [ 13.56395, 50.780306 ], [ 13.599119, 50.772266 ], [ 13.652174, 50.73036 ] ], [ [ 13.244321, 51.105455 ], [ 13.224358, 51.114734 ], [ 13.223084, 51.10591 ], [ 13.244321, 51.105455 ] ] ] } },
{ "type": "Feature", "properties": { "loc": "DED44" }, "geometry": { "type": "Polygon", "coordinates": [ [ [ 12.100901, 50.318028 ], [ 11.984833, 50.352706 ], [ 11.97929, 50.388855 ], [ 11.893571, 50.446191 ], [ 11.941499, 50.460629 ], [ 11.959542, 50.489228 ], [ 11.928427, 50.521109 ], [ 11.891089, 50.518299 ], [ 11.875392, 50.539769 ], [ 12.009626, 50.626329 ], [ 12.029143, 50.560127 ], [ 12.055861, 50.554157 ], [ 12.088867, 50.574242 ], [ 12.1391, 50.577514 ], [ 12.127616, 50.594835 ], [ 12.151929, 50.620728 ], [ 12.260541, 50.63473 ], [ 12.318917, 50.676532 ], [ 12.375884, 50.674095 ], [ 12.417229, 50.637681 ], [ 12.41454, 50.621407 ], [ 12.445822, 50.606954 ], [ 12.43112, 50.579026 ], [ 12.439483, 50.564479 ], [ 12.527747, 50.546669 ], [ 12.462054, 50.499481 ], [ 12.5793, 50.425005 ], [ 12.583779, 50.407079 ], [ 12.513846, 50.395469 ], [ 12.486893, 50.351966 ], [ 12.401198, 50.319447 ], [ 12.396522, 50.294043 ], [ 12.361323, 50.273934 ], [ 12.353155, 50.24132 ], [ 12.332217, 50.237177 ], [ 12.320546, 50.173593 ], [ 12.294424, 50.177825 ], [ 12.279154, 50.196251 ], [ 12.286797, 50.223603 ], [ 12.244596, 50.245548 ], [ 12.260482, 50.263254 ], [ 12.204138, 50.273981 ], [ 12.182108, 50.320005 ], [ 12.100901, 50.318028 ] ] ] } },
{ "type": "Feature", "properties": { "loc": "DED45" }, "geometry": { "type": "Polygon", "coordinates": [ [ [ 12.652866, 50.923678 ], [ 12.734311, 50.9049 ], [ 12.804275, 50.866916 ], [ 12.790265, 50.837341 ], [ 12.749377, 50.823861 ], [ 12.778851, 50.789606 ], [ 12.716947, 50.769522 ], [ 12.712435, 50.74005 ], [ 12.660377, 50.748705 ], [ 12.66573, 50.728413 ], [ 12.644216, 50.720068 ], [ 12.714371, 50.68706 ], [ 12.698809, 50.659851 ], [ 12.707726, 50.642782 ], [ 12.646326, 50.638371 ], [ 12.597629, 50.614282 ], [ 12.579796, 50.581308 ], [ 12.609116, 50.562571 ], [ 12.527747, 50.546669 ], [ 12.439483, 50.564479 ], [ 12.43112, 50.579026 ], [ 12.445822, 50.606954 ], [ 12.41454, 50.621407 ], [ 12.417229, 50.637681 ], [ 12.375884, 50.674095 ], [ 12.344487, 50.667063 ], [ 12.269555, 50.690868 ], [ 12.257459, 50.714355 ], [ 12.269113, 50.731296 ], [ 12.229706, 50.740116 ], [ 12.23618, 50.762612 ], [ 12.28756, 50.781277 ], [ 12.255115, 50.791673 ], [ 12.250826, 50.818318 ], [ 12.336468, 50.822922 ], [ 12.387156, 50.851289 ], [ 12.430688, 50.843237 ], [ 12.465, 50.880197 ], [ 12.519139, 50.9046 ], [ 12.637016, 50.904938 ], [ 12.652866, 50.923678 ] ] ] } },
{ "type": "Feature", "properties": { "loc": "DED51" }, "geometry": { "type": "Polygon", "coordinates": [ [ [ 12.240431, 51.31618 ], [ 12.27127, 51.41772 ], [ 12.393385, 51.42056 ], [ 12.447148, 51.445984 ], [ 12.489994, 51.429568 ], [ 12.460012, 51.41273 ], [ 12.471476, 51.367399 ], [ 12.530214, 51.344145 ], [ 12.539079, 51.322515 ], [ 12.482331, 51.260571 ], [ 12.439091, 51.283237 ], [ 12.355042, 51.293271 ], [ 12.310599, 51.244589 ], [ 12.262511, 51.239733 ], [ 12.250166, 51.277065 ], [ 12.267469, 51.287708 ], [ 12.240431, 51.31618 ] ] ] } },
{ "type": "Feature", "properties": { "loc": "DE234" }, "geometry": { "type": "Polygon", "coordinates": [ [ [ 11.570393, 49.65415 ], [ 11.557562, 49.731136 ], [ 11.585426, 49.729994 ], [ 11.598554, 49.753282 ], [ 11.630663, 49.760571 ], [ 11.66335, 49.704883 ], [ 11.647156, 49.63024 ], [ 11.728917, 49.62468 ], [ 11.799805, 49.651941 ], [ 11.872246, 49.636138 ], [ 11.965363, 49.640572 ], [ 11.988693, 49.578013 ], [ 12.112198, 49.560965 ], [ 12.11549, 49.547955 ], [ 12.074993, 49.527113 ], [ 12.088801, 49.485127 ], [ 12.038932, 49.490628 ], [ 12.032256, 49.433028 ], [ 11.981487, 49.423732 ], [ 12.006613, 49.394994 ], [ 12.049474, 49.390514 ], [ 12.056903, 49.354714 ], [ 11.997213, 49.34968 ], [ 11.997455, 49.326102 ], [ 11.969959, 49.305425 ], [ 11.975608, 49.281838 ], [ 11.946282, 49.274309 ], [ 11.973618, 49.251286 ], [ 11.945014, 49.236828 ], [ 11.94835, 49.217324 ], [ 11.907368, 49.269609 ], [ 11.793179, 49.29439 ], [ 11.722334, 49.335965 ], [ 11.695159, 49.313533 ], [ 11.667168, 49.321931 ], [ 11.632916, 49.342311 ], [ 11.633372, 49.38597 ], [ 11.58927, 49.391374 ], [ 11.557755, 49.419042 ], [ 11.589073, 49.479126 ], [ 11.542742, 49.509514 ], [ 11.543492, 49.540434 ], [ 11.524946, 49.553822 ], [ 11.564181, 49.578496 ], [ 11.561956, 49.608555 ], [ 11.594851, 49.624004 ], [ 11.570393, 49.65415 ] ], [ [ 11.783725, 49.466349 ], [ 11.780858, 49.427535 ], [ 11.836397, 49.411642 ], [ 11.889657, 49.429077 ], [ 11.91426, 49.445628 ], [ 11.913571, 49.461605 ], [ 11.894061, 49.463431 ], [ 11.874505, 49.497266 ], [ 11.844481, 49.486583 ], [ 11.845147, 49.469537 ], [ 11.783725, 49.466349 ] ] ] } },
{ "type": "Feature", "properties": { "loc": "DE235" }, "geometry": { "type": "Polygon", "coordinates": [ [ [ 12.479027, 49.031986 ], [ 12.417828, 49.046417 ], [ 12.433612, 49.060236 ], [ 12.415862, 49.096345 ], [ 12.32879, 49.090729 ], [ 12.342134, 49.104695 ], [ 12.315213, 49.120708 ], [ 12.31105, 49.152472 ], [ 12.362937, 49.226996 ], [ 12.38497, 49.231615 ], [ 12.379868, 49.259733 ], [ 12.480659, 49.277165 ], [ 12.506619, 49.313693 ], [ 12.480894, 49.338684 ], [ 12.498706, 49.375998 ], [ 12.48915, 49.39492 ], [ 12.55085, 49.418266 ], [ 12.540133, 49.454538 ], [ 12.618819, 49.487523 ], [ 12.651487, 49.462022 ], [ 12.659898, 49.434077 ], [ 12.752253, 49.397164 ], [ 12.785598, 49.347374 ], [ 12.877968, 49.33358 ], [ 12.896577, 49.349465 ], [ 12.972522, 49.332972 ], [ 13.025688, 49.302475 ], [ 13.031862, 49.269262 ], [ 13.081724, 49.244735 ], [ 13.114673, 49.202276 ], [ 13.170908, 49.173579 ], [ 13.12784, 49.112675 ], [ 13.074196, 49.128386 ], [ 13.047286, 49.153753 ], [ 12.971669, 49.163446 ], [ 12.908802, 49.130478 ], [ 12.783989, 49.131005 ], [ 12.768203, 49.114761 ], [ 12.555325, 49.087771 ], [ 12.524534, 49.058941 ], [ 12.495967, 49.057834 ], [ 12.479027, 49.031986 ] ] ] } },
{ "type": "Feature", "properties": { "loc": "DE236" }, "geometry": { "type": "Polygon", "coordinates": [ [ [ 11.557755, 49.419042 ], [ 11.58927, 49.391374 ], [ 11.633372, 49.38597 ], [ 11.632916, 49.342311 ], [ 11.667168, 49.321931 ], [ 11.695159, 49.313533 ], [ 11.722334, 49.335965 ], [ 11.793179, 49.29439 ], [ 11.907368, 49.269609 ], [ 11.941831, 49.204099 ], [ 11.8487, 49.153514 ], [ 11.802267, 49.169037 ], [ 11.7462, 49.105046 ], [ 11.677886, 49.075747 ], [ 11.685095, 49.056782 ], [ 11.659785, 49.016129 ], [ 11.617176, 49.004833 ], [ 11.599307, 48.951497 ], [ 11.520253, 49.033302 ], [ 11.537009, 49.067154 ], [ 11.385714, 49.078858 ], [ 11.326628, 49.123441 ], [ 11.307499, 49.176852 ], [ 11.268275, 49.196746 ], [ 11.308195, 49.213965 ], [ 11.29695, 49.246589 ], [ 11.273095, 49.270455 ], [ 11.215658, 49.276219 ], [ 11.198091, 49.296383 ], [ 11.247176, 49.325353 ], [ 11.332548, 49.305746 ], [ 11.383259, 49.33055 ], [ 11.376386, 49.355623 ], [ 11.455846, 49.410056 ], [ 11.453457, 49.428766 ], [ 11.557755, 49.419042 ] ] ] } },
{ "type": "Feature", "properties": { "loc": "DE237" }, "geometry": { "type": "Polygon", "coordinates": [ [ [ 11.630663, 49.760571 ], [ 11.64215, 49.805342 ], [ 11.695444, 49.803761 ], [ 11.745907, 49.838531 ], [ 11.854836, 49.847109 ], [ 11.888749, 49.808403 ], [ 11.99039, 49.817725 ], [ 12.021148, 49.789235 ], [ 12.080182, 49.787647 ], [ 12.103326, 49.818557 ], [ 12.173885, 49.851555 ], [ 12.240324, 49.772463 ], [ 12.330277, 49.759115 ], [ 12.370908, 49.769273 ], [ 12.401524, 49.758373 ], [ 12.44336, 49.705728 ], [ 12.522149, 49.682044 ], [ 12.526445, 49.624625 ], [ 12.559409, 49.617167 ], [ 12.593779, 49.542191 ], [ 12.480006, 49.550109 ], [ 12.441335, 49.52356 ], [ 12.406342, 49.530871 ], [ 12.344814, 49.506194 ], [ 12.30047, 49.519978 ], [ 12.296692, 49.535428 ], [ 12.244315, 49.554602 ], [ 12.238432, 49.577966 ], [ 12.197426, 49.591292 ], [ 12.179006, 49.570138 ], [ 12.11549, 49.547955 ], [ 12.062918, 49.57751 ], [ 11.988693, 49.578013 ], [ 11.965363, 49.640572 ], [ 11.872246, 49.636138 ], [ 11.799805, 49.651941 ], [ 11.728917, 49.62468 ], [ 11.647156, 49.63024 ], [ 11.66335, 49.704883 ], [ 11.630663, 49.760571 ] ], [ [ 12.068396, 49.676225 ], [ 12.133966, 49.615713 ], [ 12.169524, 49.662233 ], [ 12.211655, 49.662291 ], [ 12.241113, 49.631667 ], [ 12.261129, 49.660779 ], [ 12.146371, 49.710205 ], [ 12.087131, 49.697718 ], [ 12.068396, 49.676225 ] ] ] } },
{ "type": "Feature", "properties": { "loc": "DE238" }, "geometry": { "type": "Polygon", "coordinates": [ [ [ 12.479027, 49.031986 ], [ 12.485482, 48.982457 ], [ 12.441244, 48.976851 ], [ 12.453739, 48.921338 ], [ 12.42627, 48.877604 ], [ 12.3715, 48.848568 ], [ 12.320507, 48.860703 ], [ 12.29375, 48.84243 ], [ 12.258715, 48.855542 ], [ 12.228888, 48.811436 ], [ 12.136839, 48.780538 ], [ 12.135276, 48.765912 ], [ 12.097496, 48.771992 ], [ 12.103522, 48.849059 ], [ 12.131908, 48.876177 ], [ 12.106173, 48.904079 ], [ 12.083551, 48.905112 ], [ 12.073515, 48.939562 ], [ 11.97592, 48.96335 ], [ 11.928043, 48.948132 ], [ 11.893144, 49.007159 ], [ 11.862494, 49.020503 ], [ 11.811541, 49.018384 ], [ 11.767569, 48.984346 ], [ 11.714991, 49.013187 ], [ 11.659785, 49.016129 ], [ 11.685095, 49.056782 ], [ 11.677886, 49.075747 ], [ 11.7462, 49.105046 ], [ 11.802267, 49.169037 ], [ 11.8487, 49.153514 ], [ 11.935904, 49.19507 ], [ 12.002686, 49.18388 ], [ 12.00604, 49.1609 ], [ 12.053848, 49.168677 ], [ 12.093953, 49.145545 ], [ 12.151608, 49.180545 ], [ 12.150684, 49.205366 ], [ 12.176109, 49.220283 ], [ 12.236882, 49.155443 ], [ 12.287458, 49.163704 ], [ 12.31105, 49.152472 ], [ 12.315213, 49.120708 ], [ 12.342134, 49.104695 ], [ 12.32879, 49.090729 ], [ 12.415862, 49.096345 ], [ 12.433612, 49.060236 ], [ 12.417828, 49.046417 ], [ 12.479027, 49.031986 ] ], [ [ 12.032965, 49.009716 ], [ 12.078546, 48.972216 ], [ 12.17462, 48.974475 ], [ 12.187983, 48.997081 ], [ 12.133966, 49.068222 ], [ 12.099437, 49.063379 ], [ 12.083975, 49.034972 ], [ 12.043321, 49.044618 ], [ 12.032965, 49.009716 ] ] ] } },
{ "type": "Feature", "properties": { "loc": "DE239" }, "geometry": { "type": "Polygon", "coordinates": [ [ [ 12.633764, 49.476195 ], [ 12.618819, 49.487523 ], [ 12.540133, 49.454538 ], [ 12.55085, 49.418266 ], [ 12.48915, 49.39492 ], [ 12.498706, 49.375998 ], [ 12.480894, 49.338684 ], [ 12.506619, 49.313693 ], [ 12.480659, 49.277165 ], [ 12.379868, 49.259733 ], [ 12.38497, 49.231615 ], [ 12.362937, 49.226996 ], [ 12.31105, 49.152472 ], [ 12.287458, 49.163704 ], [ 12.236882, 49.155443 ], [ 12.176109, 49.220283 ], [ 12.150684, 49.205366 ], [ 12.151608, 49.180545 ], [ 12.093953, 49.145545 ], [ 12.053848, 49.168677 ], [ 12.00604, 49.1609 ], [ 12.002686, 49.18388 ], [ 11.935904, 49.19507 ], [ 11.934221, 49.221074 ], [ 11.94835, 49.217324 ], [ 11.945014, 49.236828 ], [ 11.973618, 49.251286 ], [ 11.946282, 49.274309 ], [ 11.975608, 49.281838 ], [ 11.969959, 49.305425 ], [ 11.997455, 49.326102 ], [ 11.997213, 49.34968 ], [ 12.056903, 49.354714 ], [ 12.049474, 49.390514 ], [ 12.006613, 49.394994 ], [ 11.981487, 49.423732 ], [ 12.032256, 49.433028 ], [ 12.038932, 49.490628 ], [ 12.088801, 49.485127 ], [ 12.074993, 49.527113 ], [ 12.092243, 49.542432 ], [ 12.179006, 49.570138 ], [ 12.197426, 49.591292 ], [ 12.238432, 49.577966 ], [ 12.244315, 49.554602 ], [ 12.296692, 49.535428 ], [ 12.30047, 49.519978 ], [ 12.344814, 49.506194 ], [ 12.406342, 49.530871 ], [ 12.441335, 49.52356 ], [ 12.480006, 49.550109 ], [ 12.593779, 49.542191 ], [ 12.640942, 49.524946 ], [ 12.633764, 49.476195 ] ] ] } },
{ "type": "Feature", "properties": { "loc": "DE23A" }, "geometry": { "type": "Polygon", "coordinates": [ [ [ 11.813592, 49.956426 ], [ 12.069841, 49.99204 ], [ 12.106272, 49.978873 ], [ 12.189717, 50.00117 ], [ 12.201444, 50.031136 ], [ 12.240505, 50.037217 ], [ 12.260799, 50.058156 ], [ 12.307593, 50.055345 ], [ 12.431791, 49.987919 ], [ 12.49076, 49.978837 ], [ 12.476861, 49.939765 ], [ 12.539878, 49.922933 ], [ 12.550989, 49.905088 ], [ 12.476498, 49.834575 ], [ 12.46745, 49.785871 ], [ 12.401524, 49.758373 ], [ 12.240324, 49.772463 ], [ 12.173885, 49.851555 ], [ 12.103326, 49.818557 ], [ 12.080182, 49.787647 ], [ 12.021148, 49.789235 ], [ 11.99039, 49.817725 ], [ 11.888749, 49.808403 ], [ 11.865922, 49.824941 ], [ 11.813592, 49.956426 ] ] ] } },
{ "type": "Feature", "properties": { "loc": "DE241" }, "geometry": { "type": "Polygon", "coordinates": [ [ [ 10.841897, 49.915714 ], [ 10.923597, 49.924988 ], [ 10.945266, 49.90737 ], [ 10.950382, 49.858815 ], [ 10.924723, 49.844937 ], [ 10.839407, 49.875573 ], [ 10.826936, 49.89817 ], [ 10.841897, 49.915714 ] ] ] } },
{ "type": "Feature", "properties": { "loc": "DE242" }, "geometry": { "type": "Polygon", "coordinates": [ [ [ 11.496207, 49.945748 ], [ 11.582356, 49.976521 ], [ 11.655558, 49.972157 ], [ 11.638938, 49.957151 ], [ 11.664474, 49.940131 ], [ 11.62445, 49.921973 ], [ 11.614988, 49.892933 ], [ 11.578161, 49.89166 ], [ 11.554616, 49.892474 ], [ 11.560781, 49.909622 ], [ 11.496207, 49.945748 ] ] ] } },
{ "type": "Feature", "properties": { "loc": "DE243" }, "geometry": { "type": "Polygon", "coordinates": [ [ [ 10.893712, 50.280581 ], [ 10.960025, 50.298117 ], [ 11.014492, 50.26701 ], [ 11.059309, 50.265424 ], [ 10.97787, 50.221221 ], [ 10.960139, 50.24345 ], [ 10.908616, 50.241085 ], [ 10.899419, 50.252565 ], [ 10.917638, 50.266861 ], [ 10.893712, 50.280581 ] ] ] } },
{ "type": "Feature", "properties": { "loc": "DE244" }, "geometry": { "type": "Polygon", "coordinates": [ [ [ 11.808296, 50.309115 ], [ 11.878848, 50.327334 ], [ 11.881262, 50.353719 ], [ 11.970481, 50.329859 ], [ 11.90839, 50.268009 ], [ 11.808296, 50.309115 ] ] ] } },
{ "type": "Feature", "properties": { "loc": "DE245" }, "geometry": { "type": "Polygon", "coordinates": [ [ [ 10.448965, 49.822177 ], [ 10.458738, 49.875062 ], [ 10.548145, 49.877717 ], [ 10.608223, 49.85898 ], [ 10.686768, 49.888891 ], [ 10.753396, 49.969771 ], [ 10.759449, 50.023574 ], [ 10.783713, 50.043209 ], [ 10.827847, 50.044712 ], [ 10.860117, 50.091785 ], [ 10.884774, 50.093142 ], [ 10.88489, 50.065054 ], [ 10.905817, 50.040193 ], [ 10.957071, 50.045003 ], [ 11.004863, 50.018219 ], [ 11.178068, 50.054621 ], [ 11.186406, 50.04489 ], [ 11.16354, 50.024642 ], [ 11.246398, 49.989563 ], [ 11.199139, 49.953404 ], [ 11.211544, 49.929446 ], [ 11.18772, 49.906876 ], [ 11.197023, 49.882112 ], [ 11.23811, 49.870473 ], [ 11.221561, 49.837522 ], [ 11.113743, 49.838947 ], [ 11.076067, 49.795648 ], [ 10.965477, 49.772199 ], [ 10.900029, 49.777554 ], [ 10.808732, 49.739562 ], [ 10.720541, 49.785397 ], [ 10.67602, 49.76 ], [ 10.701122, 49.73561 ], [ 10.654418, 49.721123 ], [ 10.638792, 49.739836 ], [ 10.551436, 49.755772 ], [ 10.514323, 49.800249 ], [ 10.474837, 49.787777 ], [ 10.478911, 49.807528 ], [ 10.448965, 49.822177 ] ], [ [ 10.923597, 49.924988 ], [ 10.841897, 49.915714 ], [ 10.826936, 49.89817 ], [ 10.839407, 49.875573 ], [ 10.924723, 49.844937 ], [ 10.950382, 49.858815 ], [ 10.945266, 49.90737 ], [ 10.923597, 49.924988 ] ] ] } },
{ "type": "Feature", "properties": { "loc": "DE246" }, "geometry": { "type": "Polygon", "coordinates": [ [ [ 11.557562, 49.731136 ], [ 11.551228, 49.642226 ], [ 11.473776, 49.642837 ], [ 11.424032, 49.617481 ], [ 11.396669, 49.628652 ], [ 11.359272, 49.67398 ], [ 11.372904, 49.690567 ], [ 11.359231, 49.725336 ], [ 11.385432, 49.758243 ], [ 11.35212, 49.783998 ], [ 11.364135, 49.802596 ], [ 11.333326, 49.814476 ], [ 11.303184, 49.803277 ], [ 11.266059, 49.842944 ], [ 11.265161, 49.868576 ], [ 11.197023, 49.882112 ], [ 11.18772, 49.906876 ], [ 11.211544, 49.929446 ], [ 11.199139, 49.953404 ], [ 11.256808, 49.999958 ], [ 11.284881, 49.967212 ], [ 11.38316, 49.936968 ], [ 11.399988, 49.959073 ], [ 11.425777, 49.960118 ], [ 11.423578, 49.988947 ], [ 11.456754, 49.98146 ], [ 11.579191, 50.010841 ], [ 11.647516, 50.04553 ], [ 11.636807, 50.068841 ], [ 11.677335, 50.085709 ], [ 11.678085, 50.124602 ], [ 11.772127, 50.122295 ], [ 11.810973, 50.092051 ], [ 11.803956, 50.073362 ], [ 11.868472, 50.038515 ], [ 11.861652, 50.02411 ], [ 11.903692, 49.97902 ], [ 11.813592, 49.956426 ], [ 11.832673, 49.900112 ], [ 11.850169, 49.891499 ], [ 11.84169, 49.873815 ], [ 11.854836, 49.847109 ], [ 11.745907, 49.838531 ], [ 11.695444, 49.803761 ], [ 11.64215, 49.805342 ], [ 11.630663, 49.760571 ], [ 11.598554, 49.753282 ], [ 11.585426, 49.729994 ], [ 11.557562, 49.731136 ] ], [ [ 11.496207, 49.945748 ], [ 11.560781, 49.909622 ], [ 11.554616, 49.892474 ], [ 11.578161, 49.89166 ], [ 11.614988, 49.892933 ], [ 11.62445, 49.921973 ], [ 11.664474, 49.940131 ], [ 11.638938, 49.957151 ], [ 11.655558, 49.972157 ], [ 11.582356, 49.976521 ], [ 11.496207, 49.945748 ] ] ] } },
{ "type": "Feature", "properties": { "loc": "DEA11" }, "geometry": { "type": "Polygon", "coordinates": [ [ [ 6.714856, 51.333198 ], [ 6.748324, 51.349377 ], [ 6.805203, 51.348802 ], [ 6.804702, 51.279744 ], [ 6.934351, 51.270491 ], [ 6.926548, 51.24433 ], [ 6.874551, 51.237563 ], [ 6.878093, 51.217796 ], [ 6.918321, 51.192833 ], [ 6.895702, 51.159579 ], [ 6.920945, 51.134733 ], [ 6.85605, 51.126188 ], [ 6.851213, 51.159624 ], [ 6.801022, 51.145963 ], [ 6.791713, 51.179784 ], [ 6.740744, 51.185293 ], [ 6.723028, 51.222754 ], [ 6.693974, 51.228467 ], [ 6.722865, 51.254954 ], [ 6.704762, 51.272297 ], [ 6.732636, 51.310275 ], [ 6.714856, 51.333198 ] ] ] } },
{ "type": "Feature", "properties": { "loc": "DEA12" }, "geometry": { "type": "Polygon", "coordinates": [ [ [ 6.706166, 51.336693 ], [ 6.661371, 51.350594 ], [ 6.671786, 51.383364 ], [ 6.635739, 51.392965 ], [ 6.630286, 51.414845 ], [ 6.661955, 51.41158 ], [ 6.675836, 51.450002 ], [ 6.637009, 51.502863 ], [ 6.694005, 51.523612 ], [ 6.684297, 51.555453 ], [ 6.78402, 51.533232 ], [ 6.81943, 51.501201 ], [ 6.810042, 51.455255 ], [ 6.83046, 51.35227 ], [ 6.706166, 51.336693 ] ] ] } },
{ "type": "Feature", "properties": { "loc": "DEA13" }, "geometry": { "type": "Polygon", "coordinates": [ [ [ 7.13603, 51.426038 ], [ 7.112839, 51.405531 ], [ 7.117675, 51.380272 ], [ 6.93183, 51.350332 ], [ 6.903744, 51.367426 ], [ 6.940759, 51.392729 ], [ 6.956382, 51.437039 ], [ 6.899922, 51.471285 ], [ 6.901177, 51.485024 ], [ 6.983611, 51.508497 ], [ 7.010207, 51.532728 ], [ 7.072544, 51.484648 ], [ 7.104201, 51.481267 ], [ 7.13603, 51.426038 ] ] ] } },
{ "type": "Feature", "properties": { "loc": "DEA14" }, "geometry": { "type": "Polygon", "coordinates": [ [ [ 6.706166, 51.336693 ], [ 6.625507, 51.307368 ], [ 6.616955, 51.291236 ], [ 6.505085, 51.289945 ], [ 6.493524, 51.300052 ], [ 6.513334, 51.33043 ], [ 6.489741, 51.348401 ], [ 6.481422, 51.393112 ], [ 6.537035, 51.406307 ], [ 6.557877, 51.391316 ], [ 6.635739, 51.392965 ], [ 6.671786, 51.383364 ], [ 6.661371, 51.350594 ], [ 6.706166, 51.336693 ] ] ] } },
{ "type": "Feature", "properties": { "loc": "DEA15" }, "geometry": { "type": "Polygon", "coordinates": [ [ [ 6.522144, 51.225727 ], [ 6.491061, 51.224256 ], [ 6.483956, 51.177741 ], [ 6.518279, 51.178827 ], [ 6.529514, 51.147415 ], [ 6.477184, 51.143015 ], [ 6.475795, 51.115056 ], [ 6.443843, 51.108069 ], [ 6.443994, 51.089785 ], [ 6.358703, 51.099477 ], [ 6.349761, 51.126404 ], [ 6.291136, 51.175551 ], [ 6.314733, 51.18294 ], [ 6.339972, 51.225552 ], [ 6.409497, 51.219383 ], [ 6.458405, 51.245482 ], [ 6.522144, 51.225727 ] ] ] } },
{ "type": "Feature", "properties": { "loc": "DEA16" }, "geometry": { "type": "Polygon", "coordinates": [ [ [ 6.899922, 51.471285 ], [ 6.956382, 51.437039 ], [ 6.940759, 51.392729 ], [ 6.903744, 51.367426 ], [ 6.83046, 51.35227 ], [ 6.810042, 51.455255 ], [ 6.899922, 51.471285 ] ] ] } },
{ "type": "Feature", "properties": { "loc": "DEA17" }, "geometry": { "type": "Polygon", "coordinates": [ [ [ 6.78402, 51.533232 ], [ 6.786559, 51.549809 ], [ 6.833152, 51.579648 ], [ 6.928413, 51.497958 ], [ 6.899922, 51.471285 ], [ 6.828038, 51.449318 ], [ 6.810042, 51.455255 ], [ 6.81943, 51.501201 ], [ 6.78402, 51.533232 ] ] ] } },
{ "type": "Feature", "properties": { "loc": "DEA18" }, "geometry": { "type": "Polygon", "coordinates": [ [ [ 7.249052, 51.158466 ], [ 7.141761, 51.147038 ], [ 7.137166, 51.165515 ], [ 7.172637, 51.211173 ], [ 7.235576, 51.223459 ], [ 7.295807, 51.205392 ], [ 7.306474, 51.18253 ], [ 7.29436, 51.151902 ], [ 7.26818, 51.145657 ], [ 7.249052, 51.158466 ] ] ] } },
{ "type": "Feature", "properties": { "loc": "DEA19" }, "geometry": { "type": "Polygon", "coordinates": [ [ [ 7.10299, 51.215732 ], [ 7.141761, 51.147038 ], [ 7.16635, 51.153941 ], [ 7.1479, 51.117893 ], [ 7.100655, 51.13621 ], [ 6.997724, 51.117976 ], [ 6.995561, 51.143682 ], [ 6.951094, 51.146978 ], [ 7.083416, 51.220185 ], [ 7.10299, 51.215732 ] ] ] } },
{ "type": "Feature", "properties": { "loc": "DEA1A" }, "geometry": { "type": "Polygon", "coordinates": [ [ [ 7.167288, 51.312902 ], [ 7.190421, 51.296515 ], [ 7.257822, 51.31429 ], [ 7.271079, 51.259096 ], [ 7.306694, 51.238875 ], [ 7.295807, 51.205392 ], [ 7.235576, 51.223459 ], [ 7.172637, 51.211173 ], [ 7.137166, 51.165515 ], [ 7.10299, 51.215732 ], [ 7.046947, 51.20746 ], [ 7.030854, 51.247573 ], [ 7.107092, 51.300451 ], [ 7.167288, 51.312902 ] ] ] } },
{ "type": "Feature", "properties": { "loc": "DEA1B" }, "geometry": { "type": "Polygon", "coordinates": [ [ [ 6.167766, 51.900804 ], [ 6.207381, 51.870649 ], [ 6.280804, 51.872393 ], [ 6.308917, 51.851588 ], [ 6.40778, 51.828092 ], [ 6.43214, 51.804206 ], [ 6.490212, 51.811377 ], [ 6.526174, 51.767612 ], [ 6.490576, 51.75264 ], [ 6.481453, 51.718885 ], [ 6.457292, 51.705529 ], [ 6.422694, 51.712899 ], [ 6.407196, 51.749144 ], [ 6.362973, 51.702849 ], [ 6.373844, 51.67855 ], [ 6.354446, 51.651677 ], [ 6.298852, 51.633369 ], [ 6.384515, 51.566212 ], [ 6.478071, 51.565042 ], [ 6.477527, 51.53316 ], [ 6.455061, 51.5177 ], [ 6.500875, 51.468163 ], [ 6.516644, 51.424997 ], [ 6.455694, 51.406999 ], [ 6.403189, 51.411469 ], [ 6.305955, 51.360466 ], [ 6.224405, 51.364979 ], [ 6.222021, 51.398098 ], [ 6.207672, 51.404707 ], [ 6.222367, 51.46706 ], [ 6.210784, 51.512535 ], [ 6.094877, 51.606416 ], [ 6.113807, 51.654741 ], [ 6.038061, 51.67356 ], [ 6.032316, 51.722144 ], [ 5.953192, 51.747846 ], [ 5.980768, 51.773607 ], [ 5.961122, 51.828724 ], [ 6.065897, 51.860078 ], [ 6.156159, 51.846326 ], [ 6.129437, 51.891285 ], [ 6.167766, 51.900804 ] ] ] } },
{ "type": "Feature", "properties": { "loc": "DEA1C" }, "geometry": { "type": "Polygon", "coordinates": [ [ [ 6.805203, 51.348802 ], [ 6.903744, 51.367426 ], [ 6.961936, 51.348988 ], [ 7.117675, 51.380272 ], [ 7.153548, 51.370703 ], [ 7.149243, 51.339801 ], [ 7.167288, 51.312902 ], [ 7.107092, 51.300451 ], [ 7.030854, 51.247573 ], [ 7.046947, 51.20746 ], [ 6.961818, 51.164313 ], [ 6.951094, 51.146978 ], [ 6.998141, 51.13753 ], [ 6.989158, 51.075551 ], [ 6.926333, 51.08197 ], [ 6.898045, 51.064885 ], [ 6.853488, 51.084256 ], [ 6.883248, 51.105412 ], [ 6.85605, 51.126188 ], [ 6.920945, 51.134733 ], [ 6.895702, 51.159579 ], [ 6.918321, 51.192833 ], [ 6.878093, 51.217796 ], [ 6.874551, 51.237563 ], [ 6.926548, 51.24433 ], [ 6.934351, 51.270491 ], [ 6.804702, 51.279744 ], [ 6.805203, 51.348802 ] ] ] } },
{ "type": "Feature", "properties": { "loc": "DEA1D" }, "geometry": { "type": "Polygon", "coordinates": [ [ [ 6.706166, 51.336693 ], [ 6.732636, 51.310275 ], [ 6.704762, 51.272297 ], [ 6.722865, 51.254954 ], [ 6.693974, 51.228467 ], [ 6.723028, 51.222754 ], [ 6.740744, 51.185293 ], [ 6.791713, 51.179784 ], [ 6.801022, 51.145963 ], [ 6.851213, 51.159624 ], [ 6.878995, 51.098209 ], [ 6.811597, 51.051541 ], [ 6.756324, 51.064133 ], [ 6.75765, 51.04343 ], [ 6.71217, 51.016324 ], [ 6.582284, 51.019845 ], [ 6.529752, 51.057901 ], [ 6.480496, 51.034179 ], [ 6.459211, 51.043073 ], [ 6.472415, 51.055343 ], [ 6.449892, 51.064165 ], [ 6.443843, 51.108069 ], [ 6.475795, 51.115056 ], [ 6.477184, 51.143015 ], [ 6.529514, 51.147415 ], [ 6.518279, 51.178827 ], [ 6.483956, 51.177741 ], [ 6.491061, 51.224256 ], [ 6.613246, 51.250396 ], [ 6.585505, 51.286828 ], [ 6.706166, 51.336693 ] ] ] } },
{ "type": "Feature", "properties": { "loc": "DEA1E" }, "geometry": { "type": "Polygon", "coordinates": [ [ [ 6.224405, 51.364979 ], [ 6.305955, 51.360466 ], [ 6.403189, 51.411469 ], [ 6.525673, 51.423408 ], [ 6.537035, 51.406307 ], [ 6.481422, 51.393112 ], [ 6.489741, 51.348401 ], [ 6.513334, 51.33043 ], [ 6.493524, 51.300052 ], [ 6.585505, 51.286828 ], [ 6.613246, 51.250396 ], [ 6.522144, 51.225727 ], [ 6.458405, 51.245482 ], [ 6.409497, 51.219383 ], [ 6.339972, 51.225552 ], [ 6.314733, 51.18294 ], [ 6.291136, 51.175551 ], [ 6.248088, 51.18831 ], [ 6.210198, 51.168623 ], [ 6.160168, 51.191814 ], [ 6.082563, 51.173954 ], [ 6.072657, 51.242587 ], [ 6.224405, 51.364979 ] ] ] } },
{ "type": "Feature", "properties": { "loc": "DEA1F" }, "geometry": { "type": "Polygon", "coordinates": [ [ [ 6.557877, 51.391316 ], [ 6.455061, 51.5177 ], [ 6.477527, 51.53316 ], [ 6.478071, 51.565042 ], [ 6.384515, 51.566212 ], [ 6.298852, 51.633369 ], [ 6.354446, 51.651677 ], [ 6.373844, 51.67855 ], [ 6.362973, 51.702849 ], [ 6.407196, 51.749144 ], [ 6.422694, 51.712899 ], [ 6.457292, 51.705529 ], [ 6.481453, 51.718885 ], [ 6.490576, 51.75264 ], [ 6.526174, 51.767612 ], [ 6.490212, 51.811377 ], [ 6.51637, 51.814565 ], [ 6.569853, 51.791733 ], [ 6.634546, 51.797536 ], [ 6.671583, 51.778464 ], [ 6.757325, 51.773222 ], [ 6.775509, 51.748086 ], [ 6.828587, 51.732671 ], [ 6.910862, 51.746098 ], [ 6.936425, 51.712432 ], [ 6.89855, 51.66144 ], [ 6.902276, 51.635684 ], [ 6.867745, 51.631147 ], [ 6.851402, 51.607155 ], [ 6.857554, 51.589421 ], [ 6.815472, 51.573841 ], [ 6.78402, 51.533232 ], [ 6.684297, 51.555453 ], [ 6.694005, 51.523612 ], [ 6.637009, 51.502863 ], [ 6.675836, 51.450002 ], [ 6.661955, 51.41158 ], [ 6.630286, 51.414845 ], [ 6.635739, 51.392965 ], [ 6.557877, 51.391316 ] ] ] } },
{ "type": "Feature", "properties": { "loc": "DEA22" }, "geometry": { "type": "Polygon", "coordinates": [ [ [ 7.210872, 50.649543 ], [ 7.10792, 50.657404 ], [ 7.063342, 50.634742 ], [ 7.033209, 50.651906 ], [ 7.040588, 50.757237 ], [ 7.126776, 50.772927 ], [ 7.199677, 50.743802 ], [ 7.192674, 50.713527 ], [ 7.171545, 50.699007 ], [ 7.210872, 50.649543 ] ] ] } },
{ "type": "Feature", "properties": { "loc": "DEA23" }, "geometry": { "type": "Polygon", "coordinates": [ [ [ 6.853488, 51.084256 ], [ 6.980567, 51.012422 ], [ 7.067906, 51.01874 ], [ 7.072061, 50.990932 ], [ 7.096854, 50.977734 ], [ 7.092515, 50.955427 ], [ 7.141538, 50.942651 ], [ 7.13974, 50.885058 ], [ 7.161282, 50.867294 ], [ 7.084802, 50.832736 ], [ 7.048369, 50.848836 ], [ 6.930949, 50.842915 ], [ 6.910797, 50.892901 ], [ 6.851023, 50.908579 ], [ 6.820317, 50.938167 ], [ 6.839809, 50.989281 ], [ 6.835676, 51.022478 ], [ 6.773633, 51.06439 ], [ 6.811597, 51.051541 ], [ 6.853488, 51.084256 ] ] ] } },
{ "type": "Feature", "properties": { "loc": "DEA24" }, "geometry": { "type": "Polygon", "coordinates": [ [ [ 6.898045, 51.064885 ], [ 6.918901, 51.080736 ], [ 6.973599, 51.068536 ], [ 6.990594, 51.091598 ], [ 7.068761, 51.096263 ], [ 7.066376, 51.071602 ], [ 7.112263, 51.062292 ], [ 7.094252, 51.030283 ], [ 7.067906, 51.01874 ], [ 6.980567, 51.012422 ], [ 6.898045, 51.064885 ] ] ] } },
{ "type": "Feature", "properties": { "loc": "DEA26" }, "geometry": { "type": "Polygon", "coordinates": [ [ [ 6.480496, 51.034179 ], [ 6.461637, 51.003465 ], [ 6.496447, 50.976352 ], [ 6.484968, 50.957039 ], [ 6.520379, 50.929506 ], [ 6.527071, 50.895074 ], [ 6.555356, 50.887096 ], [ 6.560955, 50.852881 ], [ 6.620078, 50.825456 ], [ 6.704526, 50.832194 ], [ 6.71428, 50.808096 ], [ 6.682632, 50.772594 ], [ 6.697287, 50.732073 ], [ 6.682557, 50.718722 ], [ 6.630655, 50.729408 ], [ 6.591074, 50.70644 ], [ 6.59775, 50.674659 ], [ 6.57022, 50.657427 ], [ 6.554111, 50.602386 ], [ 6.429174, 50.617669 ], [ 6.392456, 50.608173 ], [ 6.407123, 50.638204 ], [ 6.374571, 50.66599 ], [ 6.333486, 50.653307 ], [ 6.290285, 50.673618 ], [ 6.355805, 50.759582 ], [ 6.351666, 50.783719 ], [ 6.318353, 50.774207 ], [ 6.303833, 50.791698 ], [ 6.335849, 50.815782 ], [ 6.336651, 50.834634 ], [ 6.298281, 50.881032 ], [ 6.231443, 50.866796 ], [ 6.204232, 50.896608 ], [ 6.229617, 50.934989 ], [ 6.194494, 50.950133 ], [ 6.199979, 50.968383 ], [ 6.290664, 51.022737 ], [ 6.348793, 51.015795 ], [ 6.378287, 51.033455 ], [ 6.480496, 51.034179 ] ] ] } },
{ "type": "Feature", "properties": { "loc": "DEG0J" }, "geometry": { "type": "Polygon", "coordinates": [ [ [ 11.547322, 50.989057 ], [ 11.667531, 51.032743 ], [ 11.696939, 51.087491 ], [ 11.704102, 51.071442 ], [ 11.764578, 51.047645 ], [ 11.885904, 51.055096 ], [ 11.916073, 51.02866 ], [ 11.972886, 51.016734 ], [ 11.972947, 50.99399 ], [ 12.005331, 50.989458 ], [ 12.021173, 50.947952 ], [ 11.968601, 50.947819 ], [ 11.959318, 50.927395 ], [ 11.876657, 50.883921 ], [ 11.911688, 50.856456 ], [ 11.893439, 50.84335 ], [ 11.902145, 50.811214 ], [ 11.864244, 50.802413 ], [ 11.866546, 50.788067 ], [ 11.757196, 50.78358 ], [ 11.727379, 50.796687 ], [ 11.706551, 50.764784 ], [ 11.54471, 50.750794 ], [ 11.423872, 50.808599 ], [ 11.456522, 50.834995 ], [ 11.44336, 50.862867 ], [ 11.504811, 50.906242 ], [ 11.550729, 50.894036 ], [ 11.557383, 50.876847 ], [ 11.541432, 50.86533 ], [ 11.559966, 50.858613 ], [ 11.655749, 50.883095 ], [ 11.662751, 50.955912 ], [ 11.618706, 50.973766 ], [ 11.567619, 50.970259 ], [ 11.547322, 50.989057 ] ] ] } },
{ "type": "Feature", "properties": { "loc": "DEG0K" }, "geometry": { "type": "Polygon", "coordinates": [ [ [ 11.54471, 50.750794 ], [ 11.706551, 50.764784 ], [ 11.727379, 50.796687 ], [ 11.757196, 50.78358 ], [ 11.898617, 50.78604 ], [ 11.939731, 50.765866 ], [ 11.872315, 50.716131 ], [ 11.868971, 50.667604 ], [ 11.887582, 50.659218 ], [ 11.882811, 50.633879 ], [ 11.898459, 50.612984 ], [ 11.944138, 50.591275 ], [ 11.924049, 50.561277 ], [ 11.875392, 50.539769 ], [ 11.891089, 50.518299 ], [ 11.928427, 50.521109 ], [ 11.959542, 50.489228 ], [ 11.941499, 50.460629 ], [ 11.893571, 50.446191 ], [ 11.919323, 50.424728 ], [ 11.827725, 50.392724 ], [ 11.78815, 50.417689 ], [ 11.624949, 50.388941 ], [ 11.57735, 50.399704 ], [ 11.523562, 50.377258 ], [ 11.513133, 50.395684 ], [ 11.482899, 50.401606 ], [ 11.492512, 50.54159 ], [ 11.570401, 50.552066 ], [ 11.631188, 50.594129 ], [ 11.62882, 50.609391 ], [ 11.534162, 50.608596 ], [ 11.499188, 50.679393 ], [ 11.464792, 50.699633 ], [ 11.54471, 50.750794 ] ] ] } },
{ "type": "Feature", "properties": { "loc": "DED52" }, "geometry": { "type": "Polygon", "coordinates": [ [ [ 12.498738, 51.360504 ], [ 12.609352, 51.385046 ], [ 12.646651, 51.408336 ], [ 12.648573, 51.439197 ], [ 12.66816, 51.449056 ], [ 12.79318, 51.467008 ], [ 12.938071, 51.411195 ], [ 12.904653, 51.389901 ], [ 12.93477, 51.35874 ], [ 12.903301, 51.348205 ], [ 12.872769, 51.305679 ], [ 12.927284, 51.265667 ], [ 12.911843, 51.226334 ], [ 12.926016, 51.218207 ], [ 12.894859, 51.205256 ], [ 12.857016, 51.15892 ], [ 12.88865, 51.131796 ], [ 12.887382, 51.101075 ], [ 12.745387, 51.102007 ], [ 12.722108, 51.065947 ], [ 12.727201, 51.00535 ], [ 12.617355, 50.980793 ], [ 12.534826, 50.999318 ], [ 12.536095, 51.022321 ], [ 12.507471, 51.031152 ], [ 12.502823, 51.060446 ], [ 12.456681, 51.081171 ], [ 12.372059, 51.07919 ], [ 12.333792, 51.101394 ], [ 12.283547, 51.091924 ], [ 12.22947, 51.105597 ], [ 12.236655, 51.13163 ], [ 12.197849, 51.144626 ], [ 12.210824, 51.179617 ], [ 12.176352, 51.185898 ], [ 12.200774, 51.214831 ], [ 12.152009, 51.318224 ], [ 12.243203, 51.348472 ], [ 12.240431, 51.31618 ], [ 12.267469, 51.287708 ], [ 12.250166, 51.277065 ], [ 12.262511, 51.239733 ], [ 12.310599, 51.244589 ], [ 12.355042, 51.293271 ], [ 12.439091, 51.283237 ], [ 12.482331, 51.260571 ], [ 12.539079, 51.322515 ], [ 12.498738, 51.360504 ] ] ] } },
{ "type": "Feature", "properties": { "loc": "DED53" }, "geometry": { "type": "Polygon", "coordinates": [ [ [ 12.580263, 51.626065 ], [ 12.636938, 51.617897 ], [ 12.688985, 51.660697 ], [ 12.768926, 51.64846 ], [ 12.840541, 51.682966 ], [ 12.869413, 51.659036 ], [ 12.942651, 51.64125 ], [ 12.993718, 51.667883 ], [ 13.024547, 51.640312 ], [ 13.051025, 51.647677 ], [ 13.088003, 51.609339 ], [ 13.120169, 51.616168 ], [ 13.154961, 51.597641 ], [ 13.14536, 51.567835 ], [ 13.185278, 51.553488 ], [ 13.20731, 51.517798 ], [ 13.185351, 51.474646 ], [ 13.21015, 51.404736 ], [ 13.185483, 51.37866 ], [ 13.203586, 51.366992 ], [ 13.211846, 51.29531 ], [ 13.198708, 51.230405 ], [ 13.025772, 51.201569 ], [ 12.981492, 51.222936 ], [ 12.911843, 51.226334 ], [ 12.927284, 51.265667 ], [ 12.872769, 51.305679 ], [ 12.903301, 51.348205 ], [ 12.93477, 51.35874 ], [ 12.904653, 51.389901 ], [ 12.938071, 51.411195 ], [ 12.79318, 51.467008 ], [ 12.66816, 51.449056 ], [ 12.648573, 51.439197 ], [ 12.646651, 51.408336 ], [ 12.609352, 51.385046 ], [ 12.498738, 51.360504 ], [ 12.471476, 51.367399 ], [ 12.460012, 51.41273 ], [ 12.489994, 51.429568 ], [ 12.447148, 51.445984 ], [ 12.393385, 51.42056 ], [ 12.27127, 51.41772 ], [ 12.243203, 51.348472 ], [ 12.193545, 51.332518 ], [ 12.175386, 51.404778 ], [ 12.186763, 51.423692 ], [ 12.160008, 51.435122 ], [ 12.152807, 51.4606 ], [ 12.20313, 51.489975 ], [ 12.198939, 51.53132 ], [ 12.240949, 51.562951 ], [ 12.287591, 51.561399 ], [ 12.342817, 51.585025 ], [ 12.41826, 51.582853 ], [ 12.442048, 51.607063 ], [ 12.494691, 51.600136 ], [ 12.580263, 51.626065 ] ], [ [ 13.172513, 51.432368 ], [ 13.188999, 51.423684 ], [ 13.191488, 51.438645 ], [ 13.172513, 51.432368 ] ] ] } },
{ "type": "Feature", "properties": { "loc": "DEE01" }, "geometry": { "type": "Polygon", "coordinates": [ [ [ 12.281267, 51.970292 ], [ 12.279201, 51.947811 ], [ 12.31664, 51.941734 ], [ 12.318537, 51.889088 ], [ 12.287312, 51.862699 ], [ 12.320304, 51.831735 ], [ 12.310719, 51.801731 ], [ 12.339109, 51.78699 ], [ 12.347678, 51.739051 ], [ 12.335907, 51.733814 ], [ 12.282072, 51.792194 ], [ 12.219852, 51.761177 ], [ 12.12413, 51.791608 ], [ 12.141095, 51.857738 ], [ 12.118877, 51.875657 ], [ 12.12238, 51.89054 ], [ 12.17642, 51.904028 ], [ 12.164866, 51.926563 ], [ 12.216144, 51.960136 ], [ 12.281267, 51.970292 ] ] ] } },
{ "type": "Feature", "properties": { "loc": "DEE02" }, "geometry": { "type": "Polygon", "coordinates": [ [ [ 11.858944, 51.514007 ], [ 11.879661, 51.534768 ], [ 11.917491, 51.525204 ], [ 12.015287, 51.540019 ], [ 12.035956, 51.497831 ], [ 12.087619, 51.490031 ], [ 12.054153, 51.474633 ], [ 12.010499, 51.403373 ], [ 11.983244, 51.402492 ], [ 11.9527, 51.408642 ], [ 11.951317, 51.43202 ], [ 11.920392, 51.439762 ], [ 11.929624, 51.451715 ], [ 11.911765, 51.464833 ], [ 11.872775, 51.474986 ], [ 11.864294, 51.491874 ], [ 11.876916, 51.493804 ], [ 11.858944, 51.514007 ] ] ] } },
{ "type": "Feature", "properties": { "loc": "DEE03" }, "geometry": { "type": "Polygon", "coordinates": [ [ [ 11.748725, 52.093201 ], [ 11.753687, 52.064449 ], [ 11.733619, 52.044637 ], [ 11.637069, 52.030118 ], [ 11.596868, 52.067741 ], [ 11.522714, 52.069159 ], [ 11.569278, 52.173665 ], [ 11.642515, 52.196236 ], [ 11.641344, 52.227296 ], [ 11.669943, 52.225993 ], [ 11.704552, 52.199471 ], [ 11.691018, 52.186107 ], [ 11.71976, 52.14122 ], [ 11.71995, 52.110323 ], [ 11.748725, 52.093201 ] ] ] } },
{ "type": "Feature", "properties": { "loc": "DEE04" }, "geometry": { "type": "Polygon", "coordinates": [ [ [ 11.597797, 52.486898 ], [ 11.558877, 52.410291 ], [ 11.450747, 52.388503 ], [ 11.44654, 52.408525 ], [ 11.378345, 52.428429 ], [ 11.145856, 52.435538 ], [ 11.095103, 52.455124 ], [ 11.055707, 52.504878 ], [ 11.008782, 52.496747 ], [ 10.95876, 52.536676 ], [ 10.94045, 52.562565 ], [ 10.944262, 52.588924 ], [ 10.974174, 52.622963 ], [ 10.921609, 52.6144 ], [ 10.829131, 52.713573 ], [ 10.795829, 52.719064 ], [ 10.761002, 52.779058 ], [ 10.758597, 52.816987 ], [ 10.77024, 52.841008 ], [ 10.939049, 52.855369 ], [ 10.99748, 52.90831 ], [ 11.091992, 52.911876 ], [ 11.107624, 52.896811 ], [ 11.156914, 52.90478 ], [ 11.31036, 52.878734 ], [ 11.464204, 52.93586 ], [ 11.564101, 52.92883 ], [ 11.626407, 52.898524 ], [ 11.627193, 52.864447 ], [ 11.475565, 52.837563 ], [ 11.485257, 52.817592 ], [ 11.530721, 52.808723 ], [ 11.509605, 52.77705 ], [ 11.549985, 52.760414 ], [ 11.514002, 52.70535 ], [ 11.480191, 52.684441 ], [ 11.480805, 52.651835 ], [ 11.406864, 52.624073 ], [ 11.482998, 52.605387 ], [ 11.583538, 52.611058 ], [ 11.573045, 52.536493 ], [ 11.597797, 52.486898 ] ] ] } },
{ "type": "Feature", "properties": { "loc": "DEE05" }, "geometry": { "type": "Polygon", "coordinates": [ [ [ 11.890957, 52.00206 ], [ 11.947546, 52.008208 ], [ 12.080358, 52.074697 ], [ 12.179183, 52.078647 ], [ 12.21947, 52.101014 ], [ 12.313976, 52.091731 ], [ 12.376123, 52.045119 ], [ 12.369139, 52.026472 ], [ 12.268141, 51.986839 ], [ 12.281267, 51.970292 ], [ 12.216144, 51.960136 ], [ 12.164866, 51.926563 ], [ 12.17642, 51.904028 ], [ 12.12238, 51.89054 ], [ 12.118877, 51.875657 ], [ 12.141095, 51.857738 ], [ 12.12413, 51.791608 ], [ 12.219852, 51.761177 ], [ 12.282072, 51.792194 ], [ 12.335907, 51.733814 ], [ 12.326889, 51.722658 ], [ 12.353238, 51.712714 ], [ 12.352274, 51.686563 ], [ 12.465808, 51.703707 ], [ 12.512135, 51.664161 ], [ 12.568705, 51.66585 ], [ 12.566818, 51.636166 ], [ 12.580263, 51.626065 ], [ 12.494691, 51.600136 ], [ 12.442048, 51.607063 ], [ 12.41826, 51.582853 ], [ 12.342817, 51.585025 ], [ 12.287591, 51.561399 ], [ 12.240949, 51.562951 ], [ 12.198939, 51.53132 ], [ 12.15847, 51.579922 ], [ 12.036965, 51.589348 ], [ 12.033895, 51.642815 ], [ 11.917008, 51.648244 ], [ 11.841172, 51.687195 ], [ 11.856896, 51.737271 ], [ 11.887434, 51.757784 ], [ 11.852261, 51.783645 ], [ 11.880666, 51.815029 ], [ 11.862466, 51.841962 ], [ 11.931481, 51.87797 ], [ 12.016867, 51.876833 ], [ 11.889549, 51.974828 ], [ 11.890957, 52.00206 ] ] ] } },
{ "type": "Feature", "properties": { "loc": "DEE06" }, "geometry": { "type": "Polygon", "coordinates": [ [ [ 11.805297, 52.334611 ], [ 11.851886, 52.331578 ], [ 11.935637, 52.375633 ], [ 11.93432, 52.392376 ], [ 11.990078, 52.431186 ], [ 11.999342, 52.461251 ], [ 11.96371, 52.51748 ], [ 11.990496, 52.572756 ], [ 11.995062, 52.521328 ], [ 12.077295, 52.537653 ], [ 12.111002, 52.508483 ], [ 12.187866, 52.498249 ], [ 12.252484, 52.517314 ], [ 12.271002, 52.492361 ], [ 12.303902, 52.492888 ], [ 12.32464, 52.476049 ], [ 12.278806, 52.415096 ], [ 12.299521, 52.403975 ], [ 12.302479, 52.376817 ], [ 12.288461, 52.363634 ], [ 12.304196, 52.342845 ], [ 12.248703, 52.252373 ], [ 12.287586, 52.226219 ], [ 12.252518, 52.21165 ], [ 12.220505, 52.172615 ], [ 12.276725, 52.104018 ], [ 12.21947, 52.101014 ], [ 12.133966, 52.07076 ], [ 12.080358, 52.074697 ], [ 11.947546, 52.008208 ], [ 11.890957, 52.00206 ], [ 11.841959, 52.035903 ], [ 11.845579, 52.055731 ], [ 11.770103, 52.069472 ], [ 11.71995, 52.110323 ], [ 11.71976, 52.14122 ], [ 11.691018, 52.186107 ], [ 11.710998, 52.209325 ], [ 11.704167, 52.24031 ], [ 11.805297, 52.334611 ] ] ] } },
{ "type": "Feature", "properties": { "loc": "DEE07" }, "geometry": { "type": "Polygon", "coordinates": [ [ [ 11.81831, 52.334209 ], [ 11.817542, 52.346657 ], [ 11.790441, 52.350034 ], [ 11.805297, 52.334611 ], [ 11.704167, 52.24031 ], [ 11.704552, 52.199471 ], [ 11.669943, 52.225993 ], [ 11.641344, 52.227296 ], [ 11.642515, 52.196236 ], [ 11.569278, 52.173665 ], [ 11.54264, 52.131938 ], [ 11.522714, 52.069159 ], [ 11.596868, 52.067741 ], [ 11.637069, 52.030118 ], [ 11.603311, 52.016615 ], [ 11.593283, 51.966777 ], [ 11.511283, 51.964122 ], [ 11.442703, 52.005554 ], [ 11.415389, 52.002938 ], [ 11.349623, 51.965914 ], [ 11.364975, 51.931955 ], [ 11.340848, 51.901234 ], [ 11.261675, 51.896958 ], [ 11.198391, 51.924653 ], [ 11.172971, 51.920038 ], [ 11.163815, 51.938354 ], [ 11.17657, 51.95893 ], [ 11.156914, 51.9689 ], [ 11.147787, 51.998549 ], [ 11.101139, 52.004817 ], [ 11.061095, 52.036781 ], [ 10.964415, 52.056643 ], [ 10.952613, 52.101697 ], [ 11.045846, 52.14122 ], [ 11.056107, 52.167047 ], [ 11.017804, 52.197432 ], [ 11.080047, 52.228527 ], [ 11.02145, 52.281281 ], [ 11.031577, 52.308366 ], [ 10.995311, 52.337496 ], [ 11.053723, 52.351753 ], [ 11.065664, 52.373166 ], [ 10.962806, 52.436379 ], [ 10.934543, 52.471795 ], [ 10.953032, 52.494635 ], [ 11.055707, 52.504878 ], [ 11.095103, 52.455124 ], [ 11.145856, 52.435538 ], [ 11.378345, 52.428429 ], [ 11.44654, 52.408525 ], [ 11.450747, 52.388503 ], [ 11.558877, 52.410291 ], [ 11.587163, 52.458694 ], [ 11.69459, 52.459137 ], [ 11.727811, 52.407407 ], [ 11.773704, 52.400685 ], [ 11.788856, 52.415416 ], [ 11.837416, 52.399914 ], [ 11.828019, 52.3709 ], [ 11.853458, 52.352568 ], [ 11.851886, 52.331578 ], [ 11.81831, 52.334209 ] ] ] } },
{ "type": "Feature", "properties": { "loc": "DE247" }, "geometry": { "type": "Polygon", "coordinates": [ [ [ 10.860117, 50.091785 ], [ 10.873262, 50.145299 ], [ 10.77921, 50.152104 ], [ 10.777415, 50.194146 ], [ 10.729202, 50.230005 ], [ 10.733484, 50.249983 ], [ 10.825033, 50.238591 ], [ 10.850611, 50.260028 ], [ 10.719605, 50.321652 ], [ 10.718084, 50.361141 ], [ 10.877132, 50.394793 ], [ 10.945719, 50.386466 ], [ 10.988307, 50.34893 ], [ 11.000221, 50.364169 ], [ 11.045794, 50.347082 ], [ 11.111722, 50.365664 ], [ 11.156536, 50.329758 ], [ 11.13517, 50.310504 ], [ 11.140355, 50.292652 ], [ 11.189943, 50.271185 ], [ 11.197847, 50.257679 ], [ 11.173564, 50.206471 ], [ 11.198185, 50.202095 ], [ 11.173874, 50.187127 ], [ 11.115047, 50.194599 ], [ 11.104349, 50.208393 ], [ 10.990751, 50.212007 ], [ 11.004524, 50.179463 ], [ 10.925603, 50.149431 ], [ 10.941901, 50.119248 ], [ 10.860117, 50.091785 ] ], [ [ 10.893712, 50.280581 ], [ 10.917638, 50.266861 ], [ 10.899419, 50.252565 ], [ 10.908616, 50.241085 ], [ 10.960139, 50.24345 ], [ 10.97787, 50.221221 ], [ 11.059309, 50.265424 ], [ 11.014492, 50.26701 ], [ 10.960025, 50.298117 ], [ 10.893712, 50.280581 ] ] ] } },
{ "type": "Feature", "properties": { "loc": "DE248" }, "geometry": { "type": "Polygon", "coordinates": [ [ [ 10.927336, 49.76843 ], [ 11.076067, 49.795648 ], [ 11.113743, 49.838947 ], [ 11.221561, 49.837522 ], [ 11.23811, 49.870473 ], [ 11.265161, 49.868576 ], [ 11.266059, 49.842944 ], [ 11.303184, 49.803277 ], [ 11.333326, 49.814476 ], [ 11.364135, 49.802596 ], [ 11.35212, 49.783998 ], [ 11.385432, 49.758243 ], [ 11.359231, 49.725336 ], [ 11.368694, 49.666708 ], [ 11.280305, 49.604301 ], [ 11.120182, 49.589419 ], [ 11.061604, 49.634463 ], [ 11.030787, 49.628632 ], [ 11.053483, 49.655036 ], [ 11.052269, 49.679238 ], [ 11.018737, 49.673112 ], [ 10.929881, 49.703779 ], [ 10.947171, 49.719913 ], [ 10.923539, 49.738725 ], [ 10.927336, 49.76843 ] ] ] } },
{ "type": "Feature", "properties": { "loc": "DE249" }, "geometry": { "type": "Polygon", "coordinates": [ [ [ 12.160679, 50.219849 ], [ 12.08098, 50.223653 ], [ 11.999141, 50.171592 ], [ 11.965759, 50.198743 ], [ 11.939038, 50.197387 ], [ 11.929392, 50.169866 ], [ 11.789114, 50.103248 ], [ 11.772127, 50.122295 ], [ 11.65771, 50.119759 ], [ 11.647976, 50.125801 ], [ 11.679326, 50.154158 ], [ 11.657961, 50.164681 ], [ 11.672012, 50.192124 ], [ 11.650607, 50.225535 ], [ 11.611425, 50.230164 ], [ 11.609549, 50.264547 ], [ 11.541264, 50.265412 ], [ 11.562997, 50.292172 ], [ 11.532809, 50.32797 ], [ 11.542235, 50.352949 ], [ 11.572608, 50.363178 ], [ 11.57304, 50.379984 ], [ 11.604678, 50.387796 ], [ 11.603291, 50.398766 ], [ 11.68197, 50.39387 ], [ 11.78815, 50.417689 ], [ 11.827725, 50.392724 ], [ 11.919323, 50.424728 ], [ 11.97929, 50.388855 ], [ 11.984833, 50.352706 ], [ 12.088281, 50.329286 ], [ 12.121473, 50.305463 ], [ 12.1326, 50.280288 ], [ 12.100236, 50.250989 ], [ 12.160679, 50.219849 ] ], [ [ 11.808296, 50.309115 ], [ 11.90839, 50.268009 ], [ 11.970481, 50.329859 ], [ 11.881262, 50.353719 ], [ 11.878848, 50.327334 ], [ 11.808296, 50.309115 ] ] ] } },
{ "type": "Feature", "properties": { "loc": "DE24A" }, "geometry": { "type": "Polygon", "coordinates": [ [ [ 11.342196, 50.160312 ], [ 11.278371, 50.163028 ], [ 11.228838, 50.186492 ], [ 11.227802, 50.202018 ], [ 11.173564, 50.206471 ], [ 11.200926, 50.288542 ], [ 11.244339, 50.270289 ], [ 11.258599, 50.277987 ], [ 11.259661, 50.330485 ], [ 11.281069, 50.362931 ], [ 11.247646, 50.469631 ], [ 11.316493, 50.490216 ], [ 11.350922, 50.520913 ], [ 11.419404, 50.51539 ], [ 11.438124, 50.500412 ], [ 11.422255, 50.49074 ], [ 11.422923, 50.444986 ], [ 11.481568, 50.431621 ], [ 11.482899, 50.401606 ], [ 11.513133, 50.395684 ], [ 11.523562, 50.377258 ], [ 11.57735, 50.399704 ], [ 11.604678, 50.387796 ], [ 11.542235, 50.352949 ], [ 11.532809, 50.32797 ], [ 11.562997, 50.292172 ], [ 11.541264, 50.265412 ], [ 11.437124, 50.217834 ], [ 11.420885, 50.200722 ], [ 11.428883, 50.182381 ], [ 11.376349, 50.189961 ], [ 11.342196, 50.160312 ] ] ] } },
{ "type": "Feature", "properties": { "loc": "DE24B" }, "geometry": { "type": "Polygon", "coordinates": [ [ [ 11.678085, 50.124602 ], [ 11.677335, 50.085709 ], [ 11.636807, 50.068841 ], [ 11.647516, 50.04553 ], [ 11.579191, 50.010841 ], [ 11.456754, 49.98146 ], [ 11.423578, 49.988947 ], [ 11.425777, 49.960118 ], [ 11.399988, 49.959073 ], [ 11.38316, 49.936968 ], [ 11.284881, 49.967212 ], [ 11.256808, 49.999958 ], [ 11.256847, 50.014528 ], [ 11.299555, 50.038084 ], [ 11.3018, 50.075555 ], [ 11.317315, 50.086995 ], [ 11.306798, 50.10825 ], [ 11.354998, 50.131745 ], [ 11.342196, 50.160312 ], [ 11.376349, 50.189961 ], [ 11.428883, 50.182381 ], [ 11.420885, 50.200722 ], [ 11.437124, 50.217834 ], [ 11.541264, 50.265412 ], [ 11.609549, 50.264547 ], [ 11.611425, 50.230164 ], [ 11.650607, 50.225535 ], [ 11.672012, 50.192124 ], [ 11.657961, 50.164681 ], [ 11.679326, 50.154158 ], [ 11.647976, 50.125801 ], [ 11.678085, 50.124602 ] ] ] } },
{ "type": "Feature", "properties": { "loc": "DE24C" }, "geometry": { "type": "Polygon", "coordinates": [ [ [ 11.246398, 49.989563 ], [ 11.16354, 50.024642 ], [ 11.186406, 50.04489 ], [ 11.178068, 50.054621 ], [ 11.004863, 50.018219 ], [ 10.957071, 50.045003 ], [ 10.905817, 50.040193 ], [ 10.88489, 50.065054 ], [ 10.884774, 50.093142 ], [ 10.893064, 50.110199 ], [ 10.941901, 50.119248 ], [ 10.925603, 50.149431 ], [ 11.004524, 50.179463 ], [ 10.990751, 50.212007 ], [ 11.104349, 50.208393 ], [ 11.115047, 50.194599 ], [ 11.173874, 50.187127 ], [ 11.227802, 50.202018 ], [ 11.228838, 50.186492 ], [ 11.278371, 50.163028 ], [ 11.358743, 50.146866 ], [ 11.306798, 50.10825 ], [ 11.317315, 50.086995 ], [ 11.3018, 50.075555 ], [ 11.299555, 50.038084 ], [ 11.256847, 50.014528 ], [ 11.246398, 49.989563 ] ] ] } },
{ "type": "Feature", "properties": { "loc": "DE24D" }, "geometry": { "type": "Polygon", "coordinates": [ [ [ 11.789114, 50.103248 ], [ 11.929392, 50.169866 ], [ 11.939038, 50.197387 ], [ 11.965759, 50.198743 ], [ 11.999141, 50.171592 ], [ 12.08098, 50.223653 ], [ 12.160679, 50.219849 ], [ 12.211772, 50.167544 ], [ 12.196923, 50.139222 ], [ 12.202392, 50.11062 ], [ 12.269157, 50.0777 ], [ 12.240505, 50.037217 ], [ 12.201444, 50.031136 ], [ 12.189717, 50.00117 ], [ 12.106272, 49.978873 ], [ 12.069841, 49.99204 ], [ 11.919513, 49.972516 ], [ 11.861652, 50.02411 ], [ 11.868472, 50.038515 ], [ 11.803956, 50.073362 ], [ 11.810973, 50.092051 ], [ 11.789114, 50.103248 ] ] ] } },
{ "type": "Feature", "properties": { "loc": "DE251" }, "geometry": { "type": "Polygon", "coordinates": [ [ [ 10.455999, 49.284249 ], [ 10.498242, 49.292479 ], [ 10.474165, 49.32509 ], [ 10.523998, 49.321264 ], [ 10.547227, 49.339582 ], [ 10.587102, 49.342018 ], [ 10.656653, 49.315015 ], [ 10.615341, 49.277111 ], [ 10.645785, 49.25736 ], [ 10.64009, 49.234625 ], [ 10.475086, 49.267279 ], [ 10.455999, 49.284249 ] ] ] } },
{ "type": "Feature", "properties": { "loc": "DE252" }, "geometry": { "type": "Polygon", "coordinates": [ [ [ 10.932828, 49.538251 ], [ 10.919935, 49.568791 ], [ 10.929524, 49.642889 ], [ 10.97722, 49.616838 ], [ 11.044741, 49.610278 ], [ 11.030212, 49.535371 ], [ 10.932828, 49.538251 ] ] ] } },
{ "type": "Feature", "properties": { "loc": "DE253" }, "geometry": { "type": "Polygon", "coordinates": [ [ [ 10.990453, 49.43654 ], [ 10.975496, 49.453729 ], [ 10.905569, 49.47232 ], [ 10.900467, 49.494756 ], [ 10.931001, 49.510068 ], [ 10.934024, 49.534468 ], [ 10.987928, 49.536785 ], [ 11.024825, 49.504904 ], [ 11.023792, 49.474786 ], [ 10.990453, 49.43654 ] ] ] } },
{ "type": "Feature", "properties": { "loc": "DE254" }, "geometry": { "type": "MultiPolygon", "coordinates": [ [ [ [ 11.248831, 49.436348 ], [ 11.264541, 49.44132 ], [ 11.280089, 49.416425 ], [ 11.260571, 49.415797 ], [ 11.248831, 49.436348 ] ] ], [ [ [ 11.169249, 49.388472 ], [ 11.113544, 49.386994 ], [ 11.114588, 49.359829 ], [ 11.06494, 49.336444 ], [ 11.035335, 49.36839 ], [ 10.997797, 49.375885 ], [ 11.022739, 49.400738 ], [ 10.990453, 49.43654 ], [ 11.023792, 49.474786 ], [ 11.024825, 49.504904 ], [ 10.987928, 49.536785 ], [ 11.060365, 49.524674 ], [ 11.070042, 49.506459 ], [ 11.114932, 49.508764 ], [ 11.156914, 49.474226 ], [ 11.178176, 49.474089 ], [ 11.139979, 49.440271 ], [ 11.193483, 49.422934 ], [ 11.169249, 49.388472 ] ] ] ] } },
{ "type": "Feature", "properties": { "loc": "DE255" }, "geometry": { "type": "Polygon", "coordinates": [ [ [ 10.997797, 49.375885 ], [ 11.07981, 49.339275 ], [ 11.083909, 49.316714 ], [ 11.015887, 49.296738 ], [ 10.979863, 49.32448 ], [ 10.989014, 49.337233 ], [ 10.974377, 49.357193 ], [ 10.997797, 49.375885 ] ] ] } },
{ "type": "Feature", "properties": { "loc": "DE256" }, "geometry": { "type": "Polygon", "coordinates": [ [ [ 10.837641, 49.197751 ], [ 10.750671, 49.199788 ], [ 10.657128, 49.130906 ], [ 10.647958, 49.092044 ], [ 10.684759, 49.070106 ], [ 10.667775, 49.02056 ], [ 10.609522, 49.017321 ], [ 10.560598, 49.033178 ], [ 10.537629, 49.007989 ], [ 10.430095, 49.002209 ], [ 10.40985, 48.977435 ], [ 10.344378, 49.027177 ], [ 10.258012, 49.044476 ], [ 10.242239, 49.088993 ], [ 10.216136, 49.10141 ], [ 10.249987, 49.128385 ], [ 10.246799, 49.144836 ], [ 10.132157, 49.20147 ], [ 10.120745, 49.262472 ], [ 10.150352, 49.280914 ], [ 10.137728, 49.321157 ], [ 10.110247, 49.337566 ], [ 10.111967, 49.38491 ], [ 10.155517, 49.393593 ], [ 10.132347, 49.435558 ], [ 10.098949, 49.448505 ], [ 10.118328, 49.473169 ], [ 10.189191, 49.490127 ], [ 10.262002, 49.46955 ], [ 10.257684, 49.446703 ], [ 10.294648, 49.415124 ], [ 10.336658, 49.430598 ], [ 10.353779, 49.412648 ], [ 10.410387, 49.430822 ], [ 10.474791, 49.415817 ], [ 10.516195, 49.448955 ], [ 10.611002, 49.445581 ], [ 10.602756, 49.423521 ], [ 10.735682, 49.432759 ], [ 10.747311, 49.400485 ], [ 10.867839, 49.356126 ], [ 10.867538, 49.32862 ], [ 10.901003, 49.299488 ], [ 10.910415, 49.248861 ], [ 10.837641, 49.197751 ] ], [ [ 10.455999, 49.284249 ], [ 10.475086, 49.267279 ], [ 10.64009, 49.234625 ], [ 10.645785, 49.25736 ], [ 10.615341, 49.277111 ], [ 10.656653, 49.315015 ], [ 10.587102, 49.342018 ], [ 10.547227, 49.339582 ], [ 10.523998, 49.321264 ], [ 10.474165, 49.32509 ], [ 10.498242, 49.292479 ], [ 10.455999, 49.284249 ] ] ] } },
{ "type": "Feature", "properties": { "loc": "DE257" }, "geometry": { "type": "Polygon", "coordinates": [ [ [ 10.927336, 49.76843 ], [ 10.923539, 49.738725 ], [ 10.947171, 49.719913 ], [ 10.929881, 49.703779 ], [ 11.018737, 49.673112 ], [ 11.052269, 49.679238 ], [ 11.053483, 49.655036 ], [ 11.030787, 49.628632 ], [ 11.061604, 49.634463 ], [ 11.120182, 49.589419 ], [ 11.182878, 49.588777 ], [ 11.219123, 49.606219 ], [ 11.280305, 49.604301 ], [ 11.281436, 49.591988 ], [ 11.26582, 49.573973 ], [ 11.194201, 49.560021 ], [ 11.178176, 49.474089 ], [ 11.156914, 49.474226 ], [ 11.114932, 49.508764 ], [ 11.070042, 49.506459 ], [ 11.030212, 49.535371 ], [ 11.044741, 49.610278 ], [ 10.97722, 49.616838 ], [ 10.929524, 49.642889 ], [ 10.919935, 49.568791 ], [ 10.932828, 49.538251 ], [ 10.815766, 49.535607 ], [ 10.791934, 49.578732 ], [ 10.75766, 49.587228 ], [ 10.758379, 49.618459 ], [ 10.783185, 49.654714 ], [ 10.725082, 49.685443 ], [ 10.620249, 49.678229 ], [ 10.594643, 49.695844 ], [ 10.626525, 49.719041 ], [ 10.701122, 49.73561 ], [ 10.67602, 49.76 ], [ 10.720541, 49.785397 ], [ 10.808732, 49.739562 ], [ 10.900029, 49.777554 ], [ 10.927336, 49.76843 ] ] ] } },
{ "type": "Feature", "properties": { "loc": "DE258" }, "geometry": { "type": "Polygon", "coordinates": [ [ [ 10.697352, 49.436273 ], [ 10.684891, 49.494086 ], [ 10.783435, 49.511999 ], [ 10.815766, 49.535607 ], [ 10.90642, 49.545768 ], [ 10.934024, 49.534468 ], [ 10.931001, 49.510068 ], [ 10.900467, 49.494756 ], [ 10.905569, 49.47232 ], [ 10.975496, 49.453729 ], [ 11.022739, 49.400738 ], [ 10.924241, 49.359009 ], [ 10.867839, 49.356126 ], [ 10.747311, 49.400485 ], [ 10.735682, 49.432759 ], [ 10.697352, 49.436273 ] ] ] } },
{ "type": "Feature", "properties": { "loc": "DE259" }, "geometry": { "type": "Polygon", "coordinates": [ [ [ 11.169249, 49.388472 ], [ 11.193483, 49.422934 ], [ 11.139979, 49.440271 ], [ 11.178176, 49.474089 ], [ 11.194201, 49.560021 ], [ 11.26582, 49.573973 ], [ 11.301942, 49.629118 ], [ 11.368694, 49.666708 ], [ 11.424032, 49.617481 ], [ 11.473776, 49.642837 ], [ 11.551228, 49.642226 ], [ 11.560449, 49.714291 ], [ 11.570393, 49.65415 ], [ 11.594851, 49.624004 ], [ 11.561956, 49.608555 ], [ 11.564181, 49.578496 ], [ 11.524946, 49.553822 ], [ 11.543492, 49.540434 ], [ 11.542742, 49.509514 ], [ 11.589073, 49.479126 ], [ 11.557755, 49.419042 ], [ 11.453457, 49.428766 ], [ 11.455846, 49.410056 ], [ 11.376386, 49.355623 ], [ 11.383259, 49.33055 ], [ 11.332548, 49.305746 ], [ 11.247176, 49.325353 ], [ 11.169249, 49.388472 ] ], [ [ 11.248831, 49.436348 ], [ 11.260571, 49.415797 ], [ 11.280089, 49.416425 ], [ 11.264541, 49.44132 ], [ 11.248831, 49.436348 ] ] ] } },
{ "type": "Feature", "properties": { "loc": "DEG0L" }, "geometry": { "type": "Polygon", "coordinates": [ [ [ 12.021173, 50.947952 ], [ 12.041378, 50.933104 ], [ 12.004747, 50.87737 ], [ 12.007308, 50.843343 ], [ 12.03363, 50.823841 ], [ 12.09376, 50.821728 ], [ 12.133966, 50.801998 ], [ 12.150529, 50.807087 ], [ 12.129523, 50.8499 ], [ 12.153665, 50.876305 ], [ 12.136649, 50.929725 ], [ 12.166828, 50.936959 ], [ 12.16353, 50.9586 ], [ 12.181968, 50.972685 ], [ 12.246143, 50.9261 ], [ 12.211569, 50.879821 ], [ 12.221051, 50.861065 ], [ 12.252745, 50.852946 ], [ 12.255115, 50.791673 ], [ 12.28756, 50.781277 ], [ 12.23618, 50.762612 ], [ 12.229706, 50.740116 ], [ 12.269113, 50.731296 ], [ 12.257459, 50.714355 ], [ 12.269555, 50.690868 ], [ 12.318917, 50.676532 ], [ 12.305767, 50.660055 ], [ 12.260541, 50.63473 ], [ 12.151929, 50.620728 ], [ 12.127616, 50.594835 ], [ 12.1391, 50.577514 ], [ 12.088867, 50.574242 ], [ 12.055861, 50.554157 ], [ 12.029143, 50.560127 ], [ 12.009626, 50.626329 ], [ 11.944138, 50.591275 ], [ 11.898459, 50.612984 ], [ 11.882811, 50.633879 ], [ 11.887582, 50.659218 ], [ 11.868971, 50.667604 ], [ 11.872315, 50.716131 ], [ 11.939731, 50.765866 ], [ 11.866546, 50.788067 ], [ 11.864244, 50.802413 ], [ 11.902145, 50.811214 ], [ 11.893439, 50.84335 ], [ 11.911688, 50.856456 ], [ 11.876657, 50.883921 ], [ 11.959318, 50.927395 ], [ 11.968601, 50.947819 ], [ 12.021173, 50.947952 ] ] ] } },
{ "type": "Feature", "properties": { "loc": "DEG0M" }, "geometry": { "type": "Polygon", "coordinates": [ [ [ 12.250826, 50.818318 ], [ 12.252745, 50.852946 ], [ 12.221051, 50.861065 ], [ 12.211569, 50.879821 ], [ 12.246143, 50.9261 ], [ 12.224169, 50.942935 ], [ 12.291088, 51.020991 ], [ 12.253164, 51.042214 ], [ 12.283547, 51.091924 ], [ 12.333792, 51.101394 ], [ 12.372059, 51.07919 ], [ 12.456681, 51.081171 ], [ 12.502823, 51.060446 ], [ 12.507471, 51.031152 ], [ 12.536095, 51.022321 ], [ 12.534826, 50.999318 ], [ 12.605383, 50.993141 ], [ 12.652866, 50.923678 ], [ 12.637016, 50.904938 ], [ 12.519139, 50.9046 ], [ 12.465, 50.880197 ], [ 12.430688, 50.843237 ], [ 12.387156, 50.851289 ], [ 12.336468, 50.822922 ], [ 12.250826, 50.818318 ] ] ] } },
{ "type": "Feature", "properties": { "loc": "DEG0N" }, "geometry": { "type": "Polygon", "coordinates": [ [ [ 10.182349, 50.998487 ], [ 10.202181, 51.012009 ], [ 10.274499, 51.000006 ], [ 10.282745, 51.023153 ], [ 10.323774, 51.050912 ], [ 10.372455, 51.036042 ], [ 10.389894, 50.994612 ], [ 10.376574, 50.961433 ], [ 10.316281, 50.932824 ], [ 10.238688, 50.96786 ], [ 10.193115, 50.96879 ], [ 10.182349, 50.998487 ] ] ] } },
{ "type": "Feature", "properties": { "loc": "DEG0P" }, "geometry": { "type": "Polygon", "coordinates": [ [ [ 10.077556, 50.637624 ], [ 10.049276, 50.67136 ], [ 10.001987, 50.675643 ], [ 9.952179, 50.663606 ], [ 9.965249, 50.640015 ], [ 9.95523, 50.629042 ], [ 9.883195, 50.638461 ], [ 9.884645, 50.673477 ], [ 9.938772, 50.735854 ], [ 9.924541, 50.760022 ], [ 9.951452, 50.778403 ], [ 9.95785, 50.822767 ], [ 10.032419, 50.841567 ], [ 10.023224, 50.862014 ], [ 10.055783, 50.885382 ], [ 10.016334, 50.919169 ], [ 9.972747, 50.907388 ], [ 9.98284, 50.931106 ], [ 9.957817, 50.926937 ], [ 9.955456, 50.941039 ], [ 10.054404, 50.943452 ], [ 10.021559, 50.992949 ], [ 10.050784, 51.012413 ], [ 10.182349, 50.998487 ], [ 10.193115, 50.96879 ], [ 10.238688, 50.96786 ], [ 10.316281, 50.932824 ], [ 10.376574, 50.961433 ], [ 10.389894, 50.994612 ], [ 10.372455, 51.036042 ], [ 10.323774, 51.050912 ], [ 10.282745, 51.023153 ], [ 10.274499, 51.000006 ], [ 10.202181, 51.012009 ], [ 10.20445, 51.031411 ], [ 10.146923, 51.060005 ], [ 10.168831, 51.112102 ], [ 10.134254, 51.139855 ], [ 10.168343, 51.147925 ], [ 10.199287, 51.118407 ], [ 10.210013, 51.144083 ], [ 10.337603, 51.148586 ], [ 10.391554, 51.093565 ], [ 10.389, 51.079249 ], [ 10.432519, 51.053014 ], [ 10.481067, 51.081947 ], [ 10.601, 51.054946 ], [ 10.614711, 51.039163 ], [ 10.486967, 50.99088 ], [ 10.508029, 50.96203 ], [ 10.49467, 50.900867 ], [ 10.474682, 50.913283 ], [ 10.440722, 50.906035 ], [ 10.408066, 50.868794 ], [ 10.403814, 50.819344 ], [ 10.374958, 50.78424 ], [ 10.260183, 50.765193 ], [ 10.208874, 50.772202 ], [ 10.219043, 50.735883 ], [ 10.185398, 50.715315 ], [ 10.182058, 50.673384 ], [ 10.211595, 50.646063 ], [ 10.205992, 50.61904 ], [ 10.077556, 50.637624 ] ] ] } },
{ "type": "Feature", "properties": { "loc": "DE21M" }, "geometry": { "type": "Polygon", "coordinates": [ [ [ 12.860182, 47.99664 ], [ 12.874616, 47.941452 ], [ 12.856487, 47.935013 ], [ 12.852114, 47.912596 ], [ 12.877543, 47.881275 ], [ 12.766535, 47.888467 ], [ 12.741093, 47.870792 ], [ 12.732554, 47.841253 ], [ 12.745588, 47.812033 ], [ 12.826896, 47.781126 ], [ 12.841579, 47.758225 ], [ 12.725645, 47.732391 ], [ 12.695796, 47.682223 ], [ 12.606527, 47.67228 ], [ 12.575027, 47.632316 ], [ 12.502198, 47.626341 ], [ 12.436806, 47.693784 ], [ 12.368738, 47.685314 ], [ 12.338046, 47.697087 ], [ 12.342298, 47.730155 ], [ 12.412112, 47.822689 ], [ 12.381573, 47.841442 ], [ 12.374935, 47.87243 ], [ 12.414246, 47.885679 ], [ 12.433825, 47.913995 ], [ 12.425232, 47.944567 ], [ 12.384269, 47.951754 ], [ 12.335887, 47.986174 ], [ 12.348159, 48.036889 ], [ 12.337798, 48.07645 ], [ 12.387556, 48.11738 ], [ 12.423351, 48.128326 ], [ 12.447686, 48.113144 ], [ 12.48965, 48.152489 ], [ 12.566205, 48.158885 ], [ 12.546424, 48.132149 ], [ 12.567057, 48.118635 ], [ 12.583483, 48.071226 ], [ 12.620141, 48.046979 ], [ 12.678549, 48.04759 ], [ 12.707076, 48.070071 ], [ 12.70536, 48.105184 ], [ 12.751555, 48.11281 ], [ 12.760922, 48.07509 ], [ 12.860182, 47.99664 ] ], [ [ 12.393647, 47.872161 ], [ 12.39075, 47.854139 ], [ 12.411855, 47.859771 ], [ 12.393647, 47.872161 ] ] ] } },
{ "type": "Feature", "properties": { "loc": "DE21N" }, "geometry": { "type": "Polygon", "coordinates": [ [ [ 10.767091, 47.843793 ], [ 10.86593, 47.871884 ], [ 10.969226, 47.868138 ], [ 11.005011, 47.901495 ], [ 11.069919, 47.903263 ], [ 11.149588, 47.953412 ], [ 11.231343, 47.923566 ], [ 11.189768, 47.886499 ], [ 11.284033, 47.883321 ], [ 11.29835, 47.862099 ], [ 11.293642, 47.833328 ], [ 11.342668, 47.802533 ], [ 11.395579, 47.792832 ], [ 11.414591, 47.749621 ], [ 11.34408, 47.693697 ], [ 11.318788, 47.712557 ], [ 11.199203, 47.731231 ], [ 11.177052, 47.716864 ], [ 11.133033, 47.735484 ], [ 11.062153, 47.727833 ], [ 11.038675, 47.707453 ], [ 10.982029, 47.712479 ], [ 10.968338, 47.698831 ], [ 10.988008, 47.674383 ], [ 10.98418, 47.655071 ], [ 10.952786, 47.616265 ], [ 10.908751, 47.636769 ], [ 10.912093, 47.658973 ], [ 10.782589, 47.661828 ], [ 10.82577, 47.726044 ], [ 10.747688, 47.687353 ], [ 10.721383, 47.702744 ], [ 10.744376, 47.76516 ], [ 10.777849, 47.772494 ], [ 10.751029, 47.802034 ], [ 10.767091, 47.843793 ] ] ] } },
{ "type": "Feature", "properties": { "loc": "DE221" }, "geometry": { "type": "Polygon", "coordinates": [ [ [ 12.025239, 48.516426 ], [ 12.114113, 48.547773 ], [ 12.124193, 48.571752 ], [ 12.162509, 48.549287 ], [ 12.246021, 48.592747 ], [ 12.282266, 48.590117 ], [ 12.216061, 48.544194 ], [ 12.216381, 48.525939 ], [ 12.149001, 48.511695 ], [ 12.025239, 48.516426 ] ] ] } },
{ "type": "Feature", "properties": { "loc": "DE222" }, "geometry": { "type": "Polygon", "coordinates": [ [ [ 13.493793, 48.567188 ], [ 13.385813, 48.550419 ], [ 13.322044, 48.598805 ], [ 13.391497, 48.610021 ], [ 13.51337, 48.590978 ], [ 13.493793, 48.567188 ] ] ] } },
{ "type": "Feature", "properties": { "loc": "DE223" }, "geometry": { "type": "Polygon", "coordinates": [ [ [ 12.479897, 48.87036 ], [ 12.523023, 48.879093 ], [ 12.523847, 48.91059 ], [ 12.543813, 48.923731 ], [ 12.59078, 48.900999 ], [ 12.66474, 48.904575 ], [ 12.64726, 48.864202 ], [ 12.634408, 48.871447 ], [ 12.566437, 48.844492 ], [ 12.489913, 48.855632 ], [ 12.479897, 48.87036 ] ] ] } },
{ "type": "Feature", "properties": { "loc": "DE224" }, "geometry": { "type": "Polygon", "coordinates": [ [ [ 13.01719, 48.602797 ], [ 12.948173, 48.623823 ], [ 12.943276, 48.650233 ], [ 12.830838, 48.682107 ], [ 12.798844, 48.713882 ], [ 12.810343, 48.731891 ], [ 12.779498, 48.749389 ], [ 12.752957, 48.818862 ], [ 12.766996, 48.833368 ], [ 12.813557, 48.823514 ], [ 12.845054, 48.837463 ], [ 12.84005, 48.889784 ], [ 12.871045, 48.908541 ], [ 12.867701, 48.946106 ], [ 12.891427, 48.954471 ], [ 12.952426, 48.930481 ], [ 12.974005, 48.950822 ], [ 13.01126, 48.947446 ], [ 13.025654, 48.933156 ], [ 13.015933, 48.918555 ], [ 13.06043, 48.884338 ], [ 13.188803, 48.870947 ], [ 13.202289, 48.842946 ], [ 13.188163, 48.823619 ], [ 13.240788, 48.80659 ], [ 13.225513, 48.778226 ], [ 13.258705, 48.741063 ], [ 13.245178, 48.714674 ], [ 13.150938, 48.703124 ], [ 13.115393, 48.686485 ], [ 13.090464, 48.624416 ], [ 13.029478, 48.625412 ], [ 13.01719, 48.602797 ] ] ] } },
{ "type": "Feature", "properties": { "loc": "DE225" }, "geometry": { "type": "Polygon", "coordinates": [ [ [ 13.512664, 48.969015 ], [ 13.626836, 48.946441 ], [ 13.675821, 48.88142 ], [ 13.737738, 48.88201 ], [ 13.811502, 48.799449 ], [ 13.8083, 48.779265 ], [ 13.839507, 48.771605 ], [ 13.818309, 48.73238 ], [ 13.796107, 48.7136 ], [ 13.733639, 48.718218 ], [ 13.725701, 48.690264 ], [ 13.595613, 48.685512 ], [ 13.512119, 48.726092 ], [ 13.456361, 48.717127 ], [ 13.414241, 48.75656 ], [ 13.294526, 48.732881 ], [ 13.258705, 48.741063 ], [ 13.225513, 48.778226 ], [ 13.240788, 48.80659 ], [ 13.188163, 48.823619 ], [ 13.202289, 48.842946 ], [ 13.195464, 48.862773 ], [ 13.281125, 48.876891 ], [ 13.285561, 48.956176 ], [ 13.329535, 48.948695 ], [ 13.370524, 48.981451 ], [ 13.416652, 48.980035 ], [ 13.499537, 48.942473 ], [ 13.512664, 48.969015 ] ] ] } },
{ "type": "Feature", "properties": { "loc": "DE226" }, "geometry": { "type": "Polygon", "coordinates": [ [ [ 11.617176, 49.004833 ], [ 11.714991, 49.013187 ], [ 11.767569, 48.984346 ], [ 11.811541, 49.018384 ], [ 11.862494, 49.020503 ], [ 11.893144, 49.007159 ], [ 11.928043, 48.948132 ], [ 11.97592, 48.96335 ], [ 12.073515, 48.939562 ], [ 12.083551, 48.905112 ], [ 12.106173, 48.904079 ], [ 12.131908, 48.876177 ], [ 12.103522, 48.849059 ], [ 12.097496, 48.771992 ], [ 12.078172, 48.752925 ], [ 11.995844, 48.750566 ], [ 11.891511, 48.697709 ], [ 11.880492, 48.656488 ], [ 11.910187, 48.585231 ], [ 11.865713, 48.581153 ], [ 11.797057, 48.612508 ], [ 11.757754, 48.601372 ], [ 11.706735, 48.616646 ], [ 11.694393, 48.627368 ], [ 11.70962, 48.648908 ], [ 11.689538, 48.664536 ], [ 11.689552, 48.685588 ], [ 11.657916, 48.699787 ], [ 11.656796, 48.740025 ], [ 11.709977, 48.754918 ], [ 11.697097, 48.780847 ], [ 11.735843, 48.799907 ], [ 11.703325, 48.835081 ], [ 11.740624, 48.877261 ], [ 11.719923, 48.897544 ], [ 11.72554, 48.928587 ], [ 11.703108, 48.920386 ], [ 11.599307, 48.951497 ], [ 11.617176, 49.004833 ] ] ] } },
{ "type": "Feature", "properties": { "loc": "DE227" }, "geometry": { "type": "Polygon", "coordinates": [ [ [ 12.295323, 48.745151 ], [ 12.343754, 48.689882 ], [ 12.38501, 48.677474 ], [ 12.395545, 48.648786 ], [ 12.359092, 48.626431 ], [ 12.370511, 48.604122 ], [ 12.35149, 48.572785 ], [ 12.405979, 48.538983 ], [ 12.43741, 48.558249 ], [ 12.493402, 48.557151 ], [ 12.503832, 48.544521 ], [ 12.488526, 48.531634 ], [ 12.508154, 48.502975 ], [ 12.472923, 48.484551 ], [ 12.483791, 48.429675 ], [ 12.434808, 48.41235 ], [ 12.423238, 48.373858 ], [ 12.310697, 48.318747 ], [ 12.295084, 48.329882 ], [ 12.250551, 48.321946 ], [ 12.192627, 48.370162 ], [ 12.15921, 48.421413 ], [ 12.029063, 48.416389 ], [ 11.995875, 48.452371 ], [ 12.006045, 48.493816 ], [ 11.962854, 48.499831 ], [ 11.960207, 48.572341 ], [ 11.896665, 48.596149 ], [ 11.880492, 48.656488 ], [ 11.891511, 48.697709 ], [ 11.995844, 48.750566 ], [ 12.078172, 48.752925 ], [ 12.097496, 48.771992 ], [ 12.231912, 48.727542 ], [ 12.261761, 48.724102 ], [ 12.295323, 48.745151 ] ], [ [ 12.025239, 48.516426 ], [ 12.149001, 48.511695 ], [ 12.216381, 48.525939 ], [ 12.216061, 48.544194 ], [ 12.282266, 48.590117 ], [ 12.246021, 48.592747 ], [ 12.162509, 48.549287 ], [ 12.124193, 48.571752 ], [ 12.114113, 48.547773 ], [ 12.025239, 48.516426 ] ] ] } },
{ "type": "Feature", "properties": { "loc": "DE228" }, "geometry": { "type": "Polygon", "coordinates": [ [ [ 13.727091, 48.513019 ], [ 13.601715, 48.567072 ], [ 13.567636, 48.562244 ], [ 13.495985, 48.601832 ], [ 13.391497, 48.610021 ], [ 13.322044, 48.598805 ], [ 13.385813, 48.550419 ], [ 13.438431, 48.548895 ], [ 13.454755, 48.509474 ], [ 13.430045, 48.460636 ], [ 13.437479, 48.432418 ], [ 13.41025, 48.375597 ], [ 13.319244, 48.319201 ], [ 13.260886, 48.295989 ], [ 13.177043, 48.29439 ], [ 13.149422, 48.337273 ], [ 13.105843, 48.345607 ], [ 13.085225, 48.369892 ], [ 13.169378, 48.418974 ], [ 13.120187, 48.449309 ], [ 13.11244, 48.486034 ], [ 13.088378, 48.490861 ], [ 13.098181, 48.54222 ], [ 13.066137, 48.552902 ], [ 13.003927, 48.535308 ], [ 13.020248, 48.563795 ], [ 12.988207, 48.584875 ], [ 13.029478, 48.625412 ], [ 13.101051, 48.632376 ], [ 13.115393, 48.686485 ], [ 13.245178, 48.714674 ], [ 13.258705, 48.741063 ], [ 13.294526, 48.732881 ], [ 13.414241, 48.75656 ], [ 13.456361, 48.717127 ], [ 13.512119, 48.726092 ], [ 13.595613, 48.685512 ], [ 13.725701, 48.690264 ], [ 13.733639, 48.718218 ], [ 13.776312, 48.722875 ], [ 13.834561, 48.697499 ], [ 13.815896, 48.684903 ], [ 13.82421, 48.621198 ], [ 13.801406, 48.576632 ], [ 13.754468, 48.561043 ], [ 13.727091, 48.513019 ] ] ] } },
{ "type": "Feature", "properties": { "loc": "DE229" }, "geometry": { "type": "Polygon", "coordinates": [ [ [ 12.768203, 49.114761 ], [ 12.783989, 49.131005 ], [ 12.908802, 49.130478 ], [ 12.971669, 49.163446 ], [ 13.047286, 49.153753 ], [ 13.074196, 49.128386 ], [ 13.12784, 49.112675 ], [ 13.170908, 49.173579 ], [ 13.190838, 49.130187 ], [ 13.289085, 49.117646 ], [ 13.392414, 49.051624 ], [ 13.416652, 48.980035 ], [ 13.370524, 48.981451 ], [ 13.329535, 48.948695 ], [ 13.285561, 48.956176 ], [ 13.281125, 48.876891 ], [ 13.230129, 48.859471 ], [ 13.124025, 48.885794 ], [ 13.06043, 48.884338 ], [ 13.015933, 48.918555 ], [ 13.025654, 48.933156 ], [ 13.01126, 48.947446 ], [ 12.974005, 48.950822 ], [ 12.952426, 48.930481 ], [ 12.891427, 48.954471 ], [ 12.811044, 49.039776 ], [ 12.768203, 49.114761 ] ] ] } },
{ "type": "Feature", "properties": { "loc": "DE22A" }, "geometry": { "type": "Polygon", "coordinates": [ [ [ 12.607292, 48.353632 ], [ 12.564463, 48.402601 ], [ 12.483791, 48.429675 ], [ 12.472923, 48.484551 ], [ 12.508154, 48.502975 ], [ 12.523369, 48.483155 ], [ 12.548985, 48.482666 ], [ 12.55646, 48.520416 ], [ 12.62649, 48.509499 ], [ 12.631583, 48.484492 ], [ 12.712846, 48.518469 ], [ 12.719661, 48.54401 ], [ 12.766311, 48.540384 ], [ 12.764332, 48.566923 ], [ 12.785162, 48.597716 ], [ 12.967381, 48.611265 ], [ 13.012465, 48.580084 ], [ 13.020248, 48.563795 ], [ 13.003927, 48.535308 ], [ 13.066137, 48.552902 ], [ 13.098181, 48.54222 ], [ 13.088378, 48.490861 ], [ 13.11244, 48.486034 ], [ 13.120187, 48.449309 ], [ 13.169378, 48.418974 ], [ 13.085225, 48.369892 ], [ 13.105843, 48.345607 ], [ 13.149422, 48.337273 ], [ 13.177043, 48.29439 ], [ 13.023394, 48.257618 ], [ 12.944685, 48.206692 ], [ 12.897851, 48.232362 ], [ 12.895849, 48.26172 ], [ 12.794857, 48.323821 ], [ 12.73679, 48.321998 ], [ 12.607292, 48.353632 ] ] ] } },
{ "type": "Feature", "properties": { "loc": "DE25A" }, "geometry": { "type": "Polygon", "coordinates": [ [ [ 10.551436, 49.755772 ], [ 10.638792, 49.739836 ], [ 10.654418, 49.721123 ], [ 10.594643, 49.695844 ], [ 10.620249, 49.678229 ], [ 10.725082, 49.685443 ], [ 10.783185, 49.654714 ], [ 10.758379, 49.618459 ], [ 10.75766, 49.587228 ], [ 10.791934, 49.578732 ], [ 10.815766, 49.535607 ], [ 10.783435, 49.511999 ], [ 10.684891, 49.494086 ], [ 10.697352, 49.436273 ], [ 10.602756, 49.423521 ], [ 10.611002, 49.445581 ], [ 10.516195, 49.448955 ], [ 10.474791, 49.415817 ], [ 10.410387, 49.430822 ], [ 10.353779, 49.412648 ], [ 10.336658, 49.430598 ], [ 10.294648, 49.415124 ], [ 10.257684, 49.446703 ], [ 10.262002, 49.46955 ], [ 10.228097, 49.488144 ], [ 10.118328, 49.473169 ], [ 10.103985, 49.488758 ], [ 10.116715, 49.509576 ], [ 10.082506, 49.516668 ], [ 10.072549, 49.591899 ], [ 10.110316, 49.621408 ], [ 10.170083, 49.594697 ], [ 10.2185, 49.629632 ], [ 10.369378, 49.630235 ], [ 10.379574, 49.63854 ], [ 10.363413, 49.687115 ], [ 10.336396, 49.705413 ], [ 10.439627, 49.746765 ], [ 10.551436, 49.755772 ] ], [ [ 10.37482, 49.682855 ], [ 10.385393, 49.682547 ], [ 10.391213, 49.690602 ], [ 10.383995, 49.697156 ], [ 10.37482, 49.682855 ] ] ] } },
{ "type": "Feature", "properties": { "loc": "DE25B" }, "geometry": { "type": "Polygon", "coordinates": [ [ [ 10.837641, 49.197751 ], [ 10.910415, 49.248861 ], [ 10.901003, 49.299488 ], [ 10.867538, 49.32862 ], [ 10.867839, 49.356126 ], [ 10.992716, 49.381493 ], [ 10.974377, 49.357193 ], [ 10.989014, 49.337233 ], [ 10.979863, 49.32448 ], [ 11.037281, 49.297475 ], [ 11.083909, 49.316714 ], [ 11.07981, 49.339275 ], [ 11.114588, 49.359829 ], [ 11.113544, 49.386994 ], [ 11.169249, 49.388472 ], [ 11.247176, 49.325353 ], [ 11.198091, 49.296383 ], [ 11.215658, 49.276219 ], [ 11.273095, 49.270455 ], [ 11.29695, 49.246589 ], [ 11.308195, 49.213965 ], [ 11.268275, 49.196746 ], [ 11.307499, 49.176852 ], [ 11.326628, 49.123441 ], [ 11.419841, 49.052394 ], [ 11.328375, 49.000211 ], [ 11.270886, 49.010397 ], [ 11.24372, 49.047525 ], [ 11.201365, 49.046551 ], [ 11.162417, 49.082931 ], [ 11.116243, 49.089782 ], [ 11.06893, 49.126416 ], [ 10.989875, 49.155205 ], [ 10.909799, 49.137925 ], [ 10.858786, 49.161659 ], [ 10.86593, 49.185989 ], [ 10.837641, 49.197751 ] ] ] } },
{ "type": "Feature", "properties": { "loc": "DE25C" }, "geometry": { "type": "Polygon", "coordinates": [ [ [ 11.201365, 49.046551 ], [ 11.140924, 48.967382 ], [ 11.089298, 48.962089 ], [ 11.058632, 48.938205 ], [ 11.06889, 48.914412 ], [ 10.960353, 48.862198 ], [ 10.820853, 48.899994 ], [ 10.828356, 48.922756 ], [ 10.810159, 48.946698 ], [ 10.719233, 48.902325 ], [ 10.677628, 48.915629 ], [ 10.692874, 48.951927 ], [ 10.668245, 48.98185 ], [ 10.635588, 48.989488 ], [ 10.642255, 49.016631 ], [ 10.667775, 49.02056 ], [ 10.685203, 49.048975 ], [ 10.684759, 49.070106 ], [ 10.647958, 49.092044 ], [ 10.657128, 49.130906 ], [ 10.750671, 49.199788 ], [ 10.837641, 49.197751 ], [ 10.86593, 49.185989 ], [ 10.858786, 49.161659 ], [ 10.933637, 49.133413 ], [ 10.944927, 49.148734 ], [ 10.989875, 49.155205 ], [ 11.06893, 49.126416 ], [ 11.116243, 49.089782 ], [ 11.162417, 49.082931 ], [ 11.201365, 49.046551 ] ] ] } },
{ "type": "Feature", "properties": { "loc": "DE261" }, "geometry": { "type": "Polygon", "coordinates": [ [ [ 9.237796, 49.9348 ], [ 9.14421, 49.920614 ], [ 9.10724, 49.930858 ], [ 9.087168, 49.954095 ], [ 9.08831, 49.972243 ], [ 9.108687, 49.979895 ], [ 9.083771, 50.003729 ], [ 9.096701, 50.015543 ], [ 9.159064, 49.998064 ], [ 9.190908, 49.978136 ], [ 9.185731, 49.963171 ], [ 9.237796, 49.9348 ] ] ] } },
{ "type": "Feature", "properties": { "loc": "DE262" }, "geometry": { "type": "Polygon", "coordinates": [ [ [ 10.165288, 50.031181 ], [ 10.200408, 50.071605 ], [ 10.224878, 50.066797 ], [ 10.222396, 50.090854 ], [ 10.262337, 50.083247 ], [ 10.266943, 50.053856 ], [ 10.242505, 50.040557 ], [ 10.24181, 50.015624 ], [ 10.19853, 50.012789 ], [ 10.165288, 50.031181 ] ] ] } },
{ "type": "Feature", "properties": { "loc": "DE263" }, "geometry": { "type": "Polygon", "coordinates": [ [ [ 9.872301, 49.82231 ], [ 9.906182, 49.825207 ], [ 9.919899, 49.845729 ], [ 9.989989, 49.835028 ], [ 10.008307, 49.795232 ], [ 9.958372, 49.765536 ], [ 9.984072, 49.747323 ], [ 9.982442, 49.713341 ], [ 9.948878, 49.711005 ], [ 9.934683, 49.734713 ], [ 9.877566, 49.752589 ], [ 9.889727, 49.762646 ], [ 9.878437, 49.772352 ], [ 9.901257, 49.779538 ], [ 9.872301, 49.82231 ] ] ] } },
{ "type": "Feature", "properties": { "loc": "DE264" }, "geometry": { "type": "Polygon", "coordinates": [ [ [ 9.404985, 50.087734 ], [ 9.388325, 50.059881 ], [ 9.410148, 50.050889 ], [ 9.409878, 50.000529 ], [ 9.472587, 49.941725 ], [ 9.463041, 49.921058 ], [ 9.43002, 49.916308 ], [ 9.432573, 49.888021 ], [ 9.361834, 49.836933 ], [ 9.25531, 49.863501 ], [ 9.277322, 49.906999 ], [ 9.264385, 49.924737 ], [ 9.185731, 49.963171 ], [ 9.190908, 49.978136 ], [ 9.159064, 49.998064 ], [ 9.096701, 50.015543 ], [ 9.083771, 50.003729 ], [ 9.108687, 49.979895 ], [ 9.08831, 49.972243 ], [ 9.10724, 49.930858 ], [ 9.096121, 49.878166 ], [ 9.05008, 49.866315 ], [ 9.027122, 49.912165 ], [ 9.016089, 49.99134 ], [ 9.043717, 49.993355 ], [ 9.02749, 50.038749 ], [ 8.980159, 50.046812 ], [ 9.02513, 50.109979 ], [ 9.115283, 50.123959 ], [ 9.158276, 50.104875 ], [ 9.219417, 50.145463 ], [ 9.366603, 50.128042 ], [ 9.404985, 50.087734 ] ] ] } },
{ "type": "Feature", "properties": { "loc": "DE265" }, "geometry": { "type": "Polygon", "coordinates": [ [ [ 9.623151, 50.22904 ], [ 9.654091, 50.237764 ], [ 9.655772, 50.267669 ], [ 9.738666, 50.306701 ], [ 9.732915, 50.356149 ], [ 9.76288, 50.422936 ], [ 9.855547, 50.399995 ], [ 9.935655, 50.419606 ], [ 9.930564, 50.384382 ], [ 9.949733, 50.377109 ], [ 9.935299, 50.346891 ], [ 9.97352, 50.319693 ], [ 10.01146, 50.326745 ], [ 10.051832, 50.30051 ], [ 10.116904, 50.296178 ], [ 10.109191, 50.272519 ], [ 10.243215, 50.266129 ], [ 10.295541, 50.299998 ], [ 10.31968, 50.299392 ], [ 10.370134, 50.229162 ], [ 10.332638, 50.207853 ], [ 10.340832, 50.180392 ], [ 10.319819, 50.169045 ], [ 10.324076, 50.148895 ], [ 10.299906, 50.159765 ], [ 10.264457, 50.146825 ], [ 10.176718, 50.151457 ], [ 10.127282, 50.107749 ], [ 10.013079, 50.106799 ], [ 9.970725, 50.08205 ], [ 9.950676, 50.036763 ], [ 9.928251, 50.032042 ], [ 9.901388, 50.050781 ], [ 9.869225, 50.035197 ], [ 9.812208, 50.047981 ], [ 9.826892, 50.083642 ], [ 9.798959, 50.112217 ], [ 9.750112, 50.129928 ], [ 9.677027, 50.224684 ], [ 9.623151, 50.22904 ] ] ] } },
{ "type": "Feature", "properties": { "loc": "DE266" }, "geometry": { "type": "Polygon", "coordinates": [ [ [ 10.370134, 50.229162 ], [ 10.31968, 50.299392 ], [ 10.295541, 50.299998 ], [ 10.243215, 50.266129 ], [ 10.175281, 50.264168 ], [ 10.109191, 50.272519 ], [ 10.116904, 50.296178 ], [ 10.051832, 50.30051 ], [ 10.01146, 50.326745 ], [ 9.97352, 50.319693 ], [ 9.935299, 50.346891 ], [ 9.949733, 50.377109 ], [ 9.930564, 50.384382 ], [ 9.935655, 50.419606 ], [ 10.020374, 50.469836 ], [ 10.041339, 50.516469 ], [ 10.109624, 50.56292 ], [ 10.140292, 50.544727 ], [ 10.199494, 50.55289 ], [ 10.23349, 50.513436 ], [ 10.332511, 50.490377 ], [ 10.340378, 50.466417 ], [ 10.398604, 50.424959 ], [ 10.390267, 50.399801 ], [ 10.450532, 50.401859 ], [ 10.495219, 50.356393 ], [ 10.541522, 50.363105 ], [ 10.561588, 50.339107 ], [ 10.597264, 50.331909 ], [ 10.610115, 50.227995 ], [ 10.571342, 50.206056 ], [ 10.516286, 50.233885 ], [ 10.450537, 50.196708 ], [ 10.428342, 50.222246 ], [ 10.370134, 50.229162 ] ] ] } },
{ "type": "Feature", "properties": { "loc": "DE267" }, "geometry": { "type": "Polygon", "coordinates": [ [ [ 10.860117, 50.091785 ], [ 10.827847, 50.044712 ], [ 10.783713, 50.043209 ], [ 10.759449, 50.023574 ], [ 10.753396, 49.969771 ], [ 10.686768, 49.888891 ], [ 10.608223, 49.85898 ], [ 10.505249, 49.876682 ], [ 10.48687, 49.889316 ], [ 10.509297, 49.905177 ], [ 10.504467, 49.932315 ], [ 10.356912, 50.025062 ], [ 10.421778, 50.072469 ], [ 10.387343, 50.10154 ], [ 10.40422, 50.144374 ], [ 10.450537, 50.196708 ], [ 10.516286, 50.233885 ], [ 10.571342, 50.206056 ], [ 10.610115, 50.227995 ], [ 10.717691, 50.206949 ], [ 10.729202, 50.230005 ], [ 10.755234, 50.222904 ], [ 10.777415, 50.194146 ], [ 10.77921, 50.152104 ], [ 10.873262, 50.145299 ], [ 10.860117, 50.091785 ] ] ] } },
{ "type": "Feature", "properties": { "loc": "DE268" }, "geometry": { "type": "MultiPolygon", "coordinates": [ [ [ [ 10.394369, 49.835468 ], [ 10.478911, 49.807528 ], [ 10.474837, 49.787777 ], [ 10.530543, 49.793496 ], [ 10.551436, 49.755772 ], [ 10.439627, 49.746765 ], [ 10.336396, 49.705413 ], [ 10.363413, 49.687115 ], [ 10.379574, 49.63854 ], [ 10.369378, 49.630235 ], [ 10.2185, 49.629632 ], [ 10.170083, 49.594697 ], [ 10.086737, 49.634844 ], [ 10.085087, 49.648721 ], [ 10.130193, 49.672368 ], [ 10.0935, 49.716109 ], [ 10.05177, 49.731679 ], [ 10.06666, 49.823589 ], [ 10.161617, 49.84939 ], [ 10.166305, 49.878624 ], [ 10.226858, 49.913028 ], [ 10.244311, 49.88522 ], [ 10.286233, 49.890219 ], [ 10.320356, 49.856334 ], [ 10.381586, 49.867194 ], [ 10.394369, 49.835468 ] ] ], [ [ [ 10.37482, 49.682855 ], [ 10.383995, 49.697156 ], [ 10.391213, 49.690602 ], [ 10.385393, 49.682547 ], [ 10.37482, 49.682855 ] ] ] ] } },
{ "type": "Feature", "properties": { "loc": "DE269" }, "geometry": { "type": "Polygon", "coordinates": [ [ [ 9.05008, 49.866315 ], [ 9.096121, 49.878166 ], [ 9.111974, 49.936922 ], [ 9.14421, 49.920614 ], [ 9.237796, 49.9348 ], [ 9.277322, 49.906999 ], [ 9.25531, 49.863501 ], [ 9.287355, 49.863392 ], [ 9.321866, 49.836745 ], [ 9.361834, 49.836933 ], [ 9.422738, 49.881138 ], [ 9.442581, 49.863866 ], [ 9.438676, 49.843508 ], [ 9.471498, 49.779726 ], [ 9.417368, 49.784574 ], [ 9.319208, 49.759855 ], [ 9.320778, 49.739166 ], [ 9.363079, 49.709489 ], [ 9.391297, 49.724732 ], [ 9.409274, 49.715823 ], [ 9.413494, 49.653325 ], [ 9.296317, 49.645764 ], [ 9.235248, 49.581747 ], [ 9.103006, 49.577456 ], [ 9.066921, 49.617045 ], [ 9.101024, 49.646248 ], [ 9.090818, 49.69065 ], [ 9.121974, 49.700874 ], [ 9.14785, 49.741436 ], [ 9.110939, 49.760543 ], [ 9.131112, 49.789052 ], [ 9.090658, 49.79569 ], [ 9.08549, 49.843731 ], [ 9.064389, 49.83488 ], [ 9.036081, 49.846504 ], [ 9.05008, 49.866315 ] ] ] } },
{ "type": "Feature", "properties": { "loc": "DE26A" }, "geometry": { "type": "Polygon", "coordinates": [ [ [ 10.030919, 49.9522 ], [ 10.001054, 49.937842 ], [ 9.934893, 49.945306 ], [ 9.915124, 49.930507 ], [ 9.924032, 49.893805 ], [ 9.835579, 49.892439 ], [ 9.829352, 49.875109 ], [ 9.776289, 49.876203 ], [ 9.730714, 49.835128 ], [ 9.678074, 49.833658 ], [ 9.648736, 49.791477 ], [ 9.564483, 49.779947 ], [ 9.561531, 49.747403 ], [ 9.501406, 49.786998 ], [ 9.471498, 49.779726 ], [ 9.450435, 49.815763 ], [ 9.442581, 49.863866 ], [ 9.422738, 49.881138 ], [ 9.43002, 49.916308 ], [ 9.463041, 49.921058 ], [ 9.472587, 49.941725 ], [ 9.409878, 50.000529 ], [ 9.410148, 50.050889 ], [ 9.388325, 50.059881 ], [ 9.404985, 50.087734 ], [ 9.515816, 50.101676 ], [ 9.509669, 50.142335 ], [ 9.528866, 50.162228 ], [ 9.500237, 50.17716 ], [ 9.512288, 50.197527 ], [ 9.501105, 50.239633 ], [ 9.677027, 50.224684 ], [ 9.750112, 50.129928 ], [ 9.772331, 50.129081 ], [ 9.826892, 50.083642 ], [ 9.812208, 50.047981 ], [ 9.869225, 50.035197 ], [ 9.901388, 50.050781 ], [ 9.928251, 50.032042 ], [ 9.964013, 50.054717 ], [ 10.035584, 50.030567 ], [ 10.039119, 50.006791 ], [ 10.016274, 49.991106 ], [ 10.039085, 49.979084 ], [ 10.030919, 49.9522 ] ] ] } },
{ "type": "Feature", "properties": { "loc": "DE26B" }, "geometry": { "type": "Polygon", "coordinates": [ [ [ 9.964013, 50.054717 ], [ 9.970725, 50.08205 ], [ 10.013079, 50.106799 ], [ 10.127282, 50.107749 ], [ 10.176718, 50.151457 ], [ 10.264457, 50.146825 ], [ 10.299906, 50.159765 ], [ 10.324076, 50.148895 ], [ 10.319819, 50.169045 ], [ 10.340832, 50.180392 ], [ 10.332638, 50.207853 ], [ 10.370134, 50.229162 ], [ 10.428342, 50.222246 ], [ 10.450537, 50.196708 ], [ 10.387343, 50.10154 ], [ 10.421778, 50.072469 ], [ 10.356912, 50.025062 ], [ 10.504467, 49.932315 ], [ 10.509297, 49.905177 ], [ 10.48687, 49.889316 ], [ 10.505249, 49.876682 ], [ 10.458738, 49.875062 ], [ 10.448965, 49.822177 ], [ 10.394369, 49.835468 ], [ 10.381586, 49.867194 ], [ 10.320356, 49.856334 ], [ 10.286233, 49.890219 ], [ 10.244311, 49.88522 ], [ 10.226858, 49.913028 ], [ 10.189162, 49.892056 ], [ 10.177281, 49.910123 ], [ 10.108429, 49.91072 ], [ 10.10169, 49.928002 ], [ 10.030919, 49.9522 ], [ 10.039085, 49.979084 ], [ 10.016274, 49.991106 ], [ 10.039119, 50.006791 ], [ 10.035584, 50.030567 ], [ 9.964013, 50.054717 ] ], [ [ 10.165288, 50.031181 ], [ 10.19853, 50.012789 ], [ 10.24181, 50.015624 ], [ 10.242505, 50.040557 ], [ 10.266943, 50.053856 ], [ 10.262337, 50.083247 ], [ 10.222396, 50.090854 ], [ 10.224878, 50.066797 ], [ 10.200408, 50.071605 ], [ 10.165288, 50.031181 ] ] ] } },
{ "type": "Feature", "properties": { "loc": "DE26C" }, "geometry": { "type": "Polygon", "coordinates": [ [ [ 10.030919, 49.9522 ], [ 10.10169, 49.928002 ], [ 10.108429, 49.91072 ], [ 10.177281, 49.910123 ], [ 10.189162, 49.892056 ], [ 10.166305, 49.878624 ], [ 10.161617, 49.84939 ], [ 10.086867, 49.835511 ], [ 10.058965, 49.800896 ], [ 10.05177, 49.731679 ], [ 10.0935, 49.716109 ], [ 10.130193, 49.672368 ], [ 10.085087, 49.648721 ], [ 10.110316, 49.621408 ], [ 10.072549, 49.591899 ], [ 10.083724, 49.543561 ], [ 10.04574, 49.530137 ], [ 10.050628, 49.513262 ], [ 10.014779, 49.485398 ], [ 9.951089, 49.481549 ], [ 9.923752, 49.488152 ], [ 9.906697, 49.585459 ], [ 9.875149, 49.576535 ], [ 9.857131, 49.548355 ], [ 9.822635, 49.557014 ], [ 9.868727, 49.613628 ], [ 9.825086, 49.665721 ], [ 9.830732, 49.701414 ], [ 9.796524, 49.727224 ], [ 9.736804, 49.689603 ], [ 9.709219, 49.723638 ], [ 9.680588, 49.714546 ], [ 9.668228, 49.691875 ], [ 9.631975, 49.696547 ], [ 9.648736, 49.791477 ], [ 9.678074, 49.833658 ], [ 9.730714, 49.835128 ], [ 9.776289, 49.876203 ], [ 9.829352, 49.875109 ], [ 9.835579, 49.892439 ], [ 9.924032, 49.893805 ], [ 9.915124, 49.930507 ], [ 9.934893, 49.945306 ], [ 10.001054, 49.937842 ], [ 10.030919, 49.9522 ] ], [ [ 9.872301, 49.82231 ], [ 9.901257, 49.779538 ], [ 9.878437, 49.772352 ], [ 9.889727, 49.762646 ], [ 9.877566, 49.752589 ], [ 9.934683, 49.734713 ], [ 9.948878, 49.711005 ], [ 9.982442, 49.713341 ], [ 9.984072, 49.747323 ], [ 9.958372, 49.765536 ], [ 10.008307, 49.795232 ], [ 9.989989, 49.835028 ], [ 9.919899, 49.845729 ], [ 9.906182, 49.825207 ], [ 9.872301, 49.82231 ] ] ] } },
{ "type": "Feature", "properties": { "loc": "DEA27" }, "geometry": { "type": "Polygon", "coordinates": [ [ [ 6.480496, 51.034179 ], [ 6.529752, 51.057901 ], [ 6.582284, 51.019845 ], [ 6.71217, 51.016324 ], [ 6.75765, 51.04343 ], [ 6.756324, 51.064133 ], [ 6.773633, 51.06439 ], [ 6.835676, 51.022478 ], [ 6.839809, 50.989281 ], [ 6.820317, 50.938167 ], [ 6.851023, 50.908579 ], [ 6.910797, 50.892901 ], [ 6.930949, 50.842915 ], [ 6.980937, 50.840916 ], [ 7.026822, 50.801488 ], [ 6.933549, 50.803999 ], [ 6.846537, 50.784759 ], [ 6.775651, 50.721132 ], [ 6.716159, 50.73316 ], [ 6.716855, 50.749924 ], [ 6.682632, 50.772594 ], [ 6.709188, 50.790199 ], [ 6.704526, 50.832194 ], [ 6.620078, 50.825456 ], [ 6.560955, 50.852881 ], [ 6.555356, 50.887096 ], [ 6.527071, 50.895074 ], [ 6.520379, 50.929506 ], [ 6.484968, 50.957039 ], [ 6.496447, 50.976352 ], [ 6.461637, 51.003465 ], [ 6.480496, 51.034179 ] ] ] } },
{ "type": "Feature", "properties": { "loc": "DEA28" }, "geometry": { "type": "Polygon", "coordinates": [ [ [ 6.864217, 50.78496 ], [ 6.867875, 50.758192 ], [ 6.912365, 50.735123 ], [ 6.86102, 50.702315 ], [ 6.87476, 50.681453 ], [ 6.861194, 50.65377 ], [ 6.911014, 50.628413 ], [ 6.887787, 50.588376 ], [ 6.927076, 50.573167 ], [ 6.927901, 50.558618 ], [ 6.923961, 50.535624 ], [ 6.889097, 50.523557 ], [ 6.902371, 50.498008 ], [ 6.891194, 50.467411 ], [ 6.854079, 50.457323 ], [ 6.797295, 50.486821 ], [ 6.741042, 50.471674 ], [ 6.759741, 50.463653 ], [ 6.751536, 50.438652 ], [ 6.777322, 50.423516 ], [ 6.77536, 50.390609 ], [ 6.800712, 50.361781 ], [ 6.699663, 50.339384 ], [ 6.667332, 50.369449 ], [ 6.63163, 50.348865 ], [ 6.597407, 50.385581 ], [ 6.476411, 50.339557 ], [ 6.413507, 50.387155 ], [ 6.390742, 50.383747 ], [ 6.425295, 50.323012 ], [ 6.405029, 50.323308 ], [ 6.400672, 50.341919 ], [ 6.346816, 50.380147 ], [ 6.374415, 50.44776 ], [ 6.315556, 50.497042 ], [ 6.369733, 50.520397 ], [ 6.365657, 50.559126 ], [ 6.416907, 50.609295 ], [ 6.554111, 50.602386 ], [ 6.57022, 50.657427 ], [ 6.59775, 50.674659 ], [ 6.591074, 50.70644 ], [ 6.630655, 50.729408 ], [ 6.682557, 50.718722 ], [ 6.693823, 50.753829 ], [ 6.716855, 50.749924 ], [ 6.716159, 50.73316 ], [ 6.775651, 50.721132 ], [ 6.811516, 50.760105 ], [ 6.864217, 50.78496 ] ] ] } },
{ "type": "Feature", "properties": { "loc": "DEA29" }, "geometry": { "type": "Polygon", "coordinates": [ [ [ 6.443994, 51.089785 ], [ 6.449892, 51.064165 ], [ 6.472415, 51.055343 ], [ 6.459211, 51.043073 ], [ 6.378287, 51.033455 ], [ 6.348793, 51.015795 ], [ 6.290664, 51.022737 ], [ 6.199979, 50.968383 ], [ 6.137352, 50.900568 ], [ 6.019974, 50.93632 ], [ 6.009803, 50.957504 ], [ 6.020508, 50.982268 ], [ 5.898454, 50.976921 ], [ 5.903205, 51.000735 ], [ 5.87142, 51.049468 ], [ 5.912751, 51.063418 ], [ 5.957202, 51.03762 ], [ 6.001255, 51.085515 ], [ 6.166635, 51.152952 ], [ 6.149059, 51.17371 ], [ 6.174812, 51.184513 ], [ 6.210198, 51.168623 ], [ 6.248088, 51.18831 ], [ 6.291136, 51.175551 ], [ 6.349761, 51.126404 ], [ 6.358703, 51.099477 ], [ 6.443994, 51.089785 ] ] ] } },
{ "type": "Feature", "properties": { "loc": "DEA2A" }, "geometry": { "type": "Polygon", "coordinates": [ [ [ 7.26818, 51.145657 ], [ 7.29436, 51.151902 ], [ 7.306694, 51.238875 ], [ 7.392675, 51.243643 ], [ 7.433343, 51.214409 ], [ 7.422105, 51.189999 ], [ 7.500875, 51.127276 ], [ 7.50153, 51.105451 ], [ 7.592845, 51.102897 ], [ 7.627011, 51.070573 ], [ 7.690592, 51.084228 ], [ 7.716121, 51.072908 ], [ 7.705315, 51.062351 ], [ 7.730604, 51.034042 ], [ 7.727584, 50.999484 ], [ 7.778926, 50.977548 ], [ 7.785898, 50.939914 ], [ 7.745751, 50.918424 ], [ 7.761065, 50.856685 ], [ 7.661004, 50.820364 ], [ 7.647073, 50.832311 ], [ 7.533158, 50.8338 ], [ 7.465543, 50.879944 ], [ 7.47584, 50.907388 ], [ 7.447564, 50.943812 ], [ 7.256995, 50.985411 ], [ 7.286314, 51.028146 ], [ 7.317043, 51.034522 ], [ 7.332279, 51.068154 ], [ 7.280954, 51.08225 ], [ 7.294802, 51.103282 ], [ 7.26818, 51.145657 ] ] ] } },
{ "type": "Feature", "properties": { "loc": "DEA2B" }, "geometry": { "type": "Polygon", "coordinates": [ [ [ 6.990594, 51.091598 ], [ 6.997724, 51.117976 ], [ 7.027106, 51.129419 ], [ 7.100655, 51.13621 ], [ 7.1479, 51.117893 ], [ 7.16635, 51.153941 ], [ 7.249052, 51.158466 ], [ 7.294802, 51.103282 ], [ 7.280954, 51.08225 ], [ 7.332279, 51.068154 ], [ 7.317043, 51.034522 ], [ 7.286314, 51.028146 ], [ 7.256995, 50.985411 ], [ 7.39848, 50.949752 ], [ 7.33595, 50.912568 ], [ 7.247606, 50.923923 ], [ 7.196329, 50.876841 ], [ 7.161282, 50.867294 ], [ 7.13974, 50.885058 ], [ 7.141538, 50.942651 ], [ 7.092515, 50.955427 ], [ 7.096854, 50.977734 ], [ 7.072061, 50.990932 ], [ 7.067906, 51.01874 ], [ 7.094252, 51.030283 ], [ 7.112263, 51.062292 ], [ 7.066376, 51.071602 ], [ 7.068761, 51.096263 ], [ 6.990594, 51.091598 ] ] ] } },
{ "type": "Feature", "properties": { "loc": "DEA2C" }, "geometry": { "type": "Polygon", "coordinates": [ [ [ 7.084802, 50.832736 ], [ 7.196329, 50.876841 ], [ 7.247606, 50.923923 ], [ 7.33595, 50.912568 ], [ 7.39848, 50.949752 ], [ 7.447564, 50.943812 ], [ 7.47584, 50.907388 ], [ 7.465543, 50.879944 ], [ 7.533158, 50.8338 ], [ 7.647073, 50.832311 ], [ 7.680121, 50.792048 ], [ 7.656092, 50.771129 ], [ 7.602622, 50.764938 ], [ 7.585727, 50.740142 ], [ 7.54779, 50.744194 ], [ 7.440772, 50.711438 ], [ 7.372003, 50.714125 ], [ 7.367696, 50.674356 ], [ 7.342461, 50.642807 ], [ 7.2124, 50.623405 ], [ 7.210872, 50.649543 ], [ 7.171545, 50.699007 ], [ 7.192674, 50.713527 ], [ 7.199677, 50.743802 ], [ 7.126776, 50.772927 ], [ 7.065776, 50.769806 ], [ 7.040588, 50.757237 ], [ 7.033209, 50.651906 ], [ 7.063342, 50.634742 ], [ 7.10792, 50.657404 ], [ 7.174649, 50.6526 ], [ 7.195201, 50.642723 ], [ 7.186968, 50.624574 ], [ 7.145181, 50.602089 ], [ 7.116737, 50.609503 ], [ 7.089138, 50.587583 ], [ 7.05229, 50.603794 ], [ 6.968548, 50.556771 ], [ 6.896482, 50.574484 ], [ 6.88997, 50.599915 ], [ 6.908329, 50.606145 ], [ 6.911014, 50.628413 ], [ 6.861194, 50.65377 ], [ 6.87476, 50.681453 ], [ 6.85914, 50.693156 ], [ 6.912365, 50.735123 ], [ 6.867875, 50.758192 ], [ 6.864217, 50.78496 ], [ 6.933549, 50.803999 ], [ 7.026822, 50.801488 ], [ 6.980937, 50.840916 ], [ 7.048369, 50.848836 ], [ 7.084802, 50.832736 ] ] ] } },
{ "type": "Feature", "properties": { "loc": "DEA2D" }, "geometry": { "type": "Polygon", "coordinates": [ [ [ 6.177047, 50.551694 ], [ 6.241527, 50.591434 ], [ 6.265564, 50.62468 ], [ 6.184152, 50.628095 ], [ 6.115915, 50.718751 ], [ 6.038158, 50.723206 ], [ 6.019436, 50.775623 ], [ 5.987287, 50.802089 ], [ 6.017541, 50.813337 ], [ 6.02892, 50.847599 ], [ 6.075154, 50.855363 ], [ 6.086948, 50.913135 ], [ 6.137352, 50.900568 ], [ 6.194494, 50.950133 ], [ 6.229617, 50.934989 ], [ 6.204232, 50.896608 ], [ 6.231443, 50.866796 ], [ 6.298281, 50.881032 ], [ 6.336651, 50.834634 ], [ 6.335849, 50.815782 ], [ 6.303833, 50.791698 ], [ 6.318353, 50.774207 ], [ 6.351666, 50.783719 ], [ 6.355805, 50.759582 ], [ 6.290285, 50.673618 ], [ 6.333486, 50.653307 ], [ 6.374571, 50.66599 ], [ 6.407123, 50.638204 ], [ 6.392456, 50.608173 ], [ 6.416907, 50.609295 ], [ 6.365657, 50.559126 ], [ 6.369733, 50.520397 ], [ 6.315556, 50.497042 ], [ 6.226624, 50.497614 ], [ 6.192201, 50.521055 ], [ 6.177047, 50.551694 ] ] ] } },
{ "type": "Feature", "properties": { "loc": "DE111" }, "geometry": { "type": "Polygon", "coordinates": [ [ [ 9.313649, 48.774483 ], [ 9.217666, 48.729155 ], [ 9.2317, 48.694597 ], [ 9.104721, 48.709079 ], [ 9.048693, 48.740441 ], [ 9.084104, 48.775183 ], [ 9.089813, 48.833505 ], [ 9.13095, 48.82715 ], [ 9.149703, 48.859347 ], [ 9.189012, 48.849015 ], [ 9.221062, 48.864791 ], [ 9.24417, 48.847008 ], [ 9.252841, 48.796018 ], [ 9.313649, 48.774483 ] ] ] } },
{ "type": "Feature", "properties": { "loc": "DE112" }, "geometry": { "type": "Polygon", "coordinates": [ [ [ 9.15123, 48.604055 ], [ 9.10203, 48.621297 ], [ 9.07675, 48.591092 ], [ 9.033634, 48.579442 ], [ 8.952193, 48.586002 ], [ 8.855421, 48.536747 ], [ 8.843161, 48.501901 ], [ 8.768903, 48.521841 ], [ 8.749431, 48.599578 ], [ 8.793184, 48.597368 ], [ 8.80158, 48.656843 ], [ 8.855114, 48.689826 ], [ 8.873797, 48.723357 ], [ 8.83281, 48.737428 ], [ 8.804182, 48.777778 ], [ 8.834039, 48.797058 ], [ 8.887764, 48.801901 ], [ 8.897176, 48.81813 ], [ 8.878608, 48.821166 ], [ 8.882703, 48.839821 ], [ 8.928801, 48.866557 ], [ 8.966558, 48.832008 ], [ 9.039519, 48.821005 ], [ 9.034776, 48.798014 ], [ 9.064848, 48.755577 ], [ 9.048693, 48.740441 ], [ 9.104721, 48.709079 ], [ 9.097656, 48.679817 ], [ 9.164857, 48.639499 ], [ 9.15123, 48.604055 ] ] ] } },
{ "type": "Feature", "properties": { "loc": "DE113" }, "geometry": { "type": "Polygon", "coordinates": [ [ [ 9.582476, 48.539147 ], [ 9.48475, 48.518343 ], [ 9.459293, 48.542143 ], [ 9.328519, 48.544568 ], [ 9.312832, 48.575397 ], [ 9.219905, 48.569969 ], [ 9.198662, 48.599783 ], [ 9.15123, 48.604055 ], [ 9.164857, 48.639499 ], [ 9.097656, 48.679817 ], [ 9.104721, 48.709079 ], [ 9.2317, 48.694597 ], [ 9.217666, 48.729155 ], [ 9.313649, 48.774483 ], [ 9.377888, 48.770639 ], [ 9.393242, 48.785171 ], [ 9.420284, 48.764163 ], [ 9.446049, 48.77608 ], [ 9.490447, 48.766115 ], [ 9.5052, 48.745383 ], [ 9.48935, 48.724066 ], [ 9.492458, 48.672294 ], [ 9.550118, 48.656452 ], [ 9.538964, 48.633135 ], [ 9.591057, 48.612946 ], [ 9.59269, 48.578126 ], [ 9.564127, 48.553667 ], [ 9.582476, 48.539147 ] ] ] } },
{ "type": "Feature", "properties": { "loc": "DE114" }, "geometry": { "type": "Polygon", "coordinates": [ [ [ 9.585175, 48.536741 ], [ 9.564127, 48.553667 ], [ 9.59269, 48.578126 ], [ 9.591057, 48.612946 ], [ 9.538964, 48.633135 ], [ 9.550118, 48.656452 ], [ 9.492458, 48.672294 ], [ 9.503096, 48.753939 ], [ 9.550882, 48.743582 ], [ 9.58106, 48.75474 ], [ 9.577747, 48.779477 ], [ 9.737261, 48.771965 ], [ 9.772518, 48.743415 ], [ 9.770036, 48.726411 ], [ 9.897266, 48.720452 ], [ 9.887406, 48.744021 ], [ 9.904156, 48.748677 ], [ 9.987771, 48.727253 ], [ 9.966804, 48.67288 ], [ 9.923228, 48.646699 ], [ 9.944072, 48.631755 ], [ 9.894332, 48.620301 ], [ 9.816784, 48.56014 ], [ 9.727962, 48.561478 ], [ 9.681764, 48.522231 ], [ 9.585175, 48.536741 ] ] ] } },
{ "type": "Feature", "properties": { "loc": "DE271" }, "geometry": { "type": "Polygon", "coordinates": [ [ [ 10.884084, 48.458443 ], [ 10.955047, 48.381681 ], [ 10.946626, 48.29013 ], [ 10.939173, 48.269468 ], [ 10.910751, 48.258307 ], [ 10.900149, 48.29013 ], [ 10.768395, 48.301571 ], [ 10.804406, 48.348276 ], [ 10.849772, 48.347573 ], [ 10.855882, 48.367716 ], [ 10.833054, 48.383141 ], [ 10.886372, 48.4144 ], [ 10.884084, 48.458443 ] ] ] } },
{ "type": "Feature", "properties": { "loc": "DE272" }, "geometry": { "type": "Polygon", "coordinates": [ [ [ 10.558019, 47.88245 ], [ 10.628073, 47.921265 ], [ 10.649525, 47.916001 ], [ 10.657066, 47.84106 ], [ 10.566419, 47.859332 ], [ 10.558019, 47.88245 ] ] ] } },
{ "type": "Feature", "properties": { "loc": "DE273" }, "geometry": { "type": "Polygon", "coordinates": [ [ [ 10.233352, 47.764852 ], [ 10.293685, 47.777168 ], [ 10.369025, 47.763127 ], [ 10.358646, 47.729672 ], [ 10.373366, 47.71354 ], [ 10.318416, 47.695005 ], [ 10.268278, 47.700237 ], [ 10.248716, 47.714199 ], [ 10.264258, 47.723614 ], [ 10.261049, 47.749709 ], [ 10.233352, 47.764852 ] ] ] } },
{ "type": "Feature", "properties": { "loc": "DE274" }, "geometry": { "type": "Polygon", "coordinates": [ [ [ 10.154599, 47.997807 ], [ 10.135728, 48.023761 ], [ 10.230537, 48.0414 ], [ 10.186348, 47.939537 ], [ 10.157273, 47.920008 ], [ 10.085066, 47.956804 ], [ 10.114955, 47.976257 ], [ 10.118712, 47.961971 ], [ 10.141479, 47.963671 ], [ 10.13143, 47.977191 ], [ 10.154599, 47.997807 ] ] ] } },
{ "type": "Feature", "properties": { "loc": "DE275" }, "geometry": { "type": "Polygon", "coordinates": [ [ [ 10.903411, 48.236676 ], [ 10.946626, 48.29013 ], [ 10.955047, 48.381681 ], [ 10.884084, 48.458443 ], [ 10.865919, 48.506317 ], [ 10.872503, 48.528883 ], [ 10.982806, 48.549789 ], [ 10.969947, 48.569412 ], [ 10.935708, 48.572806 ], [ 10.923929, 48.586954 ], [ 10.936008, 48.598786 ], [ 11.022986, 48.620171 ], [ 11.152389, 48.590781 ], [ 11.159227, 48.572427 ], [ 11.136252, 48.552182 ], [ 11.200921, 48.527502 ], [ 11.219311, 48.494799 ], [ 11.257352, 48.471542 ], [ 11.303736, 48.473171 ], [ 11.311675, 48.452273 ], [ 11.182721, 48.417317 ], [ 11.195044, 48.387179 ], [ 11.16872, 48.366179 ], [ 11.167982, 48.33335 ], [ 11.127715, 48.320031 ], [ 11.116769, 48.268478 ], [ 11.065548, 48.272779 ], [ 11.042389, 48.230527 ], [ 11.058258, 48.200438 ], [ 10.955903, 48.201648 ], [ 10.903411, 48.236676 ] ] ] } },
{ "type": "Feature", "properties": { "loc": "DE276" }, "geometry": { "type": "Polygon", "coordinates": [ [ [ 10.865919, 48.506317 ], [ 10.886372, 48.4144 ], [ 10.833054, 48.383141 ], [ 10.855882, 48.367716 ], [ 10.849772, 48.347573 ], [ 10.804406, 48.348276 ], [ 10.768395, 48.301571 ], [ 10.900149, 48.29013 ], [ 10.910751, 48.258307 ], [ 10.86593, 48.164589 ], [ 10.792567, 48.146785 ], [ 10.801532, 48.10417 ], [ 10.701787, 48.097873 ], [ 10.687045, 48.167327 ], [ 10.567826, 48.171857 ], [ 10.584613, 48.207491 ], [ 10.561411, 48.232201 ], [ 10.594683, 48.277597 ], [ 10.578865, 48.314373 ], [ 10.497841, 48.320636 ], [ 10.517661, 48.379043 ], [ 10.545165, 48.397837 ], [ 10.510344, 48.411668 ], [ 10.539373, 48.429999 ], [ 10.528356, 48.471389 ], [ 10.621008, 48.497596 ], [ 10.704283, 48.482867 ], [ 10.745754, 48.494095 ], [ 10.769841, 48.534021 ], [ 10.779368, 48.61893 ], [ 10.876963, 48.637049 ], [ 10.887022, 48.602388 ], [ 10.969947, 48.569412 ], [ 10.982806, 48.549789 ], [ 10.872503, 48.528883 ], [ 10.865919, 48.506317 ] ] ] } },
{ "type": "Feature", "properties": { "loc": "DE277" }, "geometry": { "type": "Polygon", "coordinates": [ [ [ 10.278249, 48.516101 ], [ 10.308303, 48.523298 ], [ 10.311785, 48.563644 ], [ 10.295761, 48.595622 ], [ 10.318849, 48.608763 ], [ 10.263137, 48.653385 ], [ 10.272279, 48.700555 ], [ 10.336411, 48.686521 ], [ 10.357678, 48.655078 ], [ 10.406713, 48.696015 ], [ 10.432824, 48.691622 ], [ 10.411304, 48.665909 ], [ 10.420809, 48.661511 ], [ 10.488401, 48.688622 ], [ 10.530016, 48.749962 ], [ 10.60962, 48.753471 ], [ 10.656254, 48.730336 ], [ 10.62791, 48.68188 ], [ 10.686694, 48.653114 ], [ 10.743198, 48.66075 ], [ 10.751135, 48.637599 ], [ 10.774096, 48.641313 ], [ 10.782263, 48.60795 ], [ 10.766672, 48.593404 ], [ 10.778367, 48.566572 ], [ 10.769841, 48.534021 ], [ 10.745754, 48.494095 ], [ 10.704283, 48.482867 ], [ 10.621008, 48.497596 ], [ 10.528356, 48.471389 ], [ 10.431048, 48.484315 ], [ 10.419742, 48.525361 ], [ 10.386451, 48.494137 ], [ 10.323442, 48.48163 ], [ 10.278249, 48.516101 ] ] ] } },
{ "type": "Feature", "properties": { "loc": "DE278" }, "geometry": { "type": "Polygon", "coordinates": [ [ [ 10.133896, 48.454871 ], [ 10.235715, 48.491853 ], [ 10.23078, 48.510511 ], [ 10.278249, 48.516101 ], [ 10.323442, 48.48163 ], [ 10.386451, 48.494137 ], [ 10.419742, 48.525361 ], [ 10.431048, 48.484315 ], [ 10.528356, 48.471389 ], [ 10.539373, 48.429999 ], [ 10.510344, 48.411668 ], [ 10.545165, 48.397837 ], [ 10.517661, 48.379043 ], [ 10.497841, 48.320636 ], [ 10.578865, 48.314373 ], [ 10.594683, 48.277597 ], [ 10.561411, 48.232201 ], [ 10.573642, 48.21212 ], [ 10.48865, 48.218421 ], [ 10.357083, 48.16309 ], [ 10.295861, 48.186936 ], [ 10.297106, 48.217283 ], [ 10.271434, 48.229654 ], [ 10.306435, 48.267413 ], [ 10.292605, 48.299143 ], [ 10.258663, 48.350215 ], [ 10.185713, 48.376147 ], [ 10.168202, 48.399561 ], [ 10.175462, 48.439486 ], [ 10.133896, 48.454871 ] ] ] } },
{ "type": "Feature", "properties": { "loc": "DE279" }, "geometry": { "type": "Polygon", "coordinates": [ [ [ 10.136457, 48.108459 ], [ 10.063828, 48.236893 ], [ 10.062976, 48.280195 ], [ 9.970965, 48.376272 ], [ 10.037953, 48.428397 ], [ 10.032695, 48.457196 ], [ 10.108655, 48.475613 ], [ 10.175462, 48.439486 ], [ 10.168202, 48.399561 ], [ 10.185713, 48.376147 ], [ 10.258663, 48.350215 ], [ 10.306435, 48.267413 ], [ 10.286761, 48.259252 ], [ 10.189806, 48.124643 ], [ 10.136457, 48.108459 ] ] ] } },
{ "type": "Feature", "properties": { "loc": "DE27A" }, "geometry": { "type": "Polygon", "coordinates": [ [ [ 10.077293, 47.639274 ], [ 10.057743, 47.580312 ], [ 9.964297, 47.562911 ], [ 9.957823, 47.536852 ], [ 9.921347, 47.531433 ], [ 9.885646, 47.546299 ], [ 9.866847, 47.531563 ], [ 9.820161, 47.54903 ], [ 9.823787, 47.583822 ], [ 9.794082, 47.595003 ], [ 9.765973, 47.586899 ], [ 9.721026, 47.53242 ], [ 9.677136, 47.52418 ], [ 9.558721, 47.541893 ], [ 9.657553, 47.609978 ], [ 9.748364, 47.606678 ], [ 9.848441, 47.677178 ], [ 9.95885, 47.653964 ], [ 10.025051, 47.684029 ], [ 10.061357, 47.675812 ], [ 10.077293, 47.639274 ] ] ] } },
{ "type": "Feature", "properties": { "loc": "DE27B" }, "geometry": { "type": "Polygon", "coordinates": [ [ [ 10.952786, 47.616265 ], [ 10.932387, 47.592239 ], [ 10.87537, 47.570883 ], [ 10.886199, 47.536848 ], [ 10.776119, 47.516323 ], [ 10.687014, 47.557279 ], [ 10.60338, 47.568473 ], [ 10.571511, 47.536374 ], [ 10.461497, 47.55561 ], [ 10.470674, 47.601352 ], [ 10.453506, 47.611117 ], [ 10.499048, 47.638125 ], [ 10.506931, 47.663622 ], [ 10.490384, 47.686566 ], [ 10.461786, 47.693303 ], [ 10.464016, 47.747471 ], [ 10.433742, 47.796566 ], [ 10.365041, 47.813709 ], [ 10.326901, 47.858075 ], [ 10.377645, 47.88695 ], [ 10.366027, 47.921508 ], [ 10.399608, 47.900726 ], [ 10.470145, 47.937092 ], [ 10.503013, 47.937304 ], [ 10.528079, 47.981811 ], [ 10.624265, 47.95223 ], [ 10.661613, 48.013821 ], [ 10.696899, 48.034848 ], [ 10.701787, 48.097873 ], [ 10.812667, 48.101042 ], [ 10.759005, 48.042576 ], [ 10.810638, 48.031288 ], [ 10.824095, 47.992321 ], [ 10.796639, 47.939372 ], [ 10.775465, 47.928739 ], [ 10.784929, 47.880958 ], [ 10.752394, 47.857065 ], [ 10.767091, 47.843793 ], [ 10.751029, 47.802034 ], [ 10.777849, 47.772494 ], [ 10.744376, 47.76516 ], [ 10.721383, 47.702744 ], [ 10.747688, 47.687353 ], [ 10.82577, 47.726044 ], [ 10.782589, 47.661828 ], [ 10.912093, 47.658973 ], [ 10.908751, 47.636769 ], [ 10.952786, 47.616265 ] ], [ [ 10.558019, 47.88245 ], [ 10.566419, 47.859332 ], [ 10.657066, 47.84106 ], [ 10.649525, 47.916001 ], [ 10.628073, 47.921265 ], [ 10.558019, 47.88245 ] ] ] } },
{ "type": "Feature", "properties": { "loc": "DE27C" }, "geometry": { "type": "MultiPolygon", "coordinates": [ [ [ [ 10.687045, 48.167327 ], [ 10.696899, 48.034848 ], [ 10.661613, 48.013821 ], [ 10.624265, 47.95223 ], [ 10.528079, 47.981811 ], [ 10.503013, 47.937304 ], [ 10.470145, 47.937092 ], [ 10.399608, 47.900726 ], [ 10.366027, 47.921508 ], [ 10.377645, 47.88695 ], [ 10.326901, 47.858075 ], [ 10.257254, 47.857178 ], [ 10.229537, 47.840209 ], [ 10.191823, 47.850579 ], [ 10.131929, 47.820087 ], [ 10.088181, 47.866587 ], [ 10.110137, 47.93715 ], [ 10.157273, 47.920008 ], [ 10.186348, 47.939537 ], [ 10.230537, 48.0414 ], [ 10.135728, 48.023761 ], [ 10.136457, 48.108459 ], [ 10.208496, 48.140562 ], [ 10.227604, 48.186111 ], [ 10.271434, 48.229654 ], [ 10.297106, 48.217283 ], [ 10.295861, 48.186936 ], [ 10.357083, 48.16309 ], [ 10.48865, 48.218421 ], [ 10.573642, 48.21212 ], [ 10.583335, 48.192467 ], [ 10.567826, 48.171857 ], [ 10.687045, 48.167327 ] ] ], [ [ [ 10.132387, 48.0154 ], [ 10.154599, 47.997807 ], [ 10.132324, 47.959109 ], [ 10.114955, 47.976257 ], [ 10.132387, 48.0154 ] ] ] ] } },
{ "type": "Feature", "properties": { "loc": "DE27D" }, "geometry": { "type": "Polygon", "coordinates": [ [ [ 11.005942, 48.821883 ], [ 10.960511, 48.808183 ], [ 10.992929, 48.759289 ], [ 10.987391, 48.691845 ], [ 11.036468, 48.628615 ], [ 10.923929, 48.586954 ], [ 10.887022, 48.602388 ], [ 10.876963, 48.637049 ], [ 10.779368, 48.61893 ], [ 10.774096, 48.641313 ], [ 10.751135, 48.637599 ], [ 10.743198, 48.66075 ], [ 10.686694, 48.653114 ], [ 10.62791, 48.68188 ], [ 10.656254, 48.730336 ], [ 10.60962, 48.753471 ], [ 10.530016, 48.749962 ], [ 10.487258, 48.696662 ], [ 10.45993, 48.730566 ], [ 10.423689, 48.744496 ], [ 10.417925, 48.769548 ], [ 10.447029, 48.821204 ], [ 10.428507, 48.840099 ], [ 10.450092, 48.856691 ], [ 10.449718, 48.889382 ], [ 10.432613, 48.903378 ], [ 10.453246, 48.919611 ], [ 10.446363, 48.941224 ], [ 10.404987, 48.969885 ], [ 10.430095, 49.002209 ], [ 10.537629, 49.007989 ], [ 10.560598, 49.033178 ], [ 10.588893, 49.033664 ], [ 10.642255, 49.016631 ], [ 10.635588, 48.989488 ], [ 10.668245, 48.98185 ], [ 10.692874, 48.951927 ], [ 10.677628, 48.915629 ], [ 10.719233, 48.902325 ], [ 10.810159, 48.946698 ], [ 10.828356, 48.922756 ], [ 10.820853, 48.899994 ], [ 10.872657, 48.8775 ], [ 10.906466, 48.879911 ], [ 10.994731, 48.841272 ], [ 11.005942, 48.821883 ] ] ] } },
{ "type": "Feature", "properties": { "loc": "DE27E" }, "geometry": { "type": "Polygon", "coordinates": [ [ [ 10.178353, 47.270114 ], [ 10.181318, 47.291558 ], [ 10.209452, 47.310285 ], [ 10.205252, 47.332323 ], [ 10.230075, 47.38136 ], [ 10.183916, 47.388048 ], [ 10.100714, 47.361603 ], [ 10.076921, 47.40624 ], [ 10.09906, 47.428379 ], [ 10.090142, 47.451938 ], [ 10.039236, 47.485531 ], [ 9.999526, 47.483017 ], [ 9.96719, 47.522695 ], [ 9.964297, 47.562911 ], [ 10.057743, 47.580312 ], [ 10.094549, 47.667199 ], [ 10.126049, 47.676165 ], [ 10.136242, 47.702445 ], [ 10.113219, 47.759959 ], [ 10.070445, 47.786083 ], [ 10.191823, 47.850579 ], [ 10.229537, 47.840209 ], [ 10.257254, 47.857178 ], [ 10.326901, 47.858075 ], [ 10.365041, 47.813709 ], [ 10.433742, 47.796566 ], [ 10.464016, 47.747471 ], [ 10.461786, 47.693303 ], [ 10.490384, 47.686566 ], [ 10.506931, 47.663622 ], [ 10.499048, 47.638125 ], [ 10.453506, 47.611117 ], [ 10.47264, 47.58695 ], [ 10.433443, 47.577595 ], [ 10.450368, 47.551342 ], [ 10.434826, 47.500347 ], [ 10.465031, 47.478104 ], [ 10.472359, 47.436769 ], [ 10.328498, 47.306304 ], [ 10.178353, 47.270114 ] ], [ [ 10.233352, 47.764852 ], [ 10.261049, 47.749709 ], [ 10.264258, 47.723614 ], [ 10.248716, 47.714199 ], [ 10.268278, 47.700237 ], [ 10.318416, 47.695005 ], [ 10.373366, 47.71354 ], [ 10.358646, 47.729672 ], [ 10.369025, 47.763127 ], [ 10.293685, 47.777168 ], [ 10.233352, 47.764852 ] ] ] } },
{ "type": "Feature", "properties": { "loc": "DE300" }, "geometry": { "type": "Polygon", "coordinates": [ [ [ 13.420985, 52.376247 ], [ 13.341675, 52.408785 ], [ 13.311926, 52.399185 ], [ 13.228532, 52.420132 ], [ 13.160214, 52.394678 ], [ 13.09211, 52.416484 ], [ 13.118187, 52.436238 ], [ 13.115945, 52.473603 ], [ 13.153696, 52.501821 ], [ 13.122178, 52.528694 ], [ 13.148788, 52.565799 ], [ 13.142873, 52.589328 ], [ 13.211736, 52.590662 ], [ 13.216949, 52.622581 ], [ 13.260201, 52.628735 ], [ 13.288839, 52.659429 ], [ 13.310345, 52.628974 ], [ 13.335489, 52.623715 ], [ 13.39854, 52.648194 ], [ 13.427957, 52.637949 ], [ 13.463943, 52.652624 ], [ 13.459364, 52.66653 ], [ 13.484051, 52.668003 ], [ 13.520097, 52.642408 ], [ 13.503435, 52.598873 ], [ 13.655468, 52.527177 ], [ 13.615224, 52.472711 ], [ 13.66698, 52.474167 ], [ 13.751491, 52.445329 ], [ 13.734886, 52.404958 ], [ 13.647683, 52.342132 ], [ 13.639068, 52.377169 ], [ 13.483817, 52.397968 ], [ 13.458908, 52.418969 ], [ 13.422617, 52.408775 ], [ 13.420985, 52.376247 ] ] ] } },
{ "type": "Feature", "properties": { "loc": "DEA31" }, "geometry": { "type": "Polygon", "coordinates": [ [ [ 6.833152, 51.579648 ], [ 6.865163, 51.596742 ], [ 6.851402, 51.607155 ], [ 6.867745, 51.631147 ], [ 6.933357, 51.641667 ], [ 6.979317, 51.62316 ], [ 6.925642, 51.56639 ], [ 6.998652, 51.5337 ], [ 6.983611, 51.508497 ], [ 6.928413, 51.497958 ], [ 6.833152, 51.579648 ] ] ] } },
{ "type": "Feature", "properties": { "loc": "DEA32" }, "geometry": { "type": "Polygon", "coordinates": [ [ [ 7.139562, 51.506157 ], [ 7.104201, 51.481267 ], [ 7.072544, 51.484648 ], [ 7.020606, 51.518871 ], [ 7.001163, 51.623355 ], [ 7.022911, 51.628822 ], [ 7.066409, 51.614236 ], [ 7.079146, 51.591145 ], [ 7.120699, 51.585591 ], [ 7.145057, 51.55224 ], [ 7.12741, 51.546089 ], [ 7.139562, 51.506157 ] ] ] } },
{ "type": "Feature", "properties": { "loc": "DEA33" }, "geometry": { "type": "Polygon", "coordinates": [ [ [ 7.613228, 51.840613 ], [ 7.566312, 51.853524 ], [ 7.532136, 51.897683 ], [ 7.512285, 51.898425 ], [ 7.504918, 51.934966 ], [ 7.477746, 51.94222 ], [ 7.517777, 51.979111 ], [ 7.51239, 51.999671 ], [ 7.538425, 52.034503 ], [ 7.595564, 52.058222 ], [ 7.722024, 52.027495 ], [ 7.742796, 51.997847 ], [ 7.733332, 51.97456 ], [ 7.770357, 51.920309 ], [ 7.753998, 51.898851 ], [ 7.695628, 51.904357 ], [ 7.703383, 51.873461 ], [ 7.650557, 51.875453 ], [ 7.613228, 51.840613 ] ] ] } },
{ "type": "Feature", "properties": { "loc": "DEA34" }, "geometry": { "type": "Polygon", "coordinates": [ [ [ 7.099149, 52.243058 ], [ 7.098624, 52.20001 ], [ 7.146136, 52.167717 ], [ 7.145589, 52.143369 ], [ 7.249187, 52.117764 ], [ 7.266245, 52.096762 ], [ 7.267711, 52.058393 ], [ 7.238425, 52.043916 ], [ 7.172575, 52.045816 ], [ 7.117774, 52.012561 ], [ 7.056388, 52.005496 ], [ 7.088957, 51.969537 ], [ 7.058828, 51.887218 ], [ 7.092119, 51.850119 ], [ 7.172541, 51.821496 ], [ 7.066005, 51.778222 ], [ 6.981506, 51.798263 ], [ 6.95565, 51.774393 ], [ 6.918821, 51.775327 ], [ 6.910862, 51.746098 ], [ 6.865361, 51.731777 ], [ 6.775509, 51.748086 ], [ 6.757325, 51.773222 ], [ 6.671583, 51.778464 ], [ 6.634546, 51.797536 ], [ 6.569853, 51.791733 ], [ 6.51637, 51.814565 ], [ 6.43214, 51.804206 ], [ 6.40778, 51.828092 ], [ 6.394737, 51.87127 ], [ 6.471419, 51.85668 ], [ 6.676138, 51.915138 ], [ 6.722748, 51.898226 ], [ 6.778071, 51.923106 ], [ 6.801656, 51.95749 ], [ 6.828212, 51.967533 ], [ 6.82676, 51.98966 ], [ 6.692593, 52.040517 ], [ 6.697735, 52.068833 ], [ 6.744485, 52.081267 ], [ 6.760465, 52.118569 ], [ 6.85734, 52.122368 ], [ 6.885196, 52.157959 ], [ 6.950728, 52.183101 ], [ 6.986713, 52.223819 ], [ 7.099149, 52.243058 ] ] ] } },
{ "type": "Feature", "properties": { "loc": "DEA35" }, "geometry": { "type": "Polygon", "coordinates": [ [ [ 7.70189, 51.712379 ], [ 7.681135, 51.726227 ], [ 7.544651, 51.688169 ], [ 7.514019, 51.719603 ], [ 7.466261, 51.733686 ], [ 7.426024, 51.712159 ], [ 7.446434, 51.677812 ], [ 7.40955, 51.664581 ], [ 7.306164, 51.707622 ], [ 7.317804, 51.735805 ], [ 7.278918, 51.753354 ], [ 7.255871, 51.799191 ], [ 7.12538, 51.832542 ], [ 7.058828, 51.887218 ], [ 7.088957, 51.969537 ], [ 7.056388, 52.005496 ], [ 7.117774, 52.012561 ], [ 7.172575, 52.045816 ], [ 7.238425, 52.043916 ], [ 7.284263, 52.059728 ], [ 7.373062, 52.028538 ], [ 7.414872, 52.036504 ], [ 7.435477, 52.0037 ], [ 7.51239, 51.999671 ], [ 7.517777, 51.979111 ], [ 7.477746, 51.94222 ], [ 7.504918, 51.934966 ], [ 7.512285, 51.898425 ], [ 7.532136, 51.897683 ], [ 7.566312, 51.853524 ], [ 7.669267, 51.818822 ], [ 7.735788, 51.73737 ], [ 7.70189, 51.712379 ] ] ] } },
{ "type": "Feature", "properties": { "loc": "DEA36" }, "geometry": { "type": "Polygon", "coordinates": [ [ [ 7.145057, 51.55224 ], [ 7.120699, 51.585591 ], [ 7.079146, 51.591145 ], [ 7.066409, 51.614236 ], [ 7.022911, 51.628822 ], [ 6.995616, 51.606381 ], [ 7.02379, 51.549521 ], [ 7.010207, 51.532728 ], [ 6.925642, 51.56639 ], [ 6.979317, 51.62316 ], [ 6.933357, 51.641667 ], [ 6.902276, 51.635684 ], [ 6.89855, 51.66144 ], [ 6.936425, 51.712432 ], [ 6.910862, 51.746098 ], [ 6.918821, 51.775327 ], [ 7.014952, 51.799252 ], [ 7.066005, 51.778222 ], [ 7.172541, 51.821496 ], [ 7.211088, 51.81694 ], [ 7.255871, 51.799191 ], [ 7.278918, 51.753354 ], [ 7.317804, 51.735805 ], [ 7.306164, 51.707622 ], [ 7.44018, 51.658748 ], [ 7.462886, 51.630396 ], [ 7.453103, 51.61138 ], [ 7.339408, 51.576152 ], [ 7.363029, 51.528243 ], [ 7.352228, 51.52354 ], [ 7.314603, 51.52232 ], [ 7.241345, 51.57091 ], [ 7.145057, 51.55224 ] ] ] } },
{ "type": "Feature", "properties": { "loc": "DEA37" }, "geometry": { "type": "Polygon", "coordinates": [ [ [ 7.9355, 52.362732 ], [ 7.975429, 52.307156 ], [ 7.934769, 52.294079 ], [ 7.956465, 52.27249 ], [ 7.926777, 52.259997 ], [ 7.926334, 52.231021 ], [ 7.903271, 52.200928 ], [ 7.934686, 52.177829 ], [ 8.017795, 52.16994 ], [ 8.003888, 52.154703 ], [ 8.006261, 52.119012 ], [ 7.885159, 52.083302 ], [ 7.757329, 52.096796 ], [ 7.704123, 52.034416 ], [ 7.595564, 52.058222 ], [ 7.538425, 52.034503 ], [ 7.51239, 51.999671 ], [ 7.435477, 52.0037 ], [ 7.414872, 52.036504 ], [ 7.373062, 52.028538 ], [ 7.267711, 52.058393 ], [ 7.266245, 52.096762 ], [ 7.249187, 52.117764 ], [ 7.145589, 52.143369 ], [ 7.146136, 52.167717 ], [ 7.098624, 52.20001 ], [ 7.099149, 52.243058 ], [ 7.135988, 52.263582 ], [ 7.291929, 52.264661 ], [ 7.561852, 52.372577 ], [ 7.599212, 52.4162 ], [ 7.57515, 52.435792 ], [ 7.608039, 52.474016 ], [ 7.685141, 52.45361 ], [ 7.71751, 52.401383 ], [ 7.8093, 52.37207 ], [ 7.895325, 52.378287 ], [ 7.9355, 52.362732 ] ] ] } },
{ "type": "Feature", "properties": { "loc": "DEA38" }, "geometry": { "type": "Polygon", "coordinates": [ [ [ 8.096448, 52.057145 ], [ 8.077918, 52.011811 ], [ 8.108874, 51.997082 ], [ 8.112291, 51.959075 ], [ 8.1687, 51.924424 ], [ 8.161023, 51.89367 ], [ 8.216171, 51.847538 ], [ 8.205238, 51.826789 ], [ 8.254364, 51.802318 ], [ 8.256891, 51.775711 ], [ 8.320136, 51.725705 ], [ 8.290598, 51.675915 ], [ 8.199633, 51.661511 ], [ 8.208454, 51.694142 ], [ 8.117894, 51.716307 ], [ 8.101562, 51.704402 ], [ 7.978364, 51.721193 ], [ 7.944528, 51.700582 ], [ 7.894102, 51.705907 ], [ 7.82755, 51.74223 ], [ 7.773325, 51.726361 ], [ 7.715352, 51.752285 ], [ 7.669267, 51.818822 ], [ 7.613228, 51.840613 ], [ 7.650557, 51.875453 ], [ 7.703383, 51.873461 ], [ 7.695628, 51.904357 ], [ 7.753998, 51.898851 ], [ 7.770357, 51.920309 ], [ 7.733332, 51.97456 ], [ 7.742796, 51.997847 ], [ 7.704123, 52.034416 ], [ 7.757329, 52.096796 ], [ 7.885159, 52.083302 ], [ 7.921048, 52.051217 ], [ 7.974552, 52.03741 ], [ 8.030544, 52.065619 ], [ 8.096448, 52.057145 ] ] ] } },
{ "type": "Feature", "properties": { "loc": "DEA41" }, "geometry": { "type": "Polygon", "coordinates": [ [ [ 8.471539, 52.100749 ], [ 8.56259, 52.105785 ], [ 8.572771, 52.078493 ], [ 8.602963, 52.086485 ], [ 8.65428, 52.060149 ], [ 8.64412, 51.958632 ], [ 8.606339, 51.927372 ], [ 8.513586, 51.922161 ], [ 8.395897, 51.964476 ], [ 8.450485, 51.996864 ], [ 8.454124, 52.017471 ], [ 8.42765, 52.042021 ], [ 8.471539, 52.100749 ] ] ] } },
{ "type": "Feature", "properties": { "loc": "DEE08" }, "geometry": { "type": "Polygon", "coordinates": [ [ [ 12.16353, 50.9586 ], [ 12.092485, 50.975209 ], [ 12.021019, 50.969122 ], [ 12.005331, 50.989458 ], [ 11.972947, 50.99399 ], [ 11.972886, 51.016734 ], [ 11.916073, 51.02866 ], [ 11.885904, 51.055096 ], [ 11.764578, 51.047645 ], [ 11.704102, 51.071442 ], [ 11.66482, 51.108652 ], [ 11.620626, 51.103087 ], [ 11.577511, 51.117729 ], [ 11.484609, 51.105437 ], [ 11.455114, 51.142896 ], [ 11.475568, 51.155953 ], [ 11.467608, 51.189158 ], [ 11.438524, 51.209582 ], [ 11.395927, 51.205817 ], [ 11.369879, 51.222042 ], [ 11.385375, 51.245887 ], [ 11.41123, 51.241862 ], [ 11.473968, 51.295058 ], [ 11.555729, 51.277238 ], [ 11.62016, 51.318589 ], [ 11.698971, 51.269244 ], [ 11.756777, 51.281214 ], [ 11.794589, 51.247782 ], [ 11.904315, 51.2346 ], [ 11.92172, 51.239188 ], [ 11.935123, 51.270326 ], [ 12.047682, 51.286261 ], [ 12.049998, 51.258984 ], [ 12.070535, 51.249976 ], [ 12.170905, 51.275508 ], [ 12.200774, 51.214831 ], [ 12.176352, 51.185898 ], [ 12.210824, 51.179617 ], [ 12.197849, 51.144626 ], [ 12.236655, 51.13163 ], [ 12.22947, 51.105597 ], [ 12.283547, 51.091924 ], [ 12.253164, 51.042214 ], [ 12.291088, 51.020991 ], [ 12.224169, 50.942935 ], [ 12.181968, 50.972685 ], [ 12.16353, 50.9586 ] ] ] } },
{ "type": "Feature", "properties": { "loc": "DEE09" }, "geometry": { "type": "MultiPolygon", "coordinates": [ [ [ [ 11.340848, 51.901234 ], [ 11.333372, 51.849679 ], [ 11.266129, 51.830932 ], [ 11.243745, 51.806724 ], [ 11.300185, 51.760517 ], [ 11.349529, 51.776502 ], [ 11.393064, 51.770001 ], [ 11.405398, 51.748851 ], [ 11.388606, 51.696207 ], [ 11.239632, 51.640241 ], [ 11.244989, 51.611041 ], [ 11.228867, 51.597269 ], [ 11.165067, 51.59143 ], [ 11.123967, 51.570088 ], [ 11.122406, 51.588561 ], [ 11.043524, 51.59534 ], [ 11.014203, 51.625345 ], [ 10.955715, 51.631879 ], [ 10.8902, 51.612331 ], [ 10.767441, 51.646883 ], [ 10.701372, 51.642187 ], [ 10.6731, 51.669268 ], [ 10.665165, 51.707848 ], [ 10.585075, 51.781071 ], [ 10.583015, 51.846867 ], [ 10.646131, 51.899451 ], [ 10.616169, 51.928334 ], [ 10.635468, 51.956987 ], [ 10.561227, 52.004066 ], [ 10.628904, 52.011302 ], [ 10.657612, 52.043089 ], [ 10.964415, 52.056643 ], [ 11.061095, 52.036781 ], [ 11.101139, 52.004817 ], [ 11.147787, 51.998549 ], [ 11.156914, 51.9689 ], [ 11.17657, 51.95893 ], [ 11.163815, 51.938354 ], [ 11.172971, 51.920038 ], [ 11.198391, 51.924653 ], [ 11.261675, 51.896958 ], [ 11.340848, 51.901234 ] ] ], [ [ [ 10.986697, 51.61474 ], [ 11.007864, 51.620077 ], [ 10.998583, 51.603683 ], [ 10.986697, 51.61474 ] ] ] ] } },
{ "type": "Feature", "properties": { "loc": "DEE0A" }, "geometry": { "type": "Polygon", "coordinates": [ [ [ 11.400975, 51.349437 ], [ 11.391463, 51.382251 ], [ 11.344802, 51.387715 ], [ 11.318675, 51.408196 ], [ 11.151044, 51.402851 ], [ 11.068977, 51.428017 ], [ 10.978113, 51.426885 ], [ 10.969133, 51.482359 ], [ 10.942885, 51.501861 ], [ 10.936696, 51.540732 ], [ 10.900758, 51.553231 ], [ 10.886029, 51.581792 ], [ 10.891952, 51.594393 ], [ 10.931441, 51.596475 ], [ 10.916059, 51.616374 ], [ 10.955715, 51.631879 ], [ 11.014203, 51.625345 ], [ 11.043524, 51.59534 ], [ 11.088441, 51.600971 ], [ 11.142242, 51.568725 ], [ 11.165067, 51.59143 ], [ 11.228867, 51.597269 ], [ 11.244989, 51.611041 ], [ 11.239632, 51.640241 ], [ 11.388606, 51.696207 ], [ 11.401614, 51.729939 ], [ 11.49794, 51.714971 ], [ 11.530862, 51.687115 ], [ 11.600917, 51.699756 ], [ 11.611995, 51.663158 ], [ 11.751613, 51.633283 ], [ 11.752451, 51.612272 ], [ 11.688314, 51.565844 ], [ 11.72241, 51.534064 ], [ 11.707108, 51.502045 ], [ 11.770948, 51.465163 ], [ 11.767903, 51.446357 ], [ 11.698113, 51.424254 ], [ 11.633436, 51.459392 ], [ 11.555185, 51.441087 ], [ 11.431362, 51.364488 ], [ 11.428869, 51.33981 ], [ 11.400975, 51.349437 ] ], [ [ 10.986697, 51.61474 ], [ 10.998583, 51.603683 ], [ 11.007864, 51.620077 ], [ 10.986697, 51.61474 ] ] ] } },
{ "type": "Feature", "properties": { "loc": "DEE0B" }, "geometry": { "type": "MultiPolygon", "coordinates": [ [ [ [ 12.170905, 51.275508 ], [ 12.070535, 51.249976 ], [ 12.049998, 51.258984 ], [ 12.047682, 51.286261 ], [ 11.935123, 51.270326 ], [ 11.92172, 51.239188 ], [ 11.904315, 51.2346 ], [ 11.794589, 51.247782 ], [ 11.756777, 51.281214 ], [ 11.698971, 51.269244 ], [ 11.62016, 51.318589 ], [ 11.555729, 51.277238 ], [ 11.507588, 51.278729 ], [ 11.426174, 51.327955 ], [ 11.421532, 51.349042 ], [ 11.555185, 51.441087 ], [ 11.633436, 51.459392 ], [ 11.698113, 51.424254 ], [ 11.767903, 51.446357 ], [ 11.770948, 51.465163 ], [ 11.707108, 51.502045 ], [ 11.72241, 51.534064 ], [ 11.688314, 51.565844 ], [ 11.752451, 51.612272 ], [ 11.758032, 51.649712 ], [ 11.848074, 51.651252 ], [ 11.865444, 51.675391 ], [ 11.917008, 51.648244 ], [ 12.033895, 51.642815 ], [ 12.036965, 51.589348 ], [ 12.15847, 51.579922 ], [ 12.198939, 51.53132 ], [ 12.20313, 51.489975 ], [ 12.152807, 51.4606 ], [ 12.160008, 51.435122 ], [ 12.186763, 51.423692 ], [ 12.175386, 51.404778 ], [ 12.193545, 51.332518 ], [ 12.152009, 51.318224 ], [ 12.170905, 51.275508 ] ], [ [ 11.858944, 51.514007 ], [ 11.876916, 51.493804 ], [ 11.864294, 51.491874 ], [ 11.872775, 51.474986 ], [ 11.911765, 51.464833 ], [ 11.929624, 51.451715 ], [ 11.920392, 51.439762 ], [ 11.951317, 51.43202 ], [ 11.9527, 51.408642 ], [ 11.983244, 51.402492 ], [ 12.010499, 51.403373 ], [ 12.054153, 51.474633 ], [ 12.087619, 51.490031 ], [ 12.035956, 51.497831 ], [ 12.015287, 51.540019 ], [ 11.917491, 51.525204 ], [ 11.879661, 51.534768 ], [ 11.858944, 51.514007 ] ] ], [ [ [ 11.399691, 51.358277 ], [ 11.395079, 51.352889 ], [ 11.393107, 51.359495 ], [ 11.399691, 51.358277 ] ] ] ] } },
{ "type": "Feature", "properties": { "loc": "DEE0C" }, "geometry": { "type": "Polygon", "coordinates": [ [ [ 11.401614, 51.729939 ], [ 11.393064, 51.770001 ], [ 11.349529, 51.776502 ], [ 11.300185, 51.760517 ], [ 11.243745, 51.806724 ], [ 11.266129, 51.830932 ], [ 11.333372, 51.849679 ], [ 11.332099, 51.889231 ], [ 11.364975, 51.931955 ], [ 11.349623, 51.965914 ], [ 11.442703, 52.005554 ], [ 11.511283, 51.964122 ], [ 11.593283, 51.966777 ], [ 11.603311, 52.016615 ], [ 11.691964, 52.047502 ], [ 11.733619, 52.044637 ], [ 11.753687, 52.064449 ], [ 11.748725, 52.093201 ], [ 11.770103, 52.069472 ], [ 11.845579, 52.055731 ], [ 11.841959, 52.035903 ], [ 11.890957, 52.00206 ], [ 11.889549, 51.974828 ], [ 12.016867, 51.876833 ], [ 11.931481, 51.87797 ], [ 11.862466, 51.841962 ], [ 11.880666, 51.815029 ], [ 11.852261, 51.783645 ], [ 11.887434, 51.757784 ], [ 11.856896, 51.737271 ], [ 11.841172, 51.687195 ], [ 11.865444, 51.675391 ], [ 11.848074, 51.651252 ], [ 11.758032, 51.649712 ], [ 11.751613, 51.633283 ], [ 11.723774, 51.630197 ], [ 11.611995, 51.663158 ], [ 11.600917, 51.699756 ], [ 11.530862, 51.687115 ], [ 11.49794, 51.714971 ], [ 11.401614, 51.729939 ] ] ] } },
{ "type": "Feature", "properties": { "loc": "DE401" }, "geometry": { "type": "MultiPolygon", "coordinates": [ [ [ [ 12.716308, 52.525031 ], [ 12.707135, 52.523872 ], [ 12.723901, 52.539843 ], [ 12.716308, 52.525031 ] ] ], [ [ [ 12.657118, 52.492709 ], [ 12.665842, 52.501384 ], [ 12.692195, 52.50928 ], [ 12.686313, 52.492189 ], [ 12.657118, 52.492709 ] ] ], [ [ [ 12.428175, 52.458143 ], [ 12.437822, 52.427652 ], [ 12.449957, 52.449453 ], [ 12.494791, 52.46804 ], [ 12.549807, 52.449911 ], [ 12.570674, 52.465986 ], [ 12.58114, 52.449538 ], [ 12.674663, 52.447374 ], [ 12.68132, 52.417924 ], [ 12.61463, 52.38845 ], [ 12.586922, 52.351171 ], [ 12.537619, 52.350287 ], [ 12.495628, 52.324445 ], [ 12.428742, 52.314528 ], [ 12.398523, 52.363467 ], [ 12.386704, 52.426058 ], [ 12.36118, 52.442772 ], [ 12.428175, 52.458143 ] ] ], [ [ [ 12.598422, 52.486512 ], [ 12.604259, 52.495631 ], [ 12.619074, 52.489922 ], [ 12.617557, 52.483765 ], [ 12.598422, 52.486512 ] ] ] ] } },
{ "type": "Feature", "properties": { "loc": "DE402" }, "geometry": { "type": "Polygon", "coordinates": [ [ [ 14.272832, 51.79518 ], [ 14.310431, 51.82148 ], [ 14.29686, 51.844514 ], [ 14.305667, 51.864489 ], [ 14.37943, 51.854789 ], [ 14.388301, 51.84762 ], [ 14.371947, 51.830296 ], [ 14.406206, 51.801356 ], [ 14.446365, 51.81478 ], [ 14.487272, 51.804309 ], [ 14.501896, 51.78064 ], [ 14.471112, 51.776723 ], [ 14.451497, 51.74783 ], [ 14.392751, 51.752628 ], [ 14.449928, 51.721623 ], [ 14.443292, 51.703472 ], [ 14.384298, 51.712238 ], [ 14.375617, 51.69703 ], [ 14.337404, 51.695374 ], [ 14.302082, 51.701741 ], [ 14.309464, 51.722521 ], [ 14.275372, 51.738956 ], [ 14.286885, 51.771781 ], [ 14.272832, 51.79518 ] ] ] } },
{ "type": "Feature", "properties": { "loc": "DE403" }, "geometry": { "type": "Polygon", "coordinates": [ [ [ 14.600892, 52.272052 ], [ 14.496591, 52.253875 ], [ 14.467213, 52.27461 ], [ 14.401059, 52.269213 ], [ 14.398987, 52.30691 ], [ 14.432137, 52.339461 ], [ 14.412017, 52.35467 ], [ 14.431745, 52.394214 ], [ 14.534362, 52.395008 ], [ 14.581373, 52.311005 ], [ 14.578777, 52.288834 ], [ 14.600892, 52.272052 ] ] ] } },
{ "type": "Feature", "properties": { "loc": "DE404" }, "geometry": { "type": "Polygon", "coordinates": [ [ [ 12.893531, 52.460763 ], [ 12.954249, 52.505024 ], [ 13.004631, 52.511145 ], [ 13.063566, 52.462575 ], [ 13.091885, 52.470574 ], [ 13.101217, 52.491738 ], [ 13.153696, 52.501821 ], [ 13.115945, 52.473603 ], [ 13.118187, 52.436238 ], [ 13.09211, 52.416484 ], [ 13.160214, 52.394678 ], [ 13.132567, 52.352922 ], [ 13.027714, 52.346018 ], [ 12.979061, 52.368948 ], [ 12.975046, 52.386383 ], [ 12.937502, 52.393387 ], [ 12.94275, 52.450411 ], [ 12.893531, 52.460763 ] ] ] } },
{ "type": "Feature", "properties": { "loc": "DE405" }, "geometry": { "type": "Polygon", "coordinates": [ [ [ 13.610828, 52.544235 ], [ 13.503435, 52.598873 ], [ 13.520097, 52.642408 ], [ 13.484051, 52.668003 ], [ 13.459364, 52.66653 ], [ 13.463943, 52.652624 ], [ 13.427957, 52.637949 ], [ 13.39854, 52.648194 ], [ 13.415069, 52.781677 ], [ 13.485459, 52.816157 ], [ 13.503116, 52.843043 ], [ 13.469705, 52.906084 ], [ 13.418364, 52.924894 ], [ 13.428431, 52.946463 ], [ 13.517898, 52.988666 ], [ 13.672365, 53.004138 ], [ 13.683354, 53.037445 ], [ 13.846739, 53.058003 ], [ 13.880798, 53.050184 ], [ 13.832188, 53.016415 ], [ 13.825805, 52.992339 ], [ 13.861773, 52.9757 ], [ 13.923061, 52.980365 ], [ 13.951454, 52.956457 ], [ 13.98213, 52.963793 ], [ 14.000189, 52.93237 ], [ 14.030929, 52.95522 ], [ 14.143658, 52.961368 ], [ 14.156692, 52.895591 ], [ 14.07866, 52.897674 ], [ 14.064372, 52.878951 ], [ 14.086717, 52.858634 ], [ 13.996062, 52.852616 ], [ 13.923749, 52.796281 ], [ 13.867897, 52.786982 ], [ 13.856745, 52.759489 ], [ 13.737482, 52.734472 ], [ 13.782316, 52.669822 ], [ 13.851357, 52.690141 ], [ 13.84114, 52.644264 ], [ 13.826615, 52.627276 ], [ 13.734483, 52.612527 ], [ 13.679809, 52.569805 ], [ 13.623791, 52.563274 ], [ 13.610828, 52.544235 ] ] ] } },
{ "type": "Feature", "properties": { "loc": "DE406" }, "geometry": { "type": "Polygon", "coordinates": [ [ [ 13.420985, 52.376247 ], [ 13.422617, 52.408775 ], [ 13.458908, 52.418969 ], [ 13.483817, 52.397968 ], [ 13.639068, 52.377169 ], [ 13.647683, 52.342132 ], [ 13.715616, 52.383739 ], [ 13.743862, 52.358005 ], [ 13.750441, 52.324117 ], [ 13.819597, 52.312504 ], [ 13.846028, 52.283828 ], [ 13.833893, 52.240852 ], [ 13.846524, 52.191368 ], [ 13.867017, 52.176739 ], [ 13.857658, 52.124783 ], [ 13.963783, 52.133599 ], [ 14.095713, 52.090935 ], [ 14.139928, 52.053918 ], [ 14.213079, 52.07849 ], [ 14.224205, 52.046852 ], [ 14.257555, 52.036225 ], [ 14.357419, 52.068161 ], [ 14.414392, 52.029748 ], [ 14.445998, 52.026356 ], [ 14.445252, 52.013009 ], [ 14.372574, 51.998726 ], [ 14.38671, 51.934272 ], [ 14.319393, 51.934373 ], [ 14.228438, 51.904184 ], [ 14.214405, 51.871386 ], [ 14.173547, 51.859482 ], [ 13.979678, 51.89902 ], [ 13.867578, 51.891247 ], [ 13.832035, 51.859591 ], [ 13.85056, 51.838183 ], [ 13.833752, 51.820319 ], [ 13.835276, 51.792752 ], [ 13.810528, 51.7839 ], [ 13.849967, 51.755968 ], [ 13.842259, 51.738467 ], [ 13.784426, 51.737582 ], [ 13.77394, 51.757494 ], [ 13.729012, 51.75755 ], [ 13.68922, 51.728626 ], [ 13.656176, 51.74554 ], [ 13.546853, 51.749727 ], [ 13.507086, 51.792032 ], [ 13.559643, 51.811166 ], [ 13.543926, 51.863286 ], [ 13.563468, 51.897538 ], [ 13.524544, 51.926663 ], [ 13.425388, 51.931583 ], [ 13.417964, 51.966355 ], [ 13.49766, 51.970351 ], [ 13.628903, 52.011143 ], [ 13.644878, 52.047168 ], [ 13.626371, 52.069115 ], [ 13.54811, 52.101575 ], [ 13.550693, 52.177832 ], [ 13.572447, 52.206096 ], [ 13.538411, 52.235806 ], [ 13.471295, 52.242413 ], [ 13.471107, 52.258042 ], [ 13.49935, 52.274074 ], [ 13.488977, 52.32673 ], [ 13.420985, 52.376247 ] ] ] } },
{ "type": "Feature", "properties": { "loc": "DE407" }, "geometry": { "type": "MultiPolygon", "coordinates": [ [ [ [ 13.126176, 51.851214 ], [ 13.166416, 51.882593 ], [ 13.228546, 51.875162 ], [ 13.22502, 51.845162 ], [ 13.251236, 51.822828 ], [ 13.356416, 51.830573 ], [ 13.418399, 51.817155 ], [ 13.507086, 51.792032 ], [ 13.546853, 51.749727 ], [ 13.656176, 51.74554 ], [ 13.68922, 51.728626 ], [ 13.729012, 51.75755 ], [ 13.77394, 51.757494 ], [ 13.840166, 51.668095 ], [ 13.886289, 51.642661 ], [ 13.87791, 51.57337 ], [ 13.714565, 51.520855 ], [ 13.656999, 51.527226 ], [ 13.644988, 51.497038 ], [ 13.690117, 51.482912 ], [ 13.717429, 51.445414 ], [ 13.717006, 51.422002 ], [ 13.690758, 51.40938 ], [ 13.691251, 51.374013 ], [ 13.604123, 51.369593 ], [ 13.567636, 51.384315 ], [ 13.543953, 51.373332 ], [ 13.517388, 51.401257 ], [ 13.426727, 51.424467 ], [ 13.400992, 51.450213 ], [ 13.376748, 51.427683 ], [ 13.329585, 51.435516 ], [ 13.264824, 51.388232 ], [ 13.22024, 51.395979 ], [ 13.185351, 51.474646 ], [ 13.20731, 51.517798 ], [ 13.185278, 51.553488 ], [ 13.14536, 51.567835 ], [ 13.154961, 51.597641 ], [ 13.120169, 51.616168 ], [ 13.088003, 51.609339 ], [ 13.051025, 51.647677 ], [ 13.1511, 51.686049 ], [ 13.182356, 51.719332 ], [ 13.150605, 51.762625 ], [ 13.160001, 51.804268 ], [ 13.126176, 51.851214 ] ] ], [ [ [ 13.188999, 51.423684 ], [ 13.172513, 51.432368 ], [ 13.191488, 51.438645 ], [ 13.188999, 51.423684 ] ] ] ] } },
{ "type": "Feature", "properties": { "loc": "DE408" }, "geometry": { "type": "Polygon", "coordinates": [ [ [ 12.223285, 52.785861 ], [ 12.38547, 52.803506 ], [ 12.408037, 52.754575 ], [ 12.53032, 52.753283 ], [ 12.543288, 52.756376 ], [ 12.534921, 52.788819 ], [ 12.553954, 52.809043 ], [ 12.613518, 52.792458 ], [ 12.645173, 52.799972 ], [ 12.715528, 52.756459 ], [ 12.711861, 52.729818 ], [ 12.743401, 52.702975 ], [ 12.826638, 52.684181 ], [ 12.931149, 52.723285 ], [ 12.959096, 52.720214 ], [ 13.026935, 52.670817 ], [ 13.090313, 52.67667 ], [ 13.111839, 52.637288 ], [ 13.154998, 52.625793 ], [ 13.164263, 52.5989 ], [ 13.142873, 52.589328 ], [ 13.148788, 52.565799 ], [ 13.122178, 52.528694 ], [ 13.153696, 52.501821 ], [ 13.101217, 52.491738 ], [ 13.091885, 52.470574 ], [ 13.063566, 52.462575 ], [ 13.004631, 52.511145 ], [ 12.954249, 52.505024 ], [ 12.885195, 52.453118 ], [ 12.820377, 52.471318 ], [ 12.748558, 52.45986 ], [ 12.754825, 52.483781 ], [ 12.738052, 52.49836 ], [ 12.745632, 52.510809 ], [ 12.716308, 52.525031 ], [ 12.723901, 52.539843 ], [ 12.691464, 52.548323 ], [ 12.572136, 52.527695 ], [ 12.506997, 52.536328 ], [ 12.483389, 52.554976 ], [ 12.433107, 52.552793 ], [ 12.410896, 52.537971 ], [ 12.427094, 52.520636 ], [ 12.416548, 52.478664 ], [ 12.445591, 52.475484 ], [ 12.428175, 52.458143 ], [ 12.327894, 52.440279 ], [ 12.32464, 52.476049 ], [ 12.303902, 52.492888 ], [ 12.271002, 52.492361 ], [ 12.234272, 52.51945 ], [ 12.187866, 52.498249 ], [ 12.171555, 52.506336 ], [ 12.183384, 52.532978 ], [ 12.146815, 52.535552 ], [ 12.176454, 52.573999 ], [ 12.173278, 52.622686 ], [ 12.233758, 52.63181 ], [ 12.236418, 52.673821 ], [ 12.200431, 52.722981 ], [ 12.219392, 52.741672 ], [ 12.209633, 52.762062 ], [ 12.223285, 52.785861 ] ] ] } },
{ "type": "Feature", "properties": { "loc": "DE409" }, "geometry": { "type": "Polygon", "coordinates": [ [ [ 14.423765, 52.373968 ], [ 14.320569, 52.382234 ], [ 14.322341, 52.401451 ], [ 14.282533, 52.412425 ], [ 14.270806, 52.462609 ], [ 14.204385, 52.496686 ], [ 14.171513, 52.468912 ], [ 14.087606, 52.453682 ], [ 14.066775, 52.478047 ], [ 14.006141, 52.450375 ], [ 13.944269, 52.475671 ], [ 13.817736, 52.43858 ], [ 13.768333, 52.448203 ], [ 13.706175, 52.50205 ], [ 13.66698, 52.474167 ], [ 13.615224, 52.472711 ], [ 13.655468, 52.527177 ], [ 13.610828, 52.544235 ], [ 13.623791, 52.563274 ], [ 13.679809, 52.569805 ], [ 13.734483, 52.612527 ], [ 13.826615, 52.627276 ], [ 13.84114, 52.644264 ], [ 13.851357, 52.690141 ], [ 13.782316, 52.669822 ], [ 13.737482, 52.734472 ], [ 13.856745, 52.759489 ], [ 13.867897, 52.786982 ], [ 13.923749, 52.796281 ], [ 13.996062, 52.852616 ], [ 14.086717, 52.858634 ], [ 14.064372, 52.878951 ], [ 14.07866, 52.897674 ], [ 14.156692, 52.895591 ], [ 14.130048, 52.831545 ], [ 14.213482, 52.81708 ], [ 14.346191, 52.752823 ], [ 14.468249, 52.659744 ], [ 14.597072, 52.608856 ], [ 14.635091, 52.574037 ], [ 14.606432, 52.531954 ], [ 14.632686, 52.494345 ], [ 14.601799, 52.458826 ], [ 14.550029, 52.430077 ], [ 14.534362, 52.395008 ], [ 14.431745, 52.394214 ], [ 14.423765, 52.373968 ] ] ] } },
{ "type": "Feature", "properties": { "loc": "DE40A" }, "geometry": { "type": "Polygon", "coordinates": [ [ [ 13.164263, 52.5989 ], [ 13.154998, 52.625793 ], [ 13.111839, 52.637288 ], [ 13.090313, 52.67667 ], [ 13.026935, 52.670817 ], [ 12.959096, 52.720214 ], [ 12.828763, 52.694756 ], [ 12.918445, 52.746909 ], [ 12.91612, 52.784585 ], [ 12.979294, 52.820418 ], [ 12.979282, 52.860449 ], [ 13.038679, 52.859349 ], [ 13.019713, 52.902315 ], [ 13.047008, 52.921856 ], [ 13.054847, 52.957914 ], [ 13.047437, 52.987901 ], [ 13.010085, 53.002283 ], [ 13.028386, 53.024367 ], [ 13.023281, 53.068154 ], [ 12.977491, 53.074554 ], [ 12.941947, 53.099122 ], [ 12.96139, 53.128457 ], [ 13.007902, 53.141988 ], [ 12.984683, 53.164985 ], [ 13.080631, 53.204911 ], [ 13.11294, 53.236274 ], [ 13.180399, 53.246388 ], [ 13.219459, 53.220051 ], [ 13.241974, 53.230588 ], [ 13.248687, 53.209251 ], [ 13.30576, 53.176629 ], [ 13.295641, 53.132153 ], [ 13.410986, 53.054646 ], [ 13.40781, 53.027692 ], [ 13.443659, 53.026353 ], [ 13.517898, 52.988666 ], [ 13.428431, 52.946463 ], [ 13.418364, 52.924894 ], [ 13.469705, 52.906084 ], [ 13.503116, 52.843043 ], [ 13.485459, 52.816157 ], [ 13.415069, 52.781677 ], [ 13.39854, 52.648194 ], [ 13.335489, 52.623715 ], [ 13.310345, 52.628974 ], [ 13.288839, 52.659429 ], [ 13.260201, 52.628735 ], [ 13.216949, 52.622581 ], [ 13.211736, 52.590662 ], [ 13.164263, 52.5989 ] ] ] } },
{ "type": "Feature", "properties": { "loc": "DE40B" }, "geometry": { "type": "Polygon", "coordinates": [ [ [ 13.691251, 51.374013 ], [ 13.690758, 51.40938 ], [ 13.717006, 51.422002 ], [ 13.717429, 51.445414 ], [ 13.690117, 51.482912 ], [ 13.644988, 51.497038 ], [ 13.656999, 51.527226 ], [ 13.714565, 51.520855 ], [ 13.87791, 51.57337 ], [ 13.886289, 51.642661 ], [ 13.810828, 51.698456 ], [ 13.798085, 51.737132 ], [ 13.85083, 51.746861 ], [ 13.810528, 51.7839 ], [ 13.835276, 51.792752 ], [ 13.833752, 51.820319 ], [ 13.85056, 51.838183 ], [ 13.832035, 51.859591 ], [ 13.867578, 51.891247 ], [ 13.979678, 51.89902 ], [ 14.088486, 51.878305 ], [ 14.076288, 51.831445 ], [ 14.106871, 51.821373 ], [ 14.120442, 51.798755 ], [ 14.103386, 51.752205 ], [ 14.141707, 51.727282 ], [ 14.096418, 51.673129 ], [ 14.132011, 51.639017 ], [ 14.203552, 51.618835 ], [ 14.150822, 51.58096 ], [ 14.163325, 51.541043 ], [ 14.107874, 51.518907 ], [ 14.07947, 51.47581 ], [ 14.04013, 51.476488 ], [ 14.057951, 51.446024 ], [ 13.997422, 51.374459 ], [ 13.956693, 51.39504 ], [ 13.735482, 51.362058 ], [ 13.691251, 51.374013 ] ] ] } },
{ "type": "Feature", "properties": { "loc": "DE40C" }, "geometry": { "type": "Polygon", "coordinates": [ [ [ 13.699738, 52.377883 ], [ 13.698978, 52.390326 ], [ 13.734886, 52.404958 ], [ 13.751491, 52.445329 ], [ 13.66698, 52.474167 ], [ 13.683317, 52.49709 ], [ 13.706175, 52.50205 ], [ 13.768333, 52.448203 ], [ 13.817736, 52.43858 ], [ 13.944269, 52.475671 ], [ 14.006141, 52.450375 ], [ 14.066775, 52.478047 ], [ 14.087606, 52.453682 ], [ 14.171513, 52.468912 ], [ 14.204385, 52.496686 ], [ 14.270806, 52.462609 ], [ 14.282533, 52.412425 ], [ 14.322341, 52.401451 ], [ 14.320569, 52.382234 ], [ 14.423765, 52.373968 ], [ 14.412017, 52.35467 ], [ 14.432137, 52.339461 ], [ 14.398987, 52.30691 ], [ 14.401059, 52.269213 ], [ 14.467213, 52.27461 ], [ 14.496591, 52.253875 ], [ 14.57169, 52.275907 ], [ 14.68554, 52.256216 ], [ 14.7089, 52.238197 ], [ 14.684011, 52.116171 ], [ 14.755227, 52.070025 ], [ 14.742853, 52.028389 ], [ 14.716716, 52.001188 ], [ 14.59284, 52.032822 ], [ 14.554066, 52.007471 ], [ 14.503381, 52.009205 ], [ 14.478904, 52.055032 ], [ 14.445998, 52.026356 ], [ 14.414392, 52.029748 ], [ 14.357419, 52.068161 ], [ 14.257555, 52.036225 ], [ 14.224205, 52.046852 ], [ 14.213079, 52.07849 ], [ 14.139928, 52.053918 ], [ 14.095713, 52.090935 ], [ 13.963783, 52.133599 ], [ 13.857658, 52.124783 ], [ 13.867017, 52.176739 ], [ 13.846524, 52.191368 ], [ 13.833893, 52.240852 ], [ 13.846028, 52.283828 ], [ 13.819597, 52.312504 ], [ 13.750441, 52.324117 ], [ 13.743862, 52.358005 ], [ 13.715616, 52.383739 ], [ 13.699738, 52.377883 ] ] ] } },
{ "type": "Feature", "properties": { "loc": "DEE0D" }, "geometry": { "type": "MultiPolygon", "coordinates": [ [ [ [ 12.249204, 52.791862 ], [ 12.223285, 52.785861 ], [ 12.209633, 52.762062 ], [ 12.219392, 52.741672 ], [ 12.200431, 52.722981 ], [ 12.236418, 52.673821 ], [ 12.233758, 52.63181 ], [ 12.173278, 52.622686 ], [ 12.176454, 52.573999 ], [ 12.146815, 52.535552 ], [ 12.183384, 52.532978 ], [ 12.171555, 52.506336 ], [ 12.111002, 52.508483 ], [ 12.077295, 52.537653 ], [ 11.995062, 52.521328 ], [ 11.990496, 52.572756 ], [ 11.96371, 52.51748 ], [ 11.999342, 52.461251 ], [ 11.990078, 52.431186 ], [ 11.93432, 52.392376 ], [ 11.935637, 52.375633 ], [ 11.851886, 52.331578 ], [ 11.822954, 52.410844 ], [ 11.727811, 52.407407 ], [ 11.69459, 52.459137 ], [ 11.587163, 52.458694 ], [ 11.597797, 52.486898 ], [ 11.573045, 52.536493 ], [ 11.583538, 52.611058 ], [ 11.482998, 52.605387 ], [ 11.406864, 52.624073 ], [ 11.480805, 52.651835 ], [ 11.480191, 52.684441 ], [ 11.514002, 52.70535 ], [ 11.549985, 52.760414 ], [ 11.509605, 52.77705 ], [ 11.530721, 52.808723 ], [ 11.485257, 52.817592 ], [ 11.475565, 52.837563 ], [ 11.627193, 52.864447 ], [ 11.626407, 52.898524 ], [ 11.505027, 52.941032 ], [ 11.49467, 52.962445 ], [ 11.510294, 53.003455 ], [ 11.55359, 53.000322 ], [ 11.597785, 53.035926 ], [ 11.630829, 53.036898 ], [ 11.633904, 53.012823 ], [ 11.673009, 53.005726 ], [ 11.695046, 52.982314 ], [ 11.74195, 52.985578 ], [ 11.835151, 52.95124 ], [ 11.832265, 52.921043 ], [ 11.85458, 52.906862 ], [ 11.973558, 52.879685 ], [ 12.126812, 52.890199 ], [ 12.133966, 52.858074 ], [ 12.191684, 52.8736 ], [ 12.229337, 52.857823 ], [ 12.249204, 52.791862 ] ] ], [ [ [ 11.805297, 52.334611 ], [ 11.789934, 52.343891 ], [ 11.790441, 52.350034 ], [ 11.817542, 52.346657 ], [ 11.805297, 52.334611 ] ] ] ] } },
{ "type": "Feature", "properties": { "loc": "DEE0E" }, "geometry": { "type": "Polygon", "coordinates": [ [ [ 12.376123, 52.045119 ], [ 12.439239, 52.018418 ], [ 12.474191, 52.033134 ], [ 12.546199, 51.984755 ], [ 12.608391, 51.982262 ], [ 12.66401, 52.011998 ], [ 12.783764, 51.964731 ], [ 12.843102, 51.964899 ], [ 12.857322, 51.935702 ], [ 12.953482, 51.934914 ], [ 12.97662, 51.903417 ], [ 13.04351, 51.898362 ], [ 13.04127, 51.871929 ], [ 13.128441, 51.881691 ], [ 13.150914, 51.85961 ], [ 13.126176, 51.851214 ], [ 13.160001, 51.804268 ], [ 13.150605, 51.762625 ], [ 13.182356, 51.719332 ], [ 13.1511, 51.686049 ], [ 13.024547, 51.640312 ], [ 12.993718, 51.667883 ], [ 12.942651, 51.64125 ], [ 12.906945, 51.645886 ], [ 12.840541, 51.682966 ], [ 12.768926, 51.64846 ], [ 12.688985, 51.660697 ], [ 12.636938, 51.617897 ], [ 12.580263, 51.626065 ], [ 12.566818, 51.636166 ], [ 12.568705, 51.66585 ], [ 12.512135, 51.664161 ], [ 12.465808, 51.703707 ], [ 12.352274, 51.686563 ], [ 12.353238, 51.712714 ], [ 12.326889, 51.722658 ], [ 12.347678, 51.739051 ], [ 12.339109, 51.78699 ], [ 12.310719, 51.801731 ], [ 12.320304, 51.831735 ], [ 12.287312, 51.862699 ], [ 12.318537, 51.889088 ], [ 12.31664, 51.941734 ], [ 12.279201, 51.947811 ], [ 12.268141, 51.986839 ], [ 12.369139, 52.026472 ], [ 12.376123, 52.045119 ] ] ] } },
{ "type": "Feature", "properties": { "loc": "DEF01" }, "geometry": { "type": "Polygon", "coordinates": [ [ [ 9.49195, 54.822635 ], [ 9.500622, 54.772182 ], [ 9.458219, 54.756042 ], [ 9.384411, 54.756917 ], [ 9.366319, 54.773723 ], [ 9.422934, 54.823223 ], [ 9.434494, 54.796158 ], [ 9.49195, 54.822635 ] ] ] } },
{ "type": "Feature", "properties": { "loc": "DEF02" }, "geometry": { "type": "Polygon", "coordinates": [ [ [ 10.174162, 54.345745 ], [ 10.215663, 54.325049 ], [ 10.191422, 54.310015 ], [ 10.20644, 54.284087 ], [ 10.198224, 54.266813 ], [ 10.123428, 54.255513 ], [ 10.089224, 54.266498 ], [ 10.090823, 54.286306 ], [ 10.06384, 54.287551 ], [ 10.04433, 54.31031 ], [ 10.052727, 54.330175 ], [ 10.086891, 54.32754 ], [ 10.099247, 54.345178 ], [ 10.035767, 54.354115 ], [ 10.121487, 54.373407 ], [ 10.135198, 54.410252 ], [ 10.168517, 54.432845 ], [ 10.188661, 54.399397 ], [ 10.147237, 54.363545 ], [ 10.151969, 54.326075 ], [ 10.174162, 54.345745 ] ] ] } },
{ "type": "Feature", "properties": { "loc": "DEF03" }, "geometry": { "type": "Polygon", "coordinates": [ [ [ 10.630896, 53.772407 ], [ 10.563871, 53.829212 ], [ 10.607061, 53.847741 ], [ 10.571493, 53.882675 ], [ 10.579576, 53.897626 ], [ 10.642869, 53.882525 ], [ 10.703139, 53.911885 ], [ 10.805371, 53.931963 ], [ 10.840886, 53.991894 ], [ 10.872524, 53.988665 ], [ 10.903662, 53.956822 ], [ 10.900705, 53.929013 ], [ 10.947962, 53.908711 ], [ 10.915303, 53.901665 ], [ 10.882176, 53.920087 ], [ 10.772934, 53.872113 ], [ 10.748791, 53.846112 ], [ 10.762965, 53.811153 ], [ 10.734221, 53.815408 ], [ 10.707282, 53.789435 ], [ 10.630896, 53.772407 ] ] ] } },
{ "type": "Feature", "properties": { "loc": "DEF04" }, "geometry": { "type": "Polygon", "coordinates": [ [ [ 10.034852, 54.128785 ], [ 10.019725, 54.082361 ], [ 10.028787, 54.05973 ], [ 10.055895, 54.057129 ], [ 10.000576, 54.026216 ], [ 9.944359, 54.021762 ], [ 9.951277, 54.045764 ], [ 9.932162, 54.060214 ], [ 9.93359, 54.102814 ], [ 9.985102, 54.145777 ], [ 10.034852, 54.128785 ] ] ] } },
{ "type": "Feature", "properties": { "loc": "DEF05" }, "geometry": { "type": "MultiPolygon", "coordinates": [ [ [ [ 9.175955, 54.334932 ], [ 9.203578, 54.322252 ], [ 9.233748, 54.342933 ], [ 9.259054, 54.340438 ], [ 9.298948, 54.275657 ], [ 9.393511, 54.288965 ], [ 9.440021, 54.244196 ], [ 9.439358, 54.175286 ], [ 9.311194, 54.127352 ], [ 9.289983, 53.985326 ], [ 9.211787, 53.933556 ], [ 9.199751, 53.880104 ], [ 9.02242, 53.879517 ], [ 9.01831, 53.896309 ], [ 8.963567, 53.895351 ], [ 8.914034, 53.926252 ], [ 8.832592, 54.023929 ], [ 8.875712, 54.043344 ], [ 8.95918, 54.03667 ], [ 8.979773, 54.055448 ], [ 8.924145, 54.129251 ], [ 8.862402, 54.125459 ], [ 8.824765, 54.151056 ], [ 8.811656, 54.184772 ], [ 8.844805, 54.266328 ], [ 8.895966, 54.264959 ], [ 8.907034, 54.286666 ], [ 8.988566, 54.330579 ], [ 8.987309, 54.363577 ], [ 9.010525, 54.377657 ], [ 9.096407, 54.366601 ], [ 9.152976, 54.320175 ], [ 9.175955, 54.334932 ] ] ], [ [ [ 8.69205, 54.070839 ], [ 8.682955, 54.048164 ], [ 8.677851, 54.055438 ], [ 8.69205, 54.070839 ] ] ] ] } },
{ "type": "Feature", "properties": { "loc": "DEF06" }, "geometry": { "type": "Polygon", "coordinates": [ [ [ 10.595047, 53.363927 ], [ 10.498937, 53.374521 ], [ 10.374814, 53.424234 ], [ 10.307954, 53.433201 ], [ 10.310985, 53.444092 ], [ 10.236679, 53.496354 ], [ 10.294941, 53.525786 ], [ 10.310264, 53.551682 ], [ 10.421324, 53.600158 ], [ 10.505636, 53.610368 ], [ 10.503315, 53.625236 ], [ 10.449808, 53.637821 ], [ 10.412128, 53.667286 ], [ 10.414762, 53.696537 ], [ 10.44217, 53.71371 ], [ 10.411517, 53.73499 ], [ 10.471891, 53.763483 ], [ 10.524888, 53.763126 ], [ 10.58228, 53.804649 ], [ 10.630896, 53.772407 ], [ 10.707282, 53.789435 ], [ 10.734221, 53.815408 ], [ 10.762965, 53.811153 ], [ 10.760596, 53.749617 ], [ 10.853992, 53.702176 ], [ 10.919408, 53.698122 ], [ 10.951919, 53.647622 ], [ 10.91423, 53.57618 ], [ 10.829853, 53.574431 ], [ 10.815791, 53.516926 ], [ 10.690686, 53.457027 ], [ 10.635069, 53.453846 ], [ 10.595047, 53.363927 ] ] ] } },
{ "type": "Feature", "properties": { "loc": "DE40D" }, "geometry": { "type": "Polygon", "coordinates": [ [ [ 12.249204, 52.791862 ], [ 12.229337, 52.857823 ], [ 12.191684, 52.8736 ], [ 12.133966, 52.858074 ], [ 12.126812, 52.890199 ], [ 12.277436, 52.918509 ], [ 12.270803, 52.946627 ], [ 12.30937, 52.957877 ], [ 12.327889, 52.99004 ], [ 12.414713, 53.008006 ], [ 12.409904, 53.049202 ], [ 12.350938, 53.017436 ], [ 12.291415, 53.058789 ], [ 12.332046, 53.103855 ], [ 12.296675, 53.122169 ], [ 12.296653, 53.140402 ], [ 12.328914, 53.165846 ], [ 12.301544, 53.204566 ], [ 12.350069, 53.238706 ], [ 12.315061, 53.27119 ], [ 12.306724, 53.303139 ], [ 12.325102, 53.321301 ], [ 12.391273, 53.300872 ], [ 12.445746, 53.252546 ], [ 12.52765, 53.264095 ], [ 12.603788, 53.246528 ], [ 12.653692, 53.254437 ], [ 12.675292, 53.230588 ], [ 12.748102, 53.22228 ], [ 12.74642, 53.200802 ], [ 12.769059, 53.19065 ], [ 12.841885, 53.198366 ], [ 12.881278, 53.183729 ], [ 12.966427, 53.196811 ], [ 12.967124, 53.174838 ], [ 13.007858, 53.150582 ], [ 12.96139, 53.128457 ], [ 12.941947, 53.099122 ], [ 12.977491, 53.074554 ], [ 13.023281, 53.068154 ], [ 13.028386, 53.024367 ], [ 13.010085, 53.002283 ], [ 13.047437, 52.987901 ], [ 13.054847, 52.957914 ], [ 13.047008, 52.921856 ], [ 13.019713, 52.902315 ], [ 13.038679, 52.859349 ], [ 12.979282, 52.860449 ], [ 12.979294, 52.820418 ], [ 12.91612, 52.784585 ], [ 12.918445, 52.746909 ], [ 12.829362, 52.70594 ], [ 12.826638, 52.684181 ], [ 12.743401, 52.702975 ], [ 12.711861, 52.729818 ], [ 12.715528, 52.756459 ], [ 12.645173, 52.799972 ], [ 12.613518, 52.792458 ], [ 12.553954, 52.809043 ], [ 12.534921, 52.788819 ], [ 12.543288, 52.756376 ], [ 12.53032, 52.753283 ], [ 12.408037, 52.754575 ], [ 12.38547, 52.803506 ], [ 12.249204, 52.791862 ] ] ] } },
{ "type": "Feature", "properties": { "loc": "DE40E" }, "geometry": { "type": "Polygon", "coordinates": [ [ [ 13.311926, 52.399185 ], [ 13.244964, 52.332471 ], [ 13.170156, 52.31624 ], [ 13.145706, 52.293283 ], [ 13.154003, 52.273179 ], [ 13.116229, 52.251627 ], [ 13.079305, 52.196698 ], [ 12.956845, 52.14122 ], [ 12.991566, 52.095456 ], [ 12.958518, 52.055516 ], [ 12.964671, 52.027522 ], [ 12.903831, 52.033593 ], [ 12.769781, 51.979274 ], [ 12.66401, 52.011998 ], [ 12.608391, 51.982262 ], [ 12.546199, 51.984755 ], [ 12.474191, 52.033134 ], [ 12.439239, 52.018418 ], [ 12.276725, 52.104018 ], [ 12.220505, 52.172615 ], [ 12.252518, 52.21165 ], [ 12.287586, 52.226219 ], [ 12.248703, 52.252373 ], [ 12.304196, 52.342845 ], [ 12.288461, 52.363634 ], [ 12.302479, 52.376817 ], [ 12.299521, 52.403975 ], [ 12.278806, 52.415096 ], [ 12.31718, 52.454095 ], [ 12.386704, 52.426058 ], [ 12.398523, 52.363467 ], [ 12.428742, 52.314528 ], [ 12.495628, 52.324445 ], [ 12.537619, 52.350287 ], [ 12.586922, 52.351171 ], [ 12.61463, 52.38845 ], [ 12.68132, 52.417924 ], [ 12.674663, 52.447374 ], [ 12.58114, 52.449538 ], [ 12.570674, 52.465986 ], [ 12.549807, 52.449911 ], [ 12.494791, 52.46804 ], [ 12.449957, 52.449453 ], [ 12.437822, 52.427652 ], [ 12.428175, 52.458143 ], [ 12.445591, 52.475484 ], [ 12.416548, 52.478664 ], [ 12.427094, 52.520636 ], [ 12.410896, 52.537971 ], [ 12.433107, 52.552793 ], [ 12.483389, 52.554976 ], [ 12.506997, 52.536328 ], [ 12.572136, 52.527695 ], [ 12.691464, 52.548323 ], [ 12.723901, 52.539843 ], [ 12.707135, 52.523872 ], [ 12.745632, 52.510809 ], [ 12.748558, 52.45986 ], [ 12.820377, 52.471318 ], [ 12.94275, 52.450411 ], [ 12.937502, 52.393387 ], [ 12.975046, 52.386383 ], [ 12.979061, 52.368948 ], [ 13.027714, 52.346018 ], [ 13.132567, 52.352922 ], [ 13.171144, 52.4066 ], [ 13.228532, 52.420132 ], [ 13.311926, 52.399185 ] ], [ [ 12.657118, 52.492709 ], [ 12.686313, 52.492189 ], [ 12.692195, 52.50928 ], [ 12.665842, 52.501384 ], [ 12.657118, 52.492709 ] ], [ [ 12.598422, 52.486512 ], [ 12.617557, 52.483765 ], [ 12.619074, 52.489922 ], [ 12.604259, 52.495631 ], [ 12.598422, 52.486512 ] ] ] } },
{ "type": "Feature", "properties": { "loc": "DE40F" }, "geometry": { "type": "Polygon", "coordinates": [ [ [ 12.277436, 52.918509 ], [ 11.973558, 52.879685 ], [ 11.85458, 52.906862 ], [ 11.832265, 52.921043 ], [ 11.835151, 52.95124 ], [ 11.74195, 52.985578 ], [ 11.695046, 52.982314 ], [ 11.673009, 53.005726 ], [ 11.633904, 53.012823 ], [ 11.630829, 53.036898 ], [ 11.507173, 53.049193 ], [ 11.444407, 53.077213 ], [ 11.340357, 53.055843 ], [ 11.277734, 53.095758 ], [ 11.265732, 53.121978 ], [ 11.383384, 53.11317 ], [ 11.425074, 53.138812 ], [ 11.533025, 53.128179 ], [ 11.559591, 53.154305 ], [ 11.563208, 53.206367 ], [ 11.6235, 53.236506 ], [ 11.686063, 53.241163 ], [ 11.740871, 53.220861 ], [ 11.814708, 53.228682 ], [ 11.817926, 53.25085 ], [ 12.013932, 53.303443 ], [ 12.01996, 53.332885 ], [ 12.056614, 53.367949 ], [ 12.095156, 53.346782 ], [ 12.147915, 53.359215 ], [ 12.173243, 53.341126 ], [ 12.226471, 53.355526 ], [ 12.258732, 53.32642 ], [ 12.325102, 53.321301 ], [ 12.306724, 53.303139 ], [ 12.315061, 53.27119 ], [ 12.350069, 53.238706 ], [ 12.301544, 53.204566 ], [ 12.328914, 53.165846 ], [ 12.296653, 53.140402 ], [ 12.296675, 53.122169 ], [ 12.332046, 53.103855 ], [ 12.291415, 53.058789 ], [ 12.350938, 53.017436 ], [ 12.409904, 53.049202 ], [ 12.414713, 53.008006 ], [ 12.327889, 52.99004 ], [ 12.30937, 52.957877 ], [ 12.270803, 52.946627 ], [ 12.277436, 52.918509 ] ] ] } },
{ "type": "Feature", "properties": { "loc": "DE40G" }, "geometry": { "type": "Polygon", "coordinates": [ [ [ 14.445252, 52.013009 ], [ 14.478904, 52.055032 ], [ 14.503381, 52.009205 ], [ 14.554066, 52.007471 ], [ 14.59284, 52.032822 ], [ 14.716716, 52.001188 ], [ 14.70716, 51.972241 ], [ 14.718916, 51.946079 ], [ 14.690667, 51.902323 ], [ 14.612763, 51.85483 ], [ 14.591164, 51.825359 ], [ 14.645462, 51.792384 ], [ 14.666944, 51.728914 ], [ 14.753243, 51.665672 ], [ 14.763237, 51.609526 ], [ 14.729862, 51.581777 ], [ 14.700328, 51.595547 ], [ 14.702801, 51.578783 ], [ 14.673337, 51.552436 ], [ 14.613561, 51.551047 ], [ 14.570589, 51.579331 ], [ 14.521116, 51.556363 ], [ 14.390446, 51.539132 ], [ 14.332198, 51.507392 ], [ 14.276601, 51.530623 ], [ 14.163325, 51.541043 ], [ 14.150822, 51.58096 ], [ 14.203552, 51.618835 ], [ 14.132011, 51.639017 ], [ 14.096418, 51.673129 ], [ 14.141707, 51.727282 ], [ 14.103386, 51.752205 ], [ 14.120442, 51.798755 ], [ 14.106871, 51.821373 ], [ 14.076288, 51.831445 ], [ 14.088486, 51.878305 ], [ 14.173547, 51.859482 ], [ 14.214405, 51.871386 ], [ 14.228438, 51.904184 ], [ 14.319393, 51.934373 ], [ 14.38671, 51.934272 ], [ 14.372574, 51.998726 ], [ 14.445252, 52.013009 ] ], [ [ 14.272832, 51.79518 ], [ 14.286885, 51.771781 ], [ 14.275372, 51.738956 ], [ 14.309464, 51.722521 ], [ 14.302082, 51.701741 ], [ 14.337404, 51.695374 ], [ 14.375617, 51.69703 ], [ 14.384298, 51.712238 ], [ 14.443292, 51.703472 ], [ 14.449928, 51.721623 ], [ 14.392751, 51.752628 ], [ 14.451497, 51.74783 ], [ 14.471112, 51.776723 ], [ 14.501896, 51.78064 ], [ 14.487272, 51.804309 ], [ 14.446365, 51.81478 ], [ 14.406206, 51.801356 ], [ 14.371947, 51.830296 ], [ 14.388301, 51.84762 ], [ 14.37943, 51.854789 ], [ 14.305667, 51.864489 ], [ 14.29686, 51.844514 ], [ 14.310431, 51.82148 ], [ 14.272832, 51.79518 ] ] ] } },
{ "type": "Feature", "properties": { "loc": "DE40H" }, "geometry": { "type": "Polygon", "coordinates": [ [ [ 13.311926, 52.399185 ], [ 13.341675, 52.408785 ], [ 13.420985, 52.376247 ], [ 13.488977, 52.32673 ], [ 13.49935, 52.274074 ], [ 13.471107, 52.258042 ], [ 13.471295, 52.242413 ], [ 13.538411, 52.235806 ], [ 13.572447, 52.206096 ], [ 13.550693, 52.177832 ], [ 13.54811, 52.101575 ], [ 13.626371, 52.069115 ], [ 13.644878, 52.047168 ], [ 13.628903, 52.011143 ], [ 13.49766, 51.970351 ], [ 13.417964, 51.966355 ], [ 13.425388, 51.931583 ], [ 13.524544, 51.926663 ], [ 13.563468, 51.897538 ], [ 13.543926, 51.863286 ], [ 13.559643, 51.811166 ], [ 13.507086, 51.792032 ], [ 13.356416, 51.830573 ], [ 13.251236, 51.822828 ], [ 13.22502, 51.845162 ], [ 13.228546, 51.875162 ], [ 13.166416, 51.882593 ], [ 13.150914, 51.85961 ], [ 13.128441, 51.881691 ], [ 13.04127, 51.871929 ], [ 13.04351, 51.898362 ], [ 12.97662, 51.903417 ], [ 12.953482, 51.934914 ], [ 12.857322, 51.935702 ], [ 12.843102, 51.964899 ], [ 12.783764, 51.964731 ], [ 12.769781, 51.979274 ], [ 12.903831, 52.033593 ], [ 12.964671, 52.027522 ], [ 12.958518, 52.055516 ], [ 12.991566, 52.095456 ], [ 12.956845, 52.14122 ], [ 13.079305, 52.196698 ], [ 13.116229, 52.251627 ], [ 13.154003, 52.273179 ], [ 13.145706, 52.293283 ], [ 13.170156, 52.31624 ], [ 13.244964, 52.332471 ], [ 13.311926, 52.399185 ] ] ] } },
{ "type": "Feature", "properties": { "loc": "DE40I" }, "geometry": { "type": "Polygon", "coordinates": [ [ [ 14.412157, 53.329636 ], [ 14.420248, 53.282363 ], [ 14.447766, 53.261961 ], [ 14.375497, 53.195072 ], [ 14.368612, 53.168231 ], [ 14.384706, 53.137374 ], [ 14.341983, 53.050466 ], [ 14.143658, 52.961368 ], [ 14.030929, 52.95522 ], [ 14.000189, 52.93237 ], [ 13.98213, 52.963793 ], [ 13.951454, 52.956457 ], [ 13.923061, 52.980365 ], [ 13.861773, 52.9757 ], [ 13.825805, 52.992339 ], [ 13.832188, 53.016415 ], [ 13.880798, 53.050184 ], [ 13.846739, 53.058003 ], [ 13.683354, 53.037445 ], [ 13.672365, 53.004138 ], [ 13.501408, 52.988774 ], [ 13.443659, 53.026353 ], [ 13.40781, 53.027692 ], [ 13.410986, 53.054646 ], [ 13.326232, 53.102711 ], [ 13.295641, 53.132153 ], [ 13.30576, 53.176629 ], [ 13.248687, 53.209251 ], [ 13.241974, 53.230588 ], [ 13.256176, 53.260555 ], [ 13.300502, 53.278532 ], [ 13.357375, 53.274421 ], [ 13.399034, 53.24847 ], [ 13.441395, 53.293348 ], [ 13.480886, 53.294221 ], [ 13.513444, 53.318574 ], [ 13.522968, 53.35638 ], [ 13.558082, 53.398773 ], [ 13.623376, 53.413359 ], [ 13.644319, 53.444617 ], [ 13.710066, 53.479062 ], [ 13.811044, 53.485819 ], [ 13.818484, 53.497934 ], [ 13.778093, 53.520096 ], [ 13.796066, 53.553755 ], [ 13.825403, 53.520847 ], [ 13.872814, 53.503397 ], [ 13.918029, 53.425671 ], [ 14.003224, 53.43297 ], [ 14.07581, 53.41399 ], [ 14.129585, 53.439118 ], [ 14.232163, 53.426917 ], [ 14.240834, 53.394235 ], [ 14.223695, 53.361511 ], [ 14.116988, 53.286091 ], [ 14.109811, 53.262925 ], [ 14.252942, 53.258628 ], [ 14.32101, 53.310484 ], [ 14.412157, 53.329636 ] ] ] } },
{ "type": "Feature", "properties": { "loc": "DE501" }, "geometry": { "type": "MultiPolygon", "coordinates": [ [ [ [ 8.654899, 53.108864 ], [ 8.616936, 53.167068 ], [ 8.523939, 53.191827 ], [ 8.485331, 53.22712 ], [ 8.59091, 53.213983 ], [ 8.592874, 53.186047 ], [ 8.629217, 53.196081 ], [ 8.667066, 53.177062 ], [ 8.827288, 53.162478 ], [ 8.86843, 53.1332 ], [ 8.945973, 53.150212 ], [ 8.984186, 53.126071 ], [ 8.957165, 53.114844 ], [ 8.975929, 53.096486 ], [ 8.964386, 53.06543 ], [ 8.975131, 53.043901 ], [ 8.915827, 53.011021 ], [ 8.870872, 53.030665 ], [ 8.821504, 53.022785 ], [ 8.769019, 53.050375 ], [ 8.711424, 53.04463 ], [ 8.708453, 53.076253 ], [ 8.654899, 53.108864 ] ] ], [ [ [ 8.524909, 53.592468 ], [ 8.5748, 53.578651 ], [ 8.561788, 53.552135 ], [ 8.524909, 53.592468 ] ] ] ] } },
{ "type": "Feature", "properties": { "loc": "DE502" }, "geometry": { "type": "MultiPolygon", "coordinates": [ [ [ [ 8.652963, 53.614204 ], [ 8.656932, 53.599006 ], [ 8.640174, 53.607034 ], [ 8.652963, 53.614204 ] ] ], [ [ [ 8.520411, 53.606205 ], [ 8.637061, 53.59982 ], [ 8.623766, 53.572647 ], [ 8.646576, 53.51831 ], [ 8.609163, 53.487865 ], [ 8.492652, 53.47221 ], [ 8.554898, 53.525131 ], [ 8.490269, 53.592468 ], [ 8.520411, 53.606205 ] ], [ [ 8.524909, 53.592468 ], [ 8.561788, 53.552135 ], [ 8.5748, 53.578651 ], [ 8.524909, 53.592468 ] ] ] ] } },
{ "type": "Feature", "properties": { "loc": "DE600" }, "geometry": { "type": "MultiPolygon", "coordinates": [ [ [ [ 10.06035, 53.678834 ], [ 10.082318, 53.718243 ], [ 10.189704, 53.729582 ], [ 10.149776, 53.675903 ], [ 10.218521, 53.631469 ], [ 10.193103, 53.613438 ], [ 10.191806, 53.586339 ], [ 10.153021, 53.575914 ], [ 10.15421, 53.542929 ], [ 10.169013, 53.519695 ], [ 10.210472, 53.517599 ], [ 10.310985, 53.444092 ], [ 10.307954, 53.433201 ], [ 10.234924, 53.396912 ], [ 10.174393, 53.398169 ], [ 10.052846, 53.46131 ], [ 9.983486, 53.416972 ], [ 9.953722, 53.428425 ], [ 9.915558, 53.416015 ], [ 9.90305, 53.454147 ], [ 9.856418, 53.436692 ], [ 9.800583, 53.47221 ], [ 9.799108, 53.490846 ], [ 9.768861, 53.505279 ], [ 9.770372, 53.552385 ], [ 9.730104, 53.557581 ], [ 9.763949, 53.62476 ], [ 9.828369, 53.586897 ], [ 9.910446, 53.652231 ], [ 9.985414, 53.649837 ], [ 9.998061, 53.678668 ], [ 10.06035, 53.678834 ] ] ], [ [ [ 8.515231, 53.917503 ], [ 8.498685, 53.912175 ], [ 8.486057, 53.914409 ], [ 8.498537, 53.932104 ], [ 8.515231, 53.917503 ] ] ], [ [ [ 8.438996, 53.944951 ], [ 8.419433, 53.947059 ], [ 8.451847, 53.96154 ], [ 8.438996, 53.944951 ] ] ] ] } },
{ "type": "Feature", "properties": { "loc": "DE711" }, "geometry": { "type": "Polygon", "coordinates": [ [ [ 8.632449, 49.941572 ], [ 8.725708, 49.954208 ], [ 8.746332, 49.901768 ], [ 8.724397, 49.864207 ], [ 8.67573, 49.834345 ], [ 8.672783, 49.80732 ], [ 8.645339, 49.798637 ], [ 8.605698, 49.835194 ], [ 8.567553, 49.834029 ], [ 8.565964, 49.848937 ], [ 8.628672, 49.897831 ], [ 8.632449, 49.941572 ] ] ] } },
{ "type": "Feature", "properties": { "loc": "DE712" }, "geometry": { "type": "Polygon", "coordinates": [ [ [ 8.800535, 50.171319 ], [ 8.774862, 50.110988 ], [ 8.736756, 50.110413 ], [ 8.745412, 50.095225 ], [ 8.717834, 50.062406 ], [ 8.623763, 50.053952 ], [ 8.596849, 50.041262 ], [ 8.591321, 50.017692 ], [ 8.52154, 50.022618 ], [ 8.556183, 50.053395 ], [ 8.532499, 50.080573 ], [ 8.520716, 50.061707 ], [ 8.477619, 50.101828 ], [ 8.584977, 50.139148 ], [ 8.609317, 50.181793 ], [ 8.711376, 50.226257 ], [ 8.731101, 50.211854 ], [ 8.705421, 50.186026 ], [ 8.719754, 50.167328 ], [ 8.800535, 50.171319 ] ] ] } },
{ "type": "Feature", "properties": { "loc": "DE713" }, "geometry": { "type": "Polygon", "coordinates": [ [ [ 8.780647, 50.136734 ], [ 8.817965, 50.133509 ], [ 8.81278, 50.114547 ], [ 8.835336, 50.073443 ], [ 8.763942, 50.049054 ], [ 8.717834, 50.062406 ], [ 8.745412, 50.095225 ], [ 8.736756, 50.110413 ], [ 8.774862, 50.110988 ], [ 8.780647, 50.136734 ] ] ] } },
{ "type": "Feature", "properties": { "loc": "DE714" }, "geometry": { "type": "Polygon", "coordinates": [ [ [ 8.175136, 50.034255 ], [ 8.113667, 50.076637 ], [ 8.133554, 50.086059 ], [ 8.120915, 50.097387 ], [ 8.249036, 50.147901 ], [ 8.327649, 50.145886 ], [ 8.321265, 50.135627 ], [ 8.346583, 50.127377 ], [ 8.382991, 50.081988 ], [ 8.35823, 50.064564 ], [ 8.374763, 50.044459 ], [ 8.335447, 50.025658 ], [ 8.33064, 50.000539 ], [ 8.288245, 49.995134 ], [ 8.243994, 50.027696 ], [ 8.175136, 50.034255 ] ] ] } },
{ "type": "Feature", "properties": { "loc": "DEA42" }, "geometry": { "type": "Polygon", "coordinates": [ [ [ 8.320136, 51.725705 ], [ 8.256891, 51.775711 ], [ 8.254364, 51.802318 ], [ 8.205238, 51.826789 ], [ 8.216171, 51.847538 ], [ 8.161023, 51.89367 ], [ 8.1687, 51.924424 ], [ 8.112291, 51.959075 ], [ 8.108874, 51.997082 ], [ 8.077918, 52.011811 ], [ 8.096448, 52.057145 ], [ 8.191114, 52.074343 ], [ 8.273811, 52.132673 ], [ 8.471539, 52.100749 ], [ 8.42765, 52.042021 ], [ 8.454124, 52.017471 ], [ 8.450485, 51.996864 ], [ 8.395897, 51.964476 ], [ 8.513586, 51.922161 ], [ 8.684102, 51.914927 ], [ 8.748387, 51.858673 ], [ 8.666711, 51.853995 ], [ 8.638537, 51.873288 ], [ 8.420344, 51.760635 ], [ 8.403108, 51.719355 ], [ 8.320136, 51.725705 ] ] ] } },
{ "type": "Feature", "properties": { "loc": "DEA43" }, "geometry": { "type": "Polygon", "coordinates": [ [ [ 8.410587, 52.115115 ], [ 8.411742, 52.135253 ], [ 8.508483, 52.183479 ], [ 8.447054, 52.209894 ], [ 8.466187, 52.267614 ], [ 8.635575, 52.257985 ], [ 8.68407, 52.235323 ], [ 8.713522, 52.249303 ], [ 8.783936, 52.202804 ], [ 8.780504, 52.165289 ], [ 8.868308, 52.19292 ], [ 8.927116, 52.184427 ], [ 8.90049, 52.158501 ], [ 8.886456, 52.111179 ], [ 8.850407, 52.103006 ], [ 8.806677, 52.12316 ], [ 8.746854, 52.118674 ], [ 8.716412, 52.092896 ], [ 8.670957, 52.086377 ], [ 8.65428, 52.060149 ], [ 8.602963, 52.086485 ], [ 8.572771, 52.078493 ], [ 8.56259, 52.105785 ], [ 8.471539, 52.100749 ], [ 8.410587, 52.115115 ] ] ] } },
{ "type": "Feature", "properties": { "loc": "DEA44" }, "geometry": { "type": "Polygon", "coordinates": [ [ [ 9.171458, 51.861195 ], [ 9.459456, 51.860999 ], [ 9.434873, 51.839443 ], [ 9.441134, 51.791517 ], [ 9.376876, 51.743461 ], [ 9.400659, 51.702066 ], [ 9.376131, 51.651259 ], [ 9.440457, 51.650394 ], [ 9.424783, 51.632987 ], [ 9.345371, 51.612526 ], [ 9.363099, 51.58862 ], [ 9.30627, 51.51638 ], [ 9.155411, 51.442675 ], [ 9.089685, 51.449799 ], [ 9.080054, 51.500166 ], [ 9.017398, 51.516033 ], [ 8.944606, 51.510202 ], [ 8.905395, 51.531496 ], [ 9.015392, 51.579188 ], [ 8.982664, 51.614529 ], [ 8.975067, 51.675538 ], [ 8.995908, 51.706911 ], [ 8.982653, 51.73671 ], [ 8.995832, 51.756919 ], [ 8.959262, 51.789742 ], [ 8.955662, 51.834413 ], [ 8.996812, 51.846058 ], [ 9.018367, 51.877823 ], [ 9.055319, 51.874167 ], [ 9.126509, 51.90929 ], [ 9.133718, 51.873778 ], [ 9.171458, 51.861195 ] ] ] } },
{ "type": "Feature", "properties": { "loc": "DEA45" }, "geometry": { "type": "Polygon", "coordinates": [ [ [ 9.323344, 51.855061 ], [ 9.171458, 51.861195 ], [ 9.133718, 51.873778 ], [ 9.126509, 51.90929 ], [ 9.055319, 51.874167 ], [ 9.018367, 51.877823 ], [ 8.996812, 51.846058 ], [ 8.955662, 51.834413 ], [ 8.959262, 51.789742 ], [ 8.917492, 51.810984 ], [ 8.792416, 51.79939 ], [ 8.684102, 51.914927 ], [ 8.606339, 51.927372 ], [ 8.64412, 51.958632 ], [ 8.658805, 52.01187 ], [ 8.645728, 52.026664 ], [ 8.670957, 52.086377 ], [ 8.716412, 52.092896 ], [ 8.746854, 52.118674 ], [ 8.806677, 52.12316 ], [ 8.850407, 52.103006 ], [ 8.886456, 52.111179 ], [ 8.90049, 52.158501 ], [ 8.927116, 52.184427 ], [ 8.982025, 52.183448 ], [ 8.985834, 52.194598 ], [ 9.01352, 52.173107 ], [ 9.016442, 52.135212 ], [ 9.060461, 52.147079 ], [ 9.155551, 52.12134 ], [ 9.137362, 52.100117 ], [ 9.185972, 52.072923 ], [ 9.173552, 52.049066 ], [ 9.19394, 52.014965 ], [ 9.178422, 51.982827 ], [ 9.206847, 51.962352 ], [ 9.267739, 51.974517 ], [ 9.276884, 51.930979 ], [ 9.333097, 51.914436 ], [ 9.343234, 51.89667 ], [ 9.323344, 51.855061 ] ] ] } },
{ "type": "Feature", "properties": { "loc": "DEA46" }, "geometry": { "type": "Polygon", "coordinates": [ [ [ 8.985834, 52.194598 ], [ 8.982025, 52.183448 ], [ 8.868308, 52.19292 ], [ 8.780504, 52.165289 ], [ 8.783936, 52.202804 ], [ 8.713522, 52.249303 ], [ 8.68407, 52.235323 ], [ 8.635575, 52.257985 ], [ 8.466187, 52.267614 ], [ 8.467164, 52.31385 ], [ 8.439391, 52.360534 ], [ 8.321707, 52.402865 ], [ 8.297214, 52.456498 ], [ 8.418471, 52.447353 ], [ 8.503784, 52.510638 ], [ 8.559046, 52.501395 ], [ 8.647826, 52.529023 ], [ 8.703009, 52.500438 ], [ 8.713582, 52.394689 ], [ 8.849394, 52.390826 ], [ 8.93523, 52.403546 ], [ 9.057247, 52.498592 ], [ 9.131349, 52.481055 ], [ 9.098159, 52.446576 ], [ 9.125253, 52.411993 ], [ 9.078339, 52.354078 ], [ 8.994899, 52.317296 ], [ 8.976046, 52.278871 ], [ 9.062787, 52.231587 ], [ 9.041191, 52.218828 ], [ 9.039724, 52.187759 ], [ 8.985834, 52.194598 ] ] ] } },
{ "type": "Feature", "properties": { "loc": "DEA47" }, "geometry": { "type": "Polygon", "coordinates": [ [ [ 8.905395, 51.531496 ], [ 8.882641, 51.546762 ], [ 8.818777, 51.537686 ], [ 8.811514, 51.5264 ], [ 8.831855, 51.495459 ], [ 8.770409, 51.449946 ], [ 8.649837, 51.479933 ], [ 8.547931, 51.467812 ], [ 8.474406, 51.565551 ], [ 8.581319, 51.618077 ], [ 8.573376, 51.655183 ], [ 8.488224, 51.683884 ], [ 8.462734, 51.719761 ], [ 8.403108, 51.719355 ], [ 8.420344, 51.760635 ], [ 8.638537, 51.873288 ], [ 8.666711, 51.853995 ], [ 8.748387, 51.858673 ], [ 8.792416, 51.79939 ], [ 8.917492, 51.810984 ], [ 8.995832, 51.756919 ], [ 8.982653, 51.73671 ], [ 8.995908, 51.706911 ], [ 8.975067, 51.675538 ], [ 8.982664, 51.614529 ], [ 9.015392, 51.579188 ], [ 8.905395, 51.531496 ] ] ] } },
{ "type": "Feature", "properties": { "loc": "DEA51" }, "geometry": { "type": "Polygon", "coordinates": [ [ [ 7.139562, 51.506157 ], [ 7.293587, 51.532262 ], [ 7.314603, 51.52232 ], [ 7.305908, 51.506931 ], [ 7.348194, 51.482669 ], [ 7.342041, 51.458791 ], [ 7.292355, 51.453584 ], [ 7.248366, 51.41349 ], [ 7.161307, 51.414531 ], [ 7.13603, 51.426038 ], [ 7.104201, 51.481267 ], [ 7.139562, 51.506157 ] ] ] } },
{ "type": "Feature", "properties": { "loc": "DE214" }, "geometry": { "type": "Polygon", "coordinates": [ [ [ 12.546424, 48.132149 ], [ 12.596909, 48.232977 ], [ 12.563619, 48.250733 ], [ 12.597743, 48.271778 ], [ 12.562563, 48.30369 ], [ 12.569575, 48.332878 ], [ 12.607292, 48.353632 ], [ 12.73679, 48.321998 ], [ 12.794857, 48.323821 ], [ 12.895849, 48.26172 ], [ 12.897851, 48.232362 ], [ 12.944685, 48.206692 ], [ 12.875866, 48.20175 ], [ 12.784728, 48.12353 ], [ 12.70536, 48.105184 ], [ 12.707076, 48.070071 ], [ 12.678549, 48.04759 ], [ 12.620141, 48.046979 ], [ 12.583483, 48.071226 ], [ 12.567057, 48.118635 ], [ 12.546424, 48.132149 ] ] ] } },
{ "type": "Feature", "properties": { "loc": "DE215" }, "geometry": { "type": "Polygon", "coordinates": [ [ [ 12.875786, 47.962609 ], [ 12.936763, 47.940269 ], [ 13.001257, 47.850199 ], [ 12.940249, 47.78317 ], [ 12.909218, 47.723186 ], [ 12.973286, 47.707764 ], [ 13.021465, 47.720632 ], [ 13.0778, 47.685122 ], [ 13.095359, 47.632823 ], [ 13.044635, 47.578747 ], [ 13.051769, 47.556819 ], [ 13.03435, 47.533882 ], [ 13.044206, 47.493406 ], [ 13.006959, 47.467543 ], [ 12.910371, 47.496715 ], [ 12.845184, 47.544153 ], [ 12.792065, 47.56125 ], [ 12.782297, 47.579793 ], [ 12.812689, 47.616853 ], [ 12.764179, 47.64937 ], [ 12.777056, 47.665578 ], [ 12.695796, 47.682223 ], [ 12.725645, 47.732391 ], [ 12.841579, 47.758225 ], [ 12.826896, 47.781126 ], [ 12.745588, 47.812033 ], [ 12.732554, 47.841253 ], [ 12.741093, 47.870792 ], [ 12.766535, 47.888467 ], [ 12.877543, 47.881275 ], [ 12.852114, 47.912596 ], [ 12.875786, 47.962609 ] ] ] } },
{ "type": "Feature", "properties": { "loc": "DE715" }, "geometry": { "type": "MultiPolygon", "coordinates": [ [ [ [ 8.899355, 49.48455 ], [ 8.94546, 49.455245 ], [ 8.856322, 49.400175 ], [ 8.808403, 49.40322 ], [ 8.834021, 49.430959 ], [ 8.829808, 49.470478 ], [ 8.852686, 49.481349 ], [ 8.874522, 49.468174 ], [ 8.899355, 49.48455 ] ] ], [ [ [ 8.899573, 49.503655 ], [ 8.835617, 49.496886 ], [ 8.813169, 49.521837 ], [ 8.725492, 49.524232 ], [ 8.687538, 49.570112 ], [ 8.688504, 49.625236 ], [ 8.596736, 49.607216 ], [ 8.615559, 49.54814 ], [ 8.581375, 49.51978 ], [ 8.554254, 49.519736 ], [ 8.474843, 49.584246 ], [ 8.42244, 49.583385 ], [ 8.381825, 49.629333 ], [ 8.358596, 49.687532 ], [ 8.448365, 49.733661 ], [ 8.543685, 49.719878 ], [ 8.674561, 49.726887 ], [ 8.69934, 49.751496 ], [ 8.743445, 49.7236 ], [ 8.797329, 49.738294 ], [ 8.796174, 49.685803 ], [ 8.881678, 49.656342 ], [ 8.868084, 49.64296 ], [ 8.907253, 49.521428 ], [ 8.899573, 49.503655 ] ] ] ] } },
{ "type": "Feature", "properties": { "loc": "DE716" }, "geometry": { "type": "Polygon", "coordinates": [ [ [ 8.797329, 49.738294 ], [ 8.743445, 49.7236 ], [ 8.69934, 49.751496 ], [ 8.674561, 49.726887 ], [ 8.55927, 49.728792 ], [ 8.558189, 49.766961 ], [ 8.537398, 49.785334 ], [ 8.546511, 49.822728 ], [ 8.522673, 49.868052 ], [ 8.56165, 49.883688 ], [ 8.551209, 49.914536 ], [ 8.569377, 49.940751 ], [ 8.620114, 49.965484 ], [ 8.6745, 49.951452 ], [ 8.632449, 49.941572 ], [ 8.628672, 49.897831 ], [ 8.565964, 49.848937 ], [ 8.567553, 49.834029 ], [ 8.605698, 49.835194 ], [ 8.645339, 49.798637 ], [ 8.672783, 49.80732 ], [ 8.67573, 49.834345 ], [ 8.724397, 49.864207 ], [ 8.746332, 49.901768 ], [ 8.725708, 49.954208 ], [ 8.829644, 49.950731 ], [ 8.898515, 49.967636 ], [ 8.945968, 49.999753 ], [ 9.016089, 49.99134 ], [ 9.027122, 49.912165 ], [ 9.05008, 49.866315 ], [ 9.036081, 49.846504 ], [ 9.009437, 49.853843 ], [ 9.008065, 49.833169 ], [ 8.960251, 49.796346 ], [ 8.864522, 49.794555 ], [ 8.797329, 49.738294 ] ] ] } },
{ "type": "Feature", "properties": { "loc": "DE717" }, "geometry": { "type": "Polygon", "coordinates": [ [ [ 8.55927, 49.728792 ], [ 8.448365, 49.733661 ], [ 8.474361, 49.763877 ], [ 8.425079, 49.769442 ], [ 8.380198, 49.825618 ], [ 8.381177, 49.854776 ], [ 8.346671, 49.878222 ], [ 8.343031, 49.940506 ], [ 8.288245, 49.995134 ], [ 8.410514, 49.998937 ], [ 8.532499, 50.080573 ], [ 8.556183, 50.053395 ], [ 8.52154, 50.022618 ], [ 8.591321, 50.017692 ], [ 8.624408, 49.978954 ], [ 8.551209, 49.914536 ], [ 8.56165, 49.883688 ], [ 8.522673, 49.868052 ], [ 8.546511, 49.822728 ], [ 8.537398, 49.785334 ], [ 8.558189, 49.766961 ], [ 8.55927, 49.728792 ] ] ] } },
{ "type": "Feature", "properties": { "loc": "DE718" }, "geometry": { "type": "Polygon", "coordinates": [ [ [ 8.353888, 50.201009 ], [ 8.402712, 50.223069 ], [ 8.387014, 50.24272 ], [ 8.409071, 50.261654 ], [ 8.340952, 50.303292 ], [ 8.3549, 50.313167 ], [ 8.319468, 50.340998 ], [ 8.393537, 50.400796 ], [ 8.467215, 50.415048 ], [ 8.550901, 50.373113 ], [ 8.605587, 50.367988 ], [ 8.643102, 50.326526 ], [ 8.617266, 50.29042 ], [ 8.657141, 50.284713 ], [ 8.711376, 50.226257 ], [ 8.572161, 50.157942 ], [ 8.5456, 50.172604 ], [ 8.454464, 50.165785 ], [ 8.353888, 50.201009 ] ] ] } },
{ "type": "Feature", "properties": { "loc": "DE719" }, "geometry": { "type": "Polygon", "coordinates": [ [ [ 8.780647, 50.136734 ], [ 8.800535, 50.171319 ], [ 8.793571, 50.195127 ], [ 8.822426, 50.203235 ], [ 8.80888, 50.233194 ], [ 8.850124, 50.248226 ], [ 8.862003, 50.278739 ], [ 8.913445, 50.275086 ], [ 9.022327, 50.233943 ], [ 9.046828, 50.248085 ], [ 9.154048, 50.250154 ], [ 9.20528, 50.286572 ], [ 9.222549, 50.32819 ], [ 9.265223, 50.331818 ], [ 9.25669, 50.352494 ], [ 9.272497, 50.366622 ], [ 9.255471, 50.377474 ], [ 9.295174, 50.460579 ], [ 9.339773, 50.448028 ], [ 9.356838, 50.386973 ], [ 9.398642, 50.393478 ], [ 9.479113, 50.440685 ], [ 9.492018, 50.412666 ], [ 9.551651, 50.384366 ], [ 9.615559, 50.392161 ], [ 9.732915, 50.356149 ], [ 9.744194, 50.336834 ], [ 9.738666, 50.306701 ], [ 9.655772, 50.267669 ], [ 9.654091, 50.237764 ], [ 9.608771, 50.222868 ], [ 9.501105, 50.239633 ], [ 9.512288, 50.197527 ], [ 9.500237, 50.17716 ], [ 9.528866, 50.162228 ], [ 9.509669, 50.142335 ], [ 9.515816, 50.101676 ], [ 9.404985, 50.087734 ], [ 9.366603, 50.128042 ], [ 9.219417, 50.145463 ], [ 9.158276, 50.104875 ], [ 9.115283, 50.123959 ], [ 9.02513, 50.109979 ], [ 8.99056, 50.067119 ], [ 8.941638, 50.088014 ], [ 8.890483, 50.079629 ], [ 8.876589, 50.097275 ], [ 8.881699, 50.123649 ], [ 8.780647, 50.136734 ] ] ] } },
{ "type": "Feature", "properties": { "loc": "DE71A" }, "geometry": { "type": "Polygon", "coordinates": [ [ [ 8.353888, 50.201009 ], [ 8.454464, 50.165785 ], [ 8.5456, 50.172604 ], [ 8.596853, 50.152613 ], [ 8.477619, 50.101828 ], [ 8.520716, 50.061707 ], [ 8.410514, 49.998937 ], [ 8.33064, 50.000539 ], [ 8.335447, 50.025658 ], [ 8.374763, 50.044459 ], [ 8.35823, 50.064564 ], [ 8.382991, 50.081988 ], [ 8.346583, 50.127377 ], [ 8.321265, 50.135627 ], [ 8.361899, 50.160233 ], [ 8.353888, 50.201009 ] ] ] } },
{ "type": "Feature", "properties": { "loc": "DE71B" }, "geometry": { "type": "Polygon", "coordinates": [ [ [ 9.009437, 49.853843 ], [ 9.064389, 49.83488 ], [ 9.08549, 49.843731 ], [ 9.090658, 49.79569 ], [ 9.131112, 49.789052 ], [ 9.110939, 49.760543 ], [ 9.14785, 49.741436 ], [ 9.121974, 49.700874 ], [ 9.090818, 49.69065 ], [ 9.101024, 49.646248 ], [ 9.066921, 49.617045 ], [ 9.103006, 49.577456 ], [ 9.098931, 49.560554 ], [ 9.07297, 49.564673 ], [ 9.122595, 49.519827 ], [ 9.060497, 49.525331 ], [ 9.035063, 49.499324 ], [ 8.95941, 49.502327 ], [ 8.93188, 49.470637 ], [ 8.899355, 49.48455 ], [ 8.907253, 49.521428 ], [ 8.868084, 49.64296 ], [ 8.881678, 49.656342 ], [ 8.796174, 49.685803 ], [ 8.789654, 49.722313 ], [ 8.864522, 49.794555 ], [ 8.960251, 49.796346 ], [ 9.008065, 49.833169 ], [ 9.009437, 49.853843 ] ] ] } },
{ "type": "Feature", "properties": { "loc": "DE71C" }, "geometry": { "type": "Polygon", "coordinates": [ [ [ 8.6745, 49.951452 ], [ 8.620114, 49.965484 ], [ 8.624408, 49.978954 ], [ 8.591321, 50.017692 ], [ 8.596849, 50.041262 ], [ 8.717834, 50.062406 ], [ 8.763942, 50.049054 ], [ 8.835336, 50.073443 ], [ 8.81278, 50.114547 ], [ 8.817965, 50.133509 ], [ 8.881699, 50.123649 ], [ 8.876589, 50.097275 ], [ 8.890483, 50.079629 ], [ 8.941638, 50.088014 ], [ 8.99056, 50.067119 ], [ 8.980159, 50.046812 ], [ 9.02749, 50.038749 ], [ 9.043717, 49.993355 ], [ 8.945968, 49.999753 ], [ 8.898515, 49.967636 ], [ 8.829644, 49.950731 ], [ 8.6745, 49.951452 ] ] ] } },
{ "type": "Feature", "properties": { "loc": "DE71D" }, "geometry": { "type": "Polygon", "coordinates": [ [ [ 7.773997, 50.06654 ], [ 7.833589, 50.085206 ], [ 7.852432, 50.126212 ], [ 7.921635, 50.110056 ], [ 7.927759, 50.144595 ], [ 7.884658, 50.175197 ], [ 7.914426, 50.204039 ], [ 7.990195, 50.234992 ], [ 8.034122, 50.217893 ], [ 8.053729, 50.235201 ], [ 8.025723, 50.258191 ], [ 8.040164, 50.270134 ], [ 8.101562, 50.26144 ], [ 8.121914, 50.277225 ], [ 8.217093, 50.290261 ], [ 8.255513, 50.266228 ], [ 8.354557, 50.29423 ], [ 8.409071, 50.261654 ], [ 8.387014, 50.24272 ], [ 8.402712, 50.223069 ], [ 8.353888, 50.201009 ], [ 8.361899, 50.160233 ], [ 8.327649, 50.145886 ], [ 8.249036, 50.147901 ], [ 8.120915, 50.097387 ], [ 8.133554, 50.086059 ], [ 8.113667, 50.076637 ], [ 8.175136, 50.034255 ], [ 7.967509, 49.978795 ], [ 7.881817, 49.972995 ], [ 7.773997, 50.06654 ] ] ] } },
{ "type": "Feature", "properties": { "loc": "DE71E" }, "geometry": { "type": "Polygon", "coordinates": [ [ [ 8.51414, 50.399351 ], [ 8.599274, 50.425046 ], [ 8.584194, 50.448171 ], [ 8.650063, 50.483346 ], [ 8.787176, 50.478297 ], [ 8.807921, 50.438717 ], [ 8.865221, 50.443144 ], [ 8.895481, 50.428108 ], [ 8.951891, 50.434084 ], [ 8.985714, 50.456657 ], [ 8.983943, 50.489927 ], [ 9.042426, 50.49799 ], [ 9.072189, 50.495146 ], [ 9.061578, 50.469688 ], [ 9.095728, 50.437038 ], [ 9.251742, 50.461694 ], [ 9.286735, 50.437298 ], [ 9.255471, 50.377474 ], [ 9.272497, 50.366622 ], [ 9.25669, 50.352494 ], [ 9.265223, 50.331818 ], [ 9.222549, 50.32819 ], [ 9.20528, 50.286572 ], [ 9.154048, 50.250154 ], [ 9.046828, 50.248085 ], [ 9.022327, 50.233943 ], [ 8.913445, 50.275086 ], [ 8.862003, 50.278739 ], [ 8.850124, 50.248226 ], [ 8.80888, 50.233194 ], [ 8.822426, 50.203235 ], [ 8.793571, 50.195127 ], [ 8.789865, 50.176048 ], [ 8.738318, 50.164181 ], [ 8.705421, 50.186026 ], [ 8.731101, 50.211854 ], [ 8.657141, 50.284713 ], [ 8.617266, 50.29042 ], [ 8.643102, 50.326526 ], [ 8.605587, 50.367988 ], [ 8.550901, 50.373113 ], [ 8.51414, 50.399351 ] ] ] } },
{ "type": "Feature", "properties": { "loc": "DE721" }, "geometry": { "type": "Polygon", "coordinates": [ [ [ 9.100264, 50.522274 ], [ 8.983943, 50.489927 ], [ 8.985714, 50.456657 ], [ 8.951891, 50.434084 ], [ 8.895481, 50.428108 ], [ 8.865221, 50.443144 ], [ 8.807921, 50.438717 ], [ 8.787176, 50.478297 ], [ 8.650063, 50.483346 ], [ 8.584194, 50.448171 ], [ 8.599274, 50.425046 ], [ 8.577542, 50.415019 ], [ 8.548124, 50.425462 ], [ 8.536226, 50.465153 ], [ 8.643178, 50.514567 ], [ 8.576982, 50.535604 ], [ 8.61127, 50.569131 ], [ 8.572389, 50.615181 ], [ 8.524848, 50.629936 ], [ 8.573193, 50.699259 ], [ 8.614408, 50.676608 ], [ 8.654022, 50.701859 ], [ 8.733525, 50.682009 ], [ 8.831778, 50.705623 ], [ 8.900911, 50.690944 ], [ 8.941404, 50.701921 ], [ 8.964766, 50.680509 ], [ 8.953325, 50.646448 ], [ 8.96401, 50.634712 ], [ 9.1269, 50.55597 ], [ 9.100264, 50.522274 ] ] ] } },
{ "type": "Feature", "properties": { "loc": "DE722" }, "geometry": { "type": "Polygon", "coordinates": [ [ [ 8.573193, 50.699259 ], [ 8.524848, 50.629936 ], [ 8.572389, 50.615181 ], [ 8.61127, 50.569131 ], [ 8.576982, 50.535604 ], [ 8.643178, 50.514567 ], [ 8.536226, 50.465153 ], [ 8.548124, 50.425462 ], [ 8.577542, 50.415019 ], [ 8.539131, 50.416387 ], [ 8.51414, 50.399351 ], [ 8.489754, 50.398606 ], [ 8.427737, 50.44434 ], [ 8.4316, 50.468956 ], [ 8.392068, 50.459944 ], [ 8.355157, 50.507131 ], [ 8.287098, 50.534235 ], [ 8.254761, 50.573606 ], [ 8.166406, 50.578074 ], [ 8.13195, 50.60752 ], [ 8.137749, 50.629414 ], [ 8.110978, 50.660496 ], [ 8.164551, 50.735729 ], [ 8.133154, 50.789677 ], [ 8.269208, 50.878841 ], [ 8.399992, 50.844371 ], [ 8.403208, 50.79457 ], [ 8.454256, 50.789145 ], [ 8.436537, 50.759028 ], [ 8.451027, 50.726159 ], [ 8.542613, 50.736972 ], [ 8.573193, 50.699259 ] ] ] } },
{ "type": "Feature", "properties": { "loc": "DE723" }, "geometry": { "type": "Polygon", "coordinates": [ [ [ 8.354557, 50.29423 ], [ 8.255513, 50.266228 ], [ 8.217093, 50.290261 ], [ 8.121914, 50.277225 ], [ 8.060513, 50.371192 ], [ 8.018983, 50.384554 ], [ 8.019939, 50.399354 ], [ 7.97156, 50.40622 ], [ 8.008456, 50.454439 ], [ 7.98005, 50.48739 ], [ 7.997222, 50.522832 ], [ 8.040724, 50.555166 ], [ 8.101562, 50.53389 ], [ 8.134073, 50.552772 ], [ 8.151592, 50.599371 ], [ 8.201239, 50.566625 ], [ 8.227833, 50.582804 ], [ 8.254761, 50.573606 ], [ 8.287098, 50.534235 ], [ 8.355157, 50.507131 ], [ 8.392068, 50.459944 ], [ 8.4316, 50.468956 ], [ 8.427737, 50.44434 ], [ 8.467215, 50.415048 ], [ 8.393537, 50.400796 ], [ 8.319468, 50.340998 ], [ 8.3549, 50.313167 ], [ 8.340952, 50.303292 ], [ 8.354557, 50.29423 ] ] ] } },
{ "type": "Feature", "properties": { "loc": "DE724" }, "geometry": { "type": "Polygon", "coordinates": [ [ [ 8.931921, 50.965659 ], [ 9.025866, 50.905025 ], [ 9.051045, 50.918061 ], [ 9.111224, 50.914671 ], [ 9.148869, 50.836645 ], [ 9.023206, 50.792495 ], [ 9.010227, 50.769645 ], [ 8.911664, 50.723103 ], [ 8.918372, 50.705606 ], [ 8.900911, 50.690944 ], [ 8.831778, 50.705623 ], [ 8.699192, 50.683325 ], [ 8.654022, 50.701859 ], [ 8.593947, 50.678231 ], [ 8.548274, 50.714455 ], [ 8.542613, 50.736972 ], [ 8.451027, 50.726159 ], [ 8.436537, 50.759028 ], [ 8.454256, 50.789145 ], [ 8.403208, 50.79457 ], [ 8.399992, 50.844371 ], [ 8.355496, 50.862001 ], [ 8.453714, 50.91935 ], [ 8.461587, 50.962873 ], [ 8.477892, 50.969047 ], [ 8.59079, 50.950135 ], [ 8.671843, 50.992352 ], [ 8.700559, 50.992455 ], [ 8.734099, 50.967427 ], [ 8.76492, 50.975475 ], [ 8.788373, 50.957812 ], [ 8.902129, 50.953082 ], [ 8.931921, 50.965659 ] ] ] } },
{ "type": "Feature", "properties": { "loc": "DE725" }, "geometry": { "type": "Polygon", "coordinates": [ [ [ 9.479113, 50.440685 ], [ 9.398642, 50.393478 ], [ 9.356838, 50.386973 ], [ 9.339773, 50.448028 ], [ 9.295174, 50.460579 ], [ 9.286735, 50.437298 ], [ 9.251742, 50.461694 ], [ 9.095728, 50.437038 ], [ 9.061578, 50.469688 ], [ 9.072189, 50.495146 ], [ 9.042426, 50.49799 ], [ 9.100264, 50.522274 ], [ 9.1269, 50.55597 ], [ 8.96401, 50.634712 ], [ 8.953325, 50.646448 ], [ 8.964766, 50.680509 ], [ 8.911664, 50.723103 ], [ 9.010227, 50.769645 ], [ 9.023206, 50.792495 ], [ 9.148869, 50.836645 ], [ 9.233912, 50.823391 ], [ 9.268096, 50.803134 ], [ 9.35822, 50.799108 ], [ 9.389221, 50.775134 ], [ 9.441055, 50.795644 ], [ 9.439571, 50.773208 ], [ 9.504506, 50.736995 ], [ 9.57672, 50.764399 ], [ 9.602024, 50.756281 ], [ 9.620521, 50.693862 ], [ 9.646251, 50.679114 ], [ 9.62276, 50.65006 ], [ 9.634203, 50.623121 ], [ 9.587536, 50.60891 ], [ 9.475007, 50.659224 ], [ 9.474881, 50.630671 ], [ 9.496983, 50.60928 ], [ 9.480811, 50.582012 ], [ 9.493683, 50.565572 ], [ 9.462135, 50.545222 ], [ 9.430076, 50.481278 ], [ 9.456584, 50.475138 ], [ 9.479113, 50.440685 ] ] ] } },
{ "type": "Feature", "properties": { "loc": "DE731" }, "geometry": { "type": "MultiPolygon", "coordinates": [ [ [ [ 9.557291, 51.351378 ], [ 9.563657, 51.330238 ], [ 9.535604, 51.319657 ], [ 9.553722, 51.293054 ], [ 9.515692, 51.270999 ], [ 9.493007, 51.279823 ], [ 9.47971, 51.26313 ], [ 9.379339, 51.283765 ], [ 9.357925, 51.305114 ], [ 9.379437, 51.322769 ], [ 9.378308, 51.349994 ], [ 9.533622, 51.339217 ], [ 9.557291, 51.351378 ] ] ], [ [ [ 9.53111, 51.360029 ], [ 9.539391, 51.371993 ], [ 9.546113, 51.365294 ], [ 9.53111, 51.360029 ] ] ] ] } },
{ "type": "Feature", "properties": { "loc": "DEA52" }, "geometry": { "type": "Polygon", "coordinates": [ [ [ 7.314603, 51.52232 ], [ 7.363029, 51.528243 ], [ 7.339408, 51.576152 ], [ 7.417934, 51.59952 ], [ 7.440587, 51.58294 ], [ 7.587606, 51.582554 ], [ 7.633057, 51.53564 ], [ 7.598782, 51.506963 ], [ 7.601934, 51.4766 ], [ 7.548876, 51.466205 ], [ 7.494336, 51.415794 ], [ 7.42571, 51.434678 ], [ 7.384203, 51.47417 ], [ 7.305908, 51.506931 ], [ 7.314603, 51.52232 ] ] ] } },
{ "type": "Feature", "properties": { "loc": "DEA53" }, "geometry": { "type": "Polygon", "coordinates": [ [ [ 7.587817, 51.39039 ], [ 7.596024, 51.347622 ], [ 7.581786, 51.297788 ], [ 7.546073, 51.271136 ], [ 7.517253, 51.264869 ], [ 7.484617, 51.28393 ], [ 7.499936, 51.313481 ], [ 7.444549, 51.313933 ], [ 7.417213, 51.295534 ], [ 7.420145, 51.326689 ], [ 7.380213, 51.344415 ], [ 7.407903, 51.396134 ], [ 7.439253, 51.393836 ], [ 7.465333, 51.416073 ], [ 7.508453, 51.417941 ], [ 7.587817, 51.39039 ] ] ] } },
{ "type": "Feature", "properties": { "loc": "DEA54" }, "geometry": { "type": "Polygon", "coordinates": [ [ [ 7.827152, 51.578628 ], [ 7.808121, 51.61867 ], [ 7.689158, 51.616458 ], [ 7.679177, 51.660001 ], [ 7.723028, 51.677055 ], [ 7.70189, 51.712379 ], [ 7.735788, 51.73737 ], [ 7.773325, 51.726361 ], [ 7.82755, 51.74223 ], [ 7.988617, 51.675492 ], [ 7.95635, 51.670385 ], [ 7.909679, 51.596364 ], [ 7.827152, 51.578628 ] ] ] } },
{ "type": "Feature", "properties": { "loc": "DEA55" }, "geometry": { "type": "Polygon", "coordinates": [ [ [ 7.139562, 51.506157 ], [ 7.12741, 51.546089 ], [ 7.241345, 51.57091 ], [ 7.280769, 51.555636 ], [ 7.293587, 51.532262 ], [ 7.139562, 51.506157 ] ] ] } },
{ "type": "Feature", "properties": { "loc": "DEA56" }, "geometry": { "type": "Polygon", "coordinates": [ [ [ 7.306694, 51.238875 ], [ 7.271079, 51.259096 ], [ 7.257822, 51.31429 ], [ 7.190421, 51.296515 ], [ 7.167288, 51.312902 ], [ 7.149243, 51.339801 ], [ 7.153548, 51.370703 ], [ 7.117675, 51.380272 ], [ 7.112839, 51.405531 ], [ 7.13603, 51.426038 ], [ 7.248366, 51.41349 ], [ 7.292355, 51.453584 ], [ 7.342041, 51.458791 ], [ 7.348194, 51.482669 ], [ 7.384203, 51.47417 ], [ 7.42571, 51.434678 ], [ 7.462907, 51.434502 ], [ 7.465333, 51.416073 ], [ 7.439253, 51.393836 ], [ 7.407903, 51.396134 ], [ 7.380213, 51.344415 ], [ 7.420145, 51.326689 ], [ 7.417213, 51.295534 ], [ 7.444549, 51.313933 ], [ 7.499936, 51.313481 ], [ 7.484617, 51.28393 ], [ 7.517253, 51.264869 ], [ 7.433343, 51.214409 ], [ 7.392675, 51.243643 ], [ 7.306694, 51.238875 ] ] ] } },
{ "type": "Feature", "properties": { "loc": "DEA57" }, "geometry": { "type": "Polygon", "coordinates": [ [ [ 7.939839, 51.234012 ], [ 7.907514, 51.275918 ], [ 7.929857, 51.333674 ], [ 7.910095, 51.348736 ], [ 7.892061, 51.421816 ], [ 7.863767, 51.458849 ], [ 7.904657, 51.488672 ], [ 7.945392, 51.468519 ], [ 8.001111, 51.472507 ], [ 8.053323, 51.448378 ], [ 8.160268, 51.439169 ], [ 8.217604, 51.408442 ], [ 8.30781, 51.389843 ], [ 8.416708, 51.407025 ], [ 8.598456, 51.48214 ], [ 8.770409, 51.449946 ], [ 8.831855, 51.495459 ], [ 8.811514, 51.5264 ], [ 8.818777, 51.537686 ], [ 8.882641, 51.546762 ], [ 8.970654, 51.506773 ], [ 8.893257, 51.479264 ], [ 8.922119, 51.43279 ], [ 8.9479, 51.423139 ], [ 8.937312, 51.392071 ], [ 8.687994, 51.374272 ], [ 8.562298, 51.281653 ], [ 8.602303, 51.247517 ], [ 8.693449, 51.274784 ], [ 8.732816, 51.260135 ], [ 8.740494, 51.223081 ], [ 8.76445, 51.208405 ], [ 8.751936, 51.173727 ], [ 8.695327, 51.133795 ], [ 8.715417, 51.111037 ], [ 8.652737, 51.095889 ], [ 8.549085, 51.101868 ], [ 8.482393, 51.147102 ], [ 8.40808, 51.132947 ], [ 8.342382, 51.094396 ], [ 8.238796, 51.104338 ], [ 8.181568, 51.143372 ], [ 8.139397, 51.145342 ], [ 8.145394, 51.174341 ], [ 8.10477, 51.211706 ], [ 8.1132, 51.23794 ], [ 7.939839, 51.234012 ] ] ] } },
{ "type": "Feature", "properties": { "loc": "DEA58" }, "geometry": { "type": "Polygon", "coordinates": [ [ [ 7.494202, 51.24038 ], [ 7.581786, 51.297788 ], [ 7.596024, 51.347622 ], [ 7.587817, 51.39039 ], [ 7.624988, 51.399532 ], [ 7.618424, 51.446188 ], [ 7.696582, 51.472935 ], [ 7.837631, 51.478533 ], [ 7.892061, 51.421816 ], [ 7.910095, 51.348736 ], [ 7.929857, 51.333674 ], [ 7.907514, 51.275918 ], [ 7.948362, 51.223583 ], [ 7.932226, 51.207273 ], [ 7.93648, 51.176975 ], [ 7.807562, 51.148954 ], [ 7.831931, 51.126488 ], [ 7.816458, 51.076928 ], [ 7.690592, 51.084228 ], [ 7.627011, 51.070573 ], [ 7.592845, 51.102897 ], [ 7.50153, 51.105451 ], [ 7.500875, 51.127276 ], [ 7.422105, 51.189999 ], [ 7.44751, 51.227133 ], [ 7.494202, 51.24038 ] ] ] } },
{ "type": "Feature", "properties": { "loc": "DEA59" }, "geometry": { "type": "Polygon", "coordinates": [ [ [ 7.919452, 50.931392 ], [ 7.785898, 50.939914 ], [ 7.778926, 50.977548 ], [ 7.727584, 50.999484 ], [ 7.730604, 51.034042 ], [ 7.705315, 51.062351 ], [ 7.816458, 51.076928 ], [ 7.831931, 51.126488 ], [ 7.807562, 51.148954 ], [ 7.93648, 51.176975 ], [ 7.939839, 51.234012 ], [ 8.1132, 51.23794 ], [ 8.10477, 51.211706 ], [ 8.145394, 51.174341 ], [ 8.139397, 51.145342 ], [ 8.181568, 51.143372 ], [ 8.238796, 51.104338 ], [ 8.22414, 51.088675 ], [ 8.242943, 51.059334 ], [ 8.215111, 51.024228 ], [ 8.165169, 51.009897 ], [ 8.101562, 51.024342 ], [ 8.048701, 51.006342 ], [ 8.019619, 51.039015 ], [ 7.955133, 51.027398 ], [ 7.919452, 50.931392 ] ] ] } },
{ "type": "Feature", "properties": { "loc": "DEA5A" }, "geometry": { "type": "Polygon", "coordinates": [ [ [ 8.355496, 50.862001 ], [ 8.269208, 50.878841 ], [ 8.133154, 50.789677 ], [ 8.164551, 50.735729 ], [ 8.125777, 50.685814 ], [ 8.101562, 50.701778 ], [ 8.03969, 50.697375 ], [ 8.037107, 50.726241 ], [ 7.968024, 50.777831 ], [ 7.966192, 50.841301 ], [ 7.833819, 50.882099 ], [ 7.83391, 50.907388 ], [ 7.851496, 50.925832 ], [ 7.919452, 50.931392 ], [ 7.955133, 51.027398 ], [ 8.019619, 51.039015 ], [ 8.048701, 51.006342 ], [ 8.101562, 51.024342 ], [ 8.165169, 51.009897 ], [ 8.215111, 51.024228 ], [ 8.242943, 51.059334 ], [ 8.22414, 51.088675 ], [ 8.238796, 51.104338 ], [ 8.342382, 51.094396 ], [ 8.40808, 51.132947 ], [ 8.482393, 51.147102 ], [ 8.549085, 51.101868 ], [ 8.505794, 51.079962 ], [ 8.524119, 51.060954 ], [ 8.509828, 51.042399 ], [ 8.533961, 51.018557 ], [ 8.461587, 50.962873 ], [ 8.453714, 50.91935 ], [ 8.355496, 50.862001 ] ] ] } },
{ "type": "Feature", "properties": { "loc": "DEA5B" }, "geometry": { "type": "Polygon", "coordinates": [ [ [ 8.320136, 51.725705 ], [ 8.462734, 51.719761 ], [ 8.488224, 51.683884 ], [ 8.573376, 51.655183 ], [ 8.581319, 51.618077 ], [ 8.474406, 51.565551 ], [ 8.547931, 51.467812 ], [ 8.416708, 51.407025 ], [ 8.30781, 51.389843 ], [ 8.001111, 51.472507 ], [ 7.945392, 51.468519 ], [ 7.904657, 51.488672 ], [ 7.863767, 51.458849 ], [ 7.837631, 51.478533 ], [ 7.827152, 51.578628 ], [ 7.909679, 51.596364 ], [ 7.95635, 51.670385 ], [ 7.988617, 51.675492 ], [ 7.944528, 51.700582 ], [ 7.978364, 51.721193 ], [ 8.101562, 51.704402 ], [ 8.151348, 51.71195 ], [ 8.208454, 51.694142 ], [ 8.199633, 51.661511 ], [ 8.251154, 51.661109 ], [ 8.290598, 51.675915 ], [ 8.320136, 51.725705 ] ] ] } },
{ "type": "Feature", "properties": { "loc": "DEA5C" }, "geometry": { "type": "Polygon", "coordinates": [ [ [ 7.681135, 51.726227 ], [ 7.723028, 51.677055 ], [ 7.679177, 51.660001 ], [ 7.689158, 51.616458 ], [ 7.808121, 51.61867 ], [ 7.839791, 51.553327 ], [ 7.833429, 51.505569 ], [ 7.846305, 51.485529 ], [ 7.649429, 51.462929 ], [ 7.618424, 51.446188 ], [ 7.624988, 51.399532 ], [ 7.613914, 51.389648 ], [ 7.538181, 51.397075 ], [ 7.508453, 51.417941 ], [ 7.548876, 51.466205 ], [ 7.601934, 51.4766 ], [ 7.598782, 51.506963 ], [ 7.633057, 51.53564 ], [ 7.587606, 51.582554 ], [ 7.426011, 51.586823 ], [ 7.417934, 51.59952 ], [ 7.453103, 51.61138 ], [ 7.462886, 51.630396 ], [ 7.44018, 51.658748 ], [ 7.40955, 51.664581 ], [ 7.446434, 51.677812 ], [ 7.426024, 51.712159 ], [ 7.466261, 51.733686 ], [ 7.514019, 51.719603 ], [ 7.544651, 51.688169 ], [ 7.681135, 51.726227 ] ] ] } },
{ "type": "Feature", "properties": { "loc": "DEB11" }, "geometry": { "type": "Polygon", "coordinates": [ [ [ 7.664055, 50.381535 ], [ 7.693427, 50.365301 ], [ 7.652724, 50.327654 ], [ 7.59381, 50.323395 ], [ 7.605484, 50.293794 ], [ 7.557708, 50.285465 ], [ 7.526092, 50.290877 ], [ 7.517397, 50.306136 ], [ 7.531359, 50.328838 ], [ 7.500753, 50.334178 ], [ 7.489045, 50.363356 ], [ 7.570013, 50.407963 ], [ 7.62138, 50.374415 ], [ 7.664055, 50.381535 ] ] ] } },
{ "type": "Feature", "properties": { "loc": "DE732" }, "geometry": { "type": "Polygon", "coordinates": [ [ [ 9.935655, 50.419606 ], [ 9.855547, 50.399995 ], [ 9.76288, 50.422936 ], [ 9.732915, 50.356149 ], [ 9.615559, 50.392161 ], [ 9.551651, 50.384366 ], [ 9.492018, 50.412666 ], [ 9.456584, 50.475138 ], [ 9.430076, 50.481278 ], [ 9.462135, 50.545222 ], [ 9.493683, 50.565572 ], [ 9.480811, 50.582012 ], [ 9.496983, 50.60928 ], [ 9.474881, 50.630671 ], [ 9.475007, 50.659224 ], [ 9.604647, 50.607188 ], [ 9.638006, 50.628912 ], [ 9.62276, 50.65006 ], [ 9.646251, 50.679114 ], [ 9.620521, 50.693862 ], [ 9.611465, 50.735476 ], [ 9.670132, 50.721841 ], [ 9.718389, 50.746295 ], [ 9.715596, 50.773752 ], [ 9.767349, 50.806963 ], [ 9.879421, 50.794639 ], [ 9.939253, 50.75084 ], [ 9.914302, 50.692487 ], [ 9.884645, 50.673477 ], [ 9.883195, 50.638461 ], [ 9.95523, 50.629042 ], [ 9.965249, 50.640015 ], [ 9.952179, 50.663606 ], [ 10.001987, 50.675643 ], [ 10.049276, 50.67136 ], [ 10.077556, 50.637624 ], [ 10.079179, 50.622699 ], [ 10.040724, 50.613647 ], [ 10.05728, 50.556283 ], [ 10.038651, 50.493773 ], [ 9.935655, 50.419606 ] ] ] } },
{ "type": "Feature", "properties": { "loc": "DE733" }, "geometry": { "type": "Polygon", "coordinates": [ [ [ 9.441055, 50.795644 ], [ 9.507032, 50.821059 ], [ 9.48956, 50.907388 ], [ 9.514197, 50.936521 ], [ 9.562002, 50.948459 ], [ 9.550629, 50.971338 ], [ 9.581242, 51.022713 ], [ 9.694907, 51.075978 ], [ 9.817327, 51.082527 ], [ 9.875763, 51.048241 ], [ 9.950661, 51.047409 ], [ 9.996476, 51.026894 ], [ 9.989825, 50.997266 ], [ 10.021559, 50.992949 ], [ 10.054404, 50.943452 ], [ 9.955456, 50.941039 ], [ 9.957817, 50.926937 ], [ 9.98284, 50.931106 ], [ 9.972747, 50.907388 ], [ 10.016334, 50.919169 ], [ 10.055783, 50.885382 ], [ 10.023224, 50.862014 ], [ 10.032419, 50.841567 ], [ 9.95785, 50.822767 ], [ 9.951452, 50.778403 ], [ 9.926177, 50.76739 ], [ 9.879421, 50.794639 ], [ 9.767349, 50.806963 ], [ 9.715596, 50.773752 ], [ 9.718389, 50.746295 ], [ 9.670132, 50.721841 ], [ 9.611465, 50.735476 ], [ 9.57672, 50.764399 ], [ 9.504506, 50.736995 ], [ 9.439571, 50.773208 ], [ 9.441055, 50.795644 ] ] ] } },
{ "type": "Feature", "properties": { "loc": "DE734" }, "geometry": { "type": "Polygon", "coordinates": [ [ [ 9.440457, 51.650394 ], [ 9.491025, 51.655218 ], [ 9.495507, 51.634286 ], [ 9.514446, 51.627653 ], [ 9.624274, 51.63388 ], [ 9.690191, 51.576589 ], [ 9.627798, 51.582343 ], [ 9.647756, 51.552511 ], [ 9.616019, 51.550538 ], [ 9.615862, 51.52907 ], [ 9.58956, 51.517761 ], [ 9.640427, 51.469487 ], [ 9.628941, 51.44663 ], [ 9.639447, 51.415999 ], [ 9.575437, 51.397011 ], [ 9.571927, 51.368656 ], [ 9.533622, 51.339217 ], [ 9.378308, 51.349994 ], [ 9.379437, 51.322769 ], [ 9.357925, 51.305114 ], [ 9.379339, 51.283765 ], [ 9.47971, 51.26313 ], [ 9.493007, 51.279823 ], [ 9.515692, 51.270999 ], [ 9.553722, 51.293054 ], [ 9.535604, 51.319657 ], [ 9.568025, 51.340001 ], [ 9.732305, 51.295232 ], [ 9.653954, 51.296966 ], [ 9.658305, 51.27807 ], [ 9.740323, 51.253832 ], [ 9.686846, 51.237917 ], [ 9.635393, 51.201393 ], [ 9.635958, 51.183098 ], [ 9.595801, 51.17403 ], [ 9.561431, 51.209276 ], [ 9.409792, 51.223919 ], [ 9.339078, 51.253806 ], [ 9.286105, 51.250399 ], [ 9.26243, 51.201697 ], [ 9.189526, 51.170418 ], [ 9.0958, 51.262235 ], [ 9.117734, 51.277852 ], [ 9.104589, 51.329736 ], [ 9.125126, 51.34257 ], [ 9.105096, 51.362779 ], [ 9.156342, 51.359036 ], [ 9.170396, 51.373488 ], [ 9.145348, 51.41143 ], [ 9.155411, 51.442675 ], [ 9.30627, 51.51638 ], [ 9.363099, 51.58862 ], [ 9.345371, 51.612526 ], [ 9.424783, 51.632987 ], [ 9.440457, 51.650394 ] ], [ [ 9.539391, 51.371993 ], [ 9.53111, 51.360029 ], [ 9.546113, 51.365294 ], [ 9.539391, 51.371993 ] ] ] } },
{ "type": "Feature", "properties": { "loc": "DE735" }, "geometry": { "type": "Polygon", "coordinates": [ [ [ 9.189526, 51.170418 ], [ 9.26243, 51.201697 ], [ 9.286105, 51.250399 ], [ 9.339078, 51.253806 ], [ 9.409792, 51.223919 ], [ 9.561431, 51.209276 ], [ 9.595801, 51.17403 ], [ 9.683965, 51.183455 ], [ 9.729739, 51.14702 ], [ 9.769918, 51.146047 ], [ 9.777533, 51.083158 ], [ 9.694907, 51.075978 ], [ 9.581242, 51.022713 ], [ 9.550629, 50.971338 ], [ 9.562002, 50.948459 ], [ 9.514197, 50.936521 ], [ 9.48956, 50.907388 ], [ 9.507032, 50.821059 ], [ 9.389221, 50.775134 ], [ 9.35822, 50.799108 ], [ 9.268096, 50.803134 ], [ 9.233912, 50.823391 ], [ 9.148869, 50.836645 ], [ 9.111224, 50.914671 ], [ 9.051045, 50.918061 ], [ 9.025866, 50.905025 ], [ 8.9746, 50.938304 ], [ 9.029473, 50.941647 ], [ 9.016216, 50.97903 ], [ 9.202807, 51.108128 ], [ 9.216949, 51.126093 ], [ 9.189526, 51.170418 ] ] ] } },
{ "type": "Feature", "properties": { "loc": "DE736" }, "geometry": { "type": "Polygon", "coordinates": [ [ [ 8.477892, 50.969047 ], [ 8.533961, 51.018557 ], [ 8.509828, 51.042399 ], [ 8.524119, 51.060954 ], [ 8.505794, 51.079962 ], [ 8.549085, 51.101868 ], [ 8.652737, 51.095889 ], [ 8.715417, 51.111037 ], [ 8.695327, 51.133795 ], [ 8.751936, 51.173727 ], [ 8.76445, 51.208405 ], [ 8.740494, 51.223081 ], [ 8.717603, 51.272892 ], [ 8.602303, 51.247517 ], [ 8.562298, 51.281653 ], [ 8.625237, 51.33701 ], [ 8.687994, 51.374272 ], [ 8.937312, 51.392071 ], [ 8.9479, 51.423139 ], [ 8.922119, 51.43279 ], [ 8.893257, 51.479264 ], [ 8.970654, 51.506773 ], [ 9.017398, 51.516033 ], [ 9.080054, 51.500166 ], [ 9.089685, 51.449799 ], [ 9.155411, 51.442675 ], [ 9.145348, 51.41143 ], [ 9.170396, 51.373488 ], [ 9.156342, 51.359036 ], [ 9.105096, 51.362779 ], [ 9.125126, 51.34257 ], [ 9.104589, 51.329736 ], [ 9.117734, 51.277852 ], [ 9.0958, 51.262235 ], [ 9.216949, 51.126093 ], [ 9.142248, 51.057828 ], [ 9.103823, 51.045932 ], [ 9.073287, 51.007095 ], [ 9.016216, 50.97903 ], [ 9.029473, 50.941647 ], [ 8.9746, 50.938304 ], [ 8.931921, 50.965659 ], [ 8.902129, 50.953082 ], [ 8.788373, 50.957812 ], [ 8.76492, 50.975475 ], [ 8.734099, 50.967427 ], [ 8.700559, 50.992455 ], [ 8.671843, 50.992352 ], [ 8.59079, 50.950135 ], [ 8.477892, 50.969047 ] ] ] } },
{ "type": "Feature", "properties": { "loc": "DE737" }, "geometry": { "type": "Polygon", "coordinates": [ [ [ 9.635958, 51.183098 ], [ 9.644852, 51.210542 ], [ 9.740323, 51.253832 ], [ 9.658305, 51.27807 ], [ 9.653954, 51.296966 ], [ 9.764473, 51.306995 ], [ 9.770832, 51.324309 ], [ 9.741017, 51.322107 ], [ 9.706963, 51.364271 ], [ 9.796976, 51.388613 ], [ 9.803222, 51.408771 ], [ 9.83514, 51.403484 ], [ 9.856329, 51.375195 ], [ 9.853313, 51.411082 ], [ 9.904037, 51.418333 ], [ 9.928156, 51.391902 ], [ 9.944707, 51.307334 ], [ 9.977919, 51.286016 ], [ 10.055057, 51.276218 ], [ 10.04828, 51.25715 ], [ 10.074357, 51.226466 ], [ 10.174361, 51.209408 ], [ 10.232856, 51.182615 ], [ 10.205882, 51.159619 ], [ 10.199287, 51.118407 ], [ 10.168343, 51.147925 ], [ 10.134254, 51.139855 ], [ 10.168831, 51.112102 ], [ 10.146923, 51.060005 ], [ 10.20445, 51.031411 ], [ 10.202181, 51.012009 ], [ 10.144359, 50.994881 ], [ 10.122007, 51.009452 ], [ 10.050784, 51.012413 ], [ 10.021559, 50.992949 ], [ 9.989825, 50.997266 ], [ 9.996476, 51.026894 ], [ 9.950661, 51.047409 ], [ 9.875763, 51.048241 ], [ 9.817327, 51.082527 ], [ 9.777533, 51.083158 ], [ 9.769918, 51.146047 ], [ 9.729739, 51.14702 ], [ 9.683965, 51.183455 ], [ 9.635958, 51.183098 ] ] ] } },
{ "type": "Feature", "properties": { "loc": "DE803" }, "geometry": { "type": "Polygon", "coordinates": [ [ [ 11.998485, 54.17497 ], [ 12.083616, 54.176133 ], [ 12.100497, 54.115203 ], [ 12.104652, 54.147498 ], [ 12.132438, 54.164575 ], [ 12.116639, 54.182337 ], [ 12.201068, 54.244695 ], [ 12.262819, 54.241026 ], [ 12.289865, 54.197684 ], [ 12.184404, 54.163785 ], [ 12.174457, 54.119183 ], [ 12.201209, 54.094682 ], [ 12.189697, 54.07168 ], [ 12.088635, 54.052513 ], [ 12.02322, 54.124403 ], [ 12.028736, 54.163111 ], [ 11.998485, 54.17497 ] ] ] } },
{ "type": "Feature", "properties": { "loc": "DE804" }, "geometry": { "type": "Polygon", "coordinates": [ [ [ 11.301945, 53.652947 ], [ 11.345225, 53.677059 ], [ 11.419508, 53.68671 ], [ 11.478144, 53.676326 ], [ 11.504143, 53.613953 ], [ 11.487882, 53.583689 ], [ 11.459877, 53.574826 ], [ 11.473848, 53.560488 ], [ 11.396566, 53.546844 ], [ 11.372043, 53.557184 ], [ 11.376974, 53.576812 ], [ 11.352203, 53.626002 ], [ 11.301945, 53.652947 ] ] ] } },
{ "type": "Feature", "properties": { "loc": "DE80J" }, "geometry": { "type": "Polygon", "coordinates": [ [ [ 13.256176, 53.260555 ], [ 13.219459, 53.220051 ], [ 13.180399, 53.246388 ], [ 13.143283, 53.246012 ], [ 12.984683, 53.164985 ], [ 12.967124, 53.174838 ], [ 12.966427, 53.196811 ], [ 12.881278, 53.183729 ], [ 12.841885, 53.198366 ], [ 12.769059, 53.19065 ], [ 12.74642, 53.200802 ], [ 12.748102, 53.22228 ], [ 12.675292, 53.230588 ], [ 12.653692, 53.254437 ], [ 12.603788, 53.246528 ], [ 12.52765, 53.264095 ], [ 12.445746, 53.252546 ], [ 12.391273, 53.300872 ], [ 12.331752, 53.318011 ], [ 12.339496, 53.338553 ], [ 12.280015, 53.379155 ], [ 12.308911, 53.396004 ], [ 12.311729, 53.448334 ], [ 12.349137, 53.47221 ], [ 12.293125, 53.516494 ], [ 12.305616, 53.567699 ], [ 12.342239, 53.591231 ], [ 12.408467, 53.576835 ], [ 12.413931, 53.646427 ], [ 12.399127, 53.664206 ], [ 12.462433, 53.662551 ], [ 12.463166, 53.691751 ], [ 12.493272, 53.684478 ], [ 12.514707, 53.655596 ], [ 12.621357, 53.642533 ], [ 12.651479, 53.65906 ], [ 12.627331, 53.687793 ], [ 12.630583, 53.749684 ], [ 12.64813, 53.769522 ], [ 12.693772, 53.77261 ], [ 12.705603, 53.812383 ], [ 12.744879, 53.822871 ], [ 12.756163, 53.859955 ], [ 12.792651, 53.874281 ], [ 12.769128, 53.902165 ], [ 12.809738, 53.930723 ], [ 12.791122, 53.959663 ], [ 12.808647, 54.004937 ], [ 12.868385, 53.975302 ], [ 12.986711, 54.003969 ], [ 13.010485, 53.993356 ], [ 13.003141, 53.978676 ], [ 13.050326, 53.972412 ], [ 13.076709, 53.950595 ], [ 13.196267, 53.927439 ], [ 13.210627, 53.909862 ], [ 13.188451, 53.838105 ], [ 13.230018, 53.811065 ], [ 13.294697, 53.811685 ], [ 13.340347, 53.847196 ], [ 13.394497, 53.830018 ], [ 13.376885, 53.801671 ], [ 13.344574, 53.797529 ], [ 13.370594, 53.751119 ], [ 13.398425, 53.760314 ], [ 13.50004, 53.743267 ], [ 13.550246, 53.696737 ], [ 13.635947, 53.703279 ], [ 13.794816, 53.68462 ], [ 13.701114, 53.653169 ], [ 13.758878, 53.617878 ], [ 13.707918, 53.592468 ], [ 13.720342, 53.548428 ], [ 13.676194, 53.517401 ], [ 13.710066, 53.479062 ], [ 13.644319, 53.444617 ], [ 13.623376, 53.413359 ], [ 13.558082, 53.398773 ], [ 13.522968, 53.35638 ], [ 13.513444, 53.318574 ], [ 13.480886, 53.294221 ], [ 13.441395, 53.293348 ], [ 13.399034, 53.24847 ], [ 13.357375, 53.274421 ], [ 13.300502, 53.278532 ], [ 13.256176, 53.260555 ] ] ] } },
{ "type": "Feature", "properties": { "loc": "DE80K" }, "geometry": { "type": "MultiPolygon", "coordinates": [ [ [ [ 12.201068, 54.244695 ], [ 12.285531, 54.274952 ], [ 12.289366, 54.258072 ], [ 12.367852, 54.205654 ], [ 12.359262, 54.182834 ], [ 12.394184, 54.11567 ], [ 12.436515, 54.120036 ], [ 12.466709, 54.094711 ], [ 12.555687, 54.089832 ], [ 12.709421, 54.022218 ], [ 12.748488, 54.031119 ], [ 12.808647, 54.004937 ], [ 12.791122, 53.959663 ], [ 12.809738, 53.930723 ], [ 12.769128, 53.902165 ], [ 12.792651, 53.874281 ], [ 12.756163, 53.859955 ], [ 12.744879, 53.822871 ], [ 12.705603, 53.812383 ], [ 12.693772, 53.77261 ], [ 12.64813, 53.769522 ], [ 12.630583, 53.749684 ], [ 12.627331, 53.687793 ], [ 12.651479, 53.65906 ], [ 12.621357, 53.642533 ], [ 12.514707, 53.655596 ], [ 12.493272, 53.684478 ], [ 12.463166, 53.691751 ], [ 12.462433, 53.662551 ], [ 12.399127, 53.664206 ], [ 12.413931, 53.646427 ], [ 12.408467, 53.576835 ], [ 12.342239, 53.591231 ], [ 12.305616, 53.567699 ], [ 12.215199, 53.600624 ], [ 12.195147, 53.641222 ], [ 12.085055, 53.647448 ], [ 12.032908, 53.686691 ], [ 12.031592, 53.712013 ], [ 11.984, 53.740645 ], [ 11.896251, 53.734451 ], [ 11.79735, 53.770782 ], [ 11.802633, 53.807135 ], [ 11.767599, 53.827652 ], [ 11.763814, 53.845548 ], [ 11.800091, 53.910347 ], [ 11.796877, 53.964635 ], [ 11.755559, 53.972571 ], [ 11.678588, 53.939644 ], [ 11.655309, 53.981106 ], [ 11.591416, 53.98948 ], [ 11.561779, 54.028088 ], [ 11.586619, 54.062681 ], [ 11.620943, 54.077227 ], [ 11.611721, 54.107803 ], [ 11.689947, 54.153202 ], [ 11.845591, 54.145628 ], [ 11.998485, 54.17497 ], [ 12.028736, 54.163111 ], [ 12.02322, 54.124403 ], [ 12.071758, 54.059613 ], [ 12.189697, 54.07168 ], [ 12.201209, 54.094682 ], [ 12.174457, 54.119183 ], [ 12.184404, 54.163785 ], [ 12.289865, 54.197684 ], [ 12.262819, 54.241026 ], [ 12.201068, 54.244695 ] ] ], [ [ [ 11.600282, 54.103379 ], [ 11.534067, 54.053426 ], [ 11.533975, 54.077292 ], [ 11.600282, 54.103379 ] ] ] ] } },
{ "type": "Feature", "properties": { "loc": "DE80L" }, "geometry": { "type": "MultiPolygon", "coordinates": [ [ [ [ 13.430977, 54.67885 ], [ 13.381063, 54.630876 ], [ 13.393118, 54.601975 ], [ 13.421803, 54.581025 ], [ 13.624729, 54.584381 ], [ 13.674337, 54.557891 ], [ 13.671531, 54.530002 ], [ 13.601807, 54.490995 ], [ 13.574964, 54.457496 ], [ 13.609681, 54.409538 ], [ 13.675701, 54.396012 ], [ 13.742811, 54.345977 ], [ 13.71334, 54.27597 ], [ 13.666487, 54.29759 ], [ 13.688094, 54.318833 ], [ 13.671535, 54.344988 ], [ 13.618762, 54.33556 ], [ 13.579037, 54.349386 ], [ 13.502806, 54.339457 ], [ 13.372693, 54.269744 ], [ 13.415217, 54.249502 ], [ 13.391308, 54.227367 ], [ 13.330592, 54.240089 ], [ 13.315591, 54.262155 ], [ 13.261306, 54.257364 ], [ 13.190704, 54.290438 ], [ 13.154789, 54.288622 ], [ 13.163465, 54.307263 ], [ 13.122631, 54.337279 ], [ 13.133621, 54.366049 ], [ 13.244407, 54.383766 ], [ 13.213073, 54.420252 ], [ 13.164869, 54.426753 ], [ 13.157587, 54.445335 ], [ 13.13238, 54.452075 ], [ 13.169267, 54.488669 ], [ 13.24543, 54.477299 ], [ 13.220253, 54.507184 ], [ 13.165109, 54.511302 ], [ 13.16026, 54.54259 ], [ 13.249131, 54.550654 ], [ 13.299286, 54.526764 ], [ 13.309483, 54.55523 ], [ 13.359264, 54.577042 ], [ 13.364269, 54.527821 ], [ 13.397009, 54.529825 ], [ 13.425231, 54.491016 ], [ 13.47952, 54.475786 ], [ 13.492612, 54.427578 ], [ 13.534523, 54.426809 ], [ 13.541004, 54.465878 ], [ 13.510458, 54.484958 ], [ 13.498173, 54.542683 ], [ 13.40317, 54.571282 ], [ 13.365731, 54.607025 ], [ 13.255792, 54.565625 ], [ 13.282709, 54.633533 ], [ 13.223889, 54.629559 ], [ 13.286254, 54.671568 ], [ 13.430977, 54.67885 ] ] ], [ [ [ 13.551572, 54.325462 ], [ 13.527776, 54.319951 ], [ 13.526221, 54.326684 ], [ 13.542376, 54.333571 ], [ 13.551572, 54.325462 ] ] ], [ [ [ 12.868385, 53.975302 ], [ 12.748488, 54.031119 ], [ 12.709421, 54.022218 ], [ 12.555687, 54.089832 ], [ 12.466709, 54.094711 ], [ 12.436515, 54.120036 ], [ 12.394184, 54.11567 ], [ 12.359262, 54.182834 ], [ 12.367852, 54.205654 ], [ 12.289366, 54.258072 ], [ 12.285531, 54.274952 ], [ 12.342478, 54.305159 ], [ 12.514608, 54.477827 ], [ 12.565203, 54.455479 ], [ 12.661489, 54.444086 ], [ 12.923059, 54.436532 ], [ 12.880118, 54.416715 ], [ 12.694777, 54.411417 ], [ 12.727045, 54.377866 ], [ 12.783075, 54.382438 ], [ 12.819032, 54.351237 ], [ 12.85866, 54.359431 ], [ 12.911343, 54.404874 ], [ 13.00683, 54.444628 ], [ 13.025108, 54.433102 ], [ 13.034027, 54.394374 ], [ 13.083793, 54.368857 ], [ 13.083271, 54.335909 ], [ 13.113618, 54.306425 ], [ 13.116924, 54.280242 ], [ 13.281028, 54.232913 ], [ 13.319396, 54.193506 ], [ 13.284826, 54.134875 ], [ 13.231188, 54.114524 ], [ 13.269334, 54.068477 ], [ 13.157952, 54.02469 ], [ 13.088086, 54.035543 ], [ 12.868385, 53.975302 ] ] ], [ [ [ 13.229385, 54.590708 ], [ 13.161226, 54.566065 ], [ 13.230488, 54.606343 ], [ 13.229385, 54.590708 ] ] ], [ [ [ 13.146985, 54.603765 ], [ 13.143909, 54.584179 ], [ 13.135029, 54.594379 ], [ 13.111473, 54.584182 ], [ 13.122902, 54.543844 ], [ 13.082491, 54.523743 ], [ 13.099211, 54.591959 ], [ 13.146985, 54.603765 ] ] ], [ [ [ 13.066368, 54.49241 ], [ 13.065788, 54.458277 ], [ 13.060561, 54.460548 ], [ 13.066368, 54.49241 ] ] ], [ [ [ 13.058176, 54.451117 ], [ 13.039591, 54.441993 ], [ 13.033015, 54.445866 ], [ 13.051199, 54.45996 ], [ 13.058176, 54.451117 ] ] ] ] } },
{ "type": "Feature", "properties": { "loc": "DE80M" }, "geometry": { "type": "Polygon", "coordinates": [ [ [ 10.951919, 53.647622 ], [ 10.919408, 53.698122 ], [ 10.853992, 53.702176 ], [ 10.760596, 53.749617 ], [ 10.770989, 53.792281 ], [ 10.748791, 53.846112 ], [ 10.772934, 53.872113 ], [ 10.882176, 53.920087 ], [ 10.915303, 53.901665 ], [ 10.947962, 53.908711 ], [ 10.900705, 53.929013 ], [ 10.903662, 53.956822 ], [ 11.068561, 54.007803 ], [ 11.165315, 54.011374 ], [ 11.23983, 53.982092 ], [ 11.267775, 53.938968 ], [ 11.346142, 53.948263 ], [ 11.443397, 53.910724 ], [ 11.470061, 53.929222 ], [ 11.471038, 53.953814 ], [ 11.441564, 53.975107 ], [ 11.399815, 53.972079 ], [ 11.392292, 53.995413 ], [ 11.472529, 54.020957 ], [ 11.494042, 53.995707 ], [ 11.528417, 54.024843 ], [ 11.561779, 54.028088 ], [ 11.591416, 53.98948 ], [ 11.655309, 53.981106 ], [ 11.678588, 53.939644 ], [ 11.755559, 53.972571 ], [ 11.796877, 53.964635 ], [ 11.800091, 53.910347 ], [ 11.763814, 53.845548 ], [ 11.767599, 53.827652 ], [ 11.802633, 53.807135 ], [ 11.79735, 53.770782 ], [ 11.764159, 53.768174 ], [ 11.720459, 53.792564 ], [ 11.694242, 53.780669 ], [ 11.678936, 53.791373 ], [ 11.659475, 53.76414 ], [ 11.645407, 53.77508 ], [ 11.610157, 53.760232 ], [ 11.497511, 53.769463 ], [ 11.483617, 53.694207 ], [ 11.306802, 53.662609 ], [ 11.291929, 53.645232 ], [ 11.309607, 53.615044 ], [ 11.293794, 53.594098 ], [ 11.212924, 53.59813 ], [ 11.153351, 53.569306 ], [ 11.096855, 53.604437 ], [ 11.017881, 53.603736 ], [ 10.986419, 53.638382 ], [ 10.951919, 53.647622 ] ] ] } },
{ "type": "Feature", "properties": { "loc": "DE80N" }, "geometry": { "type": "MultiPolygon", "coordinates": [ [ [ [ 12.986711, 54.003969 ], [ 13.088086, 54.035543 ], [ 13.157952, 54.02469 ], [ 13.269334, 54.068477 ], [ 13.231188, 54.114524 ], [ 13.284826, 54.134875 ], [ 13.319396, 54.193506 ], [ 13.34554, 54.170089 ], [ 13.401075, 54.168733 ], [ 13.403989, 54.148173 ], [ 13.479617, 54.089766 ], [ 13.5005, 54.122346 ], [ 13.692312, 54.166395 ], [ 13.759546, 54.131157 ], [ 13.759314, 54.160859 ], [ 13.804647, 54.170591 ], [ 13.875169, 54.102006 ], [ 14.012228, 54.053674 ], [ 14.226302, 53.928653 ], [ 14.203687, 53.913305 ], [ 14.213078, 53.866479 ], [ 14.056886, 53.871633 ], [ 13.943291, 53.845635 ], [ 13.852541, 53.85056 ], [ 13.850975, 53.868531 ], [ 13.923865, 53.904111 ], [ 13.912853, 53.979709 ], [ 13.950071, 53.982532 ], [ 13.969287, 53.955294 ], [ 14.022039, 53.952982 ], [ 14.03667, 53.997432 ], [ 13.953473, 54.058634 ], [ 13.924055, 54.056184 ], [ 13.908854, 54.028209 ], [ 13.874184, 54.010915 ], [ 13.855629, 54.040305 ], [ 13.778574, 54.020901 ], [ 13.898943, 53.924769 ], [ 13.823607, 53.866217 ], [ 13.829967, 53.844215 ], [ 13.967007, 53.777097 ], [ 14.07457, 53.74836 ], [ 14.171071, 53.739634 ], [ 14.240846, 53.751784 ], [ 14.255275, 53.734957 ], [ 14.245868, 53.711693 ], [ 14.281062, 53.682137 ], [ 14.286352, 53.635359 ], [ 14.31523, 53.613472 ], [ 14.306276, 53.546953 ], [ 14.350089, 53.492542 ], [ 14.412157, 53.329636 ], [ 14.32101, 53.310484 ], [ 14.252942, 53.258628 ], [ 14.109811, 53.262925 ], [ 14.116988, 53.286091 ], [ 14.223695, 53.361511 ], [ 14.240834, 53.394235 ], [ 14.232163, 53.426917 ], [ 14.129585, 53.439118 ], [ 14.07581, 53.41399 ], [ 14.003224, 53.43297 ], [ 13.918029, 53.425671 ], [ 13.872814, 53.503397 ], [ 13.825403, 53.520847 ], [ 13.796066, 53.553755 ], [ 13.778093, 53.520096 ], [ 13.818484, 53.497934 ], [ 13.811044, 53.485819 ], [ 13.710066, 53.479062 ], [ 13.676194, 53.517401 ], [ 13.720342, 53.548428 ], [ 13.707918, 53.592468 ], [ 13.758878, 53.617878 ], [ 13.701114, 53.653169 ], [ 13.794816, 53.68462 ], [ 13.635947, 53.703279 ], [ 13.550246, 53.696737 ], [ 13.50004, 53.743267 ], [ 13.398425, 53.760314 ], [ 13.370594, 53.751119 ], [ 13.344574, 53.797529 ], [ 13.389808, 53.813043 ], [ 13.394497, 53.830018 ], [ 13.379142, 53.843309 ], [ 13.340347, 53.847196 ], [ 13.294697, 53.811685 ], [ 13.230018, 53.811065 ], [ 13.188451, 53.838105 ], [ 13.210627, 53.909862 ], [ 13.196267, 53.927439 ], [ 13.076709, 53.950595 ], [ 13.050326, 53.972412 ], [ 13.003141, 53.978676 ], [ 13.010485, 53.993356 ], [ 12.986711, 54.003969 ] ] ], [ [ [ 13.928322, 54.035087 ], [ 13.924123, 54.016043 ], [ 13.914631, 54.020416 ], [ 13.928322, 54.035087 ] ] ], [ [ [ 13.924553, 54.257335 ], [ 13.920683, 54.239662 ], [ 13.908911, 54.247893 ], [ 13.924553, 54.257335 ] ] ] ] } },
{ "type": "Feature", "properties": { "loc": "DE80O" }, "geometry": { "type": "Polygon", "coordinates": [ [ [ 10.595047, 53.363927 ], [ 10.635069, 53.453846 ], [ 10.690686, 53.457027 ], [ 10.815791, 53.516926 ], [ 10.829853, 53.574431 ], [ 10.91423, 53.57618 ], [ 10.951919, 53.647622 ], [ 10.986419, 53.638382 ], [ 11.017881, 53.603736 ], [ 11.096855, 53.604437 ], [ 11.153351, 53.569306 ], [ 11.212924, 53.59813 ], [ 11.293794, 53.594098 ], [ 11.309607, 53.615044 ], [ 11.291929, 53.645232 ], [ 11.301945, 53.652947 ], [ 11.352203, 53.626002 ], [ 11.376974, 53.576812 ], [ 11.372043, 53.557184 ], [ 11.454913, 53.549358 ], [ 11.473848, 53.560488 ], [ 11.459877, 53.574826 ], [ 11.487882, 53.583689 ], [ 11.504143, 53.613953 ], [ 11.478144, 53.676326 ], [ 11.449475, 53.680675 ], [ 11.483617, 53.694207 ], [ 11.497511, 53.769463 ], [ 11.610157, 53.760232 ], [ 11.645407, 53.77508 ], [ 11.659475, 53.76414 ], [ 11.678936, 53.791373 ], [ 11.694242, 53.780669 ], [ 11.720459, 53.792564 ], [ 11.896251, 53.734451 ], [ 11.984, 53.740645 ], [ 12.031592, 53.712013 ], [ 12.032908, 53.686691 ], [ 12.085055, 53.647448 ], [ 12.195147, 53.641222 ], [ 12.215199, 53.600624 ], [ 12.305616, 53.567699 ], [ 12.293125, 53.516494 ], [ 12.349137, 53.47221 ], [ 12.311729, 53.448334 ], [ 12.308911, 53.396004 ], [ 12.280015, 53.379155 ], [ 12.339496, 53.338553 ], [ 12.331752, 53.318011 ], [ 12.258732, 53.32642 ], [ 12.226471, 53.355526 ], [ 12.173243, 53.341126 ], [ 12.147915, 53.359215 ], [ 12.095156, 53.346782 ], [ 12.056614, 53.367949 ], [ 12.01996, 53.332885 ], [ 12.013932, 53.303443 ], [ 11.947975, 53.275742 ], [ 11.817926, 53.25085 ], [ 11.814708, 53.228682 ], [ 11.740871, 53.220861 ], [ 11.686063, 53.241163 ], [ 11.6235, 53.236506 ], [ 11.563208, 53.206367 ], [ 11.559591, 53.154305 ], [ 11.533025, 53.128179 ], [ 11.425074, 53.138812 ], [ 11.383384, 53.11317 ], [ 11.265732, 53.121978 ], [ 11.230265, 53.142412 ], [ 11.184587, 53.136837 ], [ 11.171862, 53.156644 ], [ 11.190769, 53.180825 ], [ 11.083128, 53.220072 ], [ 11.009331, 53.285524 ], [ 10.982054, 53.334068 ], [ 10.920676, 53.346861 ], [ 10.835959, 53.307405 ], [ 10.769941, 53.326042 ], [ 10.704487, 53.367857 ], [ 10.595047, 53.363927 ] ] ] } },
{ "type": "Feature", "properties": { "loc": "DE911" }, "geometry": { "type": "Polygon", "coordinates": [ [ [ 10.506922, 52.186852 ], [ 10.42959, 52.221279 ], [ 10.444537, 52.254177 ], [ 10.428413, 52.268779 ], [ 10.424325, 52.330228 ], [ 10.480584, 52.322848 ], [ 10.47994, 52.349055 ], [ 10.515278, 52.356339 ], [ 10.535723, 52.32985 ], [ 10.572071, 52.350697 ], [ 10.609444, 52.344196 ], [ 10.626084, 52.329323 ], [ 10.619673, 52.307929 ], [ 10.64299, 52.295424 ], [ 10.572557, 52.206202 ], [ 10.506922, 52.186852 ] ] ] } },
{ "type": "Feature", "properties": { "loc": "DE912" }, "geometry": { "type": "Polygon", "coordinates": [ [ [ 10.506922, 52.186852 ], [ 10.432633, 52.124571 ], [ 10.46483, 52.064587 ], [ 10.483855, 52.059081 ], [ 10.329658, 52.016183 ], [ 10.286169, 52.033828 ], [ 10.335858, 52.047243 ], [ 10.339683, 52.062908 ], [ 10.312939, 52.099841 ], [ 10.248547, 52.116514 ], [ 10.234005, 52.170196 ], [ 10.257476, 52.183023 ], [ 10.342092, 52.176943 ], [ 10.408888, 52.220493 ], [ 10.506922, 52.186852 ] ] ] } },
{ "type": "Feature", "properties": { "loc": "DE913" }, "geometry": { "type": "Polygon", "coordinates": [ [ [ 10.670488, 52.379334 ], [ 10.649179, 52.439156 ], [ 10.676122, 52.461224 ], [ 10.737688, 52.446278 ], [ 10.780653, 52.492538 ], [ 10.890571, 52.460119 ], [ 10.883725, 52.427346 ], [ 10.89947, 52.405923 ], [ 10.874129, 52.390508 ], [ 10.86593, 52.363916 ], [ 10.883247, 52.34417 ], [ 10.847958, 52.320498 ], [ 10.813057, 52.330388 ], [ 10.809577, 52.344655 ], [ 10.776579, 52.340028 ], [ 10.670488, 52.379334 ] ] ] } },
{ "type": "Feature", "properties": { "loc": "DE914" }, "geometry": { "type": "Polygon", "coordinates": [ [ [ 10.934543, 52.471795 ], [ 10.890571, 52.460119 ], [ 10.780653, 52.492538 ], [ 10.737688, 52.446278 ], [ 10.676122, 52.461224 ], [ 10.649179, 52.439156 ], [ 10.670488, 52.379334 ], [ 10.617246, 52.38295 ], [ 10.609444, 52.344196 ], [ 10.572071, 52.350697 ], [ 10.535723, 52.32985 ], [ 10.515278, 52.356339 ], [ 10.47994, 52.349055 ], [ 10.480584, 52.322848 ], [ 10.424325, 52.330228 ], [ 10.405813, 52.347922 ], [ 10.422909, 52.375794 ], [ 10.384305, 52.373577 ], [ 10.362543, 52.416806 ], [ 10.28585, 52.453303 ], [ 10.273743, 52.51064 ], [ 10.350735, 52.5561 ], [ 10.398137, 52.564592 ], [ 10.387377, 52.576951 ], [ 10.409343, 52.606662 ], [ 10.385865, 52.63287 ], [ 10.400416, 52.660076 ], [ 10.369133, 52.723468 ], [ 10.404541, 52.780252 ], [ 10.44441, 52.815763 ], [ 10.55072, 52.83151 ], [ 10.666309, 52.766457 ], [ 10.759315, 52.79583 ], [ 10.795829, 52.719064 ], [ 10.829131, 52.713573 ], [ 10.921609, 52.6144 ], [ 10.974174, 52.622963 ], [ 10.94045, 52.562565 ], [ 11.008782, 52.496747 ], [ 10.953032, 52.494635 ], [ 10.934543, 52.471795 ] ] ] } },
{ "type": "Feature", "properties": { "loc": "DE916" }, "geometry": { "type": "Polygon", "coordinates": [ [ [ 10.561227, 52.004066 ], [ 10.635468, 51.956987 ], [ 10.616169, 51.928334 ], [ 10.646131, 51.899451 ], [ 10.583015, 51.846867 ], [ 10.585075, 51.781071 ], [ 10.665165, 51.707848 ], [ 10.6731, 51.669268 ], [ 10.701372, 51.642187 ], [ 10.677283, 51.638376 ], [ 10.596615, 51.678022 ], [ 10.505536, 51.666929 ], [ 10.48043, 51.70047 ], [ 10.487916, 51.765095 ], [ 10.385032, 51.78717 ], [ 10.312299, 51.767974 ], [ 10.280736, 51.780464 ], [ 10.266177, 51.814226 ], [ 10.238376, 51.830715 ], [ 10.153715, 51.793543 ], [ 10.139452, 51.830243 ], [ 10.110217, 51.838641 ], [ 10.102021, 51.902916 ], [ 10.065526, 51.92736 ], [ 10.090631, 51.95905 ], [ 10.193953, 51.958617 ], [ 10.204689, 52.00699 ], [ 10.252617, 52.01116 ], [ 10.286169, 52.033828 ], [ 10.329658, 52.016183 ], [ 10.439846, 52.053905 ], [ 10.469599, 52.045805 ], [ 10.489542, 52.022037 ], [ 10.482853, 51.995999 ], [ 10.507363, 51.977937 ], [ 10.530284, 51.973464 ], [ 10.561227, 52.004066 ] ] ] } },
{ "type": "Feature", "properties": { "loc": "DE917" }, "geometry": { "type": "Polygon", "coordinates": [ [ [ 10.801489, 52.047997 ], [ 10.796526, 52.080231 ], [ 10.86593, 52.124204 ], [ 10.883459, 52.175523 ], [ 10.850429, 52.175171 ], [ 10.783525, 52.209523 ], [ 10.729854, 52.260445 ], [ 10.720369, 52.299999 ], [ 10.64299, 52.295424 ], [ 10.619673, 52.307929 ], [ 10.608735, 52.375586 ], [ 10.711243, 52.371078 ], [ 10.847958, 52.320498 ], [ 10.883247, 52.34417 ], [ 10.86593, 52.363916 ], [ 10.874129, 52.390508 ], [ 10.89947, 52.405923 ], [ 10.883725, 52.427346 ], [ 10.890571, 52.460119 ], [ 10.934543, 52.471795 ], [ 11.012225, 52.397598 ], [ 11.065664, 52.373166 ], [ 11.053723, 52.351753 ], [ 10.995311, 52.337496 ], [ 11.031577, 52.308366 ], [ 11.02145, 52.281281 ], [ 11.080047, 52.228527 ], [ 11.017804, 52.197432 ], [ 11.056107, 52.167047 ], [ 11.045846, 52.14122 ], [ 10.952613, 52.101697 ], [ 10.964415, 52.056643 ], [ 10.801489, 52.047997 ] ] ] } },
{ "type": "Feature", "properties": { "loc": "DEB12" }, "geometry": { "type": "Polygon", "coordinates": [ [ [ 7.145181, 50.602089 ], [ 7.210872, 50.649543 ], [ 7.214166, 50.591107 ], [ 7.269227, 50.5697 ], [ 7.344388, 50.476613 ], [ 7.290636, 50.450476 ], [ 7.273009, 50.397131 ], [ 7.179724, 50.409913 ], [ 7.138525, 50.391081 ], [ 7.117793, 50.404405 ], [ 7.010759, 50.384961 ], [ 6.984339, 50.348893 ], [ 6.918644, 50.308295 ], [ 6.798231, 50.32852 ], [ 6.777322, 50.423516 ], [ 6.751536, 50.438652 ], [ 6.759741, 50.463653 ], [ 6.741042, 50.471674 ], [ 6.797295, 50.486821 ], [ 6.854079, 50.457323 ], [ 6.891194, 50.467411 ], [ 6.902371, 50.498008 ], [ 6.889097, 50.523557 ], [ 6.923961, 50.535624 ], [ 6.927901, 50.558618 ], [ 6.998763, 50.566668 ], [ 7.05229, 50.603794 ], [ 7.089138, 50.587583 ], [ 7.116737, 50.609503 ], [ 7.145181, 50.602089 ] ], [ [ 7.251994, 50.42748 ], [ 7.255669, 50.412173 ], [ 7.268638, 50.419694 ], [ 7.269716, 50.427419 ], [ 7.251994, 50.42748 ] ] ] } },
{ "type": "Feature", "properties": { "loc": "DEB13" }, "geometry": { "type": "Polygon", "coordinates": [ [ [ 7.851496, 50.925832 ], [ 7.833819, 50.882099 ], [ 7.966192, 50.841301 ], [ 7.968024, 50.777831 ], [ 8.037107, 50.726241 ], [ 8.03969, 50.697375 ], [ 7.972727, 50.678091 ], [ 7.950377, 50.705896 ], [ 7.902699, 50.717748 ], [ 7.873871, 50.681119 ], [ 7.840469, 50.708701 ], [ 7.811835, 50.707653 ], [ 7.803751, 50.729332 ], [ 7.749473, 50.736771 ], [ 7.699242, 50.705453 ], [ 7.724899, 50.682457 ], [ 7.694442, 50.66463 ], [ 7.700821, 50.622917 ], [ 7.651541, 50.649444 ], [ 7.590678, 50.649797 ], [ 7.572361, 50.640709 ], [ 7.571779, 50.617638 ], [ 7.541927, 50.624068 ], [ 7.555458, 50.597363 ], [ 7.532009, 50.567494 ], [ 7.474925, 50.585409 ], [ 7.457287, 50.616762 ], [ 7.477938, 50.627549 ], [ 7.482119, 50.667131 ], [ 7.440772, 50.711438 ], [ 7.54779, 50.744194 ], [ 7.585727, 50.740142 ], [ 7.602622, 50.764938 ], [ 7.656092, 50.771129 ], [ 7.680121, 50.792048 ], [ 7.661004, 50.820364 ], [ 7.761065, 50.856685 ], [ 7.745751, 50.918424 ], [ 7.785898, 50.939914 ], [ 7.851496, 50.925832 ] ] ] } },
{ "type": "Feature", "properties": { "loc": "DEB14" }, "geometry": { "type": "Polygon", "coordinates": [ [ [ 7.599655, 49.681271 ], [ 7.492661, 49.705412 ], [ 7.479153, 49.736681 ], [ 7.418753, 49.751846 ], [ 7.441109, 49.784096 ], [ 7.404486, 49.81067 ], [ 7.390771, 49.843223 ], [ 7.398742, 49.856061 ], [ 7.42824, 49.84342 ], [ 7.498067, 49.862762 ], [ 7.543549, 49.894274 ], [ 7.653844, 49.932541 ], [ 7.670681, 49.969449 ], [ 7.699073, 49.981294 ], [ 7.690642, 49.998737 ], [ 7.758739, 49.992982 ], [ 7.816551, 49.954737 ], [ 7.807469, 49.936579 ], [ 7.894513, 49.930305 ], [ 7.920235, 49.883932 ], [ 7.962674, 49.861646 ], [ 7.963557, 49.833102 ], [ 7.928519, 49.809566 ], [ 7.931073, 49.769299 ], [ 7.905437, 49.752263 ], [ 7.764163, 49.759617 ], [ 7.725596, 49.718871 ], [ 7.732091, 49.696093 ], [ 7.703331, 49.652515 ], [ 7.672257, 49.638782 ], [ 7.658417, 49.641143 ], [ 7.669994, 49.667958 ], [ 7.659796, 49.697822 ], [ 7.599655, 49.681271 ] ] ] } },
{ "type": "Feature", "properties": { "loc": "DE216" }, "geometry": { "type": "Polygon", "coordinates": [ [ [ 11.34408, 47.693697 ], [ 11.414591, 47.749621 ], [ 11.395579, 47.792832 ], [ 11.342668, 47.802533 ], [ 11.329172, 47.821091 ], [ 11.33388, 47.929135 ], [ 11.394644, 47.922536 ], [ 11.428582, 47.978543 ], [ 11.49633, 47.971661 ], [ 11.519838, 47.950457 ], [ 11.567937, 47.955884 ], [ 11.647381, 47.904793 ], [ 11.655428, 47.887868 ], [ 11.617045, 47.83481 ], [ 11.659044, 47.806411 ], [ 11.636232, 47.781632 ], [ 11.656571, 47.747883 ], [ 11.635746, 47.728387 ], [ 11.664098, 47.710837 ], [ 11.649298, 47.672113 ], [ 11.674394, 47.638174 ], [ 11.615148, 47.610841 ], [ 11.60427, 47.596772 ], [ 11.630492, 47.583546 ], [ 11.605293, 47.576472 ], [ 11.572632, 47.516034 ], [ 11.437512, 47.514085 ], [ 11.410219, 47.495324 ], [ 11.293141, 47.555308 ], [ 11.265356, 47.582073 ], [ 11.280142, 47.609925 ], [ 11.272697, 47.641332 ], [ 11.279111, 47.657202 ], [ 11.34466, 47.67632 ], [ 11.34408, 47.693697 ] ] ] } },
{ "type": "Feature", "properties": { "loc": "DE217" }, "geometry": { "type": "Polygon", "coordinates": [ [ [ 11.493183, 48.440511 ], [ 11.527595, 48.395136 ], [ 11.506962, 48.380795 ], [ 11.51436, 48.354419 ], [ 11.569253, 48.33593 ], [ 11.578699, 48.299546 ], [ 11.521122, 48.278833 ], [ 11.48172, 48.221311 ], [ 11.40294, 48.20312 ], [ 11.380001, 48.231522 ], [ 11.321644, 48.231126 ], [ 11.288415, 48.258796 ], [ 11.180573, 48.294692 ], [ 11.116769, 48.268478 ], [ 11.127715, 48.320031 ], [ 11.167982, 48.33335 ], [ 11.16872, 48.366179 ], [ 11.195044, 48.387179 ], [ 11.182721, 48.417317 ], [ 11.343214, 48.453019 ], [ 11.413103, 48.408946 ], [ 11.493183, 48.440511 ] ] ] } },
{ "type": "Feature", "properties": { "loc": "DE218" }, "geometry": { "type": "Polygon", "coordinates": [ [ [ 11.847953, 47.948253 ], [ 11.765821, 47.994264 ], [ 11.788625, 48.052699 ], [ 11.804955, 48.060029 ], [ 11.750329, 48.136242 ], [ 11.773077, 48.16162 ], [ 11.75617, 48.221111 ], [ 11.875414, 48.204869 ], [ 11.938955, 48.168384 ], [ 12.003476, 48.17168 ], [ 12.051748, 48.130658 ], [ 12.085657, 48.122344 ], [ 12.066331, 48.095059 ], [ 12.07936, 48.019945 ], [ 12.096548, 48.003996 ], [ 12.067878, 47.974876 ], [ 12.001538, 47.959349 ], [ 11.939433, 47.990084 ], [ 11.929624, 47.980225 ], [ 11.942248, 47.94417 ], [ 11.92578, 47.934742 ], [ 11.877271, 47.954007 ], [ 11.847953, 47.948253 ] ] ] } },
{ "type": "Feature", "properties": { "loc": "DE219" }, "geometry": { "type": "Polygon", "coordinates": [ [ [ 11.005942, 48.821883 ], [ 10.994731, 48.841272 ], [ 10.93684, 48.863276 ], [ 11.06889, 48.914412 ], [ 11.058632, 48.938205 ], [ 11.089298, 48.962089 ], [ 11.140924, 48.967382 ], [ 11.201365, 49.046551 ], [ 11.24372, 49.047525 ], [ 11.270886, 49.010397 ], [ 11.328375, 49.000211 ], [ 11.377408, 49.017851 ], [ 11.419841, 49.052394 ], [ 11.385714, 49.078858 ], [ 11.537009, 49.067154 ], [ 11.520253, 49.033302 ], [ 11.599307, 48.951497 ], [ 11.703108, 48.920386 ], [ 11.72554, 48.928587 ], [ 11.719923, 48.897544 ], [ 11.740624, 48.877261 ], [ 11.703325, 48.835081 ], [ 11.735843, 48.799907 ], [ 11.719435, 48.782345 ], [ 11.672673, 48.778343 ], [ 11.64181, 48.809991 ], [ 11.609295, 48.812902 ], [ 11.567805, 48.765001 ], [ 11.509589, 48.734027 ], [ 11.489324, 48.745004 ], [ 11.494784, 48.785686 ], [ 11.401117, 48.819886 ], [ 11.382008, 48.782595 ], [ 11.269891, 48.79022 ], [ 11.225842, 48.775558 ], [ 11.119301, 48.809517 ], [ 11.062342, 48.793771 ], [ 11.03884, 48.819449 ], [ 11.005942, 48.821883 ] ] ] } },
{ "type": "Feature", "properties": { "loc": "DE21A" }, "geometry": { "type": "Polygon", "coordinates": [ [ [ 11.75617, 48.221111 ], [ 11.733557, 48.29013 ], [ 11.765061, 48.299498 ], [ 11.781173, 48.355968 ], [ 11.81287, 48.389374 ], [ 11.960063, 48.452923 ], [ 12.029063, 48.416389 ], [ 12.15921, 48.421413 ], [ 12.192627, 48.370162 ], [ 12.250551, 48.321946 ], [ 12.253888, 48.29013 ], [ 12.22479, 48.267647 ], [ 12.225586, 48.203664 ], [ 12.190048, 48.216418 ], [ 12.096873, 48.168558 ], [ 12.036941, 48.15737 ], [ 12.043185, 48.141674 ], [ 12.003476, 48.17168 ], [ 11.938955, 48.168384 ], [ 11.875414, 48.204869 ], [ 11.75617, 48.221111 ] ] ] } },
{ "type": "Feature", "properties": { "loc": "DE21B" }, "geometry": { "type": "Polygon", "coordinates": [ [ [ 11.578699, 48.299546 ], [ 11.569253, 48.33593 ], [ 11.51436, 48.354419 ], [ 11.506962, 48.380795 ], [ 11.527595, 48.395136 ], [ 11.493183, 48.440511 ], [ 11.560425, 48.489013 ], [ 11.610795, 48.465526 ], [ 11.630456, 48.474077 ], [ 11.660243, 48.500805 ], [ 11.66302, 48.562599 ], [ 11.703473, 48.586843 ], [ 11.706735, 48.616646 ], [ 11.757754, 48.601372 ], [ 11.797057, 48.612508 ], [ 11.865713, 48.581153 ], [ 11.960207, 48.572341 ], [ 11.962854, 48.499831 ], [ 12.006045, 48.493816 ], [ 11.995875, 48.452371 ], [ 12.017123, 48.430676 ], [ 11.960063, 48.452923 ], [ 11.84504, 48.411888 ], [ 11.781173, 48.355968 ], [ 11.765061, 48.299498 ], [ 11.733557, 48.29013 ], [ 11.738186, 48.276334 ], [ 11.619334, 48.270873 ], [ 11.578699, 48.299546 ] ] ] } },
{ "type": "Feature", "properties": { "loc": "DE21C" }, "geometry": { "type": "Polygon", "coordinates": [ [ [ 11.150152, 48.108536 ], [ 11.091172, 48.090226 ], [ 11.059516, 48.103848 ], [ 11.056491, 48.137021 ], [ 11.010585, 48.154527 ], [ 11.000969, 48.172599 ], [ 11.058258, 48.200438 ], [ 11.042389, 48.230527 ], [ 11.065548, 48.272779 ], [ 11.146492, 48.271536 ], [ 11.180573, 48.294692 ], [ 11.288415, 48.258796 ], [ 11.321644, 48.231126 ], [ 11.398192, 48.221547 ], [ 11.40294, 48.20312 ], [ 11.363651, 48.161144 ], [ 11.392493, 48.128641 ], [ 11.412451, 48.127115 ], [ 11.400386, 48.116471 ], [ 11.342388, 48.107801 ], [ 11.257378, 48.135042 ], [ 11.188842, 48.100021 ], [ 11.150152, 48.108536 ] ] ] } },
{ "type": "Feature", "properties": { "loc": "DE21D" }, "geometry": { "type": "Polygon", "coordinates": [ [ [ 11.318788, 47.712557 ], [ 11.34466, 47.67632 ], [ 11.279111, 47.657202 ], [ 11.265356, 47.582073 ], [ 11.410219, 47.495324 ], [ 11.384371, 47.47249 ], [ 11.421428, 47.444852 ], [ 11.339228, 47.447306 ], [ 11.266362, 47.398021 ], [ 11.226878, 47.398128 ], [ 11.249016, 47.429309 ], [ 11.209055, 47.432171 ], [ 11.106177, 47.396096 ], [ 11.00551, 47.394345 ], [ 10.971503, 47.405247 ], [ 10.980343, 47.43144 ], [ 10.930965, 47.481233 ], [ 10.872265, 47.485371 ], [ 10.875563, 47.500951 ], [ 10.91376, 47.51545 ], [ 10.886199, 47.536848 ], [ 10.87537, 47.570883 ], [ 10.932387, 47.592239 ], [ 10.98418, 47.655071 ], [ 10.988008, 47.674383 ], [ 10.968338, 47.698831 ], [ 10.982029, 47.712479 ], [ 11.038675, 47.707453 ], [ 11.062153, 47.727833 ], [ 11.133033, 47.735484 ], [ 11.177052, 47.716864 ], [ 11.199203, 47.731231 ], [ 11.318788, 47.712557 ] ] ] } },
{ "type": "Feature", "properties": { "loc": "DE21E" }, "geometry": { "type": "Polygon", "coordinates": [ [ [ 10.767091, 47.843793 ], [ 10.752394, 47.857065 ], [ 10.784929, 47.880958 ], [ 10.775465, 47.928739 ], [ 10.796639, 47.939372 ], [ 10.824095, 47.992321 ], [ 10.810638, 48.031288 ], [ 10.759005, 48.042576 ], [ 10.810147, 48.09236 ], [ 10.792567, 48.146785 ], [ 10.86593, 48.164589 ], [ 10.903411, 48.236676 ], [ 10.955903, 48.201648 ], [ 11.03451, 48.192992 ], [ 11.000969, 48.172599 ], [ 11.010585, 48.154527 ], [ 11.056491, 48.137021 ], [ 11.059516, 48.103848 ], [ 11.091172, 48.090226 ], [ 11.136972, 48.097617 ], [ 11.135025, 48.019872 ], [ 11.167256, 47.994508 ], [ 11.13611, 47.937321 ], [ 11.069919, 47.903263 ], [ 11.005011, 47.901495 ], [ 10.969226, 47.868138 ], [ 10.86593, 47.871884 ], [ 10.767091, 47.843793 ] ] ] } },
{ "type": "Feature", "properties": { "loc": "DE21F" }, "geometry": { "type": "Polygon", "coordinates": [ [ [ 11.838749, 47.582779 ], [ 11.60427, 47.596772 ], [ 11.674394, 47.638174 ], [ 11.649298, 47.672113 ], [ 11.664098, 47.710837 ], [ 11.635746, 47.728387 ], [ 11.656571, 47.747883 ], [ 11.636232, 47.781632 ], [ 11.659044, 47.806411 ], [ 11.617045, 47.83481 ], [ 11.655428, 47.887868 ], [ 11.623462, 47.920328 ], [ 11.696561, 47.936899 ], [ 11.729111, 47.918842 ], [ 11.771998, 47.940501 ], [ 11.806467, 47.925747 ], [ 11.842387, 47.875226 ], [ 11.945339, 47.844799 ], [ 11.949483, 47.824647 ], [ 11.921283, 47.808219 ], [ 11.986661, 47.775905 ], [ 11.99575, 47.745737 ], [ 12.016288, 47.738571 ], [ 12.012756, 47.707105 ], [ 12.044504, 47.669671 ], [ 12.032868, 47.645175 ], [ 12.060662, 47.618743 ], [ 11.91097, 47.612483 ], [ 11.838749, 47.582779 ] ] ] } },
{ "type": "Feature", "properties": { "loc": "DE21G" }, "geometry": { "type": "Polygon", "coordinates": [ [ [ 12.566205, 48.158885 ], [ 12.48965, 48.152489 ], [ 12.447686, 48.113144 ], [ 12.423351, 48.128326 ], [ 12.361076, 48.126682 ], [ 12.293051, 48.107674 ], [ 12.212476, 48.140483 ], [ 12.162, 48.08514 ], [ 12.14156, 48.091401 ], [ 12.133966, 48.125321 ], [ 12.051748, 48.130658 ], [ 12.036941, 48.15737 ], [ 12.096873, 48.168558 ], [ 12.190048, 48.216418 ], [ 12.225586, 48.203664 ], [ 12.22479, 48.267647 ], [ 12.253888, 48.29013 ], [ 12.250551, 48.321946 ], [ 12.354817, 48.333473 ], [ 12.423238, 48.373858 ], [ 12.434808, 48.41235 ], [ 12.483791, 48.429675 ], [ 12.564463, 48.402601 ], [ 12.607292, 48.353632 ], [ 12.569575, 48.332878 ], [ 12.562563, 48.30369 ], [ 12.597743, 48.271778 ], [ 12.563619, 48.250733 ], [ 12.596909, 48.232977 ], [ 12.566205, 48.158885 ] ] ] } },
{ "type": "Feature", "properties": { "loc": "DE21H" }, "geometry": { "type": "Polygon", "coordinates": [ [ [ 11.825584, 47.924474 ], [ 11.771998, 47.940501 ], [ 11.729111, 47.918842 ], [ 11.696561, 47.936899 ], [ 11.623462, 47.920328 ], [ 11.567937, 47.955884 ], [ 11.519838, 47.950457 ], [ 11.49633, 47.971661 ], [ 11.428582, 47.978543 ], [ 11.407455, 47.992494 ], [ 11.431117, 48.012713 ], [ 11.406647, 48.073483 ], [ 11.420595, 48.097224 ], [ 11.384868, 48.111454 ], [ 11.432228, 48.134639 ], [ 11.455971, 48.130057 ], [ 11.475854, 48.084138 ], [ 11.509408, 48.06572 ], [ 11.579783, 48.089427 ], [ 11.678495, 48.080251 ], [ 11.70583, 48.104061 ], [ 11.712677, 48.138144 ], [ 11.680728, 48.152663 ], [ 11.686093, 48.178049 ], [ 11.633999, 48.186111 ], [ 11.643217, 48.221633 ], [ 11.59108, 48.214592 ], [ 11.499818, 48.248146 ], [ 11.502124, 48.26144 ], [ 11.578699, 48.299546 ], [ 11.619334, 48.270873 ], [ 11.738186, 48.276334 ], [ 11.773077, 48.16162 ], [ 11.750329, 48.136242 ], [ 11.804955, 48.060029 ], [ 11.788625, 48.052699 ], [ 11.765821, 47.994264 ], [ 11.847953, 47.948253 ], [ 11.825584, 47.924474 ] ] ] } },
{ "type": "Feature", "properties": { "loc": "DE21I" }, "geometry": { "type": "Polygon", "coordinates": [ [ [ 11.022986, 48.620171 ], [ 11.035588, 48.645329 ], [ 10.987391, 48.691845 ], [ 10.992929, 48.759289 ], [ 10.960511, 48.808183 ], [ 11.005942, 48.821883 ], [ 11.03884, 48.819449 ], [ 11.062342, 48.793771 ], [ 11.119301, 48.809517 ], [ 11.225842, 48.775558 ], [ 11.255916, 48.779428 ], [ 11.320522, 48.728224 ], [ 11.353783, 48.725243 ], [ 11.379523, 48.689028 ], [ 11.450087, 48.693817 ], [ 11.437143, 48.653248 ], [ 11.353664, 48.608169 ], [ 11.378024, 48.571799 ], [ 11.347919, 48.56907 ], [ 11.357295, 48.541405 ], [ 11.295411, 48.474574 ], [ 11.257352, 48.471542 ], [ 11.219311, 48.494799 ], [ 11.200921, 48.527502 ], [ 11.136252, 48.552182 ], [ 11.159227, 48.572427 ], [ 11.152389, 48.590781 ], [ 11.022986, 48.620171 ] ] ] } },
{ "type": "Feature", "properties": { "loc": "DE21J" }, "geometry": { "type": "Polygon", "coordinates": [ [ [ 11.493183, 48.440511 ], [ 11.413103, 48.408946 ], [ 11.380193, 48.439175 ], [ 11.300681, 48.454156 ], [ 11.295411, 48.474574 ], [ 11.321639, 48.516847 ], [ 11.357295, 48.541405 ], [ 11.347919, 48.56907 ], [ 11.378024, 48.571799 ], [ 11.353664, 48.608169 ], [ 11.437143, 48.653248 ], [ 11.450087, 48.693817 ], [ 11.433113, 48.699371 ], [ 11.441347, 48.719236 ], [ 11.483011, 48.72847 ], [ 11.489324, 48.745004 ], [ 11.530017, 48.735902 ], [ 11.609295, 48.812902 ], [ 11.64181, 48.809991 ], [ 11.672673, 48.778343 ], [ 11.700642, 48.790585 ], [ 11.719435, 48.782345 ], [ 11.697097, 48.780847 ], [ 11.709977, 48.754918 ], [ 11.656796, 48.740025 ], [ 11.657916, 48.699787 ], [ 11.689552, 48.685588 ], [ 11.689538, 48.664536 ], [ 11.70962, 48.648908 ], [ 11.694393, 48.627368 ], [ 11.703473, 48.586843 ], [ 11.66302, 48.562599 ], [ 11.660243, 48.500805 ], [ 11.610795, 48.465526 ], [ 11.560425, 48.489013 ], [ 11.493183, 48.440511 ] ] ] } },
{ "type": "Feature", "properties": { "loc": "DE918" }, "geometry": { "type": "MultiPolygon", "coordinates": [ [ [ [ 10.032972, 51.944622 ], [ 10.102021, 51.902916 ], [ 10.110217, 51.838641 ], [ 10.139452, 51.830243 ], [ 10.153715, 51.793543 ], [ 10.146948, 51.745424 ], [ 10.119881, 51.723975 ], [ 10.157486, 51.644798 ], [ 10.119121, 51.616974 ], [ 9.964534, 51.617589 ], [ 9.93415, 51.602779 ], [ 9.835599, 51.611301 ], [ 9.814226, 51.599393 ], [ 9.738175, 51.613415 ], [ 9.685331, 51.582016 ], [ 9.624274, 51.63388 ], [ 9.514446, 51.627653 ], [ 9.495507, 51.634286 ], [ 9.491025, 51.655218 ], [ 9.417318, 51.647269 ], [ 9.434182, 51.655099 ], [ 9.42635, 51.670708 ], [ 9.444646, 51.695969 ], [ 9.556741, 51.742781 ], [ 9.583634, 51.791646 ], [ 9.67923, 51.84001 ], [ 9.710256, 51.878375 ], [ 9.783229, 51.866215 ], [ 9.894248, 51.906155 ], [ 9.980751, 51.900634 ], [ 10.010398, 51.912429 ], [ 9.999068, 51.939084 ], [ 10.032972, 51.944622 ] ] ], [ [ [ 9.647756, 51.552511 ], [ 9.628385, 51.56745 ], [ 9.627798, 51.582343 ], [ 9.672378, 51.568404 ], [ 9.647756, 51.552511 ] ] ] ] } },
{ "type": "Feature", "properties": { "loc": "DE91A" }, "geometry": { "type": "Polygon", "coordinates": [ [ [ 10.257476, 52.183023 ], [ 10.245451, 52.212713 ], [ 10.18936, 52.232389 ], [ 10.000265, 52.232058 ], [ 10.002864, 52.255804 ], [ 10.075694, 52.303436 ], [ 10.086159, 52.339166 ], [ 10.126621, 52.327423 ], [ 10.149621, 52.3636 ], [ 10.135498, 52.394051 ], [ 10.179506, 52.397337 ], [ 10.207384, 52.427099 ], [ 10.249248, 52.423084 ], [ 10.291912, 52.447902 ], [ 10.362543, 52.416806 ], [ 10.384305, 52.373577 ], [ 10.422909, 52.375794 ], [ 10.405813, 52.347922 ], [ 10.424325, 52.330228 ], [ 10.428413, 52.268779 ], [ 10.444537, 52.254177 ], [ 10.42959, 52.221279 ], [ 10.342092, 52.176943 ], [ 10.257476, 52.183023 ] ] ] } },
{ "type": "Feature", "properties": { "loc": "DE91B" }, "geometry": { "type": "MultiPolygon", "coordinates": [ [ [ [ 10.801489, 52.047997 ], [ 10.657612, 52.043089 ], [ 10.628904, 52.011302 ], [ 10.587041, 52.012569 ], [ 10.530284, 51.973464 ], [ 10.507363, 51.977937 ], [ 10.482853, 51.995999 ], [ 10.489542, 52.022037 ], [ 10.469599, 52.045805 ], [ 10.483855, 52.059081 ], [ 10.46483, 52.064587 ], [ 10.432633, 52.124571 ], [ 10.506922, 52.186852 ], [ 10.572557, 52.206202 ], [ 10.64299, 52.295424 ], [ 10.720369, 52.299999 ], [ 10.729854, 52.260445 ], [ 10.783525, 52.209523 ], [ 10.850429, 52.175171 ], [ 10.883459, 52.175523 ], [ 10.86593, 52.124204 ], [ 10.796526, 52.080231 ], [ 10.801489, 52.047997 ] ] ], [ [ [ 10.204689, 52.00699 ], [ 10.19997, 52.074272 ], [ 10.177572, 52.102444 ], [ 10.196627, 52.123379 ], [ 10.183058, 52.146623 ], [ 10.203004, 52.176001 ], [ 10.225386, 52.178122 ], [ 10.248547, 52.116514 ], [ 10.312939, 52.099841 ], [ 10.339683, 52.062908 ], [ 10.335858, 52.047243 ], [ 10.298276, 52.047395 ], [ 10.252617, 52.01116 ], [ 10.204689, 52.00699 ] ] ] ] } },
{ "type": "Feature", "properties": { "loc": "DE91C" }, "geometry": { "type": "Polygon", "coordinates": [ [ [ 9.732305, 51.295232 ], [ 9.633918, 51.314697 ], [ 9.557291, 51.351378 ], [ 9.575437, 51.397011 ], [ 9.639447, 51.415999 ], [ 9.628941, 51.44663 ], [ 9.640427, 51.469487 ], [ 9.58956, 51.517761 ], [ 9.615862, 51.52907 ], [ 9.616019, 51.550538 ], [ 9.685092, 51.567874 ], [ 9.685331, 51.582016 ], [ 9.738175, 51.613415 ], [ 9.814226, 51.599393 ], [ 9.835599, 51.611301 ], [ 9.93415, 51.602779 ], [ 9.964534, 51.617589 ], [ 10.119121, 51.616974 ], [ 10.157486, 51.644798 ], [ 10.119881, 51.723975 ], [ 10.146948, 51.745424 ], [ 10.153715, 51.793543 ], [ 10.170931, 51.810203 ], [ 10.238376, 51.830715 ], [ 10.266177, 51.814226 ], [ 10.280736, 51.780464 ], [ 10.312299, 51.767974 ], [ 10.385032, 51.78717 ], [ 10.487916, 51.765095 ], [ 10.48043, 51.70047 ], [ 10.505536, 51.666929 ], [ 10.596615, 51.678022 ], [ 10.677283, 51.638376 ], [ 10.635647, 51.601126 ], [ 10.662478, 51.576531 ], [ 10.65268, 51.561079 ], [ 10.607071, 51.578449 ], [ 10.517026, 51.55568 ], [ 10.431483, 51.590872 ], [ 10.375929, 51.586412 ], [ 10.376969, 51.565064 ], [ 10.339933, 51.520339 ], [ 10.227765, 51.472101 ], [ 10.19932, 51.482887 ], [ 10.143364, 51.43208 ], [ 10.087461, 51.434355 ], [ 10.070626, 51.420777 ], [ 10.054546, 51.430974 ], [ 9.928339, 51.375299 ], [ 9.904037, 51.418333 ], [ 9.853313, 51.411082 ], [ 9.856329, 51.375195 ], [ 9.83514, 51.403484 ], [ 9.803222, 51.408771 ], [ 9.796976, 51.388613 ], [ 9.706963, 51.364271 ], [ 9.741017, 51.322107 ], [ 9.770832, 51.324309 ], [ 9.732305, 51.295232 ] ] ] } },
{ "type": "Feature", "properties": { "loc": "DE922" }, "geometry": { "type": "Polygon", "coordinates": [ [ [ 8.703009, 52.500438 ], [ 8.647826, 52.529023 ], [ 8.559046, 52.501395 ], [ 8.503784, 52.510638 ], [ 8.418471, 52.447353 ], [ 8.297214, 52.456498 ], [ 8.315084, 52.532565 ], [ 8.347108, 52.552052 ], [ 8.314247, 52.5838 ], [ 8.297388, 52.638487 ], [ 8.312078, 52.683819 ], [ 8.465426, 52.734372 ], [ 8.459278, 52.801056 ], [ 8.513206, 52.806475 ], [ 8.631851, 52.854649 ], [ 8.650409, 52.91049 ], [ 8.690289, 52.925641 ], [ 8.683656, 52.961414 ], [ 8.646312, 52.980365 ], [ 8.657161, 53.008994 ], [ 8.711424, 53.04463 ], [ 8.769019, 53.050375 ], [ 8.821504, 53.022785 ], [ 8.870872, 53.030665 ], [ 8.915827, 53.011021 ], [ 8.930302, 52.993105 ], [ 8.910345, 52.9571 ], [ 8.95411, 52.893275 ], [ 8.981559, 52.893424 ], [ 9.01869, 52.925167 ], [ 9.115997, 52.896952 ], [ 9.105314, 52.863392 ], [ 9.039361, 52.840272 ], [ 9.054455, 52.827098 ], [ 9.057971, 52.75656 ], [ 9.048486, 52.730223 ], [ 9.015809, 52.712043 ], [ 9.023671, 52.689246 ], [ 9.010122, 52.661182 ], [ 8.879304, 52.622856 ], [ 8.897363, 52.590601 ], [ 8.888173, 52.555655 ], [ 8.703009, 52.500438 ] ] ] } },
{ "type": "Feature", "properties": { "loc": "DE923" }, "geometry": { "type": "Polygon", "coordinates": [ [ [ 9.308893, 51.922719 ], [ 9.276884, 51.930979 ], [ 9.267739, 51.974517 ], [ 9.206847, 51.962352 ], [ 9.178422, 51.982827 ], [ 9.19394, 52.014965 ], [ 9.173552, 52.049066 ], [ 9.185972, 52.072923 ], [ 9.155605, 52.09783 ], [ 9.180547, 52.123436 ], [ 9.162657, 52.14122 ], [ 9.183326, 52.1465 ], [ 9.171002, 52.186919 ], [ 9.36149, 52.223839 ], [ 9.44831, 52.27432 ], [ 9.511073, 52.212197 ], [ 9.501258, 52.165507 ], [ 9.561478, 52.164445 ], [ 9.680924, 52.102422 ], [ 9.648012, 52.055068 ], [ 9.65725, 52.028589 ], [ 9.637717, 51.986463 ], [ 9.647811, 51.964799 ], [ 9.562985, 52.04211 ], [ 9.442929, 51.984549 ], [ 9.350972, 51.972844 ], [ 9.361872, 51.941604 ], [ 9.308893, 51.922719 ] ] ] } },
{ "type": "Feature", "properties": { "loc": "DE925" }, "geometry": { "type": "Polygon", "coordinates": [ [ [ 10.19997, 52.074272 ], [ 10.193953, 51.958617 ], [ 10.090631, 51.95905 ], [ 10.065526, 51.92736 ], [ 10.032972, 51.944622 ], [ 9.999068, 51.939084 ], [ 10.010398, 51.912429 ], [ 9.980751, 51.900634 ], [ 9.894248, 51.906155 ], [ 9.762295, 51.981037 ], [ 9.71748, 51.981064 ], [ 9.686793, 51.957771 ], [ 9.647811, 51.964799 ], [ 9.637717, 51.986463 ], [ 9.65725, 52.028589 ], [ 9.648012, 52.055068 ], [ 9.680924, 52.102422 ], [ 9.629651, 52.131263 ], [ 9.683967, 52.135659 ], [ 9.715015, 52.156312 ], [ 9.720361, 52.169841 ], [ 9.695181, 52.18802 ], [ 9.70316, 52.196485 ], [ 9.777005, 52.176169 ], [ 9.811041, 52.213638 ], [ 9.784385, 52.236693 ], [ 9.802913, 52.253526 ], [ 9.971484, 52.290442 ], [ 10.034468, 52.283766 ], [ 10.002864, 52.255804 ], [ 10.000265, 52.232058 ], [ 10.18936, 52.232389 ], [ 10.245451, 52.212713 ], [ 10.257476, 52.183023 ], [ 10.203004, 52.176001 ], [ 10.183058, 52.146623 ], [ 10.196627, 52.123379 ], [ 10.177572, 52.102444 ], [ 10.19997, 52.074272 ] ] ] } },
{ "type": "Feature", "properties": { "loc": "DE926" }, "geometry": { "type": "Polygon", "coordinates": [ [ [ 9.894248, 51.906155 ], [ 9.783229, 51.866215 ], [ 9.710256, 51.878375 ], [ 9.67923, 51.84001 ], [ 9.583634, 51.791646 ], [ 9.556741, 51.742781 ], [ 9.444646, 51.695969 ], [ 9.42635, 51.670708 ], [ 9.434182, 51.655099 ], [ 9.386447, 51.646701 ], [ 9.376131, 51.651259 ], [ 9.400659, 51.702066 ], [ 9.376876, 51.743461 ], [ 9.441134, 51.791517 ], [ 9.434873, 51.839443 ], [ 9.459456, 51.860999 ], [ 9.323344, 51.855061 ], [ 9.343234, 51.89667 ], [ 9.308893, 51.922719 ], [ 9.361872, 51.941604 ], [ 9.350972, 51.972844 ], [ 9.442929, 51.984549 ], [ 9.562985, 52.04211 ], [ 9.647811, 51.964799 ], [ 9.686793, 51.957771 ], [ 9.71748, 51.981064 ], [ 9.762295, 51.981037 ], [ 9.894248, 51.906155 ] ] ] } },
{ "type": "Feature", "properties": { "loc": "DE927" }, "geometry": { "type": "Polygon", "coordinates": [ [ [ 9.304633, 52.778497 ], [ 9.346108, 52.730886 ], [ 9.333576, 52.716625 ], [ 9.376433, 52.734731 ], [ 9.475672, 52.727079 ], [ 9.534659, 52.660066 ], [ 9.524429, 52.62866 ], [ 9.46418, 52.637784 ], [ 9.355343, 52.606405 ], [ 9.345146, 52.589816 ], [ 9.362882, 52.563093 ], [ 9.248709, 52.533388 ], [ 9.262573, 52.488229 ], [ 9.252378, 52.470365 ], [ 9.274107, 52.440932 ], [ 9.199681, 52.415914 ], [ 9.125253, 52.411993 ], [ 9.098159, 52.446576 ], [ 9.131349, 52.481055 ], [ 9.057247, 52.498592 ], [ 8.93523, 52.403546 ], [ 8.713582, 52.394689 ], [ 8.703009, 52.500438 ], [ 8.888173, 52.555655 ], [ 8.897363, 52.590601 ], [ 8.879304, 52.622856 ], [ 9.010122, 52.661182 ], [ 9.023671, 52.689246 ], [ 9.015809, 52.712043 ], [ 9.048486, 52.730223 ], [ 9.057971, 52.75656 ], [ 9.054455, 52.827098 ], [ 9.039361, 52.840272 ], [ 9.105314, 52.863392 ], [ 9.115997, 52.896952 ], [ 9.168008, 52.905177 ], [ 9.206733, 52.874181 ], [ 9.186137, 52.859632 ], [ 9.214922, 52.847813 ], [ 9.196323, 52.817479 ], [ 9.23413, 52.820723 ], [ 9.255772, 52.804255 ], [ 9.29325, 52.815034 ], [ 9.304633, 52.778497 ] ] ] } },
{ "type": "Feature", "properties": { "loc": "DE928" }, "geometry": { "type": "Polygon", "coordinates": [ [ [ 9.155605, 52.09783 ], [ 9.137362, 52.100117 ], [ 9.155551, 52.12134 ], [ 9.136761, 52.135997 ], [ 9.060461, 52.147079 ], [ 9.016442, 52.135212 ], [ 9.01352, 52.173107 ], [ 8.985834, 52.194598 ], [ 9.039724, 52.187759 ], [ 9.041191, 52.218828 ], [ 9.062787, 52.231587 ], [ 8.977995, 52.266522 ], [ 8.994899, 52.317296 ], [ 9.078339, 52.354078 ], [ 9.125253, 52.411993 ], [ 9.199681, 52.415914 ], [ 9.274107, 52.440932 ], [ 9.272909, 52.454741 ], [ 9.363496, 52.43512 ], [ 9.325942, 52.404441 ], [ 9.329757, 52.387115 ], [ 9.412494, 52.398103 ], [ 9.427459, 52.35924 ], [ 9.404716, 52.332202 ], [ 9.408728, 52.305132 ], [ 9.44831, 52.27432 ], [ 9.36149, 52.223839 ], [ 9.171002, 52.186919 ], [ 9.183326, 52.1465 ], [ 9.162657, 52.14122 ], [ 9.180547, 52.123436 ], [ 9.155605, 52.09783 ] ] ] } },
{ "type": "Feature", "properties": { "loc": "DE929" }, "geometry": { "type": "Polygon", "coordinates": [ [ [ 10.291912, 52.447902 ], [ 10.249248, 52.423084 ], [ 10.207384, 52.427099 ], [ 10.179506, 52.397337 ], [ 10.135498, 52.394051 ], [ 10.149621, 52.3636 ], [ 10.126621, 52.327423 ], [ 10.086159, 52.339166 ], [ 10.075694, 52.303436 ], [ 10.034468, 52.283766 ], [ 9.971484, 52.290442 ], [ 9.802913, 52.253526 ], [ 9.784385, 52.236693 ], [ 9.811041, 52.213638 ], [ 9.777005, 52.176169 ], [ 9.70316, 52.196485 ], [ 9.695181, 52.18802 ], [ 9.720361, 52.169841 ], [ 9.715015, 52.156312 ], [ 9.683967, 52.135659 ], [ 9.629651, 52.131263 ], [ 9.561478, 52.164445 ], [ 9.501258, 52.165507 ], [ 9.511073, 52.212197 ], [ 9.497029, 52.236167 ], [ 9.408728, 52.305132 ], [ 9.404716, 52.332202 ], [ 9.427459, 52.35924 ], [ 9.412494, 52.398103 ], [ 9.329757, 52.387115 ], [ 9.325942, 52.404441 ], [ 9.363496, 52.43512 ], [ 9.295997, 52.440013 ], [ 9.252378, 52.470365 ], [ 9.262573, 52.488229 ], [ 9.248709, 52.533388 ], [ 9.362882, 52.563093 ], [ 9.345146, 52.589816 ], [ 9.355343, 52.606405 ], [ 9.46418, 52.637784 ], [ 9.524429, 52.62866 ], [ 9.547372, 52.671587 ], [ 9.581788, 52.674889 ], [ 9.664661, 52.601836 ], [ 9.701568, 52.602775 ], [ 9.713652, 52.631562 ], [ 9.734624, 52.638302 ], [ 9.828492, 52.598053 ], [ 9.962947, 52.588376 ], [ 9.986537, 52.573714 ], [ 9.971265, 52.54985 ], [ 10.073504, 52.536145 ], [ 10.137406, 52.500526 ], [ 10.184568, 52.510806 ], [ 10.262652, 52.490596 ], [ 10.273743, 52.51064 ], [ 10.291912, 52.447902 ] ] ] } },
{ "type": "Feature", "properties": { "loc": "DE931" }, "geometry": { "type": "Polygon", "coordinates": [ [ [ 10.350735, 52.5561 ], [ 10.262652, 52.490596 ], [ 10.184568, 52.510806 ], [ 10.137406, 52.500526 ], [ 10.073504, 52.536145 ], [ 9.971265, 52.54985 ], [ 9.986537, 52.573714 ], [ 9.962947, 52.588376 ], [ 9.828492, 52.598053 ], [ 9.734624, 52.638302 ], [ 9.744325, 52.65594 ], [ 9.730905, 52.707269 ], [ 9.755927, 52.715286 ], [ 9.757677, 52.732916 ], [ 9.828861, 52.748459 ], [ 9.825056, 52.8123 ], [ 9.870162, 52.89858 ], [ 9.981604, 52.870745 ], [ 10.070256, 52.904226 ], [ 10.114073, 52.903052 ], [ 10.168614, 52.93202 ], [ 10.237127, 52.936299 ], [ 10.321802, 52.839687 ], [ 10.358423, 52.840237 ], [ 10.414872, 52.807894 ], [ 10.44441, 52.815763 ], [ 10.369133, 52.723468 ], [ 10.400416, 52.660076 ], [ 10.385865, 52.63287 ], [ 10.409343, 52.606662 ], [ 10.387377, 52.576951 ], [ 10.398137, 52.564592 ], [ 10.350735, 52.5561 ] ] ] } },
{ "type": "Feature", "properties": { "loc": "DE932" }, "geometry": { "type": "Polygon", "coordinates": [ [ [ 8.492652, 53.47221 ], [ 8.609163, 53.487865 ], [ 8.646576, 53.51831 ], [ 8.623766, 53.572647 ], [ 8.637061, 53.59982 ], [ 8.520411, 53.606205 ], [ 8.485437, 53.656065 ], [ 8.483057, 53.687708 ], [ 8.546014, 53.813171 ], [ 8.61339, 53.879754 ], [ 8.687173, 53.891908 ], [ 8.788582, 53.834996 ], [ 9.018513, 53.834841 ], [ 9.219731, 53.759158 ], [ 9.26083, 53.763351 ], [ 9.290329, 53.734259 ], [ 9.215762, 53.683049 ], [ 9.269055, 53.669686 ], [ 9.270893, 53.643715 ], [ 9.2486, 53.629988 ], [ 9.18375, 53.617004 ], [ 9.112185, 53.559373 ], [ 9.058627, 53.568583 ], [ 8.913395, 53.525328 ], [ 8.957107, 53.503859 ], [ 8.958876, 53.456385 ], [ 8.922311, 53.442504 ], [ 8.947365, 53.410198 ], [ 8.906114, 53.381665 ], [ 8.867054, 53.394442 ], [ 8.793862, 53.387598 ], [ 8.747535, 53.36274 ], [ 8.760232, 53.323317 ], [ 8.721287, 53.300463 ], [ 8.631143, 53.282883 ], [ 8.509308, 53.29407 ], [ 8.516276, 53.332386 ], [ 8.499988, 53.366848 ], [ 8.492652, 53.47221 ] ], [ [ 8.656932, 53.599006 ], [ 8.652963, 53.614204 ], [ 8.640174, 53.607034 ], [ 8.656932, 53.599006 ] ] ] } },
{ "type": "Feature", "properties": { "loc": "DEB15" }, "geometry": { "type": "Polygon", "coordinates": [ [ [ 7.522753, 49.707622 ], [ 7.519529, 49.68059 ], [ 7.431118, 49.655177 ], [ 7.445511, 49.614067 ], [ 7.435147, 49.595481 ], [ 7.36606, 49.59529 ], [ 7.316175, 49.557555 ], [ 7.276623, 49.548623 ], [ 7.261866, 49.57843 ], [ 7.219378, 49.566603 ], [ 7.169859, 49.597371 ], [ 7.088845, 49.602666 ], [ 7.02798, 49.639438 ], [ 7.048852, 49.657149 ], [ 7.044312, 49.689302 ], [ 7.125628, 49.755776 ], [ 7.133285, 49.77979 ], [ 7.258074, 49.852396 ], [ 7.222511, 49.88495 ], [ 7.277456, 49.897433 ], [ 7.294995, 49.880726 ], [ 7.326, 49.896922 ], [ 7.394212, 49.887909 ], [ 7.404486, 49.81067 ], [ 7.441109, 49.784096 ], [ 7.418753, 49.751846 ], [ 7.479153, 49.736681 ], [ 7.492661, 49.705412 ], [ 7.522753, 49.707622 ] ] ] } },
{ "type": "Feature", "properties": { "loc": "DEB17" }, "geometry": { "type": "MultiPolygon", "coordinates": [ [ [ [ 7.664055, 50.381535 ], [ 7.62138, 50.374415 ], [ 7.570013, 50.407963 ], [ 7.489045, 50.363356 ], [ 7.500753, 50.334178 ], [ 7.531359, 50.328838 ], [ 7.517397, 50.306136 ], [ 7.526092, 50.290877 ], [ 7.605484, 50.293794 ], [ 7.648408, 50.253489 ], [ 7.53112, 50.262377 ], [ 7.467601, 50.203402 ], [ 7.428871, 50.209659 ], [ 7.424454, 50.17524 ], [ 7.407824, 50.163229 ], [ 7.381949, 50.160751 ], [ 7.361851, 50.184763 ], [ 7.379024, 50.209243 ], [ 7.312827, 50.200893 ], [ 7.274732, 50.24942 ], [ 7.237729, 50.261778 ], [ 7.169798, 50.279745 ], [ 7.129772, 50.265291 ], [ 6.983258, 50.30119 ], [ 7.024443, 50.335258 ], [ 6.984339, 50.348893 ], [ 7.010759, 50.384961 ], [ 7.117793, 50.404405 ], [ 7.138525, 50.391081 ], [ 7.179724, 50.409913 ], [ 7.273009, 50.397131 ], [ 7.290636, 50.450476 ], [ 7.344388, 50.476613 ], [ 7.484158, 50.412499 ], [ 7.548008, 50.42053 ], [ 7.578665, 50.460049 ], [ 7.637566, 50.453181 ], [ 7.676419, 50.404112 ], [ 7.647189, 50.39282 ], [ 7.664055, 50.381535 ] ] ], [ [ [ 7.251994, 50.42748 ], [ 7.269716, 50.427419 ], [ 7.268638, 50.419694 ], [ 7.255669, 50.412173 ], [ 7.251994, 50.42748 ] ] ] ] } },
{ "type": "Feature", "properties": { "loc": "DEB18" }, "geometry": { "type": "MultiPolygon", "coordinates": [ [ [ [ 7.701105, 50.584575 ], [ 7.694188, 50.600031 ], [ 7.712294, 50.597573 ], [ 7.701105, 50.584575 ] ] ], [ [ [ 7.700821, 50.622917 ], [ 7.668078, 50.598622 ], [ 7.701155, 50.562646 ], [ 7.696263, 50.532421 ], [ 7.671606, 50.518978 ], [ 7.673517, 50.496121 ], [ 7.599045, 50.475077 ], [ 7.548008, 50.42053 ], [ 7.484158, 50.412499 ], [ 7.344388, 50.476613 ], [ 7.269227, 50.5697 ], [ 7.214166, 50.591107 ], [ 7.2124, 50.623405 ], [ 7.342461, 50.642807 ], [ 7.367696, 50.674356 ], [ 7.372003, 50.714125 ], [ 7.440772, 50.711438 ], [ 7.482119, 50.667131 ], [ 7.477938, 50.627549 ], [ 7.457287, 50.616762 ], [ 7.494892, 50.574349 ], [ 7.532009, 50.567494 ], [ 7.555458, 50.597363 ], [ 7.541927, 50.624068 ], [ 7.571779, 50.617638 ], [ 7.572361, 50.640709 ], [ 7.590678, 50.649797 ], [ 7.651541, 50.649444 ], [ 7.700821, 50.622917 ] ], [ [ 7.662829, 50.572253 ], [ 7.668072, 50.557129 ], [ 7.680817, 50.561764 ], [ 7.662829, 50.572253 ] ] ] ] } },
{ "type": "Feature", "properties": { "loc": "DEB1A" }, "geometry": { "type": "Polygon", "coordinates": [ [ [ 8.121914, 50.277225 ], [ 8.101562, 50.26144 ], [ 8.040164, 50.270134 ], [ 8.025723, 50.258191 ], [ 8.053729, 50.235201 ], [ 8.034122, 50.217893 ], [ 7.990195, 50.234992 ], [ 7.914426, 50.204039 ], [ 7.884658, 50.175197 ], [ 7.927759, 50.144595 ], [ 7.921635, 50.110056 ], [ 7.852432, 50.126212 ], [ 7.833589, 50.085206 ], [ 7.773997, 50.06654 ], [ 7.725942, 50.112743 ], [ 7.734489, 50.129369 ], [ 7.720494, 50.148778 ], [ 7.650175, 50.178889 ], [ 7.635642, 50.207095 ], [ 7.581837, 50.239932 ], [ 7.648408, 50.253489 ], [ 7.59381, 50.323395 ], [ 7.652724, 50.327654 ], [ 7.757164, 50.396106 ], [ 7.784129, 50.387856 ], [ 7.778486, 50.36036 ], [ 7.860126, 50.352037 ], [ 7.869101, 50.384311 ], [ 7.927912, 50.412044 ], [ 8.019939, 50.399354 ], [ 8.018983, 50.384554 ], [ 8.060513, 50.371192 ], [ 8.121914, 50.277225 ] ] ] } },
{ "type": "Feature", "properties": { "loc": "DEB1B" }, "geometry": { "type": "MultiPolygon", "coordinates": [ [ [ [ 7.688866, 50.360129 ], [ 7.647189, 50.39282 ], [ 7.676419, 50.404112 ], [ 7.668836, 50.422022 ], [ 7.599045, 50.475077 ], [ 7.673517, 50.496121 ], [ 7.671606, 50.518978 ], [ 7.696263, 50.532421 ], [ 7.701155, 50.562646 ], [ 7.668078, 50.598622 ], [ 7.700821, 50.622917 ], [ 7.694442, 50.66463 ], [ 7.724899, 50.682457 ], [ 7.699242, 50.705453 ], [ 7.72748, 50.720397 ], [ 7.721625, 50.728999 ], [ 7.803751, 50.729332 ], [ 7.811835, 50.707653 ], [ 7.840469, 50.708701 ], [ 7.873871, 50.681119 ], [ 7.902699, 50.717748 ], [ 7.950377, 50.705896 ], [ 7.972727, 50.678091 ], [ 8.101562, 50.701778 ], [ 8.125777, 50.685814 ], [ 8.110978, 50.660496 ], [ 8.137749, 50.629414 ], [ 8.13195, 50.60752 ], [ 8.151592, 50.599371 ], [ 8.134073, 50.552772 ], [ 8.101562, 50.53389 ], [ 8.040724, 50.555166 ], [ 7.997222, 50.522832 ], [ 7.98005, 50.48739 ], [ 8.008456, 50.454439 ], [ 7.97156, 50.40622 ], [ 7.888921, 50.399972 ], [ 7.860126, 50.352037 ], [ 7.778486, 50.36036 ], [ 7.784129, 50.387856 ], [ 7.757164, 50.396106 ], [ 7.728363, 50.366821 ], [ 7.688866, 50.360129 ] ], [ [ 7.694188, 50.600031 ], [ 7.701105, 50.584575 ], [ 7.712294, 50.597573 ], [ 7.694188, 50.600031 ] ] ], [ [ [ 7.668072, 50.557129 ], [ 7.662829, 50.572253 ], [ 7.680817, 50.561764 ], [ 7.668072, 50.557129 ] ] ] ] } },
{ "type": "Feature", "properties": { "loc": "DEB1C" }, "geometry": { "type": "Polygon", "coordinates": [ [ [ 7.381949, 50.160751 ], [ 7.370462, 50.131359 ], [ 7.296998, 50.120044 ], [ 7.345376, 50.085931 ], [ 7.329598, 50.057029 ], [ 7.350731, 50.013606 ], [ 7.242783, 49.96107 ], [ 7.150598, 49.992707 ], [ 7.09412, 50.062103 ], [ 6.985638, 50.085225 ], [ 6.985953, 50.133748 ], [ 6.964904, 50.152726 ], [ 6.955207, 50.205396 ], [ 6.985497, 50.236395 ], [ 7.029691, 50.225996 ], [ 7.056606, 50.245108 ], [ 7.068779, 50.279785 ], [ 7.129772, 50.265291 ], [ 7.169798, 50.279745 ], [ 7.274732, 50.24942 ], [ 7.312827, 50.200893 ], [ 7.379024, 50.209243 ], [ 7.361851, 50.184763 ], [ 7.381949, 50.160751 ] ] ] } },
{ "type": "Feature", "properties": { "loc": "DEB1D" }, "geometry": { "type": "Polygon", "coordinates": [ [ [ 7.398742, 49.856061 ], [ 7.380301, 49.896384 ], [ 7.222511, 49.88495 ], [ 7.215949, 49.904568 ], [ 7.25054, 49.940368 ], [ 7.202685, 49.966323 ], [ 7.282399, 49.972553 ], [ 7.290277, 49.992613 ], [ 7.350731, 50.013606 ], [ 7.329598, 50.057029 ], [ 7.345376, 50.085931 ], [ 7.296998, 50.120044 ], [ 7.370462, 50.131359 ], [ 7.381949, 50.160751 ], [ 7.424454, 50.17524 ], [ 7.428871, 50.209659 ], [ 7.467601, 50.203402 ], [ 7.53112, 50.262377 ], [ 7.635727, 50.245606 ], [ 7.581837, 50.239932 ], [ 7.635642, 50.207095 ], [ 7.650175, 50.178889 ], [ 7.720494, 50.148778 ], [ 7.734489, 50.129369 ], [ 7.725942, 50.112743 ], [ 7.764845, 50.08259 ], [ 7.67229, 50.036945 ], [ 7.734631, 49.998688 ], [ 7.690642, 49.998737 ], [ 7.699073, 49.981294 ], [ 7.670681, 49.969449 ], [ 7.653844, 49.932541 ], [ 7.543549, 49.894274 ], [ 7.498067, 49.862762 ], [ 7.42824, 49.84342 ], [ 7.398742, 49.856061 ] ] ] } },
{ "type": "Feature", "properties": { "loc": "DEB21" }, "geometry": { "type": "Polygon", "coordinates": [ [ [ 6.553821, 49.728887 ], [ 6.576962, 49.756509 ], [ 6.6175, 49.763617 ], [ 6.594818, 49.772057 ], [ 6.631868, 49.785675 ], [ 6.672666, 49.851642 ], [ 6.690868, 49.857694 ], [ 6.713256, 49.822024 ], [ 6.736607, 49.816576 ], [ 6.702021, 49.803886 ], [ 6.737153, 49.776627 ], [ 6.68597, 49.76335 ], [ 6.739051, 49.736036 ], [ 6.714596, 49.733841 ], [ 6.71273, 49.717332 ], [ 6.612991, 49.700051 ], [ 6.617506, 49.722574 ], [ 6.562642, 49.701455 ], [ 6.553821, 49.728887 ] ] ] } },
{ "type": "Feature", "properties": { "loc": "DEB22" }, "geometry": { "type": "Polygon", "coordinates": [ [ [ 6.700651, 50.084385 ], [ 6.756008, 50.115918 ], [ 6.853342, 50.128373 ], [ 6.910772, 50.075946 ], [ 6.979021, 50.097911 ], [ 7.027424, 50.067425 ], [ 7.09412, 50.062103 ], [ 7.13706, 50.002577 ], [ 7.189651, 49.986935 ], [ 7.25054, 49.940368 ], [ 7.215949, 49.904568 ], [ 7.258074, 49.852396 ], [ 7.133285, 49.77979 ], [ 7.125628, 49.755776 ], [ 7.044312, 49.689302 ], [ 6.983079, 49.677482 ], [ 6.969325, 49.718781 ], [ 6.879618, 49.779331 ], [ 6.946116, 49.816461 ], [ 6.900575, 49.833576 ], [ 6.873406, 49.869956 ], [ 6.799032, 49.854697 ], [ 6.759489, 49.889698 ], [ 6.725626, 49.883088 ], [ 6.684379, 49.963208 ], [ 6.723781, 49.98682 ], [ 6.70214, 50.024231 ], [ 6.714404, 50.04552 ], [ 6.700651, 50.084385 ] ] ] } },
{ "type": "Feature", "properties": { "loc": "DEB23" }, "geometry": { "type": "Polygon", "coordinates": [ [ [ 6.116888, 50.059064 ], [ 6.152019, 50.143463 ], [ 6.144673, 50.172265 ], [ 6.186511, 50.184053 ], [ 6.170741, 50.220853 ], [ 6.180311, 50.23434 ], [ 6.281067, 50.269833 ], [ 6.313107, 50.320706 ], [ 6.358116, 50.310706 ], [ 6.425295, 50.323012 ], [ 6.446453, 50.298263 ], [ 6.469084, 50.311297 ], [ 6.48047, 50.286457 ], [ 6.509289, 50.284032 ], [ 6.528485, 50.256076 ], [ 6.588105, 50.222552 ], [ 6.592412, 50.200931 ], [ 6.560471, 50.183873 ], [ 6.550964, 50.148871 ], [ 6.582906, 50.133574 ], [ 6.586583, 50.110697 ], [ 6.641011, 50.1153 ], [ 6.700651, 50.084385 ], [ 6.714404, 50.04552 ], [ 6.70214, 50.024231 ], [ 6.723781, 49.98682 ], [ 6.684379, 49.963208 ], [ 6.70528, 49.944055 ], [ 6.711948, 49.904814 ], [ 6.690078, 49.91319 ], [ 6.635986, 49.877876 ], [ 6.597495, 49.893584 ], [ 6.576305, 49.868953 ], [ 6.532772, 49.856628 ], [ 6.529018, 49.840775 ], [ 6.431461, 49.812284 ], [ 6.359045, 49.849714 ], [ 6.32573, 49.839132 ], [ 6.311047, 49.866623 ], [ 6.235833, 49.900619 ], [ 6.217172, 49.948453 ], [ 6.171587, 49.962823 ], [ 6.147735, 49.995149 ], [ 6.116888, 50.059064 ] ] ] } },
{ "type": "Feature", "properties": { "loc": "DEB24" }, "geometry": { "type": "Polygon", "coordinates": [ [ [ 6.984339, 50.348893 ], [ 7.024443, 50.335258 ], [ 6.983258, 50.30119 ], [ 7.068779, 50.279785 ], [ 7.056606, 50.245108 ], [ 7.029691, 50.225996 ], [ 6.985497, 50.236395 ], [ 6.960095, 50.223619 ], [ 6.964904, 50.152726 ], [ 6.985953, 50.133748 ], [ 6.979021, 50.097911 ], [ 6.910772, 50.075946 ], [ 6.853342, 50.128373 ], [ 6.756008, 50.115918 ], [ 6.700651, 50.084385 ], [ 6.641011, 50.1153 ], [ 6.586583, 50.110697 ], [ 6.582906, 50.133574 ], [ 6.550964, 50.148871 ], [ 6.560471, 50.183873 ], [ 6.592412, 50.200931 ], [ 6.588105, 50.222552 ], [ 6.528485, 50.256076 ], [ 6.509289, 50.284032 ], [ 6.48047, 50.286457 ], [ 6.469084, 50.311297 ], [ 6.446453, 50.298263 ], [ 6.425593, 50.313478 ], [ 6.390742, 50.383747 ], [ 6.413507, 50.387155 ], [ 6.476411, 50.339557 ], [ 6.597407, 50.385581 ], [ 6.63163, 50.348865 ], [ 6.667332, 50.369449 ], [ 6.699663, 50.339384 ], [ 6.800712, 50.361781 ], [ 6.798231, 50.32852 ], [ 6.918644, 50.308295 ], [ 6.984339, 50.348893 ] ] ] } },
{ "type": "Feature", "properties": { "loc": "DE125" }, "geometry": { "type": "Polygon", "coordinates": [ [ [ 8.573519, 49.415844 ], [ 8.629294, 49.440936 ], [ 8.75518, 49.457802 ], [ 8.790622, 49.408913 ], [ 8.71798, 49.357133 ], [ 8.656929, 49.354645 ], [ 8.644597, 49.368005 ], [ 8.62902, 49.353604 ], [ 8.605051, 49.369757 ], [ 8.642407, 49.389381 ], [ 8.63049, 49.40899 ], [ 8.573519, 49.415844 ] ] ] } },
{ "type": "Feature", "properties": { "loc": "DE126" }, "geometry": { "type": "Polygon", "coordinates": [ [ [ 8.414341, 49.557097 ], [ 8.463107, 49.589496 ], [ 8.554254, 49.519736 ], [ 8.581375, 49.51978 ], [ 8.582007, 49.500191 ], [ 8.549874, 49.480239 ], [ 8.585388, 49.457892 ], [ 8.573519, 49.415844 ], [ 8.497316, 49.411347 ], [ 8.503343, 49.436417 ], [ 8.442856, 49.450482 ], [ 8.463419, 49.471074 ], [ 8.414341, 49.557097 ] ] ] } },
{ "type": "Feature", "properties": { "loc": "DE127" }, "geometry": { "type": "Polygon", "coordinates": [ [ [ 9.049127, 49.292862 ], [ 9.044002, 49.318913 ], [ 8.970965, 49.344458 ], [ 8.940187, 49.386336 ], [ 8.984533, 49.398852 ], [ 8.994612, 49.422967 ], [ 9.018971, 49.419774 ], [ 9.043797, 49.44628 ], [ 9.030636, 49.471188 ], [ 9.080955, 49.496843 ], [ 9.083427, 49.526087 ], [ 9.122595, 49.519827 ], [ 9.088191, 49.54874 ], [ 9.103006, 49.577456 ], [ 9.235248, 49.581747 ], [ 9.296317, 49.645764 ], [ 9.393602, 49.644395 ], [ 9.41092, 49.663508 ], [ 9.546003, 49.633343 ], [ 9.534926, 49.604087 ], [ 9.501885, 49.585494 ], [ 9.540315, 49.525222 ], [ 9.494436, 49.49114 ], [ 9.51252, 49.476046 ], [ 9.513301, 49.446452 ], [ 9.603823, 49.426578 ], [ 9.574865, 49.416258 ], [ 9.59028, 49.394205 ], [ 9.569957, 49.37811 ], [ 9.507519, 49.377258 ], [ 9.461735, 49.394848 ], [ 9.443492, 49.364337 ], [ 9.375087, 49.364239 ], [ 9.326297, 49.383215 ], [ 9.252693, 49.30422 ], [ 9.174359, 49.325637 ], [ 9.141498, 49.275498 ], [ 9.049127, 49.292862 ] ] ] } },
{ "type": "Feature", "properties": { "loc": "DE21K" }, "geometry": { "type": "MultiPolygon", "coordinates": [ [ [ [ 12.085657, 48.122344 ], [ 12.133966, 48.125321 ], [ 12.14156, 48.091401 ], [ 12.162, 48.08514 ], [ 12.212476, 48.140483 ], [ 12.293051, 48.107674 ], [ 12.361076, 48.126682 ], [ 12.387556, 48.11738 ], [ 12.337798, 48.07645 ], [ 12.348159, 48.036889 ], [ 12.335887, 47.986174 ], [ 12.384269, 47.951754 ], [ 12.425232, 47.944567 ], [ 12.433825, 47.913995 ], [ 12.414246, 47.885679 ], [ 12.374935, 47.87243 ], [ 12.381573, 47.841442 ], [ 12.412112, 47.822689 ], [ 12.342298, 47.730155 ], [ 12.338046, 47.697087 ], [ 12.257755, 47.683125 ], [ 12.248248, 47.736859 ], [ 12.168274, 47.69728 ], [ 12.198279, 47.609174 ], [ 12.060662, 47.618743 ], [ 12.032868, 47.645175 ], [ 12.044504, 47.669671 ], [ 12.012756, 47.707105 ], [ 12.016288, 47.738571 ], [ 11.99575, 47.745737 ], [ 11.986661, 47.775905 ], [ 11.921283, 47.808219 ], [ 11.949483, 47.824647 ], [ 11.945339, 47.844799 ], [ 11.842387, 47.875226 ], [ 11.806467, 47.925747 ], [ 11.877271, 47.954007 ], [ 11.92578, 47.934742 ], [ 11.942248, 47.94417 ], [ 11.929624, 47.980225 ], [ 11.939433, 47.990084 ], [ 12.001538, 47.959349 ], [ 12.067878, 47.974876 ], [ 12.096548, 48.003996 ], [ 12.07936, 48.019945 ], [ 12.066331, 48.095059 ], [ 12.085657, 48.122344 ] ], [ [ 12.103202, 47.884781 ], [ 12.061978, 47.81659 ], [ 12.128808, 47.813845 ], [ 12.150642, 47.842201 ], [ 12.13404, 47.881541 ], [ 12.103202, 47.884781 ] ] ], [ [ [ 12.39075, 47.854139 ], [ 12.393647, 47.872161 ], [ 12.411855, 47.859771 ], [ 12.39075, 47.854139 ] ] ] ] } },
{ "type": "Feature", "properties": { "loc": "DE21L" }, "geometry": { "type": "Polygon", "coordinates": [ [ [ 11.342388, 48.107801 ], [ 11.420595, 48.097224 ], [ 11.406647, 48.073483 ], [ 11.431117, 48.012713 ], [ 11.407455, 47.992494 ], [ 11.428582, 47.978543 ], [ 11.394644, 47.922536 ], [ 11.33388, 47.929135 ], [ 11.329172, 47.821091 ], [ 11.293642, 47.833328 ], [ 11.29835, 47.862099 ], [ 11.284033, 47.883321 ], [ 11.189768, 47.886499 ], [ 11.231343, 47.923566 ], [ 11.149588, 47.953412 ], [ 11.167256, 47.994508 ], [ 11.135025, 48.019872 ], [ 11.136972, 48.097617 ], [ 11.150152, 48.108536 ], [ 11.188842, 48.100021 ], [ 11.257378, 48.135042 ], [ 11.342388, 48.107801 ] ] ] } },
{ "type": "Feature", "properties": { "loc": "DE933" }, "geometry": { "type": "Polygon", "coordinates": [ [ [ 10.469184, 53.385844 ], [ 10.431791, 53.357322 ], [ 10.32688, 53.358609 ], [ 10.320525, 53.335657 ], [ 10.226111, 53.311472 ], [ 10.215172, 53.293742 ], [ 10.251896, 53.285792 ], [ 10.253158, 53.259508 ], [ 10.212259, 53.248829 ], [ 10.20262, 53.230588 ], [ 10.228955, 53.19337 ], [ 10.120882, 53.171612 ], [ 10.075397, 53.129005 ], [ 9.983872, 53.17861 ], [ 9.917005, 53.17478 ], [ 9.847446, 53.208535 ], [ 9.796601, 53.189103 ], [ 9.614743, 53.236224 ], [ 9.597931, 53.299777 ], [ 9.562704, 53.337588 ], [ 9.653848, 53.407532 ], [ 9.777984, 53.440334 ], [ 9.749961, 53.491425 ], [ 9.768861, 53.505279 ], [ 9.856418, 53.436692 ], [ 9.90305, 53.454147 ], [ 9.915558, 53.416015 ], [ 9.953722, 53.428425 ], [ 9.983486, 53.416972 ], [ 10.052846, 53.46131 ], [ 10.174393, 53.398169 ], [ 10.234924, 53.396912 ], [ 10.307954, 53.433201 ], [ 10.374814, 53.424234 ], [ 10.469184, 53.385844 ] ] ] } },
{ "type": "Feature", "properties": { "loc": "DE934" }, "geometry": { "type": "Polygon", "coordinates": [ [ [ 10.841556, 52.852205 ], [ 10.818149, 52.867206 ], [ 10.811261, 52.898584 ], [ 10.854912, 52.935216 ], [ 10.849394, 52.980365 ], [ 10.88765, 52.996731 ], [ 10.888764, 53.01424 ], [ 10.842631, 53.04621 ], [ 10.830089, 53.077722 ], [ 10.770917, 53.099278 ], [ 10.754825, 53.123337 ], [ 10.804778, 53.144524 ], [ 10.902525, 53.153924 ], [ 10.891026, 53.18986 ], [ 10.870028, 53.202924 ], [ 10.875226, 53.241155 ], [ 11.078933, 53.142541 ], [ 11.13955, 53.165266 ], [ 11.190468, 53.13494 ], [ 11.245819, 53.136256 ], [ 11.277734, 53.095758 ], [ 11.340357, 53.055843 ], [ 11.444407, 53.077213 ], [ 11.507173, 53.049193 ], [ 11.597785, 53.035926 ], [ 11.55359, 53.000322 ], [ 11.510294, 53.003455 ], [ 11.49467, 52.962445 ], [ 11.505027, 52.941032 ], [ 11.31036, 52.878734 ], [ 11.037543, 52.912533 ], [ 10.99748, 52.90831 ], [ 10.939049, 52.855369 ], [ 10.841556, 52.852205 ] ] ] } },
{ "type": "Feature", "properties": { "loc": "DE935" }, "geometry": { "type": "Polygon", "coordinates": [ [ [ 10.184437, 53.076137 ], [ 10.073479, 53.043784 ], [ 10.041947, 53.065073 ], [ 10.071671, 53.065936 ], [ 10.112855, 53.105654 ], [ 10.075397, 53.129005 ], [ 10.120882, 53.171612 ], [ 10.228955, 53.19337 ], [ 10.20262, 53.230588 ], [ 10.212259, 53.248829 ], [ 10.253158, 53.259508 ], [ 10.251896, 53.285792 ], [ 10.215172, 53.293742 ], [ 10.226111, 53.311472 ], [ 10.320525, 53.335657 ], [ 10.32688, 53.358609 ], [ 10.431791, 53.357322 ], [ 10.469184, 53.385844 ], [ 10.57365, 53.360599 ], [ 10.704487, 53.367857 ], [ 10.769941, 53.326042 ], [ 10.835959, 53.307405 ], [ 10.920676, 53.346861 ], [ 10.982054, 53.334068 ], [ 11.009331, 53.285524 ], [ 11.083128, 53.220072 ], [ 11.190769, 53.180825 ], [ 11.171862, 53.156644 ], [ 11.13955, 53.165266 ], [ 11.078933, 53.142541 ], [ 10.875226, 53.241155 ], [ 10.870028, 53.202924 ], [ 10.891026, 53.18986 ], [ 10.902525, 53.153924 ], [ 10.804778, 53.144524 ], [ 10.754825, 53.123337 ], [ 10.635262, 53.161532 ], [ 10.655658, 53.187217 ], [ 10.545902, 53.174718 ], [ 10.509293, 53.201514 ], [ 10.395842, 53.147647 ], [ 10.384933, 53.114943 ], [ 10.332443, 53.113194 ], [ 10.311545, 53.09007 ], [ 10.273905, 53.093984 ], [ 10.211788, 53.067733 ], [ 10.184437, 53.076137 ] ] ] } },
{ "type": "Feature", "properties": { "loc": "DE936" }, "geometry": { "type": "Polygon", "coordinates": [ [ [ 8.984186, 53.126071 ], [ 8.945973, 53.150212 ], [ 8.86843, 53.1332 ], [ 8.827288, 53.162478 ], [ 8.667066, 53.177062 ], [ 8.629217, 53.196081 ], [ 8.592874, 53.186047 ], [ 8.59091, 53.213983 ], [ 8.485331, 53.22712 ], [ 8.499988, 53.366848 ], [ 8.516276, 53.332386 ], [ 8.509308, 53.29407 ], [ 8.631143, 53.282883 ], [ 8.721287, 53.300463 ], [ 8.760232, 53.323317 ], [ 8.747535, 53.36274 ], [ 8.793862, 53.387598 ], [ 8.867054, 53.394442 ], [ 8.906114, 53.381665 ], [ 8.939969, 53.363412 ], [ 8.94738, 53.33998 ], [ 8.994645, 53.32312 ], [ 9.008547, 53.298194 ], [ 8.995482, 53.269638 ], [ 9.024475, 53.24593 ], [ 9.031689, 53.196324 ], [ 9.071453, 53.151297 ], [ 9.032897, 53.127107 ], [ 8.984186, 53.126071 ] ] ] } },
{ "type": "Feature", "properties": { "loc": "DE937" }, "geometry": { "type": "Polygon", "coordinates": [ [ [ 9.454723, 52.917411 ], [ 9.447511, 52.945767 ], [ 9.461548, 52.966354 ], [ 9.441005, 52.999763 ], [ 9.342754, 52.988723 ], [ 9.340314, 53.010668 ], [ 9.192412, 53.045426 ], [ 9.156213, 53.09884 ], [ 9.178462, 53.116463 ], [ 9.184359, 53.158664 ], [ 9.154918, 53.1692 ], [ 9.108344, 53.1461 ], [ 9.071453, 53.151297 ], [ 9.031689, 53.196324 ], [ 9.024475, 53.24593 ], [ 8.995482, 53.269638 ], [ 9.008547, 53.298194 ], [ 8.994645, 53.32312 ], [ 8.94738, 53.33998 ], [ 8.939969, 53.363412 ], [ 8.906114, 53.381665 ], [ 8.947365, 53.410198 ], [ 8.922311, 53.442504 ], [ 8.965568, 53.468364 ], [ 8.957107, 53.503859 ], [ 8.913395, 53.525328 ], [ 9.058627, 53.568583 ], [ 9.112185, 53.559373 ], [ 9.148607, 53.592395 ], [ 9.182776, 53.535032 ], [ 9.260065, 53.546143 ], [ 9.278582, 53.524595 ], [ 9.230936, 53.496373 ], [ 9.23626, 53.47221 ], [ 9.328085, 53.459492 ], [ 9.342091, 53.413476 ], [ 9.370487, 53.405517 ], [ 9.3628, 53.387925 ], [ 9.420194, 53.355381 ], [ 9.472309, 53.351689 ], [ 9.51344, 53.383373 ], [ 9.569096, 53.369386 ], [ 9.554718, 53.345054 ], [ 9.597931, 53.299777 ], [ 9.614743, 53.236224 ], [ 9.6826, 53.219482 ], [ 9.731783, 53.165332 ], [ 9.679958, 53.157601 ], [ 9.629421, 53.113545 ], [ 9.639436, 53.083038 ], [ 9.61714, 53.051242 ], [ 9.668778, 53.020004 ], [ 9.669001, 52.980365 ], [ 9.579743, 52.92963 ], [ 9.531289, 52.946697 ], [ 9.454723, 52.917411 ] ], [ [ 9.166958, 53.177179 ], [ 9.183296, 53.164609 ], [ 9.195707, 53.170692 ], [ 9.175588, 53.184719 ], [ 9.166958, 53.177179 ] ] ] } },
{ "type": "Feature", "properties": { "loc": "DE938" }, "geometry": { "type": "Polygon", "coordinates": [ [ [ 9.534659, 52.660066 ], [ 9.475672, 52.727079 ], [ 9.376433, 52.734731 ], [ 9.333576, 52.716625 ], [ 9.346108, 52.730886 ], [ 9.325603, 52.767712 ], [ 9.345859, 52.781634 ], [ 9.341038, 52.821601 ], [ 9.38409, 52.833204 ], [ 9.383797, 52.856513 ], [ 9.420465, 52.899586 ], [ 9.531289, 52.946697 ], [ 9.579743, 52.92963 ], [ 9.669001, 52.980365 ], [ 9.668778, 53.020004 ], [ 9.61714, 53.051242 ], [ 9.639436, 53.083038 ], [ 9.635172, 53.127227 ], [ 9.679958, 53.157601 ], [ 9.731783, 53.165332 ], [ 9.6826, 53.219482 ], [ 9.796601, 53.189103 ], [ 9.847446, 53.208535 ], [ 9.917005, 53.17478 ], [ 9.983872, 53.17861 ], [ 10.112855, 53.105654 ], [ 10.071671, 53.065936 ], [ 10.041947, 53.065073 ], [ 10.073479, 53.043784 ], [ 10.151685, 53.037242 ], [ 10.164202, 53.041972 ], [ 10.153632, 53.056772 ], [ 10.184437, 53.076137 ], [ 10.211788, 53.067733 ], [ 10.214756, 53.027179 ], [ 10.160688, 53.019604 ], [ 10.212201, 53.008254 ], [ 10.237127, 52.936299 ], [ 10.168614, 52.93202 ], [ 10.114073, 52.903052 ], [ 10.070256, 52.904226 ], [ 9.981604, 52.870745 ], [ 9.870162, 52.89858 ], [ 9.825056, 52.8123 ], [ 9.828861, 52.748459 ], [ 9.757677, 52.732916 ], [ 9.755927, 52.715286 ], [ 9.730905, 52.707269 ], [ 9.744325, 52.65594 ], [ 9.701568, 52.602775 ], [ 9.644864, 52.611979 ], [ 9.637108, 52.634548 ], [ 9.581788, 52.674889 ], [ 9.534659, 52.660066 ] ] ] } },
{ "type": "Feature", "properties": { "loc": "DE939" }, "geometry": { "type": "Polygon", "coordinates": [ [ [ 9.48589, 53.707664 ], [ 9.553273, 53.615232 ], [ 9.674409, 53.565572 ], [ 9.770372, 53.552385 ], [ 9.768861, 53.505279 ], [ 9.749961, 53.491425 ], [ 9.777984, 53.440334 ], [ 9.653848, 53.407532 ], [ 9.562704, 53.337588 ], [ 9.569096, 53.369386 ], [ 9.51344, 53.383373 ], [ 9.472309, 53.351689 ], [ 9.420194, 53.355381 ], [ 9.3628, 53.387925 ], [ 9.370487, 53.405517 ], [ 9.342091, 53.413476 ], [ 9.328085, 53.459492 ], [ 9.23626, 53.47221 ], [ 9.230936, 53.496373 ], [ 9.278582, 53.524595 ], [ 9.260065, 53.546143 ], [ 9.182776, 53.535032 ], [ 9.148607, 53.592395 ], [ 9.270893, 53.643715 ], [ 9.269055, 53.669686 ], [ 9.215762, 53.683049 ], [ 9.290329, 53.734259 ], [ 9.26083, 53.763351 ], [ 9.219731, 53.759158 ], [ 9.134552, 53.798531 ], [ 9.043019, 53.815543 ], [ 9.01427, 53.84009 ], [ 9.081472, 53.859367 ], [ 9.272733, 53.867662 ], [ 9.319274, 53.849556 ], [ 9.424369, 53.739977 ], [ 9.48589, 53.707664 ] ] ] } },
{ "type": "Feature", "properties": { "loc": "DE93A" }, "geometry": { "type": "MultiPolygon", "coordinates": [ [ [ [ 10.759315, 52.79583 ], [ 10.666309, 52.766457 ], [ 10.55072, 52.83151 ], [ 10.414872, 52.807894 ], [ 10.358423, 52.840237 ], [ 10.321802, 52.839687 ], [ 10.225311, 52.953912 ], [ 10.212201, 53.008254 ], [ 10.160688, 53.019604 ], [ 10.214756, 53.027179 ], [ 10.211788, 53.067733 ], [ 10.235208, 53.084405 ], [ 10.384933, 53.114943 ], [ 10.395842, 53.147647 ], [ 10.509293, 53.201514 ], [ 10.545902, 53.174718 ], [ 10.655658, 53.187217 ], [ 10.635262, 53.161532 ], [ 10.754825, 53.123337 ], [ 10.770917, 53.099278 ], [ 10.830089, 53.077722 ], [ 10.842631, 53.04621 ], [ 10.888764, 53.01424 ], [ 10.88765, 52.996731 ], [ 10.849394, 52.980365 ], [ 10.854912, 52.935216 ], [ 10.811261, 52.898584 ], [ 10.818149, 52.867206 ], [ 10.841556, 52.852205 ], [ 10.77024, 52.841008 ], [ 10.759315, 52.79583 ] ] ], [ [ [ 10.151685, 53.037242 ], [ 10.153632, 53.056772 ], [ 10.164202, 53.041972 ], [ 10.151685, 53.037242 ] ] ] ] } },
{ "type": "Feature", "properties": { "loc": "DE93B" }, "geometry": { "type": "MultiPolygon", "coordinates": [ [ [ [ 9.325603, 52.767712 ], [ 9.304633, 52.778497 ], [ 9.29325, 52.815034 ], [ 9.255772, 52.804255 ], [ 9.23413, 52.820723 ], [ 9.196323, 52.817479 ], [ 9.214922, 52.847813 ], [ 9.186137, 52.859632 ], [ 9.206733, 52.874181 ], [ 9.168008, 52.905177 ], [ 9.115997, 52.896952 ], [ 9.01869, 52.925167 ], [ 8.981559, 52.893424 ], [ 8.95411, 52.893275 ], [ 8.910345, 52.9571 ], [ 8.930302, 52.993105 ], [ 8.915827, 53.011021 ], [ 8.975131, 53.043901 ], [ 8.964386, 53.06543 ], [ 8.975929, 53.096486 ], [ 8.957165, 53.114844 ], [ 9.154918, 53.1692 ], [ 9.190192, 53.148812 ], [ 9.156213, 53.09884 ], [ 9.192412, 53.045426 ], [ 9.340314, 53.010668 ], [ 9.342754, 52.988723 ], [ 9.441005, 52.999763 ], [ 9.454241, 52.989325 ], [ 9.454723, 52.917411 ], [ 9.383797, 52.856513 ], [ 9.38409, 52.833204 ], [ 9.341038, 52.821601 ], [ 9.345859, 52.781634 ], [ 9.325603, 52.767712 ] ] ], [ [ [ 9.166958, 53.177179 ], [ 9.175588, 53.184719 ], [ 9.195707, 53.170692 ], [ 9.183296, 53.164609 ], [ 9.166958, 53.177179 ] ] ] ] } },
{ "type": "Feature", "properties": { "loc": "DE941" }, "geometry": { "type": "Polygon", "coordinates": [ [ [ 8.657161, 53.008994 ], [ 8.623547, 53.014944 ], [ 8.594244, 52.988852 ], [ 8.58231, 52.999353 ], [ 8.603412, 53.028261 ], [ 8.587382, 53.04546 ], [ 8.654899, 53.108864 ], [ 8.708453, 53.076253 ], [ 8.711424, 53.04463 ], [ 8.657161, 53.008994 ] ] ] } },
{ "type": "Feature", "properties": { "loc": "DE128" }, "geometry": { "type": "MultiPolygon", "coordinates": [ [ [ [ 9.098931, 49.560554 ], [ 9.088191, 49.54874 ], [ 9.073867, 49.574466 ], [ 9.083014, 49.562177 ], [ 9.098931, 49.560554 ] ] ], [ [ [ 8.497316, 49.411347 ], [ 8.63049, 49.40899 ], [ 8.642407, 49.389381 ], [ 8.605051, 49.369757 ], [ 8.62902, 49.353604 ], [ 8.644597, 49.368005 ], [ 8.656929, 49.354645 ], [ 8.71798, 49.357133 ], [ 8.790622, 49.408913 ], [ 8.75518, 49.457802 ], [ 8.582888, 49.426469 ], [ 8.585388, 49.457892 ], [ 8.549874, 49.480239 ], [ 8.615559, 49.54814 ], [ 8.596736, 49.607216 ], [ 8.688504, 49.625236 ], [ 8.687538, 49.570112 ], [ 8.725492, 49.524232 ], [ 8.813169, 49.521837 ], [ 8.835617, 49.496886 ], [ 8.899573, 49.503655 ], [ 8.899355, 49.48455 ], [ 8.874522, 49.468174 ], [ 8.852686, 49.481349 ], [ 8.829808, 49.470478 ], [ 8.834021, 49.430959 ], [ 8.808403, 49.40322 ], [ 8.856322, 49.400175 ], [ 8.94546, 49.455245 ], [ 8.93188, 49.470637 ], [ 8.95941, 49.502327 ], [ 9.035063, 49.499324 ], [ 9.060497, 49.525331 ], [ 9.083427, 49.526087 ], [ 9.080955, 49.496843 ], [ 9.030636, 49.471188 ], [ 9.043797, 49.44628 ], [ 9.018971, 49.419774 ], [ 8.994612, 49.422967 ], [ 8.984533, 49.398852 ], [ 8.940187, 49.386336 ], [ 8.970965, 49.344458 ], [ 9.044002, 49.318913 ], [ 9.049127, 49.292862 ], [ 9.02905, 49.295097 ], [ 9.036866, 49.275618 ], [ 8.956088, 49.21447 ], [ 8.891287, 49.201516 ], [ 8.888791, 49.181032 ], [ 8.76001, 49.205195 ], [ 8.72289, 49.234599 ], [ 8.609398, 49.242839 ], [ 8.487268, 49.290026 ], [ 8.453684, 49.321829 ], [ 8.500317, 49.381496 ], [ 8.466762, 49.384811 ], [ 8.497316, 49.411347 ] ] ] ] } },
{ "type": "Feature", "properties": { "loc": "DE129" }, "geometry": { "type": "Polygon", "coordinates": [ [ [ 8.735027, 48.825177 ], [ 8.636175, 48.848852 ], [ 8.638531, 48.913095 ], [ 8.746868, 48.925258 ], [ 8.801822, 48.866912 ], [ 8.763554, 48.8369 ], [ 8.735975, 48.847423 ], [ 8.735027, 48.825177 ] ] ] } },
{ "type": "Feature", "properties": { "loc": "DE12A" }, "geometry": { "type": "Polygon", "coordinates": [ [ [ 8.393476, 48.828014 ], [ 8.525145, 48.808098 ], [ 8.537422, 48.785479 ], [ 8.563883, 48.810275 ], [ 8.602695, 48.810058 ], [ 8.617234, 48.826181 ], [ 8.690358, 48.817496 ], [ 8.697363, 48.837198 ], [ 8.727516, 48.801586 ], [ 8.804182, 48.777778 ], [ 8.83281, 48.737428 ], [ 8.873797, 48.723357 ], [ 8.855114, 48.689826 ], [ 8.80158, 48.656843 ], [ 8.793184, 48.597368 ], [ 8.749431, 48.599578 ], [ 8.768903, 48.521841 ], [ 8.755711, 48.50414 ], [ 8.698821, 48.485469 ], [ 8.671241, 48.508386 ], [ 8.607537, 48.507031 ], [ 8.620775, 48.540402 ], [ 8.56319, 48.550329 ], [ 8.574103, 48.573939 ], [ 8.409325, 48.639457 ], [ 8.445407, 48.664387 ], [ 8.443952, 48.695226 ], [ 8.46279, 48.702096 ], [ 8.479714, 48.751454 ], [ 8.425252, 48.750363 ], [ 8.42708, 48.781131 ], [ 8.398835, 48.802412 ], [ 8.393476, 48.828014 ] ] ] } },
{ "type": "Feature", "properties": { "loc": "DE12B" }, "geometry": { "type": "Polygon", "coordinates": [ [ [ 8.876032, 49.03517 ], [ 8.927135, 48.996273 ], [ 8.945125, 48.956715 ], [ 8.941913, 48.941255 ], [ 8.904843, 48.935272 ], [ 8.921503, 48.918718 ], [ 8.911334, 48.907299 ], [ 8.928801, 48.866557 ], [ 8.882703, 48.839821 ], [ 8.878608, 48.821166 ], [ 8.897176, 48.81813 ], [ 8.887764, 48.801901 ], [ 8.773519, 48.777444 ], [ 8.727516, 48.801586 ], [ 8.697363, 48.837198 ], [ 8.735027, 48.825177 ], [ 8.735975, 48.847423 ], [ 8.763554, 48.8369 ], [ 8.801822, 48.866912 ], [ 8.746868, 48.925258 ], [ 8.638531, 48.913095 ], [ 8.636175, 48.848852 ], [ 8.69103, 48.835269 ], [ 8.690358, 48.817496 ], [ 8.617234, 48.826181 ], [ 8.602695, 48.810058 ], [ 8.563883, 48.810275 ], [ 8.537422, 48.785479 ], [ 8.471801, 48.843427 ], [ 8.519951, 48.8706 ], [ 8.519223, 48.896247 ], [ 8.551599, 48.922454 ], [ 8.540274, 48.949073 ], [ 8.575809, 48.98587 ], [ 8.65773, 49.003799 ], [ 8.721895, 48.991429 ], [ 8.756542, 49.042569 ], [ 8.819723, 49.035455 ], [ 8.844784, 49.059983 ], [ 8.877795, 49.058478 ], [ 8.876032, 49.03517 ] ] ] } },
{ "type": "Feature", "properties": { "loc": "DE12C" }, "geometry": { "type": "Polygon", "coordinates": [ [ [ 8.211548, 48.60098 ], [ 8.319758, 48.589903 ], [ 8.409325, 48.639457 ], [ 8.574103, 48.573939 ], [ 8.56319, 48.550329 ], [ 8.620775, 48.540402 ], [ 8.607537, 48.507031 ], [ 8.671241, 48.508386 ], [ 8.698821, 48.485469 ], [ 8.755711, 48.50414 ], [ 8.818538, 48.464955 ], [ 8.770443, 48.436271 ], [ 8.774055, 48.416278 ], [ 8.737187, 48.377977 ], [ 8.676068, 48.39848 ], [ 8.533022, 48.402851 ], [ 8.486852, 48.379199 ], [ 8.494276, 48.317979 ], [ 8.44505, 48.303644 ], [ 8.363327, 48.338314 ], [ 8.346351, 48.383237 ], [ 8.327012, 48.383408 ], [ 8.303992, 48.349094 ], [ 8.256669, 48.365414 ], [ 8.236374, 48.402105 ], [ 8.255538, 48.418721 ], [ 8.272386, 48.479899 ], [ 8.221284, 48.507685 ], [ 8.214881, 48.55562 ], [ 8.23353, 48.575393 ], [ 8.211548, 48.60098 ] ] ] } },
{ "type": "Feature", "properties": { "loc": "DE131" }, "geometry": { "type": "Polygon", "coordinates": [ [ [ 7.824708, 48.069026 ], [ 7.878303, 48.016394 ], [ 7.927322, 48.007147 ], [ 7.922489, 47.942213 ], [ 7.89876, 47.909552 ], [ 7.86937, 47.908057 ], [ 7.875974, 47.946854 ], [ 7.830935, 47.971359 ], [ 7.667213, 47.965717 ], [ 7.708122, 48.03263 ], [ 7.770047, 48.019926 ], [ 7.800281, 48.061681 ], [ 7.824708, 48.069026 ] ] ] } },
{ "type": "Feature", "properties": { "loc": "DE132" }, "geometry": { "type": "Polygon", "coordinates": [ [ [ 7.545991, 47.743574 ], [ 7.531525, 47.781162 ], [ 7.561468, 47.84162 ], [ 7.557588, 47.875336 ], [ 7.620533, 47.972974 ], [ 7.570646, 48.03626 ], [ 7.577291, 48.115655 ], [ 7.748296, 48.111119 ], [ 7.758813, 48.087496 ], [ 7.824708, 48.069026 ], [ 7.800281, 48.061681 ], [ 7.770047, 48.019926 ], [ 7.708122, 48.03263 ], [ 7.667213, 47.965717 ], [ 7.830935, 47.971359 ], [ 7.875974, 47.946854 ], [ 7.86937, 47.908057 ], [ 7.89876, 47.909552 ], [ 7.922489, 47.942213 ], [ 7.927322, 48.007147 ], [ 7.878303, 48.016394 ], [ 7.850603, 48.052036 ], [ 8.064559, 48.061026 ], [ 8.136648, 48.009147 ], [ 8.195941, 47.987674 ], [ 8.311344, 47.988371 ], [ 8.288039, 47.953959 ], [ 8.403261, 47.905339 ], [ 8.439034, 47.853638 ], [ 8.375761, 47.840078 ], [ 8.26439, 47.85012 ], [ 8.215938, 47.819453 ], [ 8.20351, 47.762699 ], [ 8.101219, 47.807014 ], [ 8.070388, 47.854094 ], [ 8.018115, 47.841394 ], [ 8.011836, 47.865049 ], [ 7.893729, 47.877255 ], [ 7.872551, 47.847916 ], [ 7.776855, 47.794198 ], [ 7.622771, 47.75893 ], [ 7.576081, 47.773584 ], [ 7.545991, 47.743574 ] ] ] } },
{ "type": "Feature", "properties": { "loc": "DE133" }, "geometry": { "type": "Polygon", "coordinates": [ [ [ 8.180335, 48.18392 ], [ 8.143663, 48.164783 ], [ 8.13091, 48.131133 ], [ 8.154095, 48.07673 ], [ 8.117113, 48.062843 ], [ 8.136648, 48.009147 ], [ 8.064559, 48.061026 ], [ 7.850603, 48.052036 ], [ 7.758813, 48.087496 ], [ 7.748296, 48.111119 ], [ 7.577291, 48.115655 ], [ 7.680713, 48.257267 ], [ 7.952785, 48.205032 ], [ 7.988021, 48.207788 ], [ 8.016103, 48.231037 ], [ 8.105956, 48.211385 ], [ 8.156403, 48.225104 ], [ 8.181064, 48.203884 ], [ 8.180335, 48.18392 ] ] ] } },
{ "type": "Feature", "properties": { "loc": "DE134" }, "geometry": { "type": "MultiPolygon", "coordinates": [ [ [ [ 7.959631, 48.718581 ], [ 7.986687, 48.706209 ], [ 7.980109, 48.689025 ], [ 8.238149, 48.627588 ], [ 8.211548, 48.60098 ], [ 8.23353, 48.575393 ], [ 8.214881, 48.55562 ], [ 8.221284, 48.507685 ], [ 8.272386, 48.479899 ], [ 8.255538, 48.418721 ], [ 8.236374, 48.402105 ], [ 8.256669, 48.365414 ], [ 8.303992, 48.349094 ], [ 8.3268, 48.301292 ], [ 8.281792, 48.287081 ], [ 8.310513, 48.204021 ], [ 8.282726, 48.17167 ], [ 8.245012, 48.183036 ], [ 8.219854, 48.159959 ], [ 8.180335, 48.18392 ], [ 8.181064, 48.203884 ], [ 8.156403, 48.225104 ], [ 8.105956, 48.211385 ], [ 8.016103, 48.231037 ], [ 7.988021, 48.207788 ], [ 7.952785, 48.205032 ], [ 7.680713, 48.257267 ], [ 7.699713, 48.305555 ], [ 7.742243, 48.330147 ], [ 7.733033, 48.393684 ], [ 7.768673, 48.487211 ], [ 7.803736, 48.513906 ], [ 7.804238, 48.588665 ], [ 7.843612, 48.642977 ], [ 7.959631, 48.718581 ] ] ], [ [ [ 8.058786, 48.713778 ], [ 8.078098, 48.713291 ], [ 8.053632, 48.702988 ], [ 8.058786, 48.713778 ] ] ] ] } },
{ "type": "Feature", "properties": { "loc": "DE135" }, "geometry": { "type": "Polygon", "coordinates": [ [ [ 8.282726, 48.17167 ], [ 8.310513, 48.204021 ], [ 8.281792, 48.287081 ], [ 8.3268, 48.301292 ], [ 8.303992, 48.349094 ], [ 8.327012, 48.383408 ], [ 8.3566, 48.376023 ], [ 8.363327, 48.338314 ], [ 8.44505, 48.303644 ], [ 8.494276, 48.317979 ], [ 8.486852, 48.379199 ], [ 8.533022, 48.402851 ], [ 8.676068, 48.39848 ], [ 8.737187, 48.377977 ], [ 8.739908, 48.354049 ], [ 8.711012, 48.315099 ], [ 8.65931, 48.29008 ], [ 8.702023, 48.253498 ], [ 8.711023, 48.218222 ], [ 8.737205, 48.198257 ], [ 8.726772, 48.175877 ], [ 8.751237, 48.15954 ], [ 8.611749, 48.093967 ], [ 8.604285, 48.074715 ], [ 8.573941, 48.077787 ], [ 8.518111, 48.162432 ], [ 8.471038, 48.178915 ], [ 8.438241, 48.179534 ], [ 8.438543, 48.158645 ], [ 8.38802, 48.172963 ], [ 8.332468, 48.161075 ], [ 8.282726, 48.17167 ] ] ] } },
{ "type": "Feature", "properties": { "loc": "DE136" }, "geometry": { "type": "Polygon", "coordinates": [ [ [ 8.604285, 48.074715 ], [ 8.64033, 48.035696 ], [ 8.634229, 48.012435 ], [ 8.659451, 47.998233 ], [ 8.657602, 47.974852 ], [ 8.63188, 47.95119 ], [ 8.588442, 47.937525 ], [ 8.595058, 47.90397 ], [ 8.640146, 47.854812 ], [ 8.613832, 47.801079 ], [ 8.567406, 47.804015 ], [ 8.572114, 47.780748 ], [ 8.510115, 47.77619 ], [ 8.52502, 47.788672 ], [ 8.504322, 47.799593 ], [ 8.502753, 47.824975 ], [ 8.439034, 47.853638 ], [ 8.403261, 47.905339 ], [ 8.288039, 47.953959 ], [ 8.311344, 47.988371 ], [ 8.195941, 47.987674 ], [ 8.136648, 48.009147 ], [ 8.117113, 48.062843 ], [ 8.154095, 48.07673 ], [ 8.13091, 48.131133 ], [ 8.143663, 48.164783 ], [ 8.180335, 48.18392 ], [ 8.219854, 48.159959 ], [ 8.245012, 48.183036 ], [ 8.332468, 48.161075 ], [ 8.38802, 48.172963 ], [ 8.438543, 48.158645 ], [ 8.438241, 48.179534 ], [ 8.471038, 48.178915 ], [ 8.518111, 48.162432 ], [ 8.573941, 48.077787 ], [ 8.604285, 48.074715 ] ] ] } },
{ "type": "Feature", "properties": { "loc": "DE137" }, "geometry": { "type": "Polygon", "coordinates": [ [ [ 8.953761, 48.107279 ], [ 8.993215, 48.068704 ], [ 8.936806, 48.05042 ], [ 9.006624, 48.022718 ], [ 9.019244, 47.983434 ], [ 9.012045, 47.936923 ], [ 8.883608, 47.912093 ], [ 8.841565, 47.879428 ], [ 8.821774, 47.886454 ], [ 8.817377, 47.924359 ], [ 8.797344, 47.890885 ], [ 8.721296, 47.8967 ], [ 8.693429, 47.884869 ], [ 8.685015, 47.852354 ], [ 8.659656, 47.848134 ], [ 8.595058, 47.90397 ], [ 8.588442, 47.937525 ], [ 8.657602, 47.974852 ], [ 8.659451, 47.998233 ], [ 8.634229, 48.012435 ], [ 8.64033, 48.035696 ], [ 8.604285, 48.074715 ], [ 8.611749, 48.093967 ], [ 8.736723, 48.143205 ], [ 8.771208, 48.181416 ], [ 8.807619, 48.182842 ], [ 8.886649, 48.108914 ], [ 8.953761, 48.107279 ] ] ] } },
{ "type": "Feature", "properties": { "loc": "DEF07" }, "geometry": { "type": "MultiPolygon", "coordinates": [ [ [ [ 8.844805, 54.266328 ], [ 8.823754, 54.290032 ], [ 8.669278, 54.280768 ], [ 8.601795, 54.325227 ], [ 8.609384, 54.340792 ], [ 8.688507, 54.356405 ], [ 8.68771, 54.371826 ], [ 8.653058, 54.379165 ], [ 8.666571, 54.396425 ], [ 8.877714, 54.406809 ], [ 9.001633, 54.463263 ], [ 9.012657, 54.486047 ], [ 8.981802, 54.523421 ], [ 8.895758, 54.462443 ], [ 8.812102, 54.469065 ], [ 8.811401, 54.499669 ], [ 8.873412, 54.533626 ], [ 8.889191, 54.600541 ], [ 8.82691, 54.652947 ], [ 8.75924, 54.679174 ], [ 8.737242, 54.717248 ], [ 8.694201, 54.727686 ], [ 8.711776, 54.741655 ], [ 8.686322, 54.790515 ], [ 8.60988, 54.843145 ], [ 8.61052, 54.886211 ], [ 8.635926, 54.911683 ], [ 8.731498, 54.893746 ], [ 8.944252, 54.901587 ], [ 9.049887, 54.873236 ], [ 9.113097, 54.873601 ], [ 9.105371, 54.833212 ], [ 9.084045, 54.819599 ], [ 9.114007, 54.790515 ], [ 9.107286, 54.767639 ], [ 9.079789, 54.753623 ], [ 9.076156, 54.701948 ], [ 9.165799, 54.698656 ], [ 9.182598, 54.665342 ], [ 9.218105, 54.648782 ], [ 9.215757, 54.631614 ], [ 9.25738, 54.601468 ], [ 9.253951, 54.578953 ], [ 9.308706, 54.556303 ], [ 9.283016, 54.50903 ], [ 9.324353, 54.454331 ], [ 9.279378, 54.415928 ], [ 9.259873, 54.373144 ], [ 9.208534, 54.379931 ], [ 9.163343, 54.319862 ], [ 9.096407, 54.366601 ], [ 9.010525, 54.377657 ], [ 8.987309, 54.363577 ], [ 8.988566, 54.330579 ], [ 8.907034, 54.286666 ], [ 8.895966, 54.264959 ], [ 8.844805, 54.266328 ] ] ], [ [ [ 8.823755, 54.607764 ], [ 8.819431, 54.591188 ], [ 8.806844, 54.599288 ], [ 8.823755, 54.607764 ] ] ], [ [ [ 8.808862, 54.556085 ], [ 8.824634, 54.541752 ], [ 8.801818, 54.551994 ], [ 8.808862, 54.556085 ] ] ], [ [ [ 8.733691, 54.643375 ], [ 8.71886, 54.626848 ], [ 8.709154, 54.632223 ], [ 8.733691, 54.643375 ] ] ], [ [ [ 8.735394, 54.460394 ], [ 8.723411, 54.456546 ], [ 8.715907, 54.465804 ], [ 8.728326, 54.473816 ], [ 8.735394, 54.460394 ] ] ], [ [ [ 8.716846, 54.68131 ], [ 8.712369, 54.671124 ], [ 8.692046, 54.675895 ], [ 8.69749, 54.682518 ], [ 8.716846, 54.68131 ] ] ], [ [ [ 8.640212, 54.489738 ], [ 8.611802, 54.494504 ], [ 8.587392, 54.522983 ], [ 8.710287, 54.553179 ], [ 8.69636, 54.516103 ], [ 8.640212, 54.489738 ] ] ], [ [ [ 8.66352, 54.655231 ], [ 8.546202, 54.618673 ], [ 8.528975, 54.626674 ], [ 8.66352, 54.655231 ] ] ], [ [ [ 8.567675, 54.751374 ], [ 8.596243, 54.718734 ], [ 8.567212, 54.680771 ], [ 8.486177, 54.68036 ], [ 8.396476, 54.704845 ], [ 8.404397, 54.730126 ], [ 8.436938, 54.748218 ], [ 8.567675, 54.751374 ] ] ], [ [ [ 8.577325, 54.559984 ], [ 8.548266, 54.556369 ], [ 8.510664, 54.577941 ], [ 8.555904, 54.578006 ], [ 8.577325, 54.559984 ] ] ], [ [ [ 8.559753, 54.461152 ], [ 8.54708, 54.457814 ], [ 8.539074, 54.46652 ], [ 8.543944, 54.47188 ], [ 8.559753, 54.461152 ] ] ], [ [ [ 8.365769, 54.911488 ], [ 8.460828, 54.867746 ], [ 8.410963, 54.849833 ], [ 8.344894, 54.875962 ], [ 8.310055, 54.855555 ], [ 8.291733, 54.745649 ], [ 8.281852, 54.789468 ], [ 8.298877, 54.906939 ], [ 8.387188, 55.040775 ], [ 8.418485, 55.053384 ], [ 8.409047, 55.040351 ], [ 8.4335, 55.017516 ], [ 8.36002, 54.973102 ], [ 8.365769, 54.911488 ] ] ], [ [ [ 8.455997, 55.05 ], [ 8.449316, 55.040047 ], [ 8.434327, 55.049165 ], [ 8.455997, 55.05 ] ] ], [ [ [ 8.394175, 54.613047 ], [ 8.365415, 54.609058 ], [ 8.293638, 54.665794 ], [ 8.339843, 54.701217 ], [ 8.394175, 54.613047 ] ] ] ] } },
{ "type": "Feature", "properties": { "loc": "DEF08" }, "geometry": { "type": "MultiPolygon", "coordinates": [ [ [ [ 11.227986, 54.50207 ], [ 11.31145, 54.404413 ], [ 11.184264, 54.419497 ], [ 11.172582, 54.40287 ], [ 11.122719, 54.403139 ], [ 11.097264, 54.412486 ], [ 11.089003, 54.446296 ], [ 11.005278, 54.452646 ], [ 11.03106, 54.510756 ], [ 11.069203, 54.533989 ], [ 11.227986, 54.50207 ] ] ], [ [ [ 10.840886, 53.991894 ], [ 10.805371, 53.931963 ], [ 10.703139, 53.911885 ], [ 10.642869, 53.882525 ], [ 10.533858, 53.91881 ], [ 10.54766, 53.936701 ], [ 10.523085, 53.979982 ], [ 10.466338, 53.995815 ], [ 10.500443, 54.023405 ], [ 10.547486, 54.025519 ], [ 10.560884, 54.065701 ], [ 10.462047, 54.060239 ], [ 10.417471, 54.083245 ], [ 10.42854, 54.119953 ], [ 10.474778, 54.107703 ], [ 10.534044, 54.124326 ], [ 10.485469, 54.175444 ], [ 10.527369, 54.189835 ], [ 10.546386, 54.228808 ], [ 10.607416, 54.231577 ], [ 10.677742, 54.193709 ], [ 10.705914, 54.207027 ], [ 10.700966, 54.229594 ], [ 10.723933, 54.268313 ], [ 10.709336, 54.282955 ], [ 10.713751, 54.305072 ], [ 10.797332, 54.315933 ], [ 10.934799, 54.38188 ], [ 10.991336, 54.370947 ], [ 11.066201, 54.375245 ], [ 11.102248, 54.394789 ], [ 11.128021, 54.384938 ], [ 11.061377, 54.352238 ], [ 11.090811, 54.200743 ], [ 10.877077, 54.089114 ], [ 10.805318, 54.096692 ], [ 10.756463, 54.053241 ], [ 10.782459, 54.001574 ], [ 10.840886, 53.991894 ] ] ] ] } },
{ "type": "Feature", "properties": { "loc": "DEF09" }, "geometry": { "type": "MultiPolygon", "coordinates": [ [ [ [ 9.48589, 53.707664 ], [ 9.57704, 53.720834 ], [ 9.568789, 53.751938 ], [ 9.643719, 53.776623 ], [ 9.674339, 53.843955 ], [ 9.653333, 53.883497 ], [ 9.751445, 53.893038 ], [ 9.824028, 53.84464 ], [ 9.825856, 53.826441 ], [ 9.877453, 53.81111 ], [ 9.870881, 53.782453 ], [ 9.896125, 53.772386 ], [ 9.901797, 53.752347 ], [ 9.980493, 53.762235 ], [ 9.937868, 53.679257 ], [ 9.945376, 53.652928 ], [ 9.910446, 53.652231 ], [ 9.828369, 53.586897 ], [ 9.763949, 53.62476 ], [ 9.730104, 53.557581 ], [ 9.553273, 53.615232 ], [ 9.48589, 53.707664 ] ] ], [ [ [ 7.916218, 54.191707 ], [ 7.90361, 54.180092 ], [ 7.894939, 54.188588 ], [ 7.916218, 54.191707 ] ] ], [ [ [ 7.883993, 54.190856 ], [ 7.886571, 54.174467 ], [ 7.871746, 54.186825 ], [ 7.883993, 54.190856 ] ] ] ] } },
{ "type": "Feature", "properties": { "loc": "DEF0A" }, "geometry": { "type": "Polygon", "coordinates": [ [ [ 10.102502, 54.239088 ], [ 10.198224, 54.266813 ], [ 10.20644, 54.284087 ], [ 10.191422, 54.310015 ], [ 10.215663, 54.325049 ], [ 10.174162, 54.345745 ], [ 10.227244, 54.411682 ], [ 10.330753, 54.435048 ], [ 10.63512, 54.348735 ], [ 10.713751, 54.305072 ], [ 10.709336, 54.282955 ], [ 10.723933, 54.268313 ], [ 10.700966, 54.229594 ], [ 10.711626, 54.214866 ], [ 10.677742, 54.193709 ], [ 10.607416, 54.231577 ], [ 10.546386, 54.228808 ], [ 10.527369, 54.189835 ], [ 10.485469, 54.175444 ], [ 10.534044, 54.124326 ], [ 10.474778, 54.107703 ], [ 10.42854, 54.119953 ], [ 10.412298, 54.072334 ], [ 10.380902, 54.072972 ], [ 10.342259, 54.106178 ], [ 10.162831, 54.056847 ], [ 10.028787, 54.05973 ], [ 10.021492, 54.116357 ], [ 10.034852, 54.128785 ], [ 10.1142, 54.132753 ], [ 10.122206, 54.145311 ], [ 10.125403, 54.23031 ], [ 10.102502, 54.239088 ] ] ] } },
{ "type": "Feature", "properties": { "loc": "DEF0B" }, "geometry": { "type": "Polygon", "coordinates": [ [ [ 9.945232, 54.636725 ], [ 10.03117, 54.636575 ], [ 10.025821, 54.556286 ], [ 9.957328, 54.500419 ], [ 9.844461, 54.473222 ], [ 9.84759, 54.460432 ], [ 9.875502, 54.449656 ], [ 10.125737, 54.484208 ], [ 10.193283, 54.455904 ], [ 10.135198, 54.410252 ], [ 10.121487, 54.373407 ], [ 10.035767, 54.354115 ], [ 10.099247, 54.345178 ], [ 10.086891, 54.32754 ], [ 10.052727, 54.330175 ], [ 10.04433, 54.31031 ], [ 10.06384, 54.287551 ], [ 10.090823, 54.286306 ], [ 10.089224, 54.266498 ], [ 10.123428, 54.255513 ], [ 10.102502, 54.239088 ], [ 10.125403, 54.23031 ], [ 10.12852, 54.211373 ], [ 10.1142, 54.132753 ], [ 10.034852, 54.128785 ], [ 9.985102, 54.145777 ], [ 9.93359, 54.102814 ], [ 9.932162, 54.060214 ], [ 9.951277, 54.045764 ], [ 9.944359, 54.021762 ], [ 9.894427, 54.009867 ], [ 9.817874, 54.025519 ], [ 9.805269, 54.049257 ], [ 9.717192, 54.044364 ], [ 9.678259, 54.059284 ], [ 9.609995, 54.049185 ], [ 9.565977, 54.091891 ], [ 9.311085, 54.063437 ], [ 9.311194, 54.127352 ], [ 9.439358, 54.175286 ], [ 9.440021, 54.244196 ], [ 9.393511, 54.288965 ], [ 9.39569, 54.327077 ], [ 9.414045, 54.343852 ], [ 9.478469, 54.338472 ], [ 9.555883, 54.359935 ], [ 9.555398, 54.426621 ], [ 9.634694, 54.452108 ], [ 9.633848, 54.472805 ], [ 9.673871, 54.496409 ], [ 9.705933, 54.492666 ], [ 9.704131, 54.515491 ], [ 9.756936, 54.550355 ], [ 9.945232, 54.636725 ] ] ] } },
{ "type": "Feature", "properties": { "loc": "DEF0C" }, "geometry": { "type": "Polygon", "coordinates": [ [ [ 9.393511, 54.288965 ], [ 9.298948, 54.275657 ], [ 9.259054, 54.340438 ], [ 9.233748, 54.342933 ], [ 9.203578, 54.322252 ], [ 9.175955, 54.334932 ], [ 9.208534, 54.379931 ], [ 9.259873, 54.373144 ], [ 9.279378, 54.415928 ], [ 9.324353, 54.454331 ], [ 9.283016, 54.50903 ], [ 9.308706, 54.556303 ], [ 9.253951, 54.578953 ], [ 9.25738, 54.601468 ], [ 9.215757, 54.631614 ], [ 9.218105, 54.648782 ], [ 9.182598, 54.665342 ], [ 9.165799, 54.698656 ], [ 9.076156, 54.701948 ], [ 9.079789, 54.753623 ], [ 9.107286, 54.767639 ], [ 9.114007, 54.790515 ], [ 9.084045, 54.819599 ], [ 9.105371, 54.833212 ], [ 9.113097, 54.873601 ], [ 9.236713, 54.850099 ], [ 9.254556, 54.810862 ], [ 9.340035, 54.80249 ], [ 9.407875, 54.840709 ], [ 9.422934, 54.823223 ], [ 9.366319, 54.773723 ], [ 9.384411, 54.756917 ], [ 9.458219, 54.756042 ], [ 9.500622, 54.772182 ], [ 9.49195, 54.822635 ], [ 9.592641, 54.869967 ], [ 9.607736, 54.832516 ], [ 9.793285, 54.791087 ], [ 9.843688, 54.758769 ], [ 9.890897, 54.764072 ], [ 9.915746, 54.793752 ], [ 9.959494, 54.774185 ], [ 10.023141, 54.693989 ], [ 9.982404, 54.69457 ], [ 9.970503, 54.678988 ], [ 10.026491, 54.656818 ], [ 10.03117, 54.636575 ], [ 9.945232, 54.636725 ], [ 9.769542, 54.571284 ], [ 9.711705, 54.525761 ], [ 9.615099, 54.524745 ], [ 9.577849, 54.509906 ], [ 9.673871, 54.496409 ], [ 9.633848, 54.472805 ], [ 9.634694, 54.452108 ], [ 9.555398, 54.426621 ], [ 9.555883, 54.359935 ], [ 9.478469, 54.338472 ], [ 9.414045, 54.343852 ], [ 9.39569, 54.327077 ], [ 9.393511, 54.288965 ] ] ] } },
{ "type": "Feature", "properties": { "loc": "DEF0D" }, "geometry": { "type": "Polygon", "coordinates": [ [ [ 9.86433, 54.01203 ], [ 10.000576, 54.026216 ], [ 10.055895, 54.057129 ], [ 10.162831, 54.056847 ], [ 10.342259, 54.106178 ], [ 10.380902, 54.072972 ], [ 10.417471, 54.083245 ], [ 10.462047, 54.060239 ], [ 10.560884, 54.065701 ], [ 10.547486, 54.025519 ], [ 10.500443, 54.023405 ], [ 10.466338, 53.995815 ], [ 10.523085, 53.979982 ], [ 10.54766, 53.936701 ], [ 10.533858, 53.91881 ], [ 10.433817, 53.899261 ], [ 10.437516, 53.882677 ], [ 10.396365, 53.863751 ], [ 10.3546, 53.855135 ], [ 10.325778, 53.869902 ], [ 10.243048, 53.828388 ], [ 10.255035, 53.783971 ], [ 10.192727, 53.800244 ], [ 10.147009, 53.783615 ], [ 10.120971, 53.746364 ], [ 10.105686, 53.767973 ], [ 10.044455, 53.763336 ], [ 10.024966, 53.747578 ], [ 10.027305, 53.729767 ], [ 10.07143, 53.697023 ], [ 10.06035, 53.678834 ], [ 9.998061, 53.678668 ], [ 9.985414, 53.649837 ], [ 9.945376, 53.652928 ], [ 9.937868, 53.679257 ], [ 9.980493, 53.762235 ], [ 9.901797, 53.752347 ], [ 9.896125, 53.772386 ], [ 9.870881, 53.782453 ], [ 9.877453, 53.81111 ], [ 9.825856, 53.826441 ], [ 9.824028, 53.84464 ], [ 9.751445, 53.893038 ], [ 9.760405, 53.926129 ], [ 9.810944, 53.942365 ], [ 9.78034, 53.979674 ], [ 9.827719, 53.962684 ], [ 9.838608, 53.997038 ], [ 9.86433, 54.01203 ] ] ] } },
{ "type": "Feature", "properties": { "loc": "DEF0E" }, "geometry": { "type": "Polygon", "coordinates": [ [ [ 9.319274, 53.849556 ], [ 9.199751, 53.880104 ], [ 9.203549, 53.905252 ], [ 9.211787, 53.933556 ], [ 9.289983, 53.985326 ], [ 9.302492, 54.015534 ], [ 9.288419, 54.039208 ], [ 9.311085, 54.063437 ], [ 9.565977, 54.091891 ], [ 9.609995, 54.049185 ], [ 9.678259, 54.059284 ], [ 9.717192, 54.044364 ], [ 9.805269, 54.049257 ], [ 9.817874, 54.025519 ], [ 9.86433, 54.01203 ], [ 9.838608, 53.997038 ], [ 9.827719, 53.962684 ], [ 9.78034, 53.979674 ], [ 9.810944, 53.942365 ], [ 9.760405, 53.926129 ], [ 9.751445, 53.893038 ], [ 9.653333, 53.883497 ], [ 9.674339, 53.843955 ], [ 9.643719, 53.776623 ], [ 9.568789, 53.751938 ], [ 9.57704, 53.720834 ], [ 9.48589, 53.707664 ], [ 9.424369, 53.739977 ], [ 9.319274, 53.849556 ] ] ] } },
{ "type": "Feature", "properties": { "loc": "DEF0F" }, "geometry": { "type": "Polygon", "coordinates": [ [ [ 10.579576, 53.897626 ], [ 10.571493, 53.882675 ], [ 10.607061, 53.847741 ], [ 10.563871, 53.829212 ], [ 10.58228, 53.804649 ], [ 10.524888, 53.763126 ], [ 10.471891, 53.763483 ], [ 10.411517, 53.73499 ], [ 10.44217, 53.71371 ], [ 10.414762, 53.696537 ], [ 10.412128, 53.667286 ], [ 10.449808, 53.637821 ], [ 10.503315, 53.625236 ], [ 10.505636, 53.610368 ], [ 10.421324, 53.600158 ], [ 10.310264, 53.551682 ], [ 10.294941, 53.525786 ], [ 10.236679, 53.496354 ], [ 10.210472, 53.517599 ], [ 10.169013, 53.519695 ], [ 10.15421, 53.542929 ], [ 10.153021, 53.575914 ], [ 10.191806, 53.586339 ], [ 10.193103, 53.613438 ], [ 10.218521, 53.631469 ], [ 10.149776, 53.675903 ], [ 10.189704, 53.729582 ], [ 10.082318, 53.718243 ], [ 10.07143, 53.697023 ], [ 10.027305, 53.729767 ], [ 10.024966, 53.747578 ], [ 10.044455, 53.763336 ], [ 10.105686, 53.767973 ], [ 10.120971, 53.746364 ], [ 10.147009, 53.783615 ], [ 10.192727, 53.800244 ], [ 10.255035, 53.783971 ], [ 10.243048, 53.828388 ], [ 10.325778, 53.869902 ], [ 10.3546, 53.855135 ], [ 10.396365, 53.863751 ], [ 10.437516, 53.882677 ], [ 10.433817, 53.899261 ], [ 10.533858, 53.91881 ], [ 10.579576, 53.897626 ] ] ] } },
{ "type": "Feature", "properties": { "loc": "DEG01" }, "geometry": { "type": "Polygon", "coordinates": [ [ [ 11.170665, 51.018729 ], [ 11.171501, 50.987788 ], [ 11.13569, 50.966443 ], [ 11.150872, 50.92784 ], [ 10.936165, 50.894874 ], [ 10.959541, 50.93051 ], [ 10.867309, 50.966757 ], [ 10.887463, 50.991974 ], [ 10.859136, 51.019361 ], [ 10.923456, 51.016985 ], [ 10.982291, 51.044314 ], [ 10.98177, 51.065767 ], [ 11.0135, 51.060299 ], [ 11.055084, 51.079637 ], [ 11.08838, 51.064082 ], [ 11.129062, 51.012284 ], [ 11.170665, 51.018729 ] ] ] } },
{ "type": "Feature", "properties": { "loc": "DEG02" }, "geometry": { "type": "Polygon", "coordinates": [ [ [ 12.021173, 50.947952 ], [ 12.021019, 50.969122 ], [ 12.092485, 50.975209 ], [ 12.16353, 50.9586 ], [ 12.166828, 50.936959 ], [ 12.136649, 50.929725 ], [ 12.133966, 50.914509 ], [ 12.153665, 50.876305 ], [ 12.129523, 50.8499 ], [ 12.150529, 50.807087 ], [ 12.03363, 50.823841 ], [ 12.007308, 50.843343 ], [ 12.004747, 50.87737 ], [ 12.041378, 50.933104 ], [ 12.021173, 50.947952 ] ] ] } },
{ "type": "Feature", "properties": { "loc": "DEB25" }, "geometry": { "type": "Polygon", "coordinates": [ [ [ 7.044312, 49.689302 ], [ 7.048852, 49.657149 ], [ 7.009924, 49.63002 ], [ 6.941082, 49.633106 ], [ 6.833912, 49.585594 ], [ 6.808334, 49.589779 ], [ 6.691636, 49.539063 ], [ 6.629861, 49.539648 ], [ 6.598417, 49.518947 ], [ 6.564768, 49.538346 ], [ 6.496038, 49.53189 ], [ 6.380053, 49.551105 ], [ 6.361903, 49.573166 ], [ 6.423163, 49.622981 ], [ 6.430698, 49.666269 ], [ 6.503592, 49.713543 ], [ 6.510244, 49.790664 ], [ 6.526324, 49.805545 ], [ 6.474963, 49.821275 ], [ 6.529018, 49.840775 ], [ 6.532772, 49.856628 ], [ 6.576305, 49.868953 ], [ 6.597495, 49.893584 ], [ 6.635986, 49.877876 ], [ 6.690078, 49.91319 ], [ 6.725626, 49.883088 ], [ 6.759489, 49.889698 ], [ 6.799032, 49.854697 ], [ 6.873406, 49.869956 ], [ 6.900575, 49.833576 ], [ 6.946116, 49.816461 ], [ 6.879618, 49.779331 ], [ 6.969325, 49.718781 ], [ 6.983079, 49.677482 ], [ 7.044312, 49.689302 ] ], [ [ 6.553821, 49.728887 ], [ 6.562642, 49.701455 ], [ 6.617506, 49.722574 ], [ 6.612991, 49.700051 ], [ 6.71273, 49.717332 ], [ 6.714596, 49.733841 ], [ 6.739051, 49.736036 ], [ 6.68597, 49.76335 ], [ 6.737153, 49.776627 ], [ 6.702021, 49.803886 ], [ 6.736607, 49.816576 ], [ 6.713256, 49.822024 ], [ 6.690868, 49.857694 ], [ 6.672666, 49.851642 ], [ 6.631868, 49.785675 ], [ 6.594818, 49.772057 ], [ 6.6175, 49.763617 ], [ 6.576962, 49.756509 ], [ 6.553821, 49.728887 ] ] ] } },
{ "type": "Feature", "properties": { "loc": "DEB31" }, "geometry": { "type": "Polygon", "coordinates": [ [ [ 8.309558, 49.485161 ], [ 8.317014, 49.548884 ], [ 8.422701, 49.574192 ], [ 8.423068, 49.541821 ], [ 8.389648, 49.545715 ], [ 8.36476, 49.499056 ], [ 8.309558, 49.485161 ] ] ] } },
{ "type": "Feature", "properties": { "loc": "DEB32" }, "geometry": { "type": "Polygon", "coordinates": [ [ [ 7.848754, 49.362204 ], [ 7.767232, 49.392575 ], [ 7.698232, 49.390208 ], [ 7.632366, 49.435632 ], [ 7.691178, 49.448287 ], [ 7.6807, 49.47416 ], [ 7.693202, 49.49037 ], [ 7.742513, 49.477259 ], [ 7.790024, 49.485584 ], [ 7.85589, 49.44926 ], [ 7.864905, 49.411237 ], [ 7.821356, 49.389563 ], [ 7.848754, 49.362204 ] ] ] } },
{ "type": "Feature", "properties": { "loc": "DEB33" }, "geometry": { "type": "MultiPolygon", "coordinates": [ [ [ [ 8.042628, 49.195517 ], [ 8.063441, 49.224199 ], [ 8.153844, 49.224801 ], [ 8.174284, 49.166647 ], [ 8.063674, 49.157778 ], [ 8.066578, 49.185106 ], [ 8.042628, 49.195517 ] ] ], [ [ [ 7.976817, 49.177999 ], [ 7.995327, 49.182252 ], [ 7.994712, 49.16587 ], [ 7.976817, 49.177999 ] ] ], [ [ [ 7.87207, 49.28311 ], [ 7.86765, 49.313322 ], [ 7.936719, 49.308977 ], [ 7.962011, 49.293246 ], [ 7.966639, 49.261709 ], [ 7.941379, 49.266786 ], [ 7.933583, 49.287658 ], [ 7.87207, 49.28311 ] ] ] ] } },
{ "type": "Feature", "properties": { "loc": "DEB34" }, "geometry": { "type": "Polygon", "coordinates": [ [ [ 8.472506, 49.443513 ], [ 8.397944, 49.428726 ], [ 8.356838, 49.467903 ], [ 8.312192, 49.46259 ], [ 8.302108, 49.477482 ], [ 8.36476, 49.499056 ], [ 8.389648, 49.545715 ], [ 8.423068, 49.541821 ], [ 8.463419, 49.471074 ], [ 8.442856, 49.450482 ], [ 8.472506, 49.443513 ] ] ] } },
{ "type": "Feature", "properties": { "loc": "DE942" }, "geometry": { "type": "Polygon", "coordinates": [ [ [ 7.297735, 53.323041 ], [ 7.032943, 53.33734 ], [ 6.999447, 53.359887 ], [ 7.014063, 53.374829 ], [ 7.05529, 53.354065 ], [ 7.134791, 53.395107 ], [ 7.178551, 53.388224 ], [ 7.266408, 53.407247 ], [ 7.307274, 53.36807 ], [ 7.30732, 53.350159 ], [ 7.297735, 53.323041 ] ] ] } },
{ "type": "Feature", "properties": { "loc": "DE943" }, "geometry": { "type": "Polygon", "coordinates": [ [ [ 8.312264, 53.153047 ], [ 8.275001, 53.097855 ], [ 8.234807, 53.085095 ], [ 8.200151, 53.092125 ], [ 8.197213, 53.112223 ], [ 8.128091, 53.107838 ], [ 8.164733, 53.177221 ], [ 8.201621, 53.201868 ], [ 8.303906, 53.189084 ], [ 8.295523, 53.174184 ], [ 8.312264, 53.153047 ] ] ] } },
{ "type": "Feature", "properties": { "loc": "DE944" }, "geometry": { "type": "Polygon", "coordinates": [ [ [ 7.964626, 52.324858 ], [ 8.007237, 52.336324 ], [ 8.172305, 52.283468 ], [ 8.126552, 52.259853 ], [ 8.12892, 52.233887 ], [ 8.030732, 52.226807 ], [ 7.963412, 52.249478 ], [ 7.965088, 52.267669 ], [ 7.934769, 52.294079 ], [ 7.975429, 52.307156 ], [ 7.964626, 52.324858 ] ] ] } },
{ "type": "Feature", "properties": { "loc": "DEB35" }, "geometry": { "type": "Polygon", "coordinates": [ [ [ 8.343031, 49.940506 ], [ 8.287996, 49.94271 ], [ 8.249798, 49.898801 ], [ 8.231472, 49.900156 ], [ 8.24113, 49.944816 ], [ 8.146235, 49.971871 ], [ 8.158565, 50.00106 ], [ 8.19843, 50.021467 ], [ 8.190039, 50.035296 ], [ 8.230181, 50.031247 ], [ 8.323865, 49.971166 ], [ 8.343031, 49.940506 ] ] ] } },
{ "type": "Feature", "properties": { "loc": "DEB36" }, "geometry": { "type": "Polygon", "coordinates": [ [ [ 8.317406, 49.308121 ], [ 8.205906, 49.296594 ], [ 8.19054, 49.311349 ], [ 8.018926, 49.321337 ], [ 7.999565, 49.343794 ], [ 8.094653, 49.362882 ], [ 8.102278, 49.388475 ], [ 8.142597, 49.396226 ], [ 8.216413, 49.377945 ], [ 8.235923, 49.331684 ], [ 8.317406, 49.308121 ] ] ] } },
{ "type": "Feature", "properties": { "loc": "DEB37" }, "geometry": { "type": "Polygon", "coordinates": [ [ [ 7.514566, 49.200446 ], [ 7.570673, 49.234903 ], [ 7.616309, 49.21874 ], [ 7.668577, 49.22399 ], [ 7.635564, 49.163035 ], [ 7.589118, 49.146317 ], [ 7.58991, 49.170787 ], [ 7.560967, 49.166697 ], [ 7.514566, 49.200446 ] ] ] } },
{ "type": "Feature", "properties": { "loc": "DEB38" }, "geometry": { "type": "Polygon", "coordinates": [ [ [ 8.487268, 49.290026 ], [ 8.466986, 49.282975 ], [ 8.407394, 49.304733 ], [ 8.402934, 49.328611 ], [ 8.379927, 49.343157 ], [ 8.419046, 49.37381 ], [ 8.437859, 49.355293 ], [ 8.4638, 49.361141 ], [ 8.470916, 49.340713 ], [ 8.453684, 49.321829 ], [ 8.487268, 49.290026 ] ] ] } },
{ "type": "Feature", "properties": { "loc": "DEB39" }, "geometry": { "type": "Polygon", "coordinates": [ [ [ 8.446378, 49.730799 ], [ 8.358596, 49.687532 ], [ 8.381825, 49.629333 ], [ 8.414774, 49.595052 ], [ 8.356069, 49.604905 ], [ 8.256196, 49.59126 ], [ 8.239607, 49.632522 ], [ 8.275208, 49.657827 ], [ 8.260148, 49.687419 ], [ 8.335602, 49.683947 ], [ 8.356019, 49.729253 ], [ 8.446378, 49.730799 ] ] ] } },
{ "type": "Feature", "properties": { "loc": "DEB3A" }, "geometry": { "type": "Polygon", "coordinates": [ [ [ 7.320341, 49.189499 ], [ 7.292229, 49.237296 ], [ 7.345713, 49.28031 ], [ 7.374726, 49.284185 ], [ 7.394494, 49.316352 ], [ 7.441216, 49.272797 ], [ 7.407889, 49.246216 ], [ 7.414807, 49.224621 ], [ 7.320341, 49.189499 ] ] ] } },
{ "type": "Feature", "properties": { "loc": "DEB3B" }, "geometry": { "type": "Polygon", "coordinates": [ [ [ 8.256196, 49.59126 ], [ 8.232004, 49.590814 ], [ 8.196248, 49.624517 ], [ 8.152377, 49.626875 ], [ 8.153515, 49.655415 ], [ 8.101562, 49.698093 ], [ 7.968532, 49.700631 ], [ 7.966909, 49.723083 ], [ 7.942861, 49.734317 ], [ 7.94653, 49.753333 ], [ 7.905437, 49.752263 ], [ 7.931073, 49.769299 ], [ 7.928519, 49.809566 ], [ 8.058252, 49.868891 ], [ 8.053748, 49.884129 ], [ 8.182283, 49.895492 ], [ 8.209356, 49.853488 ], [ 8.195652, 49.826483 ], [ 8.231806, 49.820563 ], [ 8.234907, 49.771565 ], [ 8.28098, 49.752057 ], [ 8.315925, 49.782531 ], [ 8.400055, 49.803675 ], [ 8.425079, 49.769442 ], [ 8.474361, 49.763877 ], [ 8.446378, 49.730799 ], [ 8.356019, 49.729253 ], [ 8.335602, 49.683947 ], [ 8.260148, 49.687419 ], [ 8.275208, 49.657827 ], [ 8.239607, 49.632522 ], [ 8.256196, 49.59126 ] ] ] } },
{ "type": "Feature", "properties": { "loc": "DEB3C" }, "geometry": { "type": "Polygon", "coordinates": [ [ [ 7.831964, 49.32375 ], [ 7.834063, 49.355085 ], [ 7.863066, 49.373815 ], [ 7.958329, 49.397541 ], [ 7.955086, 49.416878 ], [ 7.987796, 49.44107 ], [ 7.95489, 49.45778 ], [ 7.953128, 49.482284 ], [ 8.095591, 49.55171 ], [ 8.089914, 49.567088 ], [ 8.152377, 49.626875 ], [ 8.196248, 49.624517 ], [ 8.232004, 49.590814 ], [ 8.281007, 49.586764 ], [ 8.280998, 49.548742 ], [ 8.259866, 49.535113 ], [ 8.271977, 49.503477 ], [ 8.251326, 49.485057 ], [ 8.281055, 49.449234 ], [ 8.234779, 49.428647 ], [ 8.293736, 49.371912 ], [ 8.314432, 49.311451 ], [ 8.235923, 49.331684 ], [ 8.216413, 49.377945 ], [ 8.142597, 49.396226 ], [ 8.102278, 49.388475 ], [ 8.094653, 49.362882 ], [ 7.999565, 49.343794 ], [ 7.936719, 49.308977 ], [ 7.86765, 49.313322 ], [ 7.851685, 49.332148 ], [ 7.831964, 49.32375 ] ] ] } },
{ "type": "Feature", "properties": { "loc": "DEB3D" }, "geometry": { "type": "Polygon", "coordinates": [ [ [ 7.703331, 49.652515 ], [ 7.732091, 49.696093 ], [ 7.725596, 49.718871 ], [ 7.764163, 49.759617 ], [ 7.85706, 49.764097 ], [ 7.921223, 49.745547 ], [ 7.94653, 49.753333 ], [ 7.942861, 49.734317 ], [ 7.966909, 49.723083 ], [ 7.968532, 49.700631 ], [ 8.101562, 49.698093 ], [ 8.153515, 49.655415 ], [ 8.152377, 49.626875 ], [ 8.089914, 49.567088 ], [ 8.095591, 49.55171 ], [ 7.964108, 49.489638 ], [ 7.949408, 49.527224 ], [ 7.915067, 49.534086 ], [ 7.837285, 49.51548 ], [ 7.829789, 49.531384 ], [ 7.771675, 49.535633 ], [ 7.777767, 49.562146 ], [ 7.735218, 49.587006 ], [ 7.696267, 49.588663 ], [ 7.696935, 49.619992 ], [ 7.726039, 49.644418 ], [ 7.703331, 49.652515 ] ] ] } },
{ "type": "Feature", "properties": { "loc": "DEB3E" }, "geometry": { "type": "Polygon", "coordinates": [ [ [ 8.413073, 49.249816 ], [ 8.387985, 49.229084 ], [ 8.401865, 49.215826 ], [ 8.371241, 49.169656 ], [ 8.359249, 49.102984 ], [ 8.277349, 48.989939 ], [ 8.232633, 48.966571 ], [ 8.068408, 48.999316 ], [ 8.06033, 49.069207 ], [ 8.098481, 49.085898 ], [ 8.123845, 49.127941 ], [ 8.207234, 49.113523 ], [ 8.25802, 49.130068 ], [ 8.254221, 49.166391 ], [ 8.217777, 49.181761 ], [ 8.235535, 49.256931 ], [ 8.255341, 49.276165 ], [ 8.320326, 49.296705 ], [ 8.413073, 49.249816 ] ] ] } },
{ "type": "Feature", "properties": { "loc": "DEB3F" }, "geometry": { "type": "Polygon", "coordinates": [ [ [ 7.964108, 49.489638 ], [ 7.95489, 49.45778 ], [ 7.987796, 49.44107 ], [ 7.955086, 49.416878 ], [ 7.958329, 49.397541 ], [ 7.848754, 49.362204 ], [ 7.821356, 49.389563 ], [ 7.864905, 49.411237 ], [ 7.85589, 49.44926 ], [ 7.790024, 49.485584 ], [ 7.742513, 49.477259 ], [ 7.693202, 49.49037 ], [ 7.6807, 49.47416 ], [ 7.691178, 49.448287 ], [ 7.632366, 49.435632 ], [ 7.698232, 49.390208 ], [ 7.767232, 49.392575 ], [ 7.840511, 49.358905 ], [ 7.831964, 49.32375 ], [ 7.800322, 49.309744 ], [ 7.776289, 49.311898 ], [ 7.757225, 49.343004 ], [ 7.628131, 49.346128 ], [ 7.599081, 49.375247 ], [ 7.525345, 49.339317 ], [ 7.395899, 49.372046 ], [ 7.413622, 49.414454 ], [ 7.457137, 49.436408 ], [ 7.450822, 49.456019 ], [ 7.482513, 49.495333 ], [ 7.530765, 49.523947 ], [ 7.605749, 49.524814 ], [ 7.657474, 49.559114 ], [ 7.649361, 49.584604 ], [ 7.735218, 49.587006 ], [ 7.777767, 49.562146 ], [ 7.771675, 49.535633 ], [ 7.829789, 49.531384 ], [ 7.837285, 49.51548 ], [ 7.915067, 49.534086 ], [ 7.949408, 49.527224 ], [ 7.964108, 49.489638 ] ] ] } },
{ "type": "Feature", "properties": { "loc": "DEB3G" }, "geometry": { "type": "Polygon", "coordinates": [ [ [ 7.696267, 49.588663 ], [ 7.649361, 49.584604 ], [ 7.657474, 49.559114 ], [ 7.605749, 49.524814 ], [ 7.530765, 49.523947 ], [ 7.482513, 49.495333 ], [ 7.450822, 49.456019 ], [ 7.457137, 49.436408 ], [ 7.413622, 49.414454 ], [ 7.395899, 49.372046 ], [ 7.371241, 49.36589 ], [ 7.29557, 49.389729 ], [ 7.29007, 49.414705 ], [ 7.252589, 49.431465 ], [ 7.252142, 49.445989 ], [ 7.302169, 49.472469 ], [ 7.282245, 49.48744 ], [ 7.304946, 49.526368 ], [ 7.276623, 49.548623 ], [ 7.316175, 49.557555 ], [ 7.36606, 49.59529 ], [ 7.435147, 49.595481 ], [ 7.445511, 49.614067 ], [ 7.431118, 49.655177 ], [ 7.519529, 49.68059 ], [ 7.522753, 49.707622 ], [ 7.599655, 49.681271 ], [ 7.659796, 49.697822 ], [ 7.669994, 49.667958 ], [ 7.658417, 49.641143 ], [ 7.726039, 49.644418 ], [ 7.696935, 49.619992 ], [ 7.696267, 49.588663 ] ] ] } },
{ "type": "Feature", "properties": { "loc": "DEB3H" }, "geometry": { "type": "Polygon", "coordinates": [ [ [ 8.317406, 49.308121 ], [ 8.320326, 49.296705 ], [ 8.235535, 49.256931 ], [ 8.217777, 49.181761 ], [ 8.254221, 49.166391 ], [ 8.25802, 49.130068 ], [ 8.207234, 49.113523 ], [ 8.123845, 49.127941 ], [ 8.098481, 49.085898 ], [ 8.06033, 49.069207 ], [ 8.068408, 48.999316 ], [ 7.938864, 49.054622 ], [ 7.910655, 49.045163 ], [ 7.884096, 49.056717 ], [ 7.910413, 49.11172 ], [ 7.8663, 49.116645 ], [ 7.854128, 49.135892 ], [ 7.862818, 49.152896 ], [ 7.889957, 49.144743 ], [ 7.909226, 49.163207 ], [ 7.913303, 49.20649 ], [ 7.900393, 49.230289 ], [ 7.871458, 49.234535 ], [ 7.876054, 49.248709 ], [ 7.829189, 49.251949 ], [ 7.833887, 49.268158 ], [ 7.933583, 49.287658 ], [ 7.941379, 49.266786 ], [ 7.966639, 49.261709 ], [ 7.962011, 49.293246 ], [ 7.936719, 49.308977 ], [ 7.999565, 49.343794 ], [ 8.018926, 49.321337 ], [ 8.19054, 49.311349 ], [ 8.205906, 49.296594 ], [ 8.317406, 49.308121 ] ], [ [ 8.042628, 49.195517 ], [ 8.066578, 49.185106 ], [ 8.063674, 49.157778 ], [ 8.174284, 49.166647 ], [ 8.153844, 49.224801 ], [ 8.063441, 49.224199 ], [ 8.042628, 49.195517 ] ], [ [ 7.976817, 49.177999 ], [ 7.994712, 49.16587 ], [ 7.995327, 49.182252 ], [ 7.976817, 49.177999 ] ] ] } },
{ "type": "Feature", "properties": { "loc": "DEB3I" }, "geometry": { "type": "Polygon", "coordinates": [ [ [ 8.414774, 49.595052 ], [ 8.422701, 49.574192 ], [ 8.317014, 49.548884 ], [ 8.302108, 49.477482 ], [ 8.312192, 49.46259 ], [ 8.356838, 49.467903 ], [ 8.397944, 49.428726 ], [ 8.503343, 49.436417 ], [ 8.466762, 49.384811 ], [ 8.500317, 49.381496 ], [ 8.470916, 49.340713 ], [ 8.4638, 49.361141 ], [ 8.437859, 49.355293 ], [ 8.419046, 49.37381 ], [ 8.379927, 49.343157 ], [ 8.402934, 49.328611 ], [ 8.407394, 49.304733 ], [ 8.466986, 49.282975 ], [ 8.413073, 49.249816 ], [ 8.320326, 49.296705 ], [ 8.293736, 49.371912 ], [ 8.234779, 49.428647 ], [ 8.281055, 49.449234 ], [ 8.251326, 49.485057 ], [ 8.271977, 49.503477 ], [ 8.259866, 49.535113 ], [ 8.280998, 49.548742 ], [ 8.281007, 49.586764 ], [ 8.356069, 49.604905 ], [ 8.414774, 49.595052 ] ] ] } },
{ "type": "Feature", "properties": { "loc": "DEB3J" }, "geometry": { "type": "Polygon", "coordinates": [ [ [ 8.343031, 49.940506 ], [ 8.346671, 49.878222 ], [ 8.381177, 49.854776 ], [ 8.380198, 49.825618 ], [ 8.400055, 49.803675 ], [ 8.315925, 49.782531 ], [ 8.28098, 49.752057 ], [ 8.234907, 49.771565 ], [ 8.231806, 49.820563 ], [ 8.195652, 49.826483 ], [ 8.209356, 49.853488 ], [ 8.182283, 49.895492 ], [ 8.053748, 49.884129 ], [ 8.058252, 49.868891 ], [ 7.963557, 49.833102 ], [ 7.962674, 49.861646 ], [ 7.920235, 49.883932 ], [ 7.894513, 49.930305 ], [ 7.807469, 49.936579 ], [ 7.816551, 49.954737 ], [ 7.67229, 50.036945 ], [ 7.764845, 50.08259 ], [ 7.781763, 50.051124 ], [ 7.852929, 50.010886 ], [ 7.881817, 49.972995 ], [ 7.967509, 49.978795 ], [ 8.190039, 50.035296 ], [ 8.19843, 50.021467 ], [ 8.158565, 50.00106 ], [ 8.146235, 49.971871 ], [ 8.24113, 49.944816 ], [ 8.231472, 49.900156 ], [ 8.249798, 49.898801 ], [ 8.287996, 49.94271 ], [ 8.343031, 49.940506 ] ] ] } },
{ "type": "Feature", "properties": { "loc": "DE945" }, "geometry": { "type": "Polygon", "coordinates": [ [ [ 8.091291, 53.638109 ], [ 8.150041, 53.592468 ], [ 8.165888, 53.543336 ], [ 8.158636, 53.519165 ], [ 8.075065, 53.502466 ], [ 8.035626, 53.536857 ], [ 8.036249, 53.571168 ], [ 8.001805, 53.605603 ], [ 8.091291, 53.638109 ] ] ] } },
{ "type": "Feature", "properties": { "loc": "DE946" }, "geometry": { "type": "Polygon", "coordinates": [ [ [ 7.885608, 53.351966 ], [ 7.958966, 53.326565 ], [ 7.975063, 53.306078 ], [ 8.026029, 53.310804 ], [ 8.065739, 53.340884 ], [ 8.125906, 53.330076 ], [ 8.173923, 53.354041 ], [ 8.174358, 53.322622 ], [ 8.248324, 53.305726 ], [ 8.268251, 53.284973 ], [ 8.311309, 53.19766 ], [ 8.201621, 53.201868 ], [ 8.164733, 53.177221 ], [ 8.128091, 53.107838 ], [ 8.074034, 53.089944 ], [ 8.050831, 53.059624 ], [ 7.881945, 53.113109 ], [ 7.844577, 53.14014 ], [ 7.84718, 53.164026 ], [ 7.719023, 53.178889 ], [ 7.704885, 53.221719 ], [ 7.846266, 53.292435 ], [ 7.885608, 53.351966 ] ] ] } },
{ "type": "Feature", "properties": { "loc": "DE947" }, "geometry": { "type": "MultiPolygon", "coordinates": [ [ [ [ 6.999447, 53.359887 ], [ 7.045312, 53.507365 ], [ 7.037533, 53.532137 ], [ 7.099197, 53.513926 ], [ 7.133386, 53.538813 ], [ 7.092605, 53.579627 ], [ 7.158359, 53.62636 ], [ 7.239015, 53.665592 ], [ 7.351288, 53.685949 ], [ 7.550173, 53.675037 ], [ 7.494094, 53.649168 ], [ 7.507642, 53.624563 ], [ 7.429336, 53.618347 ], [ 7.411981, 53.586247 ], [ 7.416788, 53.540781 ], [ 7.64565, 53.560558 ], [ 7.659422, 53.540522 ], [ 7.649204, 53.524577 ], [ 7.675666, 53.501861 ], [ 7.684307, 53.463498 ], [ 7.740552, 53.467799 ], [ 7.736789, 53.443769 ], [ 7.776503, 53.442066 ], [ 7.772901, 53.409989 ], [ 7.808707, 53.404939 ], [ 7.815485, 53.375455 ], [ 7.609739, 53.333682 ], [ 7.482616, 53.369683 ], [ 7.405524, 53.350786 ], [ 7.331946, 53.362905 ], [ 7.30732, 53.350159 ], [ 7.307274, 53.36807 ], [ 7.266408, 53.407247 ], [ 7.178551, 53.388224 ], [ 7.134791, 53.395107 ], [ 7.05529, 53.354065 ], [ 7.014063, 53.374829 ], [ 6.999447, 53.359887 ] ] ], [ [ [ 7.427721, 53.720555 ], [ 7.387288, 53.719883 ], [ 7.362399, 53.727097 ], [ 7.427328, 53.73335 ], [ 7.427721, 53.720555 ] ] ], [ [ [ 7.321057, 53.711717 ], [ 7.152802, 53.696885 ], [ 7.13735, 53.706979 ], [ 7.186344, 53.722704 ], [ 7.34416, 53.725492 ], [ 7.321057, 53.711717 ] ] ], [ [ [ 7.091561, 53.678935 ], [ 6.86299, 53.667834 ], [ 7.051616, 53.686302 ], [ 7.091561, 53.678935 ] ] ], [ [ [ 6.900804, 53.653861 ], [ 6.876907, 53.628583 ], [ 6.866464, 53.645044 ], [ 6.900804, 53.653861 ] ] ] ] } },
{ "type": "Feature", "properties": { "loc": "DE948" }, "geometry": { "type": "Polygon", "coordinates": [ [ [ 8.018153, 52.683912 ], [ 7.973329, 52.695086 ], [ 7.918464, 52.681728 ], [ 7.853515, 52.708357 ], [ 7.763107, 52.678821 ], [ 7.689615, 52.67892 ], [ 7.63932, 52.728762 ], [ 7.710161, 52.76503 ], [ 7.685925, 52.796839 ], [ 7.714467, 52.848937 ], [ 7.78445, 52.874205 ], [ 7.828026, 52.919428 ], [ 7.745299, 52.947186 ], [ 7.721013, 52.966436 ], [ 7.708701, 53.016188 ], [ 7.61188, 53.057707 ], [ 7.649822, 53.180851 ], [ 7.84718, 53.164026 ], [ 7.844577, 53.14014 ], [ 7.881945, 53.113109 ], [ 7.908037, 53.115296 ], [ 7.970721, 53.076634 ], [ 8.063425, 53.052083 ], [ 8.121445, 52.999111 ], [ 8.1242, 52.930349 ], [ 8.210428, 52.877772 ], [ 8.258849, 52.874195 ], [ 8.238307, 52.804924 ], [ 8.196144, 52.765713 ], [ 8.120842, 52.769244 ], [ 8.064888, 52.752447 ], [ 8.051383, 52.722021 ], [ 8.061806, 52.705346 ], [ 8.018153, 52.683912 ] ] ] } },
{ "type": "Feature", "properties": { "loc": "DE949" }, "geometry": { "type": "Polygon", "coordinates": [ [ [ 7.63932, 52.728762 ], [ 7.690558, 52.66246 ], [ 7.610733, 52.616336 ], [ 7.608039, 52.474016 ], [ 7.57515, 52.435792 ], [ 7.599212, 52.4162 ], [ 7.561852, 52.372577 ], [ 7.317481, 52.280272 ], [ 7.257542, 52.341128 ], [ 7.215476, 52.442567 ], [ 7.271118, 52.468911 ], [ 7.274867, 52.494871 ], [ 7.259729, 52.50391 ], [ 7.279991, 52.518055 ], [ 7.255571, 52.54053 ], [ 7.201577, 52.540099 ], [ 7.114218, 52.597522 ], [ 7.031953, 52.616609 ], [ 6.998239, 52.608759 ], [ 7.00623, 52.638763 ], [ 7.054921, 52.643612 ], [ 7.072045, 52.810874 ], [ 7.091835, 52.853011 ], [ 7.180638, 52.941324 ], [ 7.213542, 53.005804 ], [ 7.202795, 53.113281 ], [ 7.477462, 53.085856 ], [ 7.544632, 53.035269 ], [ 7.61188, 53.057707 ], [ 7.708701, 53.016188 ], [ 7.721013, 52.966436 ], [ 7.745299, 52.947186 ], [ 7.828026, 52.919428 ], [ 7.78445, 52.874205 ], [ 7.714467, 52.848937 ], [ 7.685925, 52.796839 ], [ 7.710161, 52.76503 ], [ 7.63932, 52.728762 ] ] ] } },
{ "type": "Feature", "properties": { "loc": "DE94A" }, "geometry": { "type": "MultiPolygon", "coordinates": [ [ [ [ 8.20028, 53.368033 ], [ 8.125906, 53.330076 ], [ 8.065739, 53.340884 ], [ 8.026029, 53.310804 ], [ 7.975063, 53.306078 ], [ 7.958966, 53.326565 ], [ 7.885608, 53.351966 ], [ 7.864928, 53.400562 ], [ 7.963053, 53.444629 ], [ 7.967521, 53.461512 ], [ 7.932855, 53.483985 ], [ 7.932236, 53.510347 ], [ 7.821357, 53.505938 ], [ 7.854782, 53.611449 ], [ 7.834458, 53.627736 ], [ 7.809896, 53.707662 ], [ 7.914305, 53.717504 ], [ 8.028465, 53.703176 ], [ 8.040293, 53.645937 ], [ 8.091291, 53.638109 ], [ 8.001805, 53.605603 ], [ 8.036249, 53.571168 ], [ 8.035626, 53.536857 ], [ 8.080251, 53.457351 ], [ 8.1505, 53.447821 ], [ 8.195555, 53.409171 ], [ 8.20028, 53.368033 ] ] ], [ [ [ 7.899321, 53.794388 ], [ 7.956874, 53.786594 ], [ 7.970755, 53.775879 ], [ 7.874266, 53.788557 ], [ 7.866639, 53.77373 ], [ 7.847052, 53.787424 ], [ 7.899321, 53.794388 ] ] ] ] } },
{ "type": "Feature", "properties": { "loc": "DE94B" }, "geometry": { "type": "Polygon", "coordinates": [ [ [ 7.135988, 52.263582 ], [ 7.065685, 52.241373 ], [ 7.039093, 52.261185 ], [ 7.027644, 52.285998 ], [ 7.070613, 52.375315 ], [ 6.992838, 52.463205 ], [ 6.937032, 52.4368 ], [ 6.761609, 52.462307 ], [ 6.697866, 52.486286 ], [ 6.692281, 52.54862 ], [ 6.750733, 52.566962 ], [ 6.709733, 52.627823 ], [ 6.786786, 52.651798 ], [ 6.978375, 52.644591 ], [ 7.00623, 52.638763 ], [ 6.998239, 52.608759 ], [ 7.031953, 52.616609 ], [ 7.114218, 52.597522 ], [ 7.201577, 52.540099 ], [ 7.255571, 52.54053 ], [ 7.279991, 52.518055 ], [ 7.259729, 52.50391 ], [ 7.274867, 52.494871 ], [ 7.271118, 52.468911 ], [ 7.215476, 52.442567 ], [ 7.257542, 52.341128 ], [ 7.317481, 52.280272 ], [ 7.291929, 52.264661 ], [ 7.135988, 52.263582 ] ] ] } },
{ "type": "Feature", "properties": { "loc": "DE94C" }, "geometry": { "type": "MultiPolygon", "coordinates": [ [ [ [ 7.202795, 53.113281 ], [ 7.181195, 53.135526 ], [ 7.216179, 53.182589 ], [ 7.208935, 53.243064 ], [ 7.235999, 53.274844 ], [ 7.230221, 53.293927 ], [ 7.249551, 53.323932 ], [ 7.297735, 53.323041 ], [ 7.30732, 53.350159 ], [ 7.331946, 53.362905 ], [ 7.405524, 53.350786 ], [ 7.482616, 53.369683 ], [ 7.609739, 53.333682 ], [ 7.815485, 53.375455 ], [ 7.835119, 53.363244 ], [ 7.871523, 53.375875 ], [ 7.885608, 53.351966 ], [ 7.846266, 53.292435 ], [ 7.704885, 53.221719 ], [ 7.719023, 53.178889 ], [ 7.649822, 53.180851 ], [ 7.61188, 53.057707 ], [ 7.544632, 53.035269 ], [ 7.477462, 53.085856 ], [ 7.202795, 53.113281 ] ] ], [ [ [ 6.735969, 53.570285 ], [ 6.697852, 53.566091 ], [ 6.655012, 53.592468 ], [ 6.757027, 53.617198 ], [ 6.804056, 53.604388 ], [ 6.729066, 53.584389 ], [ 6.735969, 53.570285 ] ] ], [ [ [ 6.758464, 53.569058 ], [ 6.742191, 53.555799 ], [ 6.739493, 53.567765 ], [ 6.758464, 53.569058 ] ] ] ] } },
{ "type": "Feature", "properties": { "loc": "DE94D" }, "geometry": { "type": "Polygon", "coordinates": [ [ [ 8.459278, 52.801056 ], [ 8.465622, 52.820663 ], [ 8.399788, 52.827098 ], [ 8.402264, 52.847517 ], [ 8.355554, 52.854842 ], [ 8.331902, 52.881329 ], [ 8.234186, 52.870599 ], [ 8.160473, 52.903985 ], [ 8.15277, 52.923572 ], [ 8.1242, 52.930349 ], [ 8.121445, 52.999111 ], [ 8.050831, 53.059624 ], [ 8.074034, 53.089944 ], [ 8.128091, 53.107838 ], [ 8.197213, 53.112223 ], [ 8.200151, 53.092125 ], [ 8.234807, 53.085095 ], [ 8.275001, 53.097855 ], [ 8.312264, 53.153047 ], [ 8.3803, 53.168807 ], [ 8.405766, 53.123949 ], [ 8.466616, 53.138416 ], [ 8.635674, 53.099275 ], [ 8.629225, 53.076386 ], [ 8.587382, 53.04546 ], [ 8.603412, 53.028261 ], [ 8.58231, 52.999353 ], [ 8.594244, 52.988852 ], [ 8.623547, 53.014944 ], [ 8.657161, 53.008994 ], [ 8.646312, 52.980365 ], [ 8.683656, 52.961414 ], [ 8.690289, 52.925641 ], [ 8.650409, 52.91049 ], [ 8.631851, 52.854649 ], [ 8.513206, 52.806475 ], [ 8.459278, 52.801056 ] ] ] } },
{ "type": "Feature", "properties": { "loc": "DE94E" }, "geometry": { "type": "Polygon", "coordinates": [ [ [ 7.689615, 52.67892 ], [ 7.763107, 52.678821 ], [ 7.853515, 52.708357 ], [ 7.918464, 52.681728 ], [ 7.973329, 52.695086 ], [ 8.018153, 52.683912 ], [ 8.083795, 52.621546 ], [ 8.040997, 52.585977 ], [ 8.04253, 52.554018 ], [ 8.018054, 52.528996 ], [ 8.058372, 52.503888 ], [ 8.060683, 52.448079 ], [ 8.159815, 52.435485 ], [ 8.202111, 52.477158 ], [ 8.308324, 52.499112 ], [ 8.297214, 52.456498 ], [ 8.321707, 52.402865 ], [ 8.439391, 52.360534 ], [ 8.467164, 52.31385 ], [ 8.447054, 52.209894 ], [ 8.508483, 52.183479 ], [ 8.411742, 52.135253 ], [ 8.410587, 52.115115 ], [ 8.273811, 52.132673 ], [ 8.191114, 52.074343 ], [ 8.096448, 52.057145 ], [ 8.030544, 52.065619 ], [ 7.974552, 52.03741 ], [ 7.921048, 52.051217 ], [ 7.885159, 52.083302 ], [ 8.006261, 52.119012 ], [ 8.003888, 52.154703 ], [ 8.019815, 52.162116 ], [ 7.934686, 52.177829 ], [ 7.903271, 52.200928 ], [ 7.926334, 52.231021 ], [ 7.926777, 52.259997 ], [ 7.956465, 52.27249 ], [ 7.963412, 52.249478 ], [ 7.986855, 52.238739 ], [ 8.030732, 52.226807 ], [ 8.084424, 52.238574 ], [ 8.101562, 52.225964 ], [ 8.12892, 52.233887 ], [ 8.126552, 52.259853 ], [ 8.172305, 52.283468 ], [ 8.007237, 52.336324 ], [ 7.964626, 52.324858 ], [ 7.9355, 52.362732 ], [ 7.895325, 52.378287 ], [ 7.8093, 52.37207 ], [ 7.71751, 52.401383 ], [ 7.685141, 52.45361 ], [ 7.608039, 52.474016 ], [ 7.610733, 52.616336 ], [ 7.690558, 52.66246 ], [ 7.689615, 52.67892 ] ] ] } },
{ "type": "Feature", "properties": { "loc": "DE94F" }, "geometry": { "type": "Polygon", "coordinates": [ [ [ 8.018153, 52.683912 ], [ 8.061806, 52.705346 ], [ 8.051383, 52.722021 ], [ 8.064888, 52.752447 ], [ 8.120842, 52.769244 ], [ 8.196144, 52.765713 ], [ 8.238307, 52.804924 ], [ 8.258849, 52.874195 ], [ 8.331902, 52.881329 ], [ 8.355554, 52.854842 ], [ 8.402264, 52.847517 ], [ 8.399788, 52.827098 ], [ 8.465622, 52.820663 ], [ 8.45314, 52.786914 ], [ 8.465426, 52.734372 ], [ 8.312078, 52.683819 ], [ 8.297388, 52.638487 ], [ 8.314247, 52.5838 ], [ 8.347108, 52.552052 ], [ 8.315084, 52.532565 ], [ 8.308324, 52.499112 ], [ 8.202111, 52.477158 ], [ 8.159815, 52.435485 ], [ 8.060683, 52.448079 ], [ 8.058372, 52.503888 ], [ 8.018054, 52.528996 ], [ 8.04253, 52.554018 ], [ 8.040997, 52.585977 ], [ 8.083795, 52.621546 ], [ 8.018153, 52.683912 ] ] ] } },
{ "type": "Feature", "properties": { "loc": "DE94G" }, "geometry": { "type": "Polygon", "coordinates": [ [ [ 8.485331, 53.22712 ], [ 8.523939, 53.191827 ], [ 8.616936, 53.167068 ], [ 8.654899, 53.108864 ], [ 8.635674, 53.099275 ], [ 8.466616, 53.138416 ], [ 8.405766, 53.123949 ], [ 8.3803, 53.168807 ], [ 8.312264, 53.153047 ], [ 8.295523, 53.174184 ], [ 8.308103, 53.212139 ], [ 8.268251, 53.284973 ], [ 8.248324, 53.305726 ], [ 8.174358, 53.322622 ], [ 8.173923, 53.354041 ], [ 8.20028, 53.368033 ], [ 8.195555, 53.409171 ], [ 8.258801, 53.401158 ], [ 8.315171, 53.462393 ], [ 8.307064, 53.521774 ], [ 8.233027, 53.525531 ], [ 8.246608, 53.58518 ], [ 8.271888, 53.604532 ], [ 8.34245, 53.608687 ], [ 8.397476, 53.569886 ], [ 8.514964, 53.552983 ], [ 8.554898, 53.525131 ], [ 8.492652, 53.47221 ], [ 8.499988, 53.366848 ], [ 8.485331, 53.22712 ] ] ] } },
{ "type": "Feature", "properties": { "loc": "DEG03" }, "geometry": { "type": "Polygon", "coordinates": [ [ [ 11.547322, 50.989057 ], [ 11.567619, 50.970259 ], [ 11.618706, 50.973766 ], [ 11.662751, 50.955912 ], [ 11.655749, 50.883095 ], [ 11.541432, 50.86533 ], [ 11.557383, 50.876847 ], [ 11.550729, 50.894036 ], [ 11.504811, 50.906242 ], [ 11.51922, 50.940806 ], [ 11.505136, 50.960395 ], [ 11.547322, 50.989057 ] ] ] } },
{ "type": "Feature", "properties": { "loc": "DEG04" }, "geometry": { "type": "Polygon", "coordinates": [ [ [ 10.582464, 50.585436 ], [ 10.555253, 50.610807 ], [ 10.59353, 50.614035 ], [ 10.639297, 50.644126 ], [ 10.689383, 50.627404 ], [ 10.701786, 50.661041 ], [ 10.733735, 50.66349 ], [ 10.770296, 50.650608 ], [ 10.78487, 50.612003 ], [ 10.824538, 50.597186 ], [ 10.826986, 50.580954 ], [ 10.796124, 50.581111 ], [ 10.749127, 50.614134 ], [ 10.672882, 50.563861 ], [ 10.582464, 50.585436 ] ] ] } },
{ "type": "Feature", "properties": { "loc": "DEG05" }, "geometry": { "type": "Polygon", "coordinates": [ [ [ 11.236437, 51.018916 ], [ 11.249534, 51.036025 ], [ 11.351929, 51.021592 ], [ 11.363086, 51.014875 ], [ 11.348692, 51.006092 ], [ 11.369213, 50.985001 ], [ 11.391259, 50.995325 ], [ 11.388461, 50.968269 ], [ 11.401886, 50.964075 ], [ 11.292855, 50.917936 ], [ 11.267986, 50.940349 ], [ 11.2832, 50.944195 ], [ 11.267053, 51.003091 ], [ 11.236437, 51.018916 ] ] ] } }
]
}
