{
"type": "FeatureCollection",
"name": "regions_MZ",
"crs": { "type": "name", "properties": { "name": "urn:ogc:def:crs:OGC:1.3:CRS84" } },
"features": [
{ "type": "Feature", "properties": { "loc": "MZ-A1-0001" }, "geometry": { "type": "MultiPolygon", "coordinates": [ [ [ [ 40.486221313406858, -13.035298346557058 ], [ 40.489040375057193, -13.039658545820922 ], [ 40.488517761029762, -13.042366027685672 ], [ 40.491088867001537, -13.039374351960388 ], [ 40.486221313406858, -13.035298346557058 ] ] ], [ [ [ 40.608398436902107, -12.67773437497155 ], [ 40.611171722161053, -12.686366080560241 ], [ 40.615486145033351, -12.681190491178285 ], [ 40.608398436902107, -12.67773437497155 ] ] ], [ [ [ 40.599899291844324, -12.598970412697863 ], [ 40.620731354094133, -12.609873771600721 ], [ 40.626106262019803, -12.600767135838087 ], [ 40.599899291844324, -12.598970412697863 ] ] ], [ [ [ 40.604850769376043, -12.560135840934361 ], [ 40.60459518384917, -12.528834342668826 ], [ 40.580753326333451, -12.547652244593532 ], [ 40.585517883272217, -12.566769600075034 ], [ 40.604850769376043, -12.560135840934361 ] ] ], [ [ [ 40.603427886946477, -12.496481895428424 ], [ 40.606563568413044, -12.495926857243944 ], [ 40.606777190673903, -12.491229056980657 ], [ 40.603427886946477, -12.496481895428424 ] ] ], [ [ [ 40.632476807270947, -12.47172260269318 ], [ 40.63050842333714, -12.485431671012037 ], [ 40.634796142639949, -12.485525131257003 ], [ 40.632476807270947, -12.47172260269318 ] ] ], [ [ [ 40.615558623889335, -12.4579572681359 ], [ 40.61756515526568, -12.418510437429209 ], [ 40.595157622883917, -12.403640747245159 ], [ 40.597923279193928, -12.454383849757367 ], [ 40.615558623889335, -12.4579572681359 ] ] ], [ [ [ 40.529994965446058, -12.378460883785536 ], [ 40.530311584362835, -12.381009102011298 ], [ 40.536460876019333, -12.380855559859061 ], [ 40.529994965446058, -12.378460883785536 ] ] ], [ [ [ 40.494934081812275, -12.37444591524417 ], [ 40.49217224132574, -12.376595497281784 ], [ 40.491893768052769, -12.381161689857478 ], [ 40.495563506695156, -12.379004478050781 ], [ 40.494934081812275, -12.37444591524417 ] ] ], [ [ [ 40.498016356660784, -12.375742911715815 ], [ 40.496833801230224, -12.379768371622824 ], [ 40.501159667975571, -12.3773241042338 ], [ 40.498016356660784, -12.375742911715815 ] ] ], [ [ [ 40.497985840151905, -12.370341301040355 ], [ 40.497280120558564, -12.363110542247835 ], [ 40.492271422865343, -12.373389243748711 ], [ 40.497985840151905, -12.370341301040355 ] ] ], [ [ [ 40.600887298599311, -12.324426651226528 ], [ 40.584911346071131, -12.334598541147379 ], [ 40.594535827655719, -12.360713005258539 ], [ 40.570163727163632, -12.33859920494691 ], [ 40.54647064179612, -12.359662055716925 ], [ 40.582855225177937, -12.373591422863495 ], [ 40.563098906778485, -12.377742767172517 ], [ 40.573490143144966, -12.390478134116201 ], [ 40.573463439575477, -12.406260489587506 ], [ 40.621685028330781, -12.362658501446244 ], [ 40.626506804634701, -12.333144188111422 ], [ 40.600887298599311, -12.324426651226528 ] ] ], [ [ [ 40.460765839325795, -12.259819031085861 ], [ 40.459861755369474, -12.259880066274409 ], [ 40.460781097223588, -12.262654304814724 ], [ 40.460765839325795, -12.259819031085861 ] ] ], [ [ [ 40.466060637967551, -12.258068084706863 ], [ 40.462837218642221, -12.252861976831309 ], [ 40.463356017745546, -12.258976935969379 ], [ 40.466060637967551, -12.258068084706863 ] ] ], [ [ [ 40.587779999031817, -12.179100037311308 ], [ 40.560508727979482, -12.193840027269864 ], [ 40.593093871768851, -12.251547813355312 ], [ 40.617794036849411, -12.229643822179082 ], [ 40.587779999031817, -12.179100037311308 ] ] ], [ [ [ 40.548191070636307, -12.043549538223264 ], [ 40.54576492278791, -12.041131020223084 ], [ 40.542526244665424, -12.043524742115785 ], [ 40.548191070636307, -12.043549538223264 ] ] ], [ [ [ 40.539779662932354, -12.015992165030109 ], [ 40.535583496412499, -12.015576362582703 ], [ 40.536956787257182, -12.017271042348376 ], [ 40.539779662932354, -12.015992165030109 ] ] ], [ [ [ 40.569889069048891, -11.972846031341788 ], [ 40.580089569101965, -12.001160622087514 ], [ 40.595161437673823, -11.982897758347377 ], [ 40.569889069048891, -11.972846031341788 ] ] ], [ [ [ 40.568550109936773, -11.821785927381878 ], [ 40.565063477035004, -11.821870803597978 ], [ 40.566352844045674, -11.823343277073839 ], [ 40.568550109936773, -11.821785927381878 ] ] ], [ [ [ 40.608436583722387, -11.813608170149692 ], [ 40.597698211744095, -11.815897942105025 ], [ 40.605724334551439, -11.817162513907586 ], [ 40.608436583722387, -11.813608170149692 ] ] ], [ [ [ 40.531330108858157, -11.420709610428581 ], [ 40.521015167376753, -11.418194771439971 ], [ 40.526889800684472, -11.424143791271391 ], [ 40.531330108858157, -11.420709610428581 ] ] ], [ [ [ 40.647773742951223, -11.364228248900954 ], [ 40.624744414810223, -11.368748665085171 ], [ 40.627288818111786, -11.370637894289803 ], [ 40.647773742951223, -11.364228248900954 ] ] ], [ [ [ 40.535987854160496, -11.35762500785491 ], [ 40.52544021579768, -11.354567527836235 ], [ 40.530464172288063, -11.35984897641622 ], [ 40.535987854160496, -11.35762500785491 ] ] ], [ [ [ 40.583930968998004, -11.312808037367983 ], [ 40.586685181434966, -11.310754776318888 ], [ 40.585834502819061, -11.309915543374593 ], [ 40.583930968998004, -11.312808037367983 ] ] ], [ [ [ 40.584709166692377, -11.174538612059948 ], [ 40.616165161290795, -11.19530010181089 ], [ 40.646697998211714, -11.188685417290856 ], [ 40.584709166692377, -11.174538612059948 ] ] ], [ [ [ 40.674263000194735, -11.146780013646929 ], [ 40.653583526815709, -11.184292792938244 ], [ 40.69878005970947, -11.163179397571366 ], [ 40.674263000194735, -11.146780013646929 ] ] ], [ [ [ 40.708961487001041, -10.998769759892912 ], [ 40.646888733446339, -11.031013488658026 ], [ 40.599941253803827, -11.023563385218438 ], [ 40.646789550815164, -11.04098129272888 ], [ 40.703575134303037, -11.023148536951854 ], [ 40.71768951357825, -11.008743286349976 ], [ 40.708961487001041, -10.998769759892912 ] ] ], [ [ [ 40.622444153045066, -10.907201767070251 ], [ 40.626163482828247, -10.923299789076335 ], [ 40.630996703904586, -10.914271354761595 ], [ 40.622444153045066, -10.907201767070251 ] ] ], [ [ [ 40.652988434158246, -10.821891784743087 ], [ 40.673122405763742, -10.857219696196996 ], [ 40.663948059144893, -10.860076904390592 ], [ 40.65490341185226, -10.843136786898189 ], [ 40.644973755223944, -10.878886223185624 ], [ 40.684402466390011, -10.853079795760934 ], [ 40.652988434158246, -10.821891784743087 ] ] ], [ [ [ 40.631107329555093, -10.772358893680423 ], [ 40.653785706260805, -10.801188468605361 ], [ 40.66218185422462, -10.776296615728675 ], [ 40.631107329555093, -10.772358893680423 ] ] ], [ [ [ 40.48813247664377, -10.583228111291643 ], [ 40.521144866753502, -10.575009345608155 ], [ 40.514980316299841, -10.56899356820189 ], [ 40.48813247664377, -10.583228111291643 ] ] ], [ [ [ 40.503005980721639, -10.554754257122667 ], [ 40.498374938932571, -10.568592072385652 ], [ 40.525505065886357, -10.567386627410347 ], [ 40.503005980721639, -10.554754257122667 ] ] ], [ [ [ 40.430156707879163, -10.480318069072592 ], [ 40.351482391112846, -10.572435378938572 ], [ 40.279914856199049, -10.577056885216063 ], [ 40.238243102750403, -10.601757050296623 ], [ 40.003890990894618, -10.811658859049 ], [ 39.900215148798104, -10.840190886740508 ], [ 39.808967590370017, -10.902070045037071 ], [ 39.535274506401343, -10.978914261224659 ], [ 39.24797821038112, -11.178254127579645 ], [ 39.152030945127017, -11.149447441300087 ], [ 39.026229858076476, -11.176205634736025 ], [ 38.881931305260622, -11.172993660215269 ], [ 38.753211974827849, -11.271203994754497 ], [ 38.701396941590659, -11.27094650266498 ], [ 38.628566742336403, -11.295696259061128 ], [ 38.52144622803614, -11.383413314758695 ], [ 38.456399527990946, -11.467046161437189 ], [ 38.408531616515994, -11.611924845840971 ], [ 38.402275276757734, -11.729621587052552 ], [ 38.424599241945977, -11.824132038983315 ], [ 38.423168636788354, -11.892174743804951 ], [ 38.380114905239303, -12.095346350390823 ], [ 38.221973375898024, -12.186839387094572 ], [ 38.233795324643026, -12.22136140610619 ], [ 38.201674867709414, -12.284306035809944 ], [ 38.206508152520193, -12.31725934391763 ], [ 38.085022756499534, -12.430709527480843 ], [ 38.070286253652817, -12.462074086209185 ], [ 38.079109782947143, -12.502608682406802 ], [ 38.04642856720951, -12.550721658760366 ], [ 38.049972455403527, -12.585572673458234 ], [ 38.023612306430131, -12.645572536107963 ], [ 38.047366771352152, -12.768735502891904 ], [ 38.026293907326583, -12.819422317453188 ], [ 38.045077827506226, -12.843219936543449 ], [ 37.994341222714333, -12.949205269601549 ], [ 37.997888932929449, -12.976199410412637 ], [ 37.938057950558282, -13.041260111160737 ], [ 37.983228637756952, -13.085587305109049 ], [ 38.060836372304188, -13.106681474971184 ], [ 38.11139734864296, -13.139261977049534 ], [ 38.188966991647924, -13.109848583291319 ], [ 38.21586112889571, -13.126736279217701 ], [ 38.222014319746158, -13.162997710923642 ], [ 38.172692984844794, -13.275894904549725 ], [ 38.184350907230638, -13.300036778827186 ], [ 38.145855968553413, -13.350040794462982 ], [ 38.095695498710157, -13.357229134060324 ], [ 38.036909767330265, -13.416034094382036 ], [ 38.061728582446307, -13.508067109245127 ], [ 38.104034441203218, -13.493935448334062 ], [ 38.14373091455824, -13.550928639234174 ], [ 38.144459427596487, -13.646929651265973 ], [ 38.172433128230608, -13.679528258013287 ], [ 38.167443297521721, -13.772547297490691 ], [ 38.251238486381425, -13.892948712224397 ], [ 38.258726834889103, -13.93899049664409 ], [ 38.291236295495899, -13.977557828038824 ], [ 38.280455718236027, -13.99962842178777 ], [ 38.335445614625861, -14.062814461368236 ], [ 38.346596204822823, -14.058280005381809 ], [ 38.363129378811443, -14.10778249521414 ], [ 38.382672466902292, -14.107949400503641 ], [ 38.39771028227451, -14.129172255265578 ], [ 38.437769237284535, -14.119829673208796 ], [ 38.522796692926008, -14.161217877858158 ], [ 38.559143876622613, -14.148715944289416 ], [ 38.597337377388406, -14.165671370186496 ], [ 38.664237103324105, -14.140310841735106 ], [ 38.71741503953853, -14.156017039785242 ], [ 38.791368311561172, -14.105713603157001 ], [ 38.809408363235086, -14.120138096002234 ], [ 38.973222512491326, -14.022162280138508 ], [ 39.044814392560703, -14.013577857639971 ], [ 39.08879497682868, -13.967255757918908 ], [ 39.144990451110075, -13.936869633345152 ], [ 39.192835323767504, -13.962728072110588 ], [ 39.287155687317146, -13.900759962480171 ], [ 39.348096722299921, -13.887917608991442 ], [ 39.353097912684767, -13.867895385979436 ], [ 39.380892374271014, -13.853510040111241 ], [ 39.436591896741682, -13.852594619588389 ], [ 39.477143013037384, -13.791067983197449 ], [ 39.52170342530804, -13.759993332202482 ], [ 39.57636915050665, -13.752745866059881 ], [ 39.597026174130647, -13.733207145113903 ], [ 39.656239104687373, -13.731781539338874 ], [ 39.754637466620522, -13.663057982632056 ], [ 39.788691941741426, -13.679664371350244 ], [ 39.858700682648461, -13.680260451260031 ], [ 39.933306297233649, -13.609803188100946 ], [ 39.932787511531075, -13.585733794165391 ], [ 39.981120729182017, -13.560369428927379 ], [ 39.999706357766165, -13.511748128397196 ], [ 40.113405744154775, -13.477990052128598 ], [ 40.106447625396981, -13.446685531656401 ], [ 40.184108783916749, -13.468937393039228 ], [ 40.219860821043639, -13.499994952897689 ], [ 40.357803110948375, -13.45527883784108 ], [ 40.416226383264529, -13.455869180711046 ], [ 40.449666682494936, -13.471890042684278 ], [ 40.460382343893585, -13.515298878033734 ], [ 40.528446198356903, -13.511775016796525 ], [ 40.541587829721003, -13.440681457725125 ], [ 40.578269958298328, -13.400087357387671 ], [ 40.58604431230156, -13.362403869684949 ], [ 40.565399169642404, -13.313893317964355 ], [ 40.552207946841655, -13.100529670670548 ], [ 40.588626862313539, -12.971232414192357 ], [ 40.572536469256306, -12.960013389654002 ], [ 40.540805817208394, -12.970360756191734 ], [ 40.505622863877768, -12.949614525237951 ], [ 40.48423385598138, -12.960148811366334 ], [ 40.515312194675737, -12.992547988846415 ], [ 40.491905212429323, -13.051518440171696 ], [ 40.483608246221202, -13.034297943277997 ], [ 40.487957000712647, -13.029343605105838 ], [ 40.464271545193263, -13.028478621873509 ], [ 40.46786117565032, -13.039232254447521 ], [ 40.459999083788247, -13.032793044745807 ], [ 40.46143722474568, -13.023642540053705 ], [ 40.435283660809894, -13.027351379245291 ], [ 40.44134521516186, -13.012664795425268 ], [ 40.406494141343906, -12.960427284073184 ], [ 40.403316498409971, -12.92184543569963 ], [ 40.411819457953989, -12.918596267884741 ], [ 40.415946960336271, -12.921475409643701 ], [ 40.413311005151122, -12.904534339769302 ], [ 40.429096222265173, -12.917321204591214 ], [ 40.454479218293606, -12.885813713013761 ], [ 40.489780426178022, -12.877460479798586 ], [ 40.504787444637223, -12.890721320613796 ], [ 40.512023925815868, -12.928351402076821 ], [ 40.541969298596605, -12.834887504935732 ], [ 40.566040038968985, -12.819028853679981 ], [ 40.548812865973304, -12.768295287578724 ], [ 40.582386016653636, -12.814877510270151 ], [ 40.616096497407774, -12.796710014237078 ], [ 40.631237030117205, -12.746509551855656 ], [ 40.61619567913958, -12.764976501445702 ], [ 40.615497589394543, -12.750024795789017 ], [ 40.598411559598127, -12.760288239392015 ], [ 40.61723709137096, -12.729250907984291 ], [ 40.599990844654101, -12.704163550588721 ], [ 40.56929779081274, -12.720567702718633 ], [ 40.583637238020422, -12.725332259657396 ], [ 40.583797454940949, -12.750913620048809 ], [ 40.565135955911948, -12.721566200201284 ], [ 40.576881409107322, -12.706730843098057 ], [ 40.570281981585708, -12.65486621944456 ], [ 40.58545684771294, -12.648133277672713 ], [ 40.61674880956744, -12.670712470847967 ], [ 40.619743346935465, -12.657528877300006 ], [ 40.607410431104043, -12.635554313624819 ], [ 40.563911437820131, -12.629818916054258 ], [ 40.550266266332656, -12.552204131959233 ], [ 40.570411681811201, -12.530280112880998 ], [ 40.490978241010588, -12.526902199021439 ], [ 40.481426239386963, -12.545035361636714 ], [ 40.48246002177013, -12.517853736804607 ], [ 40.461639404292647, -12.506589890055508 ], [ 40.470096588344475, -12.498062134404098 ], [ 40.455589294367954, -12.503958702176465 ], [ 40.458873748882006, -12.498006820702301 ], [ 40.484943389883057, -12.488234520251051 ], [ 40.492877959907446, -12.471969603858302 ], [ 40.481620788638786, -12.465867042863898 ], [ 40.501369476290563, -12.437858582241912 ], [ 40.571495056222183, -12.395692824898052 ], [ 40.55491638165595, -12.381075858598134 ], [ 40.551620483268934, -12.394554138396874 ], [ 40.541378020849308, -12.37557697283318 ], [ 40.53949356074952, -12.399801253559151 ], [ 40.535205841446711, -12.38281917639803 ], [ 40.529266357126957, -12.398211478810861 ], [ 40.502738953110509, -12.38244915034219 ], [ 40.489429474261073, -12.396394729567284 ], [ 40.477142333921847, -12.395972252351672 ], [ 40.487869262945289, -12.394463539005418 ], [ 40.492408751951494, -12.365120888262648 ], [ 40.506736755286212, -12.350457191390518 ], [ 40.48703002910171, -12.342029571651736 ], [ 40.515571594342724, -12.324613570704024 ], [ 40.496910095313808, -12.276729583847512 ], [ 40.479248047048912, -12.276946067751116 ], [ 40.471958159630482, -12.266924858339845 ], [ 40.465328217212658, -12.266909598643316 ], [ 40.460426330864188, -12.263606070825883 ], [ 40.459087371873835, -12.261013985051683 ], [ 40.464015960657242, -12.225738524757368 ], [ 40.46901702940152, -12.225942612405927 ], [ 40.470905304425422, -12.22884368862962 ], [ 40.46461105284699, -12.246567726263802 ], [ 40.482517241866347, -12.268564224403722 ], [ 40.505699157978938, -12.242758751159766 ], [ 40.509422301786948, -12.218905448871631 ], [ 40.494976043898433, -12.222074508675895 ], [ 40.488861083861082, -12.206448555200922 ], [ 40.516986846654781, -12.203220366770751 ], [ 40.48888397160718, -12.145942687749134 ], [ 40.513725280786282, -12.084566115578088 ], [ 40.500675200589185, -12.04479408282495 ], [ 40.518394470017981, -12.014579773182277 ], [ 40.55369949282651, -11.998137473609827 ], [ 40.496746062569891, -11.957550048939858 ], [ 40.484062194865565, -11.894073486414314 ], [ 40.517955780286243, -11.850979804986039 ], [ 40.462158202790057, -11.813761711046133 ], [ 40.466560364420481, -11.742855071716196 ], [ 40.442138671713522, -11.737779617347499 ], [ 40.436599731043934, -11.694050788824839 ], [ 40.420394896558456, -11.700010300147223 ], [ 40.442890166798975, -11.675508499429732 ], [ 40.417289734082772, -11.679423331823546 ], [ 40.442539214961606, -11.666858673291358 ], [ 40.441673279347192, -11.648475646636047 ], [ 40.418640137181363, -11.657608031787436 ], [ 40.432720183938144, -11.627314568314961 ], [ 40.461883544938395, -11.614200592185853 ], [ 40.423854828186592, -11.57867145472613 ], [ 40.418727875040204, -11.553739547844089 ], [ 40.45235824570431, -11.526840209583966 ], [ 40.438625336358079, -11.503386496765344 ], [ 40.455997466577678, -11.48692226362753 ], [ 40.47649765021427, -11.406768798617151 ], [ 40.447929382303052, -11.41300868977515 ], [ 40.433254241557869, -11.398827552925184 ], [ 40.4293365483109, -11.415223121925511 ], [ 40.407264708567268, -11.366336822662149 ], [ 40.389816284361878, -11.350523948697244 ], [ 40.372436523394697, -11.365123748737993 ], [ 40.361309051639296, -11.330778121788843 ], [ 40.324417113926479, -11.297313690150634 ], [ 40.379753112583963, -11.33072757719189 ], [ 40.425060271981863, -11.276245116994499 ], [ 40.434360504179288, -11.229940413690809 ], [ 40.510086059969055, -11.195658683573129 ], [ 40.491714478086074, -11.14800262539255 ], [ 40.551242828339205, -11.077045440566291 ], [ 40.566505432325194, -11.030181884757884 ], [ 40.505817412588861, -11.007277488636902 ], [ 40.50712585422017, -11.022891998238826 ], [ 40.50212097235034, -10.997580527990714 ], [ 40.482627869326073, -10.999965667653111 ], [ 40.490901946912707, -10.973058701169869 ], [ 40.488731383691722, -10.985889434921159 ], [ 40.498992919832709, -10.980403899591984 ], [ 40.493556975819125, -10.949350357005105 ], [ 40.515972137149738, -10.912199973921322 ], [ 40.61956787104112, -10.830554008195659 ], [ 40.493553161729722, -10.772576331966821 ], [ 40.481662750116456, -10.797450066202341 ], [ 40.485694884791755, -10.753915787118551 ], [ 40.498588562093154, -10.724614142763222 ], [ 40.4969406128996, -10.738515853958219 ], [ 40.513931274089678, -10.73544788424714 ], [ 40.576068877757208, -10.69002914416437 ], [ 40.630493164408712, -10.707262992827538 ], [ 40.640693665361063, -10.690902709627093 ], [ 40.627693175712878, -10.672718048248342 ], [ 40.574111937829059, -10.656507492275935 ], [ 40.584415436336698, -10.599885940632614 ], [ 40.53845214776176, -10.575849532778658 ], [ 40.483798980951612, -10.589352607785596 ], [ 40.476905823158603, -10.555233002050368 ], [ 40.483295440645449, -10.555501938013023 ], [ 40.483364104783028, -10.566599846354841 ], [ 40.503929137633001, -10.551852225648695 ], [ 40.522670745571823, -10.557217598062696 ], [ 40.549568175644204, -10.53755378662693 ], [ 40.529254913396905, -10.484013556929117 ], [ 40.511554717689471, -10.480863570846122 ], [ 40.478691100627216, -10.51173591622856 ], [ 40.480670929333264, -10.493179321317569 ], [ 40.500808715862959, -10.488224029864046 ], [ 40.430156707879163, -10.480318069072592 ] ] ] ] } },
{ "type": "Feature", "properties": { "loc": "MZ-A1-0002" }, "geometry": { "type": "Polygon", "coordinates": [ [ [ 32.440219879123276, -21.309146880572087 ], [ 32.399799347041416, -21.327598572264254 ], [ 31.503978728554603, -22.25149536121274 ], [ 31.381504059284048, -22.371784210263893 ], [ 31.306301116553158, -22.420892714807831 ], [ 31.558734893750216, -23.178861617650441 ], [ 31.545722960998056, -23.403367995584293 ], [ 31.557096480970014, -23.470005035152045 ], [ 31.689426422143839, -23.619413376274071 ], [ 31.695379256899368, -23.720554352249405 ], [ 31.762060165396498, -23.880664825369195 ], [ 31.874818802098247, -23.950801849173779 ], [ 31.913469315244956, -24.190849304308596 ], [ 31.952618737453019, -24.251192564441929 ], [ 32.077617594164863, -24.204636797107163 ], [ 32.193018359897643, -24.216896968576854 ], [ 32.283069846984112, -24.25672077260224 ], [ 32.337113827429441, -24.244533536150396 ], [ 32.403418420911599, -24.256816460467959 ], [ 32.47855021460898, -24.329801735218574 ], [ 32.540498317631474, -24.347911324804453 ], [ 32.560880710605957, -24.33511557895303 ], [ 32.609461742536219, -24.382484392847562 ], [ 32.657390608827299, -24.379438628210618 ], [ 32.72299705206553, -24.407752064070557 ], [ 32.715580779807617, -24.51635710762519 ], [ 32.836550669318797, -24.674642810825102 ], [ 32.839373440448171, -24.725789805625634 ], [ 32.875396295330042, -24.752657472870435 ], [ 32.86678244790572, -24.777707402755848 ], [ 32.886245488720199, -24.762952891336813 ], [ 32.9546711476182, -24.763128541991456 ], [ 32.903007320673559, -24.856050117253673 ], [ 32.916164355644582, -24.896981865580074 ], [ 32.938953827195441, -24.899541470108669 ], [ 32.943897725970608, -24.915875261172008 ], [ 32.904223943023538, -24.946339825311806 ], [ 32.905383555673616, -24.970932045153663 ], [ 32.925983320814147, -24.981027230615286 ], [ 32.914344229988082, -25.044161340363228 ], [ 32.923560650415183, -25.069314319767425 ], [ 32.999180925415885, -25.087389634200544 ], [ 32.980713469350619, -25.123747698292046 ], [ 33.007126955355425, -25.134048885771868 ], [ 33.010029937490458, -25.153583060379162 ], [ 32.989140048678088, -25.204760539666541 ], [ 33.098174026629259, -25.203256004743761 ], [ 33.126834312930185, -25.245732695616322 ], [ 33.133482760732079, -25.381311878624938 ], [ 33.353965759000147, -25.270168303999977 ], [ 33.73406601, -25.115940093999892 ], [ 34.472606884523174, -24.861932431635307 ], [ 34.434510986017699, -24.807554333904051 ], [ 34.299525102520647, -24.796381269096649 ], [ 34.29745011592432, -24.711325086052053 ], [ 34.447741140242925, -24.635969610347267 ], [ 34.370484535934089, -24.541701195292557 ], [ 34.351521279648921, -24.540367974321068 ], [ 34.427481365662729, -24.460823988642669 ], [ 34.414354739131291, -24.452689494742511 ], [ 34.316143188715245, -24.486478265669746 ], [ 34.266604481605555, -24.487881887260968 ], [ 34.14266602328032, -24.537720183386472 ], [ 33.99903256385354, -24.353360313216136 ], [ 33.99444034384954, -24.090278728721962 ], [ 33.971902693124655, -24.071907958701736 ], [ 33.937310286435398, -24.074080241119148 ], [ 33.921795724743156, -24.02699380508713 ], [ 33.937577572858523, -23.987580349043828 ], [ 33.922963183306841, -23.980031384650417 ], [ 33.930302981511794, -23.922533287658613 ], [ 33.909375225936635, -23.88389027897038 ], [ 33.942571468217544, -23.86604414617333 ], [ 33.915673562776348, -23.835520322926577 ], [ 33.930158309331603, -23.82239270158593 ], [ 33.916177284389569, -23.776156921177897 ], [ 33.931943929240603, -23.716497935833662 ], [ 33.955645175983427, -23.703591580409181 ], [ 33.933050383764694, -23.657336713312564 ], [ 33.890843671434503, -23.664170314880643 ], [ 33.931734393802273, -23.619433780966762 ], [ 33.926553966290683, -23.605520325096133 ], [ 33.946738005432429, -23.586484037286585 ], [ 33.926672307689408, -23.576242016524066 ], [ 33.950526183492734, -23.549656813575485 ], [ 33.929640332000886, -23.531217399462005 ], [ 33.925013137595471, -23.485321149987296 ], [ 33.88861253658785, -23.485267659079682 ], [ 33.882676869715347, -23.440794222934972 ], [ 33.863629711939801, -23.432646374836445 ], [ 33.868157934113476, -23.403627470066283 ], [ 33.841397300019906, -23.394669019577123 ], [ 33.845006192771564, -23.354347709625237 ], [ 33.869012565025471, -23.360782852073395 ], [ 33.871461704500518, -23.342049780908084 ], [ 33.888994407495808, -23.346024546276571 ], [ 33.901560327847889, -23.329816707673427 ], [ 33.872194194921725, -23.323114536810422 ], [ 33.876802595157805, -23.26972470954987 ], [ 33.842824469498147, -23.237348946527185 ], [ 33.849828547883952, -23.184340581829058 ], [ 33.823621047921506, -23.1786626166449 ], [ 33.832738416618945, -23.159899049388869 ], [ 33.773819330888642, -23.109945956842374 ], [ 33.773788888131264, -23.082920135204613 ], [ 33.740829199728793, -23.089585917038317 ], [ 33.71684584381466, -23.037906845559778 ], [ 33.689352786525752, -23.024575059459899 ], [ 33.697409662983922, -23.000055394528744 ], [ 33.681250410345456, -22.949581733178363 ], [ 33.647699544569711, -22.916082610421554 ], [ 33.645937185267748, -22.891845199078901 ], [ 33.604768104585979, -22.89669525224252 ], [ 33.570996031150045, -22.845714225264139 ], [ 33.505824502136093, -22.806188103357176 ], [ 33.502326415380992, -22.783529898852354 ], [ 33.483832394848392, -22.778153301208807 ], [ 33.493811911075646, -22.756080657173786 ], [ 33.468966303957735, -22.745016608752969 ], [ 33.453959075299032, -22.708660470224999 ], [ 33.420236468534839, -22.703218989924693 ], [ 33.357571261992582, -22.659399649198701 ], [ 33.326412153120835, -22.665546657983175 ], [ 33.265761327452594, -22.55802881897662 ], [ 33.310608148816137, -22.444722728123793 ], [ 33.316574630210596, -22.382389844224718 ], [ 33.383733764284194, -22.381512666506435 ], [ 33.354299130353247, -22.316580114900212 ], [ 33.371656490045552, -22.269287874558955 ], [ 33.330697310521927, -22.243688609693638 ], [ 33.326001376968271, -22.223280977410734 ], [ 33.338510218081332, -22.152996781576476 ], [ 33.361105149670088, -22.147811010666722 ], [ 33.362585335207783, -22.128402796208405 ], [ 33.325067198407368, -22.060399565948966 ], [ 33.342340659806382, -22.002258878801765 ], [ 33.253788410708154, -21.949952237083096 ], [ 33.195323399895869, -21.860164322283907 ], [ 33.166480075447545, -21.787818317865607 ], [ 33.189666406347342, -21.741121182113069 ], [ 33.161158736492382, -21.685635305774657 ], [ 33.187519015453169, -21.617864943705815 ], [ 33.204456612556164, -21.620210904129337 ], [ 33.209778312617232, -21.586856876402919 ], [ 33.241685142652365, -21.568797172088065 ], [ 33.235795225777785, -21.532134036544729 ], [ 33.272558220290392, -21.530987862141785 ], [ 33.295969569575625, -21.503513939084055 ], [ 33.23657741474463, -21.471185868741753 ], [ 33.196903733214654, -21.477594146659577 ], [ 33.123873559093596, -21.520499536017116 ], [ 33.068524823322001, -21.580415755667296 ], [ 32.984977444230289, -21.573869868883925 ], [ 32.954096891819106, -21.553521316050087 ], [ 32.963904727751313, -21.53538145753862 ], [ 32.953204356072732, -21.507930343587226 ], [ 32.908209147764232, -21.482889917781648 ], [ 32.877881624016894, -21.50540305735316 ], [ 32.824261143316349, -21.505025295329098 ], [ 32.698942210693659, -21.412418351373756 ], [ 32.650372549232941, -21.391556709522511 ], [ 32.562018532508432, -21.395279456729547 ], [ 32.440219879123276, -21.309146880572087 ] ] ] } },
{ "type": "Feature", "properties": { "loc": "MZ-A1-0003" }, "geometry": { "type": "MultiPolygon", "coordinates": [ [ [ [ 35.526523590003244, -22.175552368111532 ], [ 35.52288055420577, -22.170421600041038 ], [ 35.519218444687027, -22.175863266440835 ], [ 35.526523590003244, -22.175552368111532 ] ] ], [ [ [ 35.519939423243443, -22.14614868200249 ], [ 35.531185149552634, -22.15991973879126 ], [ 35.534519196281465, -22.136064529041203 ], [ 35.519939423243443, -22.14614868200249 ] ] ], [ [ [ 35.428756713556666, -21.959371566603462 ], [ 35.420989990301024, -21.970054625779326 ], [ 35.420230865367351, -21.980449677069917 ], [ 35.436107635264356, -21.979690552136248 ], [ 35.428756713556666, -21.959371566603462 ] ] ], [ [ [ 35.461681365841926, -21.805725097618115 ], [ 35.45381927487913, -21.844852447765199 ], [ 35.411880492929924, -21.863796234091918 ], [ 35.444862366344623, -21.913440704108126 ], [ 35.46866226239306, -21.817611694307185 ], [ 35.461681365841926, -21.805725097618115 ] ] ], [ [ [ 35.34281539906047, -21.616308212226979 ], [ 35.334491730158248, -21.611120223892048 ], [ 35.341918944952369, -21.626483917071941 ], [ 35.34281539906047, -21.616308212226979 ] ] ], [ [ [ 35.45334243836912, -21.503276825359134 ], [ 35.479526519899217, -21.524953842040077 ], [ 35.461349486555825, -21.563913345418499 ], [ 35.463523864700917, -21.626152039179217 ], [ 35.431106566780933, -21.658145904803575 ], [ 35.447418212846529, -21.703659058412764 ], [ 35.425132750842039, -21.726284027080126 ], [ 35.455341338997869, -21.794872284322423 ], [ 35.497879028060929, -21.642333984120036 ], [ 35.487625121768254, -21.630344390774962 ], [ 35.497852325390809, -21.564538956101845 ], [ 35.483905791984981, -21.514825821048692 ], [ 35.45334243836912, -21.503276825359134 ] ] ], [ [ [ 35.128657536824051, -21.197972829834647 ], [ 35.128067016787533, -21.175092697422397 ], [ 35.120517730716863, -21.16257095273966 ], [ 35.122116088594737, -21.178924561171989 ], [ 35.128657536824051, -21.197972829834647 ] ] ], [ [ [ 35.131607055664951, -20.957437514559807 ], [ 35.118404388395717, -20.975580215384774 ], [ 35.112079620122252, -20.96117210403952 ], [ 35.082279204565516, -20.959009170666846 ], [ 34.920218371724353, -21.007471617651156 ], [ 34.914591541210562, -21.022901275203768 ], [ 34.822384509581319, -21.058463709163004 ], [ 34.756388714144073, -21.131444579932882 ], [ 34.658158333882604, -21.089498176581149 ], [ 34.57563699197491, -21.135973926666377 ], [ 34.51522237386552, -21.141420912112356 ], [ 34.493214869761282, -21.167401456635918 ], [ 34.454311778471727, -21.170454885337712 ], [ 34.447578605459427, -21.209318952621285 ], [ 34.395792939908119, -21.243830575357507 ], [ 34.342607172207487, -21.310738787679909 ], [ 34.318520664921373, -21.315880688982251 ], [ 34.244765927931944, -21.25923513010877 ], [ 34.168508421897968, -21.315426439256772 ], [ 34.138211470884841, -21.316153036793576 ], [ 34.115330510526078, -21.289995018570011 ], [ 33.962995028927111, -21.307238156364331 ], [ 33.93628392082929, -21.326739754935179 ], [ 33.921535828221337, -21.39443956141012 ], [ 33.8641348439808, -21.415913192781758 ], [ 33.789842167243336, -21.384388048585738 ], [ 33.737484274090015, -21.422735154371523 ], [ 33.659147964178914, -21.380466446098726 ], [ 33.626165382961872, -21.392785316943733 ], [ 33.511321592791653, -21.381795469405777 ], [ 33.4634193591396, -21.41957422104506 ], [ 33.45857834922942, -21.442707277745313 ], [ 33.389435459719628, -21.474686027049387 ], [ 33.333213297498645, -21.474930027156084 ], [ 33.272558220290392, -21.530987862141785 ], [ 33.236916773213245, -21.530825663682855 ], [ 33.241685142652365, -21.568797172088065 ], [ 33.209778312617232, -21.586856876402919 ], [ 33.204456612556164, -21.620210904129337 ], [ 33.187519015453169, -21.617864943705815 ], [ 33.161158736492382, -21.685635305774657 ], [ 33.189666406347342, -21.741121182113069 ], [ 33.166480075447545, -21.787818317865607 ], [ 33.195323399895869, -21.860164322283907 ], [ 33.253788410708154, -21.949952237083096 ], [ 33.342340659806382, -22.002258878801765 ], [ 33.325067198407368, -22.060399565948966 ], [ 33.362585335207783, -22.128402796208405 ], [ 33.361105149670088, -22.147811010666722 ], [ 33.338510218081332, -22.152996781576476 ], [ 33.326001376968271, -22.223280977410734 ], [ 33.330697310521927, -22.243688609693638 ], [ 33.371656490045552, -22.269287874558955 ], [ 33.354299130353247, -22.316580114900212 ], [ 33.383733764284194, -22.381512666506435 ], [ 33.316574630210596, -22.382389844224718 ], [ 33.310608148816137, -22.444722728123793 ], [ 33.265761327452594, -22.55802881897662 ], [ 33.326412153120835, -22.665546657983175 ], [ 33.357571261992582, -22.659399649198701 ], [ 33.420236468534839, -22.703218989924693 ], [ 33.453959075299032, -22.708660470224999 ], [ 33.468966303957735, -22.745016608752969 ], [ 33.493811911075646, -22.756080657173786 ], [ 33.483832394848392, -22.778153301208807 ], [ 33.502326415380992, -22.783529898852354 ], [ 33.505824502136093, -22.806188103357176 ], [ 33.570996031150045, -22.845714225264139 ], [ 33.604768104585979, -22.89669525224252 ], [ 33.645937185267748, -22.891845199078901 ], [ 33.647699544569711, -22.916082610421554 ], [ 33.681250410345456, -22.949581733178363 ], [ 33.697409662983922, -23.000055394528744 ], [ 33.689352786525752, -23.024575059459899 ], [ 33.71684584381466, -23.037906845559778 ], [ 33.740829199728793, -23.089585917038317 ], [ 33.773788888131264, -23.082920135204613 ], [ 33.773819330888642, -23.109945956842374 ], [ 33.828538367335646, -23.15279832367079 ], [ 33.823621047921506, -23.1786626166449 ], [ 33.849828547883952, -23.184340581829058 ], [ 33.843637008556229, -23.240339526849233 ], [ 33.876802595157805, -23.26972470954987 ], [ 33.872194194921725, -23.323114536810422 ], [ 33.901491668635884, -23.327405934874349 ], [ 33.891439682325988, -23.344994633432407 ], [ 33.871461704500518, -23.342049780908084 ], [ 33.869012565025471, -23.360782852073395 ], [ 33.845006192771564, -23.354347709625237 ], [ 33.841397300019906, -23.394669019577123 ], [ 33.868157934113476, -23.403627470066283 ], [ 33.863629711939801, -23.432646374836445 ], [ 33.882676869715347, -23.440794222934972 ], [ 33.88861253658785, -23.485267659079682 ], [ 33.925013137595471, -23.485321149987296 ], [ 33.929640332000886, -23.531217399462005 ], [ 33.950488036491087, -23.549385982940855 ], [ 33.926672307689408, -23.576242016524066 ], [ 33.946738005432429, -23.586484037286585 ], [ 33.926553966290683, -23.605520325096133 ], [ 33.931734393802273, -23.619433780966762 ], [ 33.890843671434503, -23.664170314880643 ], [ 33.933050383764694, -23.657336713312564 ], [ 33.955645175983427, -23.703591580409181 ], [ 33.931943929240603, -23.716497935833662 ], [ 33.916177284389569, -23.776156921177897 ], [ 33.930158309331603, -23.82239270158593 ], [ 33.915673562776348, -23.835520322926577 ], [ 33.942571468217544, -23.86604414617333 ], [ 33.909375225936635, -23.88389027897038 ], [ 33.930302981511794, -23.922533287658613 ], [ 33.922963183306841, -23.980031384650417 ], [ 33.937577572858523, -23.987580349043828 ], [ 33.921795724743156, -24.02699380508713 ], [ 33.937310286435398, -24.074080241119148 ], [ 33.971902693124655, -24.071907958701736 ], [ 33.99444034384954, -24.090278728721962 ], [ 33.99903256385354, -24.353360313216136 ], [ 34.14266602328032, -24.537720183386472 ], [ 34.266604481605555, -24.487881887260968 ], [ 34.426909156047394, -24.458396045832934 ], [ 34.351521279648921, -24.540367974321068 ], [ 34.370484535934089, -24.541701195292557 ], [ 34.447741140242925, -24.635969610347267 ], [ 34.29745011592432, -24.711325086052053 ], [ 34.299525102520647, -24.796381269096649 ], [ 34.434510986017699, -24.807554333904051 ], [ 34.472606884523174, -24.861932431635307 ], [ 34.830234528000084, -24.740814209000032 ], [ 35.013328552000132, -24.661388397000032 ], [ 35.150371551559033, -24.580545424754167 ], [ 35.202156067201905, -24.524534224997122 ], [ 35.227573394849486, -24.45976257270717 ], [ 35.478641510444518, -24.153596877962617 ], [ 35.501613617421626, -24.102798461748701 ], [ 35.499683380031165, -24.000177383348657 ], [ 35.556262969955768, -23.867858887060137 ], [ 35.540500640587723, -23.843616485894263 ], [ 35.539836884260488, -23.792684555430025 ], [ 35.480121612617964, -23.778720855765027 ], [ 35.510211945320727, -23.79538154580381 ], [ 35.486087798708645, -23.808053970096758 ], [ 35.497211456439217, -23.849483490252958 ], [ 35.467819214380945, -23.856538773327877 ], [ 35.480030059835101, -23.880905151433755 ], [ 35.460346222295982, -23.881221771249898 ], [ 35.434646605552032, -23.844148636332644 ], [ 35.446968079309059, -23.867794036947391 ], [ 35.390644072861335, -23.836360930994264 ], [ 35.396186829354313, -23.866693496989381 ], [ 35.378845214930386, -23.862255096277799 ], [ 35.395347594611458, -23.915645598747485 ], [ 35.33005142220226, -24.002849579310318 ], [ 35.324150084645325, -23.952302932696593 ], [ 35.346397400106554, -23.907836913704998 ], [ 35.337348937889814, -23.88661193765325 ], [ 35.378795624305269, -23.697238921801226 ], [ 35.345088959374614, -23.692562102721308 ], [ 35.332931519227664, -23.714689255018676 ], [ 35.334083557030858, -23.683763504047132 ], [ 35.391223906878132, -23.663608551258267 ], [ 35.396907805671006, -23.669858932108671 ], [ 35.394836425980571, -23.721492767242051 ], [ 35.401504516740388, -23.731292725443613 ], [ 35.395309447793132, -23.7330188751856 ], [ 35.407505035349409, -23.733190535979091 ], [ 35.434677123770562, -23.646636962890181 ], [ 35.422237396359023, -23.607778548705753 ], [ 35.426208495845692, -23.499618529636116 ], [ 35.494152068559202, -23.302936553855783 ], [ 35.487640380695083, -23.17260360674798 ], [ 35.511646270954721, -23.098163604843428 ], [ 35.592430115037068, -22.971101760623384 ], [ 35.604564667404794, -22.924600601022508 ], [ 35.565483092749815, -22.912527083843507 ], [ 35.54743957455603, -22.883436202804134 ], [ 35.54929733288489, -22.896768570298857 ], [ 35.579154967806872, -22.93590354939488 ], [ 35.546371459654438, -22.924173354702141 ], [ 35.514019011847196, -22.786300658833984 ], [ 35.503917693700814, -22.584699631285158 ], [ 35.539707183768101, -22.433736800831742 ], [ 35.544162749839572, -22.321924209553682 ], [ 35.530235291054382, -22.251419067155268 ], [ 35.54375457813984, -22.121849059905244 ], [ 35.522388457989464, -22.225114821810624 ], [ 35.488719939602063, -22.10336685241732 ], [ 35.463733673199052, -22.09538078271596 ], [ 35.44258499113301, -22.128059386750291 ], [ 35.450191498367488, -22.14922523507559 ], [ 35.41753005969305, -22.173189162968491 ], [ 35.420055389273344, -22.198770523359993 ], [ 35.374053955054521, -22.225587845421749 ], [ 35.368953704578345, -22.208150864190038 ], [ 35.352722168321939, -22.212146758884813 ], [ 35.358924866218132, -22.199993133695187 ], [ 35.34862899755872, -22.209028243677501 ], [ 35.351100921798682, -22.223520278856771 ], [ 35.336948395080938, -22.222816466725618 ], [ 35.32558822644404, -21.993494034041476 ], [ 35.312744141357598, -21.96927833644509 ], [ 35.321285248344068, -21.913425446146476 ], [ 35.284477233565994, -21.817173004049909 ], [ 35.284576415989335, -21.732776642198552 ], [ 35.268241882177641, -21.706850051858687 ], [ 35.276897429693165, -21.641420363829059 ], [ 35.134540557621143, -21.40924835190026 ], [ 35.114219665748827, -21.33969497707167 ], [ 35.116386414045607, -21.254007338697804 ], [ 35.078968048280714, -21.316175460858936 ], [ 35.062595367026482, -21.274551392163147 ], [ 35.078166961879674, -21.254699706955996 ], [ 35.047904968383428, -21.247875214199933 ], [ 35.045581818090312, -21.224029540860737 ], [ 35.057907104073514, -21.241865158280596 ], [ 35.093955993917838, -21.246376038053864 ], [ 35.105911254744484, -21.224632262898705 ], [ 35.095230103030715, -21.199960708849733 ], [ 35.083942412556134, -21.216203689878469 ], [ 35.078689575007736, -21.183231353774094 ], [ 35.06077957196355, -21.172914504830679 ], [ 35.051403046057615, -21.183650970246241 ], [ 35.041187286308109, -21.166673660391226 ], [ 35.06637191797347, -21.134237288749972 ], [ 35.055374146443562, -21.121700287068727 ], [ 35.042011261354524, -21.143072127806576 ], [ 35.032768249698819, -21.115432739059784 ], [ 35.008438109774822, -21.11272048988884 ], [ 35.027198792334282, -21.097143172649439 ], [ 35.015705109447147, -21.068058013996275 ], [ 35.039604187227305, -21.08318519626993 ], [ 35.049236297760835, -21.069065093709231 ], [ 35.049400329605383, -21.090011597387463 ], [ 35.077430724692107, -21.075021744288151 ], [ 35.086975098266073, -21.086112976063113 ], [ 35.094356536668712, -21.051376342774123 ], [ 35.074447632096408, -21.025966644075481 ], [ 35.097415924149487, -21.014532088914887 ], [ 35.0994834898151, -21.037916183415287 ], [ 35.131607055664951, -20.957437514559807 ] ] ] ] } },
{ "type": "Feature", "properties": { "loc": "MZ-A1-0004" }, "geometry": { "type": "Polygon", "coordinates": [ [ [ 33.792973538339531, -16.388479382402998 ], [ 33.740798859797785, -16.401103341753753 ], [ 33.714618007866669, -16.434771878264257 ], [ 33.69707388750939, -16.42278863257696 ], [ 33.557514210054272, -16.428485328454293 ], [ 33.501265286392311, -16.47726109323937 ], [ 33.470594494482363, -16.485101720393303 ], [ 33.456842170544334, -16.52013968040729 ], [ 33.434762242869489, -16.530667629880469 ], [ 33.446454414817715, -16.587543583713327 ], [ 33.393314523705385, -16.639393835566274 ], [ 33.396545599868276, -16.658588349419645 ], [ 33.372340801296332, -16.690805479908732 ], [ 33.3260103410732, -16.710747545429875 ], [ 33.303010986516526, -16.755302643891845 ], [ 33.285932050932253, -16.855549298748507 ], [ 33.245110082120576, -16.895999978147458 ], [ 33.218135645050616, -16.984515161074931 ], [ 33.145448852379765, -17.035413672258315 ], [ 33.142725031888389, -17.071596011531923 ], [ 33.104535270537063, -17.10413926237635 ], [ 33.127732839817213, -17.137743056249022 ], [ 33.091076596257039, -17.180459556785181 ], [ 33.090851406904278, -17.23857903892565 ], [ 33.049296951286635, -17.301981515079937 ], [ 33.05221515959532, -17.347547519147803 ], [ 33.019950866932334, -17.377346038933617 ], [ 32.998134612715582, -17.453147887809898 ], [ 32.95911788907263, -17.494495391594178 ], [ 32.981430053747331, -17.562820435259944 ], [ 33.009185791384468, -17.568735122572932 ], [ 33.043239593725581, -17.603378295616956 ], [ 33.017898560063799, -17.671182631818105 ], [ 33.020229340205219, -17.720329284813729 ], [ 33.001972197951922, -17.724973678837323 ], [ 33.026683806905531, -17.762845992693514 ], [ 33.010131835907274, -17.801548003648108 ], [ 32.969337462845459, -17.801979064892585 ], [ 32.960117339835136, -17.817531586024508 ], [ 32.953769683815658, -17.907041549938185 ], [ 32.97676086361475, -17.923219680854267 ], [ 32.942176819196632, -17.988943100054655 ], [ 32.971931458361894, -18.142305374404181 ], [ 32.997604369737701, -18.16887855481211 ], [ 33.002094269226966, -18.304750442589501 ], [ 33.055019378833116, -18.361913681082157 ], [ 33.02377700760649, -18.391122817601158 ], [ 33.014350891284337, -18.473749161032153 ], [ 32.979068756221821, -18.489604949745875 ], [ 32.960350036928375, -18.47800254781653 ], [ 32.884502410761343, -18.522294997653255 ], [ 32.89562606759263, -18.557826995856352 ], [ 32.885898590251408, -18.579069138167362 ], [ 32.954124451286084, -18.690193176111428 ], [ 32.927791595281555, -18.766281127710108 ], [ 32.89242172236019, -18.796283721654653 ], [ 32.813739776645022, -18.781335830922075 ], [ 32.704097747688486, -18.844362258849401 ], [ 32.730739594032642, -18.92542839094569 ], [ 32.700408936398908, -18.94058227499027 ], [ 32.715484618995596, -19.018342972288593 ], [ 32.756988524776212, -19.029001236256263 ], [ 32.83346176072731, -19.016389847151949 ], [ 32.877395629824804, -19.097869873132382 ], [ 32.849842072001977, -19.293630600448175 ], [ 32.775615692358286, -19.370508194074176 ], [ 32.782382964849909, -19.466814040611794 ], [ 32.844867705927818, -19.476455687556275 ], [ 32.852764130308323, -19.623767852880384 ], [ 32.835136413662482, -19.677169800122485 ], [ 32.889709473361464, -19.684671402339674 ], [ 32.968814849573604, -19.654869080220209 ], [ 32.980754851603088, -19.685037612572032 ], [ 32.958652496063792, -19.723031997704865 ], [ 33.038768767812364, -19.766946793436091 ], [ 33.056304931808214, -19.799211501617457 ], [ 33.010944366170612, -20.018785476676371 ], [ 32.920478821070667, -20.047615051234139 ], [ 32.919818877868799, -20.115175246680828 ], [ 32.887477874833984, -20.102754592990557 ], [ 32.868179321248583, -20.111581802198941 ], [ 32.855682372673321, -20.15606117162632 ], [ 32.871269226323676, -20.189477921209601 ], [ 32.838897704795166, -20.21934509344181 ], [ 32.866519928182072, -20.239982605353468 ], [ 32.863986968753558, -20.287055969397997 ], [ 32.807044982783516, -20.339258194421021 ], [ 32.800704955712888, -20.371370316397822 ], [ 32.668682097944256, -20.555044173760443 ], [ 32.567066193135418, -20.560861587753898 ], [ 32.49204635603963, -20.618545531912517 ], [ 32.485641478856344, -20.674533843923548 ], [ 32.516838074284614, -20.914373397673906 ], [ 32.468414307141501, -21.011777877606711 ], [ 32.366718292155682, -21.136676788296608 ], [ 32.405830382606325, -21.16989135679415 ], [ 32.399326323691149, -21.206573486270845 ], [ 32.524122625199269, -21.36989193106125 ], [ 32.562789115965209, -21.395479720705971 ], [ 32.650372548594518, -21.391556709767826 ], [ 32.697336191752093, -21.411624930139887 ], [ 32.827343479058548, -21.505946506219779 ], [ 32.877881624277748, -21.505403057598475 ], [ 32.90820914777418, -21.482889917828899 ], [ 32.953204355736645, -21.507930343204244 ], [ 32.96390472776126, -21.535381457981376 ], [ 32.954096891498565, -21.553521316049377 ], [ 32.984977444094042, -21.573869868593047 ], [ 33.068524823701871, -21.580415755875929 ], [ 33.123873559457486, -21.520499536118191 ], [ 33.196903732861252, -21.477594146645988 ], [ 33.236577414856093, -21.471185869126067 ], [ 33.295988642801909, -21.503618837732667 ], [ 33.343223278671573, -21.471029718040494 ], [ 33.389435460018682, -21.474686026932059 ], [ 33.45857834895186, -21.442707278011945 ], [ 33.498782407922022, -21.388762634881168 ], [ 33.53617486961479, -21.376310266598967 ], [ 33.594910927937192, -21.392302711794201 ], [ 33.659147963847715, -21.38046644566343 ], [ 33.737484274020289, -21.422735154697129 ], [ 33.788503180617489, -21.384452892080756 ], [ 33.828520163514973, -21.389997364480266 ], [ 33.864134843588403, -21.415913192633166 ], [ 33.913101338995801, -21.402427117510928 ], [ 33.93994985764003, -21.351808690711941 ], [ 33.938370610355619, -21.323743465781767 ], [ 33.962995029137524, -21.307238156109513 ], [ 34.009630652672698, -21.310917348250506 ], [ 34.01193873122773, -21.255044392278325 ], [ 34.036155015182011, -21.219233874037528 ], [ 34.043937294011194, -21.163940739766755 ], [ 34.100731762800898, -21.128000601340172 ], [ 34.111768038804193, -21.074629989176156 ], [ 33.991274718093969, -21.000697013349971 ], [ 33.893463873126208, -21.000872268600105 ], [ 33.898503694556794, -20.795198072093157 ], [ 33.845066456119035, -20.739321212164 ], [ 33.810882252081186, -20.740347239693158 ], [ 33.724256418465913, -20.706010807412589 ], [ 33.720975859815049, -20.645198094875909 ], [ 33.647598778327868, -20.595761987885197 ], [ 33.663975751146978, -20.53698626946057 ], [ 33.60581951182796, -20.533661805907414 ], [ 33.472382780407926, -20.416270230746306 ], [ 33.495481404909846, -20.349299082246652 ], [ 33.468488146677565, -20.312456665702342 ], [ 33.472009230190238, -20.293330765852247 ], [ 33.513735294877854, -20.27009482305813 ], [ 33.458474707971355, -20.168960850103623 ], [ 33.384601775632504, -20.092554345114877 ], [ 33.423470612959463, -20.052181759488619 ], [ 33.454492362713438, -20.051743158328073 ], [ 33.476648696461218, -20.000642256942584 ], [ 33.509356568032302, -20.003777844879615 ], [ 33.550052686563291, -19.961221464307144 ], [ 33.593026149318419, -19.950933849625407 ], [ 33.599915699930648, -19.922450995724894 ], [ 33.626229952031693, -19.949940241756714 ], [ 33.676569751773698, -19.936810839556607 ], [ 33.748878673393122, -19.995291086622302 ], [ 33.8285694758817, -19.928806428182092 ], [ 33.820230559873501, -19.850145709165105 ], [ 33.8497151389236, -19.770191958400133 ], [ 33.810407889293735, -19.686797394292292 ], [ 33.769021433292799, -19.671270392690232 ], [ 33.73754204699452, -19.612162765150302 ], [ 33.749879062191148, -19.597387330635563 ], [ 33.935784477510232, -19.599111862482133 ], [ 33.938119888666073, -19.254491054502147 ], [ 34.05869795256956, -18.947943072581722 ], [ 34.034317784126102, -18.922036873960302 ], [ 34.012050926353901, -18.930766305083324 ], [ 33.947066340366426, -18.885379396227457 ], [ 33.897993283831376, -18.791512186494863 ], [ 33.841404930669974, -18.78665622302416 ], [ 33.806259505849155, -18.744164580921741 ], [ 33.734305318758153, -18.704032133924109 ], [ 33.723410365731198, -18.684368389352194 ], [ 33.738055359813437, -18.649259804141316 ], [ 33.730082565775398, -18.610031521183771 ], [ 33.775196111996252, -18.598067445425052 ], [ 33.778274802966145, -18.519202770153953 ], [ 33.885191482960529, -18.518520181889464 ], [ 33.869070292214985, -18.497040731050078 ], [ 33.872480769250259, -18.464422993942001 ], [ 33.85239220145889, -18.44855465801745 ], [ 33.859255069669857, -18.406106976845926 ], [ 33.84211525515498, -18.422211739402172 ], [ 33.832070972033833, -18.413936174482885 ], [ 33.846040751085781, -18.377860620947395 ], [ 33.82834785019687, -18.367431759737762 ], [ 33.827459151911064, -18.29866405768108 ], [ 33.805291525502881, -18.286102886622494 ], [ 33.833669667088841, -18.268579155491608 ], [ 33.850904890962795, -18.232940371951315 ], [ 33.90370522221987, -18.212653086718866 ], [ 33.949986245675881, -18.1237220690643 ], [ 34.027529148529766, -18.129388644501802 ], [ 34.059454803163668, -18.222447092967542 ], [ 34.074034878024172, -18.218687936596467 ], [ 34.11992652197403, -18.262747334876742 ], [ 34.151280162557228, -18.257513907758316 ], [ 34.188375161681819, -18.191883701785727 ], [ 34.254046446893973, -18.218598631603115 ], [ 34.291057683034985, -18.072030593852432 ], [ 34.263206207901078, -17.976370679312751 ], [ 34.291820901128958, -17.94033902965149 ], [ 34.240157533314743, -17.880520056889807 ], [ 34.185114175641864, -17.871206872164528 ], [ 34.208560022290904, -17.747754675801808 ], [ 34.202467881374275, -17.720744244168607 ], [ 34.160757191099776, -17.695721099108219 ], [ 34.163049990147911, -17.634858973621981 ], [ 34.138952139411884, -17.595800439248421 ], [ 34.18977660337891, -17.477913662481548 ], [ 34.202796541029237, -17.419010307771643 ], [ 34.186843226721329, -17.382602866487765 ], [ 34.20591726123353, -17.296853138414029 ], [ 34.231388567180367, -17.265179557194799 ], [ 34.174449326134528, -17.226500518884528 ], [ 34.266793874868675, -17.058600154469609 ], [ 34.312323254629575, -17.029779851607344 ], [ 34.469987936045442, -16.987988567494305 ], [ 34.535571743742679, -16.870902905395994 ], [ 34.509280328108659, -16.867734926917336 ], [ 34.507319562235793, -16.852490314663008 ], [ 34.541149074719826, -16.798704158185188 ], [ 34.493063887150953, -16.778657026320069 ], [ 34.4889821315831, -16.749849993716118 ], [ 34.461145768959987, -16.726909606559119 ], [ 34.359276030471477, -16.737916143562437 ], [ 34.280138618794474, -16.700213595324165 ], [ 34.210660118545221, -16.715021324523072 ], [ 34.129443750459956, -16.62669287250651 ], [ 34.069883727704422, -16.606481700196078 ], [ 34.010888236381511, -16.616366847241174 ], [ 33.998539886387157, -16.577447594922923 ], [ 33.957115264392833, -16.575481154658348 ], [ 33.918845515585382, -16.543660622752299 ], [ 33.792973538339531, -16.388479382402998 ] ] ] } },
{ "type": "Feature", "properties": { "loc": "MZ-A1-0005" }, "geometry": { "type": "MultiPolygon", "coordinates": [ [ [ [ 32.71904754629341, -25.857841492161175 ], [ 32.728057861067619, -25.831476211627894 ], [ 32.724521636850255, -25.818628310718065 ], [ 32.708885192783598, -25.83953476039094 ], [ 32.71904754629341, -25.857841492161175 ] ] ], [ [ [ 32.077304782875814, -24.2046348888497 ], [ 31.952618737635095, -24.251192564647365 ], [ 31.987941742000135, -24.304212570000065 ], [ 32.009761810000136, -24.438405990999982 ], [ 32.000892639000114, -24.679853439 ], [ 32.044391632000071, -25.128454208000054 ], [ 32.025043488000136, -25.373081206999974 ], [ 31.981618881000117, -25.485845566 ], [ 31.980987549000105, -25.519571304 ], [ 32.000476837000079, -25.525247574 ], [ 32.012565613000135, -25.637622832999977 ], [ 31.938053131182041, -25.830791472618579 ], [ 32.004108428995828, -25.990304946985979 ], [ 32.087741852139771, -26.010902404892281 ], [ 32.108066559159397, -26.165948868415793 ], [ 32.076694488898774, -26.364118575725918 ], [ 32.080219269243173, -26.409088135023588 ], [ 32.136699676614398, -26.535560608179058 ], [ 32.133663176879722, -26.834974289175676 ], [ 32.185634613012617, -26.860670090096143 ], [ 32.229438782239704, -26.832778930746585 ], [ 32.385421752577805, -26.862577437565797 ], [ 32.874084473385722, -26.864162445007981 ], [ 32.895973205764797, -26.856843948356616 ], [ 32.888000488297862, -26.827816009967979 ], [ 32.906436919937256, -26.708976745715155 ], [ 32.895183562880469, -26.656450272297153 ], [ 32.932472229319245, -26.452297210682655 ], [ 32.924461365309057, -26.397382735959422 ], [ 32.963161468825618, -26.08138656613415 ], [ 32.909248352328504, -26.108720778937759 ], [ 32.888408661129752, -26.156902312788514 ], [ 32.90684127820137, -26.115535736182242 ], [ 32.921707152561943, -26.102861404427284 ], [ 32.898380280124805, -26.139713287235459 ], [ 32.907817841219376, -26.15715599085329 ], [ 32.890789031687397, -26.158151626693197 ], [ 32.870944977227836, -26.202047347803873 ], [ 32.888000487631373, -26.158473968895549 ], [ 32.870426178124511, -26.197387694983124 ], [ 32.866950989095791, -26.258142471394933 ], [ 32.88714981081403, -26.282562255740508 ], [ 32.833934784372097, -26.288263321030318 ], [ 32.72465515072399, -26.18291091883869 ], [ 32.682109832782601, -26.18377494833544 ], [ 32.666389464881931, -26.119636535677863 ], [ 32.60840606716625, -26.03445053104743 ], [ 32.569725145878827, -26.084720552391797 ], [ 32.53518999220443, -26.075809719723079 ], [ 32.455590778886766, -26.092181439886456 ], [ 32.440419517242383, -26.060854597826303 ], [ 32.472673477594363, -26.057061144121366 ], [ 32.495131178656443, -26.027561568876138 ], [ 32.473541259568641, -25.983942031709265 ], [ 32.552715674935619, -25.905605619013986 ], [ 32.568589294143315, -25.810673572048518 ], [ 32.698017120012267, -25.853776931691822 ], [ 32.701866150021033, -25.823360442762059 ], [ 32.732406615890795, -25.807788848808148 ], [ 32.752628326254509, -25.872680664013274 ], [ 32.734760283778321, -25.806118010969218 ], [ 32.741001129117052, -25.764186858868236 ], [ 32.807834625164602, -25.615913390863202 ], [ 32.910114287641022, -25.519035338982658 ], [ 33.133482760732079, -25.381311878624938 ], [ 33.130622354717808, -25.255703867622529 ], [ 33.098174026629259, -25.203256004743761 ], [ 32.989140048678088, -25.204760539666541 ], [ 33.010029937490458, -25.153583060379162 ], [ 33.007126955355425, -25.134048885771868 ], [ 32.980713469350619, -25.123747698292046 ], [ 32.999180925415885, -25.087389634200544 ], [ 32.921699044983512, -25.067483344409606 ], [ 32.925983320814147, -24.981027230615286 ], [ 32.905642959242734, -24.971330663300598 ], [ 32.903602124124767, -24.949486803398194 ], [ 32.915897229197313, -24.925480149357341 ], [ 32.943897725970608, -24.915875261172008 ], [ 32.938953827195441, -24.899541470108669 ], [ 32.916164355644582, -24.896981865580074 ], [ 32.903007320673559, -24.856050117253673 ], [ 32.9546711476182, -24.763128541991456 ], [ 32.886245488720199, -24.762952891336813 ], [ 32.86678244790572, -24.777707402755848 ], [ 32.875396295330042, -24.752657472870435 ], [ 32.839373440448171, -24.725789805625634 ], [ 32.836550669318797, -24.674642810825102 ], [ 32.715580779807617, -24.51635710762519 ], [ 32.72299705206553, -24.407752064070557 ], [ 32.657390608827299, -24.379438628210618 ], [ 32.609461742536219, -24.382484392847562 ], [ 32.560880710605957, -24.33511557895303 ], [ 32.540498317296539, -24.347911324490038 ], [ 32.478550214991166, -24.329801734832216 ], [ 32.403418421020582, -24.256816460672951 ], [ 32.337113827189633, -24.244533536165317 ], [ 32.283069847420656, -24.256720772970922 ], [ 32.193018359575674, -24.216896968953709 ], [ 32.077304782875814, -24.2046348888497 ] ] ] ] } },
{ "type": "Feature", "properties": { "loc": "MZ-A1-0006" }, "geometry": { "type": "MultiPolygon", "coordinates": [ [ [ [ 32.995342255131185, -25.970279694201945 ], [ 32.958511352607012, -25.996980667373357 ], [ 32.943645477347069, -25.985172272132093 ], [ 32.9156303410576, -26.001743316850021 ], [ 32.897617339558757, -26.049749374083806 ], [ 32.905838012704343, -26.068298340045857 ], [ 32.927600860681402, -26.04578590444536 ], [ 32.914569855104943, -26.022254944359666 ], [ 32.940483093210382, -26.032169342190823 ], [ 32.957340240150131, -26.077625274636205 ], [ 32.995342255131185, -25.970279694201945 ] ] ], [ [ [ 32.921646117749326, -25.968294143580515 ], [ 32.906780243388752, -25.969102858930491 ], [ 32.904048919597173, -25.97338485674646 ], [ 32.914890289130746, -25.981750488015329 ], [ 32.921646117749326, -25.968294143580515 ] ] ], [ [ [ 32.494724274192862, -25.973325729275629 ], [ 32.49040082302654, -26.036394090791291 ], [ 32.472356850675155, -26.05723661125726 ], [ 32.440778112107168, -26.05910373152863 ], [ 32.453832170005633, -26.091109552740352 ], [ 32.535189991811642, -26.075809719519558 ], [ 32.569725145486039, -26.084720552188365 ], [ 32.604157475174311, -26.043508506988697 ], [ 32.557434082304049, -25.974180221916363 ], [ 32.494724274192862, -25.973325729275629 ] ] ], [ [ [ 32.698707581330666, -25.884679794246033 ], [ 32.678501128864831, -25.936410903649207 ], [ 32.687595366573774, -25.935731887625444 ], [ 32.698707581330666, -25.884679794246033 ] ] ], [ [ [ 32.69655609133126, -25.878032683613004 ], [ 32.697185307396737, -25.853316512398692 ], [ 32.568589293801594, -25.81067357207921 ], [ 32.552715675129029, -25.905605618755843 ], [ 32.510062541893525, -25.934990695915481 ], [ 32.501282381617266, -25.959816686042778 ], [ 32.529029846391033, -25.939018250343491 ], [ 32.594799041982903, -25.982151030697107 ], [ 32.671783447189014, -25.888210296819256 ], [ 32.69655609133126, -25.878032683613004 ] ] ] ] } },
{ "type": "Feature", "properties": { "loc": "MZ-A1-0007" }, "geometry": { "type": "MultiPolygon", "coordinates": [ [ [ [ 39.795867435699726, -16.349895782725014 ], [ 39.80634689286088, -16.31344223033544 ], [ 39.804092406705337, -16.307340621633152 ], [ 39.785301208350212, -16.319217681911269 ], [ 39.795867435699726, -16.349895782725014 ] ] ], [ [ [ 39.883270263738645, -16.276292800728243 ], [ 39.831058501775409, -16.290323257068721 ], [ 39.798770904980287, -16.342956542966114 ], [ 39.856594085775434, -16.424671172592568 ], [ 39.910923003820585, -16.410175323388557 ], [ 39.909175872895233, -16.366733551268453 ], [ 39.95243454034879, -16.306549071838283 ], [ 39.914932250749793, -16.329389572027168 ], [ 39.9123840334234, -16.352870940797359 ], [ 39.912986754562084, -16.328565597880122 ], [ 39.931221008170006, -16.305952072186436 ], [ 39.891357421734632, -16.331674575777114 ], [ 39.922748566220299, -16.293279647893492 ], [ 39.910591125207283, -16.276763915977988 ], [ 39.85463333079057, -16.320890427407342 ], [ 39.854591370222572, -16.311725616300258 ], [ 39.883270263738645, -16.276292800728243 ] ] ], [ [ [ 40.766414641992675, -15.078006743720531 ], [ 40.7712249762222, -15.089990615578676 ], [ 40.776432037379116, -15.08313274358555 ], [ 40.766414641992675, -15.078006743720531 ] ] ], [ [ [ 40.782794952029398, -15.048803329173667 ], [ 40.781661987015063, -15.056977271747131 ], [ 40.78710555997759, -15.056578635558983 ], [ 40.782794952029398, -15.048803329173667 ] ] ], [ [ [ 40.74624252317912, -15.027729988338214 ], [ 40.734817505328849, -15.030602455328969 ], [ 40.726448059135777, -15.046545981901451 ], [ 40.732707977296499, -15.043716430558797 ], [ 40.74624252317912, -15.027729988338214 ] ] ], [ [ [ 40.830062866415453, -14.848252296433097 ], [ 40.811920165590486, -14.84950161033778 ], [ 40.825813292756528, -14.857460022288917 ], [ 40.816680907605139, -14.875745772875872 ], [ 40.828437804967997, -14.863773345790056 ], [ 40.830062866415453, -14.848252296433097 ] ] ], [ [ [ 40.829593657550888, -14.792696952942476 ], [ 40.833980560384155, -14.800111770582182 ], [ 40.836444854775898, -14.798229217944494 ], [ 40.829593657550888, -14.792696952942476 ] ] ], [ [ [ 40.10412061137373, -13.448341015439526 ], [ 40.109777891050271, -13.48065255844624 ], [ 39.999706357766165, -13.511748128397196 ], [ 39.981120729182017, -13.560369428927379 ], [ 39.932787511531075, -13.585733794165391 ], [ 39.933306297233649, -13.609803188100946 ], [ 39.858700682648461, -13.680260451260031 ], [ 39.788691941741426, -13.679664371350244 ], [ 39.754637466620522, -13.663057982632056 ], [ 39.656239104687373, -13.731781539338874 ], [ 39.597026174130647, -13.733207145113903 ], [ 39.57636915050665, -13.752745866059881 ], [ 39.52170342530804, -13.759993332202482 ], [ 39.477143013037384, -13.791067983197449 ], [ 39.436591896741682, -13.852594619588389 ], [ 39.380892374271014, -13.853510040111241 ], [ 39.353097912684767, -13.867895385979436 ], [ 39.348096722299921, -13.887917608991442 ], [ 39.287155687317146, -13.900759962480171 ], [ 39.192835323767504, -13.962728072110588 ], [ 39.144990451110075, -13.936869633345152 ], [ 39.08879497682868, -13.967255757918908 ], [ 39.044814392560703, -14.013577857639971 ], [ 38.973222512491326, -14.022162280138508 ], [ 38.835280176744945, -14.107764889145626 ], [ 38.808569112724399, -14.120275416551388 ], [ 38.786538805571645, -14.107207922329225 ], [ 38.71741503953853, -14.156017039785242 ], [ 38.664237103324105, -14.140310841735106 ], [ 38.60100719041467, -14.165540728088112 ], [ 38.559143876622613, -14.148715944289416 ], [ 38.525310628680778, -14.161646056513979 ], [ 38.437769237284535, -14.119829673208796 ], [ 38.364487397892191, -14.142663096691701 ], [ 38.342647790688957, -14.163929777513131 ], [ 38.308040175505944, -14.149828543198508 ], [ 38.251829454772, -14.169354826865368 ], [ 38.187775505928144, -14.233094792857328 ], [ 38.147899661856002, -14.241041272925605 ], [ 38.123603336766756, -14.264738731553896 ], [ 38.019746125084573, -14.252211845208331 ], [ 37.928611089648655, -14.319139735559363 ], [ 37.856405128183766, -14.250976717525178 ], [ 37.790913089618115, -14.248572562488528 ], [ 37.728972537938198, -14.301473670245459 ], [ 37.71346166463946, -14.30303472987582 ], [ 37.692327850115902, -14.275714412343545 ], [ 37.60713248154056, -14.291779013833407 ], [ 37.615280763879021, -14.351919142746718 ], [ 37.549449142056126, -14.404516995124085 ], [ 37.485483034114374, -14.386237907131074 ], [ 37.469972126002148, -14.415388181422719 ], [ 37.420837794772801, -14.448228929522335 ], [ 37.41753797707451, -14.478086806310932 ], [ 37.331426982384421, -14.556152998135198 ], [ 37.210227722027454, -14.613694356707098 ], [ 37.183688367551447, -14.592172044769837 ], [ 37.149988651468604, -14.594217520424737 ], [ 37.047481759832159, -14.669826210044691 ], [ 37.003188409059305, -14.6775056664624 ], [ 36.949224567331683, -14.71427342163283 ], [ 36.938333347586592, -14.744017810941481 ], [ 36.85231393720553, -14.797425264659482 ], [ 36.835403008884384, -14.823344671836216 ], [ 36.844840739707983, -14.837926508703704 ], [ 36.828524943002471, -14.84411835127313 ], [ 36.835147364895384, -14.862867510220925 ], [ 36.764730387418467, -14.909977270080256 ], [ 36.765699308580082, -14.932679183197452 ], [ 36.695534075583979, -15.001210143248047 ], [ 37.186377238145006, -15.001210781441189 ], [ 37.210463684375959, -15.029084215711388 ], [ 37.235892963177299, -15.033332632134668 ], [ 37.239997678568173, -15.019717782761168 ], [ 37.267608908120607, -15.098056874897205 ], [ 37.317654881936093, -15.134295512861142 ], [ 37.334252961277983, -15.136763506766739 ], [ 37.370283548835324, -15.103485019844866 ], [ 37.403693290637676, -15.141405825195521 ], [ 37.406279640822092, -15.190899744516086 ], [ 37.459110466930255, -15.178266232221651 ], [ 37.512433447907277, -15.129070867236917 ], [ 37.615249145987427, -15.203618460993164 ], [ 37.624633444385438, -15.238496231950817 ], [ 37.694996947119321, -15.246547748262442 ], [ 37.760672147619566, -15.212989883051533 ], [ 37.829738648912091, -15.204979546644372 ], [ 37.878941564989908, -15.238987664341243 ], [ 37.900075433051974, -15.225548299776916 ], [ 37.945356792498096, -15.235823629394664 ], [ 38.005481417742395, -15.263017180173046 ], [ 38.007175126701696, -15.302096601203187 ], [ 38.033630562383657, -15.321748870937403 ], [ 38.051132759424121, -15.312932659205016 ], [ 38.057984072850402, -15.329554295020833 ], [ 38.097474626485663, -15.32376681285186 ], [ 38.11302743027575, -15.348475172206124 ], [ 38.142710198683041, -15.342709611142437 ], [ 38.131281080560285, -15.383908919760716 ], [ 38.17091656801329, -15.399745765765173 ], [ 38.193919602970219, -15.442824706776205 ], [ 38.226142987686309, -15.4556147225013 ], [ 38.254868263396915, -15.438137729748737 ], [ 38.284253446699559, -15.458119957961182 ], [ 38.316774412419306, -15.44904914626626 ], [ 38.326833955137687, -15.463083611507324 ], [ 38.365405142079943, -15.462978759806846 ], [ 38.399009435908248, -15.506930279767241 ], [ 38.428943970312304, -15.509125553561278 ], [ 38.444351792931144, -15.550018787428057 ], [ 38.526674579164357, -15.591460435847717 ], [ 38.597598765444765, -15.674948219647257 ], [ 38.686414347527034, -15.679683059573703 ], [ 38.706521953112315, -15.736766899632217 ], [ 38.753401674428325, -15.774013527091492 ], [ 38.785041427456456, -15.766334999782396 ], [ 38.808822692243119, -15.799493422380186 ], [ 38.822880030807148, -15.883510410920556 ], [ 38.849930590395175, -15.891242411892572 ], [ 38.845455816520534, -15.924709777235348 ], [ 38.876092247461656, -15.945983218137362 ], [ 38.87239566031532, -16.000691567544045 ], [ 38.918729859559988, -16.046365361651119 ], [ 38.912233262003625, -16.074047101715827 ], [ 38.942583552522727, -16.120776539005099 ], [ 38.917821816498353, -16.144599902433669 ], [ 38.921609804341131, -16.209274576477121 ], [ 38.945089674840752, -16.263798919001538 ], [ 38.98318018850707, -16.27628379058104 ], [ 39.014167451958528, -16.396028295286236 ], [ 39.042091566065054, -16.427284261775824 ], [ 39.041954185629315, -16.46388429484098 ], [ 39.021300967058124, -16.483607091910372 ], [ 39.041248368009938, -16.528539905808607 ], [ 38.999991555458045, -16.541669331391162 ], [ 38.986304024103582, -16.630348592430181 ], [ 39.001795794232699, -16.6549806851271 ], [ 39.047115298624249, -16.674940064149268 ], [ 39.046405692161144, -16.718450054343137 ], [ 39.138234807982144, -16.837277289232148 ], [ 39.129597328745845, -16.858146583414694 ], [ 39.143440246762161, -16.901819228591108 ], [ 39.186309814438523, -16.846883773583876 ], [ 39.273841858007451, -16.786537169771165 ], [ 39.254634857205005, -16.793407439818075 ], [ 39.21405792222744, -16.768594741670562 ], [ 39.246417998983617, -16.7649040220196 ], [ 39.23653411874669, -16.698833466308031 ], [ 39.261783599625609, -16.773918151717915 ], [ 39.301586150872346, -16.779134750185158 ], [ 39.340091705260107, -16.743865967357152 ], [ 39.536582947122888, -16.645864486931842 ], [ 39.550350188987636, -16.622093201015709 ], [ 39.713363646692592, -16.530075072881623 ], [ 39.715538024837592, -16.514514922800764 ], [ 39.719173430786846, -16.524639129767316 ], [ 39.784759520812898, -16.489610671870295 ], [ 39.792041779282293, -16.474308013879039 ], [ 39.77185058561362, -16.482711791691166 ], [ 39.784976958897147, -16.472110747987934 ], [ 39.865573882741359, -16.437347411901463 ], [ 39.831512450552019, -16.414148331328349 ], [ 39.803607940766682, -16.417205811347024 ], [ 39.82432174666414, -16.398305893050491 ], [ 39.773948669308488, -16.322347641278512 ], [ 39.810268401678286, -16.287420272575481 ], [ 39.779861450058753, -16.289752960178916 ], [ 39.755313873370781, -16.258035659627978 ], [ 39.782859801872519, -16.283941268784567 ], [ 39.855140686227877, -16.264114379684891 ], [ 39.858409881944681, -16.237161635910802 ], [ 39.887615204412384, -16.237316132243777 ], [ 39.876121520625887, -16.20140838559854 ], [ 39.895908356165357, -16.1738758088255 ], [ 39.902908324639107, -16.189191818151905 ], [ 39.886054992623464, -16.204687119019304 ], [ 39.904735565373649, -16.246034621904215 ], [ 39.961288451980117, -16.242549895565176 ], [ 40.027530670283831, -16.186656952160575 ], [ 40.050369263010701, -16.129804611097946 ], [ 40.1038131708208, -16.076898575213065 ], [ 40.138141632410061, -15.972036361992538 ], [ 40.114685058847975, -16.004512786739689 ], [ 40.082229614384822, -16.004055022825007 ], [ 40.063613891747295, -16.027822494716304 ], [ 40.068859099802125, -16.008180618388401 ], [ 40.110778808929425, -15.993559837164286 ], [ 40.126850128265303, -15.963988303564937 ], [ 40.117954254020148, -15.948867797858137 ], [ 40.143543242814182, -15.921437262751239 ], [ 40.144611358615144, -15.941972733086908 ], [ 40.123729705948939, -15.953193665087364 ], [ 40.162326813119741, -15.941345214941462 ], [ 40.350822448698707, -15.746908188424859 ], [ 40.428497313801728, -15.616909027392369 ], [ 40.50993347195385, -15.559374808663231 ], [ 40.501861571855748, -15.544219017156637 ], [ 40.516216277860671, -15.532231331273662 ], [ 40.525478363237553, -15.545532226993421 ], [ 40.566379546980201, -15.495259284650944 ], [ 40.583152770570265, -15.412940979411973 ], [ 40.630889892740761, -15.354170799012492 ], [ 40.680397033582629, -15.249838828768249 ], [ 40.66416931225033, -15.184452057285915 ], [ 40.620071410953287, -15.145326613701561 ], [ 40.587409973178126, -15.163109779062369 ], [ 40.596408844079278, -15.18045425422976 ], [ 40.56653213543612, -15.201395034622502 ], [ 40.514053344972325, -15.176981925944412 ], [ 40.504470824855098, -15.193923949999634 ], [ 40.503047942694828, -15.168574333208264 ], [ 40.518615722623906, -15.168918609875261 ], [ 40.527629852322221, -15.127093315173658 ], [ 40.560607909913529, -15.124478340272509 ], [ 40.582447051876379, -15.141962051177062 ], [ 40.632560730339975, -15.087041854603635 ], [ 40.669807434155146, -15.09676170261285 ], [ 40.711891174227723, -15.084976196016965 ], [ 40.696796417010482, -15.033129691904092 ], [ 40.658130645959147, -14.989797591591271 ], [ 40.658512114988667, -15.013939856844607 ], [ 40.637046814005849, -14.988562584101663 ], [ 40.619003296416288, -14.99497032213233 ], [ 40.627498627011285, -14.983115196318943 ], [ 40.652019500550765, -14.979076385076786 ], [ 40.638874054445338, -14.958341598895332 ], [ 40.675670623551717, -14.99163055391657 ], [ 40.741870880388063, -15.000033379346613 ], [ 40.754486084416484, -14.989313126009664 ], [ 40.742797852090483, -15.009266852792715 ], [ 40.76014327963987, -15.000030517703868 ], [ 40.76699829088971, -15.014151572646652 ], [ 40.776779175369917, -14.999729155785603 ], [ 40.739719390888439, -14.935420035615811 ], [ 40.696029663089774, -14.927570342706799 ], [ 40.696651458849011, -14.943292618069572 ], [ 40.651412963588683, -14.918484688127533 ], [ 40.637096405078786, -14.844809531648552 ], [ 40.650650023783307, -14.839445114314566 ], [ 40.640468596552225, -14.850340843369205 ], [ 40.663433074580482, -14.894907950655425 ], [ 40.653598784759858, -14.907399177743843 ], [ 40.755115509177152, -14.874704360731707 ], [ 40.818687438877923, -14.827687262770974 ], [ 40.833648681844927, -14.836259842431778 ], [ 40.835006713892454, -14.804210663105623 ], [ 40.82949829081727, -14.815147400346264 ], [ 40.817115783670253, -14.801037788377249 ], [ 40.826190947657835, -14.775858879098005 ], [ 40.836933136358887, -14.780465125678967 ], [ 40.83823776216672, -14.682409285673971 ], [ 40.799743651651923, -14.627619742970756 ], [ 40.840549468586872, -14.543190955811982 ], [ 40.802314757623691, -14.525825500360591 ], [ 40.790840149357201, -14.560331345129464 ], [ 40.760562897063792, -14.555455208405112 ], [ 40.786102294646597, -14.52612114002241 ], [ 40.826820373722704, -14.518017769048621 ], [ 40.827209472600536, -14.453174590978437 ], [ 40.808395385600029, -14.41058540313769 ], [ 40.675762176844401, -14.458190917620596 ], [ 40.671428680250834, -14.55804443404727 ], [ 40.617111206242242, -14.606816292114202 ], [ 40.627414703114653, -14.553122519596952 ], [ 40.649314880266139, -14.526628493918194 ], [ 40.621063232171061, -14.519106864698374 ], [ 40.661102295223316, -14.479887961768336 ], [ 40.637573241700352, -14.491450309692324 ], [ 40.624797820751404, -14.463400840884423 ], [ 40.669734954992833, -14.468184470645086 ], [ 40.643264771240815, -14.437076569436426 ], [ 40.649955749746645, -14.383649826086932 ], [ 40.62137222283603, -14.329976081968889 ], [ 40.640571593790256, -14.330180167818797 ], [ 40.674606323309384, -14.383268355988134 ], [ 40.73534774838604, -14.331855773863113 ], [ 40.740100860552474, -14.274500846674966 ], [ 40.715305327764852, -14.253450393958824 ], [ 40.719676970901673, -14.206145287213536 ], [ 40.694316864417992, -14.185931205798765 ], [ 40.685035706219033, -14.201023102272627 ], [ 40.666748047270787, -14.191853522959976 ], [ 40.623764038166001, -14.215223311944582 ], [ 40.611907959071246, -14.285861968593229 ], [ 40.60792541481225, -14.282104492266791 ], [ 40.611865996704601, -14.269947052152967 ], [ 40.596572876023572, -14.275425910915287 ], [ 40.601058959689453, -14.250519753422177 ], [ 40.587905883735722, -14.238137245375883 ], [ 40.598163604952596, -14.220151900727897 ], [ 40.584571837906168, -14.205566406202943 ], [ 40.566707611253463, -14.216436385868827 ], [ 40.572254180871994, -14.23245525404502 ], [ 40.551422118622092, -14.233136176631513 ], [ 40.558521270626301, -14.217934607834161 ], [ 40.525173186979245, -14.172169685420945 ], [ 40.559494018720201, -14.142953873260923 ], [ 40.58731079064669, -14.152694701937209 ], [ 40.611381531019077, -14.141512870660746 ], [ 40.608947754221646, -14.107075690928641 ], [ 40.589118957659963, -14.09230804411923 ], [ 40.628150939860618, -14.079980849805731 ], [ 40.63942336973939, -14.024502753768433 ], [ 40.623870850406121, -13.997462273034779 ], [ 40.592796325736501, -14.007692337400803 ], [ 40.577224730883309, -13.997398376203398 ], [ 40.587608337401569, -13.976103782732709 ], [ 40.623760223002613, -13.984107017793958 ], [ 40.618156433119559, -13.930185318167256 ], [ 40.590484619316435, -13.89047336642202 ], [ 40.575237274127609, -13.71548747983269 ], [ 40.541698455975649, -13.684988975683778 ], [ 40.537570952694004, -13.638536453217844 ], [ 40.563060760302548, -13.595767020554652 ], [ 40.594894409006464, -13.581227303320455 ], [ 40.600963592652342, -13.553516387894062 ], [ 40.571189879765811, -13.56813526165608 ], [ 40.542457580909321, -13.542288780226121 ], [ 40.546909332056678, -13.566820145256566 ], [ 40.521003722900183, -13.539888381766476 ], [ 40.544021606268764, -13.539073944030379 ], [ 40.528541565097811, -13.516787528744524 ], [ 40.460382343826794, -13.515298878263684 ], [ 40.449666682428145, -13.471890042914227 ], [ 40.416226383197738, -13.455869180940995 ], [ 40.357803110881498, -13.45527883717166 ], [ 40.219860821049146, -13.499994952546681 ], [ 40.18410878364088, -13.468937393210025 ], [ 40.10412061137373, -13.448341015439526 ] ] ] ] } },
{ "type": "Feature", "properties": { "loc": "MZ-A1-0008" }, "geometry": { "type": "Polygon", "coordinates": [ [ [ 37.917678833264326, -11.26474666559627 ], [ 37.833850860681416, -11.310476303109063 ], [ 37.830154418644248, -11.372141838245398 ], [ 37.772743225372309, -11.464233397823254 ], [ 37.790229797020238, -11.481255530788292 ], [ 37.786609649868232, -11.510848044671729 ], [ 37.751762390075015, -11.549690246777633 ], [ 37.660324097132168, -11.577162742936409 ], [ 37.590450286702414, -11.622204780920597 ], [ 37.501766205297159, -11.614956855868908 ], [ 37.439006804971108, -11.64425945260632 ], [ 37.417091369921827, -11.683660506921534 ], [ 37.385803222991356, -11.69152832027045 ], [ 37.333812714036561, -11.677354813268703 ], [ 37.275177002067963, -11.635467529197818 ], [ 37.224765778169143, -11.652225494405677 ], [ 37.082698822343772, -11.625100135657451 ], [ 37.021289825116312, -11.584735869659291 ], [ 36.981437682553988, -11.58111858415003 ], [ 36.92282485973152, -11.606809615617664 ], [ 36.806221007945204, -11.567368507297182 ], [ 36.770061493395225, -11.64551162690648 ], [ 36.685272216591557, -11.705474854227482 ], [ 36.630950928394711, -11.731897354126009 ], [ 36.574146271185484, -11.698281287797574 ], [ 36.519550322841212, -11.760069846592547 ], [ 36.504322052272933, -11.743266105892491 ], [ 36.519195557381089, -11.699855803748704 ], [ 36.49237823478083, -11.680645942976575 ], [ 36.388111114649334, -11.67749023360809 ], [ 36.354892731227686, -11.712429047083539 ], [ 36.299205780235724, -11.719578742785419 ], [ 36.269905089894152, -11.689672469986245 ], [ 36.219127654863691, -11.707676888355412 ], [ 36.183757781942326, -11.661479949617704 ], [ 36.201026917304745, -11.581877707867694 ], [ 36.182594299333672, -11.544845581136354 ], [ 36.155380249445237, -11.569554329346587 ], [ 36.130466461204534, -11.549882888961882 ], [ 36.117893218643395, -11.510992049721036 ], [ 36.066757202329249, -11.540213585166548 ], [ 36.043235778654591, -11.493429184087312 ], [ 36.001464844373331, -11.48000621799028 ], [ 35.987194061303143, -11.456215858352881 ], [ 35.969993590977758, -11.451468467673376 ], [ 35.961986541891676, -11.46477413159861 ], [ 35.946487426999539, -11.42130947083313 ], [ 35.915107727285935, -11.43652820588974 ], [ 35.858238219964136, -11.427043915122326 ], [ 35.844001770311742, -11.409412383552375 ], [ 35.814781189046961, -11.417870521784845 ], [ 35.777885437309322, -11.468462943787561 ], [ 35.77161026035153, -11.458340645182385 ], [ 35.771732329829518, -11.471177101319974 ], [ 35.713943480653519, -11.476066589379297 ], [ 35.713306426996319, -11.505508422753241 ], [ 35.64697265590965, -11.56103515592557 ], [ 35.577873230311617, -11.547463416780968 ], [ 35.553272246962862, -11.56783962167891 ], [ 35.532585143735709, -11.555967331404915 ], [ 35.516761780078397, -11.580675125434414 ], [ 35.496570587309094, -11.558159828191261 ], [ 35.443584441614853, -11.582666397114316 ], [ 35.422061920367511, -11.580579757727349 ], [ 35.418209076334094, -11.561029434438552 ], [ 34.642639159657961, -11.582510948094438 ], [ 34.634094237747291, -11.662075043301368 ], [ 34.425277710186585, -12.159544945415668 ], [ 34.408390044753233, -12.254641532953059 ], [ 34.417018889598459, -12.366979599002015 ], [ 34.523887634195326, -12.729703902685774 ], [ 34.508152008396863, -12.849020003642941 ], [ 34.552051544431649, -13.047113418921798 ], [ 34.523674011035276, -13.358145713926286 ], [ 34.603542328004387, -13.48178196014196 ], [ 34.875232697316996, -13.486806869922942 ], [ 35.082271576358025, -13.687877655411286 ], [ 35.23052978500013, -13.881432533000028 ], [ 35.483947754089883, -14.167406081730773 ], [ 35.52862930280444, -14.264555931216718 ], [ 35.869655608623795, -14.669203758052431 ], [ 35.870037078850935, -14.890387535318085 ], [ 35.916820525749529, -14.891188621719033 ], [ 35.789688110280018, -15.166123389955823 ], [ 35.853546284295611, -15.441665977376308 ], [ 36.08727535093864, -15.448739149765347 ], [ 36.119010481610424, -15.430881675222532 ], [ 36.276469017693046, -15.48022037664243 ], [ 36.289095961471439, -15.452298349862305 ], [ 36.269011202566972, -15.434747867893163 ], [ 36.267115320177844, -15.394175077890894 ], [ 36.31014601488868, -15.36398156866783 ], [ 36.351814893204747, -15.294382504022687 ], [ 36.510433262848117, -15.247376805184134 ], [ 36.620363738020899, -15.154516145128218 ], [ 36.626768791294083, -15.120897179692873 ], [ 36.638972274859803, -15.105660231147946 ], [ 36.660254892840207, -15.109978257858449 ], [ 36.665031033504945, -15.07907615870643 ], [ 36.698524795624131, -15.045996980329869 ], [ 36.698681272705201, -14.995062149776663 ], [ 36.765699308580082, -14.932679183197452 ], [ 36.764730387418467, -14.909977270080256 ], [ 36.835147364895384, -14.862867510220925 ], [ 36.837730030511509, -14.816384192380029 ], [ 36.88332808836504, -14.768801405749256 ], [ 36.933786132205114, -14.747587209833492 ], [ 36.946764035305556, -14.716372339047991 ], [ 37.002726821073431, -14.67775742190476 ], [ 37.047481759832159, -14.669826210044691 ], [ 37.149988651468604, -14.594217520424737 ], [ 37.183688367551447, -14.592172044769837 ], [ 37.210227722027454, -14.613694356707098 ], [ 37.331426982384421, -14.556152998135198 ], [ 37.41753797707451, -14.478086806310932 ], [ 37.420837794772801, -14.448228929522335 ], [ 37.469972126002148, -14.415388181422719 ], [ 37.485483034114374, -14.386237907131074 ], [ 37.549449142056126, -14.404516995124085 ], [ 37.615280763879021, -14.351919142746718 ], [ 37.606453451241016, -14.292198606338415 ], [ 37.692327850115902, -14.275714412343545 ], [ 37.71346166463946, -14.30303472987582 ], [ 37.728972537938198, -14.301473670245459 ], [ 37.790913089618115, -14.248572562488528 ], [ 37.856405128183766, -14.250976717525178 ], [ 37.928611089648655, -14.319139735559363 ], [ 38.018178252153533, -14.252839326139812 ], [ 38.123603336766756, -14.264738731553896 ], [ 38.147899661856002, -14.241041272925605 ], [ 38.187775505928144, -14.233094792857328 ], [ 38.251829454772, -14.169354826865368 ], [ 38.308040175505944, -14.149828543198508 ], [ 38.342647790688957, -14.163929777513131 ], [ 38.402680933106424, -14.129159863679865 ], [ 38.363129378811443, -14.10778249521414 ], [ 38.346596204822823, -14.058280005381809 ], [ 38.335445614625861, -14.062814461368236 ], [ 38.280455718236027, -13.99962842178777 ], [ 38.291236295495899, -13.977557828038824 ], [ 38.258726834889103, -13.93899049664409 ], [ 38.251238486381425, -13.892948712224397 ], [ 38.167443297521721, -13.772547297490691 ], [ 38.172433128230608, -13.679528258013287 ], [ 38.144459427596487, -13.646929651265973 ], [ 38.14373091455824, -13.550928639234174 ], [ 38.104034441203218, -13.493935448334062 ], [ 38.061728582446307, -13.508067109245127 ], [ 38.036909767330265, -13.416034094382036 ], [ 38.095695498710157, -13.357229134060324 ], [ 38.145855968553413, -13.350040794462982 ], [ 38.184350907230638, -13.300036778827186 ], [ 38.172692984844794, -13.275894904549725 ], [ 38.222014319746158, -13.162997710923642 ], [ 38.21586112889571, -13.126736279217701 ], [ 38.188966991647924, -13.109848583291319 ], [ 38.11139734864296, -13.139261977049534 ], [ 38.060836372304188, -13.106681474971184 ], [ 37.983228637756952, -13.085587305109049 ], [ 37.938057950558282, -13.041260111160737 ], [ 37.997888932929449, -12.976199410412637 ], [ 37.994341222714333, -12.949205269601549 ], [ 38.045077827506226, -12.843219936543449 ], [ 38.026293907326583, -12.819422317453188 ], [ 38.047366771352152, -12.768735502891904 ], [ 38.023612306430131, -12.645572536107963 ], [ 38.049972455403527, -12.585572673458234 ], [ 38.04642856720951, -12.550721658760366 ], [ 38.079109782947143, -12.502608682406802 ], [ 38.070286253652817, -12.462074086209185 ], [ 38.085022756499534, -12.430709527480843 ], [ 38.206508152520193, -12.31725934391763 ], [ 38.201674867709414, -12.284306035809944 ], [ 38.233795324643026, -12.22136140610619 ], [ 38.221973375960637, -12.186839386896509 ], [ 38.380114904931638, -12.095346350224023 ], [ 38.423168636675996, -11.892174743939421 ], [ 38.424599242214029, -11.82413203883268 ], [ 38.402275277534805, -11.729621587136752 ], [ 38.40853161639378, -11.611924845925081 ], [ 38.446717615578265, -11.486256828859709 ], [ 38.487752812694907, -11.419988409707482 ], [ 38.368377685634449, -11.374582290710311 ], [ 38.326931000118357, -11.330098152178181 ], [ 38.286453246872597, -11.331917763064503 ], [ 38.268363953186615, -11.288017272849071 ], [ 38.163543701433454, -11.280072212232994 ], [ 38.111724854171435, -11.260012627151195 ], [ 38.066711425944298, -11.277411460940368 ], [ 37.917678833264326, -11.26474666559627 ] ] ] } },
{ "type": "Feature", "properties": { "loc": "MZ-A1-0009" }, "geometry": { "type": "MultiPolygon", "coordinates": [ [ [ [ 35.108062743891502, -20.899526595776052 ], [ 35.09991455070697, -20.916173935379057 ], [ 35.072803496575077, -20.90868759195903 ], [ 35.065452575766756, -20.930210114105741 ], [ 35.045879363832576, -20.938198090369831 ], [ 35.061172485412882, -20.943759917886155 ], [ 35.055843352979323, -20.970769881924767 ], [ 35.118167877136784, -20.945928573645034 ], [ 35.114391327089081, -20.933452606253056 ], [ 35.13012313796343, -20.944112777682825 ], [ 35.108062743891502, -20.899526595776052 ] ] ], [ [ [ 34.946842194407104, -20.681547165253633 ], [ 34.945373534955984, -20.676166534042473 ], [ 34.932582855209958, -20.68314742969433 ], [ 34.946842194407104, -20.681547165253633 ] ] ], [ [ [ 34.887683867677254, -20.617530822950059 ], [ 34.913581847884899, -20.650842666616676 ], [ 34.911312102932115, -20.675003052309918 ], [ 34.966197968422406, -20.66765594462705 ], [ 34.930210113766726, -20.628717422431997 ], [ 34.887683867677254, -20.617530822950059 ] ] ], [ [ [ 34.678531647413138, -20.543626784656688 ], [ 34.676414490431938, -20.539455414244316 ], [ 34.669345856021963, -20.551528931423405 ], [ 34.678531647413138, -20.543626784656688 ] ] ], [ [ [ 34.662139893186193, -20.392707825292611 ], [ 34.662380219016633, -20.389421463316552 ], [ 34.66019821192269, -20.392126082639273 ], [ 34.662139893186193, -20.392707825292611 ] ] ], [ [ [ 34.677780151191442, -20.34004020715674 ], [ 34.676048279063245, -20.338575362629818 ], [ 34.675933837634908, -20.340997695554108 ], [ 34.677780151191442, -20.34004020715674 ] ] ], [ [ [ 34.68676757803054, -20.181386948428241 ], [ 34.70794677679153, -20.184913635335278 ], [ 34.707366943398945, -20.179723740437531 ], [ 34.68676757803054, -20.181386948428241 ] ] ], [ [ [ 34.74967575126481, -19.876371383816419 ], [ 34.748622894261096, -19.879249573193384 ], [ 34.76045227068564, -19.880989075169801 ], [ 34.74967575126481, -19.876371383816419 ] ] ], [ [ [ 34.804191588778934, -19.783203125108621 ], [ 34.809524536136607, -19.783863068310396 ], [ 34.808113097849379, -19.781053543071003 ], [ 34.804191588778934, -19.783203125108621 ] ] ], [ [ [ 34.77490615807509, -19.768007277606436 ], [ 34.774181366008818, -19.783250809347756 ], [ 34.775276183580615, -19.769498825380886 ], [ 34.789974212622212, -19.782844542734161 ], [ 34.78901290930073, -19.776521682822072 ], [ 34.77490615807509, -19.768007277606436 ] ] ], [ [ [ 34.756275177371201, -19.768413544113983 ], [ 34.770236968674816, -19.78505134640676 ], [ 34.766574860055442, -19.767814636100759 ], [ 34.756275177371201, -19.768413544113983 ] ] ], [ [ [ 34.698837280217219, -19.755741119401016 ], [ 34.681449890301096, -19.738174437943904 ], [ 34.679153441778823, -19.739538193276921 ], [ 34.688953399980385, -19.751850127924975 ], [ 34.698837280217219, -19.755741119401016 ] ] ], [ [ [ 34.712402344000139, -19.74128341699997 ], [ 34.760227202604042, -19.751665114883998 ], [ 34.741119385332055, -19.737907410329569 ], [ 34.712402344000139, -19.74128341699997 ] ] ], [ [ [ 34.663360596059199, -19.714673995672264 ], [ 34.679664612276575, -19.737857819246862 ], [ 34.671909331994613, -19.725814818762814 ], [ 34.673450469608049, -19.714218140119044 ], [ 34.663360596059199, -19.714673995672264 ] ] ], [ [ [ 34.681724547634062, -19.712776184167872 ], [ 34.674274445093843, -19.722545623875746 ], [ 34.681343078604456, -19.729774475206163 ], [ 34.681724547634062, -19.712776184167872 ] ] ], [ [ [ 34.541149074719826, -16.798704158185188 ], [ 34.508532668891277, -16.847800401409167 ], [ 34.509280328108659, -16.867734926917336 ], [ 34.535846408844627, -16.870145729606278 ], [ 34.469987936045442, -16.987988567494305 ], [ 34.312323254629575, -17.029779851607344 ], [ 34.266793874868675, -17.058600154469609 ], [ 34.174449326134528, -17.226500518884528 ], [ 34.231388567180367, -17.265179557194799 ], [ 34.20591726123353, -17.296853138414029 ], [ 34.186843226721329, -17.382602866487765 ], [ 34.202796541029237, -17.419010307771643 ], [ 34.18977660337891, -17.477913662481548 ], [ 34.138952139411884, -17.595800439248421 ], [ 34.163049990147911, -17.634858973621981 ], [ 34.160757191099776, -17.695721099108219 ], [ 34.202467881374275, -17.720744244168607 ], [ 34.208560022290904, -17.747754675801808 ], [ 34.185114175641864, -17.871206872164528 ], [ 34.240157533314743, -17.880520056889807 ], [ 34.291820901128958, -17.94033902965149 ], [ 34.263206207901078, -17.976370679312751 ], [ 34.291057683034985, -18.072030593852432 ], [ 34.254046446893973, -18.218598631603115 ], [ 34.188375161681819, -18.191883701785727 ], [ 34.151280162557228, -18.257513907758316 ], [ 34.11992652197403, -18.262747334876742 ], [ 34.074034878024172, -18.218687936596467 ], [ 34.059454803163668, -18.222447092967542 ], [ 34.027529148529766, -18.129388644501802 ], [ 33.949986245675881, -18.1237220690643 ], [ 33.90370522221987, -18.212653086718866 ], [ 33.850904890962795, -18.232940371951315 ], [ 33.833669667088841, -18.268579155491608 ], [ 33.805291525502881, -18.286102886622494 ], [ 33.827459151911064, -18.29866405768108 ], [ 33.82834785019687, -18.367431759737762 ], [ 33.846040751085781, -18.377860620947395 ], [ 33.832070972033833, -18.413936174482885 ], [ 33.84211525515498, -18.422211739402172 ], [ 33.859255069669857, -18.406106976845926 ], [ 33.85239220145889, -18.44855465801745 ], [ 33.872480769250259, -18.464422993942001 ], [ 33.869070292214985, -18.497040731050078 ], [ 33.885191482960529, -18.518520181889464 ], [ 33.778274802966145, -18.519202770153953 ], [ 33.775196111996252, -18.598067445425052 ], [ 33.730082565775398, -18.610031521183771 ], [ 33.738055359813437, -18.649259804141316 ], [ 33.723410365731198, -18.684368389352194 ], [ 33.734305318758153, -18.704032133924109 ], [ 33.806259505849155, -18.744164580921741 ], [ 33.841404930669974, -18.78665622302416 ], [ 33.897993283831376, -18.791512186494863 ], [ 33.947066340366426, -18.885379396227457 ], [ 34.012050926353901, -18.930766305083324 ], [ 34.034317784126102, -18.922036873960302 ], [ 34.05869795256956, -18.947943072581722 ], [ 33.938119888666073, -19.254491054502147 ], [ 33.935784477510232, -19.599111862482133 ], [ 33.749879062191148, -19.597387330635563 ], [ 33.73754204699452, -19.612162765150302 ], [ 33.769021433292799, -19.671270392690232 ], [ 33.810407889549175, -19.686797394679445 ], [ 33.849715138738055, -19.770191958321796 ], [ 33.820230560015077, -19.850145708895631 ], [ 33.828569476253044, -19.928806428046997 ], [ 33.748878673384063, -19.995291086252024 ], [ 33.676569751724585, -19.936810839443453 ], [ 33.626229951921559, -19.94994024192254 ], [ 33.59991569948869, -19.922450995298036 ], [ 33.59302614931682, -19.950933849425745 ], [ 33.550052686617825, -19.961221464671119 ], [ 33.509356568268025, -20.003777845276716 ], [ 33.476648696368848, -20.000642257204859 ], [ 33.454492362808118, -20.051743157952195 ], [ 33.423470612901639, -20.052181759441901 ], [ 33.384601775785626, -20.092554344888391 ], [ 33.458474707740692, -20.168960850287036 ], [ 33.513735294518412, -20.270094823391375 ], [ 33.47200923002832, -20.293330765851181 ], [ 33.468488146550378, -20.312456665923051 ], [ 33.495481405241847, -20.349299082241679 ], [ 33.472382780182599, -20.416270230592559 ], [ 33.605819512239187, -20.533661805581097 ], [ 33.663975751323996, -20.536986269214985 ], [ 33.647598778749135, -20.595761988005371 ], [ 33.720975859724099, -20.645198094998833 ], [ 33.724256418327535, -20.706010807337719 ], [ 33.810882252235466, -20.740347239756574 ], [ 33.845066456525018, -20.739321212057682 ], [ 33.898503694189976, -20.795198072010827 ], [ 33.893463873059858, -21.000872268882901 ], [ 33.99127471759499, -21.000697013376794 ], [ 34.111768039204492, -21.07462998920289 ], [ 34.100731762301827, -21.128000601366995 ], [ 34.043937294411407, -21.163940739793578 ], [ 34.036155015582317, -21.219233874064351 ], [ 34.011938730728666, -21.255044392305148 ], [ 34.009630653072996, -21.310917348277329 ], [ 34.098701904310268, -21.28953152038369 ], [ 34.120564380082939, -21.291053555497456 ], [ 34.139996784264994, -21.316923570386773 ], [ 34.172952637595024, -21.314663548004646 ], [ 34.244765927546382, -21.259235130517155 ], [ 34.318520664937537, -21.315880688663128 ], [ 34.342607172224092, -21.310738787885079 ], [ 34.395792939533401, -21.243830575740756 ], [ 34.447578605409156, -21.209318952827697 ], [ 34.460819796936924, -21.165969041958025 ], [ 34.493214869911114, -21.167401456931948 ], [ 34.536035805848577, -21.135136559924565 ], [ 34.575636991694601, -21.135973926775623 ], [ 34.658158333880827, -21.089498176619873 ], [ 34.756388714308564, -21.131444580323414 ], [ 34.822384509378459, -21.058463709552825 ], [ 34.954402615129375, -20.991664381925993 ], [ 35.052013396841666, -20.972360611373375 ], [ 35.056682586972642, -20.946283339624742 ], [ 35.04264450078395, -20.938585281405864 ], [ 35.069423676302449, -20.916315079097906 ], [ 35.047290802269551, -20.905210495088603 ], [ 35.062957763930527, -20.88498115487667 ], [ 35.030364990292938, -20.817125319897926 ], [ 35.022232055905476, -20.844615935597233 ], [ 35.009387969919672, -20.849897385076588 ], [ 35.019973754825742, -20.840284348264326 ], [ 35.003562927028256, -20.798889159727189 ], [ 34.964817046574069, -20.811056137349752 ], [ 34.988529204763573, -20.792972565150691 ], [ 35.025974274098047, -20.789489746273659 ], [ 35.013999938650855, -20.760564803641657 ], [ 35.010021210215335, -20.773992537944167 ], [ 35.007492064811565, -20.762479782235047 ], [ 34.96134567336874, -20.756948471413764 ], [ 35.007110595781953, -20.751682280731565 ], [ 34.995189666574454, -20.711727142412606 ], [ 34.987457274937874, -20.727901459303766 ], [ 34.977478026993971, -20.701019287129263 ], [ 34.949737549053275, -20.688468933213592 ], [ 34.933303832610406, -20.686933517087084 ], [ 34.926704406887531, -20.706247330368925 ], [ 34.948333739714897, -20.703248978076786 ], [ 34.953590393086778, -20.718755721917951 ], [ 34.927307128925499, -20.710607528733327 ], [ 34.923965454147009, -20.701860428434941 ], [ 34.92754363983174, -20.685096740840784 ], [ 34.895309448376942, -20.69401741029413 ], [ 34.89744949310424, -20.729957581096414 ], [ 34.873542786375147, -20.752313613801121 ], [ 34.891189574943517, -20.732036590635076 ], [ 34.873687743599149, -20.692420958978985 ], [ 34.90443038875609, -20.650831222801628 ], [ 34.889236449806958, -20.645483016646793 ], [ 34.855548858597572, -20.675901413038659 ], [ 34.85597991894268, -20.707435608185691 ], [ 34.846115112427114, -20.677722931387081 ], [ 34.795158385855487, -20.688257216616179 ], [ 34.846992492813946, -20.669439315590843 ], [ 34.835498809926726, -20.647346497361866 ], [ 34.848129271853026, -20.657075882165103 ], [ 34.849414824838952, -20.641611098892021 ], [ 34.827156067303321, -20.635128021160121 ], [ 34.850173949772625, -20.633558273414465 ], [ 34.809467316368213, -20.583896637138999 ], [ 34.787128448124029, -20.582233429148289 ], [ 34.773731232315122, -20.551286697242155 ], [ 34.738506316617844, -20.54171180697324 ], [ 34.751506804599984, -20.531757355136726 ], [ 34.741596221692937, -20.511924743650937 ], [ 34.70832824695561, -20.519260405662102 ], [ 34.706657410016049, -20.53448104908 ], [ 34.684623717715048, -20.520071030272739 ], [ 34.694026947190473, -20.538936615151563 ], [ 34.678588866587511, -20.53167915278955 ], [ 34.681846619330635, -20.546010971048382 ], [ 34.673839569345276, -20.561309814115525 ], [ 34.686008453332065, -20.568672179696271 ], [ 34.673484802086598, -20.580045699668226 ], [ 34.685802460020142, -20.608421325602592 ], [ 34.668647766086146, -20.578140259284439 ], [ 34.664180755871797, -20.512029647757402 ], [ 34.687026978446887, -20.515106200597977 ], [ 34.718418121134, -20.472091674798335 ], [ 34.705184937169733, -20.434877395782536 ], [ 34.671268463103679, -20.444786072126853 ], [ 34.675712585302186, -20.424001693730531 ], [ 34.644630431683723, -20.403593062876894 ], [ 34.661941527614047, -20.387773514143696 ], [ 34.666267395258679, -20.401391982960959 ], [ 34.68121337942852, -20.378595351701456 ], [ 34.706241608198276, -20.374544144204258 ], [ 34.691375732039056, -20.335735321335328 ], [ 34.678951263424672, -20.345304489218123 ], [ 34.653274536225474, -20.325517654123807 ], [ 34.674648285324707, -20.331167221297534 ], [ 34.711246490068106, -20.301967621216122 ], [ 34.742488860607011, -20.215799332080842 ], [ 34.718124389963236, -20.225706100063782 ], [ 34.717952728270461, -20.222591399780576 ], [ 34.72511673038742, -20.220487595033809 ], [ 34.728073120312906, -20.211532593062032 ], [ 34.697975158661301, -20.183294296302101 ], [ 34.677490233821864, -20.186670302699653 ], [ 34.679756164749818, -20.175874709557554 ], [ 34.725193024373212, -20.143135071233864 ], [ 34.72437286425091, -20.151372909739344 ], [ 34.715660094672295, -20.157266616768332 ], [ 34.764095305688457, -20.170696259432134 ], [ 34.780967712324653, -20.139331817616672 ], [ 34.746551513776005, -20.024238585849389 ], [ 34.762500763055058, -19.90762329109721 ], [ 34.73986434871609, -19.881385803327326 ], [ 34.773891449286275, -19.859752654676477 ], [ 34.77571868912154, -19.836833953938985 ], [ 34.754394531337894, -19.78485488885724 ], [ 34.686882018845409, -19.752578735035797 ], [ 34.662250518801706, -19.714246749802825 ], [ 34.691478728599577, -19.691463470134622 ], [ 34.706809998191567, -19.731241226321131 ], [ 34.740619658878856, -19.731132507279007 ], [ 34.803863524890431, -19.765359878774994 ], [ 34.832992554271627, -19.796333313351333 ], [ 34.84139251715964, -19.84790229837197 ], [ 34.888893126625163, -19.850133895882216 ], [ 35.001476287609222, -19.774793624945453 ], [ 34.986675261562752, -19.795074463035611 ], [ 35.363765717067821, -19.495252608976713 ], [ 35.457729339591047, -19.395267486661183 ], [ 35.454132080185055, -19.374147414727361 ], [ 35.466472625864697, -19.383945464567546 ], [ 35.523551941422618, -19.299919127621656 ], [ 35.67203140338021, -19.15481758132227 ], [ 35.659584045221173, -19.144002913559625 ], [ 35.68596649201362, -19.132427216099138 ], [ 35.681636810344166, -19.107236862047564 ], [ 35.703018188183343, -19.115488052426777 ], [ 35.724342345966988, -19.098274230766243 ], [ 35.712463379126135, -19.100311278837538 ], [ 35.718650818225171, -19.085643767940574 ], [ 35.908958434728468, -18.969898223719106 ], [ 35.881641388184029, -18.963512421156373 ], [ 35.8924255365744, -18.943250655726018 ], [ 35.932868958201013, -18.960420609356454 ], [ 35.953186035372333, -18.952657700125556 ], [ 35.957477569599249, -18.918127060148485 ], [ 36.004138947019939, -18.9050121307381 ], [ 36.026660919031293, -18.856462479192885 ], [ 36.015552520997161, -18.908113479686151 ], [ 35.98345565781743, -18.934480666782164 ], [ 36.035629272338134, -18.927196502649316 ], [ 36.039962768931787, -18.911466599236974 ], [ 36.077640533349019, -18.896221160610871 ], [ 36.087322235198137, -18.905611037851955 ], [ 36.062282561656055, -18.921337128138752 ], [ 36.111339569330823, -18.914056778030734 ], [ 36.127319335883747, -18.876445770288889 ], [ 36.120773314601919, -18.823469161905138 ], [ 36.159130659817187, -18.793803916250518 ], [ 36.160574448517067, -18.773237252030398 ], [ 36.189429421195953, -18.767023487077061 ], [ 36.145315451711859, -18.717532229161904 ], [ 36.109158991259562, -18.728689569201066 ], [ 36.092118415897311, -18.714902043127601 ], [ 36.116510115314725, -18.700714066933436 ], [ 36.099771018782647, -18.627237308188072 ], [ 36.156145834228006, -18.591264799563682 ], [ 36.136278490924703, -18.587959505959262 ], [ 36.140764744562439, -18.545816964614041 ], [ 36.074773272533577, -18.370750588701505 ], [ 36.02460520912819, -18.346587585981133 ], [ 35.992881623952876, -18.301093959351533 ], [ 35.956297954052495, -18.288540395755518 ], [ 35.938841590632045, -18.263122480850583 ], [ 35.895440923772824, -18.247925460928641 ], [ 35.826126720515319, -18.10811458928621 ], [ 35.706003391695198, -18.044767085030422 ], [ 35.590560714049992, -18.024729353652006 ], [ 35.574428071081364, -18.003423471404737 ], [ 35.519651735357392, -17.99550067496174 ], [ 35.472741513651087, -17.961671758494901 ], [ 35.448632196319473, -17.930116319960291 ], [ 35.461736004090426, -17.899495496456112 ], [ 35.446614349328641, -17.838986164238428 ], [ 35.365001162350161, -17.784446404015242 ], [ 35.369414937318524, -17.740690363471323 ], [ 35.348655014467433, -17.697153615226036 ], [ 35.310106708933851, -17.702032286097591 ], [ 35.255818689102227, -17.68250008432144 ], [ 35.235058668348564, -17.692230819690828 ], [ 35.179099810320338, -17.65523968268532 ], [ 35.181865594043806, -17.616225058701133 ], [ 35.102651954236684, -17.534812215973261 ], [ 35.102301051241227, -17.504351589024573 ], [ 35.065061306386838, -17.459779187450231 ], [ 35.04343166381986, -17.390384009438442 ], [ 35.009960859210963, -17.376873023374984 ], [ 34.988594381131875, -17.337434959161428 ], [ 34.979084255629843, -17.279281114645698 ], [ 34.931834584348245, -17.212706720079396 ], [ 34.93333004598481, -17.174260467522906 ], [ 34.892420537219806, -17.103436746838966 ], [ 34.895834847854559, -17.055055660012464 ], [ 34.8552266160277, -17.034012954627457 ], [ 34.812550836362135, -16.98022856764139 ], [ 34.808362284866092, -16.941343646405741 ], [ 34.765961120426901, -16.914556317890209 ], [ 34.638170071210652, -16.879790840442958 ], [ 34.59357927992167, -16.82436813390629 ], [ 34.541149074719826, -16.798704158185188 ] ] ] ] } },
{ "type": "Feature", "properties": { "loc": "MZ-A1-0010" }, "geometry": { "type": "Polygon", "coordinates": [ [ [ 33.347167969132165, -14.216067314174021 ], [ 33.295791626238938, -14.146328926168652 ], [ 33.313907622595039, -14.080262183582539 ], [ 33.295360564994461, -14.036241531351214 ], [ 33.230392455803539, -13.998108863762672 ], [ 32.451156615599373, -14.28281784133363 ], [ 32.242332458190447, -14.323002814891341 ], [ 31.947725295647121, -14.412844658414505 ], [ 31.810825347872772, -14.478337288195499 ], [ 31.683305740029098, -14.506426811008756 ], [ 31.4724731446811, -14.62022113755568 ], [ 31.266794205283986, -14.658801079088148 ], [ 30.798507690385289, -14.783794402915797 ], [ 30.364549636963854, -14.959811211144915 ], [ 30.217319488910942, -14.99723339093473 ], [ 30.234302521152166, -15.0381813052495 ], [ 30.221412658774881, -15.096517562761759 ], [ 30.257247924559781, -15.180730820197665 ], [ 30.255928039954792, -15.214232445097677 ], [ 30.371156693434319, -15.333537102181973 ], [ 30.385694504105786, -15.381306647610151 ], [ 30.381669997572601, -15.421412467698838 ], [ 30.40136146495994, -15.472707747651972 ], [ 30.365825652731925, -15.553364753867884 ], [ 30.425149918224591, -15.628269196149171 ], [ 30.42459487914083, -15.999999999682936 ], [ 30.922491074294044, -15.999999999682936 ], [ 30.982105254944013, -16.0589771266757 ], [ 31.020292282053617, -16.044551849071276 ], [ 31.030570983554494, -16.018838881891554 ], [ 31.064315795927687, -15.999999999682936 ], [ 31.072393416613352, -16.016229630275895 ], [ 31.140485764438029, -15.982319831742233 ], [ 31.189908981445878, -16.004196166966977 ], [ 31.244653701938351, -16.000000000447123 ], [ 31.3337993621824, -16.048442841311505 ], [ 31.404533385638832, -16.137151717924873 ], [ 31.426652908336671, -16.135200500250328 ], [ 31.430591582766919, -16.156358718727319 ], [ 31.691698073738671, -16.201684951846488 ], [ 31.770807265774291, -16.236705779895289 ], [ 31.835851668950919, -16.312561035011178 ], [ 31.8937892911744, -16.336469650101648 ], [ 31.913484572586569, -16.412868500428338 ], [ 32.037544250144499, -16.44236755387292 ], [ 32.274383544742271, -16.434232712023444 ], [ 32.344177246060504, -16.44917297380708 ], [ 32.709159850823909, -16.599966048747476 ], [ 32.709182739398059, -16.685539246165519 ], [ 32.769763946654905, -16.709411621275549 ], [ 32.842765807602028, -16.698940276898448 ], [ 32.893379210788019, -16.720174789361231 ], [ 32.923297881797922, -16.701337813715348 ], [ 32.978549956621293, -16.707206726435508 ], [ 32.966686248561885, -16.77251815796641 ], [ 32.912212372393448, -16.894224166791716 ], [ 32.836101531750685, -16.926963806014683 ], [ 32.966506957920174, -17.131643294782073 ], [ 32.989986420127551, -17.197204589599927 ], [ 32.997409820896927, -17.308572769197731 ], [ 33.045261382697021, -17.34697151200546 ], [ 33.031864678602432, -17.362425672486651 ], [ 33.052215159292544, -17.347547519682131 ], [ 33.049296950983852, -17.301981515614266 ], [ 33.090851406757373, -17.238579038871386 ], [ 33.091076596098411, -17.180459556643072 ], [ 33.127732839489298, -17.137743056276825 ], [ 33.104535270676593, -17.104139262097107 ], [ 33.142725031725227, -17.071596011426585 ], [ 33.145448852472938, -17.035413672083166 ], [ 33.218135644934442, -16.98451516132549 ], [ 33.245110082154952, -16.895999977996382 ], [ 33.285932050913779, -16.855549298840877 ], [ 33.287873870672989, -16.804156687061322 ], [ 33.32601034149446, -16.710747545142901 ], [ 33.372340801677005, -16.690805479868857 ], [ 33.396545599490182, -16.6585883494526 ], [ 33.393314523336969, -16.639393835736719 ], [ 33.446454414430029, -16.587543584148889 ], [ 33.435406942782322, -16.528785180517858 ], [ 33.456842170435976, -16.520139680228318 ], [ 33.470594494346564, -16.485101720094519 ], [ 33.501265286370021, -16.477261093251094 ], [ 33.557514210218763, -16.428485328761155 ], [ 33.697073887655939, -16.422788632615507 ], [ 33.714618007820931, -16.43477187854554 ], [ 33.738803731912839, -16.402001650681889 ], [ 33.792973538321945, -16.388479382373426 ], [ 33.918845515585382, -16.543660622752299 ], [ 33.957115264392833, -16.575481154658348 ], [ 33.998539886387157, -16.577447594922923 ], [ 34.010888236381511, -16.616366847241174 ], [ 34.069883727792352, -16.606481699782364 ], [ 34.129443750369269, -16.626692872789576 ], [ 34.210660118710067, -16.715021324486216 ], [ 34.280138618443026, -16.700213594893221 ], [ 34.359276030305118, -16.73791614372675 ], [ 34.461145769202375, -16.726909606504847 ], [ 34.488982131960313, -16.749849993494074 ], [ 34.493063886729516, -16.778657026012667 ], [ 34.574177365433592, -16.810189642849416 ], [ 34.634534595635579, -16.877610853469797 ], [ 34.76596112015006, -16.914556317931421 ], [ 34.808362284931995, -16.941343646703636 ], [ 34.812550836741472, -16.980228567873468 ], [ 34.855226615805392, -17.034012954513592 ], [ 34.895834848089478, -17.055055659570328 ], [ 34.892420536867995, -17.103436746687798 ], [ 34.933330045634868, -17.174260467625757 ], [ 34.931834584588138, -17.212706719818542 ], [ 34.979084255323869, -17.279281114411219 ], [ 34.988594380915693, -17.337434958835644 ], [ 35.009960858996202, -17.376873022950967 ], [ 35.043431664129741, -17.390384009293939 ], [ 35.065061306323955, -17.459779187738626 ], [ 35.102301051241227, -17.504351589024573 ], [ 35.102651954236684, -17.534812215973261 ], [ 35.181865594043806, -17.616225058701133 ], [ 35.179099810320338, -17.65523968268532 ], [ 35.235058668348564, -17.692230819690828 ], [ 35.263886935817489, -17.68321722264119 ], [ 35.316935155740694, -17.701803428112321 ], [ 35.313269191993101, -17.683060912201313 ], [ 35.337393840038743, -17.675437689505991 ], [ 35.318289605203056, -17.59053277627816 ], [ 35.344661302617943, -17.501958403892196 ], [ 35.331900924733205, -17.478508792627245 ], [ 35.344997132583558, -17.430364204368502 ], [ 35.318690467993399, -17.419469971749905 ], [ 35.314093709629134, -17.394719634048087 ], [ 35.345741141357166, -17.359563423812666 ], [ 35.31489883396025, -17.280065554587502 ], [ 35.293795515496861, -17.27265205535398 ], [ 35.305114009550067, -17.240003843008814 ], [ 35.295352013530788, -17.233280785685601 ], [ 35.313746898646627, -17.208902402529702 ], [ 35.291384755947895, -17.173091922959749 ], [ 35.305777953835658, -17.142322353899345 ], [ 35.289931384971617, -17.140489465422348 ], [ 35.29562808831178, -17.123764427092517 ], [ 35.094253539715261, -17.123004912752386 ], [ 35.080001830709705, -17.099906921146783 ], [ 35.103084563847752, -17.086465835735609 ], [ 35.059055327930757, -17.038063048650102 ], [ 35.062602996920532, -16.996505736629786 ], [ 35.166744231750648, -16.936229706215315 ], [ 35.150085449173872, -16.875753403076388 ], [ 35.155979156202868, -16.831892013584863 ], [ 35.115554810096171, -16.814926146703613 ], [ 35.039291382381187, -16.822927475202135 ], [ 34.996417998881256, -16.792640685598492 ], [ 34.983501433984486, -16.746589660596101 ], [ 34.924373627381513, -16.744359969648585 ], [ 34.91216278102808, -16.691879271722691 ], [ 34.860832214375691, -16.673530579384455 ], [ 34.846443175852428, -16.609817504685779 ], [ 34.781307219892845, -16.585540771001476 ], [ 34.784965515386759, -16.554100036998776 ], [ 34.757625580196851, -16.510852814317637 ], [ 34.687358856166775, -16.499637603804111 ], [ 34.669281006353835, -16.444190978642496 ], [ 34.653366089014291, -16.450664519963354 ], [ 34.594215392866566, -16.411165237197615 ], [ 34.573207854899067, -16.321090697789131 ], [ 34.528621673891671, -16.281534194758954 ], [ 34.500385283694378, -16.297885894829903 ], [ 34.431838988818818, -16.264551163417188 ], [ 34.39253997794912, -16.127725600838886 ], [ 34.436290740936428, -16.05886077868508 ], [ 34.384208679198679, -16.015853881834197 ], [ 34.362689971976081, -15.967202186914433 ], [ 34.25423812919778, -15.907687187097077 ], [ 34.263317108109561, -15.886611938273367 ], [ 34.250186919937185, -15.841146468941682 ], [ 34.27191162137099, -15.794184684682746 ], [ 34.302604675212343, -15.758489608815653 ], [ 34.372856140445265, -15.726575851201831 ], [ 34.389328003431388, -15.683026314220252 ], [ 34.433475494245457, -15.654921531710555 ], [ 34.433097839240681, -15.617286682041966 ], [ 34.453739166076446, -15.606326102874581 ], [ 34.430171966909505, -15.466268539169016 ], [ 34.463798522906451, -15.464060783371194 ], [ 34.472183227896593, -15.424144744876857 ], [ 34.514617920303735, -15.398999213935307 ], [ 34.523963927716075, -15.348291397222981 ], [ 34.540100098064066, -15.327669144108482 ], [ 34.555702208712923, -15.335279465367792 ], [ 34.573478699305525, -15.322003364856142 ], [ 34.604114531982987, -15.267202377380597 ], [ 34.571754456126179, -15.126168250657026 ], [ 34.590007781918018, -15.087697983279382 ], [ 34.572822571288988, -15.083306313139923 ], [ 34.616207123144648, -15.002495765671144 ], [ 34.561134338063617, -14.890083313098492 ], [ 34.578319549591932, -14.803765296735174 ], [ 34.515525818310557, -14.684414864010977 ], [ 34.545127868604943, -14.642447471929467 ], [ 34.533679962109197, -14.588666916401218 ], [ 34.456703185852021, -14.509682654586966 ], [ 34.414916991874321, -14.429161071882126 ], [ 34.358898163168341, -14.389255523979385 ], [ 34.304386138657996, -14.400349617397092 ], [ 34.261371613393479, -14.430081366975502 ], [ 34.093124390062833, -14.450160979959216 ], [ 34.074253081898519, -14.485035895704003 ], [ 33.923679351605017, -14.468987465013418 ], [ 33.879936217566652, -14.491073607574913 ], [ 33.879135132064988, -14.511056899570198 ], [ 33.855812072753224, -14.504056931096445 ], [ 33.804660796742638, -14.543326377724155 ], [ 33.72022247309431, -14.49075221995786 ], [ 33.700885772965741, -14.534071921700688 ], [ 33.713191986126958, -14.571812629667937 ], [ 33.680446625417147, -14.604950905079052 ], [ 33.631351471199125, -14.563335418613478 ], [ 33.613059998226049, -14.501203537332243 ], [ 33.564868927064971, -14.471067429137376 ], [ 33.536819458257071, -14.427251816037325 ], [ 33.474262238117483, -14.397471428382593 ], [ 33.379219055021046, -14.215814590289979 ], [ 33.347167969132165, -14.216067314174021 ] ] ] } },
{ "type": "Feature", "properties": { "loc": "MZ-A1-0011" }, "geometry": { "type": "MultiPolygon", "coordinates": [ [ [ [ 36.310882567632895, -18.798036575421854 ], [ 36.326351165830175, -18.807847976597095 ], [ 36.342468261557528, -18.807966232050255 ], [ 36.310882567632895, -18.798036575421854 ] ] ], [ [ [ 36.801025391404828, -18.220262527211695 ], [ 36.78631591814122, -18.225524902070411 ], [ 36.779937743628146, -18.232734679679567 ], [ 36.788940430352689, -18.23119926535162 ], [ 36.801025391404828, -18.220262527211695 ] ] ], [ [ [ 36.82313919126571, -18.192768097131221 ], [ 36.792842865165497, -18.208925247374545 ], [ 36.797180175869428, -18.210372925131594 ], [ 36.82313919126571, -18.192768097131221 ] ] ], [ [ [ 36.908599854071987, -17.97475624086573 ], [ 36.909408569421963, -18.004896163984711 ], [ 36.922775269435114, -18.0271263122874 ], [ 36.946151733187925, -17.994113922177668 ], [ 36.908599854071987, -17.97475624086573 ] ] ], [ [ [ 36.917812346620892, -17.970645905028526 ], [ 36.907474518292759, -17.966497420563599 ], [ 36.9095458979832, -17.972166060559317 ], [ 36.917812346620892, -17.970645905028526 ] ] ], [ [ [ 36.913200905683517, -17.964388968628867 ], [ 36.910598755114719, -17.945877075419595 ], [ 36.905261992832941, -17.935619354202714 ], [ 36.901332854813639, -17.951133727892099 ], [ 36.913200905683517, -17.964388968628867 ] ] ], [ [ [ 36.896205902028214, -17.891853333363542 ], [ 36.888713837121344, -17.903190613354973 ], [ 36.902591704590947, -17.929830551337744 ], [ 36.906837463325672, -17.906225203828988 ], [ 36.896205902028214, -17.891853333363542 ] ] ], [ [ [ 36.864974976305952, -17.892255782953818 ], [ 36.874050140293626, -17.885276793864783 ], [ 36.851020813051903, -17.894481658977227 ], [ 36.864974976305952, -17.892255782953818 ] ] ], [ [ [ 37.436031341958774, -17.618791579874227 ], [ 37.444984435569175, -17.615306854434465 ], [ 37.431224822653363, -17.614860535292202 ], [ 37.436031341958774, -17.618791579874227 ] ] ], [ [ [ 38.090984343560699, -17.208227157648452 ], [ 38.079708098757813, -17.200624466237358 ], [ 38.084365845015832, -17.214796065777008 ], [ 38.090984343560699, -17.208227157648452 ] ] ], [ [ [ 39.08156204173897, -16.938280106370222 ], [ 39.065185547359285, -16.935646056848434 ], [ 39.066123962035384, -16.944255828871761 ], [ 39.062015533374286, -16.950374602933941 ], [ 39.079910277621309, -16.954254149637649 ], [ 39.08156204173897, -16.938280106370222 ] ] ], [ [ [ 37.197890222006023, -15.004530352648795 ], [ 36.695534075583979, -15.001210143248047 ], [ 36.699451789409068, -15.043355450006148 ], [ 36.66463048128049, -15.07975418307135 ], [ 36.660727925521854, -15.109478560805913 ], [ 36.638461094763862, -15.105930105357947 ], [ 36.620363738020899, -15.154516145128218 ], [ 36.583539697345948, -15.173688657106068 ], [ 36.568353040765921, -15.202582416656087 ], [ 36.458384452356931, -15.270878738418327 ], [ 36.351814892419689, -15.294382504804018 ], [ 36.3101460150029, -15.36398156854988 ], [ 36.267115320292064, -15.394175077772944 ], [ 36.269011202681192, -15.434747868674494 ], [ 36.289095961585659, -15.452298349744355 ], [ 36.276469017807266, -15.48022037652448 ], [ 36.119010481724644, -15.430881675104493 ], [ 36.087275351052952, -15.448739150546677 ], [ 35.85354628440983, -15.441665977258358 ], [ 35.803977966441494, -15.94591045385272 ], [ 35.818565369327828, -16.024240493952036 ], [ 35.709022522103183, -16.101879119973809 ], [ 35.661540984560283, -16.102315902705122 ], [ 35.593215941793801, -16.132499694753477 ], [ 35.556556701861766, -16.122953414616781 ], [ 35.525382996238832, -16.166782379376613 ], [ 35.476718903265372, -16.117876053110614 ], [ 35.428958893348771, -16.114124298271015 ], [ 35.403915404882582, -16.12876129157366 ], [ 35.293399811362782, -16.237108231133227 ], [ 35.298637390114017, -16.268260956351369 ], [ 35.279548644764738, -16.319305419882468 ], [ 35.297183990359429, -16.354732513068271 ], [ 35.263748169067043, -16.397390365713619 ], [ 35.262172698935267, -16.470340728782418 ], [ 35.148834228840933, -16.557973862444619 ], [ 35.167339324974236, -16.620288849291768 ], [ 35.228794097693807, -16.651556015038871 ], [ 35.285282135086803, -16.715415955322932 ], [ 35.282932281224113, -16.749845505206729 ], [ 35.312168121286135, -16.827884673979376 ], [ 35.267040253429315, -16.944072723318371 ], [ 35.26979446406763, -16.960577011360826 ], [ 35.296783446922873, -16.962457657435785 ], [ 35.29536437968671, -17.054262160611081 ], [ 35.312610626403576, -17.060337066643164 ], [ 35.28958042903291, -17.138780572386914 ], [ 35.305777953828823, -17.142322354414574 ], [ 35.29138475594106, -17.173091922575615 ], [ 35.313800307577417, -17.20782671585166 ], [ 35.295352013523861, -17.233280785301375 ], [ 35.305114009543225, -17.240003842624674 ], [ 35.293795515489933, -17.272652054969754 ], [ 35.314898833953322, -17.280065554203361 ], [ 35.345657219044689, -17.358173041773831 ], [ 35.314093709596271, -17.39471963442503 ], [ 35.318690468329748, -17.419469971783208 ], [ 35.344844543979846, -17.428907067928279 ], [ 35.331900924627249, -17.478508792268336 ], [ 35.34550437926297, -17.495620626312295 ], [ 35.318289605420219, -17.590532776387938 ], [ 35.337157320524547, -17.67733730643171 ], [ 35.314505162873942, -17.691773215501172 ], [ 35.340289224842124, -17.691227786699763 ], [ 35.355494882445925, -17.709514490420645 ], [ 35.365001162350161, -17.784446404015242 ], [ 35.446614349328641, -17.838986164238428 ], [ 35.461736004090426, -17.899495496456112 ], [ 35.448632196319473, -17.930116319960291 ], [ 35.472741513651087, -17.961671758494901 ], [ 35.519651735357392, -17.99550067496174 ], [ 35.574428071081364, -18.003423471404737 ], [ 35.590560714049992, -18.024729353652006 ], [ 35.706003391695198, -18.044767085030422 ], [ 35.826126720515227, -18.108114589286117 ], [ 35.895440923772739, -18.247925460928549 ], [ 35.938841590805062, -18.263122480600202 ], [ 35.956297954433083, -18.288540395504072 ], [ 35.992881623832709, -18.30109395930473 ], [ 36.024605209454506, -18.346587585924382 ], [ 36.075131860044287, -18.371263638974703 ], [ 36.140764744320144, -18.545816964846921 ], [ 36.136278490682493, -18.587959506192142 ], [ 36.156145833985711, -18.591264799796562 ], [ 36.099771018540352, -18.627237308420952 ], [ 36.11651011507243, -18.700714066267032 ], [ 36.092118415655015, -18.714902043360482 ], [ 36.109158991017267, -18.728689569433946 ], [ 36.145315451469564, -18.717532229394784 ], [ 36.189433236777134, -18.76627965984428 ], [ 36.160574449174142, -18.773237252263279 ], [ 36.12569046016926, -18.834383010733283 ], [ 36.146278380765331, -18.901922225895888 ], [ 36.279144287301648, -18.881551743384151 ], [ 36.271186828631876, -18.874122620228654 ], [ 36.290954590005008, -18.859773635710653 ], [ 36.229679107927147, -18.794979094775321 ], [ 36.237453461031009, -18.779922485000533 ], [ 36.294006347637477, -18.83315467801188 ], [ 36.306987761898348, -18.865861893077799 ], [ 36.356414794729673, -18.821952819732694 ], [ 36.28317260705284, -18.793968201037536 ], [ 36.263496399362026, -18.774797440215622 ], [ 36.337806701940366, -18.803712844637936 ], [ 36.385192870876928, -18.786714553599637 ], [ 36.391902924003396, -18.725091934111404 ], [ 36.357479094707067, -18.74450492912505 ], [ 36.380500792999847, -18.683540343577846 ], [ 36.408588409250378, -18.685838698662941 ], [ 36.427749633661342, -18.631471634074529 ], [ 36.473720551185131, -18.597476958560669 ], [ 36.459518433151793, -18.576171875397662 ], [ 36.413261414305467, -18.574480057274734 ], [ 36.424968718554176, -18.539550781109519 ], [ 36.427371979206256, -18.563392638785906 ], [ 36.494655608842073, -18.567005156989062 ], [ 36.498828887615829, -18.521972655939933 ], [ 36.522167205724756, -18.529611588230836 ], [ 36.536384582555158, -18.492921828905921 ], [ 36.679473876890647, -18.372066497797235 ], [ 36.828868865778333, -18.216468811013442 ], [ 36.819770813145283, -18.208084106023307 ], [ 36.795776366758695, -18.231843948066384 ], [ 36.749595641898068, -18.249429703244857 ], [ 36.717144012359029, -18.210283279376419 ], [ 36.713443756170726, -18.170587540040906 ], [ 36.71938323959111, -18.203350067009886 ], [ 36.75626373343087, -18.245996475115156 ], [ 36.784244537201914, -18.215835570812899 ], [ 36.774486542266374, -18.209287642968256 ], [ 36.837085723873329, -18.167234421389367 ], [ 36.877639771271774, -18.187803267859337 ], [ 36.897716521713463, -18.135776519823303 ], [ 36.963661193922306, -18.066905975283291 ], [ 36.964786529987705, -18.039390564375871 ], [ 36.920982360760704, -18.030460357612199 ], [ 36.907165526681084, -18.017717360820384 ], [ 36.885181426594862, -17.892471312853608 ], [ 36.817970276000032, -17.902338027999946 ], [ 36.864482880178727, -17.878303528342343 ], [ 36.902484894260411, -17.888961792310013 ], [ 36.913284302326709, -17.911941528236056 ], [ 36.914951324342162, -17.952051162887983 ], [ 36.981288910434827, -18.022144317783088 ], [ 37.109180449997702, -17.852575302385354 ], [ 37.193958282029037, -17.768659591943695 ], [ 37.175403594580146, -17.710947036753403 ], [ 37.146308898616667, -17.706413269234034 ], [ 37.184478759881877, -17.707363128818358 ], [ 37.216423035089932, -17.760442733858106 ], [ 37.295360565432688, -17.699352263908885 ], [ 37.291889191328075, -17.687284470015285 ], [ 37.323413849164787, -17.686740874804578 ], [ 37.358856201147752, -17.648790358601211 ], [ 37.368118286283405, -17.656064986904866 ], [ 37.347793579263779, -17.669681549159399 ], [ 37.42124939010084, -17.626937865885054 ], [ 37.444736481257159, -17.593486785581902 ], [ 37.453327178659933, -17.610624313256643 ], [ 37.578426361041238, -17.545152663759644 ], [ 37.562072754407652, -17.53075218226261 ], [ 37.552757262790983, -17.54140281728143 ], [ 37.553909301648268, -17.525644302247926 ], [ 37.605682373418091, -17.535480498631273 ], [ 37.730789184748339, -17.444526672273319 ], [ 37.758602141743346, -17.447887421063072 ], [ 37.755405425987512, -17.452091217431231 ], [ 37.752422333391898, -17.452627181894442 ], [ 37.729759216382632, -17.450315474575007 ], [ 37.700912476097805, -17.477142333946993 ], [ 37.726387024009824, -17.471187591729453 ], [ 37.945964813093568, -17.360540389622784 ], [ 38.048252106317584, -17.328908920205954 ], [ 38.000160216888403, -17.282133102256303 ], [ 38.011505126728139, -17.279754639160764 ], [ 38.050552367965317, -17.323047638233383 ], [ 38.084289551389574, -17.320926666328077 ], [ 38.113895415708789, -17.295396804714258 ], [ 38.082889556975395, -17.29227256802011 ], [ 38.095245360552831, -17.290256500232815 ], [ 38.060161590752749, -17.278621674146422 ], [ 38.057022095261352, -17.26180648777467 ], [ 38.099353790113213, -17.283565520827615 ], [ 38.116676330815956, -17.250722884948644 ], [ 38.06703948974851, -17.205890655724687 ], [ 38.077560425326986, -17.198019027579562 ], [ 38.115623473697937, -17.211326598966892 ], [ 38.114887238309016, -17.166894913393008 ], [ 38.123386382928835, -17.165372848601557 ], [ 38.12782669110252, -17.182918548875392 ], [ 38.122802733712767, -17.219400405627731 ], [ 38.13872528090053, -17.217813491622813 ], [ 38.124927521441556, -17.230361938076477 ], [ 38.131961823333015, -17.286926270354556 ], [ 38.157440186169232, -17.294689177786807 ], [ 38.250335692891504, -17.232872008859616 ], [ 38.501926422220158, -17.140680313369309 ], [ 38.44795608455923, -17.147356033077976 ], [ 38.478893280052731, -17.134500504123821 ], [ 38.506465912124042, -17.097444533667172 ], [ 38.52637100177224, -17.133497238435694 ], [ 38.560932159343629, -17.12645912162003 ], [ 38.582878112886512, -17.104307174765147 ], [ 38.575958252423291, -17.068740844942901 ], [ 38.601917266920296, -17.097444533667172 ], [ 38.599552155159721, -17.106166839656822 ], [ 38.58543777498523, -17.113956450658563 ], [ 38.679969787927284, -17.087869644297541 ], [ 38.678642272574706, -17.077119826647547 ], [ 38.645851134574137, -17.091854095119267 ], [ 38.672294616555227, -17.066310883069669 ], [ 38.658466338602558, -17.044464111258598 ], [ 38.679225921790774, -17.021938324323038 ], [ 38.687053680235053, -17.032423019135926 ], [ 38.672080994294369, -17.044750214379789 ], [ 38.710552216163784, -17.082433701183234 ], [ 38.872692108034045, -17.050956726089517 ], [ 38.983474730953773, -17.01140594544546 ], [ 39.074062347079362, -17.011381149338071 ], [ 39.125427246250091, -16.934926987108234 ], [ 39.096855164314128, -16.929733276387097 ], [ 39.087417603219556, -16.958349228151803 ], [ 39.037055968837585, -16.954446792802713 ], [ 39.073757172035549, -16.925853728784013 ], [ 39.138534545812341, -16.898077010862792 ], [ 39.123653411755242, -16.866975784422337 ], [ 39.138234808069626, -16.837277289033104 ], [ 39.046405692248634, -16.718450054144185 ], [ 39.047115298711823, -16.674940064849601 ], [ 39.002947854639501, -16.655812245755989 ], [ 38.986704573237176, -16.631771397949095 ], [ 38.999991555545535, -16.541669331192125 ], [ 39.041248368097428, -16.528539905609655 ], [ 39.021300967145613, -16.48360709171142 ], [ 39.041954185716797, -16.463884295541312 ], [ 39.042091566152536, -16.427284261576872 ], [ 39.01416745204601, -16.396028295986568 ], [ 38.983180188594559, -16.276283790382088 ], [ 38.945089674928234, -16.26379891970187 ], [ 38.921609804428613, -16.209274576278169 ], [ 38.917821816498353, -16.144599902433669 ], [ 38.942583552522727, -16.120776539005099 ], [ 38.912233262003625, -16.074047101715827 ], [ 38.916391408756148, -16.041444667873343 ], [ 38.87239566031532, -16.000691567544045 ], [ 38.876092247461656, -15.945983218137362 ], [ 38.845455816520534, -15.924709777235348 ], [ 38.849930590395175, -15.891242411892572 ], [ 38.822880030807148, -15.883510410920556 ], [ 38.823993998856778, -15.84141562297159 ], [ 38.785899750842958, -15.767099805726039 ], [ 38.741072329435191, -15.768097240861236 ], [ 38.705930664138712, -15.735878123154913 ], [ 38.685338581999709, -15.678909670818976 ], [ 38.597598765444765, -15.674948219647257 ], [ 38.526674579164357, -15.591460435847717 ], [ 38.444351792931144, -15.550018787428057 ], [ 38.428943970312304, -15.509125553561278 ], [ 38.399009435908248, -15.506930279767241 ], [ 38.365405142079943, -15.462978759806846 ], [ 38.326833955137687, -15.463083611507324 ], [ 38.316774412419306, -15.44904914626626 ], [ 38.284253446699559, -15.458119957961182 ], [ 38.254868263396915, -15.438137729748737 ], [ 38.226142987686309, -15.4556147225013 ], [ 38.193919602970219, -15.442824706776205 ], [ 38.17091656801329, -15.399745765765173 ], [ 38.131281080560285, -15.383908919760716 ], [ 38.142710198683041, -15.342709611142437 ], [ 38.11302743027575, -15.348475172206124 ], [ 38.097474626485663, -15.32376681285186 ], [ 38.057984072850402, -15.329554295020833 ], [ 38.051132759424121, -15.312932659205016 ], [ 38.033630562383657, -15.321748870937403 ], [ 38.007175126701696, -15.302096601203187 ], [ 38.005481417742395, -15.263017180173046 ], [ 37.971838944580263, -15.245289311057155 ], [ 37.900075433051974, -15.225548299776916 ], [ 37.878941564989908, -15.238987664341243 ], [ 37.831264558660074, -15.204995760101438 ], [ 37.760672147619566, -15.212989883051533 ], [ 37.694996947119321, -15.246547748262442 ], [ 37.624633444385438, -15.238496231950817 ], [ 37.615249145987427, -15.203618460993164 ], [ 37.512433447907277, -15.129070867236917 ], [ 37.459110466930255, -15.178266232221651 ], [ 37.406279640822092, -15.190899744516086 ], [ 37.403693290637676, -15.141405825195521 ], [ 37.370283548835324, -15.103485019844866 ], [ 37.334252961277983, -15.136763506766739 ], [ 37.318078321593916, -15.134503402911205 ], [ 37.267608908120607, -15.098056874897205 ], [ 37.239997678568173, -15.019717782761168 ], [ 37.235892963177299, -15.033332632134668 ], [ 37.210463684375959, -15.029084215711388 ], [ 37.197890222006023, -15.004530352648795 ] ] ] ] } }
]
}
