{
"type": "FeatureCollection",
"name": "regions_EL",
"crs": { "type": "name", "properties": { "name": "urn:ogc:def:crs:OGC:1.3:CRS84" } },
"features": [
{ "type": "Feature", "properties": { "loc": "EL611" }, "geometry": { "type": "Polygon", "coordinates": [ [ [ 21.834078, 39.861199 ], [ 21.983385, 39.844626 ], [ 21.99622, 39.835615 ], [ 21.956453, 39.815307 ], [ 21.928103, 39.784807 ], [ 21.971725, 39.705121 ], [ 22.028467, 39.728399 ], [ 22.08148, 39.656526 ], [ 22.130473, 39.656909 ], [ 22.158866, 39.613929 ], [ 22.194691, 39.625565 ], [ 22.213933, 39.617129 ], [ 22.216742, 39.595804 ], [ 22.191113, 39.573025 ], [ 22.178503, 39.53493 ], [ 22.194189, 39.5089 ], [ 22.231673, 39.512158 ], [ 22.238046, 39.505298 ], [ 22.241789, 39.481247 ], [ 22.226544, 39.455999 ], [ 22.22466, 39.43346 ], [ 22.253107, 39.419338 ], [ 22.24481, 39.399201 ], [ 22.257846, 39.380895 ], [ 22.229824, 39.364881 ], [ 22.23026, 39.341691 ], [ 22.214092, 39.319488 ], [ 22.227471, 39.292976 ], [ 22.258202, 39.272195 ], [ 22.180322, 39.173305 ], [ 22.154284, 39.158246 ], [ 22.162343, 39.124993 ], [ 22.097151, 39.094927 ], [ 22.076982, 39.103115 ], [ 22.045533, 39.079657 ], [ 22.050431, 39.049729 ], [ 22.007897, 39.032604 ], [ 21.956453, 39.028372 ], [ 21.930956, 39.098089 ], [ 21.87664, 39.125037 ], [ 21.852526, 39.151762 ], [ 21.83439, 39.150693 ], [ 21.811347, 39.121628 ], [ 21.776293, 39.105525 ], [ 21.735999, 39.115775 ], [ 21.725862, 39.144092 ], [ 21.73834, 39.176891 ], [ 21.699945, 39.186747 ], [ 21.690804, 39.21231 ], [ 21.700939, 39.227909 ], [ 21.681932, 39.249538 ], [ 21.629362, 39.253609 ], [ 21.577744, 39.239125 ], [ 21.548294, 39.217878 ], [ 21.505365, 39.232124 ], [ 21.396378, 39.164741 ], [ 21.38014, 39.167423 ], [ 21.355877, 39.191016 ], [ 21.351845, 39.208995 ], [ 21.37194, 39.236786 ], [ 21.400682, 39.253421 ], [ 21.423568, 39.280509 ], [ 21.426074, 39.293112 ], [ 21.411428, 39.322474 ], [ 21.385502, 39.354595 ], [ 21.312708, 39.358015 ], [ 21.27788, 39.375294 ], [ 21.26334, 39.418061 ], [ 21.227869, 39.437756 ], [ 21.199308, 39.466947 ], [ 21.213419, 39.494833 ], [ 21.18161, 39.501088 ], [ 21.201664, 39.527549 ], [ 21.191308, 39.584906 ], [ 21.181343, 39.611029 ], [ 21.153778, 39.621705 ], [ 21.151147, 39.647327 ], [ 21.127177, 39.667389 ], [ 21.124317, 39.679427 ], [ 21.170145, 39.714436 ], [ 21.24788, 39.700996 ], [ 21.247788, 39.718988 ], [ 21.228978, 39.736058 ], [ 21.227587, 39.80102 ], [ 21.248516, 39.810247 ], [ 21.266648, 39.852173 ], [ 21.317399, 39.865414 ], [ 21.337651, 39.833293 ], [ 21.381874, 39.833961 ], [ 21.416577, 39.850844 ], [ 21.414631, 39.877473 ], [ 21.425037, 39.890262 ], [ 21.46501, 39.898717 ], [ 21.58367, 39.89044 ], [ 21.616045, 39.871081 ], [ 21.651208, 39.87492 ], [ 21.678352, 39.8567 ], [ 21.722714, 39.871354 ], [ 21.786825, 39.847876 ], [ 21.834078, 39.861199 ] ] ] } },
{ "type": "Feature", "properties": { "loc": "EL612" }, "geometry": { "type": "Polygon", "coordinates": [ [ [ 22.915911, 39.602936 ], [ 22.851957, 39.566498 ], [ 22.801181, 39.521349 ], [ 22.760981, 39.515923 ], [ 22.71273, 39.456246 ], [ 22.712069, 39.427167 ], [ 22.703076, 39.415259 ], [ 22.681306, 39.405016 ], [ 22.654876, 39.414275 ], [ 22.617791, 39.399557 ], [ 22.625986, 39.368508 ], [ 22.657778, 39.349389 ], [ 22.652145, 39.311894 ], [ 22.598589, 39.271446 ], [ 22.542793, 39.257301 ], [ 22.555062, 39.206528 ], [ 22.550836, 39.164007 ], [ 22.5049, 39.130523 ], [ 22.459535, 39.135868 ], [ 22.446515, 39.140358 ], [ 22.451169, 39.167828 ], [ 22.441452, 39.185975 ], [ 22.409507, 39.198548 ], [ 22.405752, 39.21826 ], [ 22.391913, 39.227916 ], [ 22.288633, 39.23745 ], [ 22.266543, 39.27293 ], [ 22.227471, 39.292976 ], [ 22.214092, 39.319488 ], [ 22.23026, 39.341691 ], [ 22.229824, 39.364881 ], [ 22.257846, 39.380895 ], [ 22.24481, 39.399201 ], [ 22.253107, 39.419338 ], [ 22.22466, 39.43346 ], [ 22.226544, 39.455999 ], [ 22.241789, 39.481247 ], [ 22.238046, 39.505298 ], [ 22.231673, 39.512158 ], [ 22.194189, 39.5089 ], [ 22.178503, 39.53493 ], [ 22.191113, 39.573025 ], [ 22.216742, 39.595804 ], [ 22.213933, 39.617129 ], [ 22.194691, 39.625565 ], [ 22.158866, 39.613929 ], [ 22.130473, 39.656909 ], [ 22.08148, 39.656526 ], [ 22.028467, 39.728399 ], [ 21.971725, 39.705121 ], [ 21.928103, 39.784807 ], [ 21.956453, 39.815307 ], [ 21.99622, 39.835615 ], [ 21.983385, 39.844626 ], [ 21.917692, 39.852048 ], [ 21.903667, 39.900902 ], [ 21.907595, 39.922776 ], [ 21.870086, 39.950687 ], [ 21.898322, 39.963448 ], [ 21.91185, 39.980062 ], [ 21.941202, 39.987816 ], [ 21.965102, 40.029299 ], [ 21.991188, 40.043435 ], [ 21.997739, 40.05882 ], [ 22.018635, 40.064169 ], [ 22.07157, 40.112453 ], [ 22.097468, 40.144863 ], [ 22.093468, 40.167955 ], [ 22.103429, 40.174508 ], [ 22.121337, 40.168162 ], [ 22.115704, 40.190249 ], [ 22.183295, 40.195912 ], [ 22.208267, 40.189069 ], [ 22.217391, 40.177468 ], [ 22.198369, 40.166437 ], [ 22.193688, 40.153162 ], [ 22.20709, 40.145488 ], [ 22.219233, 40.104772 ], [ 22.241653, 40.114605 ], [ 22.281645, 40.16899 ], [ 22.322752, 40.177208 ], [ 22.349529, 40.158874 ], [ 22.347171, 40.134738 ], [ 22.367804, 40.136155 ], [ 22.364186, 40.100094 ], [ 22.349861, 40.069645 ], [ 22.379729, 40.042835 ], [ 22.429856, 40.038149 ], [ 22.490544, 40.007822 ], [ 22.50126, 39.966852 ], [ 22.524126, 39.951393 ], [ 22.585651, 39.953936 ], [ 22.625297, 39.970516 ], [ 22.668697, 39.949952 ], [ 22.675518, 39.958221 ], [ 22.664585, 39.974756 ], [ 22.709619, 39.949652 ], [ 22.718168, 39.902161 ], [ 22.736257, 39.871516 ], [ 22.851532, 39.796752 ], [ 22.915911, 39.602936 ] ] ] } },
{ "type": "Feature", "properties": { "loc": "EL613" }, "geometry": { "type": "MultiPolygon", "coordinates": [ [ [ [ 24.333221, 39.352028 ], [ 24.324748, 39.331316 ], [ 24.312103, 39.337632 ], [ 24.322523, 39.368268 ], [ 24.329526, 39.368771 ], [ 24.333221, 39.352028 ] ] ], [ [ [ 24.189391, 39.500344 ], [ 24.181814, 39.488666 ], [ 24.170403, 39.495692 ], [ 24.180037, 39.507355 ], [ 24.189391, 39.500344 ] ] ], [ [ [ 24.165452, 39.374634 ], [ 24.159813, 39.36102 ], [ 24.143355, 39.370955 ], [ 24.156024, 39.382462 ], [ 24.162456, 39.409935 ], [ 24.175404, 39.420141 ], [ 24.178911, 39.404446 ], [ 24.186727, 39.401115 ], [ 24.175751, 39.378005 ], [ 24.165452, 39.374634 ] ] ], [ [ [ 24.146839, 39.344735 ], [ 24.147891, 39.334852 ], [ 24.131516, 39.336643 ], [ 24.128159, 39.348133 ], [ 24.146839, 39.344735 ] ] ], [ [ [ 24.125402, 39.062954 ], [ 24.115713, 39.056948 ], [ 24.102334, 39.074991 ], [ 24.098988, 39.092232 ], [ 24.116864, 39.105792 ], [ 24.114652, 39.076787 ], [ 24.125402, 39.062954 ] ] ], [ [ [ 24.077095, 39.365814 ], [ 24.076307, 39.35349 ], [ 24.097899, 39.34806 ], [ 24.095522, 39.312613 ], [ 24.067515, 39.294527 ], [ 24.049017, 39.305118 ], [ 24.066197, 39.316219 ], [ 24.040572, 39.323588 ], [ 24.052215, 39.352261 ], [ 24.063168, 39.364161 ], [ 24.077095, 39.365814 ] ] ], [ [ [ 24.010817, 39.224238 ], [ 23.996149, 39.219594 ], [ 23.990957, 39.230163 ], [ 23.999629, 39.23684 ], [ 24.010817, 39.224238 ] ] ], [ [ [ 23.986529, 39.107169 ], [ 23.974484, 39.101591 ], [ 23.968528, 39.113784 ], [ 23.982922, 39.116136 ], [ 23.978186, 39.125549 ], [ 23.995089, 39.132356 ], [ 23.986529, 39.107169 ] ] ], [ [ [ 23.987436, 39.183707 ], [ 23.982832, 39.164994 ], [ 23.953823, 39.165538 ], [ 23.939094, 39.180959 ], [ 23.975176, 39.197626 ], [ 23.965468, 39.219603 ], [ 23.973627, 39.235755 ], [ 23.987828, 39.20926 ], [ 23.981748, 39.189027 ], [ 23.987436, 39.183707 ] ] ], [ [ [ 23.924379, 39.189027 ], [ 23.864285, 39.139332 ], [ 23.835948, 39.144336 ], [ 23.835966, 39.154589 ], [ 23.873178, 39.175405 ], [ 23.87009, 39.203369 ], [ 23.911087, 39.232603 ], [ 23.918323, 39.253339 ], [ 23.952417, 39.290752 ], [ 23.950957, 39.273697 ], [ 23.981126, 39.264718 ], [ 23.924379, 39.189027 ] ] ], [ [ [ 23.718672, 39.146045 ], [ 23.730743, 39.123529 ], [ 23.800659, 39.138521 ], [ 23.807588, 39.131747 ], [ 23.792986, 39.126632 ], [ 23.768951, 39.093219 ], [ 23.730445, 39.074976 ], [ 23.664812, 39.087149 ], [ 23.648555, 39.128956 ], [ 23.592494, 39.203214 ], [ 23.604823, 39.208425 ], [ 23.661971, 39.165922 ], [ 23.718672, 39.146045 ] ] ], [ [ [ 23.514463, 39.172501 ], [ 23.506054, 39.158028 ], [ 23.500336, 39.168654 ], [ 23.475983, 39.160448 ], [ 23.457495, 39.140504 ], [ 23.464754, 39.130034 ], [ 23.448853, 39.129782 ], [ 23.446026, 39.140756 ], [ 23.415705, 39.139166 ], [ 23.405194, 39.149064 ], [ 23.393092, 39.143753 ], [ 23.386736, 39.157074 ], [ 23.443936, 39.181633 ], [ 23.441462, 39.197914 ], [ 23.459263, 39.208665 ], [ 23.480194, 39.206455 ], [ 23.510612, 39.186333 ], [ 23.514463, 39.172501 ] ] ], [ [ [ 23.504944, 39.127741 ], [ 23.508284, 39.113956 ], [ 23.493766, 39.11662 ], [ 23.491483, 39.129728 ], [ 23.504944, 39.127741 ] ] ], [ [ [ 23.055041, 39.020555 ], [ 22.96947, 38.977788 ], [ 22.938218, 38.970775 ], [ 22.892659, 38.977368 ], [ 22.864696, 39.001682 ], [ 22.756717, 39.001851 ], [ 22.744289, 39.015478 ], [ 22.702206, 39.022213 ], [ 22.682207, 39.04749 ], [ 22.667772, 39.052691 ], [ 22.573139, 39.037079 ], [ 22.50061, 39.048878 ], [ 22.494496, 39.115199 ], [ 22.550836, 39.164007 ], [ 22.555062, 39.206528 ], [ 22.542793, 39.257301 ], [ 22.598589, 39.271446 ], [ 22.652145, 39.311894 ], [ 22.657778, 39.349389 ], [ 22.625986, 39.368508 ], [ 22.617791, 39.399557 ], [ 22.654876, 39.414275 ], [ 22.681306, 39.405016 ], [ 22.703076, 39.415259 ], [ 22.712069, 39.427167 ], [ 22.71273, 39.456246 ], [ 22.760981, 39.515923 ], [ 22.801181, 39.521349 ], [ 22.851957, 39.566498 ], [ 22.915911, 39.602936 ], [ 22.9404, 39.573348 ], [ 23.094141, 39.498332 ], [ 23.120064, 39.457916 ], [ 23.186249, 39.399131 ], [ 23.21178, 39.361036 ], [ 23.268939, 39.319908 ], [ 23.287192, 39.271878 ], [ 23.313193, 39.248192 ], [ 23.347983, 39.189027 ], [ 23.341116, 39.170889 ], [ 23.318988, 39.150431 ], [ 23.219952, 39.127189 ], [ 23.213795, 39.108264 ], [ 23.202717, 39.101587 ], [ 23.114243, 39.087134 ], [ 23.073225, 39.089461 ], [ 23.061669, 39.09793 ], [ 23.083545, 39.140977 ], [ 23.108741, 39.137999 ], [ 23.107936, 39.105335 ], [ 23.165035, 39.127623 ], [ 23.183918, 39.147888 ], [ 23.20671, 39.15428 ], [ 23.210164, 39.189724 ], [ 23.187138, 39.21637 ], [ 23.164549, 39.266914 ], [ 23.122682, 39.300256 ], [ 23.026356, 39.318693 ], [ 22.991282, 39.34765 ], [ 22.939568, 39.35675 ], [ 22.930915, 39.32072 ], [ 22.936623, 39.299501 ], [ 22.829368, 39.277886 ], [ 22.818166, 39.263108 ], [ 22.817401, 39.234828 ], [ 22.852866, 39.159813 ], [ 22.865953, 39.160937 ], [ 22.875722, 39.181591 ], [ 22.886824, 39.183341 ], [ 22.908824, 39.158367 ], [ 22.924575, 39.117481 ], [ 22.952318, 39.12059 ], [ 22.978933, 39.09793 ], [ 22.994113, 39.06665 ], [ 22.993134, 39.042248 ], [ 22.964681, 39.030021 ], [ 22.964016, 39.011326 ], [ 23.0361, 39.036079 ], [ 23.061315, 39.035231 ], [ 23.055041, 39.020555 ] ] ], [ [ [ 23.088222, 39.157409 ], [ 23.070821, 39.150952 ], [ 23.067583, 39.15487 ], [ 23.088545, 39.166939 ], [ 23.088222, 39.157409 ] ] ] ] } },
{ "type": "Feature", "properties": { "loc": "EL412" }, "geometry": { "type": "MultiPolygon", "coordinates": [ [ [ [ 26.879818, 37.781253 ], [ 26.967185, 37.749148 ], [ 26.974526, 37.755684 ], [ 26.951945, 37.781122 ], [ 26.962063, 37.786826 ], [ 26.977141, 37.782694 ], [ 26.987288, 37.794345 ], [ 27.001718, 37.778547 ], [ 27.056615, 37.777205 ], [ 27.028202, 37.754695 ], [ 27.04036, 37.734488 ], [ 27.060294, 37.725128 ], [ 27.060482, 37.713643 ], [ 26.983753, 37.704696 ], [ 26.914723, 37.683071 ], [ 26.890189, 37.668989 ], [ 26.87574, 37.64239 ], [ 26.851828, 37.637559 ], [ 26.797138, 37.643499 ], [ 26.752296, 37.693617 ], [ 26.718378, 37.708834 ], [ 26.648984, 37.702628 ], [ 26.61957, 37.683643 ], [ 26.592194, 37.679966 ], [ 26.571276, 37.734488 ], [ 26.599275, 37.762857 ], [ 26.640554, 37.772706 ], [ 26.672691, 37.795872 ], [ 26.735205, 37.811926 ], [ 26.850332, 37.804598 ], [ 26.879818, 37.781253 ] ] ], [ [ [ 26.567514, 37.600922 ], [ 26.558074, 37.58677 ], [ 26.544866, 37.589577 ], [ 26.539583, 37.601705 ], [ 26.550655, 37.600594 ], [ 26.563586, 37.61174 ], [ 26.567514, 37.600922 ] ] ], [ [ [ 26.527912, 37.594597 ], [ 26.499118, 37.575175 ], [ 26.510431, 37.549384 ], [ 26.504906, 37.530517 ], [ 26.491798, 37.539863 ], [ 26.474926, 37.574732 ], [ 26.479567, 37.602244 ], [ 26.494075, 37.586921 ], [ 26.5143, 37.600018 ], [ 26.511707, 37.620421 ], [ 26.497376, 37.631501 ], [ 26.513505, 37.655482 ], [ 26.533558, 37.641774 ], [ 26.528668, 37.631501 ], [ 26.542079, 37.615916 ], [ 26.527912, 37.594597 ] ] ], [ [ [ 26.504849, 37.521077 ], [ 26.497228, 37.501219 ], [ 26.488695, 37.509605 ], [ 26.49616, 37.52294 ], [ 26.504849, 37.521077 ] ] ], [ [ [ 26.453865, 37.594116 ], [ 26.458731, 37.578659 ], [ 26.448415, 37.563867 ], [ 26.436007, 37.566595 ], [ 26.4402, 37.572268 ], [ 26.431569, 37.57878 ], [ 26.401921, 37.580518 ], [ 26.42577, 37.587564 ], [ 26.438308, 37.602453 ], [ 26.453865, 37.594116 ] ] ], [ [ [ 26.347774, 37.678345 ], [ 26.313784, 37.629058 ], [ 26.218694, 37.571851 ], [ 26.118048, 37.555609 ], [ 26.061647, 37.518594 ], [ 25.983627, 37.513896 ], [ 25.976929, 37.522715 ], [ 26.008307, 37.573776 ], [ 26.079522, 37.633258 ], [ 26.203299, 37.630715 ], [ 26.294412, 37.676423 ], [ 26.347774, 37.678345 ] ] ] ] } },
{ "type": "Feature", "properties": { "loc": "EL413" }, "geometry": { "type": "MultiPolygon", "coordinates": [ [ [ [ 26.271986, 38.520247 ], [ 26.295925, 38.501379 ], [ 26.287961, 38.487465 ], [ 26.261006, 38.513667 ], [ 26.256717, 38.504798 ], [ 26.229874, 38.51423 ], [ 26.214074, 38.509138 ], [ 26.188645, 38.539659 ], [ 26.20609, 38.541798 ], [ 26.271986, 38.520247 ] ] ], [ [ [ 26.060279, 38.588478 ], [ 26.108183, 38.552181 ], [ 26.146969, 38.556832 ], [ 26.157844, 38.541985 ], [ 26.150664, 38.503505 ], [ 26.132052, 38.482964 ], [ 26.148575, 38.456609 ], [ 26.136041, 38.407523 ], [ 26.15546, 38.314 ], [ 26.108674, 38.27166 ], [ 26.102525, 38.219039 ], [ 26.040209, 38.195467 ], [ 26.008307, 38.153895 ], [ 25.927751, 38.197445 ], [ 25.869744, 38.249451 ], [ 25.878418, 38.270282 ], [ 25.90946, 38.291323 ], [ 25.96402, 38.302267 ], [ 25.992791, 38.357414 ], [ 25.988214, 38.383486 ], [ 25.963387, 38.408135 ], [ 25.944827, 38.452315 ], [ 25.878213, 38.485036 ], [ 25.853525, 38.508363 ], [ 25.838086, 38.541497 ], [ 25.867007, 38.579249 ], [ 26.008307, 38.60098 ], [ 26.060279, 38.588478 ] ] ], [ [ [ 25.608503, 38.541943 ], [ 25.564391, 38.54331 ], [ 25.558919, 38.565946 ], [ 25.533562, 38.594218 ], [ 25.597955, 38.600403 ], [ 25.618291, 38.577234 ], [ 25.608503, 38.541943 ] ] ], [ [ [ 25.525821, 38.531038 ], [ 25.502322, 38.530463 ], [ 25.4954, 38.533187 ], [ 25.513577, 38.55162 ], [ 25.522714, 38.548069 ], [ 25.525821, 38.531038 ] ] ], [ [ [ 25.295867, 38.168665 ], [ 25.297976, 38.153079 ], [ 25.283966, 38.15884 ], [ 25.285452, 38.173253 ], [ 25.295867, 38.168665 ] ] ] ] } },
{ "type": "Feature", "properties": { "loc": "EL621" }, "geometry": { "type": "MultiPolygon", "coordinates": [ [ [ [ 21.023717, 37.243651 ], [ 21.008318, 37.238907 ], [ 20.999628, 37.246017 ], [ 21.018808, 37.252952 ], [ 21.023717, 37.243651 ] ] ], [ [ [ 20.750098, 37.853159 ], [ 20.76959, 37.842219 ], [ 20.791913, 37.845422 ], [ 20.822207, 37.837756 ], [ 20.902364, 37.804691 ], [ 20.899576, 37.777048 ], [ 20.988426, 37.728763 ], [ 20.990637, 37.702899 ], [ 20.919608, 37.735648 ], [ 20.897852, 37.735113 ], [ 20.86998, 37.725567 ], [ 20.841828, 37.697152 ], [ 20.837133, 37.684757 ], [ 20.856582, 37.667235 ], [ 20.856484, 37.655716 ], [ 20.834005, 37.6456 ], [ 20.806742, 37.654362 ], [ 20.801186, 37.669526 ], [ 20.771558, 37.685545 ], [ 20.756853, 37.708279 ], [ 20.712238, 37.726099 ], [ 20.694759, 37.742192 ], [ 20.694847, 37.760795 ], [ 20.676064, 37.767234 ], [ 20.672131, 37.775944 ], [ 20.676675, 37.788914 ], [ 20.651941, 37.794552 ], [ 20.632375, 37.812546 ], [ 20.621925, 37.848884 ], [ 20.64844, 37.897996 ], [ 20.698639, 37.930043 ], [ 20.750098, 37.853159 ] ] ] ] } },
{ "type": "Feature", "properties": { "loc": "EL622" }, "geometry": { "type": "MultiPolygon", "coordinates": [ [ [ [ 20.247484, 39.141803 ], [ 20.241234, 39.137082 ], [ 20.21531, 39.150721 ], [ 20.222129, 39.161874 ], [ 20.247484, 39.141803 ] ] ], [ [ [ 20.161788, 39.229308 ], [ 20.211183, 39.177489 ], [ 20.16347, 39.184331 ], [ 20.162455, 39.191732 ], [ 20.140247, 39.201264 ], [ 20.141187, 39.209655 ], [ 20.126497, 39.222498 ], [ 20.126125, 39.238567 ], [ 20.161788, 39.229308 ] ] ], [ [ [ 19.850311, 39.819029 ], [ 19.937787, 39.781502 ], [ 19.94269, 39.786531 ], [ 19.954282, 39.776346 ], [ 19.934029, 39.74028 ], [ 19.872741, 39.718006 ], [ 19.842587, 39.697237 ], [ 19.853861, 39.667769 ], [ 19.850953, 39.652364 ], [ 19.926018, 39.622855 ], [ 19.922266, 39.596667 ], [ 19.90507, 39.599948 ], [ 19.934029, 39.481199 ], [ 19.958761, 39.465456 ], [ 19.996432, 39.456698 ], [ 20.018523, 39.435948 ], [ 20.071655, 39.454092 ], [ 20.118749, 39.374483 ], [ 20.110476, 39.364515 ], [ 20.083167, 39.368844 ], [ 19.934029, 39.430588 ], [ 19.909542, 39.433707 ], [ 19.871965, 39.457113 ], [ 19.852997, 39.493338 ], [ 19.845945, 39.548231 ], [ 19.832714, 39.56903 ], [ 19.744466, 39.626105 ], [ 19.721678, 39.672112 ], [ 19.678665, 39.681449 ], [ 19.678453, 39.713259 ], [ 19.65774, 39.720895 ], [ 19.638262, 39.751788 ], [ 19.67435, 39.794144 ], [ 19.798124, 39.793285 ], [ 19.850311, 39.819029 ] ] ], [ [ [ 19.935799, 39.643439 ], [ 19.930596, 39.632828 ], [ 19.914922, 39.64085 ], [ 19.92715, 39.649794 ], [ 19.935799, 39.643439 ] ] ], [ [ [ 19.601417, 39.766206 ], [ 19.588217, 39.759675 ], [ 19.583722, 39.769532 ], [ 19.596108, 39.778714 ], [ 19.601417, 39.766206 ] ] ], [ [ [ 19.596066, 39.891807 ], [ 19.590164, 39.875367 ], [ 19.577004, 39.878395 ], [ 19.570126, 39.889944 ], [ 19.573472, 39.899615 ], [ 19.596066, 39.891807 ] ] ], [ [ [ 19.536317, 39.759952 ], [ 19.525384, 39.756498 ], [ 19.506475, 39.780692 ], [ 19.509869, 39.786177 ], [ 19.536317, 39.759952 ] ] ], [ [ [ 19.381718, 39.86866 ], [ 19.39708, 39.860505 ], [ 19.429355, 39.863226 ], [ 19.410197, 39.8394 ], [ 19.387238, 39.836536 ], [ 19.373763, 39.851925 ], [ 19.381718, 39.86866 ] ] ] ] } },
{ "type": "Feature", "properties": { "loc": "EL623" }, "geometry": { "type": "MultiPolygon", "coordinates": [ [ [ [ 21.100277, 38.292851 ], [ 21.103578, 38.283148 ], [ 21.09416, 38.284987 ], [ 21.091601, 38.299487 ], [ 21.109237, 38.316373 ], [ 21.117774, 38.311678 ], [ 21.115115, 38.299487 ], [ 21.100277, 38.292851 ] ] ], [ [ [ 21.103616, 38.417362 ], [ 21.10375, 38.395044 ], [ 21.085673, 38.406592 ], [ 21.077722, 38.429463 ], [ 21.084793, 38.434946 ], [ 21.103616, 38.417362 ] ] ], [ [ [ 21.052786, 38.462312 ], [ 21.079914, 38.455597 ], [ 21.071533, 38.448288 ], [ 21.054383, 38.457892 ], [ 21.039862, 38.453012 ], [ 21.044251, 38.471546 ], [ 21.050999, 38.472537 ], [ 21.052786, 38.462312 ] ] ], [ [ [ 21.027771, 38.472376 ], [ 21.015435, 38.469304 ], [ 21.00833, 38.483038 ], [ 21.017662, 38.490295 ], [ 21.028777, 38.483254 ], [ 21.027771, 38.472376 ] ] ], [ [ [ 20.991264, 38.381479 ], [ 21.001787, 38.360379 ], [ 20.987807, 38.364578 ], [ 20.991264, 38.381479 ] ] ], [ [ [ 20.82137, 38.478683 ], [ 20.80485, 38.474956 ], [ 20.796394, 38.482629 ], [ 20.816721, 38.503078 ], [ 20.823321, 38.502003 ], [ 20.82137, 38.478683 ] ] ], [ [ [ 20.625538, 38.327883 ], [ 20.603171, 38.299487 ], [ 20.634947, 38.254449 ], [ 20.649471, 38.255716 ], [ 20.672023, 38.275311 ], [ 20.692887, 38.260221 ], [ 20.717453, 38.22104 ], [ 20.805067, 38.121174 ], [ 20.807991, 38.109334 ], [ 20.787511, 38.064942 ], [ 20.706936, 38.070067 ], [ 20.621203, 38.114192 ], [ 20.559691, 38.093817 ], [ 20.505695, 38.111436 ], [ 20.491791, 38.124292 ], [ 20.476142, 38.177288 ], [ 20.479742, 38.183912 ], [ 20.496875, 38.178412 ], [ 20.497417, 38.185013 ], [ 20.441831, 38.278305 ], [ 20.42646, 38.268118 ], [ 20.437066, 38.168795 ], [ 20.380719, 38.156295 ], [ 20.342197, 38.189083 ], [ 20.358355, 38.254549 ], [ 20.384246, 38.277644 ], [ 20.40077, 38.343975 ], [ 20.437554, 38.351285 ], [ 20.451408, 38.328948 ], [ 20.480654, 38.31367 ], [ 20.533166, 38.345318 ], [ 20.544258, 38.369557 ], [ 20.524371, 38.385382 ], [ 20.545232, 38.392359 ], [ 20.540322, 38.462249 ], [ 20.555187, 38.472378 ], [ 20.578021, 38.46169 ], [ 20.611677, 38.38865 ], [ 20.625538, 38.327883 ] ] ], [ [ [ 20.676157, 38.489583 ], [ 20.667151, 38.46083 ], [ 20.692296, 38.45905 ], [ 20.693628, 38.447977 ], [ 20.707192, 38.437248 ], [ 20.676806, 38.382704 ], [ 20.67607, 38.367929 ], [ 20.709273, 38.370836 ], [ 20.704878, 38.384625 ], [ 20.723303, 38.389044 ], [ 20.743261, 38.379933 ], [ 20.749806, 38.369073 ], [ 20.741915, 38.364722 ], [ 20.746578, 38.354344 ], [ 20.740499, 38.341948 ], [ 20.761395, 38.316989 ], [ 20.713059, 38.303871 ], [ 20.69552, 38.315871 ], [ 20.684712, 38.347063 ], [ 20.668605, 38.360644 ], [ 20.640558, 38.437628 ], [ 20.61573, 38.466275 ], [ 20.616114, 38.473678 ], [ 20.627296, 38.477509 ], [ 20.648204, 38.47164 ], [ 20.651772, 38.50203 ], [ 20.676157, 38.489583 ] ] ], [ [ [ 20.715431, 38.541943 ], [ 20.699537, 38.547001 ], [ 20.704159, 38.565202 ], [ 20.721406, 38.561066 ], [ 20.715431, 38.541943 ] ] ] ] } },
{ "type": "Feature", "properties": { "loc": "EL624" }, "geometry": { "type": "MultiPolygon", "coordinates": [ [ [ [ 20.951978, 38.654007 ], [ 20.961346, 38.644659 ], [ 20.955054, 38.635425 ], [ 20.928341, 38.615928 ], [ 20.884828, 38.600215 ], [ 20.890973, 38.595535 ], [ 20.883236, 38.583416 ], [ 20.870255, 38.578033 ], [ 20.867665, 38.598282 ], [ 20.894084, 38.639716 ], [ 20.951978, 38.654007 ] ] ], [ [ [ 20.910784, 38.560228 ], [ 20.893205, 38.549956 ], [ 20.895251, 38.56507 ], [ 20.926701, 38.596963 ], [ 20.924446, 38.575786 ], [ 20.910269, 38.568187 ], [ 20.910784, 38.560228 ] ] ], [ [ [ 20.812734, 38.579549 ], [ 20.786844, 38.585697 ], [ 20.792554, 38.593317 ], [ 20.783255, 38.601495 ], [ 20.790764, 38.606879 ], [ 20.801763, 38.600046 ], [ 20.812734, 38.579549 ] ] ], [ [ [ 20.806751, 38.664775 ], [ 20.783765, 38.643513 ], [ 20.763856, 38.643669 ], [ 20.752627, 38.621995 ], [ 20.734785, 38.641345 ], [ 20.74123, 38.667357 ], [ 20.761887, 38.661427 ], [ 20.790359, 38.673562 ], [ 20.806751, 38.664775 ] ] ], [ [ [ 20.749, 38.693688 ], [ 20.741585, 38.682863 ], [ 20.735339, 38.684823 ], [ 20.737924, 38.702491 ], [ 20.749, 38.693688 ] ] ], [ [ [ 20.701733, 38.629626 ], [ 20.67849, 38.605678 ], [ 20.650728, 38.604568 ], [ 20.641561, 38.582928 ], [ 20.594785, 38.628227 ], [ 20.552508, 38.573948 ], [ 20.546099, 38.588948 ], [ 20.557912, 38.67965 ], [ 20.605699, 38.787079 ], [ 20.622135, 38.795056 ], [ 20.648036, 38.831323 ], [ 20.704488, 38.835111 ], [ 20.71796, 38.823843 ], [ 20.72429, 38.804931 ], [ 20.72056, 38.757779 ], [ 20.730232, 38.736382 ], [ 20.714368, 38.708237 ], [ 20.722658, 38.689469 ], [ 20.713683, 38.667271 ], [ 20.719211, 38.630445 ], [ 20.701733, 38.629626 ] ] ], [ [ [ 20.695277, 38.850456 ], [ 20.693249, 38.839024 ], [ 20.679024, 38.842777 ], [ 20.682967, 38.856509 ], [ 20.695277, 38.850456 ] ] ] ] } },
{ "type": "Feature", "properties": { "loc": "EL421" }, "geometry": { "type": "MultiPolygon", "coordinates": [ [ [ [ 29.650198, 36.116119 ], [ 29.636253, 36.107627 ], [ 29.628282, 36.111557 ], [ 29.6394, 36.124851 ], [ 29.650198, 36.116119 ] ] ], [ [ [ 29.580214, 36.125263 ], [ 29.560316, 36.121932 ], [ 29.572321, 36.153188 ], [ 29.591008, 36.167219 ], [ 29.600878, 36.162506 ], [ 29.592188, 36.153366 ], [ 29.605379, 36.142546 ], [ 29.580214, 36.125263 ] ] ], [ [ [ 29.503004, 36.158807 ], [ 29.505402, 36.1486 ], [ 29.485139, 36.153201 ], [ 29.487838, 36.163415 ], [ 29.503004, 36.158807 ] ] ], [ [ [ 28.095239, 36.102231 ], [ 28.078878, 36.073944 ], [ 28.082881, 36.056948 ], [ 28.026889, 36.075927 ], [ 27.955547, 36.044571 ], [ 27.86316, 35.93091 ], [ 27.798511, 35.891677 ], [ 27.774452, 35.888755 ], [ 27.738288, 35.914548 ], [ 27.722292, 35.939756 ], [ 27.755388, 36.017337 ], [ 27.757325, 36.093714 ], [ 27.71269, 36.114793 ], [ 27.71049, 36.13779 ], [ 27.688092, 36.154609 ], [ 27.767458, 36.19136 ], [ 27.806786, 36.268379 ], [ 27.838318, 36.279709 ], [ 27.879757, 36.321866 ], [ 27.915396, 36.341973 ], [ 28.108743, 36.416169 ], [ 28.187948, 36.422821 ], [ 28.220607, 36.453673 ], [ 28.237332, 36.43963 ], [ 28.230782, 36.40635 ], [ 28.242882, 36.384904 ], [ 28.210367, 36.352406 ], [ 28.211927, 36.326235 ], [ 28.169863, 36.268498 ], [ 28.171419, 36.250206 ], [ 28.149314, 36.22516 ], [ 28.13736, 36.190841 ], [ 28.103684, 36.177394 ], [ 28.076703, 36.142079 ], [ 28.070943, 36.109955 ], [ 28.095239, 36.102231 ] ] ], [ [ [ 27.838821, 36.622173 ], [ 27.840226, 36.616457 ], [ 27.872398, 36.631048 ], [ 27.869713, 36.623673 ], [ 27.87787, 36.617559 ], [ 27.877063, 36.588241 ], [ 27.863976, 36.584435 ], [ 27.877297, 36.577273 ], [ 27.868411, 36.566256 ], [ 27.874542, 36.549387 ], [ 27.853379, 36.53728 ], [ 27.836951, 36.53796 ], [ 27.832986, 36.550143 ], [ 27.847003, 36.549216 ], [ 27.847024, 36.562694 ], [ 27.825533, 36.572985 ], [ 27.800159, 36.564972 ], [ 27.794981, 36.571117 ], [ 27.814368, 36.58068 ], [ 27.813039, 36.58987 ], [ 27.786193, 36.584629 ], [ 27.770632, 36.59322 ], [ 27.773086, 36.601815 ], [ 27.797774, 36.612644 ], [ 27.796671, 36.62921 ], [ 27.835463, 36.644042 ], [ 27.828893, 36.65368 ], [ 27.853289, 36.664766 ], [ 27.863881, 36.651655 ], [ 27.837062, 36.644841 ], [ 27.815137, 36.623821 ], [ 27.838821, 36.622173 ] ] ], [ [ [ 27.872198, 36.523654 ], [ 27.860433, 36.516145 ], [ 27.852341, 36.52189 ], [ 27.854146, 36.529287 ], [ 27.872198, 36.523654 ] ] ], [ [ [ 27.767178, 35.888214 ], [ 27.76094, 35.873812 ], [ 27.745988, 35.884249 ], [ 27.752976, 35.889458 ], [ 27.767178, 35.888214 ] ] ], [ [ [ 27.724586, 36.281406 ], [ 27.703736, 36.244256 ], [ 27.698855, 36.250758 ], [ 27.709805, 36.267482 ], [ 27.687095, 36.267207 ], [ 27.693819, 36.281099 ], [ 27.713324, 36.286304 ], [ 27.724586, 36.281406 ] ] ], [ [ [ 27.65997, 36.250359 ], [ 27.650465, 36.246962 ], [ 27.643965, 36.260551 ], [ 27.65976, 36.263732 ], [ 27.65997, 36.250359 ] ] ], [ [ [ 27.599082, 36.248194 ], [ 27.619866, 36.242236 ], [ 27.624399, 36.226834 ], [ 27.615406, 36.21519 ], [ 27.556382, 36.218876 ], [ 27.522187, 36.209143 ], [ 27.515369, 36.223556 ], [ 27.525302, 36.239653 ], [ 27.599082, 36.248194 ] ] ], [ [ [ 27.359144, 36.480126 ], [ 27.392587, 36.434205 ], [ 27.387891, 36.415128 ], [ 27.397836, 36.410923 ], [ 27.40907, 36.417146 ], [ 27.427656, 36.40192 ], [ 27.43373, 36.41563 ], [ 27.441994, 36.415073 ], [ 27.448745, 36.404936 ], [ 27.437501, 36.392965 ], [ 27.394394, 36.376641 ], [ 27.382427, 36.381924 ], [ 27.372611, 36.400317 ], [ 27.363675, 36.395803 ], [ 27.357859, 36.426719 ], [ 27.342718, 36.431631 ], [ 27.320035, 36.413767 ], [ 27.295177, 36.42406 ], [ 27.296361, 36.465735 ], [ 27.304183, 36.471281 ], [ 27.322687, 36.458259 ], [ 27.335746, 36.461702 ], [ 27.342742, 36.478678 ], [ 27.359144, 36.480126 ] ] ], [ [ [ 27.175486, 36.808562 ], [ 27.110824, 36.758668 ], [ 27.029922, 36.766464 ], [ 26.975127, 36.743761 ], [ 26.981901, 36.719277 ], [ 26.968069, 36.70169 ], [ 26.968334, 36.674627 ], [ 26.947522, 36.682826 ], [ 26.922031, 36.710142 ], [ 26.924729, 36.760807 ], [ 26.957557, 36.773151 ], [ 26.993868, 36.772692 ], [ 27.073525, 36.847504 ], [ 27.151569, 36.88254 ], [ 27.230849, 36.894277 ], [ 27.276469, 36.913207 ], [ 27.300768, 36.890135 ], [ 27.341025, 36.887189 ], [ 27.352705, 36.866759 ], [ 27.324779, 36.846426 ], [ 27.175486, 36.808562 ] ] ], [ [ [ 27.298321, 36.477464 ], [ 27.291824, 36.474696 ], [ 27.276259, 36.481052 ], [ 27.293021, 36.4876 ], [ 27.298321, 36.477464 ] ] ], [ [ [ 27.23362, 35.870838 ], [ 27.239461, 35.83616 ], [ 27.216929, 35.835859 ], [ 27.20144, 35.840986 ], [ 27.185465, 35.860295 ], [ 27.199474, 35.864005 ], [ 27.230054, 35.902857 ], [ 27.23809, 35.899399 ], [ 27.23362, 35.870838 ] ] ], [ [ [ 27.232472, 35.814388 ], [ 27.209488, 35.762467 ], [ 27.216537, 35.728762 ], [ 27.191782, 35.699802 ], [ 27.190229, 35.683771 ], [ 27.16257, 35.65644 ], [ 27.160631, 35.62362 ], [ 27.151424, 35.613068 ], [ 27.202388, 35.573086 ], [ 27.204556, 35.558431 ], [ 27.217957, 35.544619 ], [ 27.200142, 35.529193 ], [ 27.201142, 35.515613 ], [ 27.232899, 35.506044 ], [ 27.240622, 35.495285 ], [ 27.228926, 35.475659 ], [ 27.202999, 35.480814 ], [ 27.191874, 35.46385 ], [ 27.172097, 35.459246 ], [ 27.153413, 35.425572 ], [ 27.16475, 35.418926 ], [ 27.146766, 35.405332 ], [ 27.134137, 35.424669 ], [ 27.113056, 35.425438 ], [ 27.081092, 35.446148 ], [ 27.118978, 35.484473 ], [ 27.106308, 35.513304 ], [ 27.111507, 35.547752 ], [ 27.075742, 35.57155 ], [ 27.078141, 35.580586 ], [ 27.063387, 35.598377 ], [ 27.119786, 35.644475 ], [ 27.124316, 35.661765 ], [ 27.117837, 35.667082 ], [ 27.128007, 35.689163 ], [ 27.16255, 35.72734 ], [ 27.164902, 35.799949 ], [ 27.187736, 35.80454 ], [ 27.213033, 35.830067 ], [ 27.229712, 35.828265 ], [ 27.232472, 35.814388 ] ] ], [ [ [ 27.189371, 36.618725 ], [ 27.212236, 36.578564 ], [ 27.190667, 36.557672 ], [ 27.135398, 36.563649 ], [ 27.133907, 36.571771 ], [ 27.123259, 36.572969 ], [ 27.129473, 36.610356 ], [ 27.189371, 36.618725 ] ] ], [ [ [ 27.179505, 36.930854 ], [ 27.174979, 36.917126 ], [ 27.160265, 36.925491 ], [ 27.166331, 36.933589 ], [ 27.179505, 36.930854 ] ] ], [ [ [ 27.1564, 36.926264 ], [ 27.142669, 36.922556 ], [ 27.114311, 36.947394 ], [ 27.122473, 36.956568 ], [ 27.159832, 36.955552 ], [ 27.164422, 36.945709 ], [ 27.1564, 36.926264 ] ] ], [ [ [ 27.142039, 36.676576 ], [ 27.140009, 36.667762 ], [ 27.121615, 36.670202 ], [ 27.131412, 36.68303 ], [ 27.142039, 36.676576 ] ] ], [ [ [ 27.121137, 36.664469 ], [ 27.113818, 36.647596 ], [ 27.102725, 36.657275 ], [ 27.104484, 36.667396 ], [ 27.121137, 36.664469 ] ] ], [ [ [ 27.105133, 36.93656 ], [ 27.094251, 36.927608 ], [ 27.084605, 36.936902 ], [ 27.095318, 36.94528 ], [ 27.105133, 36.93656 ] ] ], [ [ [ 27.101019, 37.062046 ], [ 27.095416, 37.05337 ], [ 27.077051, 37.063152 ], [ 27.086299, 37.068941 ], [ 27.101019, 37.062046 ] ] ], [ [ [ 27.100244, 37.277147 ], [ 27.085666, 37.273889 ], [ 27.077621, 37.288308 ], [ 27.090051, 37.308637 ], [ 27.094337, 37.302482 ], [ 27.087576, 37.290498 ], [ 27.100244, 37.277147 ] ] ], [ [ [ 27.087068, 36.574948 ], [ 27.080534, 36.565609 ], [ 27.060543, 36.566854 ], [ 27.068126, 36.575513 ], [ 27.087068, 36.574948 ] ] ], [ [ [ 27.047788, 36.595757 ], [ 27.042028, 36.580266 ], [ 27.032481, 36.583468 ], [ 27.028404, 36.593052 ], [ 27.047788, 36.595757 ] ] ], [ [ [ 26.99416, 36.947504 ], [ 26.980274, 36.927287 ], [ 26.947149, 36.927969 ], [ 26.918684, 36.953301 ], [ 26.936816, 37.00645 ], [ 26.954368, 37.026127 ], [ 26.938947, 37.040395 ], [ 26.917002, 37.043323 ], [ 26.90241, 37.068656 ], [ 26.962686, 37.058056 ], [ 26.983351, 37.045467 ], [ 26.982102, 37.033164 ], [ 27.002757, 37.01438 ], [ 27.030537, 37.011828 ], [ 27.044238, 36.999402 ], [ 27.036445, 36.961562 ], [ 27.045029, 36.948199 ], [ 26.99416, 36.947504 ] ] ], [ [ [ 26.940828, 37.476498 ], [ 26.984353, 37.47427 ], [ 27.006181, 37.460787 ], [ 27.000019, 37.453814 ], [ 26.990186, 37.461042 ], [ 26.979784, 37.447077 ], [ 26.966163, 37.455259 ], [ 26.960517, 37.444751 ], [ 26.946685, 37.447002 ], [ 26.940828, 37.476498 ] ] ], [ [ [ 27.005194, 35.432613 ], [ 26.988495, 35.400062 ], [ 26.959374, 35.392686 ], [ 26.932283, 35.366204 ], [ 26.908345, 35.36215 ], [ 26.883545, 35.341812 ], [ 26.868091, 35.342682 ], [ 26.845525, 35.361558 ], [ 26.906289, 35.422409 ], [ 26.933137, 35.418038 ], [ 27.005194, 35.432613 ] ] ], [ [ [ 26.977724, 36.505548 ], [ 26.965862, 36.493644 ], [ 26.954631, 36.494941 ], [ 26.970023, 36.508663 ], [ 26.977724, 36.505548 ] ] ], [ [ [ 26.92513, 37.004948 ], [ 26.922642, 36.997685 ], [ 26.886064, 37.013265 ], [ 26.914439, 37.016327 ], [ 26.92513, 37.004948 ] ] ], [ [ [ 26.808865, 37.202062 ], [ 26.818538, 37.189613 ], [ 26.824952, 37.195082 ], [ 26.855873, 37.186047 ], [ 26.856553, 37.178214 ], [ 26.838691, 37.166759 ], [ 26.844118, 37.157732 ], [ 26.872539, 37.155579 ], [ 26.861029, 37.143991 ], [ 26.883123, 37.12523 ], [ 26.887113, 37.101459 ], [ 26.872528, 37.107141 ], [ 26.867962, 37.099534 ], [ 26.842315, 37.100175 ], [ 26.833564, 37.110439 ], [ 26.85866, 37.1197 ], [ 26.857881, 37.129917 ], [ 26.825388, 37.114204 ], [ 26.814848, 37.11847 ], [ 26.808865, 37.130098 ], [ 26.829728, 37.145316 ], [ 26.826445, 37.15182 ], [ 26.799159, 37.152535 ], [ 26.795429, 37.162779 ], [ 26.765649, 37.174243 ], [ 26.779513, 37.194436 ], [ 26.795029, 37.187557 ], [ 26.802599, 37.19127 ], [ 26.79573, 37.200931 ], [ 26.808865, 37.202062 ] ] ], [ [ [ 26.871504, 35.432866 ], [ 26.862121, 35.430698 ], [ 26.847702, 35.439025 ], [ 26.872589, 35.441531 ], [ 26.871504, 35.432866 ] ] ], [ [ [ 26.827408, 35.892674 ], [ 26.825042, 35.876205 ], [ 26.813259, 35.880236 ], [ 26.82041, 35.894856 ], [ 26.827408, 35.892674 ] ] ], [ [ [ 26.72006, 37.326195 ], [ 26.764023, 37.304122 ], [ 26.785576, 37.306318 ], [ 26.79046, 37.298367 ], [ 26.780836, 37.278182 ], [ 26.763531, 37.280548 ], [ 26.755683, 37.297833 ], [ 26.745081, 37.292556 ], [ 26.718923, 37.302614 ], [ 26.711627, 37.318214 ], [ 26.721175, 37.316967 ], [ 26.72006, 37.326195 ] ] ], [ [ [ 26.788765, 37.207584 ], [ 26.765614, 37.194733 ], [ 26.764054, 37.203086 ], [ 26.788765, 37.207584 ] ] ], [ [ [ 26.767202, 37.193919 ], [ 26.759191, 37.188309 ], [ 26.757978, 37.196563 ], [ 26.767202, 37.193919 ] ] ], [ [ [ 26.75805, 37.374834 ], [ 26.743786, 37.361564 ], [ 26.741997, 37.374125 ], [ 26.717504, 37.390195 ], [ 26.716507, 37.410233 ], [ 26.75805, 37.374834 ] ] ], [ [ [ 26.751858, 36.281099 ], [ 26.743092, 36.278844 ], [ 26.733663, 36.282743 ], [ 26.743092, 36.292992 ], [ 26.751858, 36.281099 ] ] ], [ [ [ 26.713103, 37.367747 ], [ 26.709427, 37.354671 ], [ 26.695435, 37.364933 ], [ 26.701766, 37.374004 ], [ 26.713103, 37.367747 ] ] ], [ [ [ 26.696979, 36.342043 ], [ 26.68261, 36.325905 ], [ 26.679356, 36.335616 ], [ 26.67097, 36.329888 ], [ 26.661715, 36.336063 ], [ 26.666809, 36.341474 ], [ 26.655689, 36.352971 ], [ 26.679985, 36.359616 ], [ 26.696979, 36.342043 ] ] ], [ [ [ 26.534514, 37.378396 ], [ 26.549432, 37.367585 ], [ 26.573042, 37.377871 ], [ 26.612791, 37.341454 ], [ 26.603439, 37.336917 ], [ 26.567857, 37.349676 ], [ 26.557857, 37.341491 ], [ 26.558693, 37.326105 ], [ 26.55128, 37.323804 ], [ 26.568761, 37.307086 ], [ 26.561701, 37.294037 ], [ 26.571536, 37.269916 ], [ 26.543497, 37.275165 ], [ 26.554504, 37.286878 ], [ 26.543259, 37.292415 ], [ 26.527351, 37.28946 ], [ 26.531861, 37.329547 ], [ 26.54303, 37.335895 ], [ 26.53641, 37.341562 ], [ 26.534514, 37.378396 ] ] ], [ [ [ 26.460906, 37.014102 ], [ 26.493649, 37.007274 ], [ 26.490893, 36.997061 ], [ 26.456225, 37.002429 ], [ 26.440443, 36.991662 ], [ 26.426763, 37.005581 ], [ 26.460906, 37.014102 ] ] ], [ [ [ 26.47713, 36.535806 ], [ 26.468577, 36.527045 ], [ 26.460715, 36.532575 ], [ 26.466261, 36.548711 ], [ 26.47713, 36.535806 ] ] ], [ [ [ 26.419788, 36.629576 ], [ 26.471433, 36.582167 ], [ 26.455204, 36.580629 ], [ 26.443813, 36.589358 ], [ 26.415079, 36.572722 ], [ 26.365923, 36.576222 ], [ 26.366507, 36.566544 ], [ 26.354337, 36.564534 ], [ 26.356488, 36.544183 ], [ 26.344877, 36.542883 ], [ 26.363097, 36.512816 ], [ 26.351019, 36.509752 ], [ 26.325595, 36.507673 ], [ 26.29021, 36.520431 ], [ 26.278863, 36.548843 ], [ 26.266595, 36.555891 ], [ 26.273096, 36.567677 ], [ 26.261753, 36.581603 ], [ 26.271669, 36.598337 ], [ 26.279277, 36.586981 ], [ 26.2942, 36.598027 ], [ 26.308382, 36.594152 ], [ 26.344642, 36.570789 ], [ 26.35663, 36.57194 ], [ 26.36356, 36.585138 ], [ 26.380431, 36.591574 ], [ 26.40052, 36.584866 ], [ 26.39114, 36.613609 ], [ 26.382037, 36.615503 ], [ 26.372259, 36.635027 ], [ 26.378124, 36.643444 ], [ 26.419788, 36.629576 ] ] ], [ [ [ 26.408424, 36.077064 ], [ 26.402149, 36.064233 ], [ 26.390846, 36.0723 ], [ 26.396524, 36.083366 ], [ 26.408424, 36.077064 ] ] ], [ [ [ 26.306698, 36.990595 ], [ 26.310105, 36.98361 ], [ 26.282639, 36.9695 ], [ 26.268155, 36.976237 ], [ 26.274507, 36.985234 ], [ 26.306698, 36.990595 ] ] ], [ [ [ 26.236483, 36.555036 ], [ 26.225824, 36.545454 ], [ 26.221535, 36.566722 ], [ 26.236483, 36.555036 ] ] ], [ [ [ 26.173278, 36.903434 ], [ 26.158712, 36.903975 ], [ 26.161807, 36.916183 ], [ 26.173047, 36.913239 ], [ 26.173278, 36.903434 ] ] ], [ [ [ 26.147943, 36.560495 ], [ 26.147514, 36.545756 ], [ 26.128881, 36.554367 ], [ 26.137348, 36.559396 ], [ 26.147943, 36.560495 ] ] ] ] } },
{ "type": "Feature", "properties": { "loc": "EL431" }, "geometry": { "type": "MultiPolygon", "coordinates": [ [ [ [ 25.490698, 35.298332 ], [ 25.503281, 35.279415 ], [ 25.495677, 35.250881 ], [ 25.508193, 35.229024 ], [ 25.482885, 35.225338 ], [ 25.452071, 35.20296 ], [ 25.416625, 35.201702 ], [ 25.404193, 35.167118 ], [ 25.427556, 35.113785 ], [ 25.513668, 35.068604 ], [ 25.500355, 35.0435 ], [ 25.543597, 35.018844 ], [ 25.550568, 34.990757 ], [ 25.49629, 34.983327 ], [ 25.374839, 34.996638 ], [ 25.32854, 34.98332 ], [ 25.286229, 34.983789 ], [ 25.263851, 34.966247 ], [ 25.20173, 34.948727 ], [ 25.145387, 34.953465 ], [ 25.099512, 34.936287 ], [ 25.04804, 34.940858 ], [ 25.011935, 34.930343 ], [ 24.917464, 34.928 ], [ 24.83956, 34.940156 ], [ 24.811566, 34.935444 ], [ 24.798182, 34.923289 ], [ 24.733684, 34.92834 ], [ 24.74931, 34.948002 ], [ 24.747107, 34.996539 ], [ 24.759427, 35.022616 ], [ 24.747524, 35.065536 ], [ 24.722517, 35.092544 ], [ 24.729713, 35.112993 ], [ 24.787893, 35.124767 ], [ 24.799619, 35.185035 ], [ 24.797168, 35.219975 ], [ 24.814967, 35.216282 ], [ 24.832481, 35.182374 ], [ 24.879472, 35.17689 ], [ 24.900982, 35.193762 ], [ 24.905107, 35.224541 ], [ 24.920822, 35.248936 ], [ 24.913392, 35.270588 ], [ 24.920728, 35.294313 ], [ 24.87717, 35.318748 ], [ 24.899834, 35.330954 ], [ 24.887569, 35.374415 ], [ 24.924125, 35.376971 ], [ 24.928004, 35.40691 ], [ 24.955927, 35.405653 ], [ 24.971934, 35.424357 ], [ 24.989127, 35.41655 ], [ 25.014731, 35.418946 ], [ 25.023909, 35.40311 ], [ 25.044351, 35.395589 ], [ 25.041767, 35.356475 ], [ 25.0643, 35.340506 ], [ 25.173255, 35.345546 ], [ 25.201454, 35.333675 ], [ 25.240166, 35.331771 ], [ 25.374261, 35.339113 ], [ 25.433442, 35.295009 ], [ 25.490698, 35.298332 ] ] ], [ [ [ 25.242467, 35.452025 ], [ 25.239506, 35.428038 ], [ 25.189145, 35.446522 ], [ 25.2156, 35.466515 ], [ 25.242467, 35.452025 ] ] ] ] } },
{ "type": "Feature", "properties": { "loc": "EL432" }, "geometry": { "type": "MultiPolygon", "coordinates": [ [ [ [ 26.348318, 35.275387 ], [ 26.340897, 35.265356 ], [ 26.330125, 35.270693 ], [ 26.327967, 35.281979 ], [ 26.348318, 35.275387 ] ] ], [ [ [ 25.550568, 34.990757 ], [ 25.543597, 35.018844 ], [ 25.500355, 35.0435 ], [ 25.513668, 35.068604 ], [ 25.427556, 35.113785 ], [ 25.404193, 35.167118 ], [ 25.416625, 35.201702 ], [ 25.452071, 35.20296 ], [ 25.482885, 35.225338 ], [ 25.508193, 35.229024 ], [ 25.495677, 35.250881 ], [ 25.503281, 35.279415 ], [ 25.490698, 35.298332 ], [ 25.513688, 35.308224 ], [ 25.658326, 35.345252 ], [ 25.764528, 35.336863 ], [ 25.760349, 35.322035 ], [ 25.728007, 35.291937 ], [ 25.724574, 35.267342 ], [ 25.733424, 35.233996 ], [ 25.717377, 35.215179 ], [ 25.712684, 35.178146 ], [ 25.730457, 35.132554 ], [ 25.797611, 35.113136 ], [ 25.81903, 35.115008 ], [ 25.85055, 35.155193 ], [ 25.875513, 35.15854 ], [ 25.900125, 35.184218 ], [ 25.944625, 35.183222 ], [ 25.964343, 35.196776 ], [ 25.996762, 35.201876 ], [ 26.029422, 35.227233 ], [ 26.108147, 35.224863 ], [ 26.119095, 35.202378 ], [ 26.158843, 35.201054 ], [ 26.214418, 35.24307 ], [ 26.237025, 35.274589 ], [ 26.275773, 35.285327 ], [ 26.291219, 35.307302 ], [ 26.306164, 35.309899 ], [ 26.268225, 35.25573 ], [ 26.276435, 35.205522 ], [ 26.31243, 35.186246 ], [ 26.283553, 35.161466 ], [ 26.277244, 35.11099 ], [ 26.230528, 35.039042 ], [ 26.158843, 35.007858 ], [ 26.101833, 34.998234 ], [ 26.071839, 35.019687 ], [ 26.016941, 35.017662 ], [ 25.976831, 35.037326 ], [ 25.903509, 35.029085 ], [ 25.802788, 34.999114 ], [ 25.691339, 35.013396 ], [ 25.582151, 35.002769 ], [ 25.550568, 34.990757 ] ] ], [ [ [ 26.18238, 35.324959 ], [ 26.167893, 35.324882 ], [ 26.16603, 35.335738 ], [ 26.168926, 35.348608 ], [ 26.179198, 35.353523 ], [ 26.187858, 35.348336 ], [ 26.18238, 35.324959 ] ] ], [ [ [ 26.157375, 34.94076 ], [ 26.137013, 34.92719 ], [ 26.124735, 34.945031 ], [ 26.133421, 34.950166 ], [ 26.157375, 34.94076 ] ] ], [ [ [ 25.869953, 35.193852 ], [ 25.863147, 35.180201 ], [ 25.848458, 35.182083 ], [ 25.859152, 35.194908 ], [ 25.869953, 35.193852 ] ] ], [ [ [ 25.758495, 35.285739 ], [ 25.753836, 35.25228 ], [ 25.736314, 35.258694 ], [ 25.739363, 35.293768 ], [ 25.758495, 35.285739 ] ] ], [ [ [ 25.68272, 34.878589 ], [ 25.724405, 34.877138 ], [ 25.725955, 34.871588 ], [ 25.708098, 34.865131 ], [ 25.682488, 34.868664 ], [ 25.68272, 34.878589 ] ] ] ] } },
{ "type": "Feature", "properties": { "loc": "EL631" }, "geometry": { "type": "Polygon", "coordinates": [ [ [ 21.851732, 38.374535 ], [ 21.830526, 38.384509 ], [ 21.806828, 38.378289 ], [ 21.757169, 38.336291 ], [ 21.632066, 38.351315 ], [ 21.499408, 38.306223 ], [ 21.465605, 38.357151 ], [ 21.411242, 38.351109 ], [ 21.369331, 38.406872 ], [ 21.350316, 38.460653 ], [ 21.321133, 38.483591 ], [ 21.317225, 38.468197 ], [ 21.340516, 38.433366 ], [ 21.3327, 38.397516 ], [ 21.22253, 38.307538 ], [ 21.157624, 38.306839 ], [ 21.117099, 38.335499 ], [ 21.103603, 38.365015 ], [ 21.12255, 38.393486 ], [ 21.125538, 38.422803 ], [ 21.088572, 38.48178 ], [ 21.083904, 38.521676 ], [ 21.045324, 38.512249 ], [ 21.020306, 38.526041 ], [ 21.015607, 38.603546 ], [ 20.989871, 38.652355 ], [ 20.912001, 38.689732 ], [ 20.863628, 38.784434 ], [ 20.841734, 38.785914 ], [ 20.778278, 38.766399 ], [ 20.743747, 38.793282 ], [ 20.743839, 38.847428 ], [ 20.780701, 38.874377 ], [ 20.759722, 38.913037 ], [ 20.770878, 38.942319 ], [ 20.812699, 38.922782 ], [ 20.860593, 38.941934 ], [ 20.890639, 38.930031 ], [ 20.973274, 38.938498 ], [ 21.011204, 38.923291 ], [ 21.035105, 38.894879 ], [ 21.064537, 38.878488 ], [ 21.081166, 38.880754 ], [ 21.107777, 38.904059 ], [ 21.160132, 38.886047 ], [ 21.145719, 38.934682 ], [ 21.151809, 38.98713 ], [ 21.091208, 39.079112 ], [ 21.103618, 39.087632 ], [ 21.1002, 39.103455 ], [ 21.121797, 39.121282 ], [ 21.189062, 39.13268 ], [ 21.274931, 39.120435 ], [ 21.318284, 39.143906 ], [ 21.330314, 39.162117 ], [ 21.372895, 39.174614 ], [ 21.396378, 39.164741 ], [ 21.399664, 39.133604 ], [ 21.431646, 39.100315 ], [ 21.413035, 39.054422 ], [ 21.386813, 39.040984 ], [ 21.37777, 39.019239 ], [ 21.504059, 38.969162 ], [ 21.495389, 38.932629 ], [ 21.50758, 38.892478 ], [ 21.604201, 38.882231 ], [ 21.634788, 38.869175 ], [ 21.62251, 38.846461 ], [ 21.574062, 38.844905 ], [ 21.566749, 38.815323 ], [ 21.552635, 38.800647 ], [ 21.572129, 38.740096 ], [ 21.590499, 38.728372 ], [ 21.695841, 38.703255 ], [ 21.76218, 38.711839 ], [ 21.774543, 38.678574 ], [ 21.814983, 38.691343 ], [ 21.834297, 38.735578 ], [ 21.873763, 38.736 ], [ 21.899213, 38.726588 ], [ 21.937235, 38.741181 ], [ 21.946002, 38.784002 ], [ 21.970531, 38.770098 ], [ 21.995949, 38.772815 ], [ 22.02318, 38.730292 ], [ 21.996756, 38.711214 ], [ 21.988625, 38.693394 ], [ 21.98877, 38.650191 ], [ 22.000484, 38.629728 ], [ 21.971961, 38.605842 ], [ 22.006155, 38.587398 ], [ 21.994418, 38.513598 ], [ 21.886792, 38.467293 ], [ 21.878589, 38.412326 ], [ 21.851732, 38.374535 ] ] ] } },
{ "type": "Feature", "properties": { "loc": "EL632" }, "geometry": { "type": "Polygon", "coordinates": [ [ [ 21.889742, 37.865894 ], [ 21.860642, 37.901826 ], [ 21.83141, 37.916794 ], [ 21.826263, 37.93522 ], [ 21.807679, 37.954037 ], [ 21.700331, 37.870179 ], [ 21.685769, 37.841339 ], [ 21.673946, 37.840429 ], [ 21.637184, 37.890542 ], [ 21.573696, 37.915959 ], [ 21.499917, 37.921401 ], [ 21.493796, 37.939808 ], [ 21.444826, 37.975834 ], [ 21.457172, 37.994964 ], [ 21.446055, 38.023243 ], [ 21.368527, 38.071339 ], [ 21.351074, 38.102138 ], [ 21.366036, 38.130144 ], [ 21.364829, 38.174546 ], [ 21.377003, 38.211339 ], [ 21.412601, 38.193586 ], [ 21.454472, 38.195409 ], [ 21.52798, 38.158326 ], [ 21.609, 38.146295 ], [ 21.678557, 38.177817 ], [ 21.713925, 38.213355 ], [ 21.742767, 38.276426 ], [ 21.778513, 38.307939 ], [ 21.826177, 38.319008 ], [ 21.85518, 38.336949 ], [ 21.881586, 38.326509 ], [ 21.950501, 38.326993 ], [ 22.011399, 38.310958 ], [ 22.032677, 38.283298 ], [ 22.078116, 38.257803 ], [ 22.116657, 38.259994 ], [ 22.1558, 38.214712 ], [ 22.196633, 38.199279 ], [ 22.217882, 38.181751 ], [ 22.270578, 38.171813 ], [ 22.333561, 38.174017 ], [ 22.372973, 38.142223 ], [ 22.376567, 38.085476 ], [ 22.358362, 38.018168 ], [ 22.325971, 37.989566 ], [ 22.304771, 37.986774 ], [ 22.293519, 37.96527 ], [ 22.242284, 37.949199 ], [ 22.244909, 37.913119 ], [ 22.225347, 37.884021 ], [ 22.264305, 37.839156 ], [ 22.204891, 37.828037 ], [ 22.172871, 37.797776 ], [ 22.139878, 37.804852 ], [ 22.121903, 37.822215 ], [ 22.109188, 37.82267 ], [ 22.052044, 37.784038 ], [ 21.904704, 37.833183 ], [ 21.893782, 37.843299 ], [ 21.889742, 37.865894 ] ] ] } },
{ "type": "Feature", "properties": { "loc": "EL633" }, "geometry": { "type": "Polygon", "coordinates": [ [ [ 21.889742, 37.865894 ], [ 21.81493, 37.821061 ], [ 21.796858, 37.795066 ], [ 21.796586, 37.743571 ], [ 21.811341, 37.690669 ], [ 21.793062, 37.604962 ], [ 21.802856, 37.587268 ], [ 21.838331, 37.602432 ], [ 21.875409, 37.603102 ], [ 21.911842, 37.559784 ], [ 21.947204, 37.543602 ], [ 21.994338, 37.505093 ], [ 21.965593, 37.483448 ], [ 21.937685, 37.479007 ], [ 21.88747, 37.449215 ], [ 21.892576, 37.403641 ], [ 21.848181, 37.392184 ], [ 21.707762, 37.393164 ], [ 21.680233, 37.377434 ], [ 21.617917, 37.48244 ], [ 21.544135, 37.558405 ], [ 21.395221, 37.648379 ], [ 21.338044, 37.660132 ], [ 21.309857, 37.641577 ], [ 21.306534, 37.669619 ], [ 21.316332, 37.710412 ], [ 21.303313, 37.753222 ], [ 21.286919, 37.77418 ], [ 21.20815, 37.816126 ], [ 21.123454, 37.839039 ], [ 21.107512, 37.859627 ], [ 21.128881, 37.937071 ], [ 21.140187, 37.940523 ], [ 21.164569, 37.928782 ], [ 21.192441, 37.934175 ], [ 21.255194, 37.974952 ], [ 21.30603, 38.030272 ], [ 21.351074, 38.102138 ], [ 21.368527, 38.071339 ], [ 21.446055, 38.023243 ], [ 21.457172, 37.994964 ], [ 21.444826, 37.975834 ], [ 21.493796, 37.939808 ], [ 21.499917, 37.921401 ], [ 21.573696, 37.915959 ], [ 21.637184, 37.890542 ], [ 21.673946, 37.840429 ], [ 21.685769, 37.841339 ], [ 21.700331, 37.870179 ], [ 21.807679, 37.954037 ], [ 21.826263, 37.93522 ], [ 21.83141, 37.916794 ], [ 21.860642, 37.901826 ], [ 21.889742, 37.865894 ] ] ] } },
{ "type": "Feature", "properties": { "loc": "EL641" }, "geometry": { "type": "MultiPolygon", "coordinates": [ [ [ [ 23.363048, 38.525646 ], [ 23.301805, 38.487167 ], [ 23.272273, 38.443354 ], [ 23.289496, 38.415056 ], [ 23.316265, 38.426148 ], [ 23.328881, 38.445908 ], [ 23.394339, 38.467558 ], [ 23.459658, 38.453915 ], [ 23.437354, 38.430721 ], [ 23.438935, 38.421259 ], [ 23.507999, 38.376228 ], [ 23.690418, 38.340297 ], [ 23.683242, 38.326153 ], [ 23.662585, 38.316217 ], [ 23.66137, 38.299487 ], [ 23.649291, 38.295327 ], [ 23.637212, 38.277696 ], [ 23.634495, 38.211341 ], [ 23.62433, 38.17208 ], [ 23.53114, 38.129507 ], [ 23.510722, 38.129915 ], [ 23.506891, 38.151269 ], [ 23.46376, 38.166459 ], [ 23.456959, 38.206037 ], [ 23.376055, 38.216185 ], [ 23.373828, 38.227027 ], [ 23.394066, 38.253223 ], [ 23.394117, 38.264721 ], [ 23.384931, 38.267612 ], [ 23.326388, 38.260817 ], [ 23.291574, 38.235081 ], [ 23.291403, 38.196872 ], [ 23.282809, 38.185115 ], [ 23.242558, 38.187272 ], [ 23.126179, 38.1684 ], [ 23.129661, 38.184599 ], [ 23.116166, 38.195389 ], [ 23.055261, 38.178783 ], [ 23.02225, 38.208265 ], [ 22.962107, 38.216752 ], [ 22.938592, 38.209603 ], [ 22.945166, 38.192865 ], [ 22.923758, 38.190852 ], [ 22.884576, 38.228456 ], [ 22.788603, 38.236459 ], [ 22.777076, 38.247621 ], [ 22.78296, 38.276516 ], [ 22.692794, 38.322333 ], [ 22.670342, 38.374412 ], [ 22.643656, 38.375773 ], [ 22.63667, 38.357228 ], [ 22.608279, 38.358656 ], [ 22.610727, 38.407054 ], [ 22.604051, 38.426949 ], [ 22.571691, 38.432398 ], [ 22.54445, 38.451611 ], [ 22.547483, 38.47952 ], [ 22.528904, 38.497311 ], [ 22.514696, 38.535274 ], [ 22.491051, 38.565928 ], [ 22.502933, 38.577931 ], [ 22.581519, 38.559347 ], [ 22.642569, 38.516394 ], [ 22.808497, 38.590583 ], [ 22.854072, 38.58604 ], [ 22.881919, 38.554474 ], [ 22.952701, 38.561735 ], [ 23.033789, 38.539625 ], [ 23.054096, 38.547791 ], [ 23.071965, 38.577009 ], [ 23.12262, 38.582863 ], [ 23.13662, 38.556541 ], [ 23.200698, 38.535726 ], [ 23.215389, 38.50816 ], [ 23.242558, 38.502176 ], [ 23.363048, 38.525646 ] ] ], [ [ [ 23.006718, 38.178015 ], [ 22.994392, 38.170996 ], [ 22.986512, 38.180718 ], [ 23.003125, 38.1878 ], [ 23.006718, 38.178015 ] ] ] ] } },
{ "type": "Feature", "properties": { "loc": "EL642" }, "geometry": { "type": "MultiPolygon", "coordinates": [ [ [ [ 24.678712, 38.807317 ], [ 24.678088, 38.775214 ], [ 24.619778, 38.768081 ], [ 24.588777, 38.787094 ], [ 24.571889, 38.781982 ], [ 24.566514, 38.765959 ], [ 24.557083, 38.768777 ], [ 24.535112, 38.79243 ], [ 24.564801, 38.810284 ], [ 24.563187, 38.835801 ], [ 24.511565, 38.846077 ], [ 24.475999, 38.869461 ], [ 24.436481, 38.880711 ], [ 24.465172, 38.91872 ], [ 24.450726, 38.94804 ], [ 24.474688, 38.974234 ], [ 24.505328, 38.968907 ], [ 24.575689, 38.925014 ], [ 24.576635, 38.87188 ], [ 24.650284, 38.833825 ], [ 24.678712, 38.807317 ] ] ], [ [ [ 24.626343, 38.757123 ], [ 24.622449, 38.747511 ], [ 24.59557, 38.753388 ], [ 24.602709, 38.764441 ], [ 24.626343, 38.757123 ] ] ], [ [ [ 23.328289, 38.50122 ], [ 23.398083, 38.506079 ], [ 23.498595, 38.487591 ], [ 23.546595, 38.498948 ], [ 23.600638, 38.478014 ], [ 23.621231, 38.492674 ], [ 23.627024, 38.516357 ], [ 23.607769, 38.556781 ], [ 23.518604, 38.587837 ], [ 23.489058, 38.629777 ], [ 23.451334, 38.653327 ], [ 23.4279, 38.680094 ], [ 23.382084, 38.704178 ], [ 23.322177, 38.758166 ], [ 23.278838, 38.774531 ], [ 23.193186, 38.833504 ], [ 23.136201, 38.848971 ], [ 23.074068, 38.844612 ], [ 23.025341, 38.878337 ], [ 22.979718, 38.88586 ], [ 22.960875, 38.878837 ], [ 22.984207, 38.85914 ], [ 22.961547, 38.841215 ], [ 22.845704, 38.832876 ], [ 22.84298, 38.855684 ], [ 22.862148, 38.870801 ], [ 22.995049, 38.908872 ], [ 23.044128, 38.938212 ], [ 23.078353, 38.947583 ], [ 23.098138, 38.981572 ], [ 23.128799, 39.002709 ], [ 23.201762, 39.006805 ], [ 23.283392, 39.034258 ], [ 23.309917, 39.035631 ], [ 23.368526, 39.005704 ], [ 23.387539, 38.966573 ], [ 23.425821, 38.946541 ], [ 23.430123, 38.903515 ], [ 23.460382, 38.849053 ], [ 23.605882, 38.767836 ], [ 23.663673, 38.756016 ], [ 23.70752, 38.75777 ], [ 23.765559, 38.705254 ], [ 23.853941, 38.67575 ], [ 23.95029, 38.665515 ], [ 24.045574, 38.681655 ], [ 24.134826, 38.655534 ], [ 24.141381, 38.645784 ], [ 24.127981, 38.622327 ], [ 24.13156, 38.594982 ], [ 24.216461, 38.523446 ], [ 24.190544, 38.47301 ], [ 24.193964, 38.39395 ], [ 24.246767, 38.28648 ], [ 24.261362, 38.221139 ], [ 24.355023, 38.162817 ], [ 24.470221, 38.144032 ], [ 24.574721, 38.143365 ], [ 24.57541, 38.028327 ], [ 24.54632, 37.981275 ], [ 24.50817, 37.959201 ], [ 24.489713, 37.962111 ], [ 24.456822, 37.992156 ], [ 24.427402, 38.004502 ], [ 24.401959, 37.999016 ], [ 24.377441, 37.977289 ], [ 24.351545, 37.985133 ], [ 24.321285, 38.017776 ], [ 24.297505, 38.06727 ], [ 24.263746, 38.087178 ], [ 24.220553, 38.097615 ], [ 24.202789, 38.114749 ], [ 24.1953, 38.187117 ], [ 24.173409, 38.212663 ], [ 24.140272, 38.225743 ], [ 24.141692, 38.262283 ], [ 24.11419, 38.269098 ], [ 24.102989, 38.308599 ], [ 24.04911, 38.331791 ], [ 24.049049, 38.359907 ], [ 24.027584, 38.392742 ], [ 23.990568, 38.397502 ], [ 23.906922, 38.386982 ], [ 23.836345, 38.399502 ], [ 23.784781, 38.39415 ], [ 23.705298, 38.408168 ], [ 23.664499, 38.405976 ], [ 23.61737, 38.442813 ], [ 23.596507, 38.446765 ], [ 23.655573, 38.352052 ], [ 23.507999, 38.376228 ], [ 23.438935, 38.421259 ], [ 23.437354, 38.430721 ], [ 23.459658, 38.453915 ], [ 23.394339, 38.467558 ], [ 23.328881, 38.445908 ], [ 23.316265, 38.426148 ], [ 23.289496, 38.415056 ], [ 23.272273, 38.443354 ], [ 23.301805, 38.487167 ], [ 23.328289, 38.50122 ] ] ], [ [ [ 24.527966, 37.940059 ], [ 24.523621, 37.930736 ], [ 24.510062, 37.942659 ], [ 24.515488, 37.947693 ], [ 24.527966, 37.940059 ] ] ], [ [ [ 24.508582, 38.837575 ], [ 24.490673, 38.797447 ], [ 24.478002, 38.805667 ], [ 24.500247, 38.838692 ], [ 24.508582, 38.837575 ] ] ], [ [ [ 24.437914, 38.834737 ], [ 24.432685, 38.817026 ], [ 24.421374, 38.826835 ], [ 24.431464, 38.838399 ], [ 24.437914, 38.834737 ] ] ], [ [ [ 24.372934, 38.83487 ], [ 24.356375, 38.826737 ], [ 24.343124, 38.833251 ], [ 24.353337, 38.849637 ], [ 24.372934, 38.83487 ] ] ], [ [ [ 24.296172, 38.031641 ], [ 24.294316, 38.011933 ], [ 24.278476, 38.017337 ], [ 24.280008, 38.035699 ], [ 24.296172, 38.031641 ] ] ], [ [ [ 24.28409, 37.996821 ], [ 24.278115, 37.979889 ], [ 24.252037, 37.982604 ], [ 24.249652, 37.976554 ], [ 24.2291, 37.98589 ], [ 24.243559, 38.017628 ], [ 24.256747, 38.023076 ], [ 24.278773, 38.010217 ], [ 24.28409, 37.996821 ] ] ], [ [ [ 24.179359, 38.18248 ], [ 24.162126, 38.16056 ], [ 24.147543, 38.177692 ], [ 24.179359, 38.18248 ] ] ], [ [ [ 24.109695, 38.219294 ], [ 24.102957, 38.215862 ], [ 24.094445, 38.226456 ], [ 24.105685, 38.238914 ], [ 24.109695, 38.219294 ] ] ] ] } },
{ "type": "Feature", "properties": { "loc": "EL643" }, "geometry": { "type": "Polygon", "coordinates": [ [ [ 21.396378, 39.164741 ], [ 21.505365, 39.232124 ], [ 21.548294, 39.217878 ], [ 21.577744, 39.239125 ], [ 21.629362, 39.253609 ], [ 21.681932, 39.249538 ], [ 21.700939, 39.227909 ], [ 21.690804, 39.21231 ], [ 21.699945, 39.186747 ], [ 21.73834, 39.176891 ], [ 21.725862, 39.144092 ], [ 21.735999, 39.115775 ], [ 21.776293, 39.105525 ], [ 21.811347, 39.121628 ], [ 21.83439, 39.150693 ], [ 21.852526, 39.151762 ], [ 21.87664, 39.125037 ], [ 21.930956, 39.098089 ], [ 21.93851, 39.065081 ], [ 21.912126, 39.054255 ], [ 21.867698, 39.018083 ], [ 21.830945, 38.948616 ], [ 21.876548, 38.916471 ], [ 21.881058, 38.863005 ], [ 21.900283, 38.837331 ], [ 21.934052, 38.814434 ], [ 21.946002, 38.784002 ], [ 21.937235, 38.741181 ], [ 21.899213, 38.726588 ], [ 21.873763, 38.736 ], [ 21.834297, 38.735578 ], [ 21.814983, 38.691343 ], [ 21.774543, 38.678574 ], [ 21.76218, 38.711839 ], [ 21.695841, 38.703255 ], [ 21.590499, 38.728372 ], [ 21.572129, 38.740096 ], [ 21.552635, 38.800647 ], [ 21.566749, 38.815323 ], [ 21.574062, 38.844905 ], [ 21.62251, 38.846461 ], [ 21.634788, 38.869175 ], [ 21.604201, 38.882231 ], [ 21.50758, 38.892478 ], [ 21.495389, 38.932629 ], [ 21.504059, 38.969162 ], [ 21.37777, 39.019239 ], [ 21.386813, 39.040984 ], [ 21.413035, 39.054422 ], [ 21.431646, 39.100315 ], [ 21.399664, 39.133604 ], [ 21.396378, 39.164741 ] ] ] } },
{ "type": "Feature", "properties": { "loc": "EL644" }, "geometry": { "type": "MultiPolygon", "coordinates": [ [ [ [ 23.01702, 39.003166 ], [ 22.988916, 38.949912 ], [ 22.963796, 38.949231 ], [ 22.915794, 38.92231 ], [ 22.859289, 38.923017 ], [ 22.829622, 38.891601 ], [ 22.764079, 38.873365 ], [ 22.6768, 38.882765 ], [ 22.64507, 38.901748 ], [ 22.610833, 38.908402 ], [ 22.558543, 38.885035 ], [ 22.551175, 38.8694 ], [ 22.564942, 38.860309 ], [ 22.56312, 38.837554 ], [ 22.580323, 38.830581 ], [ 22.598685, 38.8352 ], [ 22.610833, 38.825429 ], [ 22.695811, 38.845225 ], [ 22.773195, 38.781474 ], [ 22.824053, 38.784911 ], [ 22.865279, 38.759157 ], [ 22.903785, 38.773452 ], [ 22.964544, 38.748216 ], [ 23.03555, 38.748804 ], [ 23.060859, 38.722522 ], [ 23.065994, 38.686093 ], [ 23.084106, 38.659658 ], [ 23.11626, 38.63707 ], [ 23.180385, 38.650696 ], [ 23.175892, 38.670649 ], [ 23.187169, 38.675848 ], [ 23.252294, 38.647732 ], [ 23.320398, 38.634638 ], [ 23.332749, 38.62249 ], [ 23.334792, 38.606256 ], [ 23.30321, 38.569111 ], [ 23.363048, 38.525646 ], [ 23.242558, 38.502176 ], [ 23.215389, 38.50816 ], [ 23.200698, 38.535726 ], [ 23.13662, 38.556541 ], [ 23.12262, 38.582863 ], [ 23.071965, 38.577009 ], [ 23.054096, 38.547791 ], [ 23.033789, 38.539625 ], [ 22.952701, 38.561735 ], [ 22.881919, 38.554474 ], [ 22.854072, 38.58604 ], [ 22.808497, 38.590583 ], [ 22.642569, 38.516394 ], [ 22.581519, 38.559347 ], [ 22.566335, 38.622831 ], [ 22.543102, 38.6649 ], [ 22.502216, 38.657377 ], [ 22.491788, 38.681923 ], [ 22.449311, 38.702086 ], [ 22.420888, 38.732868 ], [ 22.307555, 38.721199 ], [ 22.298448, 38.744383 ], [ 22.31082, 38.787079 ], [ 22.292569, 38.803604 ], [ 22.27219, 38.798489 ], [ 22.21067, 38.760007 ], [ 22.188869, 38.756424 ], [ 22.171827, 38.726399 ], [ 22.137732, 38.715759 ], [ 22.110233, 38.737589 ], [ 22.074869, 38.740048 ], [ 22.0559, 38.75617 ], [ 21.990459, 38.774551 ], [ 21.970531, 38.770098 ], [ 21.946002, 38.784002 ], [ 21.934052, 38.814434 ], [ 21.900283, 38.837331 ], [ 21.881058, 38.863005 ], [ 21.876548, 38.916471 ], [ 21.830945, 38.948616 ], [ 21.867698, 39.018083 ], [ 21.912126, 39.054255 ], [ 21.93851, 39.065081 ], [ 21.956453, 39.028372 ], [ 22.007897, 39.032604 ], [ 22.050431, 39.049729 ], [ 22.045533, 39.079657 ], [ 22.076982, 39.103115 ], [ 22.097151, 39.094927 ], [ 22.162343, 39.124993 ], [ 22.154284, 39.158246 ], [ 22.180322, 39.173305 ], [ 22.258202, 39.272195 ], [ 22.266543, 39.27293 ], [ 22.288633, 39.23745 ], [ 22.391913, 39.227916 ], [ 22.405752, 39.21826 ], [ 22.409507, 39.198548 ], [ 22.441452, 39.185975 ], [ 22.451169, 39.167828 ], [ 22.446515, 39.140358 ], [ 22.5049, 39.130523 ], [ 22.494496, 39.115199 ], [ 22.50061, 39.048878 ], [ 22.573139, 39.037079 ], [ 22.667772, 39.052691 ], [ 22.682207, 39.04749 ], [ 22.702206, 39.022213 ], [ 22.744289, 39.015478 ], [ 22.756717, 39.001851 ], [ 22.864696, 39.001682 ], [ 22.892659, 38.977368 ], [ 22.938218, 38.970775 ], [ 22.96947, 38.977788 ], [ 23.01702, 39.003166 ] ] ], [ [ [ 23.104309, 38.678978 ], [ 23.099085, 38.666236 ], [ 23.08681, 38.669243 ], [ 23.094474, 38.684423 ], [ 23.104309, 38.678978 ] ] ] ] } },
{ "type": "Feature", "properties": { "loc": "EL645" }, "geometry": { "type": "Polygon", "coordinates": [ [ [ 22.581519, 38.559347 ], [ 22.502933, 38.577931 ], [ 22.491051, 38.565928 ], [ 22.514696, 38.535274 ], [ 22.528904, 38.497311 ], [ 22.547483, 38.47952 ], [ 22.54445, 38.451611 ], [ 22.571691, 38.432398 ], [ 22.604051, 38.426949 ], [ 22.610727, 38.407054 ], [ 22.608279, 38.358656 ], [ 22.592312, 38.342347 ], [ 22.599324, 38.315169 ], [ 22.58645, 38.290328 ], [ 22.560902, 38.283601 ], [ 22.524848, 38.325129 ], [ 22.533597, 38.343754 ], [ 22.502995, 38.380998 ], [ 22.456934, 38.422862 ], [ 22.407299, 38.44514 ], [ 22.401396, 38.436148 ], [ 22.409644, 38.41408 ], [ 22.378096, 38.391556 ], [ 22.397577, 38.367526 ], [ 22.384794, 38.358027 ], [ 22.387691, 38.345277 ], [ 22.372556, 38.335709 ], [ 22.350662, 38.347052 ], [ 22.302949, 38.352184 ], [ 22.284606, 38.340323 ], [ 22.24933, 38.359783 ], [ 22.225916, 38.355362 ], [ 22.183014, 38.324751 ], [ 22.124887, 38.365312 ], [ 22.077997, 38.376273 ], [ 22.078204, 38.361882 ], [ 22.069612, 38.362159 ], [ 22.06488, 38.383951 ], [ 22.052698, 38.392767 ], [ 22.007253, 38.39107 ], [ 21.956453, 38.404141 ], [ 21.93213, 38.400802 ], [ 21.891102, 38.37294 ], [ 21.851732, 38.374535 ], [ 21.878589, 38.412326 ], [ 21.886792, 38.467293 ], [ 21.994418, 38.513598 ], [ 22.006155, 38.587398 ], [ 21.971961, 38.605842 ], [ 22.000484, 38.629728 ], [ 21.98877, 38.650191 ], [ 21.988625, 38.693394 ], [ 21.996756, 38.711214 ], [ 22.02318, 38.730292 ], [ 21.999426, 38.76861 ], [ 22.0559, 38.75617 ], [ 22.074869, 38.740048 ], [ 22.110233, 38.737589 ], [ 22.137732, 38.715759 ], [ 22.171827, 38.726399 ], [ 22.188869, 38.756424 ], [ 22.21067, 38.760007 ], [ 22.27219, 38.798489 ], [ 22.292569, 38.803604 ], [ 22.31082, 38.787079 ], [ 22.298448, 38.744383 ], [ 22.307555, 38.721199 ], [ 22.420888, 38.732868 ], [ 22.449311, 38.702086 ], [ 22.491788, 38.681923 ], [ 22.502216, 38.657377 ], [ 22.543102, 38.6649 ], [ 22.566335, 38.622831 ], [ 22.581519, 38.559347 ] ] ] } },
{ "type": "Feature", "properties": { "loc": "EL422" }, "geometry": { "type": "MultiPolygon", "coordinates": [ [ [ [ 25.97644, 36.878796 ], [ 25.864837, 36.788714 ], [ 25.789776, 36.768715 ], [ 25.761889, 36.773571 ], [ 25.744842, 36.788092 ], [ 25.748672, 36.806484 ], [ 25.756794, 36.794795 ], [ 25.777294, 36.807901 ], [ 25.844972, 36.815397 ], [ 25.854809, 36.830637 ], [ 25.84338, 36.838648 ], [ 25.846976, 36.848941 ], [ 25.911656, 36.874517 ], [ 25.893929, 36.88203 ], [ 25.902251, 36.891161 ], [ 25.919578, 36.888972 ], [ 25.919891, 36.877774 ], [ 25.965618, 36.895855 ], [ 25.972712, 36.904563 ], [ 25.960514, 36.912374 ], [ 25.963942, 36.918865 ], [ 26.000991, 36.933703 ], [ 26.018339, 36.933703 ], [ 26.071084, 36.902071 ], [ 26.018071, 36.894437 ], [ 25.97644, 36.878796 ] ] ], [ [ [ 25.832503, 36.358903 ], [ 25.855111, 36.35287 ], [ 25.843686, 36.346325 ], [ 25.818531, 36.352909 ], [ 25.778861, 36.343866 ], [ 25.733052, 36.357277 ], [ 25.727847, 36.365992 ], [ 25.76615, 36.403712 ], [ 25.824434, 36.37133 ], [ 25.832503, 36.358903 ] ] ], [ [ [ 25.840674, 36.276079 ], [ 25.830936, 36.264112 ], [ 25.818631, 36.273023 ], [ 25.822498, 36.279417 ], [ 25.840674, 36.276079 ] ] ], [ [ [ 25.824286, 37.119012 ], [ 25.836008, 37.107355 ], [ 25.828012, 37.088097 ], [ 25.804653, 37.097324 ], [ 25.799053, 37.09183 ], [ 25.784392, 37.117915 ], [ 25.795571, 37.114074 ], [ 25.812455, 37.131574 ], [ 25.829669, 37.134485 ], [ 25.83427, 37.123542 ], [ 25.824286, 37.119012 ] ] ], [ [ [ 25.69836, 37.093742 ], [ 25.700689, 37.078978 ], [ 25.691755, 37.078988 ], [ 25.686925, 37.09589 ], [ 25.69836, 37.093742 ] ] ], [ [ [ 25.694518, 36.623141 ], [ 25.681324, 36.616186 ], [ 25.672449, 36.625155 ], [ 25.690505, 36.631802 ], [ 25.694518, 36.623141 ] ] ], [ [ [ 25.684847, 36.846184 ], [ 25.670817, 36.833917 ], [ 25.660461, 36.842376 ], [ 25.681591, 36.85049 ], [ 25.684847, 36.846184 ] ] ], [ [ [ 25.671885, 36.900293 ], [ 25.683978, 36.876719 ], [ 25.650371, 36.874995 ], [ 25.631417, 36.883788 ], [ 25.608153, 36.879534 ], [ 25.606133, 36.888459 ], [ 25.639956, 36.907035 ], [ 25.671885, 36.900293 ] ] ], [ [ [ 25.624377, 36.942264 ], [ 25.597034, 36.928837 ], [ 25.587938, 36.940427 ], [ 25.611505, 36.953747 ], [ 25.624377, 36.942264 ] ] ], [ [ [ 25.548046, 36.965537 ], [ 25.444634, 36.926181 ], [ 25.427556, 36.936306 ], [ 25.418239, 36.963699 ], [ 25.387428, 36.989747 ], [ 25.369434, 37.044054 ], [ 25.347358, 37.080267 ], [ 25.495128, 37.184214 ], [ 25.533737, 37.194893 ], [ 25.554847, 37.182435 ], [ 25.584205, 37.146302 ], [ 25.596895, 37.089558 ], [ 25.548046, 36.965537 ] ] ], [ [ [ 25.575126, 36.898538 ], [ 25.556478, 36.898538 ], [ 25.595992, 36.924389 ], [ 25.595811, 36.916308 ], [ 25.582103, 36.911657 ], [ 25.575126, 36.898538 ] ] ], [ [ [ 25.522911, 36.892666 ], [ 25.537323, 36.852931 ], [ 25.4999, 36.875006 ], [ 25.522911, 36.892666 ] ] ], [ [ [ 25.489566, 37.441861 ], [ 25.481015, 37.441861 ], [ 25.476123, 37.452977 ], [ 25.490258, 37.46123 ], [ 25.489566, 37.441861 ] ] ], [ [ [ 25.485632, 36.394922 ], [ 25.480087, 36.357277 ], [ 25.444237, 36.335318 ], [ 25.364437, 36.357277 ], [ 25.374456, 36.365593 ], [ 25.41226, 36.363491 ], [ 25.430579, 36.390517 ], [ 25.415226, 36.450791 ], [ 25.379157, 36.466058 ], [ 25.393701, 36.476948 ], [ 25.428767, 36.46099 ], [ 25.479472, 36.412956 ], [ 25.485632, 36.394922 ] ] ], [ [ [ 25.48073, 36.840693 ], [ 25.476301, 36.828413 ], [ 25.453093, 36.820305 ], [ 25.421783, 36.822856 ], [ 25.414487, 36.829982 ], [ 25.463729, 36.866598 ], [ 25.473159, 36.864632 ], [ 25.48073, 36.840693 ] ] ], [ [ [ 25.354289, 37.49472 ], [ 25.374497, 37.46707 ], [ 25.384866, 37.4907 ], [ 25.397107, 37.494358 ], [ 25.434485, 37.473324 ], [ 25.457197, 37.47163 ], [ 25.455227, 37.446841 ], [ 25.42695, 37.440653 ], [ 25.397828, 37.417723 ], [ 25.336047, 37.41121 ], [ 25.313617, 37.415862 ], [ 25.304733, 37.430542 ], [ 25.322368, 37.434381 ], [ 25.327244, 37.446167 ], [ 25.314758, 37.487516 ], [ 25.336047, 37.497076 ], [ 25.354289, 37.49472 ] ] ], [ [ [ 25.405716, 36.395929 ], [ 25.395588, 36.393505 ], [ 25.386253, 36.404342 ], [ 25.393633, 36.414984 ], [ 25.410153, 36.409927 ], [ 25.405716, 36.395929 ] ] ], [ [ [ 25.391476, 36.672219 ], [ 25.385804, 36.655788 ], [ 25.368648, 36.656471 ], [ 25.356046, 36.646645 ], [ 25.340842, 36.657673 ], [ 25.291754, 36.710606 ], [ 25.272854, 36.714552 ], [ 25.257325, 36.730272 ], [ 25.262699, 36.769896 ], [ 25.279041, 36.786512 ], [ 25.309745, 36.78783 ], [ 25.336047, 36.753163 ], [ 25.387602, 36.728461 ], [ 25.401536, 36.713756 ], [ 25.383022, 36.695482 ], [ 25.391476, 36.672219 ] ] ], [ [ [ 25.355532, 36.442497 ], [ 25.349984, 36.413651 ], [ 25.324008, 36.423703 ], [ 25.336047, 36.455224 ], [ 25.355532, 36.442497 ] ] ], [ [ [ 25.263691, 37.151131 ], [ 25.267713, 37.145996 ], [ 25.281628, 37.151075 ], [ 25.293454, 37.142292 ], [ 25.278981, 37.132631 ], [ 25.28225, 37.122916 ], [ 25.25656, 37.080454 ], [ 25.275904, 37.063106 ], [ 25.265649, 37.055787 ], [ 25.274777, 37.04929 ], [ 25.255479, 37.032188 ], [ 25.248395, 37.013136 ], [ 25.179685, 36.975097 ], [ 25.142687, 36.985713 ], [ 25.132045, 36.996582 ], [ 25.117604, 36.994118 ], [ 25.09959, 37.016131 ], [ 25.098012, 37.032167 ], [ 25.106759, 37.042829 ], [ 25.107767, 37.062306 ], [ 25.154896, 37.088911 ], [ 25.137328, 37.101211 ], [ 25.165894, 37.126381 ], [ 25.207377, 37.143003 ], [ 25.220148, 37.144783 ], [ 25.22116, 37.131402 ], [ 25.212123, 37.127248 ], [ 25.225532, 37.120219 ], [ 25.265195, 37.125534 ], [ 25.269717, 37.138202 ], [ 25.258334, 37.141655 ], [ 25.263691, 37.151131 ] ] ], [ [ [ 25.275477, 37.38058 ], [ 25.267756, 37.375454 ], [ 25.268517, 37.409558 ], [ 25.276509, 37.408758 ], [ 25.275477, 37.38058 ] ] ], [ [ [ 25.25937, 37.396135 ], [ 25.253451, 37.376902 ], [ 25.237724, 37.384071 ], [ 25.233773, 37.373971 ], [ 25.219002, 37.376041 ], [ 25.233375, 37.392989 ], [ 25.25446, 37.401585 ], [ 25.25937, 37.396135 ] ] ], [ [ [ 25.046384, 37.675636 ], [ 25.063514, 37.649041 ], [ 25.114072, 37.651774 ], [ 25.144083, 37.633631 ], [ 25.155106, 37.639717 ], [ 25.203907, 37.633143 ], [ 25.252187, 37.605025 ], [ 25.251785, 37.58461 ], [ 25.227664, 37.536893 ], [ 25.190839, 37.52626 ], [ 25.108519, 37.559784 ], [ 25.104131, 37.575601 ], [ 25.066867, 37.591285 ], [ 24.97563, 37.660462 ], [ 24.976504, 37.672069 ], [ 25.046384, 37.675636 ] ] ], [ [ [ 25.224323, 37.43573 ], [ 25.239646, 37.421058 ], [ 25.229328, 37.401261 ], [ 25.213752, 37.404998 ], [ 25.197646, 37.428907 ], [ 25.217928, 37.426509 ], [ 25.224323, 37.43573 ] ] ], [ [ [ 25.213224, 36.248479 ], [ 25.207558, 36.242847 ], [ 25.193815, 36.244068 ], [ 25.202294, 36.260359 ], [ 25.213224, 36.248479 ] ] ], [ [ [ 25.156138, 36.686452 ], [ 25.154239, 36.676223 ], [ 25.116411, 36.652161 ], [ 25.072517, 36.634272 ], [ 25.060212, 36.637494 ], [ 25.093536, 36.692048 ], [ 25.139159, 36.715333 ], [ 25.177365, 36.7152 ], [ 25.179393, 36.701233 ], [ 25.156138, 36.686452 ] ] ], [ [ [ 25.129699, 36.969603 ], [ 25.115869, 36.962948 ], [ 25.107885, 36.977983 ], [ 25.119588, 36.982673 ], [ 25.117601, 36.975519 ], [ 25.129699, 36.969603 ] ] ], [ [ [ 25.074138, 36.94585 ], [ 25.069996, 36.942193 ], [ 25.040531, 36.971089 ], [ 25.018517, 36.977922 ], [ 25.02015, 37.007743 ], [ 25.045604, 37.022996 ], [ 25.054781, 37.038323 ], [ 25.08512, 37.0528 ], [ 25.073031, 36.984563 ], [ 25.060378, 36.969585 ], [ 25.074138, 36.94585 ] ] ], [ [ [ 24.988701, 36.976884 ], [ 24.994938, 36.969816 ], [ 25.017644, 36.973256 ], [ 25.030282, 36.961911 ], [ 24.991652, 36.949383 ], [ 24.978566, 36.961666 ], [ 24.988701, 36.976884 ] ] ], [ [ [ 25.024287, 36.626241 ], [ 25.004092, 36.619251 ], [ 25.00076, 36.627551 ], [ 25.023538, 36.633603 ], [ 25.024287, 36.626241 ] ] ], [ [ [ 24.995502, 37.766305 ], [ 24.954556, 37.688932 ], [ 24.931629, 37.6996 ], [ 24.888104, 37.761668 ], [ 24.85525, 37.777469 ], [ 24.799376, 37.827043 ], [ 24.767182, 37.870909 ], [ 24.710559, 37.883236 ], [ 24.688311, 37.93445 ], [ 24.698846, 37.964973 ], [ 24.749778, 37.990802 ], [ 24.785844, 37.994161 ], [ 24.794732, 37.974228 ], [ 24.821402, 37.961824 ], [ 24.847919, 37.913823 ], [ 24.950157, 37.893376 ], [ 24.952842, 37.872948 ], [ 24.942927, 37.842513 ], [ 24.973364, 37.809192 ], [ 24.955979, 37.771933 ], [ 24.995502, 37.766305 ] ] ], [ [ [ 24.971508, 37.401514 ], [ 24.947418, 37.384223 ], [ 24.918589, 37.382037 ], [ 24.879519, 37.365874 ], [ 24.879871, 37.396741 ], [ 24.856643, 37.39673 ], [ 24.859107, 37.412253 ], [ 24.873324, 37.421058 ], [ 24.87111, 37.429226 ], [ 24.895936, 37.449503 ], [ 24.898639, 37.484957 ], [ 24.887005, 37.510538 ], [ 24.925294, 37.500956 ], [ 24.941656, 37.48796 ], [ 24.948871, 37.46109 ], [ 24.940086, 37.434951 ], [ 24.965442, 37.41571 ], [ 24.971508, 37.401514 ] ] ], [ [ [ 24.967682, 36.944458 ], [ 24.950577, 36.94374 ], [ 24.967461, 36.960178 ], [ 24.967682, 36.944458 ] ] ], [ [ [ 24.907244, 36.634913 ], [ 24.927836, 36.635568 ], [ 24.949699, 36.621446 ], [ 24.958114, 36.60151 ], [ 24.947186, 36.592684 ], [ 24.914896, 36.597468 ], [ 24.895264, 36.615578 ], [ 24.893565, 36.630352 ], [ 24.862293, 36.63145 ], [ 24.839005, 36.658253 ], [ 24.858353, 36.66729 ], [ 24.907244, 36.634913 ] ] ], [ [ [ 24.720078, 36.913497 ], [ 24.724662, 36.89838 ], [ 24.698991, 36.905633 ], [ 24.68492, 36.925633 ], [ 24.660273, 36.980404 ], [ 24.671476, 36.992809 ], [ 24.659204, 37.000007 ], [ 24.647101, 37.038727 ], [ 24.704439, 37.02072 ], [ 24.761864, 36.955316 ], [ 24.759066, 36.944446 ], [ 24.720078, 36.913497 ] ] ], [ [ [ 24.735368, 37.606314 ], [ 24.741995, 37.593668 ], [ 24.660775, 37.604159 ], [ 24.684449, 37.608113 ], [ 24.707431, 37.629627 ], [ 24.733912, 37.633251 ], [ 24.742083, 37.631685 ], [ 24.735368, 37.606314 ] ] ], [ [ [ 24.66572, 36.754871 ], [ 24.645359, 36.743634 ], [ 24.616493, 36.754973 ], [ 24.60607, 36.778343 ], [ 24.61149, 36.786724 ], [ 24.659635, 36.77696 ], [ 24.66572, 36.754871 ] ] ], [ [ [ 24.609004, 37.251929 ], [ 24.590185, 37.251261 ], [ 24.585875, 37.255148 ], [ 24.597964, 37.262895 ], [ 24.609004, 37.251929 ] ] ], [ [ [ 24.575397, 36.831271 ], [ 24.592499, 36.834862 ], [ 24.602401, 36.827438 ], [ 24.588365, 36.791353 ], [ 24.575367, 36.778757 ], [ 24.539435, 36.772634 ], [ 24.521044, 36.799441 ], [ 24.522342, 36.821358 ], [ 24.559558, 36.844186 ], [ 24.575397, 36.831271 ] ] ], [ [ [ 24.571998, 37.141172 ], [ 24.558152, 37.133581 ], [ 24.553802, 37.138645 ], [ 24.555518, 37.148216 ], [ 24.564282, 37.149942 ], [ 24.571998, 37.141172 ] ] ], [ [ [ 24.426551, 36.759449 ], [ 24.476922, 36.743327 ], [ 24.506817, 36.757818 ], [ 24.509492, 36.766976 ], [ 24.542236, 36.754604 ], [ 24.531166, 36.741281 ], [ 24.546696, 36.702885 ], [ 24.533641, 36.677833 ], [ 24.472767, 36.659462 ], [ 24.444255, 36.669915 ], [ 24.434388, 36.659743 ], [ 24.325902, 36.646254 ], [ 24.318826, 36.66146 ], [ 24.331644, 36.679999 ], [ 24.327309, 36.694491 ], [ 24.336333, 36.70577 ], [ 24.328892, 36.715662 ], [ 24.339319, 36.723013 ], [ 24.341778, 36.742418 ], [ 24.35287, 36.748751 ], [ 24.368608, 36.733627 ], [ 24.396034, 36.734845 ], [ 24.391499, 36.712701 ], [ 24.397882, 36.704439 ], [ 24.447909, 36.690078 ], [ 24.469233, 36.706549 ], [ 24.451778, 36.725637 ], [ 24.429438, 36.724001 ], [ 24.406305, 36.750593 ], [ 24.412789, 36.767463 ], [ 24.426702, 36.772127 ], [ 24.426551, 36.759449 ] ] ], [ [ [ 24.536748, 37.301455 ], [ 24.520882, 37.297128 ], [ 24.518236, 37.309536 ], [ 24.529456, 37.308256 ], [ 24.536748, 37.301455 ] ] ], [ [ [ 24.492894, 37.208047 ], [ 24.532737, 37.193011 ], [ 24.522915, 37.16001 ], [ 24.534053, 37.157354 ], [ 24.536176, 37.138728 ], [ 24.52489, 37.133363 ], [ 24.521768, 37.14602 ], [ 24.513925, 37.144133 ], [ 24.517425, 37.122175 ], [ 24.493055, 37.108243 ], [ 24.492507, 37.124519 ], [ 24.459351, 37.122019 ], [ 24.460357, 37.138398 ], [ 24.413742, 37.121889 ], [ 24.428528, 37.146892 ], [ 24.419823, 37.156482 ], [ 24.441937, 37.177489 ], [ 24.445472, 37.192121 ], [ 24.492894, 37.208047 ] ] ], [ [ [ 24.484201, 37.400904 ], [ 24.474698, 37.391425 ], [ 24.468892, 37.397905 ], [ 24.457639, 37.394085 ], [ 24.442003, 37.347985 ], [ 24.395634, 37.308053 ], [ 24.371523, 37.300124 ], [ 24.363265, 37.308348 ], [ 24.371898, 37.311804 ], [ 24.369638, 37.330701 ], [ 24.3852, 37.357212 ], [ 24.397493, 37.36663 ], [ 24.390117, 37.380834 ], [ 24.39275, 37.412593 ], [ 24.36954, 37.412953 ], [ 24.365897, 37.421058 ], [ 24.397721, 37.459616 ], [ 24.431842, 37.479945 ], [ 24.430465, 37.445053 ], [ 24.472316, 37.421058 ], [ 24.484201, 37.400904 ] ] ], [ [ [ 24.382891, 37.603127 ], [ 24.283428, 37.524519 ], [ 24.27269, 37.533945 ], [ 24.278587, 37.574923 ], [ 24.268022, 37.585751 ], [ 24.27119, 37.611691 ], [ 24.294907, 37.654446 ], [ 24.319921, 37.662637 ], [ 24.337748, 37.681947 ], [ 24.368356, 37.68073 ], [ 24.398374, 37.665711 ], [ 24.406843, 37.644884 ], [ 24.382891, 37.603127 ] ] ], [ [ [ 24.25236, 36.803341 ], [ 24.242175, 36.768836 ], [ 24.223559, 36.781117 ], [ 24.221225, 36.800957 ], [ 24.25236, 36.803341 ] ] ], [ [ [ 24.159007, 36.550509 ], [ 24.141668, 36.54339 ], [ 24.136765, 36.549135 ], [ 24.144621, 36.559899 ], [ 24.159007, 36.550509 ] ] ], [ [ [ 24.152739, 37.738156 ], [ 24.107304, 37.650625 ], [ 24.103758, 37.672047 ], [ 24.127881, 37.739288 ], [ 24.142337, 37.755278 ], [ 24.152739, 37.738156 ] ] ] ] } },
{ "type": "Feature", "properties": { "loc": "EL651" }, "geometry": { "type": "MultiPolygon", "coordinates": [ [ [ [ 22.980803, 37.047903 ], [ 22.938183, 37.019403 ], [ 22.885518, 37.024418 ], [ 22.856737, 36.997108 ], [ 22.808273, 37.014652 ], [ 22.758254, 37.054834 ], [ 22.713044, 37.039691 ], [ 22.691812, 37.06161 ], [ 22.697405, 37.097503 ], [ 22.639087, 37.167319 ], [ 22.611051, 37.234045 ], [ 22.601068, 37.287264 ], [ 22.555444, 37.289641 ], [ 22.508039, 37.317743 ], [ 22.415383, 37.318636 ], [ 22.41208, 37.294418 ], [ 22.426537, 37.255038 ], [ 22.413976, 37.221626 ], [ 22.349981, 37.218241 ], [ 22.276424, 37.275636 ], [ 22.236835, 37.269506 ], [ 22.228426, 37.241928 ], [ 22.245393, 37.177161 ], [ 22.190696, 37.144494 ], [ 22.03516, 37.272968 ], [ 22.015269, 37.322254 ], [ 21.971399, 37.365585 ], [ 21.985775, 37.421058 ], [ 21.961644, 37.462117 ], [ 21.965593, 37.483448 ], [ 21.994338, 37.505093 ], [ 21.947204, 37.543602 ], [ 21.911842, 37.559784 ], [ 21.875409, 37.603102 ], [ 21.838331, 37.602432 ], [ 21.802856, 37.587268 ], [ 21.793062, 37.604962 ], [ 21.811341, 37.690669 ], [ 21.796586, 37.743571 ], [ 21.796858, 37.795066 ], [ 21.81493, 37.821061 ], [ 21.889742, 37.865894 ], [ 21.893782, 37.843299 ], [ 21.904704, 37.833183 ], [ 22.052044, 37.784038 ], [ 22.109188, 37.82267 ], [ 22.121903, 37.822215 ], [ 22.139878, 37.804852 ], [ 22.172871, 37.797776 ], [ 22.204891, 37.828037 ], [ 22.264305, 37.839156 ], [ 22.291583, 37.835274 ], [ 22.328421, 37.801368 ], [ 22.422961, 37.804404 ], [ 22.494644, 37.857834 ], [ 22.522507, 37.837401 ], [ 22.55666, 37.847506 ], [ 22.559501, 37.835198 ], [ 22.533911, 37.801211 ], [ 22.537426, 37.783511 ], [ 22.574915, 37.791448 ], [ 22.673058, 37.765194 ], [ 22.715413, 37.777843 ], [ 22.740733, 37.775173 ], [ 22.756717, 37.745755 ], [ 22.786, 37.735409 ], [ 22.830945, 37.734488 ], [ 22.917141, 37.751619 ], [ 22.949385, 37.7398 ], [ 22.94952, 37.721979 ], [ 22.958737, 37.711394 ], [ 23.044334, 37.70489 ], [ 23.068259, 37.726781 ], [ 23.098435, 37.722253 ], [ 23.120032, 37.729985 ], [ 23.172342, 37.712413 ], [ 23.154187, 37.676421 ], [ 23.16851, 37.646193 ], [ 23.159717, 37.621334 ], [ 23.200379, 37.596653 ], [ 23.173369, 37.560919 ], [ 23.169795, 37.537766 ], [ 23.181897, 37.526185 ], [ 23.303459, 37.494557 ], [ 23.318465, 37.470425 ], [ 23.397045, 37.457896 ], [ 23.424512, 37.466917 ], [ 23.449861, 37.462608 ], [ 23.450637, 37.44696 ], [ 23.42442, 37.411701 ], [ 23.345356, 37.411246 ], [ 23.302962, 37.397631 ], [ 23.262649, 37.39739 ], [ 23.234951, 37.375631 ], [ 23.256089, 37.347664 ], [ 23.197009, 37.334075 ], [ 23.18613, 37.300073 ], [ 23.165542, 37.295389 ], [ 23.073637, 37.368788 ], [ 23.079283, 37.388939 ], [ 23.12823, 37.419973 ], [ 23.11446, 37.4439 ], [ 23.064062, 37.454079 ], [ 23.035663, 37.471389 ], [ 23.008067, 37.47257 ], [ 22.976004, 37.509781 ], [ 22.940279, 37.525644 ], [ 22.886703, 37.526704 ], [ 22.846461, 37.517313 ], [ 22.781228, 37.580973 ], [ 22.760427, 37.583633 ], [ 22.732521, 37.572828 ], [ 22.723212, 37.555091 ], [ 22.734578, 37.483741 ], [ 22.762177, 37.423736 ], [ 22.763029, 37.391275 ], [ 22.801123, 37.351451 ], [ 22.898445, 37.202706 ], [ 22.900539, 37.124514 ], [ 22.913938, 37.114183 ], [ 22.956379, 37.10633 ], [ 22.973291, 37.083725 ], [ 22.980803, 37.047903 ] ] ], [ [ [ 22.993526, 37.433794 ], [ 22.96466, 37.432678 ], [ 22.972671, 37.443488 ], [ 22.99364, 37.439614 ], [ 22.993526, 37.433794 ] ] ], [ [ [ 22.930189, 37.492218 ], [ 22.921098, 37.487647 ], [ 22.9098, 37.502484 ], [ 22.927115, 37.499018 ], [ 22.930189, 37.492218 ] ] ] ] } },
{ "type": "Feature", "properties": { "loc": "EL652" }, "geometry": { "type": "MultiPolygon", "coordinates": [ [ [ [ 23.120032, 37.729985 ], [ 23.098435, 37.722253 ], [ 23.068259, 37.726781 ], [ 23.044334, 37.70489 ], [ 22.958737, 37.711394 ], [ 22.94952, 37.721979 ], [ 22.949385, 37.7398 ], [ 22.917141, 37.751619 ], [ 22.830945, 37.734488 ], [ 22.786, 37.735409 ], [ 22.756717, 37.745755 ], [ 22.740733, 37.775173 ], [ 22.715413, 37.777843 ], [ 22.673058, 37.765194 ], [ 22.574915, 37.791448 ], [ 22.537426, 37.783511 ], [ 22.533911, 37.801211 ], [ 22.559501, 37.835198 ], [ 22.55666, 37.847506 ], [ 22.522507, 37.837401 ], [ 22.494644, 37.857834 ], [ 22.422961, 37.804404 ], [ 22.346955, 37.797878 ], [ 22.328421, 37.801368 ], [ 22.291583, 37.835274 ], [ 22.264305, 37.839156 ], [ 22.225347, 37.884021 ], [ 22.244909, 37.913119 ], [ 22.242284, 37.949199 ], [ 22.293519, 37.96527 ], [ 22.304771, 37.986774 ], [ 22.325971, 37.989566 ], [ 22.358362, 38.018168 ], [ 22.376567, 38.085476 ], [ 22.372973, 38.142223 ], [ 22.412042, 38.132365 ], [ 22.497917, 38.132763 ], [ 22.543021, 38.107481 ], [ 22.646627, 38.074326 ], [ 22.722589, 38.036745 ], [ 22.801864, 37.964716 ], [ 22.859942, 37.93738 ], [ 22.898731, 37.933161 ], [ 22.949234, 37.945038 ], [ 22.972477, 37.975458 ], [ 22.91182, 38.015535 ], [ 22.859738, 38.027943 ], [ 22.882173, 38.048495 ], [ 22.957529, 38.078482 ], [ 23.019549, 38.056819 ], [ 23.117532, 38.060646 ], [ 23.115342, 38.029922 ], [ 23.129889, 38.02069 ], [ 23.114629, 38.013538 ], [ 23.107279, 37.993612 ], [ 23.139269, 37.975308 ], [ 23.169472, 37.969778 ], [ 23.1797, 37.95159 ], [ 23.128357, 37.919931 ], [ 23.067437, 37.912852 ], [ 23.017804, 37.920147 ], [ 23.011764, 37.895787 ], [ 22.995489, 37.879705 ], [ 23.011422, 37.846308 ], [ 23.064899, 37.84099 ], [ 23.108288, 37.846753 ], [ 23.174413, 37.803998 ], [ 23.174634, 37.776271 ], [ 23.14985, 37.759994 ], [ 23.123068, 37.759399 ], [ 23.120032, 37.729985 ] ] ], [ [ [ 23.002855, 38.119825 ], [ 22.998449, 38.108518 ], [ 22.983022, 38.114611 ], [ 22.982787, 38.12271 ], [ 23.002855, 38.119825 ] ] ] ] } },
{ "type": "Feature", "properties": { "loc": "EL433" }, "geometry": { "type": "MultiPolygon", "coordinates": [ [ [ [ 24.317411, 35.353775 ], [ 24.555093, 35.377094 ], [ 24.605176, 35.391135 ], [ 24.653482, 35.418697 ], [ 24.70593, 35.425819 ], [ 24.803965, 35.409195 ], [ 24.865958, 35.410851 ], [ 24.884605, 35.420853 ], [ 24.928004, 35.40691 ], [ 24.924125, 35.376971 ], [ 24.887569, 35.374415 ], [ 24.899834, 35.330954 ], [ 24.87717, 35.318748 ], [ 24.920728, 35.294313 ], [ 24.913392, 35.270588 ], [ 24.920822, 35.248936 ], [ 24.905107, 35.224541 ], [ 24.900982, 35.193762 ], [ 24.879472, 35.17689 ], [ 24.832481, 35.182374 ], [ 24.814967, 35.216282 ], [ 24.797168, 35.219975 ], [ 24.799619, 35.185035 ], [ 24.787893, 35.124767 ], [ 24.729713, 35.112993 ], [ 24.722517, 35.092544 ], [ 24.560998, 35.103973 ], [ 24.52208, 35.141735 ], [ 24.449542, 35.152946 ], [ 24.398083, 35.174837 ], [ 24.383101, 35.192886 ], [ 24.350332, 35.18424 ], [ 24.31544, 35.187666 ], [ 24.287524, 35.176006 ], [ 24.285129, 35.190784 ], [ 24.305938, 35.239651 ], [ 24.285778, 35.23943 ], [ 24.270872, 35.248881 ], [ 24.280722, 35.263544 ], [ 24.330981, 35.290743 ], [ 24.317411, 35.353775 ] ] ], [ [ [ 24.610715, 35.018193 ], [ 24.608183, 34.998964 ], [ 24.598343, 35.01382 ], [ 24.610715, 35.018193 ] ] ] ] } },
{ "type": "Feature", "properties": { "loc": "EL434" }, "geometry": { "type": "MultiPolygon", "coordinates": [ [ [ [ 24.287524, 35.176006 ], [ 24.229986, 35.18338 ], [ 24.195154, 35.200082 ], [ 24.035112, 35.196142 ], [ 23.981032, 35.229841 ], [ 23.923577, 35.222943 ], [ 23.828304, 35.248147 ], [ 23.772126, 35.230971 ], [ 23.734653, 35.239772 ], [ 23.679902, 35.23104 ], [ 23.660962, 35.237266 ], [ 23.588219, 35.234347 ], [ 23.577343, 35.242935 ], [ 23.57492, 35.262179 ], [ 23.539038, 35.274592 ], [ 23.520313, 35.300228 ], [ 23.540939, 35.323259 ], [ 23.533776, 35.372785 ], [ 23.566146, 35.431432 ], [ 23.559266, 35.462898 ], [ 23.574076, 35.49011 ], [ 23.569891, 35.52462 ], [ 23.585424, 35.575817 ], [ 23.581378, 35.588725 ], [ 23.60244, 35.6069 ], [ 23.617853, 35.526421 ], [ 23.638938, 35.508912 ], [ 23.662393, 35.501956 ], [ 23.715032, 35.508661 ], [ 23.727172, 35.550588 ], [ 23.709604, 35.598568 ], [ 23.707073, 35.647504 ], [ 23.738679, 35.690705 ], [ 23.769319, 35.670689 ], [ 23.763997, 35.649736 ], [ 23.780152, 35.550731 ], [ 23.804543, 35.537724 ], [ 23.956266, 35.513977 ], [ 24.030405, 35.518227 ], [ 24.045467, 35.5254 ], [ 24.055059, 35.548187 ], [ 24.08227, 35.555641 ], [ 24.073763, 35.581024 ], [ 24.08112, 35.590489 ], [ 24.123042, 35.600227 ], [ 24.171201, 35.587135 ], [ 24.198503, 35.540978 ], [ 24.180247, 35.506616 ], [ 24.153327, 35.49639 ], [ 24.084841, 35.507012 ], [ 24.065943, 35.49299 ], [ 24.186663, 35.451683 ], [ 24.243522, 35.469199 ], [ 24.258175, 35.448638 ], [ 24.262289, 35.367321 ], [ 24.317411, 35.353775 ], [ 24.330505, 35.312405 ], [ 24.325344, 35.284669 ], [ 24.280722, 35.263544 ], [ 24.270872, 35.248881 ], [ 24.285778, 35.23943 ], [ 24.305938, 35.239651 ], [ 24.285129, 35.190784 ], [ 24.287524, 35.176006 ] ] ], [ [ [ 24.131771, 34.806751 ], [ 24.120619, 34.802642 ], [ 24.071824, 34.825747 ], [ 24.039697, 34.856987 ], [ 24.060258, 34.858333 ], [ 24.067113, 34.872329 ], [ 24.120126, 34.859881 ], [ 24.123615, 34.853627 ], [ 24.111536, 34.830121 ], [ 24.131771, 34.806751 ] ] ], [ [ [ 24.013151, 34.929743 ], [ 24.010587, 34.920647 ], [ 23.990975, 34.931687 ], [ 23.996565, 34.938251 ], [ 24.013151, 34.929743 ] ] ], [ [ [ 23.93939, 35.535352 ], [ 23.922646, 35.530152 ], [ 23.925875, 35.546071 ], [ 23.93961, 35.543566 ], [ 23.93939, 35.535352 ] ] ], [ [ [ 23.596791, 35.641448 ], [ 23.589169, 35.631926 ], [ 23.577012, 35.643181 ], [ 23.58891, 35.650309 ], [ 23.596791, 35.641448 ] ] ], [ [ [ 23.590339, 35.608951 ], [ 23.575748, 35.60204 ], [ 23.570448, 35.612 ], [ 23.575852, 35.620281 ], [ 23.590339, 35.608951 ] ] ] ] } },
{ "type": "Feature", "properties": { "loc": "EL653" }, "geometry": { "type": "MultiPolygon", "coordinates": [ [ [ [ 22.980803, 37.047903 ], [ 23.003049, 37.024389 ], [ 23.005124, 36.987392 ], [ 22.993726, 36.973056 ], [ 23.007463, 36.967584 ], [ 23.047346, 36.853534 ], [ 23.083015, 36.820215 ], [ 23.089654, 36.788592 ], [ 23.105354, 36.772798 ], [ 23.087333, 36.758033 ], [ 23.084555, 36.733562 ], [ 23.05428, 36.742551 ], [ 23.027269, 36.725149 ], [ 23.036521, 36.683565 ], [ 23.02737, 36.655707 ], [ 23.031811, 36.633247 ], [ 23.071028, 36.584073 ], [ 23.124331, 36.557786 ], [ 23.14529, 36.537362 ], [ 23.133333, 36.499866 ], [ 23.191415, 36.45838 ], [ 23.193758, 36.440008 ], [ 23.127721, 36.431011 ], [ 23.095412, 36.440148 ], [ 23.068351, 36.470112 ], [ 23.064923, 36.499866 ], [ 23.029023, 36.525209 ], [ 22.970628, 36.52448 ], [ 22.931985, 36.584918 ], [ 22.880911, 36.620072 ], [ 22.879239, 36.646398 ], [ 22.867286, 36.663689 ], [ 22.839975, 36.682029 ], [ 22.822625, 36.666852 ], [ 22.813772, 36.66934 ], [ 22.808536, 36.685091 ], [ 22.816215, 36.720556 ], [ 22.778938, 36.796741 ], [ 22.746299, 36.804417 ], [ 22.640323, 36.805569 ], [ 22.574762, 36.77642 ], [ 22.566895, 36.736299 ], [ 22.528725, 36.702764 ], [ 22.527503, 36.686031 ], [ 22.542741, 36.661128 ], [ 22.509256, 36.656704 ], [ 22.518127, 36.617035 ], [ 22.488092, 36.612802 ], [ 22.478066, 36.601772 ], [ 22.476782, 36.532385 ], [ 22.499996, 36.47489 ], [ 22.491954, 36.408697 ], [ 22.482931, 36.402124 ], [ 22.450677, 36.451671 ], [ 22.376462, 36.479313 ], [ 22.356399, 36.503789 ], [ 22.355451, 36.52354 ], [ 22.38271, 36.551649 ], [ 22.368467, 36.621107 ], [ 22.376925, 36.691162 ], [ 22.342538, 36.713197 ], [ 22.29224, 36.812258 ], [ 22.232516, 36.883891 ], [ 22.200848, 36.899221 ], [ 22.166111, 36.895941 ], [ 22.137943, 36.913053 ], [ 22.150858, 36.992188 ], [ 22.14029, 37.016392 ], [ 22.039191, 37.023926 ], [ 21.985682, 37.008923 ], [ 21.940259, 36.984606 ], [ 21.926046, 36.877552 ], [ 21.934331, 36.828057 ], [ 21.951102, 36.792276 ], [ 21.924025, 36.755638 ], [ 21.891645, 36.73379 ], [ 21.84852, 36.759831 ], [ 21.815868, 36.79683 ], [ 21.759673, 36.795838 ], [ 21.711557, 36.817776 ], [ 21.685811, 36.878165 ], [ 21.700042, 36.938482 ], [ 21.68107, 36.94773 ], [ 21.661715, 36.941382 ], [ 21.640964, 36.996703 ], [ 21.585186, 37.054774 ], [ 21.569609, 37.144262 ], [ 21.589301, 37.201048 ], [ 21.661899, 37.256364 ], [ 21.688647, 37.294418 ], [ 21.694568, 37.329415 ], [ 21.680233, 37.377434 ], [ 21.707762, 37.393164 ], [ 21.848181, 37.392184 ], [ 21.892576, 37.403641 ], [ 21.88747, 37.449215 ], [ 21.937685, 37.479007 ], [ 21.965593, 37.483448 ], [ 21.961644, 37.462117 ], [ 21.985775, 37.421058 ], [ 21.971399, 37.365585 ], [ 22.015269, 37.322254 ], [ 22.03516, 37.272968 ], [ 22.190696, 37.144494 ], [ 22.245393, 37.177161 ], [ 22.228426, 37.241928 ], [ 22.236835, 37.269506 ], [ 22.276424, 37.275636 ], [ 22.349981, 37.218241 ], [ 22.413976, 37.221626 ], [ 22.426537, 37.255038 ], [ 22.41208, 37.294418 ], [ 22.415383, 37.318636 ], [ 22.508039, 37.317743 ], [ 22.555444, 37.289641 ], [ 22.601068, 37.287264 ], [ 22.611051, 37.234045 ], [ 22.639087, 37.167319 ], [ 22.697405, 37.097503 ], [ 22.691812, 37.06161 ], [ 22.713044, 37.039691 ], [ 22.758254, 37.054834 ], [ 22.808273, 37.014652 ], [ 22.856737, 36.997108 ], [ 22.885518, 37.024418 ], [ 22.938183, 37.019403 ], [ 22.980803, 37.047903 ] ] ], [ [ [ 23.060204, 36.68363 ], [ 23.049629, 36.678609 ], [ 23.041059, 36.68787 ], [ 23.052007, 36.697051 ], [ 23.060204, 36.68363 ] ] ], [ [ [ 22.981938, 36.477509 ], [ 22.992322, 36.471317 ], [ 22.986988, 36.463146 ], [ 22.969978, 36.476502 ], [ 22.94955, 36.474389 ], [ 22.932164, 36.461011 ], [ 22.925466, 36.469355 ], [ 22.927191, 36.481692 ], [ 22.94587, 36.499866 ], [ 22.976905, 36.51007 ], [ 22.987729, 36.482758 ], [ 22.981938, 36.477509 ] ] ], [ [ [ 21.89059, 36.687933 ], [ 21.880896, 36.687247 ], [ 21.883947, 36.707503 ], [ 21.893486, 36.700801 ], [ 21.89059, 36.687933 ] ] ], [ [ [ 21.775872, 36.72038 ], [ 21.776149, 36.703301 ], [ 21.750538, 36.712866 ], [ 21.761084, 36.758604 ], [ 21.788311, 36.739685 ], [ 21.775872, 36.72038 ] ] ], [ [ [ 21.74747, 36.753689 ], [ 21.742618, 36.742672 ], [ 21.735869, 36.746272 ], [ 21.734748, 36.761241 ], [ 21.741581, 36.764207 ], [ 21.74747, 36.753689 ] ] ], [ [ [ 21.70206, 36.757094 ], [ 21.702527, 36.73964 ], [ 21.691183, 36.740039 ], [ 21.691551, 36.774942 ], [ 21.705161, 36.796193 ], [ 21.719806, 36.786671 ], [ 21.720547, 36.764786 ], [ 21.70206, 36.757094 ] ] ], [ [ [ 21.562129, 37.056603 ], [ 21.556204, 37.046305 ], [ 21.53713, 37.056603 ], [ 21.557926, 37.067705 ], [ 21.562129, 37.056603 ] ] ] ] } },
{ "type": "Feature", "properties": { "loc": "EL511" }, "geometry": { "type": "MultiPolygon", "coordinates": [ [ [ [ 26.357879, 41.711104 ], [ 26.40025, 41.687239 ], [ 26.487081, 41.669589 ], [ 26.495242, 41.649468 ], [ 26.527391, 41.624158 ], [ 26.594981, 41.603288 ], [ 26.592933, 41.562123 ], [ 26.600007, 41.545986 ], [ 26.594364, 41.527491 ], [ 26.613874, 41.430366 ], [ 26.627075, 41.41713 ], [ 26.633216, 41.393279 ], [ 26.628807, 41.35113 ], [ 26.59201, 41.324144 ], [ 26.530774, 41.339948 ], [ 26.503986, 41.3279 ], [ 26.462109, 41.287047 ], [ 26.405647, 41.255875 ], [ 26.376053, 41.250094 ], [ 26.335876, 41.256865 ], [ 26.32312, 41.249214 ], [ 26.319314, 41.239298 ], [ 26.328091, 41.223774 ], [ 26.309818, 41.16999 ], [ 26.329761, 41.146088 ], [ 26.310194, 41.115826 ], [ 26.329437, 41.104036 ], [ 26.315294, 41.081573 ], [ 26.317457, 41.070566 ], [ 26.333818, 41.041978 ], [ 26.362933, 41.019424 ], [ 26.358171, 41.003839 ], [ 26.332145, 40.981574 ], [ 26.353009, 40.95018 ], [ 26.29303, 40.926637 ], [ 26.289404, 40.897303 ], [ 26.259166, 40.904922 ], [ 26.244545, 40.885567 ], [ 26.226656, 40.881844 ], [ 26.210282, 40.85811 ], [ 26.210972, 40.833585 ], [ 26.153011, 40.80503 ], [ 26.121345, 40.74527 ], [ 26.076029, 40.72958 ], [ 26.032758, 40.730257 ], [ 26.032675, 40.775691 ], [ 25.980596, 40.825134 ], [ 25.952205, 40.839952 ], [ 25.808644, 40.850472 ], [ 25.722607, 40.847122 ], [ 25.632429, 40.862804 ], [ 25.621027, 40.94641 ], [ 25.626713, 40.963254 ], [ 25.648468, 40.966362 ], [ 25.687435, 40.951515 ], [ 25.693522, 40.957962 ], [ 25.689585, 40.976459 ], [ 25.726139, 40.97996 ], [ 25.763613, 40.99647 ], [ 25.816247, 41.000107 ], [ 25.826549, 41.026884 ], [ 25.860887, 41.046771 ], [ 25.886051, 41.102851 ], [ 25.948155, 41.110989 ], [ 25.927624, 41.132504 ], [ 25.900442, 41.190234 ], [ 25.920822, 41.267677 ], [ 25.906438, 41.307575 ], [ 25.935041, 41.320183 ], [ 25.985725, 41.32217 ], [ 26.02928, 41.348385 ], [ 26.087594, 41.347548 ], [ 26.129141, 41.356541 ], [ 26.156129, 41.390702 ], [ 26.164179, 41.422742 ], [ 26.192034, 41.44242 ], [ 26.155023, 41.479174 ], [ 26.182225, 41.518462 ], [ 26.178468, 41.547396 ], [ 26.148963, 41.558638 ], [ 26.15126, 41.602947 ], [ 26.135975, 41.628917 ], [ 26.100745, 41.627226 ], [ 26.070107, 41.653067 ], [ 26.062104, 41.690583 ], [ 26.072596, 41.708557 ], [ 26.110349, 41.715723 ], [ 26.125806, 41.730207 ], [ 26.168794, 41.747038 ], [ 26.205735, 41.733972 ], [ 26.230208, 41.737591 ], [ 26.286201, 41.712327 ], [ 26.357879, 41.711104 ] ] ], [ [ [ 25.692627, 40.423046 ], [ 25.582151, 40.394524 ], [ 25.559564, 40.397613 ], [ 25.45274, 40.469612 ], [ 25.511708, 40.500664 ], [ 25.582151, 40.50827 ], [ 25.658551, 40.491686 ], [ 25.69796, 40.459669 ], [ 25.692627, 40.423046 ] ] ] ] } },
{ "type": "Feature", "properties": { "loc": "EL512" }, "geometry": { "type": "Polygon", "coordinates": [ [ [ 25.179376, 41.310188 ], [ 25.217009, 41.283879 ], [ 25.224699, 41.264631 ], [ 25.182639, 41.240482 ], [ 25.167982, 41.213948 ], [ 25.13766, 41.249176 ], [ 25.122172, 41.247701 ], [ 25.117221, 41.206339 ], [ 25.098184, 41.197167 ], [ 25.094536, 41.179938 ], [ 25.048602, 41.147129 ], [ 25.062768, 41.106492 ], [ 25.10418, 41.081742 ], [ 25.121366, 41.04499 ], [ 25.15402, 41.012522 ], [ 25.153652, 41.000446 ], [ 25.139545, 40.990687 ], [ 25.107448, 41.00464 ], [ 25.065035, 41.001859 ], [ 25.004164, 40.961712 ], [ 24.985373, 40.932502 ], [ 24.892222, 40.91515 ], [ 24.81349, 40.858085 ], [ 24.735323, 41.015188 ], [ 24.741514, 41.042203 ], [ 24.76921, 41.087101 ], [ 24.691356, 41.124161 ], [ 24.68949, 41.143325 ], [ 24.674592, 41.159816 ], [ 24.697091, 41.17811 ], [ 24.694614, 41.198549 ], [ 24.65934, 41.205055 ], [ 24.577355, 41.191217 ], [ 24.552885, 41.201707 ], [ 24.518291, 41.196097 ], [ 24.494162, 41.20145 ], [ 24.474322, 41.22745 ], [ 24.507503, 41.227333 ], [ 24.514107, 41.26113 ], [ 24.539611, 41.262811 ], [ 24.580659, 41.245405 ], [ 24.602769, 41.269392 ], [ 24.607865, 41.308556 ], [ 24.643229, 41.310087 ], [ 24.666817, 41.323869 ], [ 24.691591, 41.321797 ], [ 24.709432, 41.354489 ], [ 24.739587, 41.341062 ], [ 24.783956, 41.360189 ], [ 24.8016, 41.349279 ], [ 24.811675, 41.352726 ], [ 24.822425, 41.399214 ], [ 24.874339, 41.392299 ], [ 24.911779, 41.407638 ], [ 24.97525, 41.377933 ], [ 25.055791, 41.363541 ], [ 25.088095, 41.337725 ], [ 25.120319, 41.341554 ], [ 25.132507, 41.32527 ], [ 25.179376, 41.310188 ] ] ] } },
{ "type": "Feature", "properties": { "loc": "EL513" }, "geometry": { "type": "Polygon", "coordinates": [ [ [ 25.632429, 40.862804 ], [ 25.588978, 40.8684 ], [ 25.560286, 40.858973 ], [ 25.532478, 40.865075 ], [ 25.454525, 40.897111 ], [ 25.38406, 40.910269 ], [ 25.357097, 40.934732 ], [ 25.322575, 40.943088 ], [ 25.29973, 40.942436 ], [ 25.262844, 40.924915 ], [ 25.241532, 40.936825 ], [ 25.175727, 40.941451 ], [ 25.128322, 40.959993 ], [ 25.15402, 41.012522 ], [ 25.121366, 41.04499 ], [ 25.10418, 41.081742 ], [ 25.062768, 41.106492 ], [ 25.048602, 41.147129 ], [ 25.094536, 41.179938 ], [ 25.098184, 41.197167 ], [ 25.117221, 41.206339 ], [ 25.122172, 41.247701 ], [ 25.13766, 41.249176 ], [ 25.167982, 41.213948 ], [ 25.182639, 41.240482 ], [ 25.224699, 41.264631 ], [ 25.237133, 41.248297 ], [ 25.281688, 41.238245 ], [ 25.332714, 41.242129 ], [ 25.36832, 41.25811 ], [ 25.42244, 41.2644 ], [ 25.472803, 41.286827 ], [ 25.527722, 41.279647 ], [ 25.550203, 41.312531 ], [ 25.582151, 41.314968 ], [ 25.614585, 41.304357 ], [ 25.655763, 41.312938 ], [ 25.706868, 41.293868 ], [ 25.722594, 41.315853 ], [ 25.778331, 41.323106 ], [ 25.825749, 41.344914 ], [ 25.869632, 41.326597 ], [ 25.880482, 41.307745 ], [ 25.906438, 41.307575 ], [ 25.920822, 41.267677 ], [ 25.900442, 41.190234 ], [ 25.927624, 41.132504 ], [ 25.948155, 41.110989 ], [ 25.886051, 41.102851 ], [ 25.860887, 41.046771 ], [ 25.826549, 41.026884 ], [ 25.816247, 41.000107 ], [ 25.763613, 40.99647 ], [ 25.726139, 40.97996 ], [ 25.689585, 40.976459 ], [ 25.693522, 40.957962 ], [ 25.687435, 40.951515 ], [ 25.648468, 40.966362 ], [ 25.626713, 40.963254 ], [ 25.621027, 40.94641 ], [ 25.632429, 40.862804 ] ] ] } },
{ "type": "Feature", "properties": { "loc": "EL514" }, "geometry": { "type": "Polygon", "coordinates": [ [ [ 24.11834, 41.00632 ], [ 24.039115, 41.050761 ], [ 24.03195, 41.084138 ], [ 23.991335, 41.108557 ], [ 23.975257, 41.107154 ], [ 23.950646, 41.087381 ], [ 23.931779, 41.087353 ], [ 23.861823, 41.127282 ], [ 23.800463, 41.145403 ], [ 23.753374, 41.188707 ], [ 23.725649, 41.192972 ], [ 23.724015, 41.215745 ], [ 23.709018, 41.223644 ], [ 23.698881, 41.252636 ], [ 23.718462, 41.288516 ], [ 23.714106, 41.304155 ], [ 23.701876, 41.312584 ], [ 23.636154, 41.322116 ], [ 23.624223, 41.375727 ], [ 23.642566, 41.380869 ], [ 23.674129, 41.408521 ], [ 23.768361, 41.400017 ], [ 23.801486, 41.435311 ], [ 23.896041, 41.453469 ], [ 23.914906, 41.478936 ], [ 23.967144, 41.44095 ], [ 24.016052, 41.464297 ], [ 24.047657, 41.453847 ], [ 24.071116, 41.470074 ], [ 24.059744, 41.522112 ], [ 24.103254, 41.546822 ], [ 24.18551, 41.520763 ], [ 24.211565, 41.545994 ], [ 24.261593, 41.569097 ], [ 24.294156, 41.544252 ], [ 24.309287, 41.515768 ], [ 24.368869, 41.521848 ], [ 24.400761, 41.53631 ], [ 24.449088, 41.526307 ], [ 24.482502, 41.553347 ], [ 24.528467, 41.564423 ], [ 24.548995, 41.549066 ], [ 24.566929, 41.491177 ], [ 24.595494, 41.460799 ], [ 24.609638, 41.431449 ], [ 24.648846, 41.432763 ], [ 24.668149, 41.418939 ], [ 24.722859, 41.414969 ], [ 24.749317, 41.382517 ], [ 24.783956, 41.360189 ], [ 24.739587, 41.341062 ], [ 24.709432, 41.354489 ], [ 24.691591, 41.321797 ], [ 24.666817, 41.323869 ], [ 24.643229, 41.310087 ], [ 24.607865, 41.308556 ], [ 24.602769, 41.269392 ], [ 24.580659, 41.245405 ], [ 24.539611, 41.262811 ], [ 24.514107, 41.26113 ], [ 24.507503, 41.227333 ], [ 24.474322, 41.22745 ], [ 24.494162, 41.20145 ], [ 24.492084, 41.177834 ], [ 24.482592, 41.169223 ], [ 24.49588, 41.14847 ], [ 24.487017, 41.137223 ], [ 24.464867, 41.139133 ], [ 24.338576, 41.05842 ], [ 24.299738, 41.060285 ], [ 24.24516, 41.022453 ], [ 24.24437, 41.014411 ], [ 24.266544, 41.00322 ], [ 24.25064, 40.969818 ], [ 24.21852, 40.991781 ], [ 24.11834, 41.00632 ] ] ] } },
{ "type": "Feature", "properties": { "loc": "EL515" }, "geometry": { "type": "MultiPolygon", "coordinates": [ [ [ [ 24.494162, 41.20145 ], [ 24.518291, 41.196097 ], [ 24.552885, 41.201707 ], [ 24.577355, 41.191217 ], [ 24.65934, 41.205055 ], [ 24.694614, 41.198549 ], [ 24.697091, 41.17811 ], [ 24.674592, 41.159816 ], [ 24.68949, 41.143325 ], [ 24.691356, 41.124161 ], [ 24.76921, 41.087101 ], [ 24.741514, 41.042203 ], [ 24.735323, 41.015188 ], [ 24.81349, 40.858085 ], [ 24.797802, 40.848067 ], [ 24.762835, 40.858601 ], [ 24.710024, 40.852261 ], [ 24.668089, 40.871765 ], [ 24.628371, 40.861908 ], [ 24.55192, 40.950958 ], [ 24.512324, 40.957295 ], [ 24.395547, 40.931683 ], [ 24.377158, 40.91092 ], [ 24.321541, 40.879456 ], [ 24.319872, 40.868224 ], [ 24.333711, 40.854167 ], [ 24.310084, 40.844224 ], [ 24.310665, 40.818355 ], [ 24.138385, 40.737595 ], [ 24.087223, 40.721763 ], [ 24.046395, 40.719431 ], [ 23.973298, 40.736892 ], [ 23.867747, 40.778728 ], [ 23.870717, 40.802949 ], [ 23.952731, 40.829021 ], [ 24.030245, 40.891415 ], [ 24.06218, 40.898354 ], [ 24.062856, 40.917098 ], [ 24.094725, 40.919235 ], [ 24.094598, 40.937346 ], [ 24.110291, 40.956474 ], [ 24.104896, 40.977784 ], [ 24.11834, 41.00632 ], [ 24.21852, 40.991781 ], [ 24.25064, 40.969818 ], [ 24.266544, 41.00322 ], [ 24.24437, 41.014411 ], [ 24.24516, 41.022453 ], [ 24.299738, 41.060285 ], [ 24.338576, 41.05842 ], [ 24.464867, 41.139133 ], [ 24.487017, 41.137223 ], [ 24.49588, 41.14847 ], [ 24.482592, 41.169223 ], [ 24.492084, 41.177834 ], [ 24.494162, 41.20145 ] ] ], [ [ [ 24.649049, 40.798084 ], [ 24.686553, 40.778994 ], [ 24.721071, 40.781487 ], [ 24.739489, 40.75593 ], [ 24.774794, 40.739219 ], [ 24.759165, 40.716917 ], [ 24.779581, 40.690938 ], [ 24.764913, 40.670641 ], [ 24.775961, 40.613737 ], [ 24.69027, 40.592049 ], [ 24.6428, 40.568697 ], [ 24.639179, 40.582454 ], [ 24.620259, 40.585579 ], [ 24.583546, 40.622983 ], [ 24.53003, 40.624012 ], [ 24.513564, 40.64199 ], [ 24.511989, 40.660834 ], [ 24.563511, 40.758738 ], [ 24.649049, 40.798084 ] ] ], [ [ [ 24.337476, 40.820823 ], [ 24.327188, 40.819132 ], [ 24.322591, 40.826931 ], [ 24.332961, 40.835718 ], [ 24.340001, 40.830431 ], [ 24.337476, 40.820823 ] ] ] ] } },
{ "type": "Feature", "properties": { "loc": "EL521" }, "geometry": { "type": "Polygon", "coordinates": [ [ [ 21.906012, 40.682092 ], [ 21.945462, 40.680445 ], [ 21.965226, 40.69223 ], [ 22.060982, 40.706952 ], [ 22.069765, 40.713921 ], [ 22.0609, 40.72946 ], [ 22.075823, 40.733371 ], [ 22.11992, 40.709209 ], [ 22.245651, 40.690623 ], [ 22.270561, 40.663944 ], [ 22.31053, 40.642372 ], [ 22.385717, 40.707717 ], [ 22.400093, 40.689026 ], [ 22.429235, 40.68293 ], [ 22.469962, 40.710445 ], [ 22.491367, 40.711267 ], [ 22.498782, 40.68242 ], [ 22.548644, 40.6719 ], [ 22.592399, 40.638429 ], [ 22.617989, 40.613209 ], [ 22.636501, 40.569942 ], [ 22.682419, 40.528965 ], [ 22.655018, 40.516746 ], [ 22.663958, 40.491554 ], [ 22.629172, 40.497016 ], [ 22.583664, 40.541988 ], [ 22.530174, 40.546445 ], [ 22.4811, 40.527933 ], [ 22.442914, 40.527708 ], [ 22.417248, 40.459627 ], [ 22.304112, 40.372631 ], [ 22.293307, 40.342988 ], [ 22.280591, 40.354415 ], [ 22.231676, 40.340884 ], [ 22.202959, 40.306713 ], [ 22.16108, 40.303607 ], [ 22.130666, 40.32324 ], [ 22.133625, 40.339975 ], [ 22.152616, 40.352122 ], [ 22.096304, 40.380312 ], [ 22.100671, 40.430558 ], [ 22.069489, 40.440421 ], [ 22.031052, 40.438065 ], [ 22.018157, 40.456987 ], [ 21.984044, 40.477196 ], [ 21.931711, 40.488276 ], [ 21.923499, 40.517215 ], [ 21.895021, 40.55027 ], [ 21.911263, 40.574643 ], [ 21.887139, 40.599151 ], [ 21.886884, 40.638976 ], [ 21.901743, 40.656014 ], [ 21.906012, 40.682092 ] ] ] } },
{ "type": "Feature", "properties": { "loc": "EL522" }, "geometry": { "type": "Polygon", "coordinates": [ [ [ 23.240374, 41.006035 ], [ 23.255505, 40.99459 ], [ 23.276403, 40.949454 ], [ 23.298884, 40.950874 ], [ 23.331685, 40.938678 ], [ 23.336482, 40.922031 ], [ 23.355445, 40.909055 ], [ 23.363144, 40.869528 ], [ 23.37497, 40.85507 ], [ 23.438169, 40.859964 ], [ 23.447451, 40.829069 ], [ 23.504896, 40.841713 ], [ 23.525651, 40.832171 ], [ 23.536908, 40.811889 ], [ 23.565451, 40.792974 ], [ 23.661863, 40.775696 ], [ 23.688184, 40.782825 ], [ 23.734204, 40.780339 ], [ 23.765078, 40.757892 ], [ 23.733959, 40.749293 ], [ 23.696464, 40.685433 ], [ 23.699551, 40.668294 ], [ 23.739424, 40.655729 ], [ 23.756865, 40.634563 ], [ 23.686892, 40.63052 ], [ 23.665792, 40.638635 ], [ 23.650722, 40.630279 ], [ 23.638858, 40.607247 ], [ 23.61095, 40.600258 ], [ 23.547592, 40.604004 ], [ 23.54111, 40.592085 ], [ 23.509222, 40.572135 ], [ 23.480151, 40.582688 ], [ 23.413114, 40.583857 ], [ 23.387252, 40.53907 ], [ 23.317689, 40.534587 ], [ 23.312847, 40.501576 ], [ 23.303063, 40.491064 ], [ 23.240478, 40.501901 ], [ 23.191417, 40.493612 ], [ 23.162156, 40.471049 ], [ 23.169638, 40.420692 ], [ 23.123398, 40.376641 ], [ 23.094029, 40.387583 ], [ 23.075905, 40.421479 ], [ 23.064749, 40.426079 ], [ 23.032293, 40.390455 ], [ 23.035201, 40.358121 ], [ 23.004153, 40.350336 ], [ 22.943954, 40.378468 ], [ 22.897638, 40.378638 ], [ 22.896182, 40.401061 ], [ 22.855789, 40.460776 ], [ 22.818528, 40.484663 ], [ 22.827638, 40.503831 ], [ 22.912847, 40.507513 ], [ 22.971462, 40.537625 ], [ 22.974526, 40.552263 ], [ 22.942309, 40.578663 ], [ 22.950453, 40.613304 ], [ 22.939611, 40.63093 ], [ 22.89474, 40.642209 ], [ 22.84598, 40.626217 ], [ 22.841691, 40.618084 ], [ 22.855472, 40.606263 ], [ 22.85057, 40.592085 ], [ 22.800581, 40.565655 ], [ 22.752166, 40.558174 ], [ 22.743024, 40.524148 ], [ 22.724498, 40.509213 ], [ 22.682419, 40.528965 ], [ 22.636501, 40.569942 ], [ 22.617989, 40.613209 ], [ 22.592399, 40.638429 ], [ 22.548644, 40.6719 ], [ 22.498782, 40.68242 ], [ 22.491367, 40.711267 ], [ 22.520582, 40.728558 ], [ 22.555467, 40.729144 ], [ 22.564274, 40.738563 ], [ 22.535848, 40.782573 ], [ 22.502065, 40.800516 ], [ 22.501403, 40.809515 ], [ 22.556061, 40.806284 ], [ 22.554105, 40.829545 ], [ 22.584025, 40.81081 ], [ 22.640951, 40.817279 ], [ 22.63903, 40.858443 ], [ 22.683592, 40.858525 ], [ 22.695358, 40.802311 ], [ 22.706979, 40.795037 ], [ 22.735865, 40.793916 ], [ 22.76021, 40.804589 ], [ 22.773864, 40.821547 ], [ 22.820375, 40.822019 ], [ 22.851909, 40.811463 ], [ 22.874254, 40.82203 ], [ 22.933101, 40.815787 ], [ 22.958301, 40.827122 ], [ 22.958411, 40.850367 ], [ 23.010419, 40.879143 ], [ 23.013325, 40.938288 ], [ 23.089731, 40.965102 ], [ 23.116583, 40.948097 ], [ 23.156867, 40.956208 ], [ 23.185507, 40.98316 ], [ 23.240374, 41.006035 ] ] ] } },
{ "type": "Feature", "properties": { "loc": "EL523" }, "geometry": { "type": "Polygon", "coordinates": [ [ [ 22.332052, 41.120272 ], [ 22.344542, 41.132504 ], [ 22.374523, 41.135904 ], [ 22.397835, 41.134668 ], [ 22.43107, 41.119652 ], [ 22.547264, 41.129801 ], [ 22.584683, 41.12041 ], [ 22.617989, 41.135552 ], [ 22.659405, 41.181918 ], [ 22.70625, 41.146522 ], [ 22.729034, 41.148631 ], [ 22.747674, 41.173663 ], [ 22.767139, 41.320233 ], [ 22.806056, 41.340442 ], [ 22.879179, 41.340653 ], [ 22.888275, 41.259265 ], [ 22.871624, 41.236673 ], [ 22.880384, 41.205227 ], [ 22.928178, 41.193952 ], [ 22.992369, 41.221341 ], [ 23.000149, 41.194039 ], [ 23.035823, 41.176473 ], [ 23.051995, 41.154316 ], [ 23.084868, 41.148658 ], [ 23.14163, 41.12097 ], [ 23.178302, 41.117837 ], [ 23.204957, 41.101624 ], [ 23.188434, 41.049112 ], [ 23.22538, 41.045955 ], [ 23.249051, 41.018552 ], [ 23.240374, 41.006035 ], [ 23.185507, 40.98316 ], [ 23.156867, 40.956208 ], [ 23.116583, 40.948097 ], [ 23.089731, 40.965102 ], [ 23.013325, 40.938288 ], [ 23.010419, 40.879143 ], [ 22.958411, 40.850367 ], [ 22.958301, 40.827122 ], [ 22.933101, 40.815787 ], [ 22.874254, 40.82203 ], [ 22.851909, 40.811463 ], [ 22.820375, 40.822019 ], [ 22.773864, 40.821547 ], [ 22.76021, 40.804589 ], [ 22.735865, 40.793916 ], [ 22.706979, 40.795037 ], [ 22.695358, 40.802311 ], [ 22.683592, 40.858525 ], [ 22.63903, 40.858443 ], [ 22.64009, 40.839646 ], [ 22.475231, 40.880038 ], [ 22.437134, 40.85907 ], [ 22.366762, 40.906427 ], [ 22.346558, 40.951177 ], [ 22.293903, 40.967891 ], [ 22.261439, 40.962181 ], [ 22.254462, 41.008323 ], [ 22.303741, 41.017923 ], [ 22.326645, 41.043172 ], [ 22.321093, 41.063503 ], [ 22.332052, 41.120272 ] ] ] } },
{ "type": "Feature", "properties": { "loc": "EL301" }, "geometry": { "type": "Polygon", "coordinates": [ [ [ 23.745098, 38.058239 ], [ 23.78727, 38.098856 ], [ 23.829001, 38.117739 ], [ 23.853324, 38.119119 ], [ 23.853737, 38.096318 ], [ 23.956406, 38.044398 ], [ 23.943716, 38.035887 ], [ 23.900098, 38.044562 ], [ 23.856334, 38.041752 ], [ 23.823103, 37.973922 ], [ 23.790747, 37.983576 ], [ 23.785305, 37.998126 ], [ 23.766298, 38.003459 ], [ 23.769485, 38.030506 ], [ 23.747893, 38.031927 ], [ 23.745098, 38.058239 ] ] ] } },
{ "type": "Feature", "properties": { "loc": "EL302" }, "geometry": { "type": "Polygon", "coordinates": [ [ [ 23.685493, 37.976383 ], [ 23.64063, 37.996756 ], [ 23.571395, 37.993224 ], [ 23.596951, 38.015175 ], [ 23.646633, 38.029929 ], [ 23.681848, 38.06287 ], [ 23.720048, 38.062956 ], [ 23.735471, 38.0503 ], [ 23.722615, 38.01926 ], [ 23.685493, 37.976383 ] ] ] } },
{ "type": "Feature", "properties": { "loc": "EL303" }, "geometry": { "type": "Polygon", "coordinates": [ [ [ 23.806792, 37.917837 ], [ 23.748027, 37.920726 ], [ 23.739253, 37.943826 ], [ 23.686925, 37.978173 ], [ 23.745098, 38.058239 ], [ 23.747893, 38.031927 ], [ 23.769485, 38.030506 ], [ 23.766298, 38.003459 ], [ 23.785305, 37.998126 ], [ 23.790747, 37.983576 ], [ 23.823103, 37.973922 ], [ 23.803606, 37.935876 ], [ 23.806792, 37.917837 ] ] ] } },
{ "type": "Feature", "properties": { "loc": "EL304" }, "geometry": { "type": "Polygon", "coordinates": [ [ [ 23.672226, 37.94182 ], [ 23.67385, 37.954688 ], [ 23.690112, 37.96202 ], [ 23.686925, 37.978173 ], [ 23.739253, 37.943826 ], [ 23.748027, 37.920726 ], [ 23.806792, 37.917837 ], [ 23.802545, 37.903087 ], [ 23.809784, 37.893617 ], [ 23.773259, 37.854429 ], [ 23.743593, 37.853809 ], [ 23.713229, 37.907581 ], [ 23.672226, 37.94182 ] ] ] } },
{ "type": "Feature", "properties": { "loc": "EL524" }, "geometry": { "type": "Polygon", "coordinates": [ [ [ 22.64009, 40.839646 ], [ 22.640951, 40.817279 ], [ 22.610833, 40.810128 ], [ 22.584025, 40.81081 ], [ 22.554105, 40.829545 ], [ 22.556061, 40.806284 ], [ 22.501403, 40.809515 ], [ 22.502065, 40.800516 ], [ 22.535848, 40.782573 ], [ 22.564274, 40.738563 ], [ 22.555467, 40.729144 ], [ 22.520582, 40.728558 ], [ 22.491367, 40.711267 ], [ 22.469962, 40.710445 ], [ 22.429235, 40.68293 ], [ 22.400093, 40.689026 ], [ 22.385717, 40.707717 ], [ 22.31053, 40.642372 ], [ 22.270561, 40.663944 ], [ 22.245651, 40.690623 ], [ 22.11992, 40.709209 ], [ 22.075823, 40.733371 ], [ 22.0609, 40.72946 ], [ 22.069765, 40.713921 ], [ 22.060982, 40.706952 ], [ 21.965226, 40.69223 ], [ 21.945462, 40.680445 ], [ 21.906012, 40.682092 ], [ 21.846538, 40.705332 ], [ 21.821787, 40.696691 ], [ 21.808571, 40.725906 ], [ 21.782867, 40.744357 ], [ 21.790774, 40.772155 ], [ 21.736888, 40.784243 ], [ 21.738557, 40.820116 ], [ 21.707641, 40.859992 ], [ 21.715524, 40.868494 ], [ 21.736139, 40.858449 ], [ 21.77698, 40.869559 ], [ 21.826814, 40.89799 ], [ 21.787378, 40.931125 ], [ 21.805368, 40.950756 ], [ 21.799817, 40.975426 ], [ 21.844819, 40.996269 ], [ 21.854616, 41.013943 ], [ 21.883641, 41.028253 ], [ 21.882855, 41.040151 ], [ 21.906877, 41.044007 ], [ 21.908897, 41.090851 ], [ 21.975185, 41.127556 ], [ 22.027248, 41.133806 ], [ 22.063717, 41.158504 ], [ 22.088273, 41.139672 ], [ 22.139525, 41.125939 ], [ 22.173175, 41.155505 ], [ 22.216216, 41.170457 ], [ 22.318677, 41.147601 ], [ 22.332052, 41.120272 ], [ 22.321093, 41.063503 ], [ 22.326645, 41.043172 ], [ 22.303741, 41.017923 ], [ 22.254462, 41.008323 ], [ 22.261439, 40.962181 ], [ 22.293903, 40.967891 ], [ 22.346558, 40.951177 ], [ 22.366762, 40.906427 ], [ 22.437134, 40.85907 ], [ 22.475231, 40.880038 ], [ 22.64009, 40.839646 ] ] ] } },
{ "type": "Feature", "properties": { "loc": "EL525" }, "geometry": { "type": "Polygon", "coordinates": [ [ [ 22.663958, 40.491554 ], [ 22.652162, 40.471699 ], [ 22.617989, 40.477415 ], [ 22.589539, 40.462345 ], [ 22.623863, 40.383684 ], [ 22.657711, 40.364982 ], [ 22.656693, 40.352122 ], [ 22.602641, 40.27643 ], [ 22.588054, 40.236006 ], [ 22.58748, 40.208761 ], [ 22.557196, 40.171681 ], [ 22.549396, 40.144776 ], [ 22.571676, 40.057789 ], [ 22.595991, 40.013251 ], [ 22.664585, 39.974756 ], [ 22.675518, 39.958221 ], [ 22.668697, 39.949952 ], [ 22.625297, 39.970516 ], [ 22.585651, 39.953936 ], [ 22.524126, 39.951393 ], [ 22.50126, 39.966852 ], [ 22.490544, 40.007822 ], [ 22.429856, 40.038149 ], [ 22.379729, 40.042835 ], [ 22.349861, 40.069645 ], [ 22.364186, 40.100094 ], [ 22.367804, 40.136155 ], [ 22.347171, 40.134738 ], [ 22.349529, 40.158874 ], [ 22.322752, 40.177208 ], [ 22.281645, 40.16899 ], [ 22.241653, 40.114605 ], [ 22.219233, 40.104772 ], [ 22.20709, 40.145488 ], [ 22.193688, 40.153162 ], [ 22.198369, 40.166437 ], [ 22.217391, 40.177468 ], [ 22.208267, 40.189069 ], [ 22.183295, 40.195912 ], [ 22.115704, 40.190249 ], [ 22.104369, 40.197952 ], [ 22.107465, 40.20651 ], [ 22.168878, 40.236075 ], [ 22.181784, 40.274382 ], [ 22.194602, 40.286339 ], [ 22.183821, 40.302277 ], [ 22.202959, 40.306713 ], [ 22.231676, 40.340884 ], [ 22.280591, 40.354415 ], [ 22.293307, 40.342988 ], [ 22.304112, 40.372631 ], [ 22.417248, 40.459627 ], [ 22.442914, 40.527708 ], [ 22.4811, 40.527933 ], [ 22.530174, 40.546445 ], [ 22.583664, 40.541988 ], [ 22.629172, 40.497016 ], [ 22.663958, 40.491554 ] ] ] } },
{ "type": "Feature", "properties": { "loc": "EL526" }, "geometry": { "type": "Polygon", "coordinates": [ [ [ 23.240374, 41.006035 ], [ 23.249051, 41.018552 ], [ 23.22538, 41.045955 ], [ 23.188434, 41.049112 ], [ 23.204957, 41.101624 ], [ 23.178302, 41.117837 ], [ 23.14163, 41.12097 ], [ 23.084868, 41.148658 ], [ 23.051995, 41.154316 ], [ 23.035823, 41.176473 ], [ 23.000149, 41.194039 ], [ 22.992369, 41.221341 ], [ 22.928178, 41.193952 ], [ 22.880384, 41.205227 ], [ 22.871624, 41.236673 ], [ 22.888275, 41.259265 ], [ 22.879179, 41.340653 ], [ 23.034674, 41.331825 ], [ 23.101145, 41.317593 ], [ 23.195685, 41.322892 ], [ 23.223102, 41.33776 ], [ 23.232747, 41.373628 ], [ 23.295637, 41.400802 ], [ 23.321335, 41.397097 ], [ 23.343646, 41.367197 ], [ 23.401826, 41.398653 ], [ 23.523976, 41.403444 ], [ 23.551168, 41.388324 ], [ 23.624223, 41.375727 ], [ 23.636154, 41.322116 ], [ 23.701876, 41.312584 ], [ 23.714106, 41.304155 ], [ 23.718462, 41.288516 ], [ 23.698881, 41.252636 ], [ 23.709018, 41.223644 ], [ 23.724015, 41.215745 ], [ 23.725649, 41.192972 ], [ 23.753374, 41.188707 ], [ 23.800463, 41.145403 ], [ 23.861823, 41.127282 ], [ 23.931779, 41.087353 ], [ 23.950646, 41.087381 ], [ 23.975257, 41.107154 ], [ 23.991335, 41.108557 ], [ 24.03195, 41.084138 ], [ 24.039115, 41.050761 ], [ 24.11834, 41.00632 ], [ 24.104896, 40.977784 ], [ 24.110291, 40.956474 ], [ 24.094598, 40.937346 ], [ 24.094725, 40.919235 ], [ 24.062856, 40.917098 ], [ 24.06218, 40.898354 ], [ 24.030245, 40.891415 ], [ 23.952731, 40.829021 ], [ 23.870717, 40.802949 ], [ 23.867747, 40.778728 ], [ 23.833806, 40.783658 ], [ 23.785403, 40.770872 ], [ 23.765078, 40.757892 ], [ 23.734204, 40.780339 ], [ 23.688184, 40.782825 ], [ 23.661863, 40.775696 ], [ 23.565451, 40.792974 ], [ 23.536908, 40.811889 ], [ 23.525651, 40.832171 ], [ 23.504896, 40.841713 ], [ 23.447451, 40.829069 ], [ 23.438169, 40.859964 ], [ 23.37497, 40.85507 ], [ 23.363144, 40.869528 ], [ 23.355445, 40.909055 ], [ 23.336482, 40.922031 ], [ 23.331685, 40.938678 ], [ 23.298884, 40.950874 ], [ 23.276403, 40.949454 ], [ 23.255505, 40.99459 ], [ 23.240374, 41.006035 ] ] ] } },
{ "type": "Feature", "properties": { "loc": "EL527" }, "geometry": { "type": "MultiPolygon", "coordinates": [ [ [ [ 23.004153, 40.350336 ], [ 23.035201, 40.358121 ], [ 23.032293, 40.390455 ], [ 23.064749, 40.426079 ], [ 23.075905, 40.421479 ], [ 23.094029, 40.387583 ], [ 23.123398, 40.376641 ], [ 23.169638, 40.420692 ], [ 23.162156, 40.471049 ], [ 23.191417, 40.493612 ], [ 23.240478, 40.501901 ], [ 23.303063, 40.491064 ], [ 23.312847, 40.501576 ], [ 23.317689, 40.534587 ], [ 23.387252, 40.53907 ], [ 23.413114, 40.583857 ], [ 23.480151, 40.582688 ], [ 23.509222, 40.572135 ], [ 23.54111, 40.592085 ], [ 23.547592, 40.604004 ], [ 23.61095, 40.600258 ], [ 23.638858, 40.607247 ], [ 23.650722, 40.630279 ], [ 23.665792, 40.638635 ], [ 23.686892, 40.63052 ], [ 23.756865, 40.634563 ], [ 23.776085, 40.619409 ], [ 23.785096, 40.59584 ], [ 23.832154, 40.561009 ], [ 23.889002, 40.556219 ], [ 23.914475, 40.53398 ], [ 23.899296, 40.521671 ], [ 23.838716, 40.517998 ], [ 23.825086, 40.506493 ], [ 23.827141, 40.461492 ], [ 23.862, 40.417291 ], [ 23.888948, 40.396743 ], [ 23.932665, 40.381923 ], [ 23.977902, 40.378831 ], [ 24.010988, 40.389434 ], [ 24.006095, 40.357257 ], [ 24.015448, 40.333682 ], [ 24.005043, 40.314567 ], [ 23.940985, 40.354115 ], [ 23.8633, 40.366717 ], [ 23.788366, 40.342934 ], [ 23.735822, 40.346027 ], [ 23.704537, 40.311657 ], [ 23.709755, 40.272103 ], [ 23.761622, 40.218009 ], [ 23.780142, 40.219809 ], [ 23.786094, 40.196689 ], [ 23.903394, 40.158526 ], [ 23.981387, 40.111986 ], [ 23.995812, 40.047875 ], [ 24.012707, 40.014954 ], [ 23.980502, 39.95563 ], [ 23.951057, 39.945777 ], [ 23.929102, 39.950282 ], [ 23.85673, 40.010654 ], [ 23.821659, 40.012637 ], [ 23.765165, 40.119804 ], [ 23.656839, 40.216195 ], [ 23.54223, 40.236969 ], [ 23.415343, 40.27403 ], [ 23.370173, 40.254273 ], [ 23.347748, 40.231403 ], [ 23.338219, 40.198022 ], [ 23.360513, 40.155989 ], [ 23.418253, 40.120321 ], [ 23.488897, 40.041848 ], [ 23.543427, 40.014527 ], [ 23.65967, 39.97852 ], [ 23.694492, 39.940361 ], [ 23.72489, 39.926605 ], [ 23.696784, 39.912158 ], [ 23.59865, 39.922767 ], [ 23.463653, 39.966238 ], [ 23.375647, 39.966585 ], [ 23.37095, 40.013308 ], [ 23.313052, 40.094619 ], [ 23.322105, 40.177771 ], [ 23.306218, 40.220529 ], [ 23.047094, 40.315274 ], [ 23.004153, 40.350336 ] ] ], [ [ [ 23.943708, 40.312586 ], [ 23.918952, 40.313624 ], [ 23.882733, 40.330216 ], [ 23.916616, 40.342234 ], [ 23.923392, 40.321751 ], [ 23.943708, 40.312586 ] ] ], [ [ [ 23.736688, 40.065778 ], [ 23.733033, 40.056056 ], [ 23.71306, 40.058068 ], [ 23.718873, 40.066805 ], [ 23.736688, 40.065778 ] ] ] ] } },
{ "type": "Feature", "properties": { "loc": "EL531" }, "geometry": { "type": "Polygon", "coordinates": [ [ [ 21.804962, 40.688251 ], [ 21.846538, 40.705332 ], [ 21.906012, 40.682092 ], [ 21.901743, 40.656014 ], [ 21.886884, 40.638976 ], [ 21.887139, 40.599151 ], [ 21.911263, 40.574643 ], [ 21.895021, 40.55027 ], [ 21.923499, 40.517215 ], [ 21.931711, 40.488276 ], [ 21.984044, 40.477196 ], [ 22.018157, 40.456987 ], [ 22.031052, 40.438065 ], [ 22.069489, 40.440421 ], [ 22.100671, 40.430558 ], [ 22.096304, 40.380312 ], [ 22.152616, 40.352122 ], [ 22.133625, 40.339975 ], [ 22.130666, 40.32324 ], [ 22.19445, 40.29329 ], [ 22.168878, 40.236075 ], [ 22.107465, 40.20651 ], [ 22.104369, 40.197952 ], [ 22.115704, 40.190249 ], [ 22.121337, 40.168162 ], [ 22.103429, 40.174508 ], [ 22.093468, 40.167955 ], [ 22.097468, 40.144863 ], [ 22.07157, 40.112453 ], [ 22.018635, 40.064169 ], [ 21.997739, 40.05882 ], [ 21.991188, 40.043435 ], [ 21.965102, 40.029299 ], [ 21.941202, 39.987816 ], [ 21.91185, 39.980062 ], [ 21.898322, 39.963448 ], [ 21.870086, 39.950687 ], [ 21.907595, 39.922776 ], [ 21.903667, 39.900902 ], [ 21.917692, 39.852048 ], [ 21.834078, 39.861199 ], [ 21.786825, 39.847876 ], [ 21.722714, 39.871354 ], [ 21.678352, 39.8567 ], [ 21.651208, 39.87492 ], [ 21.616045, 39.871081 ], [ 21.58367, 39.89044 ], [ 21.46501, 39.898717 ], [ 21.425037, 39.890262 ], [ 21.414631, 39.877473 ], [ 21.416577, 39.850844 ], [ 21.381874, 39.833961 ], [ 21.337651, 39.833293 ], [ 21.317399, 39.865414 ], [ 21.2956, 39.857458 ], [ 21.275669, 39.874223 ], [ 21.232767, 39.88764 ], [ 21.181711, 39.876948 ], [ 21.161169, 39.86123 ], [ 21.098752, 39.880009 ], [ 21.078603, 39.944683 ], [ 21.02668, 39.993551 ], [ 21.070992, 40.002053 ], [ 21.081203, 40.017962 ], [ 21.08205, 40.054842 ], [ 21.057187, 40.065045 ], [ 21.009765, 40.058474 ], [ 20.960821, 40.131278 ], [ 21.004012, 40.154066 ], [ 21.027812, 40.144415 ], [ 21.051087, 40.153622 ], [ 21.049623, 40.170368 ], [ 21.082125, 40.204884 ], [ 21.082712, 40.227778 ], [ 21.065899, 40.267286 ], [ 21.07643, 40.310986 ], [ 21.092904, 40.331602 ], [ 21.168846, 40.35602 ], [ 21.2188, 40.345101 ], [ 21.226106, 40.352122 ], [ 21.223145, 40.381349 ], [ 21.233803, 40.393015 ], [ 21.278436, 40.363586 ], [ 21.340389, 40.413702 ], [ 21.358777, 40.403667 ], [ 21.373449, 40.373313 ], [ 21.401816, 40.372727 ], [ 21.41806, 40.392478 ], [ 21.460515, 40.412005 ], [ 21.473775, 40.469984 ], [ 21.512501, 40.508695 ], [ 21.509809, 40.524998 ], [ 21.530009, 40.532539 ], [ 21.53778, 40.555546 ], [ 21.585482, 40.581869 ], [ 21.64649, 40.592607 ], [ 21.710824, 40.590207 ], [ 21.726257, 40.600819 ], [ 21.775085, 40.608368 ], [ 21.795478, 40.634476 ], [ 21.791674, 40.659684 ], [ 21.804962, 40.688251 ] ] ] } },
{ "type": "Feature", "properties": { "loc": "EL532" }, "geometry": { "type": "Polygon", "coordinates": [ [ [ 21.004012, 40.154066 ], [ 20.996782, 40.186605 ], [ 20.985453, 40.194723 ], [ 20.987408, 40.211031 ], [ 20.92208, 40.294022 ], [ 20.880396, 40.330556 ], [ 20.864446, 40.375214 ], [ 20.854448, 40.371482 ], [ 20.840747, 40.341782 ], [ 20.816932, 40.337043 ], [ 20.778501, 40.348789 ], [ 20.79013, 40.372602 ], [ 20.794946, 40.429847 ], [ 20.822465, 40.444654 ], [ 20.850888, 40.477046 ], [ 20.931032, 40.465761 ], [ 20.950945, 40.471368 ], [ 20.974278, 40.520689 ], [ 21.006763, 40.548717 ], [ 21.039831, 40.563289 ], [ 21.056069, 40.616695 ], [ 21.071015, 40.605852 ], [ 21.10095, 40.609155 ], [ 21.154848, 40.640484 ], [ 21.188917, 40.648918 ], [ 21.210492, 40.672355 ], [ 21.245348, 40.746828 ], [ 21.256593, 40.749545 ], [ 21.291284, 40.723516 ], [ 21.282198, 40.704326 ], [ 21.294275, 40.690502 ], [ 21.315553, 40.685582 ], [ 21.332225, 40.699184 ], [ 21.382409, 40.663189 ], [ 21.388237, 40.597702 ], [ 21.405123, 40.591889 ], [ 21.420512, 40.604553 ], [ 21.44754, 40.60123 ], [ 21.461283, 40.574508 ], [ 21.491732, 40.56535 ], [ 21.495816, 40.530414 ], [ 21.509809, 40.524998 ], [ 21.512501, 40.508695 ], [ 21.473775, 40.469984 ], [ 21.460515, 40.412005 ], [ 21.41806, 40.392478 ], [ 21.401816, 40.372727 ], [ 21.373449, 40.373313 ], [ 21.358777, 40.403667 ], [ 21.340389, 40.413702 ], [ 21.278436, 40.363586 ], [ 21.233803, 40.393015 ], [ 21.223145, 40.381349 ], [ 21.226106, 40.352122 ], [ 21.2188, 40.345101 ], [ 21.168846, 40.35602 ], [ 21.092904, 40.331602 ], [ 21.07643, 40.310986 ], [ 21.065899, 40.267286 ], [ 21.082712, 40.227778 ], [ 21.082125, 40.204884 ], [ 21.049623, 40.170368 ], [ 21.051087, 40.153622 ], [ 21.027812, 40.144415 ], [ 21.004012, 40.154066 ] ] ] } },
{ "type": "Feature", "properties": { "loc": "EL305" }, "geometry": { "type": "MultiPolygon", "coordinates": [ [ [ [ 23.743593, 37.853809 ], [ 23.773259, 37.854429 ], [ 23.809784, 37.893617 ], [ 23.802545, 37.903087 ], [ 23.803606, 37.935876 ], [ 23.856334, 38.041752 ], [ 23.900098, 38.044562 ], [ 23.943716, 38.035887 ], [ 23.956406, 38.044398 ], [ 23.853737, 38.096318 ], [ 23.853324, 38.119119 ], [ 23.829001, 38.117739 ], [ 23.78727, 38.098856 ], [ 23.735471, 38.0503 ], [ 23.720048, 38.062956 ], [ 23.713973, 38.103084 ], [ 23.727393, 38.125794 ], [ 23.696927, 38.147818 ], [ 23.681278, 38.194836 ], [ 23.634495, 38.211341 ], [ 23.637212, 38.277696 ], [ 23.649291, 38.295327 ], [ 23.66137, 38.299487 ], [ 23.662585, 38.316217 ], [ 23.683242, 38.326153 ], [ 23.690418, 38.340297 ], [ 23.768564, 38.336488 ], [ 23.786747, 38.32445 ], [ 23.81044, 38.324988 ], [ 23.955863, 38.282226 ], [ 24.068595, 38.198023 ], [ 24.061542, 38.180052 ], [ 24.07491, 38.164423 ], [ 24.054644, 38.143455 ], [ 24.022638, 38.136604 ], [ 23.995227, 38.119771 ], [ 23.982921, 38.097993 ], [ 23.99769, 38.066633 ], [ 24.001687, 38.033583 ], [ 24.027554, 37.995732 ], [ 24.009592, 37.975329 ], [ 24.014992, 37.943654 ], [ 24.007554, 37.926079 ], [ 24.030137, 37.920536 ], [ 24.043102, 37.903305 ], [ 24.036572, 37.894068 ], [ 24.015644, 37.891537 ], [ 24.014606, 37.884347 ], [ 24.054444, 37.856725 ], [ 24.050755, 37.821429 ], [ 24.083641, 37.789776 ], [ 24.076864, 37.747736 ], [ 24.056703, 37.728743 ], [ 24.067097, 37.682713 ], [ 24.026845, 37.653386 ], [ 23.946561, 37.670517 ], [ 23.940151, 37.71726 ], [ 23.909125, 37.726108 ], [ 23.89196, 37.778529 ], [ 23.864166, 37.800908 ], [ 23.813671, 37.818443 ], [ 23.787982, 37.800398 ], [ 23.743593, 37.853809 ] ] ], [ [ [ 23.966047, 37.646456 ], [ 23.943208, 37.643774 ], [ 23.935617, 37.649693 ], [ 23.94101, 37.656871 ], [ 23.958166, 37.656739 ], [ 23.966047, 37.646456 ] ] ], [ [ [ 23.908555, 37.70719 ], [ 23.897823, 37.702994 ], [ 23.889437, 37.70902 ], [ 23.908559, 37.717315 ], [ 23.908555, 37.70719 ] ] ], [ [ [ 23.770377, 37.769434 ], [ 23.755347, 37.760593 ], [ 23.750676, 37.769029 ], [ 23.767408, 37.779273 ], [ 23.770377, 37.769434 ] ] ] ] } },
{ "type": "Feature", "properties": { "loc": "EL306" }, "geometry": { "type": "Polygon", "coordinates": [ [ [ 23.126179, 38.1684 ], [ 23.242558, 38.187272 ], [ 23.282809, 38.185115 ], [ 23.291403, 38.196872 ], [ 23.291574, 38.235081 ], [ 23.326388, 38.260817 ], [ 23.384931, 38.267612 ], [ 23.394117, 38.264721 ], [ 23.394066, 38.253223 ], [ 23.373828, 38.227027 ], [ 23.376055, 38.216185 ], [ 23.456959, 38.206037 ], [ 23.46376, 38.166459 ], [ 23.506891, 38.151269 ], [ 23.510722, 38.129915 ], [ 23.53114, 38.129507 ], [ 23.62433, 38.17208 ], [ 23.634495, 38.211341 ], [ 23.681278, 38.194836 ], [ 23.696927, 38.147818 ], [ 23.727393, 38.125794 ], [ 23.713973, 38.103084 ], [ 23.720048, 38.062956 ], [ 23.681848, 38.06287 ], [ 23.646633, 38.029929 ], [ 23.596951, 38.015175 ], [ 23.577128, 38.041059 ], [ 23.518651, 38.040488 ], [ 23.447135, 38.017903 ], [ 23.402176, 37.986408 ], [ 23.40678, 37.969093 ], [ 23.250655, 37.97522 ], [ 23.1797, 37.95159 ], [ 23.169472, 37.969778 ], [ 23.114354, 37.985034 ], [ 23.106571, 37.999902 ], [ 23.129889, 38.02069 ], [ 23.115342, 38.029922 ], [ 23.117532, 38.060646 ], [ 23.170617, 38.07708 ], [ 23.2112, 38.107006 ], [ 23.207672, 38.118723 ], [ 23.180226, 38.134427 ], [ 23.209573, 38.14859 ], [ 23.208403, 38.155586 ], [ 23.126179, 38.1684 ] ] ] } },
{ "type": "Feature", "properties": { "loc": "EL307" }, "geometry": { "type": "MultiPolygon", "coordinates": [ [ [ [ 23.929554, 37.482817 ], [ 23.94394, 37.459846 ], [ 23.92025, 37.468388 ], [ 23.911904, 37.480376 ], [ 23.929554, 37.482817 ] ] ], [ [ [ 23.914268, 37.490903 ], [ 23.906344, 37.47648 ], [ 23.896055, 37.485577 ], [ 23.903852, 37.49569 ], [ 23.914268, 37.490903 ] ] ], [ [ [ 23.894033, 36.848639 ], [ 23.887302, 36.834359 ], [ 23.874327, 36.845006 ], [ 23.881556, 36.851727 ], [ 23.894033, 36.848639 ] ] ], [ [ [ 23.571395, 37.993224 ], [ 23.64063, 37.996756 ], [ 23.685493, 37.976383 ], [ 23.690112, 37.96202 ], [ 23.67385, 37.954688 ], [ 23.672226, 37.94182 ], [ 23.63587, 37.929204 ], [ 23.60354, 37.958917 ], [ 23.561366, 37.963215 ], [ 23.554929, 37.978245 ], [ 23.571395, 37.993224 ] ] ], [ [ [ 23.571448, 37.366091 ], [ 23.566949, 37.356825 ], [ 23.504962, 37.342165 ], [ 23.499494, 37.319006 ], [ 23.447266, 37.315869 ], [ 23.399134, 37.29483 ], [ 23.369747, 37.300666 ], [ 23.384578, 37.315914 ], [ 23.466907, 37.353166 ], [ 23.520043, 37.369206 ], [ 23.571448, 37.366091 ] ] ], [ [ [ 23.518289, 37.691505 ], [ 23.481333, 37.675787 ], [ 23.459128, 37.689667 ], [ 23.45954, 37.716027 ], [ 23.432667, 37.734488 ], [ 23.421229, 37.757802 ], [ 23.426477, 37.765115 ], [ 23.485764, 37.773951 ], [ 23.55982, 37.768761 ], [ 23.558026, 37.753533 ], [ 23.539506, 37.734488 ], [ 23.518289, 37.691505 ] ] ], [ [ [ 23.483249, 38.002109 ], [ 23.527064, 37.99129 ], [ 23.532444, 38.001301 ], [ 23.547209, 37.99712 ], [ 23.530769, 37.975163 ], [ 23.528411, 37.958967 ], [ 23.541562, 37.955918 ], [ 23.54825, 37.942754 ], [ 23.537183, 37.933259 ], [ 23.544022, 37.92555 ], [ 23.53208, 37.912284 ], [ 23.514276, 37.912119 ], [ 23.513919, 37.896561 ], [ 23.490081, 37.899879 ], [ 23.447745, 37.873259 ], [ 23.401726, 37.895874 ], [ 23.410157, 37.927395 ], [ 23.469391, 37.92535 ], [ 23.494272, 37.957679 ], [ 23.476988, 37.961435 ], [ 23.452362, 37.950898 ], [ 23.433993, 37.957038 ], [ 23.424141, 37.952177 ], [ 23.417343, 37.956343 ], [ 23.444065, 37.96464 ], [ 23.447433, 37.973861 ], [ 23.427295, 37.978005 ], [ 23.435521, 37.985669 ], [ 23.459079, 37.978206 ], [ 23.474024, 37.982018 ], [ 23.471384, 37.994986 ], [ 23.483249, 38.002109 ] ] ], [ [ [ 23.42442, 37.411701 ], [ 23.450637, 37.44696 ], [ 23.449861, 37.462608 ], [ 23.424512, 37.466917 ], [ 23.397045, 37.457896 ], [ 23.318465, 37.470425 ], [ 23.303459, 37.494557 ], [ 23.181897, 37.526185 ], [ 23.169795, 37.537766 ], [ 23.173369, 37.560919 ], [ 23.200379, 37.596653 ], [ 23.332548, 37.538936 ], [ 23.359746, 37.560869 ], [ 23.317601, 37.618955 ], [ 23.345946, 37.634406 ], [ 23.397632, 37.631673 ], [ 23.407215, 37.608785 ], [ 23.384256, 37.555729 ], [ 23.406044, 37.530731 ], [ 23.403642, 37.512411 ], [ 23.438757, 37.506042 ], [ 23.436847, 37.525618 ], [ 23.477159, 37.545807 ], [ 23.5126, 37.521077 ], [ 23.5007, 37.507402 ], [ 23.468265, 37.497354 ], [ 23.50887, 37.459287 ], [ 23.509636, 37.435529 ], [ 23.42442, 37.411701 ] ] ], [ [ [ 23.465818, 36.920348 ], [ 23.471367, 36.905294 ], [ 23.45796, 36.908254 ], [ 23.452626, 36.922662 ], [ 23.465818, 36.920348 ] ] ], [ [ [ 23.446613, 37.694335 ], [ 23.427231, 37.682754 ], [ 23.420024, 37.684956 ], [ 23.439595, 37.697862 ], [ 23.446613, 37.694335 ] ] ], [ [ [ 23.372946, 37.694148 ], [ 23.340339, 37.673462 ], [ 23.324461, 37.676457 ], [ 23.32172, 37.685237 ], [ 23.340737, 37.711353 ], [ 23.365958, 37.711143 ], [ 23.372946, 37.694148 ] ] ], [ [ [ 23.363174, 37.340047 ], [ 23.333747, 37.322159 ], [ 23.300157, 37.320982 ], [ 23.281274, 37.335863 ], [ 23.323657, 37.347836 ], [ 23.331705, 37.334922 ], [ 23.349818, 37.35098 ], [ 23.363174, 37.340047 ] ] ], [ [ [ 23.315098, 35.880913 ], [ 23.32758, 35.829523 ], [ 23.291347, 35.852429 ], [ 23.268392, 35.902803 ], [ 23.315098, 35.880913 ] ] ], [ [ [ 23.288365, 37.264458 ], [ 23.27554, 37.261678 ], [ 23.278275, 37.27569 ], [ 23.289942, 37.276006 ], [ 23.288365, 37.264458 ] ] ], [ [ [ 23.270246, 37.700904 ], [ 23.255238, 37.696025 ], [ 23.252307, 37.702035 ], [ 23.272765, 37.710836 ], [ 23.270246, 37.700904 ] ] ], [ [ [ 23.269357, 37.823514 ], [ 23.251205, 37.800564 ], [ 23.242187, 37.805818 ], [ 23.256835, 37.825654 ], [ 23.269357, 37.823514 ] ] ], [ [ [ 23.180304, 37.22025 ], [ 23.170976, 37.214078 ], [ 23.155659, 37.226825 ], [ 23.166314, 37.231997 ], [ 23.180304, 37.22025 ] ] ], [ [ [ 23.160393, 37.241928 ], [ 23.127712, 37.236558 ], [ 23.096127, 37.274238 ], [ 23.116783, 37.280806 ], [ 23.146014, 37.274192 ], [ 23.167354, 37.262225 ], [ 23.160393, 37.241928 ] ] ], [ [ [ 23.053054, 36.145592 ], [ 23.042913, 36.133905 ], [ 22.986444, 36.142083 ], [ 22.942814, 36.16116 ], [ 22.913506, 36.19523 ], [ 22.904577, 36.229636 ], [ 22.923048, 36.25232 ], [ 22.916035, 36.266738 ], [ 22.919741, 36.293163 ], [ 22.894896, 36.325406 ], [ 22.924039, 36.372867 ], [ 22.945959, 36.380739 ], [ 22.989029, 36.320663 ], [ 23.081531, 36.268999 ], [ 23.101399, 36.239802 ], [ 23.095206, 36.226667 ], [ 23.067143, 36.2236 ], [ 23.052524, 36.210096 ], [ 23.046392, 36.186097 ], [ 23.053054, 36.145592 ] ] ] ] } },
{ "type": "Feature", "properties": { "loc": "EL411" }, "geometry": { "type": "MultiPolygon", "coordinates": [ [ [ [ 26.3617, 39.375291 ], [ 26.354778, 39.357965 ], [ 26.360897, 39.347456 ], [ 26.419017, 39.33293 ], [ 26.384065, 39.286016 ], [ 26.384051, 39.272327 ], [ 26.470318, 39.224974 ], [ 26.496825, 39.189027 ], [ 26.532502, 39.166011 ], [ 26.53474, 39.143315 ], [ 26.558242, 39.114532 ], [ 26.562465, 39.09793 ], [ 26.605958, 39.04661 ], [ 26.600784, 39.014499 ], [ 26.53767, 39.021884 ], [ 26.520379, 39.050062 ], [ 26.525577, 39.078289 ], [ 26.497436, 39.111329 ], [ 26.47237, 39.115995 ], [ 26.448312, 39.105902 ], [ 26.448856, 39.089216 ], [ 26.52484, 39.021162 ], [ 26.536746, 38.989608 ], [ 26.516838, 38.975085 ], [ 26.415137, 38.964145 ], [ 26.328514, 38.978899 ], [ 26.231054, 39.015104 ], [ 26.16834, 39.010737 ], [ 26.094809, 39.076866 ], [ 26.107755, 39.090831 ], [ 26.153509, 39.09793 ], [ 26.194876, 39.125999 ], [ 26.274787, 39.15749 ], [ 26.287178, 39.17407 ], [ 26.2858, 39.186723 ], [ 26.242175, 39.203387 ], [ 26.176722, 39.194475 ], [ 26.114628, 39.114642 ], [ 26.066773, 39.090236 ], [ 25.959756, 39.108194 ], [ 25.934604, 39.129767 ], [ 25.884568, 39.148396 ], [ 25.848061, 39.175706 ], [ 25.851167, 39.231337 ], [ 25.864238, 39.259713 ], [ 25.911794, 39.291384 ], [ 25.94349, 39.278985 ], [ 25.991764, 39.281276 ], [ 26.101547, 39.311233 ], [ 26.126306, 39.310307 ], [ 26.173007, 39.330432 ], [ 26.171766, 39.368318 ], [ 26.182144, 39.376019 ], [ 26.233034, 39.381957 ], [ 26.311445, 39.374985 ], [ 26.345425, 39.384879 ], [ 26.3617, 39.375291 ] ] ], [ [ [ 26.44803, 39.308386 ], [ 26.435256, 39.302386 ], [ 26.427643, 39.307336 ], [ 26.434278, 39.320148 ], [ 26.44803, 39.308386 ] ] ], [ [ [ 25.841727, 39.220317 ], [ 25.838171, 39.203507 ], [ 25.825561, 39.212051 ], [ 25.82986, 39.22172 ], [ 25.841727, 39.220317 ] ] ], [ [ [ 25.432995, 40.01687 ], [ 25.442057, 39.980663 ], [ 25.415976, 39.968561 ], [ 25.388074, 39.942325 ], [ 25.383705, 39.911848 ], [ 25.360107, 39.908762 ], [ 25.359876, 39.888058 ], [ 25.343975, 39.873873 ], [ 25.344481, 39.845536 ], [ 25.366736, 39.812793 ], [ 25.344493, 39.785741 ], [ 25.302129, 39.797473 ], [ 25.286783, 39.8243 ], [ 25.244499, 39.852775 ], [ 25.262586, 39.867017 ], [ 25.272367, 39.891616 ], [ 25.256162, 39.91088 ], [ 25.233342, 39.909009 ], [ 25.203159, 39.889975 ], [ 25.215736, 39.883484 ], [ 25.182312, 39.848867 ], [ 25.205421, 39.838264 ], [ 25.224073, 39.798897 ], [ 25.165294, 39.799478 ], [ 25.146338, 39.809391 ], [ 25.164096, 39.848512 ], [ 25.155471, 39.851451 ], [ 25.135327, 39.835537 ], [ 25.117441, 39.850305 ], [ 25.085676, 39.836646 ], [ 25.057169, 39.835041 ], [ 25.050838, 39.841186 ], [ 25.064382, 39.853544 ], [ 25.052877, 39.86441 ], [ 25.070471, 39.914747 ], [ 25.050327, 39.938257 ], [ 25.045831, 39.979761 ], [ 25.031425, 39.986013 ], [ 25.046054, 39.995499 ], [ 25.055848, 39.98575 ], [ 25.137265, 40.004502 ], [ 25.159417, 39.990706 ], [ 25.231077, 40.002927 ], [ 25.267482, 39.986042 ], [ 25.266558, 39.965842 ], [ 25.288517, 39.942268 ], [ 25.318385, 39.963955 ], [ 25.342725, 39.966412 ], [ 25.342299, 39.979031 ], [ 25.367787, 40.001184 ], [ 25.370704, 40.016293 ], [ 25.392343, 40.007783 ], [ 25.408714, 40.011429 ], [ 25.444911, 40.034234 ], [ 25.432995, 40.01687 ] ] ], [ [ [ 25.146605, 40.028374 ], [ 25.145221, 40.016474 ], [ 25.124498, 40.021517 ], [ 25.130984, 40.028484 ], [ 25.146605, 40.028374 ] ] ], [ [ [ 25.006719, 39.489961 ], [ 24.986659, 39.46181 ], [ 24.970635, 39.503119 ], [ 24.977575, 39.535086 ], [ 25.006014, 39.562142 ], [ 25.057037, 39.531075 ], [ 25.024442, 39.494471 ], [ 25.006719, 39.489961 ] ] ] ] } },
{ "type": "Feature", "properties": { "loc": "EL533" }, "geometry": { "type": "Polygon", "coordinates": [ [ [ 20.980205, 40.855665 ], [ 21.146642, 40.857121 ], [ 21.209124, 40.882237 ], [ 21.257372, 40.861363 ], [ 21.302667, 40.866048 ], [ 21.360315, 40.879193 ], [ 21.423843, 40.917283 ], [ 21.465179, 40.908403 ], [ 21.525429, 40.908802 ], [ 21.568088, 40.869086 ], [ 21.588091, 40.867343 ], [ 21.639494, 40.897686 ], [ 21.667214, 40.901176 ], [ 21.669449, 40.920176 ], [ 21.68817, 40.940224 ], [ 21.757426, 40.926824 ], [ 21.787378, 40.931125 ], [ 21.826814, 40.89799 ], [ 21.77698, 40.869559 ], [ 21.736139, 40.858449 ], [ 21.715524, 40.868494 ], [ 21.707641, 40.859992 ], [ 21.738557, 40.820116 ], [ 21.736888, 40.784243 ], [ 21.790774, 40.772155 ], [ 21.782867, 40.744357 ], [ 21.808571, 40.725906 ], [ 21.821787, 40.696691 ], [ 21.804962, 40.688251 ], [ 21.791674, 40.659684 ], [ 21.795478, 40.634476 ], [ 21.775085, 40.608368 ], [ 21.726257, 40.600819 ], [ 21.710824, 40.590207 ], [ 21.64649, 40.592607 ], [ 21.585482, 40.581869 ], [ 21.53778, 40.555546 ], [ 21.530009, 40.532539 ], [ 21.509809, 40.524998 ], [ 21.495816, 40.530414 ], [ 21.491732, 40.56535 ], [ 21.461283, 40.574508 ], [ 21.44754, 40.60123 ], [ 21.420512, 40.604553 ], [ 21.405123, 40.591889 ], [ 21.388237, 40.597702 ], [ 21.382409, 40.663189 ], [ 21.332225, 40.699184 ], [ 21.315553, 40.685582 ], [ 21.294275, 40.690502 ], [ 21.282198, 40.704326 ], [ 21.291284, 40.723516 ], [ 21.256593, 40.749545 ], [ 21.245348, 40.746828 ], [ 21.210492, 40.672355 ], [ 21.188917, 40.648918 ], [ 21.154848, 40.640484 ], [ 21.10095, 40.609155 ], [ 21.071015, 40.605852 ], [ 21.056069, 40.616695 ], [ 21.053177, 40.671754 ], [ 21.023627, 40.709943 ], [ 20.988016, 40.736109 ], [ 20.980626, 40.761269 ], [ 20.963958, 40.771341 ], [ 20.983283, 40.800315 ], [ 20.980205, 40.855665 ] ] ] } },
{ "type": "Feature", "properties": { "loc": "EL541" }, "geometry": { "type": "MultiPolygon", "coordinates": [ [ [ [ 21.372895, 39.174614 ], [ 21.330314, 39.162117 ], [ 21.318284, 39.143906 ], [ 21.274931, 39.120435 ], [ 21.189062, 39.13268 ], [ 21.121797, 39.121282 ], [ 21.1002, 39.103455 ], [ 21.103618, 39.087632 ], [ 21.091208, 39.079112 ], [ 21.108609, 39.046146 ], [ 21.075238, 39.042031 ], [ 21.048867, 39.013139 ], [ 21.032347, 39.009266 ], [ 20.955406, 39.033092 ], [ 20.908182, 39.064603 ], [ 20.865241, 39.052249 ], [ 20.832913, 39.069075 ], [ 20.80318, 39.070974 ], [ 20.752708, 39.013958 ], [ 20.800502, 38.969636 ], [ 20.738454, 38.952405 ], [ 20.710299, 38.987663 ], [ 20.709466, 39.02451 ], [ 20.696369, 39.053567 ], [ 20.489297, 39.214448 ], [ 20.477822, 39.274841 ], [ 20.522115, 39.30005 ], [ 20.545778, 39.294906 ], [ 20.553973, 39.312673 ], [ 20.583845, 39.305449 ], [ 20.609812, 39.325063 ], [ 20.636546, 39.331019 ], [ 20.680453, 39.288344 ], [ 20.698905, 39.297724 ], [ 20.705888, 39.330021 ], [ 20.741645, 39.378413 ], [ 20.78752, 39.371469 ], [ 20.805111, 39.353121 ], [ 20.820017, 39.34963 ], [ 20.899016, 39.373905 ], [ 20.917838, 39.393161 ], [ 20.945859, 39.388896 ], [ 20.976111, 39.404486 ], [ 21.002794, 39.398698 ], [ 21.023155, 39.41774 ], [ 21.025493, 39.443061 ], [ 21.062799, 39.528229 ], [ 21.101948, 39.495403 ], [ 21.128512, 39.507786 ], [ 21.137427, 39.531317 ], [ 21.147564, 39.535451 ], [ 21.18161, 39.501088 ], [ 21.213419, 39.494833 ], [ 21.199308, 39.466947 ], [ 21.227869, 39.437756 ], [ 21.26334, 39.418061 ], [ 21.27788, 39.375294 ], [ 21.312708, 39.358015 ], [ 21.385502, 39.354595 ], [ 21.411428, 39.322474 ], [ 21.426074, 39.293112 ], [ 21.423568, 39.280509 ], [ 21.400682, 39.253421 ], [ 21.37194, 39.236786 ], [ 21.351845, 39.208995 ], [ 21.355877, 39.191016 ], [ 21.372895, 39.174614 ] ] ], [ [ [ 20.929386, 39.004535 ], [ 20.918326, 39.003505 ], [ 20.913267, 39.016232 ], [ 20.921071, 39.019675 ], [ 20.929386, 39.004535 ] ] ], [ [ [ 20.300679, 39.315735 ], [ 20.335946, 39.347134 ], [ 20.366189, 39.356331 ], [ 20.414037, 39.315595 ], [ 20.444356, 39.306434 ], [ 20.460249, 39.2735 ], [ 20.344494, 39.285008 ], [ 20.300679, 39.315735 ] ] ] ] } },
{ "type": "Feature", "properties": { "loc": "EL542" }, "geometry": { "type": "Polygon", "coordinates": [ [ [ 20.680453, 39.288344 ], [ 20.636546, 39.331019 ], [ 20.609812, 39.325063 ], [ 20.583845, 39.305449 ], [ 20.553973, 39.312673 ], [ 20.545778, 39.294906 ], [ 20.522115, 39.30005 ], [ 20.477822, 39.274841 ], [ 20.460249, 39.2735 ], [ 20.444356, 39.306434 ], [ 20.414037, 39.315595 ], [ 20.366189, 39.356331 ], [ 20.335946, 39.347134 ], [ 20.300679, 39.315735 ], [ 20.287182, 39.334409 ], [ 20.272992, 39.3834 ], [ 20.226696, 39.403546 ], [ 20.224284, 39.440808 ], [ 20.26592, 39.45035 ], [ 20.229978, 39.484343 ], [ 20.254107, 39.489997 ], [ 20.257126, 39.505818 ], [ 20.195988, 39.525426 ], [ 20.177195, 39.514109 ], [ 20.173025, 39.530363 ], [ 20.147199, 39.534646 ], [ 20.180344, 39.607859 ], [ 20.17783, 39.623832 ], [ 20.061886, 39.678956 ], [ 20.008813, 39.691292 ], [ 20.030458, 39.697735 ], [ 20.08805, 39.680397 ], [ 20.127213, 39.657574 ], [ 20.192295, 39.645791 ], [ 20.221817, 39.648562 ], [ 20.221898, 39.666702 ], [ 20.232165, 39.681149 ], [ 20.261822, 39.675317 ], [ 20.282899, 39.708299 ], [ 20.318147, 39.728928 ], [ 20.295453, 39.763392 ], [ 20.303877, 39.781131 ], [ 20.293022, 39.802383 ], [ 20.302345, 39.812743 ], [ 20.48796, 39.758092 ], [ 20.485721, 39.726129 ], [ 20.499087, 39.718852 ], [ 20.525886, 39.667847 ], [ 20.523007, 39.652269 ], [ 20.50099, 39.640863 ], [ 20.509035, 39.585412 ], [ 20.502026, 39.564722 ], [ 20.529409, 39.559788 ], [ 20.549988, 39.541005 ], [ 20.588067, 39.534945 ], [ 20.619473, 39.541512 ], [ 20.616298, 39.491529 ], [ 20.637631, 39.463037 ], [ 20.636179, 39.448201 ], [ 20.680083, 39.325181 ], [ 20.680453, 39.288344 ] ] ] } },
{ "type": "Feature", "properties": { "loc": "EL543" }, "geometry": { "type": "Polygon", "coordinates": [ [ [ 21.18161, 39.501088 ], [ 21.147564, 39.535451 ], [ 21.137427, 39.531317 ], [ 21.128512, 39.507786 ], [ 21.101948, 39.495403 ], [ 21.062799, 39.528229 ], [ 21.025493, 39.443061 ], [ 21.023155, 39.41774 ], [ 21.002794, 39.398698 ], [ 20.976111, 39.404486 ], [ 20.945859, 39.388896 ], [ 20.917838, 39.393161 ], [ 20.899016, 39.373905 ], [ 20.820017, 39.34963 ], [ 20.805111, 39.353121 ], [ 20.78752, 39.371469 ], [ 20.741645, 39.378413 ], [ 20.705888, 39.330021 ], [ 20.698905, 39.297724 ], [ 20.680453, 39.288344 ], [ 20.680083, 39.325181 ], [ 20.636179, 39.448201 ], [ 20.637631, 39.463037 ], [ 20.616298, 39.491529 ], [ 20.619473, 39.541512 ], [ 20.588067, 39.534945 ], [ 20.549988, 39.541005 ], [ 20.529409, 39.559788 ], [ 20.502026, 39.564722 ], [ 20.509035, 39.585412 ], [ 20.50099, 39.640863 ], [ 20.523007, 39.652269 ], [ 20.525886, 39.667847 ], [ 20.499087, 39.718852 ], [ 20.485721, 39.726129 ], [ 20.48796, 39.758092 ], [ 20.391308, 39.788483 ], [ 20.412035, 39.813558 ], [ 20.41439, 39.840816 ], [ 20.382425, 39.887981 ], [ 20.342704, 39.922728 ], [ 20.341882, 39.948695 ], [ 20.316032, 39.988566 ], [ 20.388733, 39.995386 ], [ 20.414725, 40.053638 ], [ 20.44679, 40.07158 ], [ 20.488369, 40.065123 ], [ 20.513886, 40.079831 ], [ 20.556559, 40.06492 ], [ 20.676027, 40.099373 ], [ 20.677826, 40.126378 ], [ 20.690561, 40.150282 ], [ 20.677186, 40.167306 ], [ 20.678586, 40.184117 ], [ 20.707133, 40.201462 ], [ 20.722771, 40.224525 ], [ 20.713898, 40.279247 ], [ 20.736491, 40.307291 ], [ 20.758906, 40.319266 ], [ 20.762978, 40.338042 ], [ 20.778501, 40.348789 ], [ 20.816932, 40.337043 ], [ 20.840747, 40.341782 ], [ 20.854448, 40.371482 ], [ 20.864446, 40.375214 ], [ 20.880396, 40.330556 ], [ 20.92208, 40.294022 ], [ 20.987408, 40.211031 ], [ 20.985453, 40.194723 ], [ 20.996782, 40.186605 ], [ 21.004012, 40.154066 ], [ 20.960821, 40.131278 ], [ 21.009765, 40.058474 ], [ 21.057187, 40.065045 ], [ 21.08205, 40.054842 ], [ 21.081203, 40.017962 ], [ 21.070992, 40.002053 ], [ 21.02668, 39.993551 ], [ 21.078603, 39.944683 ], [ 21.098752, 39.880009 ], [ 21.161169, 39.86123 ], [ 21.181711, 39.876948 ], [ 21.232767, 39.88764 ], [ 21.275669, 39.874223 ], [ 21.2956, 39.857458 ], [ 21.266648, 39.852173 ], [ 21.248516, 39.810247 ], [ 21.227587, 39.80102 ], [ 21.228978, 39.736058 ], [ 21.247788, 39.718988 ], [ 21.24788, 39.700996 ], [ 21.170145, 39.714436 ], [ 21.124317, 39.679427 ], [ 21.127177, 39.667389 ], [ 21.151147, 39.647327 ], [ 21.153778, 39.621705 ], [ 21.181343, 39.611029 ], [ 21.191308, 39.584906 ], [ 21.201664, 39.527549 ], [ 21.18161, 39.501088 ] ] ] } }
]
}
