{
"type": "FeatureCollection",
"name": "regions_ES",
"crs": { "type": "name", "properties": { "name": "urn:ogc:def:crs:OGC:1.3:CRS84" } },
"features": [
{ "type": "Feature", "properties": { "loc": "ES412" }, "geometry": { "type": "MultiPolygon", "coordinates": [ [ [ [ -2.767563, 42.66703 ], [ -2.783985, 42.695945 ], [ -2.86443, 42.740982 ], [ -2.835128, 42.792403 ], [ -2.739384, 42.793562 ], [ -2.565357, 42.757501 ], [ -2.603082, 42.698024 ], [ -2.569597, 42.671002 ], [ -2.529816, 42.682129 ], [ -2.525329, 42.649902 ], [ -2.543935, 42.640256 ], [ -2.628559, 42.649887 ], [ -2.66028, 42.668297 ], [ -2.767563, 42.66703 ] ] ], [ [ [ -3.541596, 41.577602 ], [ -3.6712, 41.560011 ], [ -3.725224, 41.517146 ], [ -3.738115, 41.453816 ], [ -3.769036, 41.464561 ], [ -3.76943, 41.535548 ], [ -3.800349, 41.517961 ], [ -3.796088, 41.487125 ], [ -3.82164, 41.48295 ], [ -3.900248, 41.55444 ], [ -4.032339, 41.619833 ], [ -4.026952, 41.690148 ], [ -4.073594, 41.727888 ], [ -4.0409, 41.768344 ], [ -4.043631, 41.795139 ], [ -4.087833, 41.83193 ], [ -4.084466, 41.86952 ], [ -3.987195, 41.897854 ], [ -3.979586, 41.92875 ], [ -3.930733, 41.957891 ], [ -3.89471, 41.959632 ], [ -3.891539, 41.992191 ], [ -4.029853, 41.957388 ], [ -3.976785, 42.041413 ], [ -4.084223, 42.041115 ], [ -4.102057, 42.081586 ], [ -4.0604, 42.10072 ], [ -4.200838, 42.134123 ], [ -4.190964, 42.17464 ], [ -4.229362, 42.211186 ], [ -4.275033, 42.384072 ], [ -4.329232, 42.393497 ], [ -4.333862, 42.427804 ], [ -4.317335, 42.455189 ], [ -4.245955, 42.459735 ], [ -4.249552, 42.495366 ], [ -4.299708, 42.557275 ], [ -4.284177, 42.580754 ], [ -4.289507, 42.605546 ], [ -4.267816, 42.623395 ], [ -4.289651, 42.689978 ], [ -4.227244, 42.701936 ], [ -4.140289, 42.752259 ], [ -4.110335, 42.736017 ], [ -4.081359, 42.761417 ], [ -3.953814, 42.761243 ], [ -3.913364, 42.771483 ], [ -3.893971, 42.800373 ], [ -3.858229, 42.787824 ], [ -3.818779, 42.807783 ], [ -3.836802, 42.876648 ], [ -3.862522, 42.88345 ], [ -3.881958, 42.855159 ], [ -3.908721, 42.864979 ], [ -3.898101, 42.903217 ], [ -3.838076, 42.920764 ], [ -3.842368, 42.94075 ], [ -3.883425, 42.948112 ], [ -3.931361, 42.905041 ], [ -3.973816, 42.913614 ], [ -3.988242, 42.931863 ], [ -3.952241, 43.000288 ], [ -3.888128, 43.039916 ], [ -3.850949, 43.04322 ], [ -3.836826, 43.062225 ], [ -3.84539, 43.082141 ], [ -3.763324, 43.083422 ], [ -3.708544, 43.115209 ], [ -3.650538, 43.17866 ], [ -3.600488, 43.152237 ], [ -3.417681, 43.133369 ], [ -3.259968, 43.197235 ], [ -3.224093, 43.175152 ], [ -3.160626, 43.17669 ], [ -3.141396, 43.161483 ], [ -3.177163, 43.120841 ], [ -3.139154, 43.10077 ], [ -3.145906, 43.03646 ], [ -3.165088, 43.0177 ], [ -3.067786, 43.005098 ], [ -2.988404, 42.939247 ], [ -3.024857, 42.909298 ], [ -3.083202, 42.900912 ], [ -3.218706, 42.946978 ], [ -3.280829, 42.880548 ], [ -3.223577, 42.835601 ], [ -3.192749, 42.863211 ], [ -3.158963, 42.860063 ], [ -3.115286, 42.885511 ], [ -3.112427, 42.866472 ], [ -3.152534, 42.808301 ], [ -3.129145, 42.786453 ], [ -3.136687, 42.762496 ], [ -3.056916, 42.761268 ], [ -2.982507, 42.709777 ], [ -2.925106, 42.702688 ], [ -2.891481, 42.655146 ], [ -2.858117, 42.638168 ], [ -2.903971, 42.621387 ], [ -2.955876, 42.638854 ], [ -3.077166, 42.638445 ], [ -3.066262, 42.593155 ], [ -3.127236, 42.541795 ], [ -3.078675, 42.528791 ], [ -3.087758, 42.483692 ], [ -3.051162, 42.445545 ], [ -3.059957, 42.38289 ], [ -3.084391, 42.414632 ], [ -3.098604, 42.408272 ], [ -3.099106, 42.388696 ], [ -3.06912, 42.361016 ], [ -3.106061, 42.343734 ], [ -3.092966, 42.247023 ], [ -3.121186, 42.194571 ], [ -3.033695, 42.090737 ], [ -2.937807, 42.083202 ], [ -2.913637, 42.022838 ], [ -2.951187, 41.992169 ], [ -2.970762, 41.932243 ], [ -3.000861, 41.928406 ], [ -3.019388, 41.888938 ], [ -3.097867, 41.874237 ], [ -3.138961, 41.811639 ], [ -3.166451, 41.796065 ], [ -3.284844, 41.880437 ], [ -3.280809, 41.766139 ], [ -3.3493, 41.736395 ], [ -3.360688, 41.695539 ], [ -3.404617, 41.676876 ], [ -3.457105, 41.594439 ], [ -3.531778, 41.609841 ], [ -3.541596, 41.577602 ] ], [ [ -4.038185, 42.072796 ], [ -4.019156, 42.078888 ], [ -4.025386, 42.091825 ], [ -4.032389, 42.087588 ], [ -4.038185, 42.072796 ] ], [ [ -4.043754, 42.102827 ], [ -4.031515, 42.093046 ], [ -4.026801, 42.103199 ], [ -4.032485, 42.114445 ], [ -4.043754, 42.102827 ] ], [ [ -4.112886, 42.158887 ], [ -4.103419, 42.136715 ], [ -4.063734, 42.141344 ], [ -4.07594, 42.168532 ], [ -4.112886, 42.158887 ] ] ], [ [ [ -2.939926, 42.593897 ], [ -2.934525, 42.614662 ], [ -2.921963, 42.600646 ], [ -2.939926, 42.593897 ] ] ], [ [ [ -2.993771, 42.601821 ], [ -2.99586, 42.617667 ], [ -2.978126, 42.611149 ], [ -2.993771, 42.601821 ] ] ], [ [ [ -4.248696, 42.727625 ], [ -4.262726, 42.739553 ], [ -4.242551, 42.736156 ], [ -4.248696, 42.727625 ] ] ] ] } },
{ "type": "Feature", "properties": { "loc": "ES413" }, "geometry": { "type": "Polygon", "coordinates": [ [ [ -5.421605, 42.030666 ], [ -5.476239, 42.050202 ], [ -5.520905, 42.09713 ], [ -5.540688, 42.098657 ], [ -5.565028, 42.058311 ], [ -5.631628, 42.086475 ], [ -5.624141, 42.109 ], [ -5.669324, 42.139875 ], [ -5.68326, 42.137232 ], [ -5.681168, 42.121281 ], [ -5.718776, 42.115271 ], [ -5.766071, 42.13614 ], [ -5.847277, 42.113102 ], [ -5.896014, 42.15331 ], [ -5.957562, 42.125755 ], [ -6.042217, 42.159034 ], [ -6.159752, 42.163687 ], [ -6.209886, 42.149749 ], [ -6.291974, 42.179714 ], [ -6.313186, 42.204583 ], [ -6.497843, 42.184455 ], [ -6.534539, 42.20383 ], [ -6.711521, 42.212059 ], [ -6.784308, 42.253608 ], [ -6.740326, 42.303728 ], [ -6.736831, 42.356562 ], [ -6.838086, 42.401706 ], [ -6.81118, 42.465691 ], [ -6.826252, 42.489991 ], [ -6.923609, 42.517113 ], [ -6.958346, 42.515871 ], [ -6.978151, 42.494663 ], [ -7.076834, 42.508124 ], [ -7.039276, 42.583106 ], [ -7.044694, 42.627009 ], [ -7.01527, 42.647456 ], [ -7.037095, 42.698939 ], [ -6.87244, 42.786451 ], [ -6.843832, 42.827852 ], [ -6.867854, 42.871092 ], [ -6.826722, 42.874953 ], [ -6.84072, 42.908055 ], [ -6.779785, 42.901736 ], [ -6.764062, 42.883463 ], [ -6.685776, 42.922354 ], [ -6.491533, 42.922982 ], [ -6.439942, 42.942241 ], [ -6.437942, 42.963058 ], [ -6.47109, 42.96958 ], [ -6.475293, 42.988008 ], [ -6.418837, 42.993069 ], [ -6.392276, 43.037483 ], [ -6.360418, 43.056089 ], [ -6.232687, 43.011975 ], [ -6.210905, 43.043964 ], [ -6.180735, 43.046717 ], [ -6.134688, 43.023315 ], [ -6.100408, 43.031052 ], [ -6.081151, 43.072935 ], [ -6.020014, 43.056371 ], [ -5.978852, 43.064713 ], [ -5.957503, 43.021804 ], [ -5.911863, 42.994022 ], [ -5.801701, 42.964084 ], [ -5.766706, 42.971957 ], [ -5.728086, 43.039324 ], [ -5.691053, 43.055094 ], [ -5.543085, 43.019831 ], [ -5.493631, 43.024412 ], [ -5.47567, 43.051396 ], [ -5.393909, 43.049761 ], [ -5.36655, 43.093752 ], [ -5.286609, 43.079271 ], [ -5.152228, 43.112194 ], [ -5.104344, 43.103111 ], [ -5.07353, 43.178745 ], [ -4.998606, 43.176043 ], [ -4.906886, 43.236547 ], [ -4.869157, 43.225326 ], [ -4.841038, 43.180709 ], [ -4.843891, 43.120841 ], [ -4.740062, 43.051144 ], [ -4.737023, 43.020923 ], [ -4.791649, 42.987687 ], [ -4.810097, 42.931984 ], [ -4.864304, 42.867027 ], [ -4.89746, 42.859756 ], [ -4.897797, 42.788238 ], [ -4.934071, 42.748241 ], [ -4.875322, 42.706745 ], [ -4.898103, 42.674186 ], [ -4.914635, 42.556115 ], [ -4.889869, 42.529555 ], [ -4.913487, 42.437298 ], [ -4.907369, 42.387237 ], [ -4.969475, 42.374366 ], [ -4.976488, 42.34225 ], [ -4.945167, 42.342483 ], [ -4.960139, 42.295191 ], [ -5.035507, 42.29488 ], [ -5.058998, 42.259458 ], [ -5.110673, 42.310444 ], [ -5.187894, 42.26353 ], [ -5.236484, 42.270324 ], [ -5.250114, 42.239684 ], [ -5.230558, 42.225094 ], [ -5.244213, 42.215058 ], [ -5.290957, 42.226424 ], [ -5.313451, 42.202239 ], [ -5.382412, 42.222415 ], [ -5.376311, 42.041458 ], [ -5.421605, 42.030666 ] ], [ [ -5.329501, 42.273386 ], [ -5.341055, 42.233601 ], [ -5.317089, 42.241624 ], [ -5.301762, 42.269218 ], [ -5.329501, 42.273386 ] ] ] } },
{ "type": "Feature", "properties": { "loc": "ES514" }, "geometry": { "type": "MultiPolygon", "coordinates": [ [ [ [ 1.392941, 41.575081 ], [ 1.448562, 41.569941 ], [ 1.435625, 41.556494 ], [ 1.446357, 41.539523 ], [ 1.405173, 41.531212 ], [ 1.399371, 41.512535 ], [ 1.483242, 41.471952 ], [ 1.472435, 41.443316 ], [ 1.481802, 41.385451 ], [ 1.516837, 41.391179 ], [ 1.572824, 41.36414 ], [ 1.561994, 41.34343 ], [ 1.57463, 41.318872 ], [ 1.595749, 41.292924 ], [ 1.627036, 41.28684 ], [ 1.618776, 41.255706 ], [ 1.581695, 41.257996 ], [ 1.578628, 41.245624 ], [ 1.620834, 41.224942 ], [ 1.642693, 41.231082 ], [ 1.645324, 41.195621 ], [ 1.231376, 41.108119 ], [ 1.167484, 41.060376 ], [ 1.103841, 41.071088 ], [ 0.975766, 41.0329 ], [ 0.70572, 40.802813 ], [ 0.733523, 40.770192 ], [ 0.765737, 40.769167 ], [ 0.756432, 40.785352 ], [ 0.769012, 40.788301 ], [ 0.834402, 40.733346 ], [ 0.877, 40.726337 ], [ 0.873748, 40.70082 ], [ 0.753554, 40.638587 ], [ 0.601469, 40.618419 ], [ 0.542371, 40.569271 ], [ 0.515239, 40.522918 ], [ 0.442259, 40.546114 ], [ 0.439046, 40.577385 ], [ 0.397825, 40.60261 ], [ 0.279768, 40.631205 ], [ 0.26797, 40.652523 ], [ 0.286821, 40.690075 ], [ 0.237644, 40.704084 ], [ 0.222835, 40.730089 ], [ 0.17079, 40.732837 ], [ 0.273919, 40.822169 ], [ 0.243383, 40.885513 ], [ 0.288949, 40.970353 ], [ 0.26915, 41.02466 ], [ 0.222443, 41.045545 ], [ 0.202225, 41.089974 ], [ 0.205717, 41.126246 ], [ 0.293705, 41.159214 ], [ 0.321973, 41.221382 ], [ 0.378712, 41.24184 ], [ 0.385724, 41.278839 ], [ 0.429118, 41.277457 ], [ 0.437296, 41.31853 ], [ 0.460458, 41.332361 ], [ 0.507613, 41.290669 ], [ 0.555092, 41.32489 ], [ 0.623459, 41.292392 ], [ 0.767565, 41.332319 ], [ 0.814799, 41.329033 ], [ 0.840892, 41.359833 ], [ 0.866884, 41.33994 ], [ 0.953098, 41.3527 ], [ 1.071143, 41.458433 ], [ 1.041537, 41.478221 ], [ 1.047755, 41.495894 ], [ 1.113235, 41.469742 ], [ 1.177, 41.488087 ], [ 1.171929, 41.537144 ], [ 1.222657, 41.568409 ], [ 1.389498, 41.557846 ], [ 1.392941, 41.575081 ] ] ], [ [ [ 0.672583, 40.593212 ], [ 0.708822, 40.585017 ], [ 0.649893, 40.554857 ], [ 0.608536, 40.558896 ], [ 0.596813, 40.573735 ], [ 0.672583, 40.593212 ] ] ] ] } },
{ "type": "Feature", "properties": { "loc": "ES521" }, "geometry": { "type": "Polygon", "coordinates": [ [ [ -1.02687, 38.655509 ], [ -0.962998, 38.658272 ], [ -0.92219, 38.68932 ], [ -0.958874, 38.771106 ], [ -0.928884, 38.78384 ], [ -0.861448, 38.768219 ], [ -0.830169, 38.734911 ], [ -0.734813, 38.755995 ], [ -0.650676, 38.726913 ], [ -0.619297, 38.691683 ], [ -0.51174, 38.746317 ], [ -0.530515, 38.762424 ], [ -0.57322, 38.763283 ], [ -0.589222, 38.785884 ], [ -0.58011, 38.798478 ], [ -0.465189, 38.808669 ], [ -0.306923, 38.879006 ], [ -0.223402, 38.855679 ], [ -0.164299, 38.880865 ], [ -0.146229, 38.862167 ], [ -0.076266, 38.881203 ], [ -0.03737, 38.861496 ], [ -0.037616, 38.886413 ], [ 0.092525, 38.854117 ], [ 0.183901, 38.809796 ], [ 0.189756, 38.780598 ], [ 0.22721, 38.738851 ], [ 0.172987, 38.713341 ], [ 0.149689, 38.684195 ], [ 0.096056, 38.669317 ], [ 0.075287, 38.638019 ], [ -0.025571, 38.618693 ], [ -0.090663, 38.53084 ], [ -0.150364, 38.532588 ], [ -0.362003, 38.448136 ], [ -0.400502, 38.406643 ], [ -0.410089, 38.35641 ], [ -0.450864, 38.357822 ], [ -0.503954, 38.329056 ], [ -0.518756, 38.28962 ], [ -0.513935, 38.204935 ], [ -0.618319, 38.165271 ], [ -0.638026, 38.125353 ], [ -0.652485, 37.995421 ], [ -0.694684, 37.966778 ], [ -0.745727, 37.899585 ], [ -0.762135, 37.847008 ], [ -0.829326, 37.865459 ], [ -0.897356, 37.921012 ], [ -1.027366, 38.089969 ], [ -1.034314, 38.138225 ], [ -0.989431, 38.199646 ], [ -0.969128, 38.279982 ], [ -0.994889, 38.323004 ], [ -1.082327, 38.348113 ], [ -1.087886, 38.379716 ], [ -1.084808, 38.439637 ], [ -1.016181, 38.497567 ], [ -1.023802, 38.522981 ], [ -1.003366, 38.574882 ], [ -1.02687, 38.655509 ] ] ] } },
{ "type": "Feature", "properties": { "loc": "ES522" }, "geometry": { "type": "Polygon", "coordinates": [ [ [ -0.72532, 39.816139 ], [ -0.835395, 39.917409 ], [ -0.838435, 39.970312 ], [ -0.787187, 39.993185 ], [ -0.757292, 40.042745 ], [ -0.678687, 40.046717 ], [ -0.61663, 40.072732 ], [ -0.625631, 40.104486 ], [ -0.580694, 40.140307 ], [ -0.544339, 40.247004 ], [ -0.49572, 40.230533 ], [ -0.396159, 40.258597 ], [ -0.393364, 40.301217 ], [ -0.283047, 40.370241 ], [ -0.344471, 40.44358 ], [ -0.2764, 40.475902 ], [ -0.299656, 40.515489 ], [ -0.294261, 40.606804 ], [ -0.37069, 40.616519 ], [ -0.378415, 40.661669 ], [ -0.330774, 40.678948 ], [ -0.306968, 40.662107 ], [ -0.239705, 40.692637 ], [ -0.225085, 40.748955 ], [ -0.189893, 40.784685 ], [ -0.14823, 40.784406 ], [ -0.128675, 40.755838 ], [ -0.069837, 40.729703 ], [ 0.012726, 40.727536 ], [ 0.03667, 40.692775 ], [ 0.102577, 40.72388 ], [ 0.222835, 40.730089 ], [ 0.237644, 40.704084 ], [ 0.286821, 40.690075 ], [ 0.26797, 40.652523 ], [ 0.279768, 40.631205 ], [ 0.397825, 40.60261 ], [ 0.439046, 40.577385 ], [ 0.442259, 40.546114 ], [ 0.515239, 40.522918 ], [ 0.417571, 40.398272 ], [ 0.404414, 40.35806 ], [ 0.283096, 40.247058 ], [ 0.26021, 40.207401 ], [ 0.197281, 40.176122 ], [ 0.143516, 40.083455 ], [ 0.058338, 40.041195 ], [ -0.010778, 39.911697 ], [ -0.083828, 39.854559 ], [ -0.188467, 39.721954 ], [ -0.263174, 39.745999 ], [ -0.329779, 39.801065 ], [ -0.380521, 39.796672 ], [ -0.401561, 39.754004 ], [ -0.454006, 39.717108 ], [ -0.535387, 39.795494 ], [ -0.568115, 39.781511 ], [ -0.590369, 39.743543 ], [ -0.631999, 39.747127 ], [ -0.650608, 39.756796 ], [ -0.659716, 39.836939 ], [ -0.691042, 39.849813 ], [ -0.72532, 39.816139 ] ] ] } },
{ "type": "Feature", "properties": { "loc": "ES523" }, "geometry": { "type": "MultiPolygon", "coordinates": [ [ [ [ -0.188467, 39.721954 ], [ -0.210367, 39.657092 ], [ -0.258232, 39.614717 ], [ -0.313323, 39.523859 ], [ -0.333577, 39.4222 ], [ -0.296217, 39.317659 ], [ -0.222618, 39.188442 ], [ -0.237937, 39.146267 ], [ -0.199563, 39.059442 ], [ -0.142457, 38.97898 ], [ -0.030079, 38.869781 ], [ -0.076266, 38.881203 ], [ -0.146229, 38.862167 ], [ -0.164299, 38.880865 ], [ -0.223402, 38.855679 ], [ -0.306923, 38.879006 ], [ -0.465189, 38.808669 ], [ -0.58011, 38.798478 ], [ -0.589222, 38.785884 ], [ -0.57322, 38.763283 ], [ -0.530515, 38.762424 ], [ -0.51174, 38.746317 ], [ -0.619297, 38.691683 ], [ -0.650676, 38.726913 ], [ -0.734813, 38.755995 ], [ -0.830169, 38.734911 ], [ -0.861448, 38.768219 ], [ -0.928884, 38.78384 ], [ -0.927394, 38.890054 ], [ -0.961651, 38.942421 ], [ -1.1437, 38.930328 ], [ -1.26447, 39.049349 ], [ -1.253751, 39.104911 ], [ -1.18058, 39.214598 ], [ -1.166484, 39.306335 ], [ -1.343373, 39.337495 ], [ -1.416283, 39.378265 ], [ -1.44789, 39.363976 ], [ -1.456421, 39.394947 ], [ -1.505146, 39.418014 ], [ -1.524331, 39.452354 ], [ -1.503078, 39.498994 ], [ -1.501558, 39.562554 ], [ -1.462542, 39.577788 ], [ -1.419832, 39.65186 ], [ -1.373893, 39.685747 ], [ -1.311781, 39.671289 ], [ -1.2745, 39.684054 ], [ -1.272215, 39.739724 ], [ -1.218404, 39.805369 ], [ -1.200422, 39.860984 ], [ -1.205904, 39.943577 ], [ -1.142361, 39.971855 ], [ -0.994349, 39.981106 ], [ -0.920162, 39.961133 ], [ -0.905016, 39.935209 ], [ -0.908796, 39.870434 ], [ -0.863706, 39.849991 ], [ -0.797643, 39.881076 ], [ -0.72532, 39.816139 ], [ -0.691042, 39.849813 ], [ -0.659716, 39.836939 ], [ -0.650608, 39.756796 ], [ -0.631999, 39.747127 ], [ -0.590369, 39.743543 ], [ -0.568115, 39.781511 ], [ -0.535387, 39.795494 ], [ -0.454006, 39.717108 ], [ -0.401561, 39.754004 ], [ -0.380521, 39.796672 ], [ -0.329779, 39.801065 ], [ -0.263174, 39.745999 ], [ -0.188467, 39.721954 ] ] ], [ [ [ -1.086989, 40.036149 ], [ -1.249328, 39.996161 ], [ -1.375197, 40.01595 ], [ -1.411797, 40.102734 ], [ -1.454436, 40.135632 ], [ -1.352894, 40.131541 ], [ -1.321173, 40.148385 ], [ -1.319753, 40.191308 ], [ -1.296262, 40.204587 ], [ -1.280891, 40.16773 ], [ -1.246741, 40.143174 ], [ -1.245101, 40.118564 ], [ -1.150897, 40.113253 ], [ -1.075644, 40.062857 ], [ -1.086989, 40.036149 ] ] ] ] } },
{ "type": "Feature", "properties": { "loc": "ES531" }, "geometry": { "type": "MultiPolygon", "coordinates": [ [ [ [ 1.649649, 39.045794 ], [ 1.648797, 39.029276 ], [ 1.638581, 39.029724 ], [ 1.634482, 39.041302 ], [ 1.649649, 39.045794 ] ] ], [ [ [ 1.516811, 39.115899 ], [ 1.602117, 39.090753 ], [ 1.588647, 39.063067 ], [ 1.615926, 39.026457 ], [ 1.586556, 39.015033 ], [ 1.578685, 38.990809 ], [ 1.533538, 38.981759 ], [ 1.526375, 38.946068 ], [ 1.422737, 38.904373 ], [ 1.4041, 38.876798 ], [ 1.403925, 38.834627 ], [ 1.371814, 38.833767 ], [ 1.343933, 38.87012 ], [ 1.272292, 38.878642 ], [ 1.247856, 38.857639 ], [ 1.225591, 38.874138 ], [ 1.214132, 38.898858 ], [ 1.234981, 38.937859 ], [ 1.216068, 38.958227 ], [ 1.230196, 38.971703 ], [ 1.302148, 38.969468 ], [ 1.284539, 38.999062 ], [ 1.311023, 39.043675 ], [ 1.425289, 39.09182 ], [ 1.439531, 39.082086 ], [ 1.490197, 39.109786 ], [ 1.496423, 39.099456 ], [ 1.516811, 39.115899 ] ] ], [ [ [ 1.437307, 38.752518 ], [ 1.514219, 38.679147 ], [ 1.56885, 38.690388 ], [ 1.583017, 38.66261 ], [ 1.525081, 38.653676 ], [ 1.451553, 38.684643 ], [ 1.390611, 38.644004 ], [ 1.382016, 38.719174 ], [ 1.395545, 38.731989 ], [ 1.415424, 38.723501 ], [ 1.437307, 38.752518 ] ] ], [ [ [ 1.485519, 38.797444 ], [ 1.472188, 38.791044 ], [ 1.467002, 38.800142 ], [ 1.473189, 38.807189 ], [ 1.485519, 38.797444 ] ] ], [ [ [ 1.432562, 38.784709 ], [ 1.419357, 38.778198 ], [ 1.421363, 38.799432 ], [ 1.432562, 38.784709 ] ] ], [ [ [ 1.214787, 38.993668 ], [ 1.214698, 38.971642 ], [ 1.202812, 38.982963 ], [ 1.214787, 38.993668 ] ] ], [ [ [ 1.198294, 38.875718 ], [ 1.202934, 38.860153 ], [ 1.187118, 38.866346 ], [ 1.198294, 38.875718 ] ] ] ] } },
{ "type": "Feature", "properties": { "loc": "ES532" }, "geometry": { "type": "MultiPolygon", "coordinates": [ [ [ [ 3.209725, 39.957434 ], [ 3.080323, 39.893424 ], [ 3.104988, 39.859464 ], [ 3.18848, 39.88622 ], [ 3.180864, 39.844442 ], [ 3.120679, 39.829926 ], [ 3.143941, 39.775424 ], [ 3.252226, 39.730798 ], [ 3.324749, 39.759739 ], [ 3.347721, 39.786114 ], [ 3.455724, 39.742721 ], [ 3.473087, 39.714926 ], [ 3.435004, 39.636588 ], [ 3.393805, 39.62084 ], [ 3.397548, 39.579039 ], [ 3.298764, 39.500797 ], [ 3.242803, 39.37756 ], [ 3.064938, 39.267654 ], [ 2.989538, 39.318379 ], [ 2.985983, 39.341002 ], [ 2.958911, 39.360626 ], [ 2.785818, 39.366801 ], [ 2.741598, 39.410757 ], [ 2.745305, 39.441425 ], [ 2.72545, 39.474657 ], [ 2.746734, 39.510947 ], [ 2.684028, 39.553861 ], [ 2.636306, 39.567039 ], [ 2.62184, 39.548478 ], [ 2.545966, 39.524883 ], [ 2.51495, 39.460144 ], [ 2.481175, 39.473936 ], [ 2.452627, 39.534588 ], [ 2.357782, 39.527996 ], [ 2.3763, 39.546364 ], [ 2.3515, 39.563208 ], [ 2.347672, 39.587659 ], [ 2.364039, 39.609694 ], [ 2.581243, 39.714543 ], [ 2.673067, 39.793522 ], [ 2.78238, 39.854514 ], [ 2.84366, 39.864313 ], [ 2.949572, 39.91603 ], [ 2.981086, 39.910227 ], [ 3.028537, 39.932684 ], [ 3.069799, 39.923027 ], [ 3.170166, 39.959235 ], [ 3.209725, 39.957434 ] ] ], [ [ [ 2.976661, 39.156869 ], [ 2.947115, 39.124011 ], [ 2.912263, 39.142787 ], [ 2.936168, 39.143798 ], [ 2.95074, 39.166673 ], [ 2.976661, 39.156869 ] ] ], [ [ [ 2.960894, 39.191886 ], [ 2.966714, 39.173423 ], [ 2.955345, 39.179928 ], [ 2.960894, 39.191886 ] ] ], [ [ [ 2.337447, 39.597441 ], [ 2.317972, 39.575723 ], [ 2.308323, 39.578522 ], [ 2.337447, 39.597441 ] ] ] ] } },
{ "type": "Feature", "properties": { "loc": "ES533" }, "geometry": { "type": "Polygon", "coordinates": [ [ [ 4.095961, 40.082709 ], [ 4.103335, 40.046416 ], [ 4.13074, 40.057014 ], [ 4.126414, 40.028012 ], [ 4.139806, 40.03556 ], [ 4.138644, 40.066837 ], [ 4.170367, 40.060754 ], [ 4.170508, 40.026861 ], [ 4.188004, 40.032298 ], [ 4.199005, 40.007549 ], [ 4.260703, 39.996736 ], [ 4.266329, 39.95403 ], [ 4.290392, 39.961967 ], [ 4.276499, 39.93384 ], [ 4.317081, 39.877053 ], [ 4.295344, 39.879157 ], [ 4.30802, 39.849415 ], [ 4.287981, 39.815493 ], [ 4.207143, 39.825764 ], [ 4.076652, 39.896785 ], [ 3.957265, 39.938584 ], [ 3.823144, 39.923017 ], [ 3.828661, 39.993595 ], [ 3.796753, 39.99894 ], [ 3.791761, 40.017531 ], [ 3.822038, 40.050213 ], [ 4.032361, 40.064366 ], [ 4.050903, 40.05355 ], [ 4.095961, 40.082709 ] ] ] } },
{ "type": "Feature", "properties": { "loc": "ES611" }, "geometry": { "type": "Polygon", "coordinates": [ [ [ -1.630033, 37.375183 ], [ -1.67785, 37.350253 ], [ -1.803438, 37.215699 ], [ -1.902119, 36.946232 ], [ -1.990057, 36.891665 ], [ -2.005918, 36.841689 ], [ -2.129963, 36.732305 ], [ -2.193908, 36.724598 ], [ -2.289913, 36.817773 ], [ -2.360528, 36.840948 ], [ -2.426822, 36.813181 ], [ -2.473437, 36.834903 ], [ -2.562395, 36.814603 ], [ -2.633673, 36.714408 ], [ -2.702906, 36.683797 ], [ -2.768693, 36.681865 ], [ -2.812343, 36.704348 ], [ -2.852679, 36.697998 ], [ -2.923482, 36.750436 ], [ -2.977129, 36.739842 ], [ -3.128691, 36.750888 ], [ -3.135171, 36.789472 ], [ -3.031027, 36.844946 ], [ -3.067122, 36.90897 ], [ -2.978986, 36.976293 ], [ -3.026629, 37.111025 ], [ -2.99029, 37.094524 ], [ -2.949546, 37.099212 ], [ -2.927226, 37.154189 ], [ -2.897734, 37.167877 ], [ -2.86857, 37.244227 ], [ -2.833261, 37.278933 ], [ -2.782202, 37.261266 ], [ -2.757864, 37.227976 ], [ -2.662488, 37.214181 ], [ -2.663166, 37.290089 ], [ -2.634501, 37.393813 ], [ -2.512849, 37.478304 ], [ -2.463684, 37.489356 ], [ -2.453722, 37.508087 ], [ -2.36243, 37.52407 ], [ -2.370883, 37.597504 ], [ -2.389351, 37.628315 ], [ -2.312304, 37.631115 ], [ -2.323126, 37.690787 ], [ -2.279518, 37.772418 ], [ -2.299548, 37.807551 ], [ -2.293661, 37.874953 ], [ -2.207631, 37.916588 ], [ -2.171408, 37.889855 ], [ -2.12803, 37.899264 ], [ -2.095245, 37.878347 ], [ -1.978614, 37.869956 ], [ -2.006536, 37.780862 ], [ -1.998427, 37.732171 ], [ -2.011534, 37.691677 ], [ -1.974969, 37.617613 ], [ -1.839666, 37.451749 ], [ -1.817227, 37.439355 ], [ -1.801471, 37.451756 ], [ -1.736508, 37.441303 ], [ -1.630033, 37.375183 ] ] ] } },
{ "type": "Feature", "properties": { "loc": "ES612" }, "geometry": { "type": "MultiPolygon", "coordinates": [ [ [ [ -6.345561, 36.798767 ], [ -6.345854, 36.885115 ], [ -6.279352, 36.909043 ], [ -6.163754, 36.88724 ], [ -6.093898, 36.856526 ], [ -5.895603, 36.84435 ], [ -5.878017, 36.888913 ], [ -5.847572, 36.91197 ], [ -5.71333, 36.921632 ], [ -5.670187, 36.972442 ], [ -5.61819, 36.944385 ], [ -5.592427, 36.946915 ], [ -5.580576, 36.915207 ], [ -5.542194, 36.899591 ], [ -5.546329, 36.924965 ], [ -5.472307, 36.983925 ], [ -5.50751, 37.029958 ], [ -5.440493, 37.051067 ], [ -5.422728, 37.010868 ], [ -5.457626, 36.974486 ], [ -5.434236, 36.936926 ], [ -5.305402, 37.034062 ], [ -5.233102, 36.943385 ], [ -5.142423, 37.003891 ], [ -5.101402, 36.97081 ], [ -5.089715, 36.910351 ], [ -5.134197, 36.841021 ], [ -5.176549, 36.825814 ], [ -5.269614, 36.880966 ], [ -5.298523, 36.869638 ], [ -5.338431, 36.821977 ], [ -5.294543, 36.772659 ], [ -5.324258, 36.721122 ], [ -5.327794, 36.673704 ], [ -5.379811, 36.633631 ], [ -5.454539, 36.616689 ], [ -5.464428, 36.586861 ], [ -5.524836, 36.531692 ], [ -5.581341, 36.548458 ], [ -5.609101, 36.540449 ], [ -5.602007, 36.51121 ], [ -5.52909, 36.501742 ], [ -5.488639, 36.535041 ], [ -5.432757, 36.532388 ], [ -5.343735, 36.411029 ], [ -5.319887, 36.329174 ], [ -5.280979, 36.335833 ], [ -5.252405, 36.311275 ], [ -5.314498, 36.231301 ], [ -5.339225, 36.152035 ], [ -5.38861, 36.178331 ], [ -5.428552, 36.172297 ], [ -5.445564, 36.14499 ], [ -5.433407, 36.071318 ], [ -5.604566, 36.010511 ], [ -5.679496, 36.063228 ], [ -5.800217, 36.082549 ], [ -5.913199, 36.182621 ], [ -6.035735, 36.185335 ], [ -6.103128, 36.283484 ], [ -6.147954, 36.303524 ], [ -6.252896, 36.457918 ], [ -6.217212, 36.469339 ], [ -6.17537, 36.518119 ], [ -6.242326, 36.510602 ], [ -6.2526, 36.524237 ], [ -6.231839, 36.535794 ], [ -6.231358, 36.579305 ], [ -6.264057, 36.581701 ], [ -6.298563, 36.615648 ], [ -6.386689, 36.629021 ], [ -6.436949, 36.716278 ], [ -6.436928, 36.741605 ], [ -6.345561, 36.798767 ] ] ], [ [ [ -6.263414, 36.487912 ], [ -6.289543, 36.522725 ], [ -6.304511, 36.532527 ], [ -6.279354, 36.52984 ], [ -6.263414, 36.487912 ] ] ] ] } },
{ "type": "Feature", "properties": { "loc": "ES613" }, "geometry": { "type": "MultiPolygon", "coordinates": [ [ [ [ -4.451252, 38.403146 ], [ -4.239892, 38.33786 ], [ -4.212738, 38.297843 ], [ -4.213842, 38.250825 ], [ -4.164738, 38.149214 ], [ -4.281983, 38.016683 ], [ -4.258664, 37.939865 ], [ -4.28519, 37.800608 ], [ -4.213108, 37.781043 ], [ -4.2368, 37.72293 ], [ -4.184676, 37.705753 ], [ -4.167733, 37.684658 ], [ -4.222445, 37.641438 ], [ -4.216896, 37.620245 ], [ -4.175048, 37.609384 ], [ -4.096498, 37.515496 ], [ -4.064092, 37.505758 ], [ -4.083322, 37.483714 ], [ -4.046207, 37.463706 ], [ -4.000835, 37.402115 ], [ -4.098244, 37.400142 ], [ -4.156156, 37.344233 ], [ -4.207831, 37.352524 ], [ -4.236632, 37.335147 ], [ -4.236743, 37.297745 ], [ -4.262512, 37.260052 ], [ -4.256318, 37.22974 ], [ -4.294744, 37.200057 ], [ -4.32764, 37.184356 ], [ -4.327933, 37.204878 ], [ -4.373031, 37.219028 ], [ -4.380671, 37.27013 ], [ -4.419119, 37.280099 ], [ -4.527497, 37.214835 ], [ -4.599274, 37.21126 ], [ -4.619553, 37.253902 ], [ -4.653374, 37.255855 ], [ -4.69182, 37.340279 ], [ -4.71652, 37.34845 ], [ -4.776213, 37.333219 ], [ -4.814577, 37.357399 ], [ -4.84735, 37.430563 ], [ -4.878887, 37.442966 ], [ -4.936731, 37.521174 ], [ -4.936015, 37.607153 ], [ -5.010591, 37.705944 ], [ -5.06194, 37.709839 ], [ -5.089306, 37.676114 ], [ -5.114357, 37.694002 ], [ -5.123629, 37.667438 ], [ -5.18829, 37.672973 ], [ -5.347918, 37.592289 ], [ -5.405411, 37.643722 ], [ -5.406605, 37.681991 ], [ -5.314281, 37.704749 ], [ -5.313319, 37.764575 ], [ -5.344138, 37.798078 ], [ -5.351392, 37.838537 ], [ -5.412212, 37.877416 ], [ -5.424111, 37.944893 ], [ -5.478413, 37.985007 ], [ -5.502474, 38.046974 ], [ -5.584845, 38.131752 ], [ -5.541839, 38.163114 ], [ -5.522616, 38.211636 ], [ -5.529659, 38.265401 ], [ -5.572872, 38.331274 ], [ -5.566847, 38.370765 ], [ -5.584095, 38.394411 ], [ -5.566981, 38.43294 ], [ -5.48938, 38.463763 ], [ -5.418977, 38.516504 ], [ -5.368387, 38.582627 ], [ -5.312696, 38.579492 ], [ -5.293426, 38.607884 ], [ -5.187211, 38.663583 ], [ -5.170506, 38.68008 ], [ -5.1813, 38.717232 ], [ -5.097075, 38.70945 ], [ -5.046996, 38.729133 ], [ -5.015204, 38.719553 ], [ -4.9946, 38.692832 ], [ -4.875812, 38.684326 ], [ -4.857043, 38.614649 ], [ -4.709943, 38.570219 ], [ -4.627737, 38.525123 ], [ -4.601431, 38.491636 ], [ -4.512232, 38.460878 ], [ -4.451252, 38.403146 ] ] ], [ [ [ -5.047997, 37.608076 ], [ -5.043672, 37.633343 ], [ -5.031387, 37.639745 ], [ -5.029333, 37.61101 ], [ -5.047997, 37.608076 ] ] ], [ [ [ -5.070696, 37.640757 ], [ -5.05136, 37.643036 ], [ -5.049402, 37.630268 ], [ -5.070696, 37.640757 ] ] ] ] } },
{ "type": "Feature", "properties": { "loc": "ES414" }, "geometry": { "type": "MultiPolygon", "coordinates": [ [ [ [ -4.0409, 41.768344 ], [ -4.098883, 41.777791 ], [ -4.123394, 41.804949 ], [ -4.235565, 41.809144 ], [ -4.318396, 41.765968 ], [ -4.38969, 41.785463 ], [ -4.453484, 41.759658 ], [ -4.497561, 41.772963 ], [ -4.475867, 41.838823 ], [ -4.56979, 41.815653 ], [ -4.665289, 41.898496 ], [ -4.786099, 41.819873 ], [ -4.873178, 41.930827 ], [ -4.920407, 41.916501 ], [ -4.950504, 41.93178 ], [ -4.98406, 41.914134 ], [ -5.002863, 41.948702 ], [ -4.968443, 42.002098 ], [ -4.939166, 42.018562 ], [ -4.946641, 42.05278 ], [ -4.912588, 42.083576 ], [ -4.930388, 42.149005 ], [ -4.994298, 42.146315 ], [ -5.02889, 42.172815 ], [ -5.002154, 42.289104 ], [ -4.960139, 42.295191 ], [ -4.94597, 42.320579 ], [ -4.945167, 42.342483 ], [ -4.976488, 42.34225 ], [ -4.969475, 42.374366 ], [ -4.907369, 42.387237 ], [ -4.913487, 42.437298 ], [ -4.889869, 42.529555 ], [ -4.914635, 42.556115 ], [ -4.898103, 42.674186 ], [ -4.875322, 42.706745 ], [ -4.934071, 42.748241 ], [ -4.897797, 42.788238 ], [ -4.89746, 42.859756 ], [ -4.864304, 42.867027 ], [ -4.810097, 42.931984 ], [ -4.791649, 42.987687 ], [ -4.737023, 43.020923 ], [ -4.560121, 43.023654 ], [ -4.443113, 43.054649 ], [ -4.398307, 43.032309 ], [ -4.346984, 42.975471 ], [ -4.2451, 42.955104 ], [ -4.217629, 42.854248 ], [ -4.133429, 42.856151 ], [ -4.140487, 42.835303 ], [ -4.184985, 42.809949 ], [ -4.147677, 42.792929 ], [ -4.117641, 42.793495 ], [ -4.108243, 42.818537 ], [ -4.090888, 42.808538 ], [ -4.081359, 42.761417 ], [ -4.110335, 42.736017 ], [ -4.140289, 42.752259 ], [ -4.227244, 42.701936 ], [ -4.289651, 42.689978 ], [ -4.267816, 42.623395 ], [ -4.289507, 42.605546 ], [ -4.284177, 42.580754 ], [ -4.299708, 42.557275 ], [ -4.249552, 42.495366 ], [ -4.245955, 42.459735 ], [ -4.317335, 42.455189 ], [ -4.333862, 42.427804 ], [ -4.31944, 42.3817 ], [ -4.275033, 42.384072 ], [ -4.229362, 42.211186 ], [ -4.190964, 42.17464 ], [ -4.200838, 42.134123 ], [ -4.0604, 42.10072 ], [ -4.102057, 42.081586 ], [ -4.084223, 42.041115 ], [ -3.976785, 42.041413 ], [ -4.029853, 41.957388 ], [ -3.891539, 41.992191 ], [ -3.89471, 41.959632 ], [ -3.930733, 41.957891 ], [ -3.979586, 41.92875 ], [ -3.987195, 41.897854 ], [ -4.084466, 41.86952 ], [ -4.087833, 41.83193 ], [ -4.043631, 41.795139 ], [ -4.0409, 41.768344 ] ], [ [ -4.262726, 42.739553 ], [ -4.248696, 42.727625 ], [ -4.242551, 42.736156 ], [ -4.262726, 42.739553 ] ] ], [ [ [ -4.04593, 42.766567 ], [ -4.047388, 42.782737 ], [ -4.007195, 42.829937 ], [ -3.99967, 42.768932 ], [ -4.04593, 42.766567 ] ] ], [ [ [ -4.038185, 42.072796 ], [ -4.032389, 42.087588 ], [ -4.025386, 42.091825 ], [ -4.019156, 42.078888 ], [ -4.038185, 42.072796 ] ] ], [ [ [ -4.043754, 42.102827 ], [ -4.032485, 42.114445 ], [ -4.026801, 42.103199 ], [ -4.031515, 42.093046 ], [ -4.043754, 42.102827 ] ] ], [ [ [ -4.112886, 42.158887 ], [ -4.07594, 42.168532 ], [ -4.063734, 42.141344 ], [ -4.103419, 42.136715 ], [ -4.112886, 42.158887 ] ] ] ] } },
{ "type": "Feature", "properties": { "loc": "ES614" }, "geometry": { "type": "Polygon", "coordinates": [ [ [ -3.128691, 36.750888 ], [ -3.330663, 36.739559 ], [ -3.428127, 36.695038 ], [ -3.47809, 36.697733 ], [ -3.522699, 36.72254 ], [ -3.558304, 36.717378 ], [ -3.605403, 36.742749 ], [ -3.73143, 36.723266 ], [ -3.777457, 36.737926 ], [ -3.769355, 36.7993 ], [ -3.824614, 36.8529 ], [ -3.870877, 36.853444 ], [ -3.936461, 36.88397 ], [ -4.045534, 36.905962 ], [ -4.101707, 36.949644 ], [ -4.167237, 36.959318 ], [ -4.229087, 37.014193 ], [ -4.270124, 37.017789 ], [ -4.289071, 37.123034 ], [ -4.32764, 37.184356 ], [ -4.256318, 37.22974 ], [ -4.262512, 37.260052 ], [ -4.236743, 37.297745 ], [ -4.236632, 37.335147 ], [ -4.207831, 37.352524 ], [ -4.156156, 37.344233 ], [ -4.085366, 37.403448 ], [ -4.000835, 37.402115 ], [ -3.947423, 37.379243 ], [ -3.84332, 37.387652 ], [ -3.786033, 37.487375 ], [ -3.733359, 37.488572 ], [ -3.625088, 37.530504 ], [ -3.507487, 37.614805 ], [ -3.394174, 37.564519 ], [ -3.300681, 37.58795 ], [ -3.259546, 37.636924 ], [ -3.211544, 37.643842 ], [ -3.172554, 37.641579 ], [ -3.087667, 37.598463 ], [ -3.043143, 37.617801 ], [ -2.982637, 37.60381 ], [ -2.971097, 37.635685 ], [ -2.888463, 37.678573 ], [ -2.902904, 37.748434 ], [ -2.785113, 37.9159 ], [ -2.70137, 37.970871 ], [ -2.664222, 37.964305 ], [ -2.614304, 37.993076 ], [ -2.599527, 38.009202 ], [ -2.597579, 38.061235 ], [ -2.551274, 38.084118 ], [ -2.419974, 38.03344 ], [ -2.341602, 38.02602 ], [ -2.300951, 38.001996 ], [ -2.280927, 37.965622 ], [ -2.207631, 37.916588 ], [ -2.293661, 37.874953 ], [ -2.299548, 37.807551 ], [ -2.279518, 37.772418 ], [ -2.323126, 37.690787 ], [ -2.312304, 37.631115 ], [ -2.389351, 37.628315 ], [ -2.370883, 37.597504 ], [ -2.36243, 37.52407 ], [ -2.453722, 37.508087 ], [ -2.463684, 37.489356 ], [ -2.512849, 37.478304 ], [ -2.634501, 37.393813 ], [ -2.663166, 37.290089 ], [ -2.662488, 37.214181 ], [ -2.757864, 37.227976 ], [ -2.782202, 37.261266 ], [ -2.833261, 37.278933 ], [ -2.86857, 37.244227 ], [ -2.897734, 37.167877 ], [ -2.927226, 37.154189 ], [ -2.949546, 37.099212 ], [ -2.99029, 37.094524 ], [ -3.026629, 37.111025 ], [ -2.978986, 36.976293 ], [ -3.067122, 36.90897 ], [ -3.031027, 36.844946 ], [ -3.135171, 36.789472 ], [ -3.128691, 36.750888 ] ] ] } },
{ "type": "Feature", "properties": { "loc": "ES615" }, "geometry": { "type": "Polygon", "coordinates": [ [ [ -6.931738, 38.208378 ], [ -6.846063, 38.177432 ], [ -6.797713, 38.176558 ], [ -6.812942, 38.118834 ], [ -6.756999, 38.094431 ], [ -6.622593, 38.095277 ], [ -6.584648, 38.055768 ], [ -6.57933, 38.023655 ], [ -6.475652, 38.009526 ], [ -6.447021, 38.05658 ], [ -6.369439, 38.046531 ], [ -6.351579, 38.008469 ], [ -6.303205, 37.979776 ], [ -6.205496, 37.960291 ], [ -6.172633, 37.914764 ], [ -6.128932, 37.903542 ], [ -6.161795, 37.86368 ], [ -6.125128, 37.820085 ], [ -6.136488, 37.790697 ], [ -6.200417, 37.804979 ], [ -6.231854, 37.740089 ], [ -6.255768, 37.760807 ], [ -6.315276, 37.763736 ], [ -6.476437, 37.722818 ], [ -6.502919, 37.670564 ], [ -6.533864, 37.651195 ], [ -6.529257, 37.620117 ], [ -6.399386, 37.611847 ], [ -6.394216, 37.560104 ], [ -6.309856, 37.438292 ], [ -6.315501, 37.419782 ], [ -6.357871, 37.406918 ], [ -6.350002, 37.364268 ], [ -6.381358, 37.340212 ], [ -6.336216, 37.29988 ], [ -6.354953, 37.244227 ], [ -6.339155, 37.168031 ], [ -6.356216, 37.14142 ], [ -6.345898, 37.123732 ], [ -6.384564, 37.079918 ], [ -6.355638, 36.99109 ], [ -6.375433, 36.934327 ], [ -6.331072, 36.898838 ], [ -6.352198, 36.859248 ], [ -6.345561, 36.798767 ], [ -6.394279, 36.806985 ], [ -6.462992, 36.924009 ], [ -6.510314, 36.967991 ], [ -6.889625, 37.158168 ], [ -7.052402, 37.207745 ], [ -7.280247, 37.20074 ], [ -7.401916, 37.174827 ], [ -7.428076, 37.244227 ], [ -7.440442, 37.383848 ], [ -7.458703, 37.408379 ], [ -7.449728, 37.420674 ], [ -7.467973, 37.488012 ], [ -7.512691, 37.526256 ], [ -7.519797, 37.554597 ], [ -7.499801, 37.602387 ], [ -7.448222, 37.666639 ], [ -7.417897, 37.758057 ], [ -7.326495, 37.815821 ], [ -7.284002, 37.87089 ], [ -7.251265, 37.95098 ], [ -7.258086, 37.981403 ], [ -7.199043, 38.002418 ], [ -7.130037, 38.002411 ], [ -7.125894, 38.027644 ], [ -7.099013, 38.041198 ], [ -7.049558, 38.016948 ], [ -7.007111, 38.024445 ], [ -6.987505, 38.099716 ], [ -6.957129, 38.144649 ], [ -6.965131, 38.16981 ], [ -6.931738, 38.208378 ] ] ] } },
{ "type": "Feature", "properties": { "loc": "ES616" }, "geometry": { "type": "Polygon", "coordinates": [ [ [ -4.268895, 38.347213 ], [ -4.276863, 38.383207 ], [ -4.259431, 38.399898 ], [ -3.919509, 38.369114 ], [ -3.852658, 38.37738 ], [ -3.826313, 38.413359 ], [ -3.78566, 38.424481 ], [ -3.603848, 38.397716 ], [ -3.573529, 38.450994 ], [ -3.541606, 38.442892 ], [ -3.525181, 38.409836 ], [ -3.457142, 38.400032 ], [ -3.382831, 38.436932 ], [ -3.371622, 38.474685 ], [ -3.328022, 38.481535 ], [ -3.138159, 38.439443 ], [ -3.065182, 38.474952 ], [ -3.00248, 38.412071 ], [ -2.991616, 38.447664 ], [ -2.964672, 38.467964 ], [ -2.880935, 38.458149 ], [ -2.762069, 38.532779 ], [ -2.686178, 38.498681 ], [ -2.592158, 38.509211 ], [ -2.569851, 38.491044 ], [ -2.569961, 38.414773 ], [ -2.484245, 38.394089 ], [ -2.482715, 38.300085 ], [ -2.437867, 38.272389 ], [ -2.447079, 38.190084 ], [ -2.551274, 38.084118 ], [ -2.597579, 38.061235 ], [ -2.599527, 38.009202 ], [ -2.614304, 37.993076 ], [ -2.664222, 37.964305 ], [ -2.70137, 37.970871 ], [ -2.785113, 37.9159 ], [ -2.902904, 37.748434 ], [ -2.888463, 37.678573 ], [ -2.971097, 37.635685 ], [ -2.982637, 37.60381 ], [ -3.043143, 37.617801 ], [ -3.087667, 37.598463 ], [ -3.172554, 37.641579 ], [ -3.211544, 37.643842 ], [ -3.259546, 37.636924 ], [ -3.300681, 37.58795 ], [ -3.394174, 37.564519 ], [ -3.507487, 37.614805 ], [ -3.625088, 37.530504 ], [ -3.733359, 37.488572 ], [ -3.786033, 37.487375 ], [ -3.84332, 37.387652 ], [ -3.947423, 37.379243 ], [ -4.000835, 37.402115 ], [ -4.046207, 37.463706 ], [ -4.083322, 37.483714 ], [ -4.064092, 37.505758 ], [ -4.096498, 37.515496 ], [ -4.175048, 37.609384 ], [ -4.216896, 37.620245 ], [ -4.222445, 37.641438 ], [ -4.167733, 37.684658 ], [ -4.184676, 37.705753 ], [ -4.2368, 37.72293 ], [ -4.213108, 37.781043 ], [ -4.28519, 37.800608 ], [ -4.258664, 37.939865 ], [ -4.281983, 38.016683 ], [ -4.164738, 38.149214 ], [ -4.213842, 38.250825 ], [ -4.212738, 38.297843 ], [ -4.239892, 38.33786 ], [ -4.268895, 38.347213 ] ] ] } },
{ "type": "Feature", "properties": { "loc": "ES617" }, "geometry": { "type": "Polygon", "coordinates": [ [ [ -4.72166, 37.256899 ], [ -4.619553, 37.253902 ], [ -4.59156, 37.209527 ], [ -4.496028, 37.227014 ], [ -4.446014, 37.273987 ], [ -4.380671, 37.27013 ], [ -4.373031, 37.219028 ], [ -4.327933, 37.204878 ], [ -4.289071, 37.123034 ], [ -4.270124, 37.017789 ], [ -4.229087, 37.014193 ], [ -4.167237, 36.959318 ], [ -4.101707, 36.949644 ], [ -4.045534, 36.905962 ], [ -3.936461, 36.88397 ], [ -3.870877, 36.853444 ], [ -3.824614, 36.8529 ], [ -3.769355, 36.7993 ], [ -3.777457, 36.737926 ], [ -3.843043, 36.752945 ], [ -3.95834, 36.727587 ], [ -4.068261, 36.747168 ], [ -4.1841, 36.714847 ], [ -4.418061, 36.714536 ], [ -4.511011, 36.599058 ], [ -4.594063, 36.567773 ], [ -4.640396, 36.508426 ], [ -4.737818, 36.486419 ], [ -4.856075, 36.506196 ], [ -4.929039, 36.500765 ], [ -5.004609, 36.461213 ], [ -5.177084, 36.41251 ], [ -5.219404, 36.374241 ], [ -5.252405, 36.311275 ], [ -5.280979, 36.335833 ], [ -5.319887, 36.329174 ], [ -5.343735, 36.411029 ], [ -5.432757, 36.532388 ], [ -5.488639, 36.535041 ], [ -5.52909, 36.501742 ], [ -5.602007, 36.51121 ], [ -5.600625, 36.548681 ], [ -5.524836, 36.531692 ], [ -5.464428, 36.586861 ], [ -5.454539, 36.616689 ], [ -5.379811, 36.633631 ], [ -5.327794, 36.673704 ], [ -5.324258, 36.721122 ], [ -5.294543, 36.772659 ], [ -5.338431, 36.821977 ], [ -5.298523, 36.869638 ], [ -5.269614, 36.880966 ], [ -5.176549, 36.825814 ], [ -5.134197, 36.841021 ], [ -5.089715, 36.910351 ], [ -5.101402, 36.97081 ], [ -5.142423, 37.003891 ], [ -5.122659, 37.024567 ], [ -5.053262, 37.03236 ], [ -4.913957, 37.110898 ], [ -4.906069, 37.137135 ], [ -4.939275, 37.157216 ], [ -4.936422, 37.172781 ], [ -4.905587, 37.177403 ], [ -4.894911, 37.158842 ], [ -4.874392, 37.161358 ], [ -4.853674, 37.196289 ], [ -4.834058, 37.20017 ], [ -4.791471, 37.156834 ], [ -4.71627, 37.193903 ], [ -4.734024, 37.244227 ], [ -4.72166, 37.256899 ] ] ] } },
{ "type": "Feature", "properties": { "loc": "ES415" }, "geometry": { "type": "Polygon", "coordinates": [ [ [ -5.29769, 41.129697 ], [ -5.282688, 41.195247 ], [ -5.247827, 41.197282 ], [ -5.216883, 41.163091 ], [ -5.175595, 41.164089 ], [ -5.124957, 41.132057 ], [ -5.151098, 41.059659 ], [ -5.092371, 40.998492 ], [ -5.126319, 40.950891 ], [ -5.115326, 40.906344 ], [ -5.162544, 40.865968 ], [ -5.162642, 40.816136 ], [ -5.22117, 40.755646 ], [ -5.379537, 40.674329 ], [ -5.369847, 40.64902 ], [ -5.39005, 40.617669 ], [ -5.453573, 40.580057 ], [ -5.512687, 40.585822 ], [ -5.523539, 40.543776 ], [ -5.428296, 40.560072 ], [ -5.464828, 40.468872 ], [ -5.510487, 40.458919 ], [ -5.524099, 40.42361 ], [ -5.570759, 40.444658 ], [ -5.564559, 40.475835 ], [ -5.632782, 40.4598 ], [ -5.688296, 40.42161 ], [ -5.681275, 40.347042 ], [ -5.737602, 40.294163 ], [ -5.794605, 40.289636 ], [ -5.784749, 40.318427 ], [ -5.803426, 40.351941 ], [ -5.885976, 40.324221 ], [ -5.923165, 40.282004 ], [ -5.997874, 40.303078 ], [ -6.019763, 40.339318 ], [ -6.092148, 40.354584 ], [ -6.073598, 40.398372 ], [ -6.123925, 40.419809 ], [ -6.121621, 40.439467 ], [ -6.231966, 40.48501 ], [ -6.341328, 40.44277 ], [ -6.370452, 40.403416 ], [ -6.415599, 40.399212 ], [ -6.443355, 40.373116 ], [ -6.538287, 40.3454 ], [ -6.56149, 40.324347 ], [ -6.558315, 40.291429 ], [ -6.585455, 40.272732 ], [ -6.664586, 40.264399 ], [ -6.690333, 40.245077 ], [ -6.719485, 40.266702 ], [ -6.759449, 40.241337 ], [ -6.834949, 40.249095 ], [ -6.865144, 40.270694 ], [ -6.858071, 40.300928 ], [ -6.795661, 40.330963 ], [ -6.785294, 40.364804 ], [ -6.833434, 40.408407 ], [ -6.847486, 40.448379 ], [ -6.797912, 40.515379 ], [ -6.807958, 40.553193 ], [ -6.841866, 40.569915 ], [ -6.797079, 40.658661 ], [ -6.828818, 40.744883 ], [ -6.82316, 40.840245 ], [ -6.802324, 40.857497 ], [ -6.810862, 40.879526 ], [ -6.845904, 40.899143 ], [ -6.862417, 40.950132 ], [ -6.929903, 41.029466 ], [ -6.811833, 41.036548 ], [ -6.75814, 41.100823 ], [ -6.766278, 41.132487 ], [ -6.646777, 41.244838 ], [ -6.559946, 41.244061 ], [ -6.523604, 41.271835 ], [ -6.485136, 41.272646 ], [ -6.479713, 41.29438 ], [ -6.415237, 41.277463 ], [ -6.367033, 41.283942 ], [ -6.137138, 41.193167 ], [ -6.059892, 41.218049 ], [ -6.012782, 41.200145 ], [ -6.01949, 41.156462 ], [ -5.978951, 41.170558 ], [ -5.954382, 41.143078 ], [ -5.915593, 41.179797 ], [ -5.918621, 41.220114 ], [ -5.894561, 41.237781 ], [ -5.776152, 41.216721 ], [ -5.657379, 41.24384 ], [ -5.593518, 41.205483 ], [ -5.546612, 41.208889 ], [ -5.489619, 41.175724 ], [ -5.483307, 41.149844 ], [ -5.470261, 41.178655 ], [ -5.411201, 41.184902 ], [ -5.392771, 41.141183 ], [ -5.327263, 41.118688 ], [ -5.29769, 41.129697 ] ] ] } },
{ "type": "Feature", "properties": { "loc": "ES416" }, "geometry": { "type": "Polygon", "coordinates": [ [ [ -4.160293, 40.689853 ], [ -4.255164, 40.687646 ], [ -4.314682, 40.667199 ], [ -4.338713, 40.637754 ], [ -4.418246, 40.636431 ], [ -4.432205, 40.741291 ], [ -4.473481, 40.775884 ], [ -4.493913, 40.829357 ], [ -4.552078, 40.834108 ], [ -4.535195, 40.863688 ], [ -4.557083, 40.886808 ], [ -4.571854, 40.957684 ], [ -4.606813, 40.97332 ], [ -4.638703, 41.028145 ], [ -4.709036, 41.060908 ], [ -4.722127, 41.14933 ], [ -4.685, 41.180841 ], [ -4.637326, 41.176681 ], [ -4.646148, 41.218893 ], [ -4.57969, 41.276048 ], [ -4.59661, 41.314472 ], [ -4.523716, 41.316876 ], [ -4.472337, 41.299017 ], [ -4.497369, 41.341036 ], [ -4.490088, 41.368002 ], [ -4.507174, 41.408816 ], [ -4.411994, 41.439498 ], [ -4.231792, 41.45832 ], [ -4.067281, 41.496192 ], [ -3.999138, 41.5226 ], [ -3.980689, 41.583366 ], [ -3.900248, 41.55444 ], [ -3.82164, 41.48295 ], [ -3.796088, 41.487125 ], [ -3.800349, 41.517961 ], [ -3.76943, 41.535548 ], [ -3.769036, 41.464561 ], [ -3.738115, 41.453816 ], [ -3.725224, 41.517146 ], [ -3.6712, 41.560011 ], [ -3.541596, 41.577602 ], [ -3.511598, 41.535358 ], [ -3.480368, 41.523168 ], [ -3.454678, 41.533313 ], [ -3.424704, 41.513483 ], [ -3.418436, 41.479731 ], [ -3.340321, 41.455743 ], [ -3.337016, 41.385268 ], [ -3.207373, 41.304245 ], [ -3.256979, 41.260128 ], [ -3.277227, 41.271395 ], [ -3.294576, 41.259193 ], [ -3.39289, 41.257271 ], [ -3.405711, 41.215429 ], [ -3.441076, 41.21403 ], [ -3.516954, 41.164106 ], [ -3.619321, 41.144926 ], [ -3.784001, 41.0 ], [ -3.893522, 40.965852 ], [ -3.936166, 40.924385 ], [ -3.980845, 40.78777 ], [ -4.07001, 40.791198 ], [ -4.160293, 40.689853 ] ] ] } },
{ "type": "Feature", "properties": { "loc": "ES417" }, "geometry": { "type": "Polygon", "coordinates": [ [ [ -3.541596, 41.577602 ], [ -3.531778, 41.609841 ], [ -3.457105, 41.594439 ], [ -3.404617, 41.676876 ], [ -3.360688, 41.695539 ], [ -3.3493, 41.736395 ], [ -3.280809, 41.766139 ], [ -3.284844, 41.880437 ], [ -3.166451, 41.796065 ], [ -3.138961, 41.811639 ], [ -3.097867, 41.874237 ], [ -3.019388, 41.888938 ], [ -3.000861, 41.928406 ], [ -2.970762, 41.932243 ], [ -2.932224, 42.015692 ], [ -2.879514, 42.012062 ], [ -2.804514, 42.042808 ], [ -2.789963, 42.107579 ], [ -2.770348, 42.122531 ], [ -2.730556, 42.121879 ], [ -2.708612, 42.101311 ], [ -2.754664, 42.033576 ], [ -2.748091, 42.013837 ], [ -2.675959, 41.999568 ], [ -2.580204, 41.999285 ], [ -2.518303, 42.067677 ], [ -2.513336, 42.111726 ], [ -2.479738, 42.109806 ], [ -2.434642, 42.136611 ], [ -2.313459, 42.143109 ], [ -2.284336, 42.130757 ], [ -2.264759, 42.088956 ], [ -2.171408, 42.104703 ], [ -2.129142, 42.094119 ], [ -2.158251, 42.061661 ], [ -2.112231, 42.011228 ], [ -2.121356, 41.98951 ], [ -2.107353, 41.958853 ], [ -2.025413, 41.949326 ], [ -1.974733, 41.91986 ], [ -1.856539, 41.966388 ], [ -1.855405, 41.912224 ], [ -1.820797, 41.844574 ], [ -1.846385, 41.792634 ], [ -1.782799, 41.726323 ], [ -1.812903, 41.664659 ], [ -1.860696, 41.656655 ], [ -1.923839, 41.60247 ], [ -1.990049, 41.596843 ], [ -1.970873, 41.546285 ], [ -1.976803, 41.490197 ], [ -1.943637, 41.409971 ], [ -2.030114, 41.38726 ], [ -2.04304, 41.428365 ], [ -2.100766, 41.441059 ], [ -2.123016, 41.377411 ], [ -2.162015, 41.342362 ], [ -2.172236, 41.289889 ], [ -2.14345, 41.188764 ], [ -2.05169, 41.146858 ], [ -2.058555, 41.07395 ], [ -2.131936, 41.111969 ], [ -2.172308, 41.091305 ], [ -2.230746, 41.092482 ], [ -2.267793, 41.069004 ], [ -2.321021, 41.061104 ], [ -2.360428, 41.082106 ], [ -2.418476, 41.062196 ], [ -2.466096, 41.081672 ], [ -2.532299, 41.154978 ], [ -2.584898, 41.147985 ], [ -2.585422, 41.177185 ], [ -2.61038, 41.189763 ], [ -2.594365, 41.220426 ], [ -2.629688, 41.220686 ], [ -2.723869, 41.272113 ], [ -2.781481, 41.254115 ], [ -2.825433, 41.260416 ], [ -2.861135, 41.27524 ], [ -2.871439, 41.313168 ], [ -2.894611, 41.323608 ], [ -2.957175, 41.293402 ], [ -3.057846, 41.275763 ], [ -3.207373, 41.304245 ], [ -3.337016, 41.385268 ], [ -3.340321, 41.455743 ], [ -3.418436, 41.479731 ], [ -3.424704, 41.513483 ], [ -3.454678, 41.533313 ], [ -3.480368, 41.523168 ], [ -3.511598, 41.535358 ], [ -3.541596, 41.577602 ] ] ] } },
{ "type": "Feature", "properties": { "loc": "ES418" }, "geometry": { "type": "MultiPolygon", "coordinates": [ [ [ [ -3.980689, 41.583366 ], [ -3.999138, 41.5226 ], [ -4.067281, 41.496192 ], [ -4.231792, 41.45832 ], [ -4.411994, 41.439498 ], [ -4.507174, 41.408816 ], [ -4.490088, 41.368002 ], [ -4.497369, 41.341036 ], [ -4.472337, 41.299017 ], [ -4.523716, 41.316876 ], [ -4.59661, 41.314472 ], [ -4.57969, 41.276048 ], [ -4.646148, 41.218893 ], [ -4.637326, 41.176681 ], [ -4.685, 41.180841 ], [ -4.722127, 41.14933 ], [ -4.786984, 41.141694 ], [ -4.812485, 41.127529 ], [ -4.819667, 41.102724 ], [ -4.862614, 41.096812 ], [ -4.993482, 41.159754 ], [ -5.124957, 41.132057 ], [ -5.175595, 41.164089 ], [ -5.216883, 41.163091 ], [ -5.247827, 41.197282 ], [ -5.327942, 41.18045 ], [ -5.337017, 41.193483 ], [ -5.297583, 41.229783 ], [ -5.295665, 41.277338 ], [ -5.332033, 41.360432 ], [ -5.310894, 41.413662 ], [ -5.335905, 41.428106 ], [ -5.328313, 41.45482 ], [ -5.341704, 41.475346 ], [ -5.23207, 41.526988 ], [ -5.289238, 41.572647 ], [ -5.272973, 41.600679 ], [ -5.325617, 41.615636 ], [ -5.327123, 41.677177 ], [ -5.388397, 41.750859 ], [ -5.373065, 41.774554 ], [ -5.279286, 41.819743 ], [ -5.326146, 41.832466 ], [ -5.295684, 41.916872 ], [ -5.331747, 41.939345 ], [ -5.284767, 41.979289 ], [ -5.376311, 42.041458 ], [ -5.382412, 42.222415 ], [ -5.313451, 42.202239 ], [ -5.290957, 42.226424 ], [ -5.244213, 42.215058 ], [ -5.230558, 42.225094 ], [ -5.250114, 42.239684 ], [ -5.236484, 42.270324 ], [ -5.187894, 42.26353 ], [ -5.110673, 42.310444 ], [ -5.058998, 42.259458 ], [ -5.035507, 42.29488 ], [ -5.002154, 42.289104 ], [ -5.026148, 42.158288 ], [ -4.930388, 42.149005 ], [ -4.912588, 42.083576 ], [ -4.946641, 42.05278 ], [ -4.939166, 42.018562 ], [ -4.968443, 42.002098 ], [ -5.002863, 41.948702 ], [ -4.98406, 41.914134 ], [ -4.950504, 41.93178 ], [ -4.920407, 41.916501 ], [ -4.873178, 41.930827 ], [ -4.786099, 41.819873 ], [ -4.665289, 41.898496 ], [ -4.56979, 41.815653 ], [ -4.475867, 41.838823 ], [ -4.497561, 41.772963 ], [ -4.453484, 41.759658 ], [ -4.38969, 41.785463 ], [ -4.318396, 41.765968 ], [ -4.235565, 41.809144 ], [ -4.123394, 41.804949 ], [ -4.098883, 41.777791 ], [ -4.0409, 41.768344 ], [ -4.073594, 41.727888 ], [ -4.026952, 41.690148 ], [ -4.032339, 41.619833 ], [ -4.008767, 41.617133 ], [ -3.980689, 41.583366 ] ] ], [ [ [ -5.341055, 42.233601 ], [ -5.329501, 42.273386 ], [ -5.301762, 42.269218 ], [ -5.317089, 42.241624 ], [ -5.341055, 42.233601 ] ] ], [ [ [ -5.421605, 42.030666 ], [ -5.43995, 42.016538 ], [ -5.439265, 41.970687 ], [ -5.480382, 41.983982 ], [ -5.473979, 42.012337 ], [ -5.520905, 42.09713 ], [ -5.476239, 42.050202 ], [ -5.421605, 42.030666 ] ] ] ] } },
{ "type": "Feature", "properties": { "loc": "ES419" }, "geometry": { "type": "Polygon", "coordinates": [ [ [ -5.288771, 41.182007 ], [ -5.29769, 41.129697 ], [ -5.327263, 41.118688 ], [ -5.392771, 41.141183 ], [ -5.411201, 41.184902 ], [ -5.470261, 41.178655 ], [ -5.483307, 41.149844 ], [ -5.489619, 41.175724 ], [ -5.546612, 41.208889 ], [ -5.593518, 41.205483 ], [ -5.657379, 41.24384 ], [ -5.776152, 41.216721 ], [ -5.894561, 41.237781 ], [ -5.918621, 41.220114 ], [ -5.915593, 41.179797 ], [ -5.954382, 41.143078 ], [ -5.978951, 41.170558 ], [ -6.01949, 41.156462 ], [ -6.012782, 41.200145 ], [ -6.059892, 41.218049 ], [ -6.137138, 41.193167 ], [ -6.367033, 41.283942 ], [ -6.415237, 41.277463 ], [ -6.479713, 41.29438 ], [ -6.444157, 41.305169 ], [ -6.386695, 41.357864 ], [ -6.383038, 41.385575 ], [ -6.324571, 41.388313 ], [ -6.295904, 41.459343 ], [ -6.197079, 41.570376 ], [ -6.200016, 41.588134 ], [ -6.30955, 41.664593 ], [ -6.442939, 41.682499 ], [ -6.495535, 41.658863 ], [ -6.546108, 41.685734 ], [ -6.564929, 41.746275 ], [ -6.519779, 41.870422 ], [ -6.567283, 41.884119 ], [ -6.547548, 41.935882 ], [ -6.578115, 41.962647 ], [ -6.621439, 41.941699 ], [ -6.717311, 41.936381 ], [ -6.74939, 41.945207 ], [ -6.773225, 41.984845 ], [ -6.80569, 41.991248 ], [ -6.825655, 41.946922 ], [ -6.943218, 41.947112 ], [ -6.9858, 41.971447 ], [ -6.964347, 42.029064 ], [ -6.976877, 42.052773 ], [ -7.012118, 42.053838 ], [ -7.031268, 42.071694 ], [ -6.985493, 42.121726 ], [ -6.949445, 42.137081 ], [ -6.941297, 42.171376 ], [ -6.883342, 42.215254 ], [ -6.839627, 42.226709 ], [ -6.79322, 42.214705 ], [ -6.800079, 42.23912 ], [ -6.784308, 42.253608 ], [ -6.711521, 42.212059 ], [ -6.534539, 42.20383 ], [ -6.497843, 42.184455 ], [ -6.313186, 42.204583 ], [ -6.291974, 42.179714 ], [ -6.209886, 42.149749 ], [ -6.159752, 42.163687 ], [ -6.042217, 42.159034 ], [ -5.957562, 42.125755 ], [ -5.896014, 42.15331 ], [ -5.847277, 42.113102 ], [ -5.766071, 42.13614 ], [ -5.718776, 42.115271 ], [ -5.681168, 42.121281 ], [ -5.68326, 42.137232 ], [ -5.669324, 42.139875 ], [ -5.624141, 42.109 ], [ -5.631628, 42.086475 ], [ -5.565028, 42.058311 ], [ -5.540688, 42.098657 ], [ -5.520905, 42.09713 ], [ -5.473979, 42.012337 ], [ -5.480382, 41.983982 ], [ -5.439265, 41.970687 ], [ -5.43995, 42.016538 ], [ -5.376311, 42.041458 ], [ -5.324442, 42.017308 ], [ -5.284767, 41.979289 ], [ -5.331747, 41.939345 ], [ -5.295684, 41.916872 ], [ -5.326146, 41.832466 ], [ -5.279286, 41.819743 ], [ -5.373065, 41.774554 ], [ -5.388397, 41.750859 ], [ -5.327123, 41.677177 ], [ -5.325617, 41.615636 ], [ -5.272973, 41.600679 ], [ -5.289238, 41.572647 ], [ -5.23207, 41.526988 ], [ -5.341704, 41.475346 ], [ -5.328313, 41.45482 ], [ -5.335905, 41.428106 ], [ -5.310894, 41.413662 ], [ -5.332033, 41.360432 ], [ -5.295665, 41.277338 ], [ -5.297583, 41.229783 ], [ -5.337017, 41.193483 ], [ -5.327942, 41.18045 ], [ -5.288771, 41.182007 ] ] ] } },
{ "type": "Feature", "properties": { "loc": "ES111" }, "geometry": { "type": "MultiPolygon", "coordinates": [ [ [ [ -7.674039, 43.781494 ], [ -7.708744, 43.680395 ], [ -7.697567, 43.653256 ], [ -7.728768, 43.621661 ], [ -7.72329, 43.588264 ], [ -7.75086, 43.558831 ], [ -7.751811, 43.505461 ], [ -7.777124, 43.458052 ], [ -7.825095, 43.403115 ], [ -7.889558, 43.397709 ], [ -7.888526, 43.339138 ], [ -7.943911, 43.287275 ], [ -7.92451, 43.266492 ], [ -7.95811, 43.191172 ], [ -7.919934, 43.090468 ], [ -7.93942, 43.064874 ], [ -7.90734, 42.988156 ], [ -7.90797, 42.956224 ], [ -7.940596, 42.899734 ], [ -7.999684, 42.848858 ], [ -8.049882, 42.833635 ], [ -8.078719, 42.852808 ], [ -8.139595, 42.844749 ], [ -8.183146, 42.857816 ], [ -8.215411, 42.841812 ], [ -8.212507, 42.826545 ], [ -8.255978, 42.833082 ], [ -8.28091, 42.814489 ], [ -8.335211, 42.839318 ], [ -8.334928, 42.795633 ], [ -8.38996, 42.786312 ], [ -8.412192, 42.755049 ], [ -8.467146, 42.745512 ], [ -8.551325, 42.758083 ], [ -8.597279, 42.741128 ], [ -8.611529, 42.717641 ], [ -8.649425, 42.725804 ], [ -8.713958, 42.705675 ], [ -8.754394, 42.65564 ], [ -8.789625, 42.64344 ], [ -8.84097, 42.668127 ], [ -8.857313, 42.619789 ], [ -8.904159, 42.630774 ], [ -8.93598, 42.585929 ], [ -8.999425, 42.536309 ], [ -9.033823, 42.528394 ], [ -9.045103, 42.560884 ], [ -9.078522, 42.582027 ], [ -9.026434, 42.695109 ], [ -8.901031, 42.788664 ], [ -8.898277, 42.810426 ], [ -8.964773, 42.784604 ], [ -9.039266, 42.788661 ], [ -9.070369, 42.75617 ], [ -9.097313, 42.751022 ], [ -9.136659, 42.79319 ], [ -9.113682, 42.828868 ], [ -9.140845, 42.866545 ], [ -9.14429, 42.911585 ], [ -9.176493, 42.93315 ], [ -9.228571, 42.933211 ], [ -9.279358, 42.902932 ], [ -9.287528, 42.930496 ], [ -9.263241, 42.993106 ], [ -9.284992, 43.046637 ], [ -9.228992, 43.095991 ], [ -9.171946, 43.112305 ], [ -9.170529, 43.129901 ], [ -9.201817, 43.148051 ], [ -9.177658, 43.17673 ], [ -9.064188, 43.18982 ], [ -9.013831, 43.222759 ], [ -8.95792, 43.22882 ], [ -8.969175, 43.279649 ], [ -8.841535, 43.332274 ], [ -8.773336, 43.304155 ], [ -8.695072, 43.29561 ], [ -8.536261, 43.320325 ], [ -8.433021, 43.375791 ], [ -8.406785, 43.375762 ], [ -8.368134, 43.348899 ], [ -8.318845, 43.397018 ], [ -8.219679, 43.343195 ], [ -8.20331, 43.414755 ], [ -8.279986, 43.432308 ], [ -8.332177, 43.472359 ], [ -8.308162, 43.559106 ], [ -8.256783, 43.56311 ], [ -8.188196, 43.611498 ], [ -8.070945, 43.652409 ], [ -8.051431, 43.702889 ], [ -7.988702, 43.713227 ], [ -7.89986, 43.763448 ], [ -7.86952, 43.762548 ], [ -7.85878, 43.72792 ], [ -7.88428, 43.668492 ], [ -7.856253, 43.672963 ], [ -7.851083, 43.696789 ], [ -7.805676, 43.722698 ], [ -7.674039, 43.781494 ] ] ], [ [ [ -8.830869, 43.35588 ], [ -8.846734, 43.35227 ], [ -8.85315, 43.363697 ], [ -8.837414, 43.365299 ], [ -8.830869, 43.35588 ] ] ], [ [ [ -9.007536, 42.481169 ], [ -9.008966, 42.462936 ], [ -9.017818, 42.484364 ], [ -9.007536, 42.481169 ] ] ] ] } },
{ "type": "Feature", "properties": { "loc": "ES112" }, "geometry": { "type": "Polygon", "coordinates": [ [ [ -7.031837, 43.544471 ], [ -7.051493, 43.48091 ], [ -7.107153, 43.430803 ], [ -7.165943, 43.424521 ], [ -7.172739, 43.390746 ], [ -7.135697, 43.371502 ], [ -7.107507, 43.313597 ], [ -7.068774, 43.300873 ], [ -7.052256, 43.239796 ], [ -6.975566, 43.199064 ], [ -6.958771, 43.142752 ], [ -6.930211, 43.140551 ], [ -6.868348, 43.175136 ], [ -6.832049, 43.153194 ], [ -6.836095, 43.118891 ], [ -6.948082, 43.07413 ], [ -6.991795, 43.023088 ], [ -6.966093, 42.997967 ], [ -6.950924, 43.029593 ], [ -6.83951, 42.958967 ], [ -6.826722, 42.874953 ], [ -6.867854, 42.871092 ], [ -6.843832, 42.827852 ], [ -6.87244, 42.786451 ], [ -7.037095, 42.698939 ], [ -7.01527, 42.647456 ], [ -7.044694, 42.627009 ], [ -7.039276, 42.583106 ], [ -7.06474, 42.525455 ], [ -7.09978, 42.462164 ], [ -7.146827, 42.434299 ], [ -7.204486, 42.328801 ], [ -7.227645, 42.354813 ], [ -7.228377, 42.386576 ], [ -7.307648, 42.427436 ], [ -7.398965, 42.433563 ], [ -7.507638, 42.387664 ], [ -7.575089, 42.402914 ], [ -7.617489, 42.386901 ], [ -7.715553, 42.45103 ], [ -7.774565, 42.46128 ], [ -7.778055, 42.472309 ], [ -7.753042, 42.479838 ], [ -7.765077, 42.491764 ], [ -7.800413, 42.482622 ], [ -7.903491, 42.509551 ], [ -7.8936, 42.547357 ], [ -7.930711, 42.578574 ], [ -7.893689, 42.630296 ], [ -7.889593, 42.680314 ], [ -7.864396, 42.706923 ], [ -7.976432, 42.778744 ], [ -7.979832, 42.809169 ], [ -7.959962, 42.84058 ], [ -7.999684, 42.848858 ], [ -7.940596, 42.899734 ], [ -7.90797, 42.956224 ], [ -7.93942, 43.064874 ], [ -7.919934, 43.090468 ], [ -7.95811, 43.191172 ], [ -7.92451, 43.266492 ], [ -7.943911, 43.287275 ], [ -7.888526, 43.339138 ], [ -7.889558, 43.397709 ], [ -7.825095, 43.403115 ], [ -7.777124, 43.458052 ], [ -7.751811, 43.505461 ], [ -7.75086, 43.558831 ], [ -7.72329, 43.588264 ], [ -7.728768, 43.621661 ], [ -7.697567, 43.653256 ], [ -7.708744, 43.680395 ], [ -7.699736, 43.735115 ], [ -7.635564, 43.749488 ], [ -7.604159, 43.675735 ], [ -7.548578, 43.728856 ], [ -7.477117, 43.724934 ], [ -7.46996, 43.704826 ], [ -7.360218, 43.670228 ], [ -7.295637, 43.594821 ], [ -7.250925, 43.574891 ], [ -7.252395, 43.550397 ], [ -7.234423, 43.566705 ], [ -7.054821, 43.557363 ], [ -7.031837, 43.544471 ] ] ] } },
{ "type": "Feature", "properties": { "loc": "ES113" }, "geometry": { "type": "Polygon", "coordinates": [ [ [ -6.9858, 41.971447 ], [ -7.011578, 41.951154 ], [ -7.061141, 41.950036 ], [ -7.122837, 41.986892 ], [ -7.177092, 41.97761 ], [ -7.177213, 41.919736 ], [ -7.200464, 41.879749 ], [ -7.314728, 41.84477 ], [ -7.370433, 41.849613 ], [ -7.424683, 41.810128 ], [ -7.454823, 41.863637 ], [ -7.498419, 41.869726 ], [ -7.522598, 41.84204 ], [ -7.607901, 41.831399 ], [ -7.591568, 41.878641 ], [ -7.652295, 41.882585 ], [ -7.702351, 41.906352 ], [ -7.839685, 41.880345 ], [ -7.87845, 41.853355 ], [ -7.885938, 41.921278 ], [ -7.899455, 41.926824 ], [ -7.924893, 41.87944 ], [ -7.979314, 41.871685 ], [ -8.013889, 41.832217 ], [ -8.09477, 41.80986 ], [ -8.165075, 41.818302 ], [ -8.16642, 41.869216 ], [ -8.198825, 41.878087 ], [ -8.214206, 41.914834 ], [ -8.160667, 41.981269 ], [ -8.090384, 42.01574 ], [ -8.084367, 42.033925 ], [ -8.11409, 42.079482 ], [ -8.181546, 42.070518 ], [ -8.199, 42.154419 ], [ -8.165443, 42.17888 ], [ -8.185159, 42.212161 ], [ -8.167316, 42.223928 ], [ -8.169729, 42.242933 ], [ -8.228423, 42.234985 ], [ -8.263415, 42.255481 ], [ -8.263657, 42.312259 ], [ -8.320477, 42.346329 ], [ -8.317276, 42.386806 ], [ -8.35111, 42.480345 ], [ -8.299342, 42.493976 ], [ -8.177281, 42.568455 ], [ -8.1473, 42.55126 ], [ -8.020831, 42.545233 ], [ -7.993363, 42.569378 ], [ -7.930711, 42.578574 ], [ -7.8936, 42.547357 ], [ -7.903491, 42.509551 ], [ -7.800413, 42.482622 ], [ -7.765077, 42.491764 ], [ -7.753042, 42.479838 ], [ -7.778055, 42.472309 ], [ -7.774565, 42.46128 ], [ -7.715553, 42.45103 ], [ -7.617489, 42.386901 ], [ -7.575089, 42.402914 ], [ -7.507638, 42.387664 ], [ -7.398965, 42.433563 ], [ -7.307648, 42.427436 ], [ -7.228377, 42.386576 ], [ -7.227645, 42.354813 ], [ -7.204486, 42.328801 ], [ -7.146827, 42.434299 ], [ -7.09978, 42.462164 ], [ -7.076834, 42.508124 ], [ -6.978151, 42.494663 ], [ -6.958346, 42.515871 ], [ -6.923609, 42.517113 ], [ -6.826252, 42.489991 ], [ -6.81118, 42.465691 ], [ -6.838086, 42.401706 ], [ -6.736831, 42.356562 ], [ -6.740326, 42.303728 ], [ -6.800079, 42.23912 ], [ -6.79322, 42.214705 ], [ -6.839627, 42.226709 ], [ -6.883342, 42.215254 ], [ -6.941297, 42.171376 ], [ -6.949445, 42.137081 ], [ -6.985493, 42.121726 ], [ -7.031268, 42.071694 ], [ -7.012118, 42.053838 ], [ -6.976877, 42.052773 ], [ -6.964347, 42.029064 ], [ -6.9858, 41.971447 ] ] ] } },
{ "type": "Feature", "properties": { "loc": "ES618" }, "geometry": { "type": "Polygon", "coordinates": [ [ [ -5.122659, 37.024567 ], [ -5.233102, 36.943385 ], [ -5.305402, 37.034062 ], [ -5.434236, 36.936926 ], [ -5.457626, 36.974486 ], [ -5.422728, 37.010868 ], [ -5.429656, 37.046124 ], [ -5.495065, 37.039685 ], [ -5.50751, 37.029958 ], [ -5.472307, 36.983925 ], [ -5.546329, 36.924965 ], [ -5.542194, 36.899591 ], [ -5.580576, 36.915207 ], [ -5.592427, 36.946915 ], [ -5.61819, 36.944385 ], [ -5.670187, 36.972442 ], [ -5.71333, 36.921632 ], [ -5.847572, 36.91197 ], [ -5.878017, 36.888913 ], [ -5.895603, 36.84435 ], [ -6.093898, 36.856526 ], [ -6.163754, 36.88724 ], [ -6.279352, 36.909043 ], [ -6.331072, 36.898838 ], [ -6.375433, 36.934327 ], [ -6.355638, 36.99109 ], [ -6.384564, 37.079918 ], [ -6.345898, 37.123732 ], [ -6.356216, 37.14142 ], [ -6.339155, 37.168031 ], [ -6.354953, 37.244227 ], [ -6.336216, 37.29988 ], [ -6.381358, 37.340212 ], [ -6.350002, 37.364268 ], [ -6.357871, 37.406918 ], [ -6.315501, 37.419782 ], [ -6.309856, 37.438292 ], [ -6.394216, 37.560104 ], [ -6.399386, 37.611847 ], [ -6.529257, 37.620117 ], [ -6.533864, 37.651195 ], [ -6.502919, 37.670564 ], [ -6.476437, 37.722818 ], [ -6.315276, 37.763736 ], [ -6.255768, 37.760807 ], [ -6.231854, 37.740089 ], [ -6.200417, 37.804979 ], [ -6.136488, 37.790697 ], [ -6.125128, 37.820085 ], [ -6.161795, 37.86368 ], [ -6.128932, 37.903542 ], [ -6.172633, 37.914764 ], [ -6.180307, 37.941078 ], [ -6.114982, 37.980626 ], [ -5.952976, 37.999099 ], [ -5.910955, 38.065619 ], [ -5.9229, 38.108266 ], [ -5.84674, 38.172343 ], [ -5.732038, 38.195368 ], [ -5.69317, 38.183044 ], [ -5.70132, 38.146017 ], [ -5.73787, 38.12715 ], [ -5.73332, 38.088777 ], [ -5.689589, 38.087443 ], [ -5.633598, 38.135813 ], [ -5.584845, 38.131752 ], [ -5.502474, 38.046974 ], [ -5.478413, 37.985007 ], [ -5.424111, 37.944893 ], [ -5.412212, 37.877416 ], [ -5.351392, 37.838537 ], [ -5.307794, 37.725865 ], [ -5.314281, 37.704749 ], [ -5.406605, 37.681991 ], [ -5.390245, 37.622176 ], [ -5.347918, 37.592289 ], [ -5.18829, 37.672973 ], [ -5.123629, 37.667438 ], [ -5.114357, 37.694002 ], [ -5.089306, 37.676114 ], [ -5.06194, 37.709839 ], [ -5.010591, 37.705944 ], [ -4.936015, 37.607153 ], [ -4.936731, 37.521174 ], [ -4.878887, 37.442966 ], [ -4.84735, 37.430563 ], [ -4.814577, 37.357399 ], [ -4.776213, 37.333219 ], [ -4.71652, 37.34845 ], [ -4.673886, 37.321188 ], [ -4.653374, 37.255855 ], [ -4.72166, 37.256899 ], [ -4.734024, 37.244227 ], [ -4.71627, 37.193903 ], [ -4.791471, 37.156834 ], [ -4.834058, 37.20017 ], [ -4.853674, 37.196289 ], [ -4.874392, 37.161358 ], [ -4.894911, 37.158842 ], [ -4.905587, 37.177403 ], [ -4.936422, 37.172781 ], [ -4.939275, 37.157216 ], [ -4.906069, 37.137135 ], [ -4.913957, 37.110898 ], [ -5.053262, 37.03236 ], [ -5.122659, 37.024567 ] ], [ [ -5.047997, 37.608076 ], [ -5.029333, 37.61101 ], [ -5.031387, 37.639745 ], [ -5.043672, 37.633343 ], [ -5.047997, 37.608076 ] ], [ [ -5.05136, 37.643036 ], [ -5.070696, 37.640757 ], [ -5.049402, 37.630268 ], [ -5.05136, 37.643036 ] ] ] } },
{ "type": "Feature", "properties": { "loc": "ES620" }, "geometry": { "type": "MultiPolygon", "coordinates": [ [ [ [ -2.171408, 37.889855 ], [ -2.244685, 37.934394 ], [ -2.343444, 38.032527 ], [ -2.328143, 38.067167 ], [ -2.262103, 38.112796 ], [ -2.213493, 38.20182 ], [ -2.11262, 38.240396 ], [ -2.051911, 38.303299 ], [ -1.983229, 38.282657 ], [ -1.902847, 38.300791 ], [ -1.766127, 38.376314 ], [ -1.694627, 38.369316 ], [ -1.689555, 38.335811 ], [ -1.665046, 38.311864 ], [ -1.560367, 38.324764 ], [ -1.479247, 38.379462 ], [ -1.496084, 38.538969 ], [ -1.452669, 38.584468 ], [ -1.443894, 38.652724 ], [ -1.391713, 38.694681 ], [ -1.367123, 38.701576 ], [ -1.336416, 38.679947 ], [ -1.249804, 38.737607 ], [ -1.180789, 38.753694 ], [ -1.122784, 38.737484 ], [ -1.109181, 38.707283 ], [ -1.02687, 38.655509 ], [ -1.003366, 38.574882 ], [ -1.023802, 38.522981 ], [ -1.016181, 38.497567 ], [ -1.084808, 38.439637 ], [ -1.087886, 38.379716 ], [ -1.082327, 38.348113 ], [ -0.994889, 38.323004 ], [ -0.969128, 38.279982 ], [ -0.989431, 38.199646 ], [ -1.034314, 38.138225 ], [ -1.027366, 38.089969 ], [ -0.897356, 37.921012 ], [ -0.829326, 37.865459 ], [ -0.762135, 37.847008 ], [ -0.759246, 37.80783 ], [ -0.78919, 37.809464 ], [ -0.853336, 37.719113 ], [ -0.795122, 37.656489 ], [ -0.744788, 37.63809 ], [ -0.714666, 37.643604 ], [ -0.709683, 37.62618 ], [ -0.728487, 37.605912 ], [ -0.924541, 37.55941 ], [ -0.983375, 37.59168 ], [ -1.072563, 37.579536 ], [ -1.130168, 37.540068 ], [ -1.214999, 37.57344 ], [ -1.327727, 37.558572 ], [ -1.456297, 37.484885 ], [ -1.488582, 37.429097 ], [ -1.530089, 37.424557 ], [ -1.630033, 37.375183 ], [ -1.736508, 37.441303 ], [ -1.801471, 37.451756 ], [ -1.817227, 37.439355 ], [ -1.839666, 37.451749 ], [ -1.974969, 37.617613 ], [ -2.011534, 37.691677 ], [ -1.998427, 37.732171 ], [ -2.006536, 37.780862 ], [ -1.978614, 37.869956 ], [ -2.095245, 37.878347 ], [ -2.12803, 37.899264 ], [ -2.171408, 37.889855 ] ] ], [ [ [ -0.720839, 37.662983 ], [ -0.735186, 37.662809 ], [ -0.736222, 37.674523 ], [ -0.728917, 37.676346 ], [ -0.720839, 37.662983 ] ] ], [ [ [ -0.732272, 37.736338 ], [ -0.745407, 37.742832 ], [ -0.739511, 37.75451 ], [ -0.732505, 37.75006 ], [ -0.732272, 37.736338 ] ] ], [ [ [ -0.771646, 37.707305 ], [ -0.768299, 37.686398 ], [ -0.779524, 37.696436 ], [ -0.771646, 37.707305 ] ] ] ] } },
{ "type": "Feature", "properties": { "loc": "ES630" }, "geometry": { "type": "MultiPolygon", "coordinates": [ [ [ [ -5.28728, 35.8907 ], [ -5.307073, 35.884108 ], [ -5.311468, 35.888248 ], [ -5.287173, 35.906961 ], [ -5.28728, 35.8907 ] ] ], [ [ [ -5.320084, 35.894294 ], [ -5.355709, 35.873625 ], [ -5.381935, 35.913023 ], [ -5.363051, 35.914728 ], [ -5.320084, 35.894294 ] ] ] ] } },
{ "type": "Feature", "properties": { "loc": "ES640" }, "geometry": { "type": "Polygon", "coordinates": [ [ [ -2.928123, 35.273081 ], [ -2.951402, 35.269033 ], [ -2.970089, 35.28943 ], [ -2.952486, 35.319769 ], [ -2.928123, 35.273081 ] ] ] } },
{ "type": "Feature", "properties": { "loc": "ES703" }, "geometry": { "type": "Polygon", "coordinates": [ [ [ -17.905128, 27.84169 ], [ -17.884939, 27.802052 ], [ -17.928156, 27.732103 ], [ -17.956985, 27.720206 ], [ -17.977878, 27.641101 ], [ -18.011616, 27.651156 ], [ -18.050897, 27.692708 ], [ -18.158359, 27.712901 ], [ -18.150969, 27.759712 ], [ -18.129553, 27.771129 ], [ -18.081183, 27.753401 ], [ -18.037278, 27.762523 ], [ -17.989004, 27.800752 ], [ -17.991965, 27.821703 ], [ -17.936272, 27.848082 ], [ -17.905128, 27.84169 ] ] ] } },
{ "type": "Feature", "properties": { "loc": "ES704" }, "geometry": { "type": "MultiPolygon", "coordinates": [ [ [ [ -13.812382, 28.765022 ], [ -13.819373, 28.735379 ], [ -13.836004, 28.751646 ], [ -13.812382, 28.765022 ] ] ], [ [ [ -13.888194, 28.756429 ], [ -13.843319, 28.725901 ], [ -13.831117, 28.692606 ], [ -13.826096, 28.553425 ], [ -13.867304, 28.480666 ], [ -13.852983, 28.39386 ], [ -13.894592, 28.323743 ], [ -13.9023, 28.275652 ], [ -13.935881, 28.234616 ], [ -14.221384, 28.162999 ], [ -14.330703, 28.045248 ], [ -14.503841, 28.073591 ], [ -14.491591, 28.108695 ], [ -14.441578, 28.101418 ], [ -14.370588, 28.118065 ], [ -14.223809, 28.216019 ], [ -14.200842, 28.33107 ], [ -14.164035, 28.368469 ], [ -14.145873, 28.438504 ], [ -14.101143, 28.475343 ], [ -14.033702, 28.595627 ], [ -14.038558, 28.614091 ], [ -14.009638, 28.674838 ], [ -14.016234, 28.710872 ], [ -13.888194, 28.756429 ] ] ] ] } },
{ "type": "Feature", "properties": { "loc": "ES705" }, "geometry": { "type": "Polygon", "coordinates": [ [ [ -15.428892, 28.12921 ], [ -15.411776, 28.100412 ], [ -15.414833, 28.046743 ], [ -15.375165, 28.00878 ], [ -15.380055, 27.949231 ], [ -15.358757, 27.932521 ], [ -15.382583, 27.929473 ], [ -15.386041, 27.857993 ], [ -15.414416, 27.845229 ], [ -15.428189, 27.805261 ], [ -15.522235, 27.779641 ], [ -15.566395, 27.754996 ], [ -15.569547, 27.739071 ], [ -15.600288, 27.735501 ], [ -15.673039, 27.749819 ], [ -15.788031, 27.835748 ], [ -15.83347, 27.912111 ], [ -15.83403, 27.971471 ], [ -15.821308, 28.013741 ], [ -15.790621, 28.019462 ], [ -15.709197, 28.086673 ], [ -15.697047, 28.150935 ], [ -15.708422, 28.165115 ], [ -15.636506, 28.170713 ], [ -15.600405, 28.144841 ], [ -15.52527, 28.15401 ], [ -15.467617, 28.12613 ], [ -15.432157, 28.145991 ], [ -15.439301, 28.16845 ], [ -15.405911, 28.175659 ], [ -15.428892, 28.12921 ] ] ] } },
{ "type": "Feature", "properties": { "loc": "ES706" }, "geometry": { "type": "Polygon", "coordinates": [ [ [ -17.276403, 28.21749 ], [ -17.195793, 28.198683 ], [ -17.103475, 28.127129 ], [ -17.099567, 28.094946 ], [ -17.201103, 28.023968 ], [ -17.271394, 28.026355 ], [ -17.348479, 28.099861 ], [ -17.34648, 28.147258 ], [ -17.317264, 28.204349 ], [ -17.276403, 28.21749 ] ] ] } },
{ "type": "Feature", "properties": { "loc": "ES707" }, "geometry": { "type": "Polygon", "coordinates": [ [ [ -17.892639, 28.84153 ], [ -17.778101, 28.838581 ], [ -17.724713, 28.741062 ], [ -17.77035, 28.676042 ], [ -17.750401, 28.621249 ], [ -17.759563, 28.573907 ], [ -17.843691, 28.454486 ], [ -17.866544, 28.471152 ], [ -17.880019, 28.537413 ], [ -18.005317, 28.755149 ], [ -18.002905, 28.786024 ], [ -17.946715, 28.842003 ], [ -17.920458, 28.856446 ], [ -17.892639, 28.84153 ] ] ] } },
{ "type": "Feature", "properties": { "loc": "ES708" }, "geometry": { "type": "MultiPolygon", "coordinates": [ [ [ [ -13.464257, 29.128099 ], [ -13.448469, 29.08951 ], [ -13.465387, 29.019682 ], [ -13.541987, 28.959259 ], [ -13.597684, 28.948256 ], [ -13.642976, 28.919832 ], [ -13.738957, 28.904349 ], [ -13.787124, 28.839726 ], [ -13.801091, 28.858587 ], [ -13.876619, 28.860352 ], [ -13.880857, 28.887252 ], [ -13.830103, 28.928888 ], [ -13.833374, 28.990052 ], [ -13.81644, 29.03147 ], [ -13.752215, 29.078806 ], [ -13.707653, 29.080175 ], [ -13.65996, 29.122022 ], [ -13.633211, 29.116582 ], [ -13.604224, 29.135171 ], [ -13.541143, 29.123189 ], [ -13.496239, 29.218126 ], [ -13.470204, 29.237517 ], [ -13.420026, 29.201412 ], [ -13.428692, 29.15543 ], [ -13.464257, 29.128099 ] ] ], [ [ [ -13.475852, 29.274519 ], [ -13.522708, 29.218412 ], [ -13.548654, 29.225763 ], [ -13.526611, 29.242943 ], [ -13.511277, 29.291293 ], [ -13.475852, 29.274519 ] ] ], [ [ [ -13.506452, 29.385168 ], [ -13.532261, 29.397315 ], [ -13.504949, 29.416453 ], [ -13.489145, 29.40196 ], [ -13.506452, 29.385168 ] ] ], [ [ [ -13.531357, 29.289791 ], [ -13.541537, 29.30328 ], [ -13.530207, 29.307769 ], [ -13.531357, 29.289791 ] ] ] ] } },
{ "type": "Feature", "properties": { "loc": "ES709" }, "geometry": { "type": "Polygon", "coordinates": [ [ [ -16.136226, 28.580067 ], [ -16.129311, 28.534657 ], [ -16.234314, 28.48496 ], [ -16.252165, 28.456093 ], [ -16.357028, 28.380393 ], [ -16.361257, 28.313094 ], [ -16.422161, 28.206663 ], [ -16.430995, 28.146727 ], [ -16.543575, 28.03087 ], [ -16.684562, 28.000052 ], [ -16.70446, 28.009066 ], [ -16.739624, 28.086559 ], [ -16.83223, 28.20216 ], [ -16.842004, 28.262133 ], [ -16.921907, 28.350064 ], [ -16.836376, 28.390375 ], [ -16.750394, 28.374394 ], [ -16.515869, 28.420442 ], [ -16.433584, 28.485841 ], [ -16.410794, 28.526945 ], [ -16.322767, 28.575271 ], [ -16.221326, 28.567036 ], [ -16.15888, 28.587434 ], [ -16.136226, 28.580067 ] ] ] } },
{ "type": "Feature", "properties": { "loc": "ES114" }, "geometry": { "type": "MultiPolygon", "coordinates": [ [ [ [ -7.930711, 42.578574 ], [ -7.993363, 42.569378 ], [ -8.020831, 42.545233 ], [ -8.1473, 42.55126 ], [ -8.177281, 42.568455 ], [ -8.299342, 42.493976 ], [ -8.35111, 42.480345 ], [ -8.317276, 42.386806 ], [ -8.320477, 42.346329 ], [ -8.263657, 42.312259 ], [ -8.263415, 42.255481 ], [ -8.228423, 42.234985 ], [ -8.169729, 42.242933 ], [ -8.167316, 42.223928 ], [ -8.185159, 42.212161 ], [ -8.165443, 42.17888 ], [ -8.183226, 42.159122 ], [ -8.336224, 42.086529 ], [ -8.518153, 42.077643 ], [ -8.545974, 42.055571 ], [ -8.632583, 42.047877 ], [ -8.668024, 41.999777 ], [ -8.73306, 41.970862 ], [ -8.756337, 41.935224 ], [ -8.863186, 41.872066 ], [ -8.880092, 41.889972 ], [ -8.894242, 42.105728 ], [ -8.828514, 42.120236 ], [ -8.836843, 42.153189 ], [ -8.766629, 42.22339 ], [ -8.621999, 42.290564 ], [ -8.614207, 42.335844 ], [ -8.635448, 42.34237 ], [ -8.659004, 42.296241 ], [ -8.683949, 42.284525 ], [ -8.726022, 42.284828 ], [ -8.792258, 42.25234 ], [ -8.864002, 42.254421 ], [ -8.855646, 42.297563 ], [ -8.822762, 42.286056 ], [ -8.828632, 42.336968 ], [ -8.771891, 42.334129 ], [ -8.674724, 42.421124 ], [ -8.697462, 42.432462 ], [ -8.769761, 42.39418 ], [ -8.838233, 42.389952 ], [ -8.87347, 42.41534 ], [ -8.88584, 42.452669 ], [ -8.937221, 42.468923 ], [ -8.845801, 42.494043 ], [ -8.86615, 42.454406 ], [ -8.825347, 42.457722 ], [ -8.827131, 42.484013 ], [ -8.810216, 42.50147 ], [ -8.830751, 42.565903 ], [ -8.773933, 42.598779 ], [ -8.713958, 42.705675 ], [ -8.649425, 42.725804 ], [ -8.611529, 42.717641 ], [ -8.597279, 42.741128 ], [ -8.551325, 42.758083 ], [ -8.467146, 42.745512 ], [ -8.412192, 42.755049 ], [ -8.38996, 42.786312 ], [ -8.334928, 42.795633 ], [ -8.335211, 42.839318 ], [ -8.28091, 42.814489 ], [ -8.255978, 42.833082 ], [ -8.212507, 42.826545 ], [ -8.215411, 42.841812 ], [ -8.183146, 42.857816 ], [ -8.139595, 42.844749 ], [ -8.078719, 42.852808 ], [ -8.049882, 42.833635 ], [ -7.999684, 42.848858 ], [ -7.959962, 42.84058 ], [ -7.979832, 42.809169 ], [ -7.976432, 42.778744 ], [ -7.864396, 42.706923 ], [ -7.889593, 42.680314 ], [ -7.893689, 42.630296 ], [ -7.930711, 42.578574 ] ] ], [ [ [ -8.699065, 42.411576 ], [ -8.710272, 42.402727 ], [ -8.718383, 42.411182 ], [ -8.713062, 42.418534 ], [ -8.699065, 42.411576 ] ] ], [ [ [ -8.778664, 42.622422 ], [ -8.78739, 42.607116 ], [ -8.797561, 42.615774 ], [ -8.792527, 42.624526 ], [ -8.778664, 42.622422 ] ] ], [ [ [ -8.889194, 42.567079 ], [ -8.855883, 42.56555 ], [ -8.872566, 42.525091 ], [ -8.870575, 42.558817 ], [ -8.889194, 42.567079 ] ] ], [ [ [ -8.893402, 42.198512 ], [ -8.908683, 42.189432 ], [ -8.91384, 42.193957 ], [ -8.910645, 42.206762 ], [ -8.893402, 42.198512 ] ] ], [ [ [ -8.897988, 42.215534 ], [ -8.911268, 42.212905 ], [ -8.914751, 42.252874 ], [ -8.902089, 42.2459 ], [ -8.897988, 42.215534 ] ] ], [ [ [ -8.923911, 42.39268 ], [ -8.938959, 42.354827 ], [ -8.945083, 42.380731 ], [ -8.923911, 42.39268 ] ] ] ] } },
{ "type": "Feature", "properties": { "loc": "ES120" }, "geometry": { "type": "Polygon", "coordinates": [ [ [ -7.031837, 43.544471 ], [ -6.943177, 43.571987 ], [ -6.800932, 43.556741 ], [ -6.632227, 43.569442 ], [ -6.53627, 43.548965 ], [ -6.463038, 43.565258 ], [ -6.358696, 43.552717 ], [ -6.238615, 43.589233 ], [ -6.104721, 43.557922 ], [ -6.029271, 43.583772 ], [ -5.956372, 43.581733 ], [ -5.845058, 43.653696 ], [ -5.79134, 43.630816 ], [ -5.758537, 43.589424 ], [ -5.703291, 43.569509 ], [ -5.684517, 43.544679 ], [ -5.411524, 43.553633 ], [ -5.291447, 43.53138 ], [ -5.210623, 43.476375 ], [ -5.120108, 43.48091 ], [ -4.924519, 43.457641 ], [ -4.621383, 43.397735 ], [ -4.512301, 43.393204 ], [ -4.536615, 43.347954 ], [ -4.519616, 43.306317 ], [ -4.529875, 43.275214 ], [ -4.606964, 43.297607 ], [ -4.636013, 43.268773 ], [ -4.72721, 43.256674 ], [ -4.740631, 43.188204 ], [ -4.841038, 43.180709 ], [ -4.869157, 43.225326 ], [ -4.906886, 43.236547 ], [ -4.998606, 43.176043 ], [ -5.07353, 43.178745 ], [ -5.104344, 43.103111 ], [ -5.152228, 43.112194 ], [ -5.286609, 43.079271 ], [ -5.36655, 43.093752 ], [ -5.393909, 43.049761 ], [ -5.47567, 43.051396 ], [ -5.493631, 43.024412 ], [ -5.543085, 43.019831 ], [ -5.691053, 43.055094 ], [ -5.728086, 43.039324 ], [ -5.766706, 42.971957 ], [ -5.801701, 42.964084 ], [ -5.911863, 42.994022 ], [ -5.957503, 43.021804 ], [ -5.978852, 43.064713 ], [ -6.020014, 43.056371 ], [ -6.081151, 43.072935 ], [ -6.100408, 43.031052 ], [ -6.134688, 43.023315 ], [ -6.180735, 43.046717 ], [ -6.210905, 43.043964 ], [ -6.232687, 43.011975 ], [ -6.360418, 43.056089 ], [ -6.392276, 43.037483 ], [ -6.418837, 42.993069 ], [ -6.475293, 42.988008 ], [ -6.47109, 42.96958 ], [ -6.437942, 42.963058 ], [ -6.439942, 42.942241 ], [ -6.549598, 42.913284 ], [ -6.685776, 42.922354 ], [ -6.764062, 42.883463 ], [ -6.838705, 42.924299 ], [ -6.83951, 42.958967 ], [ -6.869371, 42.984031 ], [ -6.91205, 42.994647 ], [ -6.950924, 43.029593 ], [ -6.966093, 42.997967 ], [ -6.991795, 43.023088 ], [ -6.948082, 43.07413 ], [ -6.836095, 43.118891 ], [ -6.832049, 43.153194 ], [ -6.868348, 43.175136 ], [ -6.930211, 43.140551 ], [ -6.958771, 43.142752 ], [ -6.975566, 43.199064 ], [ -7.052256, 43.239796 ], [ -7.068774, 43.300873 ], [ -7.107507, 43.313597 ], [ -7.135697, 43.371502 ], [ -7.172739, 43.390746 ], [ -7.165943, 43.424521 ], [ -7.107153, 43.430803 ], [ -7.051493, 43.48091 ], [ -7.031837, 43.544471 ] ] ] } },
{ "type": "Feature", "properties": { "loc": "ES130" }, "geometry": { "type": "MultiPolygon", "coordinates": [ [ [ [ -4.04593, 42.766567 ], [ -4.081359, 42.761417 ], [ -4.097938, 42.820482 ], [ -4.117641, 42.793495 ], [ -4.184985, 42.809949 ], [ -4.140487, 42.835303 ], [ -4.133429, 42.856151 ], [ -4.217629, 42.854248 ], [ -4.2451, 42.955104 ], [ -4.346984, 42.975471 ], [ -4.398307, 43.032309 ], [ -4.443113, 43.054649 ], [ -4.560121, 43.023654 ], [ -4.737023, 43.020923 ], [ -4.740062, 43.051144 ], [ -4.843891, 43.120841 ], [ -4.841038, 43.180709 ], [ -4.740631, 43.188204 ], [ -4.72721, 43.256674 ], [ -4.636013, 43.268773 ], [ -4.606964, 43.297607 ], [ -4.529875, 43.275214 ], [ -4.519616, 43.306317 ], [ -4.536615, 43.347954 ], [ -4.512301, 43.393204 ], [ -4.220055, 43.397213 ], [ -4.08604, 43.434052 ], [ -3.97852, 43.443945 ], [ -3.943087, 43.468247 ], [ -3.79062, 43.491469 ], [ -3.779429, 43.466993 ], [ -3.832371, 43.440286 ], [ -3.810633, 43.424598 ], [ -3.813847, 43.405767 ], [ -3.768945, 43.445872 ], [ -3.749807, 43.434592 ], [ -3.747286, 43.456378 ], [ -3.715512, 43.475211 ], [ -3.589828, 43.512333 ], [ -3.435967, 43.460798 ], [ -3.439619, 43.429105 ], [ -3.4265, 43.417088 ], [ -3.245145, 43.399298 ], [ -3.153338, 43.353222 ], [ -3.160096, 43.302147 ], [ -3.213369, 43.284948 ], [ -3.334243, 43.298298 ], [ -3.345786, 43.276693 ], [ -3.447206, 43.234101 ], [ -3.417681, 43.133369 ], [ -3.600488, 43.152237 ], [ -3.650538, 43.17866 ], [ -3.708544, 43.115209 ], [ -3.763324, 43.083422 ], [ -3.84539, 43.082141 ], [ -3.836826, 43.062225 ], [ -3.850949, 43.04322 ], [ -3.888128, 43.039916 ], [ -3.952241, 43.000288 ], [ -3.988242, 42.931863 ], [ -3.973816, 42.913614 ], [ -3.931361, 42.905041 ], [ -3.883425, 42.948112 ], [ -3.842368, 42.94075 ], [ -3.838076, 42.920764 ], [ -3.898101, 42.903217 ], [ -3.908721, 42.864979 ], [ -3.881958, 42.855159 ], [ -3.862522, 42.88345 ], [ -3.836802, 42.876648 ], [ -3.818779, 42.807783 ], [ -3.858229, 42.787824 ], [ -3.893971, 42.800373 ], [ -3.913364, 42.771483 ], [ -3.953814, 42.761243 ], [ -3.99967, 42.768932 ], [ -4.007195, 42.829937 ], [ -4.04593, 42.766567 ] ] ], [ [ [ -3.269397, 43.206493 ], [ -3.29417, 43.207001 ], [ -3.30317, 43.254536 ], [ -3.266863, 43.266874 ], [ -3.252841, 43.261146 ], [ -3.269397, 43.206493 ] ] ] ] } },
{ "type": "Feature", "properties": { "loc": "ES211" }, "geometry": { "type": "Polygon", "coordinates": [ [ [ -2.420719, 42.489269 ], [ -2.498287, 42.490987 ], [ -2.515663, 42.504141 ], [ -2.587975, 42.481627 ], [ -2.608769, 42.495912 ], [ -2.646458, 42.491614 ], [ -2.697453, 42.524723 ], [ -2.6952, 42.597774 ], [ -2.756328, 42.61763 ], [ -2.822363, 42.562883 ], [ -2.826481, 42.606529 ], [ -2.891481, 42.655146 ], [ -2.907555, 42.691928 ], [ -2.982507, 42.709777 ], [ -3.056916, 42.761268 ], [ -3.136687, 42.762496 ], [ -3.129145, 42.786453 ], [ -3.152534, 42.808301 ], [ -3.112427, 42.866472 ], [ -3.115286, 42.885511 ], [ -3.158963, 42.860063 ], [ -3.192749, 42.863211 ], [ -3.223577, 42.835601 ], [ -3.280829, 42.880548 ], [ -3.218706, 42.946978 ], [ -3.083202, 42.900912 ], [ -3.024857, 42.909298 ], [ -2.988404, 42.939247 ], [ -3.033944, 42.968474 ], [ -3.036989, 42.982185 ], [ -2.99263, 42.989698 ], [ -2.989001, 43.007372 ], [ -3.027157, 43.020361 ], [ -3.033321, 43.045229 ], [ -3.05457, 43.042145 ], [ -3.089023, 43.001583 ], [ -3.165088, 43.0177 ], [ -3.145906, 43.03646 ], [ -3.139154, 43.10077 ], [ -3.177163, 43.120841 ], [ -3.160314, 43.150665 ], [ -3.141396, 43.161483 ], [ -3.073378, 43.149458 ], [ -3.030411, 43.165554 ], [ -3.018343, 43.203871 ], [ -2.986753, 43.199183 ], [ -2.940674, 43.140936 ], [ -2.970133, 43.097269 ], [ -2.894596, 43.048479 ], [ -2.764794, 43.02741 ], [ -2.635819, 43.022348 ], [ -2.655748, 43.075913 ], [ -2.546387, 43.088009 ], [ -2.528293, 43.045657 ], [ -2.596898, 43.004881 ], [ -2.583932, 42.967766 ], [ -2.357006, 42.947847 ], [ -2.250807, 42.895691 ], [ -2.234337, 42.841524 ], [ -2.278118, 42.785323 ], [ -2.266024, 42.749879 ], [ -2.319367, 42.729088 ], [ -2.293676, 42.653252 ], [ -2.353884, 42.635186 ], [ -2.416823, 42.660456 ], [ -2.497878, 42.613091 ], [ -2.490407, 42.588956 ], [ -2.452994, 42.570541 ], [ -2.423429, 42.602402 ], [ -2.399638, 42.594901 ], [ -2.394935, 42.519794 ], [ -2.419821, 42.510378 ], [ -2.420719, 42.489269 ] ], [ [ -2.767563, 42.66703 ], [ -2.66028, 42.668297 ], [ -2.628559, 42.649887 ], [ -2.543935, 42.640256 ], [ -2.525329, 42.649902 ], [ -2.529816, 42.682129 ], [ -2.569597, 42.671002 ], [ -2.603082, 42.698024 ], [ -2.565357, 42.757501 ], [ -2.739384, 42.793562 ], [ -2.835128, 42.792403 ], [ -2.86443, 42.740982 ], [ -2.783985, 42.695945 ], [ -2.767563, 42.66703 ] ], [ [ -2.966129, 43.001956 ], [ -2.976496, 42.988504 ], [ -2.954896, 42.999064 ], [ -2.966129, 43.001956 ] ] ] } },
{ "type": "Feature", "properties": { "loc": "ES212" }, "geometry": { "type": "Polygon", "coordinates": [ [ [ -1.728903, 43.296089 ], [ -1.785343, 43.283555 ], [ -1.797183, 43.247228 ], [ -1.830129, 43.227831 ], [ -1.860453, 43.216631 ], [ -1.874574, 43.227349 ], [ -1.885282, 43.209135 ], [ -1.912176, 43.219498 ], [ -1.920936, 43.177955 ], [ -1.906301, 43.135157 ], [ -2.018005, 43.068253 ], [ -2.039956, 43.02579 ], [ -2.036922, 42.98545 ], [ -2.091924, 42.972511 ], [ -2.112491, 42.945141 ], [ -2.175082, 42.936345 ], [ -2.208377, 42.948315 ], [ -2.234288, 42.926807 ], [ -2.239263, 42.898918 ], [ -2.286944, 42.903516 ], [ -2.357006, 42.947847 ], [ -2.531615, 42.970929 ], [ -2.5446, 42.955181 ], [ -2.598944, 42.980645 ], [ -2.596898, 43.004881 ], [ -2.528293, 43.045657 ], [ -2.546387, 43.088009 ], [ -2.504506, 43.104925 ], [ -2.491736, 43.215611 ], [ -2.428199, 43.261146 ], [ -2.434995, 43.294349 ], [ -2.412847, 43.321083 ], [ -2.322707, 43.297647 ], [ -2.226544, 43.309256 ], [ -2.176882, 43.289139 ], [ -2.128506, 43.290071 ], [ -1.908991, 43.340064 ], [ -1.861821, 43.372671 ], [ -1.794429, 43.391926 ], [ -1.785978, 43.350479 ], [ -1.741952, 43.329388 ], [ -1.728903, 43.296089 ] ] ] } },
{ "type": "Feature", "properties": { "loc": "ES213" }, "geometry": { "type": "MultiPolygon", "coordinates": [ [ [ [ -2.412847, 43.321083 ], [ -2.434995, 43.294349 ], [ -2.428199, 43.261146 ], [ -2.491736, 43.215611 ], [ -2.504506, 43.104925 ], [ -2.655748, 43.075913 ], [ -2.635819, 43.022348 ], [ -2.894596, 43.048479 ], [ -2.970133, 43.097269 ], [ -2.940674, 43.140936 ], [ -2.947655, 43.162343 ], [ -2.986753, 43.199183 ], [ -3.018343, 43.203871 ], [ -3.030411, 43.165554 ], [ -3.073378, 43.149458 ], [ -3.108845, 43.146959 ], [ -3.160626, 43.17669 ], [ -3.224093, 43.175152 ], [ -3.259968, 43.197235 ], [ -3.417681, 43.133369 ], [ -3.447206, 43.234101 ], [ -3.345786, 43.276693 ], [ -3.334243, 43.298298 ], [ -3.213369, 43.284948 ], [ -3.160096, 43.302147 ], [ -3.153338, 43.353222 ], [ -3.092481, 43.359656 ], [ -3.020275, 43.328973 ], [ -3.029088, 43.376171 ], [ -2.936882, 43.433476 ], [ -2.813268, 43.432019 ], [ -2.75467, 43.45077 ], [ -2.692171, 43.40657 ], [ -2.644951, 43.413884 ], [ -2.619722, 43.393961 ], [ -2.511603, 43.375241 ], [ -2.412847, 43.321083 ] ], [ [ -3.269397, 43.206493 ], [ -3.252841, 43.261146 ], [ -3.266863, 43.266874 ], [ -3.30317, 43.254536 ], [ -3.29417, 43.207001 ], [ -3.269397, 43.206493 ] ] ], [ [ [ -2.976496, 42.988504 ], [ -2.966129, 43.001956 ], [ -2.954896, 42.999064 ], [ -2.976496, 42.988504 ] ] ], [ [ [ -3.089023, 43.001583 ], [ -3.05457, 43.042145 ], [ -3.033321, 43.045229 ], [ -3.027157, 43.020361 ], [ -2.989001, 43.007372 ], [ -2.99263, 42.989698 ], [ -3.036989, 42.982185 ], [ -3.067786, 43.005098 ], [ -3.089023, 43.001583 ] ] ] ] } },
{ "type": "Feature", "properties": { "loc": "ES421" }, "geometry": { "type": "Polygon", "coordinates": [ [ [ -0.928884, 38.78384 ], [ -0.958874, 38.771106 ], [ -0.92219, 38.68932 ], [ -0.962998, 38.658272 ], [ -1.02687, 38.655509 ], [ -1.109181, 38.707283 ], [ -1.122784, 38.737484 ], [ -1.180789, 38.753694 ], [ -1.249804, 38.737607 ], [ -1.336416, 38.679947 ], [ -1.367123, 38.701576 ], [ -1.391713, 38.694681 ], [ -1.443894, 38.652724 ], [ -1.452669, 38.584468 ], [ -1.496084, 38.538969 ], [ -1.479247, 38.379462 ], [ -1.589307, 38.311585 ], [ -1.665046, 38.311864 ], [ -1.689555, 38.335811 ], [ -1.694627, 38.369316 ], [ -1.742962, 38.378142 ], [ -1.792228, 38.368271 ], [ -1.792198, 38.356158 ], [ -1.902847, 38.300791 ], [ -1.983229, 38.282657 ], [ -2.051911, 38.303299 ], [ -2.11262, 38.240396 ], [ -2.213493, 38.20182 ], [ -2.262103, 38.112796 ], [ -2.328143, 38.067167 ], [ -2.341602, 38.02602 ], [ -2.371962, 38.023553 ], [ -2.551274, 38.084118 ], [ -2.447079, 38.190084 ], [ -2.437867, 38.272389 ], [ -2.482715, 38.300085 ], [ -2.484245, 38.394089 ], [ -2.569961, 38.414773 ], [ -2.569851, 38.491044 ], [ -2.592158, 38.509211 ], [ -2.686178, 38.498681 ], [ -2.762069, 38.532779 ], [ -2.750332, 38.547582 ], [ -2.76291, 38.572767 ], [ -2.754249, 38.622995 ], [ -2.701594, 38.626528 ], [ -2.668768, 38.651982 ], [ -2.640112, 38.737696 ], [ -2.742125, 38.79968 ], [ -2.769635, 38.883812 ], [ -2.87928, 38.940062 ], [ -2.810759, 39.032883 ], [ -2.8087, 39.078454 ], [ -2.836892, 39.13472 ], [ -2.728911, 39.260483 ], [ -2.742248, 39.318184 ], [ -2.610289, 39.340078 ], [ -2.545427, 39.324531 ], [ -2.510065, 39.339178 ], [ -2.37712, 39.236682 ], [ -2.327755, 39.28428 ], [ -2.286135, 39.22909 ], [ -2.171408, 39.280321 ], [ -2.060416, 39.267513 ], [ -2.092902, 39.356783 ], [ -2.024437, 39.351986 ], [ -2.024574, 39.333173 ], [ -1.986821, 39.295767 ], [ -1.89348, 39.304669 ], [ -1.773149, 39.282085 ], [ -1.740201, 39.319474 ], [ -1.487635, 39.419371 ], [ -1.456421, 39.394947 ], [ -1.44789, 39.363976 ], [ -1.416283, 39.378265 ], [ -1.343373, 39.337495 ], [ -1.166484, 39.306335 ], [ -1.18058, 39.214598 ], [ -1.253751, 39.104911 ], [ -1.26447, 39.049349 ], [ -1.1437, 38.930328 ], [ -0.961651, 38.942421 ], [ -0.927394, 38.890054 ], [ -0.928884, 38.78384 ] ] ] } },
{ "type": "Feature", "properties": { "loc": "ES422" }, "geometry": { "type": "MultiPolygon", "coordinates": [ [ [ [ -2.782491, 39.394945 ], [ -2.728911, 39.260483 ], [ -2.836892, 39.13472 ], [ -2.8087, 39.078454 ], [ -2.810759, 39.032883 ], [ -2.87928, 38.940062 ], [ -2.769635, 38.883812 ], [ -2.742125, 38.79968 ], [ -2.640112, 38.737696 ], [ -2.653654, 38.677966 ], [ -2.701594, 38.626528 ], [ -2.754249, 38.622995 ], [ -2.76291, 38.572767 ], [ -2.750332, 38.547582 ], [ -2.789762, 38.506901 ], [ -2.880935, 38.458149 ], [ -2.964672, 38.467964 ], [ -2.991616, 38.447664 ], [ -3.00248, 38.412071 ], [ -3.065182, 38.474952 ], [ -3.138159, 38.439443 ], [ -3.328022, 38.481535 ], [ -3.371622, 38.474685 ], [ -3.382831, 38.436932 ], [ -3.457142, 38.400032 ], [ -3.525181, 38.409836 ], [ -3.541606, 38.442892 ], [ -3.573529, 38.450994 ], [ -3.603848, 38.397716 ], [ -3.78566, 38.424481 ], [ -3.826313, 38.413359 ], [ -3.852658, 38.37738 ], [ -3.919509, 38.369114 ], [ -4.259431, 38.399898 ], [ -4.276863, 38.383207 ], [ -4.268895, 38.347213 ], [ -4.289547, 38.346203 ], [ -4.451252, 38.403146 ], [ -4.512232, 38.460878 ], [ -4.601431, 38.491636 ], [ -4.627737, 38.525123 ], [ -4.709943, 38.570219 ], [ -4.857043, 38.614649 ], [ -4.875812, 38.684326 ], [ -4.9946, 38.692832 ], [ -5.015204, 38.719553 ], [ -5.046996, 38.729133 ], [ -4.988467, 38.749256 ], [ -4.930409, 38.865315 ], [ -4.90528, 38.884575 ], [ -4.854778, 38.891155 ], [ -4.842413, 38.913616 ], [ -4.851912, 38.943539 ], [ -4.922417, 38.970849 ], [ -4.950372, 39.0497 ], [ -4.880796, 39.037237 ], [ -4.84103, 39.050837 ], [ -4.865671, 39.114298 ], [ -4.807176, 39.190426 ], [ -4.683102, 39.18499 ], [ -4.749806, 39.306865 ], [ -4.700983, 39.35478 ], [ -4.677663, 39.412752 ], [ -4.687733, 39.450336 ], [ -4.621345, 39.454836 ], [ -4.611183, 39.48581 ], [ -4.563778, 39.502901 ], [ -4.558108, 39.53293 ], [ -4.524608, 39.558226 ], [ -4.493158, 39.542056 ], [ -4.505587, 39.522777 ], [ -4.467085, 39.481345 ], [ -4.440329, 39.520914 ], [ -4.325023, 39.485342 ], [ -4.243007, 39.479384 ], [ -4.195084, 39.495905 ], [ -4.159181, 39.573724 ], [ -4.045939, 39.573954 ], [ -4.032573, 39.524488 ], [ -4.061764, 39.515698 ], [ -4.069614, 39.458 ], [ -4.116173, 39.454654 ], [ -4.144998, 39.366751 ], [ -4.103388, 39.344033 ], [ -4.068645, 39.36345 ], [ -3.977613, 39.350967 ], [ -3.96023, 39.296824 ], [ -3.854354, 39.259231 ], [ -3.791957, 39.291885 ], [ -3.721308, 39.271831 ], [ -3.672367, 39.297233 ], [ -3.537499, 39.303518 ], [ -3.478757, 39.344404 ], [ -3.465417, 39.375196 ], [ -3.41335, 39.402335 ], [ -3.31241, 39.402421 ], [ -3.314028, 39.435201 ], [ -3.288689, 39.470439 ], [ -3.190968, 39.474979 ], [ -3.149297, 39.495579 ], [ -3.067834, 39.451643 ], [ -3.004378, 39.44336 ], [ -2.961249, 39.448149 ], [ -2.931376, 39.471519 ], [ -2.872976, 39.391136 ], [ -2.892762, 39.37132 ], [ -2.885041, 39.354984 ], [ -2.837858, 39.353168 ], [ -2.782491, 39.394945 ] ] ], [ [ [ -4.755411, 39.41576 ], [ -4.873382, 39.37075 ], [ -4.940783, 39.395164 ], [ -4.905036, 39.499528 ], [ -4.861668, 39.554236 ], [ -4.752485, 39.500471 ], [ -4.744236, 39.456596 ], [ -4.765636, 39.429959 ], [ -4.755411, 39.41576 ] ] ] ] } },
{ "type": "Feature", "properties": { "loc": "ES423" }, "geometry": { "type": "Polygon", "coordinates": [ [ [ -1.505146, 39.418014 ], [ -1.740201, 39.319474 ], [ -1.773149, 39.282085 ], [ -1.89348, 39.304669 ], [ -1.986821, 39.295767 ], [ -2.024574, 39.333173 ], [ -2.024437, 39.351986 ], [ -2.092902, 39.356783 ], [ -2.060416, 39.267513 ], [ -2.171408, 39.280321 ], [ -2.286135, 39.22909 ], [ -2.327755, 39.28428 ], [ -2.37712, 39.236682 ], [ -2.510065, 39.339178 ], [ -2.545427, 39.324531 ], [ -2.610289, 39.340078 ], [ -2.742248, 39.318184 ], [ -2.782491, 39.394945 ], [ -2.837858, 39.353168 ], [ -2.885041, 39.354984 ], [ -2.892762, 39.37132 ], [ -2.872976, 39.391136 ], [ -2.931376, 39.471519 ], [ -2.911461, 39.641839 ], [ -2.996843, 39.719373 ], [ -3.067301, 39.845837 ], [ -3.124351, 39.877006 ], [ -3.098681, 39.933046 ], [ -3.098013, 39.982402 ], [ -3.141472, 39.987305 ], [ -3.168502, 40.041684 ], [ -3.161419, 40.064897 ], [ -3.113324, 40.063157 ], [ -3.060399, 40.091702 ], [ -3.057563, 40.110844 ], [ -3.095627, 40.148273 ], [ -3.054637, 40.16436 ], [ -3.020314, 40.157912 ], [ -3.003124, 40.204338 ], [ -2.910804, 40.160195 ], [ -2.826615, 40.207734 ], [ -2.804569, 40.267446 ], [ -2.814474, 40.368768 ], [ -2.779371, 40.440364 ], [ -2.732066, 40.402044 ], [ -2.695217, 40.409665 ], [ -2.674834, 40.442006 ], [ -2.633373, 40.447682 ], [ -2.520409, 40.427326 ], [ -2.509869, 40.450297 ], [ -2.539101, 40.477351 ], [ -2.533234, 40.535784 ], [ -2.495743, 40.51261 ], [ -2.404592, 40.531557 ], [ -2.385632, 40.546143 ], [ -2.412033, 40.581504 ], [ -2.404751, 40.606317 ], [ -2.375458, 40.605171 ], [ -2.350164, 40.576805 ], [ -2.32189, 40.571268 ], [ -2.293249, 40.582729 ], [ -2.291085, 40.621344 ], [ -2.273499, 40.639207 ], [ -2.21577, 40.621201 ], [ -2.136774, 40.655677 ], [ -1.999774, 40.590702 ], [ -1.960163, 40.605988 ], [ -1.934363, 40.59581 ], [ -1.88734, 40.522888 ], [ -1.854538, 40.431625 ], [ -1.702546, 40.323959 ], [ -1.726536, 40.30569 ], [ -1.720537, 40.280735 ], [ -1.688474, 40.306664 ], [ -1.544852, 40.194508 ], [ -1.441637, 40.194403 ], [ -1.454436, 40.135632 ], [ -1.411797, 40.102734 ], [ -1.375197, 40.01595 ], [ -1.249328, 39.996161 ], [ -1.165154, 40.010109 ], [ -1.147318, 39.988609 ], [ -1.142361, 39.971855 ], [ -1.205904, 39.943577 ], [ -1.200422, 39.860984 ], [ -1.218404, 39.805369 ], [ -1.272215, 39.739724 ], [ -1.2745, 39.684054 ], [ -1.311781, 39.671289 ], [ -1.373893, 39.685747 ], [ -1.419832, 39.65186 ], [ -1.462542, 39.577788 ], [ -1.501558, 39.562554 ], [ -1.503078, 39.498994 ], [ -1.524331, 39.452354 ], [ -1.505146, 39.418014 ] ] ] } },
{ "type": "Feature", "properties": { "loc": "ES424" }, "geometry": { "type": "MultiPolygon", "coordinates": [ [ [ [ -3.067689, 40.157885 ], [ -3.106296, 40.281019 ], [ -3.173948, 40.237472 ], [ -3.192843, 40.249825 ], [ -3.132572, 40.402511 ], [ -3.155823, 40.436743 ], [ -3.197336, 40.445181 ], [ -3.203019, 40.514639 ], [ -3.249876, 40.541302 ], [ -3.291928, 40.535421 ], [ -3.286458, 40.567576 ], [ -3.326597, 40.595328 ], [ -3.326493, 40.637234 ], [ -3.360338, 40.646505 ], [ -3.385015, 40.686493 ], [ -3.410127, 40.672318 ], [ -3.461333, 40.69048 ], [ -3.436987, 40.726639 ], [ -3.446484, 40.763912 ], [ -3.500543, 40.794127 ], [ -3.467496, 40.86517 ], [ -3.442863, 40.879197 ], [ -3.457328, 40.904363 ], [ -3.397061, 41.003132 ], [ -3.435721, 41.044015 ], [ -3.429463, 41.08043 ], [ -3.486742, 41.097053 ], [ -3.539573, 41.164993 ], [ -3.468545, 41.185541 ], [ -3.441076, 41.21403 ], [ -3.405711, 41.215429 ], [ -3.39289, 41.257271 ], [ -3.294576, 41.259193 ], [ -3.277227, 41.271395 ], [ -3.256979, 41.260128 ], [ -3.207373, 41.304245 ], [ -3.057846, 41.275763 ], [ -2.957175, 41.293402 ], [ -2.894611, 41.323608 ], [ -2.871439, 41.313168 ], [ -2.861135, 41.27524 ], [ -2.825433, 41.260416 ], [ -2.781481, 41.254115 ], [ -2.723869, 41.272113 ], [ -2.629688, 41.220686 ], [ -2.594365, 41.220426 ], [ -2.61038, 41.189763 ], [ -2.585422, 41.177185 ], [ -2.584898, 41.147985 ], [ -2.532299, 41.154978 ], [ -2.466096, 41.081672 ], [ -2.418476, 41.062196 ], [ -2.360428, 41.082106 ], [ -2.321021, 41.061104 ], [ -2.267793, 41.069004 ], [ -2.230746, 41.092482 ], [ -2.172308, 41.091305 ], [ -2.131936, 41.111969 ], [ -2.058555, 41.07395 ], [ -2.05169, 41.146858 ], [ -1.954158, 41.169413 ], [ -1.928162, 41.137418 ], [ -1.803767, 41.088262 ], [ -1.617433, 40.943741 ], [ -1.619834, 40.880729 ], [ -1.541054, 40.800276 ], [ -1.542039, 40.762292 ], [ -1.560891, 40.735718 ], [ -1.53879, 40.684781 ], [ -1.562035, 40.617116 ], [ -1.548901, 40.593795 ], [ -1.597287, 40.563995 ], [ -1.677945, 40.587661 ], [ -1.70011, 40.540313 ], [ -1.695519, 40.487447 ], [ -1.746302, 40.464076 ], [ -1.806344, 40.398247 ], [ -1.854538, 40.431625 ], [ -1.88734, 40.522888 ], [ -1.934363, 40.59581 ], [ -1.960163, 40.605988 ], [ -1.999774, 40.590702 ], [ -2.136774, 40.655677 ], [ -2.21577, 40.621201 ], [ -2.273499, 40.639207 ], [ -2.291085, 40.621344 ], [ -2.293249, 40.582729 ], [ -2.32189, 40.571268 ], [ -2.350164, 40.576805 ], [ -2.375458, 40.605171 ], [ -2.404751, 40.606317 ], [ -2.412033, 40.581504 ], [ -2.385632, 40.546143 ], [ -2.404592, 40.531557 ], [ -2.495743, 40.51261 ], [ -2.533234, 40.535784 ], [ -2.539101, 40.477351 ], [ -2.509869, 40.450297 ], [ -2.520409, 40.427326 ], [ -2.633373, 40.447682 ], [ -2.674834, 40.442006 ], [ -2.695217, 40.409665 ], [ -2.732066, 40.402044 ], [ -2.779371, 40.440364 ], [ -2.814474, 40.368768 ], [ -2.804569, 40.267446 ], [ -2.826615, 40.207734 ], [ -2.910804, 40.160195 ], [ -3.003124, 40.204338 ], [ -3.020314, 40.157912 ], [ -3.067689, 40.157885 ] ] ], [ [ [ -3.383354, 40.630128 ], [ -3.373199, 40.639306 ], [ -3.363044, 40.638512 ], [ -3.371535, 40.624788 ], [ -3.383354, 40.630128 ] ] ] ] } },
{ "type": "Feature", "properties": { "loc": "ES425" }, "geometry": { "type": "Polygon", "coordinates": [ [ [ -3.17113, 40.087917 ], [ -3.168502, 40.041684 ], [ -3.141472, 39.987305 ], [ -3.098013, 39.982402 ], [ -3.098681, 39.933046 ], [ -3.124351, 39.877006 ], [ -3.067301, 39.845837 ], [ -2.996843, 39.719373 ], [ -2.911461, 39.641839 ], [ -2.931376, 39.471519 ], [ -2.961249, 39.448149 ], [ -3.004378, 39.44336 ], [ -3.067834, 39.451643 ], [ -3.149297, 39.495579 ], [ -3.190968, 39.474979 ], [ -3.288689, 39.470439 ], [ -3.314028, 39.435201 ], [ -3.31241, 39.402421 ], [ -3.41335, 39.402335 ], [ -3.465417, 39.375196 ], [ -3.478757, 39.344404 ], [ -3.537499, 39.303518 ], [ -3.672367, 39.297233 ], [ -3.721308, 39.271831 ], [ -3.791957, 39.291885 ], [ -3.854354, 39.259231 ], [ -3.96023, 39.296824 ], [ -3.977613, 39.350967 ], [ -4.068645, 39.36345 ], [ -4.103388, 39.344033 ], [ -4.144998, 39.366751 ], [ -4.116173, 39.454654 ], [ -4.069614, 39.458 ], [ -4.061764, 39.515698 ], [ -4.032573, 39.524488 ], [ -4.045939, 39.573954 ], [ -4.159181, 39.573724 ], [ -4.195084, 39.495905 ], [ -4.243007, 39.479384 ], [ -4.325023, 39.485342 ], [ -4.440329, 39.520914 ], [ -4.467085, 39.481345 ], [ -4.505587, 39.522777 ], [ -4.493158, 39.542056 ], [ -4.524608, 39.558226 ], [ -4.558108, 39.53293 ], [ -4.563778, 39.502901 ], [ -4.611183, 39.48581 ], [ -4.621345, 39.454836 ], [ -4.687733, 39.450336 ], [ -4.755411, 39.41576 ], [ -4.765636, 39.429959 ], [ -4.744236, 39.456596 ], [ -4.752485, 39.500471 ], [ -4.861668, 39.554236 ], [ -4.905036, 39.499528 ], [ -4.940783, 39.395164 ], [ -4.952554, 39.395038 ], [ -5.201957, 39.593913 ], [ -5.152577, 39.665409 ], [ -5.140512, 39.713571 ], [ -5.171378, 39.750356 ], [ -5.168748, 39.797494 ], [ -5.20715, 39.795882 ], [ -5.258166, 39.75329 ], [ -5.306434, 39.76196 ], [ -5.311785, 39.81967 ], [ -5.287258, 39.856192 ], [ -5.293227, 39.870898 ], [ -5.324548, 39.891017 ], [ -5.400788, 39.882716 ], [ -5.366068, 39.983361 ], [ -5.367226, 40.099 ], [ -5.336016, 40.115856 ], [ -5.219196, 40.106413 ], [ -5.2018, 40.085499 ], [ -5.171291, 40.086703 ], [ -5.069055, 40.148014 ], [ -5.024849, 40.157428 ], [ -5.009387, 40.111961 ], [ -4.960696, 40.120598 ], [ -4.925771, 40.138718 ], [ -4.91965, 40.171102 ], [ -4.825844, 40.220506 ], [ -4.801097, 40.273338 ], [ -4.761053, 40.26293 ], [ -4.699725, 40.279371 ], [ -4.686326, 40.215899 ], [ -4.653114, 40.199062 ], [ -4.579076, 40.217196 ], [ -4.531677, 40.200678 ], [ -4.447149, 40.235329 ], [ -4.377563, 40.315818 ], [ -4.357862, 40.306383 ], [ -4.345985, 40.239276 ], [ -4.298344, 40.22137 ], [ -4.248521, 40.270771 ], [ -4.207004, 40.271274 ], [ -4.186922, 40.293928 ], [ -4.143484, 40.246876 ], [ -4.105143, 40.243192 ], [ -4.073592, 40.26463 ], [ -4.027163, 40.247893 ], [ -3.996264, 40.213312 ], [ -3.956031, 40.211039 ], [ -3.950162, 40.195504 ], [ -3.874307, 40.189235 ], [ -3.83635, 40.164024 ], [ -3.798774, 40.172946 ], [ -3.752188, 40.134249 ], [ -3.668965, 40.140135 ], [ -3.611282, 40.108943 ], [ -3.622125, 40.057736 ], [ -3.704325, 40.01595 ], [ -3.741517, 39.977601 ], [ -3.731961, 39.966872 ], [ -3.871238, 39.927834 ], [ -3.871837, 39.909902 ], [ -3.807256, 39.888169 ], [ -3.738372, 39.942355 ], [ -3.636208, 39.967216 ], [ -3.63309, 39.987801 ], [ -3.524585, 40.020464 ], [ -3.5006, 40.045825 ], [ -3.398415, 40.036339 ], [ -3.374287, 40.07293 ], [ -3.349628, 40.079041 ], [ -3.278903, 40.049823 ], [ -3.21604, 40.060433 ], [ -3.17113, 40.087917 ] ] ] } },
{ "type": "Feature", "properties": { "loc": "ES220" }, "geometry": { "type": "MultiPolygon", "coordinates": [ [ [ [ -1.785343, 43.283555 ], [ -1.670098, 43.312824 ], [ -1.628745, 43.305524 ], [ -1.606978, 43.25383 ], [ -1.574439, 43.252803 ], [ -1.55893, 43.288592 ], [ -1.532279, 43.294004 ], [ -1.393701, 43.261146 ], [ -1.384762, 43.193118 ], [ -1.419542, 43.126742 ], [ -1.466478, 43.085318 ], [ -1.433879, 43.04641 ], [ -1.35774, 43.032092 ], [ -1.33648, 43.100117 ], [ -1.288144, 43.114889 ], [ -1.303009, 43.074218 ], [ -1.263291, 43.047259 ], [ -1.212903, 43.050124 ], [ -1.138756, 43.01242 ], [ -1.109547, 43.018238 ], [ -1.01307, 42.990235 ], [ -0.946424, 42.956305 ], [ -0.758997, 42.965259 ], [ -0.724501, 42.920158 ], [ -0.777152, 42.921585 ], [ -0.813628, 42.901373 ], [ -0.82053, 42.87098 ], [ -0.855064, 42.842872 ], [ -0.852924, 42.779069 ], [ -0.871961, 42.761493 ], [ -0.896554, 42.759739 ], [ -0.90108, 42.742691 ], [ -0.92298, 42.743972 ], [ -0.969778, 42.705203 ], [ -1.033319, 42.694126 ], [ -1.052069, 42.644835 ], [ -1.150098, 42.645561 ], [ -1.15827, 42.614342 ], [ -1.176046, 42.610176 ], [ -1.16371, 42.598883 ], [ -1.199349, 42.577728 ], [ -1.204152, 42.553388 ], [ -1.264797, 42.553058 ], [ -1.288505, 42.518556 ], [ -1.276419, 42.476258 ], [ -1.340023, 42.423534 ], [ -1.356212, 42.37812 ], [ -1.331992, 42.354382 ], [ -1.39438, 42.293854 ], [ -1.415162, 42.217276 ], [ -1.393989, 42.184346 ], [ -1.395528, 42.12597 ], [ -1.35126, 42.074957 ], [ -1.31371, 42.069881 ], [ -1.305249, 42.04756 ], [ -1.384147, 41.944831 ], [ -1.432514, 41.913989 ], [ -1.491633, 41.924275 ], [ -1.557109, 41.914108 ], [ -1.650985, 41.962783 ], [ -1.714926, 41.957705 ], [ -1.766606, 41.993024 ], [ -1.831904, 41.996933 ], [ -1.900009, 42.036067 ], [ -1.892923, 42.082718 ], [ -1.824923, 42.148107 ], [ -1.718339, 42.137695 ], [ -1.687562, 42.154032 ], [ -1.686183, 42.189127 ], [ -1.86684, 42.255146 ], [ -1.874894, 42.285692 ], [ -1.996513, 42.361011 ], [ -2.085891, 42.347126 ], [ -2.111842, 42.418203 ], [ -2.171408, 42.408401 ], [ -2.290658, 42.466031 ], [ -2.34167, 42.453398 ], [ -2.420719, 42.489269 ], [ -2.419821, 42.510378 ], [ -2.394935, 42.519794 ], [ -2.399638, 42.594901 ], [ -2.423429, 42.602402 ], [ -2.452994, 42.570541 ], [ -2.490407, 42.588956 ], [ -2.497878, 42.613091 ], [ -2.416823, 42.660456 ], [ -2.353884, 42.635186 ], [ -2.293676, 42.653252 ], [ -2.319367, 42.729088 ], [ -2.266024, 42.749879 ], [ -2.278118, 42.785323 ], [ -2.234337, 42.841524 ], [ -2.250807, 42.895691 ], [ -2.234288, 42.926807 ], [ -2.208377, 42.948315 ], [ -2.175082, 42.936345 ], [ -2.112491, 42.945141 ], [ -2.091924, 42.972511 ], [ -2.036922, 42.98545 ], [ -2.039956, 43.02579 ], [ -2.018005, 43.068253 ], [ -1.906301, 43.135157 ], [ -1.920936, 43.177955 ], [ -1.912176, 43.219498 ], [ -1.885282, 43.209135 ], [ -1.874574, 43.227349 ], [ -1.860453, 43.216631 ], [ -1.830129, 43.227831 ], [ -1.797183, 43.247228 ], [ -1.785343, 43.283555 ] ] ], [ [ [ -1.129359, 42.446701 ], [ -1.095918, 42.485838 ], [ -1.05171, 42.440555 ], [ -1.058574, 42.434412 ], [ -1.129359, 42.446701 ] ] ], [ [ [ -1.187529, 42.404464 ], [ -1.182817, 42.423874 ], [ -1.144969, 42.441849 ], [ -1.157042, 42.411533 ], [ -1.187529, 42.404464 ] ] ] ] } },
{ "type": "Feature", "properties": { "loc": "ES431" }, "geometry": { "type": "Polygon", "coordinates": [ [ [ -4.988467, 38.749256 ], [ -5.097075, 38.70945 ], [ -5.1813, 38.717232 ], [ -5.170506, 38.68008 ], [ -5.187211, 38.663583 ], [ -5.293426, 38.607884 ], [ -5.312696, 38.579492 ], [ -5.368387, 38.582627 ], [ -5.418977, 38.516504 ], [ -5.48938, 38.463763 ], [ -5.566981, 38.43294 ], [ -5.584095, 38.394411 ], [ -5.566847, 38.370765 ], [ -5.572872, 38.331274 ], [ -5.529659, 38.265401 ], [ -5.522616, 38.211636 ], [ -5.541839, 38.163114 ], [ -5.584845, 38.131752 ], [ -5.633598, 38.135813 ], [ -5.689589, 38.087443 ], [ -5.716803, 38.082557 ], [ -5.73332, 38.088777 ], [ -5.73787, 38.12715 ], [ -5.70132, 38.146017 ], [ -5.69317, 38.183044 ], [ -5.732038, 38.195368 ], [ -5.84674, 38.172343 ], [ -5.9229, 38.108266 ], [ -5.910955, 38.065619 ], [ -5.952976, 37.999099 ], [ -6.114982, 37.980626 ], [ -6.180307, 37.941078 ], [ -6.205496, 37.960291 ], [ -6.303205, 37.979776 ], [ -6.351579, 38.008469 ], [ -6.369439, 38.046531 ], [ -6.416446, 38.058092 ], [ -6.447021, 38.05658 ], [ -6.475652, 38.009526 ], [ -6.57933, 38.023655 ], [ -6.584648, 38.055768 ], [ -6.622593, 38.095277 ], [ -6.756999, 38.094431 ], [ -6.812942, 38.118834 ], [ -6.797713, 38.176558 ], [ -6.846063, 38.177432 ], [ -6.952208, 38.214859 ], [ -7.082111, 38.173247 ], [ -7.107952, 38.188121 ], [ -7.150671, 38.271741 ], [ -7.282638, 38.419155 ], [ -7.328689, 38.441434 ], [ -7.299061, 38.473872 ], [ -7.320132, 38.482139 ], [ -7.301552, 38.542675 ], [ -7.248037, 38.622461 ], [ -7.268358, 38.639178 ], [ -7.24917, 38.729025 ], [ -7.131273, 38.811297 ], [ -7.09089, 38.819645 ], [ -7.040223, 38.867265 ], [ -7.047493, 38.907235 ], [ -6.955609, 39.023457 ], [ -6.978372, 39.083005 ], [ -7.020879, 39.111843 ], [ -7.10938, 39.101057 ], [ -7.142556, 39.110818 ], [ -7.138464, 39.169686 ], [ -7.240815, 39.210675 ], [ -7.245524, 39.253099 ], [ -7.231467, 39.278431 ], [ -7.200577, 39.270677 ], [ -7.15787, 39.315941 ], [ -7.17603, 39.33271 ], [ -7.163548, 39.357039 ], [ -7.117864, 39.383312 ], [ -7.067752, 39.373557 ], [ -7.09981, 39.352481 ], [ -7.078072, 39.313852 ], [ -7.049241, 39.323635 ], [ -7.014267, 39.387643 ], [ -7.061322, 39.411693 ], [ -7.048642, 39.434314 ], [ -6.877438, 39.383169 ], [ -6.804087, 39.387982 ], [ -6.792593, 39.343255 ], [ -6.75011, 39.322756 ], [ -6.761198, 39.279722 ], [ -6.798967, 39.23578 ], [ -6.770955, 39.191654 ], [ -6.683369, 39.178973 ], [ -6.633565, 39.195037 ], [ -6.548651, 39.15667 ], [ -6.533082, 39.179042 ], [ -6.37962, 39.163595 ], [ -6.325689, 39.184839 ], [ -6.302146, 39.104576 ], [ -6.233555, 39.089316 ], [ -6.205969, 39.060252 ], [ -6.162864, 39.056268 ], [ -6.140127, 39.034697 ], [ -6.019379, 39.126465 ], [ -6.005528, 39.058638 ], [ -5.941469, 39.105449 ], [ -5.925182, 39.084476 ], [ -5.829916, 39.113197 ], [ -5.806411, 39.143173 ], [ -5.75626, 39.132215 ], [ -5.686271, 39.083492 ], [ -5.607855, 39.101173 ], [ -5.579512, 39.148935 ], [ -5.609351, 39.187524 ], [ -5.558018, 39.211184 ], [ -5.530213, 39.195664 ], [ -5.514936, 39.203858 ], [ -5.460346, 39.160929 ], [ -5.412117, 39.159251 ], [ -5.383495, 39.176359 ], [ -5.3505, 39.232162 ], [ -5.337386, 39.331562 ], [ -5.241771, 39.303646 ], [ -5.161251, 39.318471 ], [ -5.116178, 39.347774 ], [ -5.107183, 39.387309 ], [ -5.048866, 39.364082 ], [ -4.940783, 39.395164 ], [ -4.873382, 39.37075 ], [ -4.775714, 39.399008 ], [ -4.687733, 39.450336 ], [ -4.677663, 39.412752 ], [ -4.700983, 39.35478 ], [ -4.749806, 39.306865 ], [ -4.683102, 39.18499 ], [ -4.807176, 39.190426 ], [ -4.865671, 39.114298 ], [ -4.84103, 39.050837 ], [ -4.880796, 39.037237 ], [ -4.950372, 39.0497 ], [ -4.922417, 38.970849 ], [ -4.851912, 38.943539 ], [ -4.842413, 38.913616 ], [ -4.854778, 38.891155 ], [ -4.90528, 38.884575 ], [ -4.930409, 38.865315 ], [ -4.988467, 38.749256 ] ] ] } },
{ "type": "Feature", "properties": { "loc": "ES432" }, "geometry": { "type": "Polygon", "coordinates": [ [ [ -5.794605, 40.289636 ], [ -5.689192, 40.288705 ], [ -5.621486, 40.242932 ], [ -5.610942, 40.217994 ], [ -5.533066, 40.195946 ], [ -5.476381, 40.206689 ], [ -5.425416, 40.252446 ], [ -5.347007, 40.262737 ], [ -5.367459, 40.215851 ], [ -5.366351, 40.167007 ], [ -5.336016, 40.115856 ], [ -5.367226, 40.099 ], [ -5.366068, 39.983361 ], [ -5.400788, 39.882716 ], [ -5.324548, 39.891017 ], [ -5.293227, 39.870898 ], [ -5.287258, 39.856192 ], [ -5.311785, 39.81967 ], [ -5.306434, 39.76196 ], [ -5.258166, 39.75329 ], [ -5.20715, 39.795882 ], [ -5.168748, 39.797494 ], [ -5.171378, 39.750356 ], [ -5.140512, 39.713571 ], [ -5.152577, 39.665409 ], [ -5.201957, 39.593913 ], [ -4.952554, 39.395038 ], [ -4.984081, 39.374121 ], [ -5.048866, 39.364082 ], [ -5.107183, 39.387309 ], [ -5.1306, 39.332792 ], [ -5.241771, 39.303646 ], [ -5.337386, 39.331562 ], [ -5.3505, 39.232162 ], [ -5.383495, 39.176359 ], [ -5.412117, 39.159251 ], [ -5.460346, 39.160929 ], [ -5.514936, 39.203858 ], [ -5.530213, 39.195664 ], [ -5.558018, 39.211184 ], [ -5.609351, 39.187524 ], [ -5.579512, 39.148935 ], [ -5.607855, 39.101173 ], [ -5.686271, 39.083492 ], [ -5.75626, 39.132215 ], [ -5.806411, 39.143173 ], [ -5.829916, 39.113197 ], [ -5.925182, 39.084476 ], [ -5.941469, 39.105449 ], [ -6.005528, 39.058638 ], [ -6.019379, 39.126465 ], [ -6.140127, 39.034697 ], [ -6.162864, 39.056268 ], [ -6.205969, 39.060252 ], [ -6.233555, 39.089316 ], [ -6.302146, 39.104576 ], [ -6.325689, 39.184839 ], [ -6.37962, 39.163595 ], [ -6.533082, 39.179042 ], [ -6.548651, 39.15667 ], [ -6.633565, 39.195037 ], [ -6.683369, 39.178973 ], [ -6.770955, 39.191654 ], [ -6.798967, 39.23578 ], [ -6.761198, 39.279722 ], [ -6.75011, 39.322756 ], [ -6.792593, 39.343255 ], [ -6.804087, 39.387982 ], [ -6.877438, 39.383169 ], [ -7.048642, 39.434314 ], [ -7.061322, 39.411693 ], [ -7.014267, 39.387643 ], [ -7.049241, 39.323635 ], [ -7.078072, 39.313852 ], [ -7.09981, 39.352481 ], [ -7.067752, 39.373557 ], [ -7.117864, 39.383312 ], [ -7.163548, 39.357039 ], [ -7.17603, 39.33271 ], [ -7.15787, 39.315941 ], [ -7.200577, 39.270677 ], [ -7.231467, 39.278431 ], [ -7.306825, 39.339021 ], [ -7.320526, 39.383039 ], [ -7.29964, 39.459833 ], [ -7.376081, 39.491077 ], [ -7.394045, 39.529658 ], [ -7.430722, 39.536589 ], [ -7.495791, 39.58904 ], [ -7.542929, 39.662815 ], [ -7.335126, 39.642915 ], [ -7.260857, 39.665991 ], [ -7.149295, 39.654142 ], [ -7.064382, 39.658977 ], [ -7.011391, 39.679348 ], [ -6.979775, 39.773935 ], [ -6.982701, 39.814336 ], [ -6.905802, 39.872992 ], [ -6.904716, 39.922008 ], [ -6.870936, 40.01595 ], [ -6.943755, 40.111055 ], [ -7.006264, 40.124754 ], [ -7.024729, 40.18661 ], [ -7.006814, 40.228588 ], [ -6.951298, 40.257446 ], [ -6.865144, 40.270694 ], [ -6.834949, 40.249095 ], [ -6.759449, 40.241337 ], [ -6.719485, 40.266702 ], [ -6.690333, 40.245077 ], [ -6.664586, 40.264399 ], [ -6.585455, 40.272732 ], [ -6.558315, 40.291429 ], [ -6.56149, 40.324347 ], [ -6.538287, 40.3454 ], [ -6.443355, 40.373116 ], [ -6.415599, 40.399212 ], [ -6.370452, 40.403416 ], [ -6.341328, 40.44277 ], [ -6.231966, 40.48501 ], [ -6.121621, 40.439467 ], [ -6.123925, 40.419809 ], [ -6.073598, 40.398372 ], [ -6.092148, 40.354584 ], [ -6.019763, 40.339318 ], [ -5.997874, 40.303078 ], [ -5.923165, 40.282004 ], [ -5.885976, 40.324221 ], [ -5.803426, 40.351941 ], [ -5.784749, 40.318427 ], [ -5.794605, 40.289636 ] ] ] } },
{ "type": "Feature", "properties": { "loc": "ES511" }, "geometry": { "type": "MultiPolygon", "coordinates": [ [ [ [ 1.392941, 41.575081 ], [ 1.402454, 41.595787 ], [ 1.374411, 41.620155 ], [ 1.441714, 41.644527 ], [ 1.395715, 41.706883 ], [ 1.414123, 41.731516 ], [ 1.422574, 41.79159 ], [ 1.463726, 41.797876 ], [ 1.469189, 41.775342 ], [ 1.497596, 41.787245 ], [ 1.535066, 41.757797 ], [ 1.588948, 41.780988 ], [ 1.627082, 41.857173 ], [ 1.614529, 41.876901 ], [ 1.576649, 41.885873 ], [ 1.644413, 41.929063 ], [ 1.654814, 41.977001 ], [ 1.686426, 41.971782 ], [ 1.715079, 41.988861 ], [ 1.702869, 42.006992 ], [ 1.69035, 41.99087 ], [ 1.653449, 42.003613 ], [ 1.693686, 42.031158 ], [ 1.67532, 42.053871 ], [ 1.716847, 42.093347 ], [ 1.703487, 42.133952 ], [ 1.736742, 42.174269 ], [ 1.685123, 42.208249 ], [ 1.698403, 42.238162 ], [ 1.687187, 42.281509 ], [ 1.909667, 42.318141 ], [ 2.051758, 42.294409 ], [ 2.029121, 42.235516 ], [ 2.050337, 42.182236 ], [ 2.015478, 42.170128 ], [ 1.98465, 42.1828 ], [ 2.019528, 42.149984 ], [ 2.126157, 42.120495 ], [ 2.266917, 42.140325 ], [ 2.310189, 42.113431 ], [ 2.373632, 42.111371 ], [ 2.418965, 42.072016 ], [ 2.480986, 42.066968 ], [ 2.49561, 42.010296 ], [ 2.438387, 41.963628 ], [ 2.470932, 41.915032 ], [ 2.444491, 41.893899 ], [ 2.337646, 41.88086 ], [ 2.330955, 41.853984 ], [ 2.34825, 41.821069 ], [ 2.466498, 41.785979 ], [ 2.549833, 41.723983 ], [ 2.664186, 41.744136 ], [ 2.763464, 41.733982 ], [ 2.778513, 41.648807 ], [ 2.533022, 41.569941 ], [ 2.261219, 41.454108 ], [ 2.115364, 41.29089 ], [ 1.645324, 41.195621 ], [ 1.642693, 41.231082 ], [ 1.620834, 41.224942 ], [ 1.578628, 41.245624 ], [ 1.581695, 41.257996 ], [ 1.618776, 41.255706 ], [ 1.627036, 41.28684 ], [ 1.595749, 41.292924 ], [ 1.57463, 41.318872 ], [ 1.561994, 41.34343 ], [ 1.572824, 41.36414 ], [ 1.516837, 41.391179 ], [ 1.481802, 41.385451 ], [ 1.472435, 41.443316 ], [ 1.483242, 41.471952 ], [ 1.399371, 41.512535 ], [ 1.405173, 41.531212 ], [ 1.446357, 41.539523 ], [ 1.435625, 41.556494 ], [ 1.448562, 41.569941 ], [ 1.392941, 41.575081 ] ], [ [ 2.000416, 42.126339 ], [ 2.006633, 42.104615 ], [ 2.017884, 42.107994 ], [ 2.022141, 42.126988 ], [ 2.000416, 42.126339 ] ], [ [ 1.70954, 41.895588 ], [ 1.719779, 41.881536 ], [ 1.726478, 41.892712 ], [ 1.70954, 41.895588 ] ] ], [ [ [ 1.690905, 42.104396 ], [ 1.657464, 42.114723 ], [ 1.692966, 42.112238 ], [ 1.690905, 42.104396 ] ] ] ] } },
{ "type": "Feature", "properties": { "loc": "ES230" }, "geometry": { "type": "Polygon", "coordinates": [ [ [ -2.913637, 42.022838 ], [ -2.937807, 42.083202 ], [ -3.033695, 42.090737 ], [ -3.121186, 42.194571 ], [ -3.092966, 42.247023 ], [ -3.106061, 42.343734 ], [ -3.06912, 42.361016 ], [ -3.099106, 42.388696 ], [ -3.098604, 42.408272 ], [ -3.084391, 42.414632 ], [ -3.059957, 42.38289 ], [ -3.051162, 42.445545 ], [ -3.087758, 42.483692 ], [ -3.078675, 42.528791 ], [ -3.127236, 42.541795 ], [ -3.066262, 42.593155 ], [ -3.077166, 42.638445 ], [ -2.955876, 42.638854 ], [ -2.903971, 42.621387 ], [ -2.858117, 42.638168 ], [ -2.826481, 42.606529 ], [ -2.822363, 42.562883 ], [ -2.756328, 42.61763 ], [ -2.6952, 42.597774 ], [ -2.697453, 42.524723 ], [ -2.646458, 42.491614 ], [ -2.608769, 42.495912 ], [ -2.587975, 42.481627 ], [ -2.515663, 42.504141 ], [ -2.498287, 42.490987 ], [ -2.420719, 42.489269 ], [ -2.34167, 42.453398 ], [ -2.290658, 42.466031 ], [ -2.171408, 42.408401 ], [ -2.111842, 42.418203 ], [ -2.085891, 42.347126 ], [ -1.996513, 42.361011 ], [ -1.874894, 42.285692 ], [ -1.86684, 42.255146 ], [ -1.686183, 42.189127 ], [ -1.687562, 42.154032 ], [ -1.718339, 42.137695 ], [ -1.824923, 42.148107 ], [ -1.90528, 42.059711 ], [ -1.900009, 42.036067 ], [ -1.847183, 42.007988 ], [ -1.856539, 41.966388 ], [ -1.974733, 41.91986 ], [ -2.025413, 41.949326 ], [ -2.107353, 41.958853 ], [ -2.121356, 41.98951 ], [ -2.112231, 42.011228 ], [ -2.158251, 42.061661 ], [ -2.129142, 42.094119 ], [ -2.171408, 42.104703 ], [ -2.264759, 42.088956 ], [ -2.284336, 42.130757 ], [ -2.313459, 42.143109 ], [ -2.434642, 42.136611 ], [ -2.479738, 42.109806 ], [ -2.513336, 42.111726 ], [ -2.518303, 42.067677 ], [ -2.580204, 41.999285 ], [ -2.748091, 42.013837 ], [ -2.754664, 42.033576 ], [ -2.708612, 42.101311 ], [ -2.730556, 42.121879 ], [ -2.789963, 42.107579 ], [ -2.804514, 42.042808 ], [ -2.879514, 42.012062 ], [ -2.913637, 42.022838 ] ], [ [ -2.934525, 42.614662 ], [ -2.939926, 42.593897 ], [ -2.921963, 42.600646 ], [ -2.934525, 42.614662 ] ], [ [ -2.99586, 42.617667 ], [ -2.993771, 42.601821 ], [ -2.978126, 42.611149 ], [ -2.99586, 42.617667 ] ] ] } },
{ "type": "Feature", "properties": { "loc": "ES241" }, "geometry": { "type": "Polygon", "coordinates": [ [ [ 0.335949, 41.407432 ], [ 0.245722, 41.42758 ], [ 0.216144, 41.404979 ], [ 0.140864, 41.392383 ], [ 0.09796, 41.352183 ], [ 0.018138, 41.360622 ], [ -0.018559, 41.390825 ], [ -0.022484, 41.358554 ], [ -0.050466, 41.36435 ], [ -0.072771, 41.383922 ], [ -0.107101, 41.485729 ], [ -0.154066, 41.537038 ], [ -0.163445, 41.589456 ], [ -0.203827, 41.598967 ], [ -0.250525, 41.579383 ], [ -0.356057, 41.636796 ], [ -0.378982, 41.686687 ], [ -0.511811, 41.731927 ], [ -0.50394, 41.76557 ], [ -0.522169, 41.840285 ], [ -0.593719, 41.884013 ], [ -0.659112, 41.951494 ], [ -0.778548, 41.958912 ], [ -0.872031, 42.001932 ], [ -0.816864, 42.087878 ], [ -0.790413, 42.05837 ], [ -0.765248, 42.071836 ], [ -0.751476, 42.154577 ], [ -0.758592, 42.252401 ], [ -0.732403, 42.301256 ], [ -0.741915, 42.368628 ], [ -0.77156, 42.384793 ], [ -0.775756, 42.337215 ], [ -0.8071, 42.27368 ], [ -0.870818, 42.277857 ], [ -0.893163, 42.247731 ], [ -0.911346, 42.256857 ], [ -0.822512, 42.392955 ], [ -0.896932, 42.432552 ], [ -0.883577, 42.465492 ], [ -0.894722, 42.502485 ], [ -0.928296, 42.510952 ], [ -0.900332, 42.547475 ], [ -0.927011, 42.576271 ], [ -0.907795, 42.601785 ], [ -0.921469, 42.652402 ], [ -0.885, 42.684453 ], [ -0.907204, 42.705966 ], [ -0.896554, 42.759739 ], [ -0.852924, 42.779069 ], [ -0.855064, 42.842872 ], [ -0.82053, 42.87098 ], [ -0.813628, 42.901373 ], [ -0.777152, 42.921585 ], [ -0.724501, 42.920158 ], [ -0.726529, 42.893194 ], [ -0.66649, 42.874159 ], [ -0.557384, 42.782126 ], [ -0.508306, 42.822732 ], [ -0.445879, 42.800091 ], [ -0.391991, 42.802518 ], [ -0.313342, 42.849365 ], [ -0.21286, 42.798778 ], [ -0.158886, 42.788646 ], [ -0.111614, 42.733027 ], [ -0.044208, 42.693241 ], [ 0.046043, 42.698734 ], [ 0.183901, 42.733673 ], [ 0.254535, 42.714845 ], [ 0.295495, 42.677456 ], [ 0.35328, 42.717975 ], [ 0.430802, 42.691195 ], [ 0.599615, 42.703134 ], [ 0.660127, 42.690952 ], [ 0.703954, 42.625252 ], [ 0.765262, 42.607672 ], [ 0.74424, 42.539739 ], [ 0.723511, 42.524501 ], [ 0.733197, 42.503093 ], [ 0.69468, 42.485152 ], [ 0.74206, 42.38922 ], [ 0.728125, 42.365664 ], [ 0.766064, 42.352118 ], [ 0.743317, 42.334151 ], [ 0.760435, 42.318331 ], [ 0.702334, 42.184529 ], [ 0.699731, 42.114261 ], [ 0.655263, 42.033489 ], [ 0.658908, 42.006279 ], [ 0.56542, 41.93959 ], [ 0.595983, 41.921547 ], [ 0.603252, 41.872008 ], [ 0.556436, 41.851292 ], [ 0.54233, 41.822736 ], [ 0.483674, 41.799991 ], [ 0.467285, 41.767117 ], [ 0.405658, 41.756234 ], [ 0.329891, 41.681243 ], [ 0.354511, 41.631577 ], [ 0.351253, 41.60156 ], [ 0.427002, 41.598857 ], [ 0.443642, 41.543327 ], [ 0.395593, 41.490929 ], [ 0.345276, 41.483749 ], [ 0.352141, 41.449877 ], [ 0.335949, 41.407432 ] ] ] } },
{ "type": "Feature", "properties": { "loc": "ES242" }, "geometry": { "type": "Polygon", "coordinates": [ [ [ -1.617433, 40.943741 ], [ -1.474442, 40.954288 ], [ -1.450669, 40.980492 ], [ -1.468796, 41.013771 ], [ -1.421026, 41.031315 ], [ -1.397602, 41.067323 ], [ -1.362628, 41.082525 ], [ -1.346354, 41.059064 ], [ -1.286642, 41.05309 ], [ -1.25938, 41.073934 ], [ -1.266417, 41.102566 ], [ -1.252287, 41.121246 ], [ -1.131424, 41.133809 ], [ -1.101662, 41.162978 ], [ -0.991622, 41.13627 ], [ -0.994612, 41.098427 ], [ -0.954464, 41.078541 ], [ -0.917627, 41.093707 ], [ -0.88715, 41.135608 ], [ -0.842306, 41.102315 ], [ -0.799043, 41.106091 ], [ -0.759531, 41.163764 ], [ -0.690895, 41.117948 ], [ -0.618583, 41.18782 ], [ -0.661799, 41.234829 ], [ -0.629885, 41.250736 ], [ -0.621274, 41.31407 ], [ -0.593657, 41.312099 ], [ -0.532864, 41.2349 ], [ -0.512108, 41.242982 ], [ -0.526239, 41.283744 ], [ -0.577399, 41.320123 ], [ -0.578548, 41.343519 ], [ -0.560953, 41.351522 ], [ -0.489926, 41.347923 ], [ -0.396318, 41.269372 ], [ -0.34197, 41.246222 ], [ -0.310919, 41.251074 ], [ -0.223305, 41.192397 ], [ -0.026335, 41.126937 ], [ 0.035863, 41.053148 ], [ 0.077619, 41.078781 ], [ 0.22041, 41.07143 ], [ 0.222443, 41.045545 ], [ 0.26915, 41.02466 ], [ 0.288949, 40.970353 ], [ 0.243383, 40.885513 ], [ 0.273919, 40.822169 ], [ 0.228244, 40.769643 ], [ 0.177955, 40.751579 ], [ 0.145086, 40.719519 ], [ 0.102577, 40.72388 ], [ 0.03667, 40.692775 ], [ 0.012726, 40.727536 ], [ -0.069837, 40.729703 ], [ -0.128675, 40.755838 ], [ -0.14823, 40.784406 ], [ -0.189893, 40.784685 ], [ -0.225085, 40.748955 ], [ -0.239705, 40.692637 ], [ -0.306968, 40.662107 ], [ -0.330774, 40.678948 ], [ -0.371651, 40.66994 ], [ -0.37069, 40.616519 ], [ -0.294261, 40.606804 ], [ -0.299656, 40.515489 ], [ -0.2764, 40.475902 ], [ -0.344471, 40.44358 ], [ -0.283047, 40.370241 ], [ -0.393364, 40.301217 ], [ -0.396159, 40.258597 ], [ -0.49572, 40.230533 ], [ -0.544339, 40.247004 ], [ -0.580694, 40.140307 ], [ -0.625631, 40.104486 ], [ -0.61663, 40.072732 ], [ -0.678687, 40.046717 ], [ -0.757292, 40.042745 ], [ -0.787187, 39.993185 ], [ -0.838435, 39.970312 ], [ -0.835395, 39.917409 ], [ -0.797643, 39.881076 ], [ -0.863706, 39.849991 ], [ -0.908796, 39.870434 ], [ -0.905016, 39.935209 ], [ -0.920162, 39.961133 ], [ -0.994349, 39.981106 ], [ -1.142361, 39.971855 ], [ -1.165154, 40.010109 ], [ -1.086989, 40.036149 ], [ -1.075644, 40.062857 ], [ -1.150897, 40.113253 ], [ -1.245101, 40.118564 ], [ -1.246741, 40.143174 ], [ -1.280891, 40.16773 ], [ -1.296262, 40.204587 ], [ -1.319753, 40.191308 ], [ -1.321173, 40.148385 ], [ -1.352894, 40.131541 ], [ -1.448831, 40.145358 ], [ -1.441637, 40.194403 ], [ -1.544852, 40.194508 ], [ -1.688474, 40.306664 ], [ -1.720537, 40.280735 ], [ -1.726536, 40.30569 ], [ -1.702546, 40.323959 ], [ -1.806344, 40.398247 ], [ -1.746302, 40.464076 ], [ -1.695519, 40.487447 ], [ -1.70011, 40.540313 ], [ -1.677945, 40.587661 ], [ -1.597287, 40.563995 ], [ -1.548901, 40.593795 ], [ -1.562035, 40.617116 ], [ -1.53879, 40.684781 ], [ -1.560891, 40.735718 ], [ -1.542039, 40.762292 ], [ -1.541054, 40.800276 ], [ -1.619834, 40.880729 ], [ -1.617433, 40.943741 ] ] ] } },
{ "type": "Feature", "properties": { "loc": "ES243" }, "geometry": { "type": "Polygon", "coordinates": [ [ [ 0.335949, 41.407432 ], [ 0.324992, 41.393133 ], [ 0.36959, 41.356176 ], [ 0.352154, 41.328287 ], [ 0.385724, 41.278839 ], [ 0.378712, 41.24184 ], [ 0.321973, 41.221382 ], [ 0.293705, 41.159214 ], [ 0.205717, 41.126246 ], [ 0.202225, 41.089974 ], [ 0.22041, 41.07143 ], [ 0.077619, 41.078781 ], [ 0.035863, 41.053148 ], [ -0.026335, 41.126937 ], [ -0.223305, 41.192397 ], [ -0.310919, 41.251074 ], [ -0.34197, 41.246222 ], [ -0.396318, 41.269372 ], [ -0.489926, 41.347923 ], [ -0.560953, 41.351522 ], [ -0.578548, 41.343519 ], [ -0.577399, 41.320123 ], [ -0.526239, 41.283744 ], [ -0.512108, 41.242982 ], [ -0.532864, 41.2349 ], [ -0.593657, 41.312099 ], [ -0.621274, 41.31407 ], [ -0.629885, 41.250736 ], [ -0.661799, 41.234829 ], [ -0.618583, 41.18782 ], [ -0.690895, 41.117948 ], [ -0.759531, 41.163764 ], [ -0.799043, 41.106091 ], [ -0.842306, 41.102315 ], [ -0.88715, 41.135608 ], [ -0.917627, 41.093707 ], [ -0.954464, 41.078541 ], [ -0.994612, 41.098427 ], [ -0.991622, 41.13627 ], [ -1.101662, 41.162978 ], [ -1.131424, 41.133809 ], [ -1.252287, 41.121246 ], [ -1.266417, 41.102566 ], [ -1.25938, 41.073934 ], [ -1.286642, 41.05309 ], [ -1.346354, 41.059064 ], [ -1.362628, 41.082525 ], [ -1.397602, 41.067323 ], [ -1.421026, 41.031315 ], [ -1.468796, 41.013771 ], [ -1.450669, 40.980492 ], [ -1.474442, 40.954288 ], [ -1.504212, 40.9603 ], [ -1.557791, 40.941357 ], [ -1.617433, 40.943741 ], [ -1.803767, 41.088262 ], [ -1.928162, 41.137418 ], [ -1.954158, 41.169413 ], [ -2.05169, 41.146858 ], [ -2.14345, 41.188764 ], [ -2.172236, 41.289889 ], [ -2.162015, 41.342362 ], [ -2.123016, 41.377411 ], [ -2.100766, 41.441059 ], [ -2.04304, 41.428365 ], [ -2.030114, 41.38726 ], [ -1.943637, 41.409971 ], [ -1.976803, 41.490197 ], [ -1.970873, 41.546285 ], [ -1.990049, 41.596843 ], [ -1.923839, 41.60247 ], [ -1.860696, 41.656655 ], [ -1.812903, 41.664659 ], [ -1.787036, 41.707537 ], [ -1.782799, 41.726323 ], [ -1.846385, 41.792634 ], [ -1.820797, 41.844574 ], [ -1.855405, 41.912224 ], [ -1.864224, 41.97723 ], [ -1.845183, 41.987072 ], [ -1.847183, 42.007988 ], [ -1.766606, 41.993024 ], [ -1.714926, 41.957705 ], [ -1.650985, 41.962783 ], [ -1.557109, 41.914108 ], [ -1.412967, 41.919116 ], [ -1.305249, 42.04756 ], [ -1.31371, 42.069881 ], [ -1.35126, 42.074957 ], [ -1.395528, 42.12597 ], [ -1.393989, 42.184346 ], [ -1.415162, 42.217276 ], [ -1.39438, 42.293854 ], [ -1.331992, 42.354382 ], [ -1.356212, 42.37812 ], [ -1.340023, 42.423534 ], [ -1.276419, 42.476258 ], [ -1.288505, 42.518556 ], [ -1.264797, 42.553058 ], [ -1.204152, 42.553388 ], [ -1.199349, 42.577728 ], [ -1.16371, 42.598883 ], [ -1.176046, 42.610176 ], [ -1.15827, 42.614342 ], [ -1.150098, 42.645561 ], [ -1.052069, 42.644835 ], [ -1.033319, 42.694126 ], [ -0.969778, 42.705203 ], [ -0.92298, 42.743972 ], [ -0.90108, 42.742691 ], [ -0.907204, 42.705966 ], [ -0.885, 42.684453 ], [ -0.921469, 42.652402 ], [ -0.907795, 42.601785 ], [ -0.927011, 42.576271 ], [ -0.900332, 42.547475 ], [ -0.928296, 42.510952 ], [ -0.894722, 42.502485 ], [ -0.883577, 42.465492 ], [ -0.896932, 42.432552 ], [ -0.822512, 42.392955 ], [ -0.911346, 42.256857 ], [ -0.893163, 42.247731 ], [ -0.870818, 42.277857 ], [ -0.8071, 42.27368 ], [ -0.775756, 42.337215 ], [ -0.77156, 42.384793 ], [ -0.741915, 42.368628 ], [ -0.732403, 42.301256 ], [ -0.758592, 42.252401 ], [ -0.751476, 42.154577 ], [ -0.765248, 42.071836 ], [ -0.790413, 42.05837 ], [ -0.816864, 42.087878 ], [ -0.872031, 42.001932 ], [ -0.778548, 41.958912 ], [ -0.659112, 41.951494 ], [ -0.593719, 41.884013 ], [ -0.522169, 41.840285 ], [ -0.50394, 41.76557 ], [ -0.511811, 41.731927 ], [ -0.378982, 41.686687 ], [ -0.356057, 41.636796 ], [ -0.250525, 41.579383 ], [ -0.203827, 41.598967 ], [ -0.163445, 41.589456 ], [ -0.154066, 41.537038 ], [ -0.107101, 41.485729 ], [ -0.072771, 41.383922 ], [ -0.050466, 41.36435 ], [ -0.022484, 41.358554 ], [ -0.018559, 41.390825 ], [ 0.018138, 41.360622 ], [ 0.09796, 41.352183 ], [ 0.140864, 41.392383 ], [ 0.216144, 41.404979 ], [ 0.245722, 41.42758 ], [ 0.335949, 41.407432 ] ], [ [ -1.129359, 42.446701 ], [ -1.058574, 42.434412 ], [ -1.05171, 42.440555 ], [ -1.095918, 42.485838 ], [ -1.129359, 42.446701 ] ], [ [ -1.187529, 42.404464 ], [ -1.157042, 42.411533 ], [ -1.144969, 42.441849 ], [ -1.182817, 42.423874 ], [ -1.187529, 42.404464 ] ] ] } },
{ "type": "Feature", "properties": { "loc": "ES512" }, "geometry": { "type": "MultiPolygon", "coordinates": [ [ [ [ 2.778513, 41.648807 ], [ 2.763464, 41.733982 ], [ 2.664186, 41.744136 ], [ 2.549833, 41.723983 ], [ 2.466498, 41.785979 ], [ 2.34825, 41.821069 ], [ 2.330955, 41.853984 ], [ 2.337646, 41.88086 ], [ 2.444491, 41.893899 ], [ 2.470932, 41.915032 ], [ 2.438387, 41.963628 ], [ 2.49561, 42.010296 ], [ 2.480986, 42.066968 ], [ 2.418965, 42.072016 ], [ 2.373632, 42.111371 ], [ 2.310189, 42.113431 ], [ 2.266917, 42.140325 ], [ 2.126157, 42.120495 ], [ 2.019528, 42.149984 ], [ 1.98465, 42.1828 ], [ 2.015478, 42.170128 ], [ 2.050337, 42.182236 ], [ 2.029121, 42.235516 ], [ 2.051758, 42.294409 ], [ 1.909667, 42.318141 ], [ 1.842707, 42.306377 ], [ 1.837069, 42.351411 ], [ 1.851772, 42.370375 ], [ 1.806358, 42.373481 ], [ 1.801608, 42.423233 ], [ 1.735625, 42.439824 ], [ 1.731011, 42.492401 ], [ 1.825636, 42.484121 ], [ 1.889675, 42.450569 ], [ 1.934678, 42.451591 ], [ 1.968289, 42.379643 ], [ 2.014547, 42.350616 ], [ 2.082918, 42.364263 ], [ 2.149192, 42.420474 ], [ 2.20124, 42.417918 ], [ 2.259013, 42.436505 ], [ 2.428251, 42.392467 ], [ 2.482825, 42.342537 ], [ 2.526939, 42.334115 ], [ 2.568396, 42.356901 ], [ 2.667943, 42.342394 ], [ 2.657306, 42.383445 ], [ 2.677601, 42.404096 ], [ 2.742684, 42.424363 ], [ 2.789713, 42.416948 ], [ 2.840548, 42.456412 ], [ 2.918074, 42.458959 ], [ 2.945323, 42.479593 ], [ 2.970494, 42.46722 ], [ 3.037067, 42.47264 ], [ 3.089538, 42.426532 ], [ 3.174804, 42.435375 ], [ 3.159475, 42.38249 ], [ 3.179524, 42.350528 ], [ 3.312999, 42.318492 ], [ 3.27993, 42.261042 ], [ 3.253682, 42.244901 ], [ 3.214173, 42.23847 ], [ 3.161519, 42.260586 ], [ 3.11443, 42.208819 ], [ 3.124126, 42.133842 ], [ 3.17456, 42.108056 ], [ 3.207628, 42.066869 ], [ 3.199765, 42.002371 ], [ 3.230184, 41.956939 ], [ 3.208666, 41.904261 ], [ 3.169736, 41.865179 ], [ 3.0996, 41.840285 ], [ 3.054647, 41.791552 ], [ 2.934212, 41.719322 ], [ 2.819097, 41.685389 ], [ 2.778513, 41.648807 ] ] ], [ [ [ 2.000416, 42.126339 ], [ 2.022141, 42.126988 ], [ 2.017884, 42.107994 ], [ 2.006633, 42.104615 ], [ 2.000416, 42.126339 ] ] ], [ [ [ 2.009206, 42.448245 ], [ 1.960217, 42.453554 ], [ 1.962646, 42.477868 ], [ 1.98947, 42.493361 ], [ 1.986535, 42.472792 ], [ 2.009206, 42.448245 ] ] ] ] } },
{ "type": "Feature", "properties": { "loc": "ES513" }, "geometry": { "type": "MultiPolygon", "coordinates": [ [ [ [ 0.324992, 41.393133 ], [ 0.352141, 41.449877 ], [ 0.345276, 41.483749 ], [ 0.395593, 41.490929 ], [ 0.443642, 41.543327 ], [ 0.427002, 41.598857 ], [ 0.351253, 41.60156 ], [ 0.354511, 41.631577 ], [ 0.329891, 41.681243 ], [ 0.405658, 41.756234 ], [ 0.467285, 41.767117 ], [ 0.483674, 41.799991 ], [ 0.54233, 41.822736 ], [ 0.556436, 41.851292 ], [ 0.603252, 41.872008 ], [ 0.595983, 41.921547 ], [ 0.56542, 41.93959 ], [ 0.658908, 42.006279 ], [ 0.655263, 42.033489 ], [ 0.699731, 42.114261 ], [ 0.702334, 42.184529 ], [ 0.760435, 42.318331 ], [ 0.743317, 42.334151 ], [ 0.766064, 42.352118 ], [ 0.728125, 42.365664 ], [ 0.74206, 42.38922 ], [ 0.69468, 42.485152 ], [ 0.733197, 42.503093 ], [ 0.723511, 42.524501 ], [ 0.74424, 42.539739 ], [ 0.765262, 42.607672 ], [ 0.703954, 42.625252 ], [ 0.660127, 42.690952 ], [ 0.67634, 42.691009 ], [ 0.680223, 42.723236 ], [ 0.645855, 42.756611 ], [ 0.662095, 42.774155 ], [ 0.648439, 42.783963 ], [ 0.667541, 42.803532 ], [ 0.662006, 42.837038 ], [ 0.681192, 42.85403 ], [ 0.71301, 42.859635 ], [ 0.858215, 42.825741 ], [ 0.925478, 42.791126 ], [ 0.960598, 42.80344 ], [ 0.986609, 42.788661 ], [ 1.079788, 42.785193 ], [ 1.170634, 42.710124 ], [ 1.229562, 42.725996 ], [ 1.353242, 42.7183 ], [ 1.442566, 42.603668 ], [ 1.430381, 42.585116 ], [ 1.44015, 42.566738 ], [ 1.41887, 42.542244 ], [ 1.446708, 42.539808 ], [ 1.464201, 42.514525 ], [ 1.422792, 42.485977 ], [ 1.453508, 42.438483 ], [ 1.545421, 42.432941 ], [ 1.563002, 42.455964 ], [ 1.6564, 42.47034 ], [ 1.668693, 42.499627 ], [ 1.701583, 42.491563 ], [ 1.725801, 42.504402 ], [ 1.735625, 42.439824 ], [ 1.801608, 42.423233 ], [ 1.806358, 42.373481 ], [ 1.851772, 42.370375 ], [ 1.837069, 42.351411 ], [ 1.842707, 42.306377 ], [ 1.687187, 42.281509 ], [ 1.698403, 42.238162 ], [ 1.685123, 42.208249 ], [ 1.736742, 42.174269 ], [ 1.703487, 42.133952 ], [ 1.716847, 42.093347 ], [ 1.67532, 42.053871 ], [ 1.693686, 42.031158 ], [ 1.653449, 42.003613 ], [ 1.69035, 41.99087 ], [ 1.702869, 42.006992 ], [ 1.715079, 41.988861 ], [ 1.686426, 41.971782 ], [ 1.654814, 41.977001 ], [ 1.644413, 41.929063 ], [ 1.576649, 41.885873 ], [ 1.614529, 41.876901 ], [ 1.627082, 41.857173 ], [ 1.588948, 41.780988 ], [ 1.535066, 41.757797 ], [ 1.497596, 41.787245 ], [ 1.469189, 41.775342 ], [ 1.463726, 41.797876 ], [ 1.422574, 41.79159 ], [ 1.414123, 41.731516 ], [ 1.395715, 41.706883 ], [ 1.441714, 41.644527 ], [ 1.374411, 41.620155 ], [ 1.402454, 41.595787 ], [ 1.399898, 41.561375 ], [ 1.222657, 41.568409 ], [ 1.171929, 41.537144 ], [ 1.177, 41.488087 ], [ 1.113235, 41.469742 ], [ 1.047755, 41.495894 ], [ 1.041537, 41.478221 ], [ 1.071143, 41.458433 ], [ 0.953098, 41.3527 ], [ 0.866884, 41.33994 ], [ 0.840892, 41.359833 ], [ 0.814799, 41.329033 ], [ 0.767565, 41.332319 ], [ 0.623459, 41.292392 ], [ 0.555092, 41.32489 ], [ 0.507613, 41.290669 ], [ 0.460458, 41.332361 ], [ 0.437296, 41.31853 ], [ 0.429118, 41.277457 ], [ 0.385724, 41.278839 ], [ 0.352154, 41.328287 ], [ 0.36959, 41.356176 ], [ 0.324992, 41.393133 ] ], [ [ 1.657464, 42.114723 ], [ 1.690905, 42.104396 ], [ 1.692966, 42.112238 ], [ 1.657464, 42.114723 ] ] ], [ [ [ 1.719779, 41.881536 ], [ 1.70954, 41.895588 ], [ 1.726478, 41.892712 ], [ 1.719779, 41.881536 ] ] ] ] } },
{ "type": "Feature", "properties": { "loc": "ES300" }, "geometry": { "type": "MultiPolygon", "coordinates": [ [ [ [ -4.160293, 40.689853 ], [ -4.07001, 40.791198 ], [ -3.980845, 40.78777 ], [ -3.936166, 40.924385 ], [ -3.893522, 40.965852 ], [ -3.784001, 41.0 ], [ -3.619321, 41.144926 ], [ -3.539573, 41.164993 ], [ -3.486742, 41.097053 ], [ -3.429463, 41.08043 ], [ -3.435721, 41.044015 ], [ -3.397061, 41.003132 ], [ -3.457328, 40.904363 ], [ -3.442863, 40.879197 ], [ -3.467496, 40.86517 ], [ -3.500543, 40.794127 ], [ -3.446484, 40.763912 ], [ -3.436987, 40.726639 ], [ -3.461333, 40.69048 ], [ -3.410127, 40.672318 ], [ -3.385015, 40.686493 ], [ -3.360338, 40.646505 ], [ -3.326493, 40.637234 ], [ -3.326597, 40.595328 ], [ -3.286458, 40.567576 ], [ -3.291928, 40.535421 ], [ -3.249876, 40.541302 ], [ -3.203019, 40.514639 ], [ -3.197336, 40.445181 ], [ -3.155823, 40.436743 ], [ -3.132572, 40.402511 ], [ -3.192843, 40.249825 ], [ -3.173948, 40.237472 ], [ -3.106296, 40.281019 ], [ -3.067689, 40.157885 ], [ -3.095627, 40.148273 ], [ -3.057563, 40.110844 ], [ -3.060399, 40.091702 ], [ -3.113324, 40.063157 ], [ -3.161419, 40.064897 ], [ -3.17113, 40.087917 ], [ -3.21604, 40.060433 ], [ -3.278903, 40.049823 ], [ -3.349628, 40.079041 ], [ -3.374287, 40.07293 ], [ -3.398415, 40.036339 ], [ -3.5006, 40.045825 ], [ -3.524585, 40.020464 ], [ -3.63309, 39.987801 ], [ -3.636208, 39.967216 ], [ -3.738372, 39.942355 ], [ -3.807256, 39.888169 ], [ -3.871837, 39.909902 ], [ -3.871238, 39.927834 ], [ -3.731961, 39.966872 ], [ -3.741517, 39.977601 ], [ -3.704325, 40.01595 ], [ -3.622125, 40.057736 ], [ -3.611282, 40.108943 ], [ -3.668965, 40.140135 ], [ -3.752188, 40.134249 ], [ -3.798774, 40.172946 ], [ -3.83635, 40.164024 ], [ -3.874307, 40.189235 ], [ -3.950162, 40.195504 ], [ -3.956031, 40.211039 ], [ -3.996264, 40.213312 ], [ -4.027163, 40.247893 ], [ -4.073592, 40.26463 ], [ -4.105143, 40.243192 ], [ -4.143484, 40.246876 ], [ -4.186922, 40.293928 ], [ -4.207004, 40.271274 ], [ -4.248521, 40.270771 ], [ -4.298344, 40.22137 ], [ -4.345985, 40.239276 ], [ -4.357862, 40.306383 ], [ -4.377563, 40.315818 ], [ -4.447149, 40.235329 ], [ -4.531677, 40.200678 ], [ -4.568475, 40.20614 ], [ -4.579076, 40.217196 ], [ -4.562688, 40.228067 ], [ -4.566859, 40.257314 ], [ -4.532367, 40.293865 ], [ -4.542271, 40.341177 ], [ -4.502622, 40.317615 ], [ -4.459834, 40.320301 ], [ -4.423213, 40.40386 ], [ -4.327837, 40.412317 ], [ -4.338674, 40.434276 ], [ -4.319303, 40.466506 ], [ -4.32515, 40.540772 ], [ -4.287755, 40.570251 ], [ -4.288506, 40.625484 ], [ -4.243666, 40.603113 ], [ -4.16908, 40.619873 ], [ -4.160293, 40.689853 ] ], [ [ -3.383354, 40.630128 ], [ -3.371535, 40.624788 ], [ -3.363044, 40.638512 ], [ -3.373199, 40.639306 ], [ -3.383354, 40.630128 ] ] ], [ [ [ -4.319344, 40.647599 ], [ -4.314682, 40.667199 ], [ -4.288231, 40.680606 ], [ -4.254677, 40.662146 ], [ -4.319344, 40.647599 ] ] ] ] } },
{ "type": "Feature", "properties": { "loc": "ES411" }, "geometry": { "type": "Polygon", "coordinates": [ [ [ -4.160293, 40.689853 ], [ -4.16908, 40.619873 ], [ -4.243666, 40.603113 ], [ -4.288506, 40.625484 ], [ -4.287755, 40.570251 ], [ -4.32515, 40.540772 ], [ -4.319303, 40.466506 ], [ -4.338674, 40.434276 ], [ -4.327837, 40.412317 ], [ -4.423213, 40.40386 ], [ -4.459834, 40.320301 ], [ -4.502622, 40.317615 ], [ -4.542271, 40.341177 ], [ -4.532367, 40.293865 ], [ -4.566859, 40.257314 ], [ -4.562688, 40.228067 ], [ -4.61681, 40.201429 ], [ -4.686326, 40.215899 ], [ -4.699725, 40.279371 ], [ -4.761053, 40.26293 ], [ -4.801097, 40.273338 ], [ -4.825844, 40.220506 ], [ -4.91965, 40.171102 ], [ -4.925771, 40.138718 ], [ -4.960696, 40.120598 ], [ -5.009387, 40.111961 ], [ -5.024849, 40.157428 ], [ -5.069055, 40.148014 ], [ -5.137739, 40.095681 ], [ -5.2018, 40.085499 ], [ -5.219196, 40.106413 ], [ -5.336016, 40.115856 ], [ -5.366351, 40.167007 ], [ -5.367459, 40.215851 ], [ -5.347007, 40.262737 ], [ -5.425416, 40.252446 ], [ -5.476381, 40.206689 ], [ -5.533066, 40.195946 ], [ -5.610942, 40.217994 ], [ -5.621486, 40.242932 ], [ -5.689192, 40.288705 ], [ -5.737602, 40.294163 ], [ -5.681275, 40.347042 ], [ -5.688296, 40.42161 ], [ -5.632782, 40.4598 ], [ -5.564559, 40.475835 ], [ -5.570759, 40.444658 ], [ -5.524099, 40.42361 ], [ -5.510487, 40.458919 ], [ -5.464828, 40.468872 ], [ -5.428296, 40.560072 ], [ -5.523539, 40.543776 ], [ -5.512687, 40.585822 ], [ -5.453573, 40.580057 ], [ -5.39005, 40.617669 ], [ -5.369847, 40.64902 ], [ -5.379537, 40.674329 ], [ -5.22117, 40.755646 ], [ -5.162642, 40.816136 ], [ -5.162544, 40.865968 ], [ -5.115326, 40.906344 ], [ -5.126319, 40.950891 ], [ -5.092371, 40.998492 ], [ -5.107847, 41.028053 ], [ -5.141864, 41.041728 ], [ -5.150724, 41.08422 ], [ -5.124957, 41.132057 ], [ -5.098953, 41.145046 ], [ -5.061176, 41.139362 ], [ -4.993482, 41.159754 ], [ -4.862614, 41.096812 ], [ -4.819667, 41.102724 ], [ -4.812485, 41.127529 ], [ -4.786984, 41.141694 ], [ -4.722127, 41.14933 ], [ -4.709036, 41.060908 ], [ -4.638703, 41.028145 ], [ -4.606813, 40.97332 ], [ -4.560343, 40.939422 ], [ -4.557083, 40.886808 ], [ -4.535195, 40.863688 ], [ -4.552078, 40.834108 ], [ -4.493913, 40.829357 ], [ -4.473481, 40.775884 ], [ -4.432205, 40.741291 ], [ -4.418246, 40.636431 ], [ -4.25629, 40.65212 ], [ -4.274165, 40.677089 ], [ -4.255164, 40.687646 ], [ -4.160293, 40.689853 ] ] ] } }
]
}
