{
"type": "FeatureCollection",
"name": "regions_MZ",
"crs": { "type": "name", "properties": { "name": "urn:ogc:def:crs:OGC:1.3:CRS84" } },
"features": [
{ "type": "Feature", "properties": { "loc": "MZ-A1-0001" }, "geometry": { "type": "MultiPolygon", "coordinates": [ [ [ [ 40.486221313406858, -13.035298346557058 ], [ 40.491088867001537, -13.039374351960388 ], [ 40.488517761029762, -13.042366027685672 ], [ 40.489040375057193, -13.039658545820922 ], [ 40.486221313406858, -13.035298346557058 ] ] ], [ [ [ 40.608398436902107, -12.67773437497155 ], [ 40.615486145033351, -12.681190491178285 ], [ 40.611171722161053, -12.686366080560241 ], [ 40.608398436902107, -12.67773437497155 ] ] ], [ [ [ 40.61706161472717, -12.59235191325363 ], [ 40.626106262019803, -12.600767135838087 ], [ 40.620731354094133, -12.609873771600721 ], [ 40.599899291844324, -12.598970412697863 ], [ 40.61706161472717, -12.59235191325363 ] ] ], [ [ [ 40.604850769376043, -12.560135840934361 ], [ 40.585517883272217, -12.566769600075034 ], [ 40.580753326333451, -12.547652244593532 ], [ 40.60459518384917, -12.528834342668826 ], [ 40.612277985069447, -12.541775702924429 ], [ 40.604850769376043, -12.560135840934361 ] ] ], [ [ [ 40.601329802787269, -12.488781928848258 ], [ 40.606777190673903, -12.491229056980657 ], [ 40.606563568413044, -12.495926857243944 ], [ 40.603427886946477, -12.496481895428424 ], [ 40.601329802787269, -12.488781928848258 ] ] ], [ [ [ 40.632476807270947, -12.47172260269318 ], [ 40.634796142639949, -12.485525131257003 ], [ 40.63050842333714, -12.485431671012037 ], [ 40.632476807270947, -12.47172260269318 ] ] ], [ [ [ 40.615558623889335, -12.4579572681359 ], [ 40.607715606647901, -12.46157073962042 ], [ 40.597923279193928, -12.454383849757367 ], [ 40.590137482217017, -12.420567513402503 ], [ 40.595157622883917, -12.403640747245159 ], [ 40.61756515526568, -12.418510437429209 ], [ 40.615558623889335, -12.4579572681359 ] ] ], [ [ [ 40.529994965446058, -12.378460883785536 ], [ 40.536460876019333, -12.380855559859061 ], [ 40.530311584362835, -12.381009102011298 ], [ 40.529994965446058, -12.378460883785536 ] ] ], [ [ [ 40.494934081812275, -12.37444591524417 ], [ 40.495563506695156, -12.379004478050781 ], [ 40.491893768052769, -12.381161689857478 ], [ 40.49217224132574, -12.376595497281784 ], [ 40.494934081812275, -12.37444591524417 ] ] ], [ [ [ 40.498016356660784, -12.375742911715815 ], [ 40.501159667975571, -12.3773241042338 ], [ 40.496833801230224, -12.379768371622824 ], [ 40.498016356660784, -12.375742911715815 ] ] ], [ [ [ 40.497985840151905, -12.370341301040355 ], [ 40.492271422865343, -12.373389243748711 ], [ 40.497280120558564, -12.363110542247835 ], [ 40.497985840151905, -12.370341301040355 ] ] ], [ [ [ 40.600887298599311, -12.324426651226528 ], [ 40.626506804634701, -12.333144188111422 ], [ 40.6173477168131, -12.343745231814562 ], [ 40.621685028330781, -12.362658501446244 ], [ 40.615345001260238, -12.361518859865051 ], [ 40.590915679604343, -12.390267371699437 ], [ 40.598140716909938, -12.38809013371025 ], [ 40.601547240901802, -12.393108367814509 ], [ 40.585395812656024, -12.394746779697741 ], [ 40.573463439575477, -12.406260489587506 ], [ 40.573490143144966, -12.390478134116201 ], [ 40.563098906778485, -12.377742767172517 ], [ 40.582855225177937, -12.373591422863495 ], [ 40.561260223070263, -12.372797012130032 ], [ 40.54647064179612, -12.359662055716925 ], [ 40.570163727163632, -12.33859920494691 ], [ 40.575511932419182, -12.356024742305571 ], [ 40.582157135432816, -12.358000755188314 ], [ 40.58355712894771, -12.350111960656029 ], [ 40.594535827655719, -12.360713005258539 ], [ 40.596702575952506, -12.349680901210203 ], [ 40.583156586196921, -12.343681334983181 ], [ 40.584911346071131, -12.334598541147379 ], [ 40.600887298599311, -12.324426651226528 ] ] ], [ [ [ 40.460765839325795, -12.259819031085861 ], [ 40.460781097223588, -12.262654304814724 ], [ 40.459861755369474, -12.259880066274409 ], [ 40.460765839325795, -12.259819031085861 ] ] ], [ [ [ 40.466060637967551, -12.258068084706863 ], [ 40.463356017745546, -12.258976935969379 ], [ 40.462837218642221, -12.252861976831309 ], [ 40.466060637967551, -12.258068084706863 ] ] ], [ [ [ 40.587779999031817, -12.179100037311308 ], [ 40.609161377079985, -12.197445868906165 ], [ 40.617794036849411, -12.229643822179082 ], [ 40.593093871768851, -12.251547813355312 ], [ 40.583957671693263, -12.245494842687243 ], [ 40.5890197747269, -12.235566139340293 ], [ 40.582748412693128, -12.214765548865447 ], [ 40.560508727979482, -12.193840027269864 ], [ 40.587779999031817, -12.179100037311308 ] ] ], [ [ [ 40.548191070636307, -12.043549538223264 ], [ 40.542526244665424, -12.043524742115785 ], [ 40.54576492278791, -12.041131020223084 ], [ 40.548191070636307, -12.043549538223264 ] ] ], [ [ [ 40.539779662932354, -12.015992165030109 ], [ 40.536956787257182, -12.017271042348376 ], [ 40.535583496412499, -12.015576362582703 ], [ 40.539779662932354, -12.015992165030109 ] ] ], [ [ [ 40.569889069048891, -11.972846031341788 ], [ 40.595161437673823, -11.982897758347377 ], [ 40.580089569101965, -12.001160622087514 ], [ 40.569889069048891, -11.972846031341788 ] ] ], [ [ [ 40.568550109936773, -11.821785927381878 ], [ 40.566352844045674, -11.823343277073839 ], [ 40.565063477035004, -11.821870803597978 ], [ 40.568550109936773, -11.821785927381878 ] ] ], [ [ [ 40.608436583722387, -11.813608170149692 ], [ 40.605724334551439, -11.817162513907586 ], [ 40.597698211744095, -11.815897942105025 ], [ 40.608436583722387, -11.813608170149692 ] ] ], [ [ [ 40.535427093646113, -11.42517089798698 ], [ 40.526889800684472, -11.424143791271391 ], [ 40.521015167376753, -11.418194771439971 ], [ 40.531330108858157, -11.420709610428581 ], [ 40.535427093646113, -11.42517089798698 ] ] ], [ [ [ 40.653584083725868, -11.367153230003968 ], [ 40.627288818111786, -11.370637894289803 ], [ 40.624744414810223, -11.368748665085171 ], [ 40.647773742951223, -11.364228248900954 ], [ 40.653584083725868, -11.367153230003968 ] ] ], [ [ [ 40.535987854160496, -11.35762500785491 ], [ 40.530464172288063, -11.35984897641622 ], [ 40.52544021579768, -11.354567527836235 ], [ 40.535987854160496, -11.35762500785491 ] ] ], [ [ [ 40.577842711630772, -11.310112000275563 ], [ 40.585834502819061, -11.309915543374593 ], [ 40.586685181434966, -11.310754776318888 ], [ 40.583930968998004, -11.312808037367983 ], [ 40.577842711630772, -11.310112000275563 ] ] ], [ [ [ 40.629272460853052, -11.190837860071845 ], [ 40.646697998211714, -11.188685417290856 ], [ 40.616165161290795, -11.19530010181089 ], [ 40.584709166692377, -11.174538612059948 ], [ 40.629272460853052, -11.190837860071845 ] ] ], [ [ [ 40.681999206755428, -11.143558501783613 ], [ 40.694992064889348, -11.146058082874433 ], [ 40.69878005970947, -11.163179397571366 ], [ 40.667407989844264, -11.170635223397074 ], [ 40.653583526815709, -11.184292792938244 ], [ 40.681999206755428, -11.143558501783613 ] ] ], [ [ [ 40.708961487001041, -10.998769759892912 ], [ 40.71768951357825, -11.008743286349976 ], [ 40.703575134303037, -11.023148536951854 ], [ 40.676105498887729, -11.025544167205936 ], [ 40.646789550815164, -11.04098129272888 ], [ 40.648288726961233, -11.034153938329982 ], [ 40.641036986985348, -11.041773796000331 ], [ 40.599941253803827, -11.023563385218438 ], [ 40.646888733446339, -11.031013488658026 ], [ 40.694023131780135, -11.017293929747485 ], [ 40.708961487001041, -10.998769759892912 ] ] ], [ [ [ 40.622444153045066, -10.907201767070251 ], [ 40.630996703904586, -10.914271354761595 ], [ 40.626163482828247, -10.923299789076335 ], [ 40.622444153045066, -10.907201767070251 ] ] ], [ [ [ 40.652988434158246, -10.821891784743087 ], [ 40.681022644168984, -10.842661857623614 ], [ 40.684402466390011, -10.853079795760934 ], [ 40.644973755223944, -10.878886223185624 ], [ 40.65490341185226, -10.843136786898189 ], [ 40.663948059144893, -10.860076904390592 ], [ 40.673122405763742, -10.857219696196996 ], [ 40.662326812621643, -10.848861693877065 ], [ 40.652988434158246, -10.821891784743087 ] ] ], [ [ [ 40.640026093344993, -10.767024993940755 ], [ 40.66218185422462, -10.776296615728675 ], [ 40.653785706260805, -10.801188468605361 ], [ 40.647346496559003, -10.783463477689725 ], [ 40.631107329555093, -10.772358893680423 ], [ 40.640026093344993, -10.767024993940755 ] ] ], [ [ [ 40.498027801653024, -10.571354865937632 ], [ 40.514980316299841, -10.56899356820189 ], [ 40.521144866753502, -10.575009345608155 ], [ 40.509208678748841, -10.583881377926563 ], [ 40.48813247664377, -10.583228111291643 ], [ 40.490585327162464, -10.565242766643657 ], [ 40.498027801653024, -10.571354865937632 ] ] ], [ [ [ 40.503005980721639, -10.554754257122667 ], [ 40.525505065886357, -10.567386627410347 ], [ 40.498374938932571, -10.568592072385652 ], [ 40.503005980721639, -10.554754257122667 ] ] ], [ [ [ 40.464553832706628, -10.482828139855727 ], [ 40.47140121500744, -10.477570534101854 ], [ 40.500808715862959, -10.488224029864046 ], [ 40.48742675795193, -10.497128487238871 ], [ 40.480670929333264, -10.493179321317569 ], [ 40.478691100627216, -10.51173591622856 ], [ 40.508083343584858, -10.491981506190573 ], [ 40.511554717689471, -10.480863570846122 ], [ 40.529254913396905, -10.484013556929117 ], [ 40.549568175644204, -10.53755378662693 ], [ 40.545619964802917, -10.550745964203845 ], [ 40.53136825635336, -10.548979758657939 ], [ 40.522670745571823, -10.557217598062696 ], [ 40.518733977704301, -10.549650191552029 ], [ 40.516208649023291, -10.556197166115311 ], [ 40.503929137633001, -10.551852225648695 ], [ 40.483364104783028, -10.566599846354841 ], [ 40.483295440645449, -10.555501938013023 ], [ 40.476905823158603, -10.555233002050368 ], [ 40.472164153965942, -10.564022063816125 ], [ 40.478912353635579, -10.558037758185002 ], [ 40.479156494390125, -10.570719718888899 ], [ 40.488952636768119, -10.572863579439584 ], [ 40.483798980951612, -10.589352607785596 ], [ 40.511005401891197, -10.589069366307147 ], [ 40.53845214776176, -10.575849532778658 ], [ 40.584415436336698, -10.599885940632614 ], [ 40.570434570412438, -10.623863219860663 ], [ 40.574111937829059, -10.656507492275935 ], [ 40.581840515440817, -10.664851189080071 ], [ 40.627693175712878, -10.672718048248342 ], [ 40.640693665361063, -10.690902709627093 ], [ 40.639583588092819, -10.703621863592883 ], [ 40.630493164408712, -10.707262992827538 ], [ 40.576068877757208, -10.69002914416437 ], [ 40.513931274089678, -10.73544788424714 ], [ 40.499217986801327, -10.731767654288493 ], [ 40.4969406128996, -10.738515853958219 ], [ 40.495479584196069, -10.731194495664109 ], [ 40.505687714097363, -10.72224330861653 ], [ 40.498588562093154, -10.724614142763222 ], [ 40.493930816734505, -10.729499816797805 ], [ 40.485694884791755, -10.753915787118551 ], [ 40.483482361002864, -10.773808478713054 ], [ 40.490837096735298, -10.787302970590318 ], [ 40.481662750116456, -10.797450066202341 ], [ 40.492630004951415, -10.790346145992569 ], [ 40.493553161729722, -10.772576331966821 ], [ 40.572612762449666, -10.818018913077054 ], [ 40.61956787104112, -10.830554008195659 ], [ 40.602146148606565, -10.843239783823666 ], [ 40.606235503610968, -10.848959922833856 ], [ 40.612026214883237, -10.841280937437059 ], [ 40.609558104668096, -10.847119330764166 ], [ 40.590782166009497, -10.865283966053862 ], [ 40.546005248688601, -10.886238097781664 ], [ 40.515972137149738, -10.912199973921322 ], [ 40.493556975819125, -10.949350357005105 ], [ 40.498580933208871, -10.951935767593302 ], [ 40.492862700998202, -10.953468322976434 ], [ 40.490863800369446, -10.965451240653934 ], [ 40.498992919832709, -10.980403899591984 ], [ 40.488731383691722, -10.985889434921159 ], [ 40.490901946912707, -10.973058701169869 ], [ 40.482627869326073, -10.999965667653111 ], [ 40.50212097235034, -10.997580527990714 ], [ 40.50712585422017, -11.022891998238826 ], [ 40.505817412588861, -11.007277488636902 ], [ 40.566505432325194, -11.030181884757884 ], [ 40.551242828339205, -11.077045440566291 ], [ 40.491714478086074, -11.14800262539255 ], [ 40.493568419692174, -11.179961205217115 ], [ 40.510086059969055, -11.195658683573129 ], [ 40.44788360618886, -11.230399131786228 ], [ 40.434360504179288, -11.229940413690809 ], [ 40.425060271981863, -11.276245116994499 ], [ 40.379753112583963, -11.33072757719189 ], [ 40.374919890608339, -11.317351340767701 ], [ 40.368892670228398, -11.325247765148205 ], [ 40.354423522795223, -11.321526527003556 ], [ 40.324417113926479, -11.297313690150634 ], [ 40.329395294025474, -11.309872627195894 ], [ 40.361309051639296, -11.330778121788843 ], [ 40.372436523394697, -11.365123748737993 ], [ 40.389816284361878, -11.350523948697244 ], [ 40.407264708567268, -11.366336822662149 ], [ 40.415832520022597, -11.389541625621469 ], [ 40.425598144806365, -11.389948844939202 ], [ 40.4293365483109, -11.415223121925511 ], [ 40.433254241557869, -11.398827552925184 ], [ 40.444648742713198, -11.402260779587259 ], [ 40.447929382303052, -11.41300868977515 ], [ 40.46202850278101, -11.400175095280396 ], [ 40.47649765021427, -11.406768798617151 ], [ 40.468032837213507, -11.43494510690708 ], [ 40.457084656099816, -11.444324492657199 ], [ 40.455997466577678, -11.48692226362753 ], [ 40.438625336358079, -11.503386496765344 ], [ 40.45235824570431, -11.526840209583966 ], [ 40.418727875040204, -11.553739547844089 ], [ 40.423854828186592, -11.57867145472613 ], [ 40.457202910934363, -11.601562500411333 ], [ 40.461883544938395, -11.614200592185853 ], [ 40.442058563300819, -11.633040427675834 ], [ 40.432720183938144, -11.627314568314961 ], [ 40.432323456111376, -11.640363693431954 ], [ 40.418640137181363, -11.657608031787436 ], [ 40.441673279347192, -11.648475646636047 ], [ 40.442539214961606, -11.666858673291358 ], [ 40.417289734082772, -11.679423331823546 ], [ 40.442890166798975, -11.675508499429732 ], [ 40.442489624048093, -11.687149047902246 ], [ 40.420394896558456, -11.700010300147223 ], [ 40.436599731043934, -11.694050788824839 ], [ 40.442138671713522, -11.737779617347499 ], [ 40.449180602554016, -11.745527266881872 ], [ 40.466560364420481, -11.742855071716196 ], [ 40.462158202790057, -11.813761711046133 ], [ 40.48143386772999, -11.838304519949627 ], [ 40.517955780286243, -11.850979804986039 ], [ 40.497383117588051, -11.867625237127033 ], [ 40.484062194865565, -11.894073486414314 ], [ 40.496746062569891, -11.957550048939858 ], [ 40.530895232618072, -11.991810798773628 ], [ 40.55369949282651, -11.998137473609827 ], [ 40.518394470017981, -12.014579773182277 ], [ 40.500675200589185, -12.04479408282495 ], [ 40.513725280786282, -12.084566115578088 ], [ 40.48888397160718, -12.145942687749134 ], [ 40.516986846654781, -12.203220366770751 ], [ 40.503185272271693, -12.213486671117302 ], [ 40.498790741388767, -12.20396995529347 ], [ 40.488861083861082, -12.206448555200922 ], [ 40.499755858735078, -12.214872360015683 ], [ 40.494976043898433, -12.222074508675895 ], [ 40.509422301786948, -12.218905448871631 ], [ 40.505699157978938, -12.242758751159766 ], [ 40.493007659964718, -12.268805504414804 ], [ 40.482517241866347, -12.268564224403722 ], [ 40.46461105284699, -12.246567726263802 ], [ 40.470905304425422, -12.22884368862962 ], [ 40.46901702940152, -12.225942612405927 ], [ 40.464015960657242, -12.225738524757368 ], [ 40.46909332338732, -12.228740691973616 ], [ 40.458911896156238, -12.240406035654328 ], [ 40.459087371873835, -12.261013985051683 ], [ 40.460426330864188, -12.263606070825883 ], [ 40.465328217212658, -12.266909598643316 ], [ 40.471958159630482, -12.266924858339845 ], [ 40.479248047048912, -12.276946067751116 ], [ 40.496910095313808, -12.276729583847512 ], [ 40.515571594342724, -12.324613570704024 ], [ 40.510158538974515, -12.337038040217685 ], [ 40.48703002910171, -12.342029571651736 ], [ 40.504570006989425, -12.340871811429199 ], [ 40.506736755286212, -12.350457191390518 ], [ 40.492408751951494, -12.365120888262648 ], [ 40.487869262945289, -12.394463539005418 ], [ 40.477142333921847, -12.395972252351672 ], [ 40.489429474261073, -12.396394729567284 ], [ 40.502738953110509, -12.38244915034219 ], [ 40.506042480446368, -12.390549659673233 ], [ 40.521823882636397, -12.383542061351172 ], [ 40.522537231178589, -12.392621040262952 ], [ 40.529266357126957, -12.398211478810861 ], [ 40.525402069220405, -12.387434959390031 ], [ 40.535205841446711, -12.38281917639803 ], [ 40.53949356074952, -12.399801253559151 ], [ 40.545715332366981, -12.385217667395576 ], [ 40.541378020849308, -12.37557697283318 ], [ 40.551620483268934, -12.394554138396874 ], [ 40.55491638165595, -12.381075858598134 ], [ 40.571495056222183, -12.395692824898052 ], [ 40.501369476290563, -12.437858582241912 ], [ 40.49428558308351, -12.46510982539224 ], [ 40.486976623742464, -12.463313103151297 ], [ 40.481620788638786, -12.465867042863898 ], [ 40.492877959907446, -12.471969603858302 ], [ 40.484943389883057, -12.488234520251051 ], [ 40.458873748882006, -12.498006820702301 ], [ 40.455589294367954, -12.503958702176465 ], [ 40.470096588344475, -12.498062134404098 ], [ 40.461639404292647, -12.506589890055508 ], [ 40.471206664713343, -12.502087593411826 ], [ 40.466247559234994, -12.510480880632269 ], [ 40.473102569585464, -12.506521225018652 ], [ 40.473339081391067, -12.516250609821888 ], [ 40.48246002177013, -12.517853736804607 ], [ 40.481426239386963, -12.545035361636714 ], [ 40.490978241010588, -12.526902199021439 ], [ 40.505195617841082, -12.532927512838565 ], [ 40.570411681811201, -12.530280112880998 ], [ 40.56660080014435, -12.548851966589147 ], [ 40.550266266332656, -12.552204131959233 ], [ 40.551181793262749, -12.584163665964532 ], [ 40.570819855309672, -12.623978615265052 ], [ 40.563911437820131, -12.629818916054258 ], [ 40.572822570862535, -12.625733376038628 ], [ 40.587039947693029, -12.640713691827532 ], [ 40.607410431104043, -12.635554313624819 ], [ 40.619743346935465, -12.657528877300006 ], [ 40.61674880956744, -12.670712470847967 ], [ 40.614521026981386, -12.662370682405211 ], [ 40.608081818178952, -12.665498734023473 ], [ 40.58545684771294, -12.648133277672713 ], [ 40.570281981585708, -12.65486621944456 ], [ 40.568466187422146, -12.693110465919411 ], [ 40.576881409107322, -12.706730843098057 ], [ 40.565135955911948, -12.721566200201284 ], [ 40.583511352719128, -12.733813285635964 ], [ 40.583797454940949, -12.750913620048809 ], [ 40.590251923439823, -12.739916800900986 ], [ 40.583637238020422, -12.725332259657396 ], [ 40.56929779081274, -12.720567702718633 ], [ 40.599990844654101, -12.704163550588721 ], [ 40.61723709137096, -12.729250907984291 ], [ 40.598411559598127, -12.760288239392015 ], [ 40.605266570847874, -12.765437126103762 ], [ 40.615497589394543, -12.750024795789017 ], [ 40.61619567913958, -12.764976501445702 ], [ 40.620574951225343, -12.750729561201624 ], [ 40.631237030117205, -12.746509551855656 ], [ 40.616096497407774, -12.796710014237078 ], [ 40.582386016653636, -12.814877510270151 ], [ 40.548812865973304, -12.768295287578724 ], [ 40.5450553887475, -12.775841712906022 ], [ 40.564010619846549, -12.793499947146181 ], [ 40.566040038968985, -12.819028853679981 ], [ 40.551578522283314, -12.835247040399889 ], [ 40.547420502306629, -12.826969146989864 ], [ 40.541969298596605, -12.834887504935732 ], [ 40.544639587199548, -12.856281281037596 ], [ 40.512023925815868, -12.928351402076821 ], [ 40.501354217975148, -12.913270950375377 ], [ 40.504787444637223, -12.890721320613796 ], [ 40.489780426178022, -12.877460479798586 ], [ 40.454479218293606, -12.885813713013761 ], [ 40.429096222265173, -12.917321204591214 ], [ 40.413311005151122, -12.904534339769302 ], [ 40.415946960336271, -12.921475409643701 ], [ 40.411819457953989, -12.918596267884741 ], [ 40.403316498409971, -12.92184543569963 ], [ 40.413078308269625, -12.927606582658946 ], [ 40.406494141343906, -12.960427284073184 ], [ 40.44134521516186, -13.012664795425268 ], [ 40.435283660809894, -13.027351379245291 ], [ 40.46143722474568, -13.023642540053705 ], [ 40.459999083788247, -13.032793044745807 ], [ 40.46786117565032, -13.039232254447521 ], [ 40.464271545193263, -13.028478621873509 ], [ 40.487957000712647, -13.029343605105838 ], [ 40.483608246221202, -13.034297943277997 ], [ 40.491905212429323, -13.051518440171696 ], [ 40.510669708114243, -13.027013778710741 ], [ 40.515312194675737, -12.992547988846415 ], [ 40.508258819962286, -12.975749016351834 ], [ 40.48423385598138, -12.960148811366334 ], [ 40.505622863877768, -12.949614525237951 ], [ 40.540805817208394, -12.970360756191734 ], [ 40.572536469256306, -12.960013389654002 ], [ 40.588626862313539, -12.971232414192357 ], [ 40.558441162332173, -13.054731369020269 ], [ 40.552207946841655, -13.100529670670548 ], [ 40.5627593992293, -13.148641586202993 ], [ 40.558525084671295, -13.215888976736958 ], [ 40.565399169642404, -13.313893317964355 ], [ 40.579410553160891, -13.330439568373455 ], [ 40.58604431230156, -13.362403869684949 ], [ 40.578269958298328, -13.400087357387671 ], [ 40.554763794320024, -13.414937018770436 ], [ 40.541587829721003, -13.440681457725125 ], [ 40.528446198356903, -13.511775016796525 ], [ 40.517959595182731, -13.506806374007942 ], [ 40.512325286806075, -13.515985488832174 ], [ 40.496623992626667, -13.512698173574835 ], [ 40.480505271824399, -13.524261979299903 ], [ 40.460382343893585, -13.515298878033734 ], [ 40.449823063806924, -13.498098407708349 ], [ 40.449666682494936, -13.471890042684278 ], [ 40.416226383264529, -13.455869180711046 ], [ 40.386028621147517, -13.462425297782234 ], [ 40.357803110948375, -13.45527883784108 ], [ 40.31685148782941, -13.475132235357369 ], [ 40.298433761732291, -13.468741051251511 ], [ 40.279268323098215, -13.48048487516982 ], [ 40.236275809104818, -13.486546051252192 ], [ 40.219860821043639, -13.499994952897689 ], [ 40.184108783916749, -13.468937393039228 ], [ 40.148158352749284, -13.464993184181042 ], [ 40.137625775332829, -13.448789248118233 ], [ 40.106447625396981, -13.446685531656401 ], [ 40.113405744154775, -13.477990052128598 ], [ 39.999706357766165, -13.511748128397196 ], [ 40.001045329032024, -13.52678196382522 ], [ 39.981120729182017, -13.560369428927379 ], [ 39.932787511531075, -13.585733794165391 ], [ 39.933306297233649, -13.609803188100946 ], [ 39.858700682648461, -13.680260451260031 ], [ 39.788691941741426, -13.679664371350244 ], [ 39.754637466620522, -13.663057982632056 ], [ 39.70455325288048, -13.702573127990105 ], [ 39.680050951674808, -13.707337394887455 ], [ 39.656239104687373, -13.731781539338874 ], [ 39.597026174130647, -13.733207145113903 ], [ 39.57636915050665, -13.752745866059881 ], [ 39.52170342530804, -13.759993332202482 ], [ 39.477143013037384, -13.791067983197449 ], [ 39.465404915346127, -13.826460663101516 ], [ 39.436591896741682, -13.852594619588389 ], [ 39.416804667541015, -13.847037849893963 ], [ 39.380892374271014, -13.853510040111241 ], [ 39.353097912684767, -13.867895385979436 ], [ 39.348096722299921, -13.887917608991442 ], [ 39.287155687317146, -13.900759962480171 ], [ 39.271167948691442, -13.918674671935085 ], [ 39.250621568222442, -13.923809900597474 ], [ 39.240638287746009, -13.938637744784367 ], [ 39.192835323767504, -13.962728072110588 ], [ 39.144990451110075, -13.936869633345152 ], [ 39.08879497682868, -13.967255757918908 ], [ 39.081382847276146, -13.9883679678678 ], [ 39.044814392560703, -14.013577857639971 ], [ 38.99334164135476, -14.014096573796488 ], [ 38.973222512491326, -14.022162280138508 ], [ 38.945481446504125, -14.046495801216532 ], [ 38.870734725733357, -14.075364694817873 ], [ 38.853545330061259, -14.095493711641096 ], [ 38.809408363235086, -14.120138096002234 ], [ 38.791368311561172, -14.105713603157001 ], [ 38.733120486294261, -14.137619797216063 ], [ 38.71741503953853, -14.156017039785242 ], [ 38.664237103324105, -14.140310841735106 ], [ 38.597337377388406, -14.165671370186496 ], [ 38.588082747411825, -14.154785774532465 ], [ 38.559143876622613, -14.148715944289416 ], [ 38.522796692926008, -14.161217877858158 ], [ 38.478209645252313, -14.131777636853295 ], [ 38.437769237284535, -14.119829673208796 ], [ 38.39771028227451, -14.129172255265578 ], [ 38.382672466902292, -14.107949400503641 ], [ 38.363129378811443, -14.10778249521414 ], [ 38.36159204295727, -14.092136431892046 ], [ 38.34519616798152, -14.070983190445753 ], [ 38.346596204822823, -14.058280005381809 ], [ 38.335445614625861, -14.062814461368236 ], [ 38.333751866847301, -14.052493418431579 ], [ 38.280455718236027, -13.99962842178777 ], [ 38.291236295495899, -13.977557828038824 ], [ 38.275919994220367, -13.962938800571314 ], [ 38.277358181968367, -13.947431970501968 ], [ 38.258726834889103, -13.93899049664409 ], [ 38.261748161404384, -13.916954225428315 ], [ 38.251238486381425, -13.892948712224397 ], [ 38.213037387609582, -13.850400962527589 ], [ 38.213605806183658, -13.835407180560646 ], [ 38.200269362723596, -13.829591985252778 ], [ 38.202172962504243, -13.805623678086489 ], [ 38.182439155738145, -13.788708328028234 ], [ 38.180821707052672, -13.775184074042548 ], [ 38.167443297521721, -13.772547297490691 ], [ 38.161068839858494, -13.74659831135885 ], [ 38.172433128230608, -13.679528258013287 ], [ 38.157021450774963, -13.671165939646992 ], [ 38.144459427596487, -13.646929651265973 ], [ 38.149731502160691, -13.596780643008712 ], [ 38.14373091455824, -13.550928639234174 ], [ 38.132565099230874, -13.526084897470094 ], [ 38.11122908229526, -13.513926209048945 ], [ 38.104034441203218, -13.493935448334062 ], [ 38.061728582446307, -13.508067109245127 ], [ 38.036909767330265, -13.416034094382036 ], [ 38.059752664201817, -13.388543139871258 ], [ 38.091045275458356, -13.369675786982429 ], [ 38.095695498710157, -13.357229134060324 ], [ 38.145855968553413, -13.350040794462982 ], [ 38.148270734089564, -13.337729553342738 ], [ 38.184350907230638, -13.300036778827186 ], [ 38.17539764147687, -13.292273343106766 ], [ 38.181039706919449, -13.278779616008764 ], [ 38.172692984844794, -13.275894904549725 ], [ 38.200029711095539, -13.22429165663719 ], [ 38.206629316587239, -13.181536080538605 ], [ 38.222014319746158, -13.162997710923642 ], [ 38.21586112889571, -13.126736279217701 ], [ 38.211424557326744, -13.117133314736764 ], [ 38.188966991647924, -13.109848583291319 ], [ 38.134041845838631, -13.139449864094301 ], [ 38.11139734864296, -13.139261977049534 ], [ 38.075252381135215, -13.126166820440679 ], [ 38.060836372304188, -13.106681474971184 ], [ 37.983228637756952, -13.085587305109049 ], [ 37.938057950558282, -13.041260111160737 ], [ 37.943974682038863, -13.025393778152596 ], [ 37.997888932929449, -12.976199410412637 ], [ 37.994341222714333, -12.949205269601549 ], [ 38.027281848962723, -12.898233332357822 ], [ 38.020972236011943, -12.877115399232331 ], [ 38.045077827506226, -12.843219936543449 ], [ 38.026293907326583, -12.819422317453188 ], [ 38.047366771352152, -12.768735502891904 ], [ 38.033503916799951, -12.7377504522598 ], [ 38.041701917779349, -12.688402509265195 ], [ 38.030631473705277, -12.660929646691432 ], [ 38.022773041229328, -12.659763360887055 ], [ 38.023612306430131, -12.645572536107963 ], [ 38.035152041080735, -12.603442551292066 ], [ 38.049972455403527, -12.585572673458234 ], [ 38.042987621909617, -12.569341093514019 ], [ 38.04642856720951, -12.550721658760366 ], [ 38.067989687695061, -12.531581565656769 ], [ 38.06374385269983, -12.523866772470882 ], [ 38.079109782947143, -12.502608682406802 ], [ 38.081043893122889, -12.483388465740131 ], [ 38.070286253652817, -12.462074086209185 ], [ 38.085022756499534, -12.430709527480843 ], [ 38.106595309661394, -12.422499831393008 ], [ 38.13541977661167, -12.385859859246562 ], [ 38.164652403009512, -12.369924892363215 ], [ 38.206508152520193, -12.31725934391763 ], [ 38.200507518760972, -12.312211825720709 ], [ 38.201674867709414, -12.284306035809944 ], [ 38.213531206853837, -12.261674730458072 ], [ 38.224430019304144, -12.257394893192064 ], [ 38.221286661028699, -12.242320060574663 ], [ 38.233795324643026, -12.22136140610619 ], [ 38.221973375898024, -12.186839387094572 ], [ 38.292623030648301, -12.138423200870641 ], [ 38.368262388773942, -12.110546092268848 ], [ 38.380114905239303, -12.095346350390823 ], [ 38.376796076905464, -12.070138349771486 ], [ 38.392467189747435, -12.046623996882122 ], [ 38.423168636788354, -11.892174743804951 ], [ 38.415306423567976, -11.855597681182406 ], [ 38.424599241945977, -11.824132038983315 ], [ 38.402275276757734, -11.729621587052552 ], [ 38.414249930564935, -11.645122274159636 ], [ 38.408531616515994, -11.611924845840971 ], [ 38.418495852077008, -11.561220875528999 ], [ 38.456399527990946, -11.467046161437189 ], [ 38.52144622803614, -11.383413314758695 ], [ 38.628566742336403, -11.295696259061128 ], [ 38.65213775642745, -11.281993866409756 ], [ 38.701396941590659, -11.27094650266498 ], [ 38.753211974827849, -11.271203994754497 ], [ 38.8564453116769, -11.202792168309905 ], [ 38.881931305260622, -11.172993660215269 ], [ 38.995468140097636, -11.169888496310776 ], [ 39.026229858076476, -11.176205634736025 ], [ 39.152030945127017, -11.149447441300087 ], [ 39.224922179570001, -11.178061484703505 ], [ 39.24797821038112, -11.178254127579645 ], [ 39.288452147803397, -11.155755043314297 ], [ 39.37475967357512, -11.080439567585731 ], [ 39.455875396986997, -11.045755386355705 ], [ 39.535274506401343, -10.978914261224659 ], [ 39.579154967815491, -10.976446151908892 ], [ 39.606269835972206, -10.95289039571572 ], [ 39.673416138232241, -10.936701775107327 ], [ 39.708129882875852, -10.936306952944008 ], [ 39.808967590370017, -10.902070045037071 ], [ 39.900215148798104, -10.840190886740508 ], [ 39.932140350284975, -10.825636863990606 ], [ 40.003890990894618, -10.811658859049 ], [ 40.238243102750403, -10.601757050296623 ], [ 40.279914856199049, -10.577056885216063 ], [ 40.351482391112846, -10.572435378938572 ], [ 40.370506287248752, -10.55583476990769 ], [ 40.386634826849154, -10.520249367263457 ], [ 40.416633605869592, -10.504290580994446 ], [ 40.430156707879163, -10.480318069072592 ], [ 40.438796996597524, -10.482789040031104 ], [ 40.450344085724353, -10.472198486020279 ], [ 40.464553832706628, -10.482828139855727 ] ] ] ] } },
{ "type": "Feature", "properties": { "loc": "MZ-A1-0002" }, "geometry": { "type": "Polygon", "coordinates": [ [ [ 32.440219879123276, -21.309146880572087 ], [ 32.514883291509854, -21.350737373079291 ], [ 32.524122624938414, -21.369891930815935 ], [ 32.562018532508432, -21.395279456729547 ], [ 32.5963095589182, -21.390387436179207 ], [ 32.620067957549402, -21.398239649887877 ], [ 32.650372549232941, -21.391556709522511 ], [ 32.658368283049057, -21.404493621731206 ], [ 32.698942210693659, -21.412418351373756 ], [ 32.713964770337114, -21.421714334896617 ], [ 32.719526665302588, -21.439383136170779 ], [ 32.775050662737058, -21.460031182740828 ], [ 32.780414190641537, -21.477141158785432 ], [ 32.800563821242555, -21.481747221005424 ], [ 32.824261143316349, -21.505025295329098 ], [ 32.85297116326781, -21.497030159562151 ], [ 32.877881624016894, -21.50540305735316 ], [ 32.908209147764232, -21.482889917781648 ], [ 32.953204356072732, -21.507930343587226 ], [ 32.963904727751313, -21.53538145753862 ], [ 32.954096891819106, -21.553521316050087 ], [ 32.984977444230289, -21.573869868883925 ], [ 33.068524823322001, -21.580415755667296 ], [ 33.070062213377348, -21.567047823756006 ], [ 33.109678725732152, -21.54088803565655 ], [ 33.123873559093596, -21.520499536017116 ], [ 33.157817454218055, -21.511697642908704 ], [ 33.196903733214654, -21.477594146659577 ], [ 33.23657741474463, -21.471185868741753 ], [ 33.269025829840025, -21.496029817396337 ], [ 33.295969569575625, -21.503513939084055 ], [ 33.272558220290392, -21.530987862141785 ], [ 33.265199532926673, -21.525430110477387 ], [ 33.235795225777785, -21.532134036544729 ], [ 33.241685142652365, -21.568797172088065 ], [ 33.209778312617232, -21.586856876402919 ], [ 33.204456612556164, -21.620210904129337 ], [ 33.187519015453169, -21.617864943705815 ], [ 33.161158736492382, -21.685635305774657 ], [ 33.189666406347342, -21.741121182113069 ], [ 33.166480075447545, -21.787818317865607 ], [ 33.195323399895869, -21.860164322283907 ], [ 33.253788410708154, -21.949952237083096 ], [ 33.290303362417305, -21.980315802107867 ], [ 33.342340659806382, -22.002258878801765 ], [ 33.324472144320737, -22.041510121637224 ], [ 33.325067198407368, -22.060399565948966 ], [ 33.32983179412826, -22.082361606623383 ], [ 33.351537838131797, -22.093671673815866 ], [ 33.362585335207783, -22.128402796208405 ], [ 33.361105149670088, -22.147811010666722 ], [ 33.338510218081332, -22.152996781576476 ], [ 33.343099335153013, -22.174501083154489 ], [ 33.326001376968271, -22.223280977410734 ], [ 33.330697310521927, -22.243688609693638 ], [ 33.371656490045552, -22.269287874558955 ], [ 33.372427036847739, -22.283212740874351 ], [ 33.364160406703235, -22.287111149416464 ], [ 33.354299130353247, -22.316580114900212 ], [ 33.365506830013501, -22.357588021403711 ], [ 33.383733764284194, -22.381512666506435 ], [ 33.376932008263026, -22.38529664360787 ], [ 33.349473282268285, -22.373713821075206 ], [ 33.331032622673838, -22.385510147183489 ], [ 33.316574630210596, -22.382389844224718 ], [ 33.304214671978407, -22.412900167683162 ], [ 33.313076366822912, -22.423723859273185 ], [ 33.305301828708913, -22.432640256608142 ], [ 33.310608148816137, -22.444722728123793 ], [ 33.279616639118927, -22.541862958965812 ], [ 33.265761327452594, -22.55802881897662 ], [ 33.282195345227748, -22.571524594966256 ], [ 33.281485757919192, -22.58551049454978 ], [ 33.313724311253559, -22.628419997614561 ], [ 33.326412153120835, -22.665546657983175 ], [ 33.357571261992582, -22.659399649198701 ], [ 33.363381135121926, -22.670517054023613 ], [ 33.420236468534839, -22.703218989924693 ], [ 33.453959075299032, -22.708660470224999 ], [ 33.468966303957735, -22.745016608752969 ], [ 33.493811911075646, -22.756080657173786 ], [ 33.483832394848392, -22.778153301208807 ], [ 33.502326415380992, -22.783529898852354 ], [ 33.505824502136093, -22.806188103357176 ], [ 33.570996031150045, -22.845714225264139 ], [ 33.580811373881083, -22.87332558983444 ], [ 33.604768104585979, -22.89669525224252 ], [ 33.623643606729857, -22.900858836820429 ], [ 33.645937185267748, -22.891845199078901 ], [ 33.647699544569711, -22.916082610421554 ], [ 33.681250410345456, -22.949581733178363 ], [ 33.684584436836872, -22.981232654074905 ], [ 33.697409662983922, -23.000055394528744 ], [ 33.689352786525752, -23.024575059459899 ], [ 33.71684584381466, -23.037906845559778 ], [ 33.723056247558816, -23.05670286992703 ], [ 33.736716941785829, -23.064101149386754 ], [ 33.740829199728793, -23.089585917038317 ], [ 33.773788888131264, -23.082920135204613 ], [ 33.779839092998408, -23.093968885215602 ], [ 33.773819330888642, -23.109945956842374 ], [ 33.801762535985027, -23.122009419910942 ], [ 33.802670398504674, -23.141457715281891 ], [ 33.832738416618945, -23.159899049388869 ], [ 33.823621047921506, -23.1786626166449 ], [ 33.849828547883952, -23.184340581829058 ], [ 33.842824469498147, -23.237348946527185 ], [ 33.861295592398335, -23.246633515991103 ], [ 33.876802595157805, -23.26972470954987 ], [ 33.865575640349945, -23.293532968295509 ], [ 33.872194194921725, -23.323114536810422 ], [ 33.901560327847889, -23.329816707673427 ], [ 33.888994407495808, -23.346024546276571 ], [ 33.871461704500518, -23.342049780908084 ], [ 33.868505233958444, -23.348627902731426 ], [ 33.876191994045733, -23.354014014609707 ], [ 33.869012565025471, -23.360782852073395 ], [ 33.858968258193777, -23.360607360300815 ], [ 33.854195999351191, -23.351055806351976 ], [ 33.845006192771564, -23.354347709625237 ], [ 33.848214352147231, -23.37840585596425 ], [ 33.841397300019906, -23.394669019577123 ], [ 33.868157934113476, -23.403627470066283 ], [ 33.863629711939801, -23.432646374836445 ], [ 33.882676869715347, -23.440794222934972 ], [ 33.88861253658785, -23.485267659079682 ], [ 33.925013137595471, -23.485321149987296 ], [ 33.924543860551495, -23.506333401600092 ], [ 33.937865007454739, -23.525438429690752 ], [ 33.929640332000886, -23.531217399462005 ], [ 33.950526183492734, -23.549656813575485 ], [ 33.926672307689408, -23.576242016524066 ], [ 33.946738005432429, -23.586484037286585 ], [ 33.926553966290683, -23.605520325096133 ], [ 33.931734393802273, -23.619433780966762 ], [ 33.909684932810201, -23.636959516908011 ], [ 33.912282761057391, -23.64917360055712 ], [ 33.890843671434503, -23.664170314880643 ], [ 33.906613941528931, -23.670473839553189 ], [ 33.933050383764694, -23.657336713312564 ], [ 33.938303249760558, -23.686027602430041 ], [ 33.949392806111454, -23.686199282498247 ], [ 33.944582336632436, -23.698665106971898 ], [ 33.955645175983427, -23.703591580409181 ], [ 33.931943929240603, -23.716497935833662 ], [ 33.936018054199778, -23.736365849675693 ], [ 33.916177284389569, -23.776156921177897 ], [ 33.929769279391607, -23.795538508887585 ], [ 33.924188202781238, -23.815581868852135 ], [ 33.930158309331603, -23.82239270158593 ], [ 33.915673562776348, -23.835520322926577 ], [ 33.925424104718829, -23.845352261767431 ], [ 33.92251722326364, -23.852725714207249 ], [ 33.942571468217544, -23.86604414617333 ], [ 33.909375225936635, -23.88389027897038 ], [ 33.930302981511794, -23.922533287658613 ], [ 33.920815586396493, -23.937804680967293 ], [ 33.929704000328741, -23.943631376681832 ], [ 33.932317064053962, -23.96384069175728 ], [ 33.922963183306841, -23.980031384650417 ], [ 33.937577572858523, -23.987580349043828 ], [ 33.922684639960856, -24.002237593049717 ], [ 33.932030803214396, -24.016301739478688 ], [ 33.921795724743156, -24.02699380508713 ], [ 33.937310286435398, -24.074080241119148 ], [ 33.941601896847686, -24.078880821487751 ], [ 33.971902693124655, -24.071907958701736 ], [ 33.99444034384954, -24.090278728721962 ], [ 33.99903256385354, -24.353360313216136 ], [ 34.14266602328032, -24.537720183386472 ], [ 34.163983018406206, -24.531773400449634 ], [ 34.175129833815397, -24.519893107516037 ], [ 34.202794600625751, -24.520158284927355 ], [ 34.266604481605555, -24.487881887260968 ], [ 34.316143188715245, -24.486478265669746 ], [ 34.346138841444365, -24.467394299633142 ], [ 34.414354739131291, -24.452689494742511 ], [ 34.427481365662729, -24.460823988642669 ], [ 34.351521279648921, -24.540367974321068 ], [ 34.370484535934089, -24.541701195292557 ], [ 34.447741140242925, -24.635969610347267 ], [ 34.29745011592432, -24.711325086052053 ], [ 34.299525102520647, -24.796381269096649 ], [ 34.434510986017699, -24.807554333904051 ], [ 34.472606884523174, -24.861932431635307 ], [ 34.338371277000093, -24.915437698 ], [ 34.23625564600016, -24.941347121999961 ], [ 33.995243073000069, -25.033191681000048 ], [ 33.898124695000078, -25.057741165000017 ], [ 33.73406601, -25.115940093999892 ], [ 33.353965759000147, -25.270168303999977 ], [ 33.133482760732079, -25.381311878624938 ], [ 33.136920413988626, -25.298296844298388 ], [ 33.126834312930185, -25.245732695616322 ], [ 33.098174026629259, -25.203256004743761 ], [ 32.989140048678088, -25.204760539666541 ], [ 32.993542401777752, -25.174194785621133 ], [ 33.010029937490458, -25.153583060379162 ], [ 33.007126955355425, -25.134048885771868 ], [ 32.99375615258112, -25.136369986279931 ], [ 32.980713469350619, -25.123747698292046 ], [ 32.999180925415885, -25.087389634200544 ], [ 32.923560650415183, -25.069314319767425 ], [ 32.925815231109588, -25.054801978846445 ], [ 32.914344229988082, -25.044161340363228 ], [ 32.921104119002408, -25.012331085437104 ], [ 32.915385795330053, -25.003811336874374 ], [ 32.923690582534647, -24.998631239478456 ], [ 32.918693253161933, -24.989684266649096 ], [ 32.925983320814147, -24.981027230615286 ], [ 32.905383555673616, -24.970932045153663 ], [ 32.904223943023538, -24.946339825311806 ], [ 32.915897229197313, -24.925480149357341 ], [ 32.921817752822179, -24.92882931455194 ], [ 32.931633214172997, -24.916683906665064 ], [ 32.943897725970608, -24.915875261172008 ], [ 32.938953827195441, -24.899541470108669 ], [ 32.916164355644582, -24.896981865580074 ], [ 32.913097352698664, -24.872790167597362 ], [ 32.905196957269332, -24.87019055064588 ], [ 32.910156201855969, -24.859612898557074 ], [ 32.903007320673559, -24.856050117253673 ], [ 32.929188238811449, -24.824477402042881 ], [ 32.9546711476182, -24.763128541991456 ], [ 32.886245488720199, -24.762952891336813 ], [ 32.86678244790572, -24.777707402755848 ], [ 32.875396295330042, -24.752657472870435 ], [ 32.839373440448171, -24.725789805625634 ], [ 32.845076639271866, -24.692439474856979 ], [ 32.836550669318797, -24.674642810825102 ], [ 32.822371160755225, -24.668995376717721 ], [ 32.810110551697171, -24.642562631294677 ], [ 32.778299241491773, -24.606307447488621 ], [ 32.764230475823943, -24.564977095327215 ], [ 32.751080953729819, -24.560479742285594 ], [ 32.748158881428537, -24.545799558316975 ], [ 32.734437144236082, -24.540867348705312 ], [ 32.715580779807617, -24.51635710762519 ], [ 32.727444852078001, -24.48004482884452 ], [ 32.72299705206553, -24.407752064070557 ], [ 32.657390608827299, -24.379438628210618 ], [ 32.609461742536219, -24.382484392847562 ], [ 32.586218416154402, -24.348313878558162 ], [ 32.560880710605957, -24.33511557895303 ], [ 32.540498317631474, -24.347911324804453 ], [ 32.527440375561092, -24.335512199085411 ], [ 32.47855021460898, -24.329801735218574 ], [ 32.462108599420546, -24.307206394716022 ], [ 32.450484981584836, -24.305177040344809 ], [ 32.439632027884038, -24.278273218790684 ], [ 32.429633487683539, -24.281391559529467 ], [ 32.403418420911599, -24.256816460467959 ], [ 32.337113827429441, -24.244533536150396 ], [ 32.323289046940253, -24.253766538351766 ], [ 32.295437376821688, -24.249269146610523 ], [ 32.283069846984112, -24.25672077260224 ], [ 32.249339661184649, -24.235311703528954 ], [ 32.232852203054954, -24.233532186218113 ], [ 32.227641188478309, -24.24271752974683 ], [ 32.209616394169537, -24.235029321802418 ], [ 32.193018359897643, -24.216896968576854 ], [ 32.16475085765417, -24.219263799841166 ], [ 32.157415061644059, -24.213313133351114 ], [ 32.143487293492022, -24.219210338742773 ], [ 32.077617594164863, -24.204636797107163 ], [ 31.952618737453019, -24.251192564441929 ], [ 31.913469315244956, -24.190849304308596 ], [ 31.891565323169356, -24.000000000056602 ], [ 31.878446578834772, -23.97719001836132 ], [ 31.874818802098247, -23.950801849173779 ], [ 31.762060165396498, -23.880664825369195 ], [ 31.695379256899368, -23.720554352249405 ], [ 31.689426422143839, -23.619413376274071 ], [ 31.557096480970014, -23.470005035152045 ], [ 31.545722960998056, -23.403367995584293 ], [ 31.558734893750216, -23.178861617650441 ], [ 31.306301116553158, -22.420892714807831 ], [ 31.381504059284048, -22.371784210263893 ], [ 31.503978728554603, -22.25149536121274 ], [ 32.399799347041416, -21.327598572264254 ], [ 32.440219879123276, -21.309146880572087 ] ] ] } },
{ "type": "Feature", "properties": { "loc": "MZ-A1-0003" }, "geometry": { "type": "MultiPolygon", "coordinates": [ [ [ [ 35.522205353106116, -22.183406830125389 ], [ 35.519218444687027, -22.175863266440835 ], [ 35.52288055420577, -22.170421600041038 ], [ 35.526523590003244, -22.175552368111532 ], [ 35.522205353106116, -22.183406830125389 ] ] ], [ [ [ 35.521770477103445, -22.135421752997878 ], [ 35.534519196281465, -22.136064529041203 ], [ 35.531185149552634, -22.15991973879126 ], [ 35.519939423243443, -22.14614868200249 ], [ 35.521770477103445, -22.135421752997878 ] ] ], [ [ [ 35.428756713556666, -21.959371566603462 ], [ 35.436107635264356, -21.979690552136248 ], [ 35.429756165220049, -21.974006653343373 ], [ 35.420230865367351, -21.980449677069917 ], [ 35.428756713556666, -21.959371566603462 ] ] ], [ [ [ 35.461681365841926, -21.805725097618115 ], [ 35.46866226239306, -21.817611694307185 ], [ 35.444862366344623, -21.913440704108126 ], [ 35.426296234123399, -21.902858734126255 ], [ 35.423530578712757, -21.879905700870331 ], [ 35.411880492929924, -21.863796234091918 ], [ 35.440616607609897, -21.844236374392082 ], [ 35.45381927487913, -21.844852447765199 ], [ 35.461681365841926, -21.805725097618115 ] ] ], [ [ [ 35.34281539906047, -21.616308212226979 ], [ 35.341918944952369, -21.626483917071941 ], [ 35.334491730158248, -21.611120223892048 ], [ 35.34281539906047, -21.616308212226979 ] ] ], [ [ [ 35.446994780550988, -21.50351524372747 ], [ 35.483905791984981, -21.514825821048692 ], [ 35.497852325390809, -21.564538956101845 ], [ 35.487625121768254, -21.630344390774962 ], [ 35.497879028060929, -21.642333984120036 ], [ 35.483898163036045, -21.700727462796102 ], [ 35.461795806597465, -21.744821548269758 ], [ 35.463684081621359, -21.782201766592205 ], [ 35.455341338997869, -21.794872284322423 ], [ 35.434516906596279, -21.764368056634446 ], [ 35.435180663822884, -21.740665435755172 ], [ 35.425132750842039, -21.726284027080126 ], [ 35.447418212846529, -21.703659058412764 ], [ 35.431106566780933, -21.658145904803575 ], [ 35.463523864700917, -21.626152039179217 ], [ 35.461349486555825, -21.563913345418499 ], [ 35.479526519899217, -21.524953842040077 ], [ 35.476379394559686, -21.515953063676911 ], [ 35.446994780550988, -21.50351524372747 ] ] ], [ [ [ 35.128657536824051, -21.197972829834647 ], [ 35.122116088594737, -21.178924561171989 ], [ 35.120517730716863, -21.16257095273966 ], [ 35.128067016787533, -21.175092697422397 ], [ 35.128657536824051, -21.197972829834647 ] ] ], [ [ [ 35.131607055664951, -20.957437514559807 ], [ 35.0994834898151, -21.037916183415287 ], [ 35.097415924149487, -21.014532088914887 ], [ 35.086402892923054, -21.01374053982417 ], [ 35.074447632096408, -21.025966644075481 ], [ 35.083625792739994, -21.02877616931487 ], [ 35.082817078289388, -21.044338225958462 ], [ 35.094356536668712, -21.051376342774123 ], [ 35.086975098266073, -21.086112976063113 ], [ 35.07749557480485, -21.084360122751548 ], [ 35.077430724692107, -21.075021744288151 ], [ 35.049400329605383, -21.090011597387463 ], [ 35.049236297760835, -21.069065093709231 ], [ 35.039604187227305, -21.08318519626993 ], [ 35.029048919915638, -21.066034317260044 ], [ 35.028217315920287, -21.074930190605915 ], [ 35.015705109447147, -21.068058013996275 ], [ 35.027198792334282, -21.097143172649439 ], [ 35.008438109774822, -21.11272048988884 ], [ 35.032768249698819, -21.115432739059784 ], [ 35.043968201415275, -21.129306793403927 ], [ 35.042011261354524, -21.143072127806576 ], [ 35.055374146443562, -21.121700287068727 ], [ 35.06637191797347, -21.134237288749972 ], [ 35.062538146761959, -21.153949738219961 ], [ 35.041187286308109, -21.166673660391226 ], [ 35.051403046057615, -21.183650970246241 ], [ 35.06077957196355, -21.172914504830679 ], [ 35.078689575007736, -21.183231353774094 ], [ 35.070175170691478, -21.192909240699013 ], [ 35.085418700956197, -21.205970763869789 ], [ 35.083942412556134, -21.216203689878469 ], [ 35.095230103030715, -21.199960708849733 ], [ 35.105911254744484, -21.224632262898705 ], [ 35.093955993917838, -21.246376038053864 ], [ 35.086765289130675, -21.235431670965003 ], [ 35.057907104073514, -21.241865158280596 ], [ 35.061775207803457, -21.238075255998371 ], [ 35.045581818090312, -21.224029540860737 ], [ 35.047904968383428, -21.247875214199933 ], [ 35.078166961879674, -21.254699706955996 ], [ 35.066883087228575, -21.26947784435718 ], [ 35.074424744350395, -21.270025252693351 ], [ 35.062595367026482, -21.274551392163147 ], [ 35.076339722044416, -21.282262801717081 ], [ 35.078968048280714, -21.316175460858936 ], [ 35.103279113584072, -21.293424605990911 ], [ 35.116386414045607, -21.254007338697804 ], [ 35.114219665748827, -21.33969497707167 ], [ 35.134540557621143, -21.40924835190026 ], [ 35.205505371396342, -21.535800934036157 ], [ 35.250160217440595, -21.583768844726684 ], [ 35.262962341059755, -21.624570846737527 ], [ 35.276897429693165, -21.641420363829059 ], [ 35.268241882177641, -21.706850051858687 ], [ 35.284576415989335, -21.732776642198552 ], [ 35.278213501172694, -21.768753052081994 ], [ 35.284477233565994, -21.817173004049909 ], [ 35.302261353107532, -21.854448318254342 ], [ 35.304496764642522, -21.884599686145648 ], [ 35.321285248344068, -21.913425446146476 ], [ 35.312744141357598, -21.96927833644509 ], [ 35.32558822644404, -21.993494034041476 ], [ 35.324569701958751, -22.046110152780333 ], [ 35.335468291756769, -22.107965469150152 ], [ 35.329719542851144, -22.185817719231341 ], [ 35.339859008614859, -22.192680359430032 ], [ 35.334381104033277, -22.206768036035033 ], [ 35.342422484738414, -22.216968536088103 ], [ 35.336948395080938, -22.222816466725618 ], [ 35.351100921798682, -22.223520278856771 ], [ 35.34862899755872, -22.209028243677501 ], [ 35.358924866218132, -22.199993133695187 ], [ 35.352722168321939, -22.212146758884813 ], [ 35.368953704578345, -22.208150864190038 ], [ 35.374053955054521, -22.225587845421749 ], [ 35.38663482656451, -22.207435608185836 ], [ 35.394504547375526, -22.207450866982995 ], [ 35.398941039725727, -22.218605042307885 ], [ 35.405277251872249, -22.198015213350434 ], [ 35.420055389273344, -22.198770523359993 ], [ 35.413867950174307, -22.191211699979 ], [ 35.424167632858548, -22.186773300166699 ], [ 35.414730071763977, -22.180557250935443 ], [ 35.41753005969305, -22.173189162968491 ], [ 35.450191498367488, -22.14922523507559 ], [ 35.44258499113301, -22.128059386750291 ], [ 35.463733673199052, -22.09538078271596 ], [ 35.488719939602063, -22.10336685241732 ], [ 35.522388457989464, -22.225114821810624 ], [ 35.540527343890318, -22.170797347638519 ], [ 35.537689209417991, -22.160268783896257 ], [ 35.543521881258343, -22.159334183244987 ], [ 35.539062500262766, -22.116468429593365 ], [ 35.54375457813984, -22.121849059905244 ], [ 35.546802520848196, -22.152082443269187 ], [ 35.530235291054382, -22.251419067155268 ], [ 35.544162749839572, -22.321924209553682 ], [ 35.539707183768101, -22.433736800831742 ], [ 35.503917693700814, -22.584699631285158 ], [ 35.516624451236765, -22.691766739329204 ], [ 35.514019011847196, -22.786300658833984 ], [ 35.524326324379665, -22.851409912123358 ], [ 35.545845031602262, -22.899288176593661 ], [ 35.546371459654438, -22.924173354702141 ], [ 35.579154967806872, -22.93590354939488 ], [ 35.54929733288489, -22.896768570298857 ], [ 35.54743957455603, -22.883436202804134 ], [ 35.565483092749815, -22.912527083843507 ], [ 35.604564667404794, -22.924600601022508 ], [ 35.592430115037068, -22.971101760623384 ], [ 35.511646270954721, -23.098163604843428 ], [ 35.487640380695083, -23.17260360674798 ], [ 35.497028351373437, -23.247444153202061 ], [ 35.494152068559202, -23.302936553855783 ], [ 35.426208495845692, -23.499618529636116 ], [ 35.422237396359023, -23.607778548705753 ], [ 35.434677123770562, -23.646636962890181 ], [ 35.407505035349409, -23.733190535979091 ], [ 35.401039123876764, -23.738178253388313 ], [ 35.395309447793132, -23.7330188751856 ], [ 35.401504516740388, -23.731292725443613 ], [ 35.394836425980571, -23.721492767242051 ], [ 35.39782714842449, -23.688013076806683 ], [ 35.391487122253231, -23.678089141665208 ], [ 35.396404266264213, -23.674633026357753 ], [ 35.396907805671006, -23.669858932108671 ], [ 35.391223906878132, -23.663608551258267 ], [ 35.394962311281951, -23.672876358122078 ], [ 35.361843108692824, -23.666753769135788 ], [ 35.36265563986619, -23.674551009985748 ], [ 35.350055694634932, -23.673532486399743 ], [ 35.350521088397834, -23.684873581315372 ], [ 35.334083557030858, -23.683763504047132 ], [ 35.341983795436107, -23.700428009010025 ], [ 35.332931519227664, -23.714689255018676 ], [ 35.345985412583346, -23.702384948668879 ], [ 35.345088959374614, -23.692562102721308 ], [ 35.37061691262705, -23.687225342238175 ], [ 35.378795624305269, -23.697238921801226 ], [ 35.36299133257058, -23.749603270836687 ], [ 35.364162445027461, -23.778009415264737 ], [ 35.350879668848236, -23.808933257626212 ], [ 35.351936339876779, -23.863904952613883 ], [ 35.337348937889814, -23.88661193765325 ], [ 35.346397400106554, -23.907836913704998 ], [ 35.33630371073432, -23.941493988219435 ], [ 35.324150084645325, -23.952302932696593 ], [ 35.333625793182435, -23.975337982324433 ], [ 35.33005142220226, -24.002849579310318 ], [ 35.355552672564926, -23.981931685867689 ], [ 35.349876403620272, -23.967750549017723 ], [ 35.376464843724733, -23.947273254026506 ], [ 35.370834350920198, -23.935695648317616 ], [ 35.383865355597379, -23.932014465077604 ], [ 35.395347594611458, -23.915645598747485 ], [ 35.378845214930386, -23.862255096277799 ], [ 35.396186829354313, -23.866693496989381 ], [ 35.395763397058779, -23.850883483767852 ], [ 35.388984679794824, -23.853286742970962 ], [ 35.384574890114742, -23.841886520328796 ], [ 35.390644072861335, -23.836360930994264 ], [ 35.402706146167375, -23.835988998375694 ], [ 35.446968079309059, -23.867794036947391 ], [ 35.434646605552032, -23.844148636332644 ], [ 35.447292328074141, -23.853544235060568 ], [ 35.450069427357832, -23.872150421287056 ], [ 35.460346222295982, -23.881221771249898 ], [ 35.480030059835101, -23.880905151433755 ], [ 35.467819214380945, -23.856538773327877 ], [ 35.497211456439217, -23.849483490252958 ], [ 35.486087798708645, -23.808053970096758 ], [ 35.495315551567096, -23.796615600911423 ], [ 35.510211945320727, -23.79538154580381 ], [ 35.480121612617964, -23.778720855765027 ], [ 35.539836884260488, -23.792684555430025 ], [ 35.540500640587723, -23.843616485894263 ], [ 35.55300521901129, -23.852283478182116 ], [ 35.556262969955768, -23.867858887060137 ], [ 35.533340454294162, -23.903722762977257 ], [ 35.531425475700772, -23.92668724100551 ], [ 35.499683380031165, -24.000177383348657 ], [ 35.504219055012541, -24.018449782600463 ], [ 35.494815826436401, -24.057455063269643 ], [ 35.501613617421626, -24.102798461748701 ], [ 35.478641510444518, -24.153596877962617 ], [ 35.433048247925427, -24.206615447813732 ], [ 35.410064697075271, -24.251724242848653 ], [ 35.266441345444953, -24.423128127983333 ], [ 35.227573394849486, -24.45976257270717 ], [ 35.202796935783134, -24.496749878126959 ], [ 35.202156067201905, -24.524534224997122 ], [ 35.168773651036332, -24.553237914620677 ], [ 35.150371551559033, -24.580545424754167 ], [ 35.013328552000132, -24.661388397000032 ], [ 34.830234528000084, -24.740814209000032 ], [ 34.472606884523174, -24.861932431635307 ], [ 34.434510986017699, -24.807554333904051 ], [ 34.299525102520647, -24.796381269096649 ], [ 34.29745011592432, -24.711325086052053 ], [ 34.447741140242925, -24.635969610347267 ], [ 34.370484535934089, -24.541701195292557 ], [ 34.351521279648921, -24.540367974321068 ], [ 34.426909156047394, -24.458396045832934 ], [ 34.414354739131291, -24.452689494742511 ], [ 34.346138841444365, -24.467394299633142 ], [ 34.316143188715245, -24.486478265669746 ], [ 34.266604481605555, -24.487881887260968 ], [ 34.202794600625751, -24.520158284927355 ], [ 34.175129833815397, -24.519893107516037 ], [ 34.163983018406206, -24.531773400449634 ], [ 34.14266602328032, -24.537720183386472 ], [ 33.99903256385354, -24.353360313216136 ], [ 33.99444034384954, -24.090278728721962 ], [ 33.971902693124655, -24.071907958701736 ], [ 33.941601896847686, -24.078880821487751 ], [ 33.937310286435398, -24.074080241119148 ], [ 33.921795724743156, -24.02699380508713 ], [ 33.932030803214396, -24.016301739478688 ], [ 33.922684639960856, -24.002237593049717 ], [ 33.937577572858523, -23.987580349043828 ], [ 33.922963183306841, -23.980031384650417 ], [ 33.932317064053962, -23.96384069175728 ], [ 33.929704000328741, -23.943631376681832 ], [ 33.920815586396493, -23.937804680967293 ], [ 33.930302981511794, -23.922533287658613 ], [ 33.909375225936635, -23.88389027897038 ], [ 33.942571468217544, -23.86604414617333 ], [ 33.92251722326364, -23.852725714207249 ], [ 33.925424104718829, -23.845352261767431 ], [ 33.915673562776348, -23.835520322926577 ], [ 33.930158309331603, -23.82239270158593 ], [ 33.924188202781238, -23.815581868852135 ], [ 33.929769279391607, -23.795538508887585 ], [ 33.916177284389569, -23.776156921177897 ], [ 33.936018054199778, -23.736365849675693 ], [ 33.931943929240603, -23.716497935833662 ], [ 33.955645175983427, -23.703591580409181 ], [ 33.944582336632436, -23.698665106971898 ], [ 33.949392806111454, -23.686199282498247 ], [ 33.938303249760558, -23.686027602430041 ], [ 33.933050383764694, -23.657336713312564 ], [ 33.906613941528931, -23.670473839553189 ], [ 33.890843671434503, -23.664170314880643 ], [ 33.912282761057391, -23.64917360055712 ], [ 33.909684932810201, -23.636959516908011 ], [ 33.931734393802273, -23.619433780966762 ], [ 33.926553966290683, -23.605520325096133 ], [ 33.946738005432429, -23.586484037286585 ], [ 33.926672307689408, -23.576242016524066 ], [ 33.950488036491087, -23.549385982940855 ], [ 33.929640332000886, -23.531217399462005 ], [ 33.937865007454739, -23.525438429690752 ], [ 33.924543860551495, -23.506333401600092 ], [ 33.925013137595471, -23.485321149987296 ], [ 33.88861253658785, -23.485267659079682 ], [ 33.882676869715347, -23.440794222934972 ], [ 33.863629711939801, -23.432646374836445 ], [ 33.868157934113476, -23.403627470066283 ], [ 33.841397300019906, -23.394669019577123 ], [ 33.848214352147231, -23.37840585596425 ], [ 33.845006192771564, -23.354347709625237 ], [ 33.854195999351191, -23.351055806351976 ], [ 33.858968258193777, -23.360607360300815 ], [ 33.869012565025471, -23.360782852073395 ], [ 33.876191994045733, -23.354014014609707 ], [ 33.868505233958444, -23.348627902731426 ], [ 33.871461704500518, -23.342049780908084 ], [ 33.891439682325988, -23.344994633432407 ], [ 33.901491668635884, -23.327405934874349 ], [ 33.872194194921725, -23.323114536810422 ], [ 33.865575640349945, -23.293532968295509 ], [ 33.876802595157805, -23.26972470954987 ], [ 33.861295592398335, -23.246633515991103 ], [ 33.843637008556229, -23.240339526849233 ], [ 33.849828547883952, -23.184340581829058 ], [ 33.823621047921506, -23.1786626166449 ], [ 33.833116075264101, -23.161419133673537 ], [ 33.828538367335646, -23.15279832367079 ], [ 33.807900441734553, -23.147025009207937 ], [ 33.801762535985027, -23.122009419910942 ], [ 33.773819330888642, -23.109945956842374 ], [ 33.779839092998408, -23.093968885215602 ], [ 33.773788888131264, -23.082920135204613 ], [ 33.740829199728793, -23.089585917038317 ], [ 33.736716941785829, -23.064101149386754 ], [ 33.723056247558816, -23.05670286992703 ], [ 33.71684584381466, -23.037906845559778 ], [ 33.689352786525752, -23.024575059459899 ], [ 33.697409662983922, -23.000055394528744 ], [ 33.684584436836872, -22.981232654074905 ], [ 33.681250410345456, -22.949581733178363 ], [ 33.647699544569711, -22.916082610421554 ], [ 33.645937185267748, -22.891845199078901 ], [ 33.623643606729857, -22.900858836820429 ], [ 33.604768104585979, -22.89669525224252 ], [ 33.580811373881083, -22.87332558983444 ], [ 33.570996031150045, -22.845714225264139 ], [ 33.505824502136093, -22.806188103357176 ], [ 33.502326415380992, -22.783529898852354 ], [ 33.483832394848392, -22.778153301208807 ], [ 33.493811911075646, -22.756080657173786 ], [ 33.468966303957735, -22.745016608752969 ], [ 33.453959075299032, -22.708660470224999 ], [ 33.420236468534839, -22.703218989924693 ], [ 33.363381135121926, -22.670517054023613 ], [ 33.357571261992582, -22.659399649198701 ], [ 33.326412153120835, -22.665546657983175 ], [ 33.313724311253559, -22.628419997614561 ], [ 33.281485757919192, -22.58551049454978 ], [ 33.282195345227748, -22.571524594966256 ], [ 33.265761327452594, -22.55802881897662 ], [ 33.279616639118927, -22.541862958965812 ], [ 33.310608148816137, -22.444722728123793 ], [ 33.305301828708913, -22.432640256608142 ], [ 33.313076366822912, -22.423723859273185 ], [ 33.304214671978407, -22.412900167683162 ], [ 33.316574630210596, -22.382389844224718 ], [ 33.331032622673838, -22.385510147183489 ], [ 33.349473282268285, -22.373713821075206 ], [ 33.376932008263026, -22.38529664360787 ], [ 33.383733764284194, -22.381512666506435 ], [ 33.365506830013501, -22.357588021403711 ], [ 33.354299130353247, -22.316580114900212 ], [ 33.364160406703235, -22.287111149416464 ], [ 33.372427036847739, -22.283212740874351 ], [ 33.371656490045552, -22.269287874558955 ], [ 33.330697310521927, -22.243688609693638 ], [ 33.326001376968271, -22.223280977410734 ], [ 33.343099335153013, -22.174501083154489 ], [ 33.338510218081332, -22.152996781576476 ], [ 33.361105149670088, -22.147811010666722 ], [ 33.362585335207783, -22.128402796208405 ], [ 33.351537838131797, -22.093671673815866 ], [ 33.32983179412826, -22.082361606623383 ], [ 33.325067198407368, -22.060399565948966 ], [ 33.324472144320737, -22.041510121637224 ], [ 33.342340659806382, -22.002258878801765 ], [ 33.290303362417305, -21.980315802107867 ], [ 33.253788410708154, -21.949952237083096 ], [ 33.195323399895869, -21.860164322283907 ], [ 33.166480075447545, -21.787818317865607 ], [ 33.189666406347342, -21.741121182113069 ], [ 33.161158736492382, -21.685635305774657 ], [ 33.187519015453169, -21.617864943705815 ], [ 33.204456612556164, -21.620210904129337 ], [ 33.209778312617232, -21.586856876402919 ], [ 33.241685142652365, -21.568797172088065 ], [ 33.232579342890332, -21.542452267030047 ], [ 33.236916773213245, -21.530825663682855 ], [ 33.265199532926673, -21.525430110477387 ], [ 33.272558220290392, -21.530987862141785 ], [ 33.295988643178589, -21.503618838031095 ], [ 33.323336794877299, -21.49364206135678 ], [ 33.333213297498645, -21.474930027156084 ], [ 33.349601587637459, -21.469343721319682 ], [ 33.389435459719628, -21.474686027049387 ], [ 33.431485797333714, -21.448896251312103 ], [ 33.45857834922942, -21.442707277745313 ], [ 33.4634193591396, -21.41957422104506 ], [ 33.4850720520555, -21.409112989269556 ], [ 33.511321592791653, -21.381795469405777 ], [ 33.538025035646811, -21.37630836385647 ], [ 33.594910927836473, -21.392302711950254 ], [ 33.626165382961872, -21.392785316943733 ], [ 33.659147964178914, -21.380466446098726 ], [ 33.691935887709015, -21.40906958719571 ], [ 33.703662514192914, -21.406635958975077 ], [ 33.737484274090015, -21.422735154371523 ], [ 33.765107095447746, -21.410603181485758 ], [ 33.770642372096958, -21.395945956996524 ], [ 33.789842167243336, -21.384388048585738 ], [ 33.828520163556185, -21.389997364390915 ], [ 33.8641348439808, -21.415913192781758 ], [ 33.921535828221337, -21.39443956141012 ], [ 33.926762097884954, -21.383718905642283 ], [ 33.921673207108626, -21.375742763827791 ], [ 33.932606367934639, -21.370307117866098 ], [ 33.939949857533449, -21.351808690853694 ], [ 33.93628392082929, -21.326739754935179 ], [ 33.962995028927111, -21.307238156364331 ], [ 34.001741691849872, -21.312803604036027 ], [ 34.028292559348948, -21.301331538089489 ], [ 34.076660102170329, -21.300770911249959 ], [ 34.095928561296539, -21.289914871831343 ], [ 34.115330510526078, -21.289995018570011 ], [ 34.132363459446978, -21.300040554561143 ], [ 34.138211470884841, -21.316153036793576 ], [ 34.168508421897968, -21.315426439256772 ], [ 34.207163591948607, -21.296340646549886 ], [ 34.217600888674795, -21.267768119190048 ], [ 34.244765927931944, -21.25923513010877 ], [ 34.277862867505107, -21.281807534601253 ], [ 34.28187597705449, -21.295946006294834 ], [ 34.298065882384719, -21.297281117887227 ], [ 34.318520664921373, -21.315880688982251 ], [ 34.342607172207487, -21.310738787679909 ], [ 34.350202441045354, -21.290199600993279 ], [ 34.386889198143265, -21.266463921668691 ], [ 34.395792939908119, -21.243830575357507 ], [ 34.416690295165729, -21.238389228589764 ], [ 34.447578605459427, -21.209318952621285 ], [ 34.454311778471727, -21.170454885337712 ], [ 34.468624834968452, -21.163140602957679 ], [ 34.493214869761282, -21.167401456635918 ], [ 34.51522237386552, -21.141420912112356 ], [ 34.57563699197491, -21.135973926666377 ], [ 34.634686003870861, -21.095456383507386 ], [ 34.643948269761303, -21.099635192464032 ], [ 34.658158333882604, -21.089498176581149 ], [ 34.697328421489928, -21.102654484032261 ], [ 34.708231012227252, -21.119056876150836 ], [ 34.756388714144073, -21.131444579932882 ], [ 34.799163922620778, -21.078026346868576 ], [ 34.817139148097041, -21.07736075322633 ], [ 34.822384509581319, -21.058463709163004 ], [ 34.859357338614174, -21.049400523245691 ], [ 34.896570547436703, -21.019302254025888 ], [ 34.914591541210562, -21.022901275203768 ], [ 34.920218371724353, -21.007471617651156 ], [ 34.931738987508112, -21.010466026416101 ], [ 34.954402615332327, -20.991664381536083 ], [ 34.999104160472548, -20.991489005643253 ], [ 35.04979494762258, -20.972069468061605 ], [ 35.06846237228455, -20.972621917997273 ], [ 35.082279204565516, -20.959009170666846 ], [ 35.112079620122252, -20.96117210403952 ], [ 35.118404388395717, -20.975580215384774 ], [ 35.125747681154472, -20.955989838090709 ], [ 35.131607055664951, -20.957437514559807 ] ] ] ] } },
{ "type": "Feature", "properties": { "loc": "MZ-A1-0004" }, "geometry": { "type": "Polygon", "coordinates": [ [ [ 33.792973538339531, -16.388479382402998 ], [ 33.812047376021184, -16.404311449092383 ], [ 33.848119760607567, -16.465364306332212 ], [ 33.885485408726126, -16.496570701943902 ], [ 33.918845515585382, -16.543660622752299 ], [ 33.957115264392833, -16.575481154658348 ], [ 33.998539886387157, -16.577447594922923 ], [ 33.9965523402728, -16.604011692644782 ], [ 34.010888236381511, -16.616366847241174 ], [ 34.048448494635096, -16.617541774417347 ], [ 34.069883727704422, -16.606481700196078 ], [ 34.089514524316066, -16.621785463938203 ], [ 34.129443750459956, -16.62669287250651 ], [ 34.17347375409333, -16.688346536890379 ], [ 34.210660118545221, -16.715021324523072 ], [ 34.253183402706746, -16.713945711175086 ], [ 34.280138618794474, -16.700213595324165 ], [ 34.322902209110438, -16.71271184259453 ], [ 34.359276030471477, -16.737916143562437 ], [ 34.461145768959987, -16.726909606559119 ], [ 34.4889821315831, -16.749849993716118 ], [ 34.493063887150953, -16.778657026320069 ], [ 34.518512241936818, -16.779389451308191 ], [ 34.541149074719826, -16.798704158185188 ], [ 34.507319562235793, -16.852490314663008 ], [ 34.509280328108659, -16.867734926917336 ], [ 34.535571743742679, -16.870902905395994 ], [ 34.469987936045442, -16.987988567494305 ], [ 34.312323254629575, -17.029779851607344 ], [ 34.266793874868675, -17.058600154469609 ], [ 34.174449326134528, -17.226500518884528 ], [ 34.210552316298624, -17.242078963308053 ], [ 34.231388567180367, -17.265179557194799 ], [ 34.20591726123353, -17.296853138414029 ], [ 34.186843226721329, -17.382602866487765 ], [ 34.202796541029237, -17.419010307771643 ], [ 34.18977660337891, -17.477913662481548 ], [ 34.138952139411884, -17.595800439248421 ], [ 34.163049990147911, -17.634858973621981 ], [ 34.160757191099776, -17.695721099108219 ], [ 34.202467881374275, -17.720744244168607 ], [ 34.208560022290904, -17.747754675801808 ], [ 34.196127490406113, -17.840141663251785 ], [ 34.185114175641864, -17.871206872164528 ], [ 34.209246439130006, -17.870068290141639 ], [ 34.220721257243746, -17.881387818558373 ], [ 34.240157533314743, -17.880520056889807 ], [ 34.24840503855723, -17.89887541168973 ], [ 34.278003841041951, -17.914163953377304 ], [ 34.277092086671281, -17.925895424911431 ], [ 34.291820901128958, -17.94033902965149 ], [ 34.263206207901078, -17.976370679312751 ], [ 34.281776471196267, -18.005198745761234 ], [ 34.291057683034985, -18.072030593852432 ], [ 34.254046446893973, -18.218598631603115 ], [ 34.243471913347925, -18.208333808867927 ], [ 34.188375161681819, -18.191883701785727 ], [ 34.151280162557228, -18.257513907758316 ], [ 34.11992652197403, -18.262747334876742 ], [ 34.074034878024172, -18.218687936596467 ], [ 34.059454803163668, -18.222447092967542 ], [ 34.050822032004149, -18.191789989955254 ], [ 34.043158157332734, -18.188507603711827 ], [ 34.048201332103147, -18.167400112143909 ], [ 34.02938688048328, -18.160200220110404 ], [ 34.027529148529766, -18.129388644501802 ], [ 34.008562099978548, -18.125154521180512 ], [ 33.999624064836929, -18.134555323805571 ], [ 33.982152400945189, -18.133674143047699 ], [ 33.949986245675881, -18.1237220690643 ], [ 33.90370522221987, -18.212653086718866 ], [ 33.850904890962795, -18.232940371951315 ], [ 33.833669667088841, -18.268579155491608 ], [ 33.805291525502881, -18.286102886622494 ], [ 33.81263494342889, -18.29677966934149 ], [ 33.827459151911064, -18.29866405768108 ], [ 33.820165236203202, -18.330896518719975 ], [ 33.82834785019687, -18.367431759737762 ], [ 33.846040751085781, -18.377860620947395 ], [ 33.836236758760606, -18.388613661629719 ], [ 33.832070972033833, -18.413936174482885 ], [ 33.84211525515498, -18.422211739402172 ], [ 33.859255069669857, -18.406106976845926 ], [ 33.8611395262879, -18.426011012356817 ], [ 33.85239220145889, -18.44855465801745 ], [ 33.865412019490861, -18.451636794595316 ], [ 33.872480769250259, -18.464422993942001 ], [ 33.865995644444915, -18.46847969648735 ], [ 33.869070292214985, -18.497040731050078 ], [ 33.885191482960529, -18.518520181889464 ], [ 33.874708472366187, -18.523643028198045 ], [ 33.859270110541694, -18.509598028779095 ], [ 33.812325461862471, -18.526799402295516 ], [ 33.778274802966145, -18.519202770153953 ], [ 33.775196111996252, -18.598067445425052 ], [ 33.730082565775398, -18.610031521183771 ], [ 33.738055359813437, -18.649259804141316 ], [ 33.723410365731198, -18.684368389352194 ], [ 33.734305318758153, -18.704032133924109 ], [ 33.806259505849155, -18.744164580921741 ], [ 33.80740771872123, -18.760042420759504 ], [ 33.841404930669974, -18.78665622302416 ], [ 33.885129883268874, -18.782775059084678 ], [ 33.897993283831376, -18.791512186494863 ], [ 33.922510749752313, -18.833080701859387 ], [ 33.927893329360558, -18.86426230901197 ], [ 33.942984558230407, -18.873056658926401 ], [ 33.947066340366426, -18.885379396227457 ], [ 33.980331139755947, -18.901264930003684 ], [ 34.012050926353901, -18.930766305083324 ], [ 34.017357298506155, -18.921119454579483 ], [ 34.02869097947908, -18.927707111580716 ], [ 34.034317784126102, -18.922036873960302 ], [ 34.05869795256956, -18.947943072581722 ], [ 34.047524467450998, -18.952787461089308 ], [ 33.938119888666073, -19.254491054502147 ], [ 33.937749626655247, -19.357829604788272 ], [ 33.943170410473158, -19.362797998845593 ], [ 33.935464495206382, -19.394420169571269 ], [ 33.935784477510232, -19.599111862482133 ], [ 33.749879062191148, -19.597387330635563 ], [ 33.73754204699452, -19.612162765150302 ], [ 33.747490972562879, -19.615212477079162 ], [ 33.742173157976595, -19.623358327752705 ], [ 33.769017657850178, -19.654059374651659 ], [ 33.769021433292799, -19.671270392690232 ], [ 33.810407889293735, -19.686797394292292 ], [ 33.831961280669667, -19.724578142775066 ], [ 33.832811925111308, -19.746650742445752 ], [ 33.8497151389236, -19.770191958400133 ], [ 33.83302925257906, -19.796922026438324 ], [ 33.820230559873501, -19.850145709165105 ], [ 33.8285694758817, -19.928806428182092 ], [ 33.793442988284319, -19.946379755629188 ], [ 33.762867459646664, -19.992620965293284 ], [ 33.748878673393122, -19.995291086622302 ], [ 33.717689111044749, -19.979096561964752 ], [ 33.676569751773698, -19.936810839556607 ], [ 33.651205320450238, -19.933814497249273 ], [ 33.626229952031693, -19.949940241756714 ], [ 33.599915699930648, -19.922450995724894 ], [ 33.593026149318419, -19.950933849625407 ], [ 33.56950422022468, -19.962672922425376 ], [ 33.550052686563291, -19.961221464307144 ], [ 33.535525958237443, -19.989065375074944 ], [ 33.51249997647384, -19.989652759175506 ], [ 33.509356568032302, -20.003777844879615 ], [ 33.494314930171001, -19.995582360845269 ], [ 33.476648696461218, -20.000642256942584 ], [ 33.454492362713438, -20.051743158328073 ], [ 33.423470612959463, -20.052181759488619 ], [ 33.411751582450613, -20.069829518425486 ], [ 33.387165340788926, -20.077534755932192 ], [ 33.384601775632504, -20.092554345114877 ], [ 33.458474707971355, -20.168960850103623 ], [ 33.492490861993609, -20.249814984114778 ], [ 33.513735294877854, -20.27009482305813 ], [ 33.472009230190238, -20.293330765852247 ], [ 33.468488146677565, -20.312456665702342 ], [ 33.495481404909846, -20.349299082246652 ], [ 33.472382780407926, -20.416270230746306 ], [ 33.60581951182796, -20.533661805907414 ], [ 33.663975751146978, -20.53698626946057 ], [ 33.647598778327868, -20.595761987885197 ], [ 33.667633918937177, -20.620031801286402 ], [ 33.720975859815049, -20.645198094875909 ], [ 33.724256418465913, -20.706010807412589 ], [ 33.810882252081186, -20.740347239693158 ], [ 33.845066456119035, -20.739321212164 ], [ 33.898503694556794, -20.795198072093157 ], [ 33.903176626766864, -20.863910633628628 ], [ 33.893463873126208, -21.000872268600105 ], [ 33.991274718093969, -21.000697013349971 ], [ 34.111768038804193, -21.074629989176156 ], [ 34.100731762800898, -21.128000601340172 ], [ 34.043937294011194, -21.163940739766755 ], [ 34.036155015182011, -21.219233874037528 ], [ 34.01193873122773, -21.255044392278325 ], [ 34.009630652672698, -21.310917348250506 ], [ 33.962995029137524, -21.307238156109513 ], [ 33.938370610355619, -21.323743465781767 ], [ 33.93994985764003, -21.351808690711941 ], [ 33.913101338995801, -21.402427117510928 ], [ 33.901729500756105, -21.399358322222287 ], [ 33.864134843588403, -21.415913192633166 ], [ 33.828520163514973, -21.389997364480266 ], [ 33.788503180617489, -21.384452892080756 ], [ 33.770642372287917, -21.395945957133659 ], [ 33.765107095456358, -21.410603181585056 ], [ 33.737484274020289, -21.422735154697129 ], [ 33.703662513854162, -21.406635959075707 ], [ 33.691935887671356, -21.4090695874849 ], [ 33.659147963847715, -21.38046644566343 ], [ 33.627885846894522, -21.392598409782252 ], [ 33.594910927937192, -21.392302711794201 ], [ 33.53617486961479, -21.376310266598967 ], [ 33.498782407922022, -21.388762634881168 ], [ 33.485072051774033, -21.409112989666216 ], [ 33.463419359056381, -21.41957422116683 ], [ 33.45857834895186, -21.442707278011945 ], [ 33.431485797471829, -21.44889625135438 ], [ 33.389435460018682, -21.474686026932059 ], [ 33.343223278671573, -21.471029718040494 ], [ 33.329837215355461, -21.47726640401482 ], [ 33.320681705936238, -21.495482554269966 ], [ 33.295988642801909, -21.503618837732667 ], [ 33.269025830218126, -21.496029817815291 ], [ 33.236577414856093, -21.471185869126067 ], [ 33.196903732861252, -21.477594146645988 ], [ 33.157817453852658, -21.511697642825393 ], [ 33.123873559457486, -21.520499536118191 ], [ 33.109678725932703, -21.540888035647757 ], [ 33.070062212940989, -21.567047823791533 ], [ 33.068524823701871, -21.580415755875929 ], [ 32.984977444094042, -21.573869868593047 ], [ 32.954096891498565, -21.553521316049377 ], [ 32.96390472776126, -21.535381457981376 ], [ 32.953204355736645, -21.507930343204244 ], [ 32.90820914777418, -21.482889917828899 ], [ 32.877881624277748, -21.505403057598475 ], [ 32.850449596711805, -21.497028246949505 ], [ 32.827343479058548, -21.505946506219779 ], [ 32.800563821503417, -21.481747221250739 ], [ 32.780414190902398, -21.477141159030747 ], [ 32.77505066299792, -21.460031182986143 ], [ 32.71952666466408, -21.439383135516724 ], [ 32.713964769698599, -21.421714335141932 ], [ 32.697336191752093, -21.411624930139887 ], [ 32.658368283309912, -21.404493621976521 ], [ 32.650372548594518, -21.391556709767826 ], [ 32.620067956910894, -21.398239650133192 ], [ 32.596309559179062, -21.390387435525241 ], [ 32.562789115965209, -21.395479720705971 ], [ 32.524122625199269, -21.36989193106125 ], [ 32.514883291770715, -21.350737373324606 ], [ 32.480010457057183, -21.327625717646196 ], [ 32.422164917317296, -21.226997375022275 ], [ 32.399326323691149, -21.206573486270845 ], [ 32.395057678109609, -21.192754744729129 ], [ 32.405830382606325, -21.16989135679415 ], [ 32.366718292155682, -21.136676788296608 ], [ 32.387939453283408, -21.098527907730261 ], [ 32.468414307141501, -21.011777877606711 ], [ 32.516838074284614, -20.914373397673906 ], [ 32.51855087320935, -20.88889503543934 ], [ 32.49780273389419, -20.807403563585417 ], [ 32.494674683175205, -20.700799941825657 ], [ 32.485641478856344, -20.674533843923548 ], [ 32.49204635603963, -20.618545531912517 ], [ 32.567066193135418, -20.560861587753898 ], [ 32.658370972286335, -20.561622620098689 ], [ 32.668682097944256, -20.555044173760443 ], [ 32.733997345444919, -20.448514937625099 ], [ 32.800704955712888, -20.371370316397822 ], [ 32.807044982783516, -20.339258194421021 ], [ 32.863986968753558, -20.287055969397997 ], [ 32.866519928182072, -20.239982605353468 ], [ 32.838897704795166, -20.21934509344181 ], [ 32.846832274819562, -20.200334548641052 ], [ 32.871269226323676, -20.189477921209601 ], [ 32.855682372673321, -20.15606117162632 ], [ 32.868179321248583, -20.111581802198941 ], [ 32.887477874833984, -20.102754592990557 ], [ 32.894199370934132, -20.115665435651842 ], [ 32.919818877868799, -20.115175246680828 ], [ 32.912155151269161, -20.062997818135301 ], [ 32.920478821070667, -20.047615051234139 ], [ 32.969459533860359, -20.03736495986557 ], [ 33.010944366170612, -20.018785476676371 ], [ 33.056304931808214, -19.799211501617457 ], [ 33.052776337372549, -19.780582427629056 ], [ 33.038768767812364, -19.766946793436091 ], [ 32.99249649016879, -19.747367859115705 ], [ 32.958652496063792, -19.723031997704865 ], [ 32.957271576270166, -19.711767196775035 ], [ 32.980754851603088, -19.685037612572032 ], [ 32.968814849573604, -19.654869080220209 ], [ 32.889709473361464, -19.684671402339674 ], [ 32.850135803172741, -19.684627533410293 ], [ 32.835136413662482, -19.677169800122485 ], [ 32.852764130308323, -19.623767852880384 ], [ 32.851184845252348, -19.541284561010031 ], [ 32.8401908868479, -19.518922805919026 ], [ 32.844867705927818, -19.476455687556275 ], [ 32.803398131766258, -19.477306366172179 ], [ 32.782382964849909, -19.466814040611794 ], [ 32.776454926201858, -19.449769974081391 ], [ 32.785667419363875, -19.38666343724416 ], [ 32.775615692358286, -19.370508194074176 ], [ 32.776412963835121, -19.3613243101451 ], [ 32.849842072001977, -19.293630600448175 ], [ 32.848827362440801, -19.233665465664984 ], [ 32.877395629824804, -19.097869873132382 ], [ 32.85126876765986, -19.06483840930138 ], [ 32.845275878899059, -19.024826049818614 ], [ 32.83346176072731, -19.016389847151949 ], [ 32.756988524776212, -19.029001236256263 ], [ 32.715484618995596, -19.018342972288593 ], [ 32.700408936398908, -18.94058227499027 ], [ 32.730739594032642, -18.92542839094569 ], [ 32.704097747688486, -18.844362258849401 ], [ 32.734016417799104, -18.818180083882034 ], [ 32.758918762166758, -18.814235687065576 ], [ 32.813739776645022, -18.781335830922075 ], [ 32.835975647333925, -18.777591705031419 ], [ 32.877601624391097, -18.797180175762755 ], [ 32.89242172236019, -18.796283721654653 ], [ 32.927791595281555, -18.766281127710108 ], [ 32.954124451286084, -18.690193176111428 ], [ 32.885898590251408, -18.579069138167362 ], [ 32.89562606759263, -18.557826995856352 ], [ 32.884502410761343, -18.522294997653255 ], [ 32.904056548974246, -18.499448775977449 ], [ 32.919944762744301, -18.501852036079839 ], [ 32.960350036928375, -18.47800254781653 ], [ 32.979068756221821, -18.489604949745875 ], [ 33.014350891284337, -18.473749161032153 ], [ 33.022884369321872, -18.457492827768988 ], [ 33.016300200597506, -18.43127059879626 ], [ 33.02377700760649, -18.391122817601158 ], [ 33.046726226837585, -18.379549025804124 ], [ 33.055019378833116, -18.361913681082157 ], [ 33.038757324083022, -18.343442916568002 ], [ 33.040019989322857, -18.33380508364835 ], [ 33.002094269226966, -18.304750442589501 ], [ 32.997554779321391, -18.272682190441358 ], [ 33.008827209200163, -18.240371704101491 ], [ 32.99614334103417, -18.192064284949439 ], [ 32.997604369737701, -18.16887855481211 ], [ 32.971931458361894, -18.142305374404181 ], [ 32.974075317114014, -18.108331680073597 ], [ 32.942176819196632, -17.988943100054655 ], [ 32.947631836032208, -17.963029861049854 ], [ 32.962524413962356, -17.962898254261631 ], [ 32.969070435244184, -17.953525543279802 ], [ 32.97676086361475, -17.923219680854267 ], [ 32.97248458908436, -17.913619995377154 ], [ 32.953769683815658, -17.907041549938185 ], [ 32.960117339835136, -17.817531586024508 ], [ 32.969337462845459, -17.801979064892585 ], [ 33.010131835907274, -17.801548003648108 ], [ 33.013690947870735, -17.769424437798165 ], [ 33.026683806905531, -17.762845992693514 ], [ 33.001689910654207, -17.738319396767821 ], [ 33.001972197951922, -17.724973678837323 ], [ 33.020229340205219, -17.720329284813729 ], [ 33.011951446795194, -17.702140807597289 ], [ 33.017898560063799, -17.671182631818105 ], [ 33.026195526295808, -17.647356033099548 ], [ 33.038967133219934, -17.635953902995283 ], [ 33.043239593725581, -17.603378295616956 ], [ 33.009185791384468, -17.568735122572932 ], [ 32.981430053747331, -17.562820435259944 ], [ 32.962734222199899, -17.527116776263263 ], [ 32.95911788907263, -17.494495391594178 ], [ 32.983551024753353, -17.455856322956009 ], [ 32.998134612715582, -17.453147887809898 ], [ 33.001857758322238, -17.415390015382037 ], [ 33.019950866932334, -17.377346038933617 ], [ 33.05221515959532, -17.347547519147803 ], [ 33.049296951286635, -17.301981515079937 ], [ 33.065238927427863, -17.283021620096761 ], [ 33.073665830407109, -17.249429324648702 ], [ 33.090851406904278, -17.23857903892565 ], [ 33.091076596257039, -17.180459556785181 ], [ 33.127732839817213, -17.137743056249022 ], [ 33.114487964847363, -17.128702689930101 ], [ 33.104535270537063, -17.10413926237635 ], [ 33.118737679975609, -17.100044433674988 ], [ 33.129289361813306, -17.090714210590363 ], [ 33.131738478638383, -17.074582736846459 ], [ 33.142725031888389, -17.071596011531923 ], [ 33.145448852379765, -17.035413672258315 ], [ 33.218135645050616, -16.984515161074931 ], [ 33.215080051348558, -16.964441403217116 ], [ 33.245110082120576, -16.895999978147458 ], [ 33.285932050932253, -16.855549298748507 ], [ 33.287873870955785, -16.804156687191885 ], [ 33.303010986516526, -16.755302643891845 ], [ 33.313097259624534, -16.748865711637251 ], [ 33.3260103410732, -16.710747545429875 ], [ 33.34012884437859, -16.696595816509955 ], [ 33.372340801296332, -16.690805479908732 ], [ 33.377006304281608, -16.672499755671758 ], [ 33.396545599868276, -16.658588349419645 ], [ 33.393314523705385, -16.639393835566274 ], [ 33.42220002808606, -16.617990790096826 ], [ 33.435700564142522, -16.59003824029206 ], [ 33.446454414817715, -16.587543583713327 ], [ 33.437714802229515, -16.57020099529705 ], [ 33.434762242869489, -16.530667629880469 ], [ 33.456842170544334, -16.52013968040729 ], [ 33.470594494482363, -16.485101720393303 ], [ 33.501265286392311, -16.47726109323937 ], [ 33.51668464944305, -16.450981202260984 ], [ 33.557514210054272, -16.428485328454293 ], [ 33.587647111095308, -16.424833008379473 ], [ 33.626241155879143, -16.433793308708111 ], [ 33.69707388750939, -16.42278863257696 ], [ 33.714618007866669, -16.434771878264257 ], [ 33.727111436998435, -16.409756484967723 ], [ 33.740798859797785, -16.401103341753753 ], [ 33.792973538339531, -16.388479382402998 ] ] ] } },
{ "type": "Feature", "properties": { "loc": "MZ-A1-0005" }, "geometry": { "type": "MultiPolygon", "coordinates": [ [ [ [ 32.71904754629341, -25.857841492161175 ], [ 32.708885192783598, -25.83953476039094 ], [ 32.724521636850255, -25.818628310718065 ], [ 32.728057861067619, -25.831476211627894 ], [ 32.71904754629341, -25.857841492161175 ] ] ], [ [ [ 32.077304782875814, -24.2046348888497 ], [ 32.143487293412356, -24.219210338937817 ], [ 32.15741506162496, -24.213313133394813 ], [ 32.164750857678769, -24.219263800024308 ], [ 32.193018359575674, -24.216896968953709 ], [ 32.209616393891004, -24.235029321360461 ], [ 32.22764118843763, -24.242717529759709 ], [ 32.232852202885397, -24.23353218639042 ], [ 32.249339661581224, -24.235311703358512 ], [ 32.283069847420656, -24.256720772970922 ], [ 32.295437377227323, -24.249269146829636 ], [ 32.323289046983774, -24.253766538034952 ], [ 32.337113827189633, -24.244533536165317 ], [ 32.403418421020582, -24.256816460672951 ], [ 32.429633487831246, -24.281391559897351 ], [ 32.439632027572195, -24.278273218710037 ], [ 32.45048498126669, -24.305177040340812 ], [ 32.462108599496574, -24.307206394976259 ], [ 32.478550214991166, -24.329801734832216 ], [ 32.527440375918935, -24.33551219921473 ], [ 32.540498317296539, -24.347911324490038 ], [ 32.560880710605957, -24.33511557895303 ], [ 32.586218416154402, -24.348313878558162 ], [ 32.609461742536219, -24.382484392847562 ], [ 32.657390608827299, -24.379438628210618 ], [ 32.72299705206553, -24.407752064070557 ], [ 32.727444852078001, -24.48004482884452 ], [ 32.715580779807617, -24.51635710762519 ], [ 32.734437144236082, -24.540867348705312 ], [ 32.748158881428537, -24.545799558316975 ], [ 32.751080953729819, -24.560479742285594 ], [ 32.764230475823943, -24.564977095327215 ], [ 32.778299241491773, -24.606307447488621 ], [ 32.810110551697171, -24.642562631294677 ], [ 32.822371160755225, -24.668995376717721 ], [ 32.836550669318797, -24.674642810825102 ], [ 32.845076639271866, -24.692439474856979 ], [ 32.839373440448171, -24.725789805625634 ], [ 32.875396295330042, -24.752657472870435 ], [ 32.86678244790572, -24.777707402755848 ], [ 32.886245488720199, -24.762952891336813 ], [ 32.9546711476182, -24.763128541991456 ], [ 32.929188238811449, -24.824477402042881 ], [ 32.903007320673559, -24.856050117253673 ], [ 32.910156201855969, -24.859612898557074 ], [ 32.905196957269332, -24.87019055064588 ], [ 32.913097352698664, -24.872790167597362 ], [ 32.916164355644582, -24.896981865580074 ], [ 32.938953827195441, -24.899541470108669 ], [ 32.943897725970608, -24.915875261172008 ], [ 32.931633214172997, -24.916683906665064 ], [ 32.921817752822179, -24.92882931455194 ], [ 32.915897229197313, -24.925480149357341 ], [ 32.903602124124767, -24.949486803398194 ], [ 32.905642959242734, -24.971330663300598 ], [ 32.925983320814147, -24.981027230615286 ], [ 32.918693253161933, -24.989684266649096 ], [ 32.923690582534647, -24.998631239478456 ], [ 32.915237015699574, -25.004831720894941 ], [ 32.921104119002408, -25.012331085437104 ], [ 32.914344229988082, -25.044161340363228 ], [ 32.9262501090246, -25.056865636129992 ], [ 32.921699044983512, -25.067483344409606 ], [ 32.999180925415885, -25.087389634200544 ], [ 32.980713469350619, -25.123747698292046 ], [ 32.99375615258112, -25.136369986279931 ], [ 33.007126955355425, -25.134048885771868 ], [ 33.010029937490458, -25.153583060379162 ], [ 32.993542401777752, -25.174194785621133 ], [ 32.989140048678088, -25.204760539666541 ], [ 33.098174026629259, -25.203256004743761 ], [ 33.130622354717808, -25.255703867622529 ], [ 33.136920413988626, -25.298296844298388 ], [ 33.133482760732079, -25.381311878624938 ], [ 33.027889252000122, -25.439176559000035 ], [ 32.910114287641022, -25.519035338982658 ], [ 32.842563628605369, -25.574205399232678 ], [ 32.807834625164602, -25.615913390863202 ], [ 32.767936706631971, -25.68646240155044 ], [ 32.741001129117052, -25.764186858868236 ], [ 32.734760283778321, -25.806118010969218 ], [ 32.752628326254509, -25.872680664013274 ], [ 32.738903045857128, -25.858692169140078 ], [ 32.732406615890795, -25.807788848808148 ], [ 32.72226715102645, -25.806983948382282 ], [ 32.717323303445887, -25.819536208860775 ], [ 32.701866150021033, -25.823360442762059 ], [ 32.698017120012267, -25.853776931691822 ], [ 32.568589294143315, -25.810673572048518 ], [ 32.552715674935619, -25.905605619013986 ], [ 32.542179212447877, -25.919116638631849 ], [ 32.510062542599393, -25.934990696173625 ], [ 32.501282381423948, -25.959816686300922 ], [ 32.486091614383682, -25.962512969807609 ], [ 32.473541259568641, -25.983942031709265 ], [ 32.478343964431865, -26.005758285973982 ], [ 32.494932371826955, -26.008287538004375 ], [ 32.495131178656443, -26.027561568876138 ], [ 32.472673477594363, -26.057061144121366 ], [ 32.447667617661878, -26.054408069441685 ], [ 32.440419517242383, -26.060854597826303 ], [ 32.455590778886766, -26.092181439886456 ], [ 32.467405160015637, -26.088248696485032 ], [ 32.481634256603385, -26.095189268192701 ], [ 32.53518999220443, -26.075809719723079 ], [ 32.569725145878827, -26.084720552391797 ], [ 32.580250202264992, -26.060601331366588 ], [ 32.60840606716625, -26.03445053104743 ], [ 32.666389464881931, -26.119636535677863 ], [ 32.667194366207077, -26.146560669319644 ], [ 32.682109832782601, -26.18377494833544 ], [ 32.697090149400175, -26.189239502036269 ], [ 32.72465515072399, -26.18291091883869 ], [ 32.796386719280989, -26.242387772112878 ], [ 32.807563782351977, -26.271322250256549 ], [ 32.833934784372097, -26.288263321030318 ], [ 32.871044159269879, -26.277330398713787 ], [ 32.88714981081403, -26.282562255740508 ], [ 32.866950989095791, -26.258142471394933 ], [ 32.870426178124511, -26.197387694983124 ], [ 32.888000487631373, -26.158473968895549 ], [ 32.870944977227836, -26.202047347803873 ], [ 32.887062072955274, -26.184543609896686 ], [ 32.890789031687397, -26.158151626693197 ], [ 32.907817841219376, -26.15715599085329 ], [ 32.901184082078615, -26.155454636319412 ], [ 32.898380280124805, -26.139713287235459 ], [ 32.921707152561943, -26.102861404427284 ], [ 32.90684127820137, -26.115535736182242 ], [ 32.888408661129752, -26.156902312788514 ], [ 32.909248352328504, -26.108720778937759 ], [ 32.963161468825618, -26.08138656613415 ], [ 32.932567595816785, -26.316484451293402 ], [ 32.935955048196277, -26.357608794844904 ], [ 32.924461365309057, -26.397382735959422 ], [ 32.922550200740496, -26.436761855809902 ], [ 32.932472229319245, -26.452297210682655 ], [ 32.919986724616948, -26.484458923075763 ], [ 32.921962738398967, -26.519544601237225 ], [ 32.895183562880469, -26.656450272297153 ], [ 32.906436919937256, -26.708976745715155 ], [ 32.888000488297862, -26.827816009967979 ], [ 32.895973205764797, -26.856843948356616 ], [ 32.874084473385722, -26.864162445007981 ], [ 32.385421752577805, -26.862577437565797 ], [ 32.284278870439152, -26.850246428673245 ], [ 32.229438782239704, -26.832778930746585 ], [ 32.185634613012617, -26.860670090096143 ], [ 32.133663176879722, -26.834974289175676 ], [ 32.136699676614398, -26.535560608179058 ], [ 32.080219269243173, -26.409088135023588 ], [ 32.076694488898774, -26.364118575725918 ], [ 32.074924469328039, -26.312488556415929 ], [ 32.108066559159397, -26.165948868415793 ], [ 32.087741852139771, -26.010902404892281 ], [ 32.004108428995828, -25.990304946985979 ], [ 31.982126236371698, -25.95205116320081 ], [ 31.938053131182041, -25.830791472618579 ], [ 31.979162215698707, -25.705863952829414 ], [ 32.00433349600015, -25.66747283900002 ], [ 32.012565613000135, -25.637622832999977 ], [ 32.000476837000079, -25.525247574 ], [ 31.980987549000105, -25.519571304 ], [ 31.981618881000117, -25.485845566 ], [ 31.989046097000116, -25.445907593000076 ], [ 32.025043488000136, -25.373081206999974 ], [ 32.044391632000071, -25.128454208000054 ], [ 32.000892639000114, -24.679853439 ], [ 32.009761810000136, -24.438405990999982 ], [ 31.987941742000135, -24.304212570000065 ], [ 31.952618737635095, -24.251192564647365 ], [ 32.077304782875814, -24.2046348888497 ] ] ] ] } },
{ "type": "Feature", "properties": { "loc": "MZ-A1-0006" }, "geometry": { "type": "MultiPolygon", "coordinates": [ [ [ [ 32.995342255131185, -25.970279694201945 ], [ 32.957340240150131, -26.077625274636205 ], [ 32.956069945961453, -26.059627532833805 ], [ 32.940483093210382, -26.032169342190823 ], [ 32.914569855104943, -26.022254944359666 ], [ 32.911781311048834, -26.029851913384547 ], [ 32.922275543171949, -26.03221511768302 ], [ 32.927600860681402, -26.04578590444536 ], [ 32.905838012704343, -26.068298340045857 ], [ 32.897617339558757, -26.049749374083806 ], [ 32.9156303410576, -26.001743316850021 ], [ 32.943645477347069, -25.985172272132093 ], [ 32.958511352607012, -25.996980667373357 ], [ 32.977020263664421, -25.98486137380279 ], [ 32.980388641113123, -25.970697403212082 ], [ 32.995342255131185, -25.970279694201945 ] ] ], [ [ [ 32.921646117749326, -25.968294143580515 ], [ 32.914890289130746, -25.981750488015329 ], [ 32.904048919597173, -25.97338485674646 ], [ 32.906780243388752, -25.969102858930491 ], [ 32.921646117749326, -25.968294143580515 ] ] ], [ [ [ 32.510658264354397, -25.96663474987043 ], [ 32.557434082304049, -25.974180221916363 ], [ 32.567939758300213, -26.007596969701083 ], [ 32.582962035556484, -26.021949768243822 ], [ 32.603130340579774, -26.025772094683095 ], [ 32.604157475174311, -26.043508506988697 ], [ 32.580810976832097, -26.059903274693017 ], [ 32.569725145486039, -26.084720552188365 ], [ 32.535189991811642, -26.075809719519558 ], [ 32.481634256902403, -26.095189268746442 ], [ 32.453832170005633, -26.091109552740352 ], [ 32.440778112107168, -26.05910373152863 ], [ 32.472356850675155, -26.05723661125726 ], [ 32.49040082302654, -26.036394090791291 ], [ 32.500068665423584, -26.006696700668872 ], [ 32.494724274192862, -25.973325729275629 ], [ 32.510658264354397, -25.96663474987043 ] ] ], [ [ [ 32.703289031804239, -25.897371292260249 ], [ 32.687595366573774, -25.935731887625444 ], [ 32.678501128864831, -25.936410903649207 ], [ 32.680080413920805, -25.920282364048806 ], [ 32.693870544430936, -25.916835785152301 ], [ 32.699493408035174, -25.905328750930021 ], [ 32.698707581330666, -25.884679794246033 ], [ 32.703289031804239, -25.897371292260249 ] ] ], [ [ [ 32.69655609133126, -25.878032683613004 ], [ 32.671783447189014, -25.888210296819256 ], [ 32.606498718181953, -25.959178924619195 ], [ 32.594799041982903, -25.982151030697107 ], [ 32.545349121405565, -25.95982170066252 ], [ 32.529029846391033, -25.939018250343491 ], [ 32.511074066055997, -25.94384956395773 ], [ 32.501282381617266, -25.959816686042778 ], [ 32.510062541893525, -25.934990695915481 ], [ 32.542179211741917, -25.919116639273074 ], [ 32.552715675129029, -25.905605618755843 ], [ 32.568589293801594, -25.81067357207921 ], [ 32.697185307396737, -25.853316512398692 ], [ 32.69655609133126, -25.878032683613004 ] ] ] ] } },
{ "type": "Feature", "properties": { "loc": "MZ-A1-0007" }, "geometry": { "type": "MultiPolygon", "coordinates": [ [ [ [ 39.795867435699726, -16.349895782725014 ], [ 39.785301208350212, -16.319217681911269 ], [ 39.804092406705337, -16.307340621633152 ], [ 39.80634689286088, -16.31344223033544 ], [ 39.795867435699726, -16.349895782725014 ] ] ], [ [ [ 39.881019591607846, -16.287450790077962 ], [ 39.854591370222572, -16.311725616300258 ], [ 39.85463333079057, -16.320890427407342 ], [ 39.892410277839062, -16.294067382959376 ], [ 39.88862991286716, -16.285400390671526 ], [ 39.895572661975756, -16.278635024742627 ], [ 39.910591125207283, -16.276763915977988 ], [ 39.922748566220299, -16.293279647893492 ], [ 39.891357421734632, -16.331674575777114 ], [ 39.931221008170006, -16.305952072186436 ], [ 39.928493500201903, -16.322559356884895 ], [ 39.912986754562084, -16.328565597880122 ], [ 39.9123840334234, -16.352870940797359 ], [ 39.918739319291184, -16.343538283820806 ], [ 39.914932250749793, -16.329389572027168 ], [ 39.933410645112168, -16.328161240205134 ], [ 39.93999862696208, -16.307508468597035 ], [ 39.950611115437638, -16.300998688194923 ], [ 39.95243454034879, -16.306549071838283 ], [ 39.909175872895233, -16.366733551268453 ], [ 39.903411865192453, -16.388675689887222 ], [ 39.915405272562268, -16.399879455628422 ], [ 39.910923003820585, -16.410175323388557 ], [ 39.896236420101729, -16.423604965153075 ], [ 39.856594085775434, -16.424671172592568 ], [ 39.839691162444204, -16.408870696681355 ], [ 39.819671631367669, -16.369987488188102 ], [ 39.799407958637403, -16.357673645178664 ], [ 39.798770904980287, -16.342956542966114 ], [ 39.811408996754807, -16.312032699705362 ], [ 39.831058501775409, -16.290323257068721 ], [ 39.883270263738645, -16.276292800728243 ], [ 39.881019591607846, -16.287450790077962 ] ] ], [ [ [ 40.776626586818075, -15.073439597863382 ], [ 40.776432037379116, -15.08313274358555 ], [ 40.7712249762222, -15.089990615578676 ], [ 40.766414641992675, -15.078006743720531 ], [ 40.776626586818075, -15.073439597863382 ] ] ], [ [ [ 40.790828704684969, -15.049099921987176 ], [ 40.78710555997759, -15.056578635558983 ], [ 40.781661987015063, -15.056977271747131 ], [ 40.782794952029398, -15.048803329173667 ], [ 40.790828704684969, -15.049099921987176 ] ] ], [ [ [ 40.74624252317912, -15.027729988338214 ], [ 40.732707977296499, -15.043716430558797 ], [ 40.726448059135777, -15.046545981901451 ], [ 40.734817505328849, -15.030602455328969 ], [ 40.74624252317912, -15.027729988338214 ] ] ], [ [ [ 40.830062866415453, -14.848252296433097 ], [ 40.828437804967997, -14.863773345790056 ], [ 40.816680907605139, -14.875745772875872 ], [ 40.825813292756528, -14.857460022288917 ], [ 40.811920165590486, -14.84950161033778 ], [ 40.822666168316367, -14.854173660312943 ], [ 40.830062866415453, -14.848252296433097 ] ] ], [ [ [ 40.83480071960718, -14.788106918440038 ], [ 40.836444854775898, -14.798229217944494 ], [ 40.833980560384155, -14.800111770582182 ], [ 40.834609985092328, -14.790933609039316 ], [ 40.829593657550888, -14.792696952942476 ], [ 40.83480071960718, -14.788106918440038 ] ] ], [ [ [ 40.10412061137373, -13.448341015439526 ], [ 40.139216535655677, -13.449507325905953 ], [ 40.148158352345874, -13.46499318426382 ], [ 40.18410878364088, -13.468937393210025 ], [ 40.219860821049146, -13.499994952546681 ], [ 40.236275808660636, -13.486546051250061 ], [ 40.279268323531824, -13.480484875458123 ], [ 40.298433761665407, -13.468741050582091 ], [ 40.316851487762619, -13.475132234687949 ], [ 40.357803110881498, -13.45527883717166 ], [ 40.386028621080641, -13.462425298012183 ], [ 40.416226383197738, -13.455869180940995 ], [ 40.449666682428145, -13.471890042914227 ], [ 40.449823063740041, -13.498098407038929 ], [ 40.460382343826794, -13.515298878263684 ], [ 40.480505271757515, -13.524261979529852 ], [ 40.528541565097811, -13.516787528744524 ], [ 40.544021606268764, -13.539073944030379 ], [ 40.521003722900183, -13.539888381766476 ], [ 40.538089751797237, -13.545785903719578 ], [ 40.546909332056678, -13.566820145256566 ], [ 40.542457580909321, -13.542288780226121 ], [ 40.571189879765811, -13.56813526165608 ], [ 40.589950562325271, -13.567741393673495 ], [ 40.592838287213816, -13.552742004163234 ], [ 40.600963592652342, -13.553516387894062 ], [ 40.594894409006464, -13.581227303320455 ], [ 40.563060760302548, -13.595767020554652 ], [ 40.545352935646171, -13.614691734059383 ], [ 40.537570952694004, -13.638536453217844 ], [ 40.541698455975649, -13.684988975683778 ], [ 40.575237274127609, -13.71548747983269 ], [ 40.590484619316435, -13.89047336642202 ], [ 40.618156433119559, -13.930185318167256 ], [ 40.623760223002613, -13.984107017793958 ], [ 40.598896026976782, -13.984029769627517 ], [ 40.597576140573146, -13.976992606992502 ], [ 40.587608337401569, -13.976103782732709 ], [ 40.577224730883309, -13.997398376203398 ], [ 40.592796325736501, -14.007692337400803 ], [ 40.623870850406121, -13.997462273034779 ], [ 40.63942336973939, -14.024502753768433 ], [ 40.628150939860618, -14.079980849805731 ], [ 40.589118957659963, -14.09230804411923 ], [ 40.591346741145387, -14.101084708730573 ], [ 40.608947754221646, -14.107075690928641 ], [ 40.607776641764772, -14.121216773773339 ], [ 40.6140632625957, -14.121653557404025 ], [ 40.60539245628302, -14.133691787883953 ], [ 40.611381531019077, -14.141512870660746 ], [ 40.58731079064669, -14.152694701937209 ], [ 40.56280898992911, -14.152934073586911 ], [ 40.562671660754766, -14.143212317732525 ], [ 40.559494018720201, -14.142953873260923 ], [ 40.558574676866087, -14.153229713119055 ], [ 40.533058166587331, -14.159806251995201 ], [ 40.525173186979245, -14.172169685420945 ], [ 40.537414550926997, -14.198226929267667 ], [ 40.558521270626301, -14.217934607834161 ], [ 40.546375275284895, -14.228549957053184 ], [ 40.551422118622092, -14.233136176631513 ], [ 40.561546325588651, -14.23644828799633 ], [ 40.56082153317341, -14.223639487810404 ], [ 40.572254180871994, -14.23245525404502 ], [ 40.566707611253463, -14.216436385868827 ], [ 40.570980071759109, -14.211311340184453 ], [ 40.580547333079174, -14.216344833085872 ], [ 40.584571837906168, -14.205566406202943 ], [ 40.598163604952596, -14.220151900727897 ], [ 40.587905883735722, -14.238137245375883 ], [ 40.601058959689453, -14.250519753422177 ], [ 40.593994141102954, -14.260211944963521 ], [ 40.596572876023572, -14.275425910915287 ], [ 40.611865996704601, -14.269947052152967 ], [ 40.60792541481225, -14.282104492266791 ], [ 40.611907959071246, -14.285861968593229 ], [ 40.619243621981781, -14.254673004294018 ], [ 40.612957001150853, -14.244997024831109 ], [ 40.623764038166001, -14.215223311944582 ], [ 40.637420654425895, -14.218642234889513 ], [ 40.641925811812953, -14.206557273837374 ], [ 40.666748047270787, -14.191853522959976 ], [ 40.685035706219033, -14.201023102272627 ], [ 40.694316864417992, -14.185931205798765 ], [ 40.706699370665632, -14.189154625124091 ], [ 40.719676970901673, -14.206145287213536 ], [ 40.715305327764852, -14.253450393958824 ], [ 40.740100860552474, -14.274500846674966 ], [ 40.73534774838604, -14.331855773863113 ], [ 40.706714630362072, -14.347808837745914 ], [ 40.674606323309384, -14.383268355988134 ], [ 40.640571593790256, -14.330180167818797 ], [ 40.62137222283603, -14.329976081968889 ], [ 40.634403229311765, -14.339136123971221 ], [ 40.640251160151522, -14.383777617951045 ], [ 40.649955749746645, -14.383649826086932 ], [ 40.639598845898597, -14.410856247026517 ], [ 40.643264771240815, -14.437076569436426 ], [ 40.669734954992833, -14.468184470645086 ], [ 40.624797820751404, -14.463400840884423 ], [ 40.628147125378113, -14.484401703184348 ], [ 40.637573241700352, -14.491450309692324 ], [ 40.661102295223316, -14.479887961768336 ], [ 40.63203048700602, -14.498284339758795 ], [ 40.632907867392767, -14.509106635571102 ], [ 40.621063232171061, -14.519106864698374 ], [ 40.649314880266139, -14.526628493918194 ], [ 40.627414703114653, -14.553122519596952 ], [ 40.628032683949776, -14.591312408349301 ], [ 40.617111206242242, -14.606816292114202 ], [ 40.629947662216317, -14.608659743795995 ], [ 40.622867583933285, -14.599601746067583 ], [ 40.633026123418269, -14.593875884907971 ], [ 40.639129638683293, -14.576449394267945 ], [ 40.658782958628095, -14.571581840673266 ], [ 40.671428680250834, -14.55804443404727 ], [ 40.66585159303807, -14.541905402955814 ], [ 40.675464629850246, -14.534793853797192 ], [ 40.672302245713553, -14.500794410977138 ], [ 40.678901672335712, -14.499048233333147 ], [ 40.682975769377663, -14.480156898166198 ], [ 40.675762176844401, -14.458190917620596 ], [ 40.708187102813952, -14.442341804574445 ], [ 40.734169005956332, -14.439216613699648 ], [ 40.757629395341723, -14.420350074640089 ], [ 40.808395385600029, -14.41058540313769 ], [ 40.827209472600536, -14.453174590978437 ], [ 40.832462311048211, -14.498318671813061 ], [ 40.826820373722704, -14.518017769048621 ], [ 40.786102294646597, -14.52612114002241 ], [ 40.760562897063792, -14.555455208405112 ], [ 40.790840149357201, -14.560331345129464 ], [ 40.789466857613142, -14.539166450984899 ], [ 40.800643920684131, -14.53784084309442 ], [ 40.802314757623691, -14.525825500360591 ], [ 40.821170806990935, -14.528367996200055 ], [ 40.828163147415118, -14.543558121124358 ], [ 40.840549468586872, -14.543190955811982 ], [ 40.819114685198286, -14.603971480713264 ], [ 40.799743651651923, -14.627619742970756 ], [ 40.816131591703396, -14.656577109759807 ], [ 40.831752776972806, -14.66087341309157 ], [ 40.83823776216672, -14.682409285673971 ], [ 40.836933136358887, -14.780465125678967 ], [ 40.833747863576818, -14.77269554078058 ], [ 40.826190947657835, -14.775858879098005 ], [ 40.817115783670253, -14.801037788377249 ], [ 40.82949829081727, -14.815147400346264 ], [ 40.826820374164662, -14.808754921216673 ], [ 40.835006713892454, -14.804210663105623 ], [ 40.833648681844927, -14.836259842431778 ], [ 40.831947327311049, -14.827991486332072 ], [ 40.818687438877923, -14.827687262770974 ], [ 40.807220458661, -14.846814155562795 ], [ 40.772655487064867, -14.851634978585439 ], [ 40.770339965720602, -14.863100052239632 ], [ 40.755115509177152, -14.874704360731707 ], [ 40.706718444704251, -14.888729094685972 ], [ 40.689022063920831, -14.902307510397252 ], [ 40.653598784759858, -14.907399177743843 ], [ 40.663433074580482, -14.894907950655425 ], [ 40.640468596552225, -14.850340843369205 ], [ 40.650650023783307, -14.839445114314566 ], [ 40.637096405078786, -14.844809531648552 ], [ 40.633583068555033, -14.868083953921031 ], [ 40.649517058716569, -14.883837700159399 ], [ 40.651412963588683, -14.918484688127533 ], [ 40.696651458849011, -14.943292618069572 ], [ 40.704227447589894, -14.941860198598979 ], [ 40.691120148027636, -14.934854506839647 ], [ 40.696029663089774, -14.927570342706799 ], [ 40.739719390888439, -14.935420035615811 ], [ 40.746356964053945, -14.96692466734917 ], [ 40.776779175369917, -14.999729155785603 ], [ 40.76699829088971, -15.014151572646652 ], [ 40.76014327963987, -15.000030517703868 ], [ 40.742797852090483, -15.009266852792715 ], [ 40.754486084416484, -14.989313126009664 ], [ 40.741870880388063, -15.000033379346613 ], [ 40.744724273657553, -14.993041992203883 ], [ 40.734474182288984, -14.997815132272232 ], [ 40.733982085855871, -14.989605903898974 ], [ 40.675670623551717, -14.99163055391657 ], [ 40.679233551338569, -14.984296799367415 ], [ 40.669788361295147, -14.983122826167163 ], [ 40.663509369413156, -14.969577788793577 ], [ 40.642639159720716, -14.968245506134894 ], [ 40.638874054445338, -14.958341598895332 ], [ 40.635643005271703, -14.971747397833825 ], [ 40.652019500550765, -14.979076385076786 ], [ 40.638946532607655, -14.986345291311844 ], [ 40.627498627011285, -14.983115196318943 ], [ 40.619003296416288, -14.99497032213233 ], [ 40.628013610586265, -14.985802650177861 ], [ 40.637046814005849, -14.988562584101663 ], [ 40.658512114988667, -15.013939856844607 ], [ 40.658130645959147, -14.989797591591271 ], [ 40.673873901348877, -15.018223762638884 ], [ 40.696796417010482, -15.033129691904092 ], [ 40.695468902557273, -15.052076339873556 ], [ 40.712066649945321, -15.072504996830462 ], [ 40.711891174227723, -15.084976196016965 ], [ 40.669807434155146, -15.09676170261285 ], [ 40.632560730339975, -15.087041854603635 ], [ 40.582447051876379, -15.141962051177062 ], [ 40.560607909913529, -15.124478340272509 ], [ 40.546752930189932, -15.124576568722949 ], [ 40.541362761668545, -15.132959366251077 ], [ 40.539554595554549, -15.125881195430148 ], [ 40.527629852322221, -15.127093315173658 ], [ 40.518615722623906, -15.168918609875261 ], [ 40.503047942694828, -15.168574333208264 ], [ 40.504470824855098, -15.193923949999634 ], [ 40.514053344972325, -15.176981925944412 ], [ 40.525985718052873, -15.191532134669574 ], [ 40.56653213543612, -15.201395034622502 ], [ 40.583721160989171, -15.183109283136266 ], [ 40.596408844079278, -15.18045425422976 ], [ 40.587409973178126, -15.163109779062369 ], [ 40.620071410953287, -15.145326613701561 ], [ 40.635868072839664, -15.168910980027041 ], [ 40.66416931225033, -15.184452057285915 ], [ 40.668544769411987, -15.235749244701237 ], [ 40.680397033582629, -15.249838828768249 ], [ 40.674018859968832, -15.27330780038403 ], [ 40.637592316018925, -15.324058532744369 ], [ 40.630889892740761, -15.354170799012492 ], [ 40.583152770570265, -15.412940979411973 ], [ 40.574687957984544, -15.479948044429383 ], [ 40.566379546980201, -15.495259284650944 ], [ 40.525478363237553, -15.545532226993421 ], [ 40.529479980318541, -15.536084175307165 ], [ 40.516216277860671, -15.532231331273662 ], [ 40.501861571855748, -15.544219017156637 ], [ 40.501926421968491, -15.553191185387584 ], [ 40.513774872114396, -15.553068160829666 ], [ 40.50993347195385, -15.559374808663231 ], [ 40.428497313801728, -15.616909027392369 ], [ 40.350822448698707, -15.746908188424859 ], [ 40.188076019380624, -15.901056289647821 ], [ 40.162326813119741, -15.941345214941462 ], [ 40.123729705948939, -15.953193665087364 ], [ 40.144611358615144, -15.941972733086908 ], [ 40.143543242814182, -15.921437262751239 ], [ 40.140235901100439, -15.936321258866572 ], [ 40.117954254020148, -15.948867797858137 ], [ 40.117641449128115, -15.961649895373943 ], [ 40.126850128265303, -15.963988303564937 ], [ 40.110778808929425, -15.993559837164286 ], [ 40.068859099802125, -16.008180618388401 ], [ 40.063613891747295, -16.027822494716304 ], [ 40.082229614384822, -16.004055022825007 ], [ 40.114685058847975, -16.004512786739689 ], [ 40.138141632410061, -15.972036361992538 ], [ 40.136203766070579, -16.001344681116159 ], [ 40.099784851069607, -16.063165664967464 ], [ 40.1038131708208, -16.076898575213065 ], [ 40.050369263010701, -16.129804611097946 ], [ 40.027530670283831, -16.186656952160575 ], [ 39.961288451980117, -16.242549895565176 ], [ 39.904735565373649, -16.246034621904215 ], [ 39.886054992623464, -16.204687119019304 ], [ 39.902908324639107, -16.189191818151905 ], [ 39.895908356165357, -16.1738758088255 ], [ 39.876121520625887, -16.20140838559854 ], [ 39.888183593931927, -16.222185135046011 ], [ 39.887615204412384, -16.237316132243777 ], [ 39.858409881944681, -16.237161635910802 ], [ 39.864093780737555, -16.247356415376316 ], [ 39.855140686227877, -16.264114379684891 ], [ 39.782859801872519, -16.283941268784567 ], [ 39.755313873370781, -16.258035659627978 ], [ 39.779861450058753, -16.289752960178916 ], [ 39.810268401678286, -16.287420272575481 ], [ 39.781940459597408, -16.306348801004326 ], [ 39.773948669308488, -16.322347641278512 ], [ 39.781837462941404, -16.316484450944557 ], [ 39.793754578124165, -16.364915847935983 ], [ 39.82432174666414, -16.398305893050491 ], [ 39.825946808111588, -16.408088684093428 ], [ 39.803607940766682, -16.417205811347024 ], [ 39.831512450552019, -16.414148331328349 ], [ 39.848136902409017, -16.432487488155004 ], [ 39.865573882741359, -16.437347411901463 ], [ 39.796424865827738, -16.473386765334922 ], [ 39.784976958897147, -16.472110747987934 ], [ 39.77185058561362, -16.482711791691166 ], [ 39.792041779282293, -16.474308013879039 ], [ 39.784759520812898, -16.489610671870295 ], [ 39.719173430786846, -16.524639129767316 ], [ 39.715538024837592, -16.514514922800764 ], [ 39.713363646692592, -16.530075072881623 ], [ 39.634010314801792, -16.573476790996367 ], [ 39.609615325664329, -16.596384047860816 ], [ 39.550350188987636, -16.622093201015709 ], [ 39.536582947122888, -16.645864486931842 ], [ 39.469039916750894, -16.687290192105309 ], [ 39.340091705260107, -16.743865967357152 ], [ 39.301586150872346, -16.779134750185158 ], [ 39.291553496688657, -16.771720885826817 ], [ 39.261783599625609, -16.773918151717915 ], [ 39.247486114784493, -16.753030776665589 ], [ 39.251708983974552, -16.73259544404111 ], [ 39.23653411874669, -16.698833466308031 ], [ 39.239048003554657, -16.750328063905599 ], [ 39.246417998983617, -16.7649040220196 ], [ 39.21405792222744, -16.768594741670562 ], [ 39.254634857205005, -16.793407439818075 ], [ 39.273841858007451, -16.786537169771165 ], [ 39.186309814438523, -16.846883773583876 ], [ 39.143440246762161, -16.901819228591108 ], [ 39.129597328745845, -16.858146583414694 ], [ 39.138234807982144, -16.837277289232148 ], [ 39.120267234837179, -16.823182721122265 ], [ 39.112679684412065, -16.794192578541271 ], [ 39.079147835996011, -16.774069189258256 ], [ 39.073028984592142, -16.737429086899439 ], [ 39.046405692161144, -16.718450054343137 ], [ 39.047115298624249, -16.674940064149268 ], [ 39.038612179900355, -16.66303312119819 ], [ 39.001795794232699, -16.6549806851271 ], [ 38.986304024103582, -16.630348592430181 ], [ 38.985636460046749, -16.613993962368049 ], [ 38.998644876452047, -16.589413400824427 ], [ 38.999991555458045, -16.541669331391162 ], [ 39.013961276084196, -16.531183314574882 ], [ 39.041248368009938, -16.528539905808607 ], [ 39.021300967058124, -16.483607091910372 ], [ 39.041954185629315, -16.46388429484098 ], [ 39.042091566065054, -16.427284261775824 ], [ 39.014167451958528, -16.396028295286236 ], [ 39.018268352394649, -16.383011353307886 ], [ 39.004020194468524, -16.361276371723754 ], [ 39.008842103872112, -16.336096929146571 ], [ 38.991347572324777, -16.314604164667038 ], [ 38.993693679611795, -16.298629084481234 ], [ 38.98318018850707, -16.27628379058104 ], [ 38.959879542998657, -16.275440759799856 ], [ 38.945089674840752, -16.263798919001538 ], [ 38.921609804341131, -16.209274576477121 ], [ 38.916940571042637, -16.169651560487708 ], [ 38.926847548754608, -16.164452423498247 ], [ 38.917821816498353, -16.144599902433669 ], [ 38.942583552522727, -16.120776539005099 ], [ 38.931814449429538, -16.115308455591126 ], [ 38.927744112047812, -16.093842412236192 ], [ 38.912233262003625, -16.074047101715827 ], [ 38.918729859559988, -16.046365361651119 ], [ 38.896669032609786, -16.032904003076887 ], [ 38.895612368985013, -16.010268823726292 ], [ 38.87239566031532, -16.000691567544045 ], [ 38.876092247461656, -15.945983218137362 ], [ 38.863324216708897, -15.929375872076792 ], [ 38.845455816520534, -15.924709777235348 ], [ 38.849930590395175, -15.891242411892572 ], [ 38.822880030807148, -15.883510410920556 ], [ 38.824280105468155, -15.842600975639256 ], [ 38.80621717251568, -15.821813898693639 ], [ 38.808822692243119, -15.799493422380186 ], [ 38.793124908750656, -15.787389078173943 ], [ 38.785041427456456, -15.766334999782396 ], [ 38.769969240320577, -15.775279003426769 ], [ 38.753401674428325, -15.774013527091492 ], [ 38.706521953112315, -15.736766899632217 ], [ 38.686414347527034, -15.679683059573703 ], [ 38.649197398768408, -15.683755934701084 ], [ 38.619823646423193, -15.672801643199643 ], [ 38.597598765444765, -15.674948219647257 ], [ 38.55487714892071, -15.638506456684011 ], [ 38.526674579164357, -15.591460435847717 ], [ 38.499707963005157, -15.570598969388351 ], [ 38.478066743766206, -15.5721485789603 ], [ 38.444351792931144, -15.550018787428057 ], [ 38.428943970312304, -15.509125553561278 ], [ 38.399009435908248, -15.506930279767241 ], [ 38.365405142079943, -15.462978759806846 ], [ 38.326833955137687, -15.463083611507324 ], [ 38.316774412419306, -15.44904914626626 ], [ 38.284253446699559, -15.458119957961182 ], [ 38.264347960416458, -15.452032965376363 ], [ 38.254868263396915, -15.438137729748737 ], [ 38.226142987686309, -15.4556147225013 ], [ 38.193919602970219, -15.442824706776205 ], [ 38.167906695491318, -15.411568765497032 ], [ 38.17091656801329, -15.399745765765173 ], [ 38.131281080560285, -15.383908919760716 ], [ 38.142710198683041, -15.342709611142437 ], [ 38.11302743027575, -15.348475172206124 ], [ 38.098928036846168, -15.338198926600912 ], [ 38.103944476643505, -15.329533371633099 ], [ 38.097474626485663, -15.32376681285186 ], [ 38.075432847965232, -15.332360825298609 ], [ 38.057984072850402, -15.329554295020833 ], [ 38.051132759424121, -15.312932659205016 ], [ 38.040909149134215, -15.324093835803422 ], [ 38.033630562383657, -15.321748870937403 ], [ 38.007175126701696, -15.302096601203187 ], [ 38.001334728239065, -15.285755331756691 ], [ 38.005481417742395, -15.263017180173046 ], [ 37.945356792498096, -15.235823629394664 ], [ 37.904904928497487, -15.232441083390393 ], [ 37.900075433051974, -15.225548299776916 ], [ 37.878941564989908, -15.238987664341243 ], [ 37.829738648912091, -15.204979546644372 ], [ 37.790900413368377, -15.218047930047975 ], [ 37.760672147619566, -15.212989883051533 ], [ 37.714021232457405, -15.242465317603406 ], [ 37.694996947119321, -15.246547748262442 ], [ 37.624633444385438, -15.238496231950817 ], [ 37.615268186623517, -15.228532780820638 ], [ 37.615249145987427, -15.203618460993164 ], [ 37.596343139700075, -15.19208342961811 ], [ 37.588229110871509, -15.194935701785896 ], [ 37.535501371119594, -15.14178171883165 ], [ 37.525533356154241, -15.149054978400402 ], [ 37.512433447907277, -15.129070867236917 ], [ 37.499241952705589, -15.133342121813167 ], [ 37.459110466930255, -15.178266232221651 ], [ 37.430831528914901, -15.190299947768528 ], [ 37.406279640822092, -15.190899744516086 ], [ 37.403693290637676, -15.141405825195521 ], [ 37.370283548835324, -15.103485019844866 ], [ 37.334252961277983, -15.136763506766739 ], [ 37.317654881936093, -15.134295512861142 ], [ 37.309445503459081, -15.122732840506627 ], [ 37.291794547870737, -15.119249238269463 ], [ 37.283775920641062, -15.098459323873838 ], [ 37.267608908120607, -15.098056874897205 ], [ 37.239997678568173, -15.019717782761168 ], [ 37.235892963177299, -15.033332632134668 ], [ 37.210463684375959, -15.029084215711388 ], [ 37.197890222006023, -15.004530352648795 ], [ 37.186377238145006, -15.001210781441189 ], [ 36.695534075583979, -15.001210143248047 ], [ 36.765699308580082, -14.932679183197452 ], [ 36.764730387418467, -14.909977270080256 ], [ 36.784971587237116, -14.903335323298707 ], [ 36.812476155811545, -14.868267838797779 ], [ 36.835147364895384, -14.862867510220925 ], [ 36.828524943002471, -14.84411835127313 ], [ 36.844840739707983, -14.837926508703704 ], [ 36.835403008884384, -14.823344671836216 ], [ 36.85231393720553, -14.797425264659482 ], [ 36.880837022702053, -14.782252231840156 ], [ 36.884537372885383, -14.767933611868946 ], [ 36.938333347586592, -14.744017810941481 ], [ 36.949224567331683, -14.71427342163283 ], [ 36.973425506533474, -14.704439709299068 ], [ 37.003188409059305, -14.6775056664624 ], [ 37.047481759832159, -14.669826210044691 ], [ 37.149988651468604, -14.594217520424737 ], [ 37.183688367551447, -14.592172044769837 ], [ 37.210227722027454, -14.613694356707098 ], [ 37.331426982384421, -14.556152998135198 ], [ 37.341990103609426, -14.546929586147874 ], [ 37.3382058609795, -14.536718204957923 ], [ 37.365924031531016, -14.51930225379652 ], [ 37.396118012141187, -14.48492805904298 ], [ 37.41753797707451, -14.478086806310932 ], [ 37.420837794772801, -14.448228929522335 ], [ 37.469972126002148, -14.415388181422719 ], [ 37.485483034114374, -14.386237907131074 ], [ 37.521826381883137, -14.389719621757726 ], [ 37.549449142056126, -14.404516995124085 ], [ 37.615280763879021, -14.351919142746718 ], [ 37.604061566423162, -14.309456285657076 ], [ 37.60713248154056, -14.291779013833407 ], [ 37.634587408686606, -14.293048316066949 ], [ 37.658612872597473, -14.279343854776718 ], [ 37.692327850115902, -14.275714412343545 ], [ 37.71346166463946, -14.30303472987582 ], [ 37.728972537938198, -14.301473670245459 ], [ 37.77418527372042, -14.274319360514644 ], [ 37.790913089618115, -14.248572562488528 ], [ 37.834790611647527, -14.25632078539021 ], [ 37.856405128183766, -14.250976717525178 ], [ 37.873983588691949, -14.26620129970795 ], [ 37.877634310169782, -14.280429331759505 ], [ 37.928611089648655, -14.319139735559363 ], [ 37.952071965711234, -14.306755084277702 ], [ 37.972301746304758, -14.279306075453848 ], [ 38.019746125084573, -14.252211845208331 ], [ 38.063348987917266, -14.257019099416636 ], [ 38.078405890186353, -14.266492389378717 ], [ 38.101008443420383, -14.252934782892003 ], [ 38.123603336766756, -14.264738731553896 ], [ 38.147899661856002, -14.241041272925605 ], [ 38.187775505928144, -14.233094792857328 ], [ 38.251829454772, -14.169354826865368 ], [ 38.273936072189706, -14.168552856218765 ], [ 38.308040175505944, -14.149828543198508 ], [ 38.342647790688957, -14.163929777513131 ], [ 38.364487397892191, -14.142663096691701 ], [ 38.437769237284535, -14.119829673208796 ], [ 38.478209645252313, -14.131777636853295 ], [ 38.525310628680778, -14.161646056513979 ], [ 38.559143876622613, -14.148715944289416 ], [ 38.588082747411825, -14.154785774532465 ], [ 38.60100719041467, -14.165540728088112 ], [ 38.664237103324105, -14.140310841735106 ], [ 38.71741503953853, -14.156017039785242 ], [ 38.733120486294261, -14.137619797216063 ], [ 38.786538805571645, -14.107207922329225 ], [ 38.808569112724399, -14.120275416551388 ], [ 38.835280176744945, -14.107764889145626 ], [ 38.870734725733357, -14.075364694817873 ], [ 38.945481446504125, -14.046495801216532 ], [ 38.973222512491326, -14.022162280138508 ], [ 38.99334164135476, -14.014096573796488 ], [ 39.044814392560703, -14.013577857639971 ], [ 39.081382847276146, -13.9883679678678 ], [ 39.08879497682868, -13.967255757918908 ], [ 39.144990451110075, -13.936869633345152 ], [ 39.192835323767504, -13.962728072110588 ], [ 39.240638287746009, -13.938637744784367 ], [ 39.250621568222442, -13.923809900597474 ], [ 39.271167948691442, -13.918674671935085 ], [ 39.287155687317146, -13.900759962480171 ], [ 39.348096722299921, -13.887917608991442 ], [ 39.353097912684767, -13.867895385979436 ], [ 39.380892374271014, -13.853510040111241 ], [ 39.416804667541015, -13.847037849893963 ], [ 39.436591896741682, -13.852594619588389 ], [ 39.465404915346127, -13.826460663101516 ], [ 39.477143013037384, -13.791067983197449 ], [ 39.52170342530804, -13.759993332202482 ], [ 39.57636915050665, -13.752745866059881 ], [ 39.597026174130647, -13.733207145113903 ], [ 39.656239104687373, -13.731781539338874 ], [ 39.680050951674808, -13.707337394887455 ], [ 39.70455325288048, -13.702573127990105 ], [ 39.754637466620522, -13.663057982632056 ], [ 39.788691941741426, -13.679664371350244 ], [ 39.858700682648461, -13.680260451260031 ], [ 39.933306297233649, -13.609803188100946 ], [ 39.932787511531075, -13.585733794165391 ], [ 39.981120729182017, -13.560369428927379 ], [ 40.001045329032024, -13.52678196382522 ], [ 39.999706357766165, -13.511748128397196 ], [ 40.109777891050271, -13.48065255844624 ], [ 40.114962178544232, -13.471309938935063 ], [ 40.10412061137373, -13.448341015439526 ] ] ] ] } },
{ "type": "Feature", "properties": { "loc": "MZ-A1-0008" }, "geometry": { "type": "Polygon", "coordinates": [ [ [ 37.943408965803847, -11.259964943297707 ], [ 38.00000381477696, -11.262845993418047 ], [ 38.018699646324393, -11.27327251378567 ], [ 38.066711425944298, -11.277411460940368 ], [ 38.111724854171435, -11.260012627151195 ], [ 38.163543701433454, -11.280072212232994 ], [ 38.20716095017044, -11.275812148881759 ], [ 38.268363953186615, -11.288017272849071 ], [ 38.286453246872597, -11.331917763064503 ], [ 38.326931000118357, -11.330098152178181 ], [ 38.368377685634449, -11.374582290710311 ], [ 38.429382324287552, -11.392572402664403 ], [ 38.461360931114839, -11.418644905308284 ], [ 38.487752812694907, -11.419988409707482 ], [ 38.446717615578265, -11.486256828859709 ], [ 38.418495851954795, -11.56122087561311 ], [ 38.40853161639378, -11.611924845925081 ], [ 38.414249930442722, -11.645122274243747 ], [ 38.402275277534805, -11.729621587136752 ], [ 38.424599242214029, -11.82413203883268 ], [ 38.41530642340544, -11.855597681358088 ], [ 38.423168636675996, -11.892174743939421 ], [ 38.392467189461975, -12.046623996470451 ], [ 38.376796076530475, -12.070138349675297 ], [ 38.380114904931638, -12.095346350224023 ], [ 38.368262388950868, -12.110546092498353 ], [ 38.292623030481231, -12.138423200840176 ], [ 38.221973375960637, -12.186839386896509 ], [ 38.233795324643026, -12.22136140610619 ], [ 38.221286661028699, -12.242320060574663 ], [ 38.224430019304144, -12.257394893192064 ], [ 38.213531206853837, -12.261674730458072 ], [ 38.201674867709414, -12.284306035809944 ], [ 38.200507518760972, -12.312211825720709 ], [ 38.206508152520193, -12.31725934391763 ], [ 38.164652403009512, -12.369924892363215 ], [ 38.13541977661167, -12.385859859246562 ], [ 38.106595309661394, -12.422499831393008 ], [ 38.085022756499534, -12.430709527480843 ], [ 38.070286253652817, -12.462074086209185 ], [ 38.081043893122889, -12.483388465740131 ], [ 38.079109782947143, -12.502608682406802 ], [ 38.06374385269983, -12.523866772470882 ], [ 38.067989687695061, -12.531581565656769 ], [ 38.04642856720951, -12.550721658760366 ], [ 38.042987621909617, -12.569341093514019 ], [ 38.049972455403527, -12.585572673458234 ], [ 38.035152041080735, -12.603442551292066 ], [ 38.023612306430131, -12.645572536107963 ], [ 38.022773041229328, -12.659763360887055 ], [ 38.030631473705277, -12.660929646691432 ], [ 38.041701917779349, -12.688402509265195 ], [ 38.033503916799951, -12.7377504522598 ], [ 38.047366771352152, -12.768735502891904 ], [ 38.026293907326583, -12.819422317453188 ], [ 38.045077827506226, -12.843219936543449 ], [ 38.020972236011943, -12.877115399232331 ], [ 38.027281848962723, -12.898233332357822 ], [ 37.994341222714333, -12.949205269601549 ], [ 37.997888932929449, -12.976199410412637 ], [ 37.943974682038863, -13.025393778152596 ], [ 37.938057950558282, -13.041260111160737 ], [ 37.983228637756952, -13.085587305109049 ], [ 38.060836372304188, -13.106681474971184 ], [ 38.075252381135215, -13.126166820440679 ], [ 38.11139734864296, -13.139261977049534 ], [ 38.134041845838631, -13.139449864094301 ], [ 38.188966991647924, -13.109848583291319 ], [ 38.211424557326744, -13.117133314736764 ], [ 38.21586112889571, -13.126736279217701 ], [ 38.222014319746158, -13.162997710923642 ], [ 38.206629316587239, -13.181536080538605 ], [ 38.200029711095539, -13.22429165663719 ], [ 38.172692984844794, -13.275894904549725 ], [ 38.181039706919449, -13.278779616008764 ], [ 38.17539764147687, -13.292273343106766 ], [ 38.184350907230638, -13.300036778827186 ], [ 38.148270734089564, -13.337729553342738 ], [ 38.145855968553413, -13.350040794462982 ], [ 38.095695498710157, -13.357229134060324 ], [ 38.091045275458356, -13.369675786982429 ], [ 38.059752664201817, -13.388543139871258 ], [ 38.036909767330265, -13.416034094382036 ], [ 38.061728582446307, -13.508067109245127 ], [ 38.104034441203218, -13.493935448334062 ], [ 38.11122908229526, -13.513926209048945 ], [ 38.132565099230874, -13.526084897470094 ], [ 38.14373091455824, -13.550928639234174 ], [ 38.149731502160691, -13.596780643008712 ], [ 38.144459427596487, -13.646929651265973 ], [ 38.157021450774963, -13.671165939646992 ], [ 38.172433128230608, -13.679528258013287 ], [ 38.161068839858494, -13.74659831135885 ], [ 38.167443297521721, -13.772547297490691 ], [ 38.180821707052672, -13.775184074042548 ], [ 38.182439155738145, -13.788708328028234 ], [ 38.202172962504243, -13.805623678086489 ], [ 38.200269362723596, -13.829591985252778 ], [ 38.213605806183658, -13.835407180560646 ], [ 38.213037387609582, -13.850400962527589 ], [ 38.251238486381425, -13.892948712224397 ], [ 38.261748161404384, -13.916954225428315 ], [ 38.258726834889103, -13.93899049664409 ], [ 38.277358181968367, -13.947431970501968 ], [ 38.275919994220367, -13.962938800571314 ], [ 38.291236295495899, -13.977557828038824 ], [ 38.280455718236027, -13.99962842178777 ], [ 38.333751866847301, -14.052493418431579 ], [ 38.335445614625861, -14.062814461368236 ], [ 38.346596204822823, -14.058280005381809 ], [ 38.34519616798152, -14.070983190445753 ], [ 38.36159204295727, -14.092136431892046 ], [ 38.363129378811443, -14.10778249521414 ], [ 38.382672466902292, -14.107949400503641 ], [ 38.402680933106424, -14.129159863679865 ], [ 38.354076873207035, -14.147678178707681 ], [ 38.342647790688957, -14.163929777513131 ], [ 38.308040175505944, -14.149828543198508 ], [ 38.273936072189706, -14.168552856218765 ], [ 38.251829454772, -14.169354826865368 ], [ 38.187775505928144, -14.233094792857328 ], [ 38.147899661856002, -14.241041272925605 ], [ 38.123603336766756, -14.264738731553896 ], [ 38.101008443420383, -14.252934782892003 ], [ 38.078405890186353, -14.266492389378717 ], [ 38.063348987917266, -14.257019099416636 ], [ 38.018178252153533, -14.252839326139812 ], [ 37.972301746304758, -14.279306075453848 ], [ 37.952071965711234, -14.306755084277702 ], [ 37.928611089648655, -14.319139735559363 ], [ 37.877634310169782, -14.280429331759505 ], [ 37.873983588691949, -14.26620129970795 ], [ 37.856405128183766, -14.250976717525178 ], [ 37.834790611647527, -14.25632078539021 ], [ 37.790913089618115, -14.248572562488528 ], [ 37.77418527372042, -14.274319360514644 ], [ 37.728972537938198, -14.301473670245459 ], [ 37.71346166463946, -14.30303472987582 ], [ 37.692327850115902, -14.275714412343545 ], [ 37.658612872597473, -14.279343854776718 ], [ 37.634587408686606, -14.293048316066949 ], [ 37.606453451241016, -14.292198606338415 ], [ 37.615280763879021, -14.351919142746718 ], [ 37.549449142056126, -14.404516995124085 ], [ 37.521826381883137, -14.389719621757726 ], [ 37.485483034114374, -14.386237907131074 ], [ 37.469972126002148, -14.415388181422719 ], [ 37.420837794772801, -14.448228929522335 ], [ 37.41753797707451, -14.478086806310932 ], [ 37.396118012141187, -14.48492805904298 ], [ 37.365924031531016, -14.51930225379652 ], [ 37.3382058609795, -14.536718204957923 ], [ 37.341990103609426, -14.546929586147874 ], [ 37.331426982384421, -14.556152998135198 ], [ 37.210227722027454, -14.613694356707098 ], [ 37.183688367551447, -14.592172044769837 ], [ 37.149988651468604, -14.594217520424737 ], [ 37.047481759832159, -14.669826210044691 ], [ 37.002726821073431, -14.67775742190476 ], [ 36.973425506533474, -14.704439709299068 ], [ 36.946764035305556, -14.716372339047991 ], [ 36.933786132205114, -14.747587209833492 ], [ 36.88332808836504, -14.768801405749256 ], [ 36.880837022702053, -14.782252231840156 ], [ 36.85231393720553, -14.797425264659482 ], [ 36.837730030511509, -14.816384192380029 ], [ 36.835330517827401, -14.830911657440462 ], [ 36.845111591122524, -14.836126071865598 ], [ 36.829825787256389, -14.8394951964427 ], [ 36.827731457783784, -14.853043292903047 ], [ 36.835147364895384, -14.862867510220925 ], [ 36.812476155811545, -14.868267838797779 ], [ 36.784971587237116, -14.903335323298707 ], [ 36.764730387418467, -14.909977270080256 ], [ 36.765699308580082, -14.932679183197452 ], [ 36.710110339921386, -14.99190758504554 ], [ 36.698681272705201, -14.995062149776663 ], [ 36.698524795624131, -15.045996980329869 ], [ 36.678562042282735, -15.075210195085289 ], [ 36.665031033504945, -15.07907615870643 ], [ 36.660254892840207, -15.109978257858449 ], [ 36.638972274859803, -15.105660231147946 ], [ 36.626768791294083, -15.120897179692873 ], [ 36.620363738020899, -15.154516145128218 ], [ 36.597826027656609, -15.172490927649919 ], [ 36.583539697345948, -15.173688657106068 ], [ 36.55436424806927, -15.214064001611762 ], [ 36.543419663485054, -15.212670745664971 ], [ 36.535126324371561, -15.226909258366119 ], [ 36.515609934744418, -15.231006943871963 ], [ 36.510433262848117, -15.247376805184134 ], [ 36.469336694655254, -15.252953528352277 ], [ 36.45838445259745, -15.270878738749973 ], [ 36.434385710572258, -15.270147278158943 ], [ 36.351814893204747, -15.294382504022687 ], [ 36.349709113546723, -15.310907811020071 ], [ 36.333801487011051, -15.323812196549015 ], [ 36.326400795921941, -15.344248298093889 ], [ 36.316547230931953, -15.346588471654067 ], [ 36.31014601488868, -15.36398156866783 ], [ 36.30006356164607, -15.367746452710042 ], [ 36.28467854104386, -15.392986889106998 ], [ 36.267115320177844, -15.394175077890894 ], [ 36.269011202566972, -15.434747867893163 ], [ 36.289095961471439, -15.452298349862305 ], [ 36.276469017693046, -15.48022037664243 ], [ 36.187031683027762, -15.453037263432369 ], [ 36.172497391403482, -15.454929229273874 ], [ 36.157722790136617, -15.442743830137042 ], [ 36.140151939422474, -15.44406361761528 ], [ 36.119010481610424, -15.430881675222532 ], [ 36.08727535093864, -15.448739149765347 ], [ 35.853546284295611, -15.441665977376308 ], [ 35.854473113905115, -15.418497086144979 ], [ 35.789688110280018, -15.166123389955823 ], [ 35.916820525749529, -14.891188621719033 ], [ 35.870037078850935, -14.890387535318085 ], [ 35.869655608623795, -14.669203758052431 ], [ 35.52862930280444, -14.264555931216718 ], [ 35.483947754089883, -14.167406081730773 ], [ 35.23052978500013, -13.881432533000028 ], [ 35.082271576358025, -13.687877655411286 ], [ 34.875232697316996, -13.486806869922942 ], [ 34.84844970687687, -13.478730201610214 ], [ 34.603542328004387, -13.48178196014196 ], [ 34.561401366768095, -13.403064727727811 ], [ 34.523674011035276, -13.358145713926286 ], [ 34.520900725776237, -13.337216377406593 ], [ 34.53941345175776, -13.249199867252772 ], [ 34.54067611699768, -13.097905158569036 ], [ 34.552051544431649, -13.047113418921798 ], [ 34.532363891968508, -12.927263260064237 ], [ 34.508152008396863, -12.849020003642941 ], [ 34.523887634195326, -12.729703902685774 ], [ 34.498256683387694, -12.664329529257135 ], [ 34.417018889598459, -12.366979599002015 ], [ 34.408390044753233, -12.254641532953059 ], [ 34.425277710186585, -12.159544945415668 ], [ 34.582450867102153, -11.804112433914415 ], [ 34.634094237747291, -11.662075043301368 ], [ 34.642639159657961, -11.582510948094438 ], [ 34.855262755759973, -11.572490691964532 ], [ 35.416988372561633, -11.569074630967169 ], [ 35.418209076334094, -11.561029434438552 ], [ 35.427494048557797, -11.570159912127931 ], [ 35.422061920367511, -11.580579757727349 ], [ 35.443584441614853, -11.582666397114316 ], [ 35.448944091642822, -11.571597098904718 ], [ 35.464797973793729, -11.579630851560285 ], [ 35.47936630205951, -11.575874329414582 ], [ 35.475933075397435, -11.559438704610248 ], [ 35.496570587309094, -11.558159828191261 ], [ 35.505340576252863, -11.561002730869152 ], [ 35.507343291805725, -11.579328537259936 ], [ 35.516761780078397, -11.580675125434414 ], [ 35.529865264716456, -11.575572014214774 ], [ 35.52300262541722, -11.565647124892653 ], [ 35.532585143735709, -11.555967331404915 ], [ 35.553272246962862, -11.56783962167891 ], [ 35.57011413600474, -11.561600684701556 ], [ 35.577873230311617, -11.547463416780968 ], [ 35.597770691010879, -11.558697701015852 ], [ 35.636493682583691, -11.551471710428807 ], [ 35.64697265590965, -11.56103515592557 ], [ 35.654018401674072, -11.548394203407586 ], [ 35.698390961320158, -11.519912720073666 ], [ 35.699649810736425, -11.507388114647465 ], [ 35.713306426996319, -11.505508422753241 ], [ 35.716136931620426, -11.499130249139444 ], [ 35.706493378113215, -11.494286536572229 ], [ 35.717723845625336, -11.486340522674698 ], [ 35.713943480653519, -11.476066589379297 ], [ 35.736034393218965, -11.476700783192406 ], [ 35.740196228119757, -11.465187073302552 ], [ 35.748741150030341, -11.47237110062358 ], [ 35.758285521805746, -11.466833115034003 ], [ 35.771732329829518, -11.471177101319974 ], [ 35.77161026035153, -11.458340645182385 ], [ 35.777885437309322, -11.468462943787561 ], [ 35.789371490348323, -11.446896552711472 ], [ 35.796833037660782, -11.45045757303631 ], [ 35.794689178009463, -11.43885994021181 ], [ 35.817314147576198, -11.428406715375328 ], [ 35.814781189046961, -11.417870521784845 ], [ 35.844001770311742, -11.409412383552375 ], [ 35.858238219964136, -11.427043915122326 ], [ 35.885406494360375, -11.423661232157922 ], [ 35.915107727285935, -11.43652820588974 ], [ 35.934558867943558, -11.436849593911358 ], [ 35.946487426999539, -11.42130947083313 ], [ 35.961986541891676, -11.46477413159861 ], [ 35.969749451122581, -11.465860366940106 ], [ 35.969993590977758, -11.451468467673376 ], [ 35.977458954113608, -11.461374283274317 ], [ 35.987194061303143, -11.456215858352881 ], [ 36.001464844373331, -11.48000621799028 ], [ 36.043235778654591, -11.493429184087312 ], [ 36.066757202329249, -11.540213585166548 ], [ 36.100601196434333, -11.53152656587606 ], [ 36.117893218643395, -11.510992049721036 ], [ 36.128616332723809, -11.515763283226743 ], [ 36.130466461204534, -11.549882888961882 ], [ 36.155380249445237, -11.569554329346587 ], [ 36.165943145705839, -11.569927216145892 ], [ 36.182594299333672, -11.544845581136354 ], [ 36.201026917304745, -11.581877707867694 ], [ 36.187454223979586, -11.601019858557393 ], [ 36.183757781942326, -11.661479949617704 ], [ 36.192752837919372, -11.681799889331135 ], [ 36.219127654863691, -11.707676888355412 ], [ 36.269905089894152, -11.689672469986245 ], [ 36.28311157208767, -11.715564727807681 ], [ 36.299205780235724, -11.719578742785419 ], [ 36.327072144377084, -11.706793785425518 ], [ 36.354892731227686, -11.712429047083539 ], [ 36.388111114649334, -11.67749023360809 ], [ 36.403541565404076, -11.68696975706931 ], [ 36.417194365840487, -11.680522919317937 ], [ 36.49237823478083, -11.680645942976575 ], [ 36.519195557381089, -11.699855803748704 ], [ 36.504322052272933, -11.743266105892491 ], [ 36.510772704948415, -11.758291244791508 ], [ 36.519550322841212, -11.760069846592547 ], [ 36.556098938067585, -11.727621077796879 ], [ 36.574146271185484, -11.698281287797574 ], [ 36.630950928394711, -11.731897354126009 ], [ 36.685272216591557, -11.705474854227482 ], [ 36.710590363406617, -11.676975249554467 ], [ 36.770061493395225, -11.64551162690648 ], [ 36.77665329016925, -11.62563133156711 ], [ 36.79002761823206, -11.616691589291772 ], [ 36.806221007945204, -11.567368507297182 ], [ 36.847190856724708, -11.584823608069428 ], [ 36.889789580976405, -11.589334487842695 ], [ 36.92282485973152, -11.606809615617664 ], [ 36.981437682553988, -11.58111858415003 ], [ 37.021289825116312, -11.584735869659291 ], [ 37.082698822343772, -11.625100135657451 ], [ 37.152503966635777, -11.631933212442469 ], [ 37.224765778169143, -11.652225494405677 ], [ 37.275177002067963, -11.635467529197818 ], [ 37.30010986313065, -11.642556189711062 ], [ 37.333812714036561, -11.677354813268703 ], [ 37.385803222991356, -11.69152832027045 ], [ 37.417091369921827, -11.683660506921534 ], [ 37.439006804971108, -11.64425945260632 ], [ 37.501766205297159, -11.614956855868908 ], [ 37.537384032997721, -11.611872673180024 ], [ 37.590450286702414, -11.622204780920597 ], [ 37.626129149793229, -11.606205940122205 ], [ 37.660324097132168, -11.577162742936409 ], [ 37.751762390075015, -11.549690246777633 ], [ 37.786609649868232, -11.510848044671729 ], [ 37.790229797020238, -11.481255530788292 ], [ 37.776561736887381, -11.476116179588214 ], [ 37.772743225372309, -11.464233397823254 ], [ 37.79106903086381, -11.42103004497077 ], [ 37.808124542166631, -11.41193389890045 ], [ 37.818119048907782, -11.37590980516352 ], [ 37.830154418644248, -11.372141838245398 ], [ 37.833850860681416, -11.310476303109063 ], [ 37.861137389631537, -11.3069009781678 ], [ 37.862106322801324, -11.292958259686081 ], [ 37.917678833264326, -11.26474666559627 ], [ 37.943408965803847, -11.259964943297707 ] ] ] } },
{ "type": "Feature", "properties": { "loc": "MZ-A1-0009" }, "geometry": { "type": "MultiPolygon", "coordinates": [ [ [ [ 35.108062743891502, -20.899526595776052 ], [ 35.13012313796343, -20.944112777682825 ], [ 35.114391327089081, -20.933452606253056 ], [ 35.118167877136784, -20.945928573645034 ], [ 35.08259201000422, -20.950277328136394 ], [ 35.099822997924015, -20.954486846890674 ], [ 35.079559326093026, -20.956632614004178 ], [ 35.068553924714806, -20.970149993627544 ], [ 35.055843352979323, -20.970769881924767 ], [ 35.061172485412882, -20.943759917886155 ], [ 35.045879363832576, -20.938198090369831 ], [ 35.065452575766756, -20.930210114105741 ], [ 35.072803496575077, -20.90868759195903 ], [ 35.088733672711783, -20.907003402785044 ], [ 35.09991455070697, -20.916173935379057 ], [ 35.108062743891502, -20.899526595776052 ] ] ], [ [ [ 34.946842194407104, -20.681547165253633 ], [ 34.932582855209958, -20.68314742969433 ], [ 34.945373534955984, -20.676166534042473 ], [ 34.946842194407104, -20.681547165253633 ] ] ], [ [ [ 34.887683867677254, -20.617530822950059 ], [ 34.930210113766726, -20.628717422431997 ], [ 34.948097229064814, -20.644544601013415 ], [ 34.945835113960243, -20.659156799107862 ], [ 34.955509185961141, -20.652210235974522 ], [ 34.966197968422406, -20.66765594462705 ], [ 34.911312102932115, -20.675003052309918 ], [ 34.913581847884899, -20.650842666616676 ], [ 34.893806457562917, -20.634977340592719 ], [ 34.887683867677254, -20.617530822950059 ] ] ], [ [ [ 34.672412871552304, -20.559024811254382 ], [ 34.669345856021963, -20.551528931423405 ], [ 34.676414490431938, -20.539455414244316 ], [ 34.678531647413138, -20.543626784656688 ], [ 34.672412871552304, -20.559024811254382 ] ] ], [ [ [ 34.662139893186193, -20.392707825292611 ], [ 34.66019821192269, -20.392126082639273 ], [ 34.662380219016633, -20.389421463316552 ], [ 34.662139893186193, -20.392707825292611 ] ] ], [ [ [ 34.677780151191442, -20.34004020715674 ], [ 34.675933837634908, -20.340997695554108 ], [ 34.676048279063245, -20.338575362629818 ], [ 34.677780151191442, -20.34004020715674 ] ] ], [ [ [ 34.69688034112405, -20.172042846679354 ], [ 34.707366943398945, -20.179723740437531 ], [ 34.70794677679153, -20.184913635335278 ], [ 34.68676757803054, -20.181386948428241 ], [ 34.69688034112405, -20.172042846679354 ] ] ], [ [ [ 34.758403777841927, -19.869649886816987 ], [ 34.76045227068564, -19.880989075169801 ], [ 34.748622894261096, -19.879249573193384 ], [ 34.74967575126481, -19.876371383816419 ], [ 34.758403777841927, -19.869649886816987 ] ] ], [ [ [ 34.800559997753879, -19.776821135671341 ], [ 34.808113097849379, -19.781053543071003 ], [ 34.809524536136607, -19.783863068310396 ], [ 34.804191588778934, -19.783203125108621 ], [ 34.800559997753879, -19.776821135671341 ] ] ], [ [ [ 34.77490615807509, -19.768007277606436 ], [ 34.78901290930073, -19.776521682822072 ], [ 34.789974212622212, -19.782844542734161 ], [ 34.784061432220916, -19.784561156642425 ], [ 34.775276183580615, -19.769498825380886 ], [ 34.774181366008818, -19.783250809347756 ], [ 34.77490615807509, -19.768007277606436 ] ] ], [ [ [ 34.754772186301018, -19.762712479061854 ], [ 34.766574860055442, -19.767814636100759 ], [ 34.770236968674816, -19.78505134640676 ], [ 34.756275177371201, -19.768413544113983 ], [ 34.754772186301018, -19.762712479061854 ] ] ], [ [ [ 34.698837280217219, -19.755741119401016 ], [ 34.688953399980385, -19.751850127924975 ], [ 34.679153441778823, -19.739538193276921 ], [ 34.681449890301096, -19.738174437943904 ], [ 34.698837280217219, -19.755741119401016 ] ] ], [ [ [ 34.726055144809763, -19.733858109395101 ], [ 34.741119385332055, -19.737907410329569 ], [ 34.760227202604042, -19.751665114883998 ], [ 34.712402344000139, -19.74128341699997 ], [ 34.726055144809763, -19.733858109395101 ] ] ], [ [ [ 34.663360596059199, -19.714673995672264 ], [ 34.673450469608049, -19.714218140119044 ], [ 34.671909331994613, -19.725814818762814 ], [ 34.679664612276575, -19.737857819246862 ], [ 34.664470673327443, -19.727081298926755 ], [ 34.663360596059199, -19.714673995672264 ] ] ], [ [ [ 34.681724547634062, -19.712776184167872 ], [ 34.681343078604456, -19.729774475206163 ], [ 34.674274445093843, -19.722545623875746 ], [ 34.681724547634062, -19.712776184167872 ] ] ], [ [ [ 34.549484339703206, -16.807426003089802 ], [ 34.566803415374046, -16.806102404338397 ], [ 34.59357927992167, -16.82436813390629 ], [ 34.605225742162773, -16.847709017082749 ], [ 34.638170071210652, -16.879790840442958 ], [ 34.765961120426901, -16.914556317890209 ], [ 34.808362284866092, -16.941343646405741 ], [ 34.812550836362135, -16.98022856764139 ], [ 34.852521974005271, -17.015930357826647 ], [ 34.8552266160277, -17.034012954627457 ], [ 34.895834847854559, -17.055055660012464 ], [ 34.899741134151739, -17.078421329022042 ], [ 34.892420537219806, -17.103436746838966 ], [ 34.915698243115969, -17.128580002041893 ], [ 34.915599009003216, -17.156034799932222 ], [ 34.93333004598481, -17.174260467522906 ], [ 34.931834584348245, -17.212706720079396 ], [ 34.979084255629843, -17.279281114645698 ], [ 34.988594381131875, -17.337434959161428 ], [ 35.009960859210963, -17.376873023374984 ], [ 35.04343166381986, -17.390384009438442 ], [ 35.059789360414797, -17.420608162135757 ], [ 35.065061306386838, -17.459779187450231 ], [ 35.102301051241227, -17.504351589024573 ], [ 35.102651954236684, -17.534812215973261 ], [ 35.120234210070791, -17.556039894660017 ], [ 35.1474411607294, -17.567006606001812 ], [ 35.160331223305384, -17.599536618021538 ], [ 35.181865594043806, -17.616225058701133 ], [ 35.179099810320338, -17.65523968268532 ], [ 35.235058668348564, -17.692230819690828 ], [ 35.255818689102227, -17.68250008432144 ], [ 35.310106708933851, -17.702032286097591 ], [ 35.330923953187146, -17.691340298387104 ], [ 35.348655014467433, -17.697153615226036 ], [ 35.369414937318524, -17.740690363471323 ], [ 35.360293766337968, -17.765078308157101 ], [ 35.365001162350161, -17.784446404015242 ], [ 35.388931226000189, -17.793793859674167 ], [ 35.398201099774198, -17.809202519981149 ], [ 35.421104993806232, -17.816061017351181 ], [ 35.446614349328641, -17.838986164238428 ], [ 35.461736004090426, -17.899495496456112 ], [ 35.448632196319473, -17.930116319960291 ], [ 35.468114224916413, -17.94393244847452 ], [ 35.472741513651087, -17.961671758494901 ], [ 35.519651735357392, -17.99550067496174 ], [ 35.549406958291684, -18.006255690526011 ], [ 35.574428071081364, -18.003423471404737 ], [ 35.590560714049992, -18.024729353652006 ], [ 35.628361315869164, -18.025473243982049 ], [ 35.706003391695198, -18.044767085030422 ], [ 35.755355077043603, -18.075534876408476 ], [ 35.776740695806843, -18.080461331420054 ], [ 35.801277289757692, -18.101132116048824 ], [ 35.826126720515319, -18.10811458928621 ], [ 35.847699231677446, -18.130383642518311 ], [ 35.849850682501518, -18.175110498936057 ], [ 35.886323679994923, -18.210810413611078 ], [ 35.895440923772824, -18.247925460928641 ], [ 35.938841590632045, -18.263122480850583 ], [ 35.956297954052495, -18.288540395755518 ], [ 35.992881623952876, -18.301093959351533 ], [ 36.02460520912819, -18.346587585981133 ], [ 36.045933609913249, -18.350486035534885 ], [ 36.074773272533577, -18.370750588701505 ], [ 36.116983584090292, -18.465489370171099 ], [ 36.130430583669636, -18.510538584221074 ], [ 36.126253378455729, -18.52466365463679 ], [ 36.140764744562439, -18.545816964614041 ], [ 36.136278490924703, -18.587959505959262 ], [ 36.156145834228006, -18.591264799563682 ], [ 36.149420370318929, -18.599366777487617 ], [ 36.125135508562011, -18.600732326068851 ], [ 36.126531687152799, -18.616371761280618 ], [ 36.099771018782647, -18.627237308188072 ], [ 36.111634911187309, -18.658411296077304 ], [ 36.103574241822876, -18.68483238943606 ], [ 36.116510115314725, -18.700714066933436 ], [ 36.094109746033119, -18.705459261468519 ], [ 36.092118415897311, -18.714902043127601 ], [ 36.109158991259562, -18.728689569201066 ], [ 36.130407311913025, -18.716652962896774 ], [ 36.145315451711859, -18.717532229161904 ], [ 36.151140578240195, -18.736467398184686 ], [ 36.165564257749452, -18.728867039614983 ], [ 36.189429421195953, -18.767023487077061 ], [ 36.160574448517067, -18.773237252030398 ], [ 36.159130659817187, -18.793803916250518 ], [ 36.130741118672773, -18.809146880956632 ], [ 36.120773314601919, -18.823469161905138 ], [ 36.116783142293265, -18.843044281301324 ], [ 36.127319335883747, -18.876445770288889 ], [ 36.111339569330823, -18.914056778030734 ], [ 36.062282561656055, -18.921337128138752 ], [ 36.087322235198137, -18.905611037851955 ], [ 36.086521148797104, -18.895553589359437 ], [ 36.077640533349019, -18.896221160610871 ], [ 36.039962768931787, -18.911466599236974 ], [ 36.035629272338134, -18.927196502649316 ], [ 36.000926970668289, -18.9382171628246 ], [ 35.98345565781743, -18.934480666782164 ], [ 36.015552520997161, -18.908113479686151 ], [ 36.026660919031293, -18.856462479192885 ], [ 36.004138947019939, -18.9050121307381 ], [ 35.981605530236159, -18.904342651125283 ], [ 35.957477569599249, -18.918127060148485 ], [ 35.960041045722804, -18.944530487225023 ], [ 35.953186035372333, -18.952657700125556 ], [ 35.932868958201013, -18.960420609356454 ], [ 35.897006988846535, -18.95177078242849 ], [ 35.8924255365744, -18.943250655726018 ], [ 35.881641388184029, -18.963512421156373 ], [ 35.910488129368133, -18.963977814019998 ], [ 35.908958434728468, -18.969898223719106 ], [ 35.718650818225171, -19.085643767940574 ], [ 35.712463379126135, -19.100311278837538 ], [ 35.724342345966988, -19.098274230766243 ], [ 35.703018188183343, -19.115488052426777 ], [ 35.688842772820216, -19.117227554403193 ], [ 35.681636810344166, -19.107236862047564 ], [ 35.68359756532903, -19.117105484386613 ], [ 35.67487716680148, -19.123733521141077 ], [ 35.68596649201362, -19.132427216099138 ], [ 35.659584045221173, -19.144002913559625 ], [ 35.67203140338021, -19.15481758132227 ], [ 35.58461380034025, -19.235918045037707 ], [ 35.578361511128463, -19.247140883600892 ], [ 35.587116241275162, -19.245847701666108 ], [ 35.53260040274008, -19.302124023360982 ], [ 35.523551941422618, -19.299919127621656 ], [ 35.51489639300781, -19.323181151744784 ], [ 35.484546660753438, -19.349290847650472 ], [ 35.466472625864697, -19.383945464567546 ], [ 35.459651947133288, -19.38230896014641 ], [ 35.462635039728987, -19.371791840277197 ], [ 35.454132080185055, -19.374147414727361 ], [ 35.448516846428944, -19.388410567949336 ], [ 35.457729339591047, -19.395267486661183 ], [ 35.363765717067821, -19.495252608976713 ], [ 35.148483276421182, -19.67804717970516 ], [ 35.139804840260283, -19.681903838662777 ], [ 35.139808654854257, -19.670825958370841 ], [ 35.113704681334688, -19.705129622953343 ], [ 35.082897186064997, -19.714197158891359 ], [ 34.986675261562752, -19.795074463035611 ], [ 34.980888367013243, -19.795194625950785 ], [ 35.001476287609222, -19.774793624945453 ], [ 34.888893126625163, -19.850133895882216 ], [ 34.84139251715964, -19.84790229837197 ], [ 34.829673767239235, -19.836351395220312 ], [ 34.836189270027461, -19.825304030576163 ], [ 34.832992554271627, -19.796333313351333 ], [ 34.803863524890431, -19.765359878774994 ], [ 34.740619658878856, -19.731132507279007 ], [ 34.706809998191567, -19.731241226321131 ], [ 34.698497772263025, -19.723690032788355 ], [ 34.699386596853131, -19.704257964804839 ], [ 34.691478728599577, -19.691463470134622 ], [ 34.676601409882522, -19.700235367183616 ], [ 34.673683167399574, -19.712852477774767 ], [ 34.662250518801706, -19.714246749802825 ], [ 34.663372039942999, -19.727945328429364 ], [ 34.686882018845409, -19.752578735035797 ], [ 34.696109771703952, -19.757844924818627 ], [ 34.729339599897934, -19.761880875317317 ], [ 34.754394531337894, -19.78485488885724 ], [ 34.77571868912154, -19.836833953938985 ], [ 34.773891449286275, -19.859752654676477 ], [ 34.756950377613137, -19.861967086826752 ], [ 34.73986434871609, -19.881385803327326 ], [ 34.756278992336966, -19.890439987030909 ], [ 34.762500763055058, -19.90762329109721 ], [ 34.761363983116702, -19.963718413788904 ], [ 34.746551513776005, -20.024238585849389 ], [ 34.749393463172439, -20.030868530065952 ], [ 34.750785827738397, -20.020334243937569 ], [ 34.759132385285994, -20.081081389601785 ], [ 34.780967712324653, -20.139331817616672 ], [ 34.764095305688457, -20.170696259432134 ], [ 34.740688324341328, -20.155950546188087 ], [ 34.715660094672295, -20.157266616768332 ], [ 34.72437286425091, -20.151372909739344 ], [ 34.725193024373212, -20.143135071233864 ], [ 34.679756164749818, -20.175874709557554 ], [ 34.685188292940019, -20.178718567315372 ], [ 34.677490233821864, -20.186670302699653 ], [ 34.697975158661301, -20.183294296302101 ], [ 34.70739746095871, -20.191278457642085 ], [ 34.70171356216575, -20.19805908236814 ], [ 34.70887756338351, -20.194616318395745 ], [ 34.728073120312906, -20.211532593062032 ], [ 34.72511673038742, -20.220487595033809 ], [ 34.717952728270461, -20.222591399780576 ], [ 34.718124389963236, -20.225706100063782 ], [ 34.724746704331579, -20.222547530851202 ], [ 34.728343963737572, -20.214050292794106 ], [ 34.742488860607011, -20.215799332080842 ], [ 34.729198456378306, -20.229793549340158 ], [ 34.725475310771557, -20.248674393016145 ], [ 34.736644744893695, -20.227949142346361 ], [ 34.739616393616259, -20.232368469336762 ], [ 34.711246490068106, -20.301967621216122 ], [ 34.674648285324707, -20.331167221297534 ], [ 34.653274536225474, -20.325517654123807 ], [ 34.678951263424672, -20.345304489218123 ], [ 34.691375732039056, -20.335735321335328 ], [ 34.706241608198276, -20.374544144204258 ], [ 34.687873840340124, -20.385532379323216 ], [ 34.68121337942852, -20.378595351701456 ], [ 34.682987213024084, -20.385227203380033 ], [ 34.666267395258679, -20.401391982960959 ], [ 34.661941527614047, -20.387773514143696 ], [ 34.644630431683723, -20.403593062876894 ], [ 34.655742644641961, -20.399738312280661 ], [ 34.659641265966314, -20.423383712895408 ], [ 34.66418838482074, -20.413814545012613 ], [ 34.675712585302186, -20.424001693730531 ], [ 34.671268463103679, -20.444786072126853 ], [ 34.687500000259455, -20.446762085009595 ], [ 34.69273376498586, -20.4347953803099 ], [ 34.705184937169733, -20.434877395782536 ], [ 34.718418121134, -20.472091674798335 ], [ 34.687026978446887, -20.515106200597977 ], [ 34.664180755871797, -20.512029647757402 ], [ 34.674381256194607, -20.517004012943744 ], [ 34.662887573307479, -20.55211067228857 ], [ 34.668647766086146, -20.578140259284439 ], [ 34.685802460020142, -20.608421325602592 ], [ 34.673484802086598, -20.580045699668226 ], [ 34.676040649261211, -20.567667007445323 ], [ 34.686008453332065, -20.568672179696271 ], [ 34.673839569345276, -20.561309814115525 ], [ 34.681846619330635, -20.546010971048382 ], [ 34.678588866587511, -20.53167915278955 ], [ 34.694026947190473, -20.538936615151563 ], [ 34.684623717715048, -20.520071030272739 ], [ 34.706657410016049, -20.53448104908 ], [ 34.70832824695561, -20.519260405662102 ], [ 34.741596221692937, -20.511924743650937 ], [ 34.751506804599984, -20.531757355136726 ], [ 34.738506316617844, -20.54171180697324 ], [ 34.773731232315122, -20.551286697242155 ], [ 34.787052155037514, -20.564712524082651 ], [ 34.787128448124029, -20.582233429148289 ], [ 34.809467316368213, -20.583896637138999 ], [ 34.850173949772625, -20.633558273414465 ], [ 34.836769104115497, -20.640367508272739 ], [ 34.827156067303321, -20.635128021160121 ], [ 34.833259582568346, -20.642704009901003 ], [ 34.849414824838952, -20.641611098892021 ], [ 34.848129271853026, -20.657075882165103 ], [ 34.835498809926726, -20.647346497361866 ], [ 34.846992492813946, -20.669439315590843 ], [ 34.820236205940738, -20.672082900624304 ], [ 34.815258025841835, -20.685060500860345 ], [ 34.795158385855487, -20.688257216616179 ], [ 34.807758331086745, -20.690713882058901 ], [ 34.846115112427114, -20.677722931387081 ], [ 34.854763030993695, -20.686767577780344 ], [ 34.852394104309106, -20.698106766133243 ], [ 34.85597991894268, -20.707435608185691 ], [ 34.855548858597572, -20.675901413038659 ], [ 34.889236449806958, -20.645483016646793 ], [ 34.90443038875609, -20.650831222801628 ], [ 34.898239135632224, -20.67376518233619 ], [ 34.873687743599149, -20.692420958978985 ], [ 34.891189574943517, -20.732036590635076 ], [ 34.873542786375147, -20.752313613801121 ], [ 34.89744949310424, -20.729957581096414 ], [ 34.889579773192594, -20.699712752960053 ], [ 34.895309448376942, -20.69401741029413 ], [ 34.92754363983174, -20.685096740840784 ], [ 34.923965454147009, -20.701860428434941 ], [ 34.927307128925499, -20.710607528733327 ], [ 34.94604873686432, -20.70608902001112 ], [ 34.953590393086778, -20.718755721917951 ], [ 34.948333739714897, -20.703248978076786 ], [ 34.926704406887531, -20.706247330368925 ], [ 34.933303832610406, -20.686933517087084 ], [ 34.949737549053275, -20.688468933213592 ], [ 34.977478026993971, -20.701019287129263 ], [ 34.989101410106592, -20.717884063917325 ], [ 34.987457274937874, -20.727901459303766 ], [ 34.995189666574454, -20.711727142412606 ], [ 35.007110595781953, -20.751682280731565 ], [ 34.971500397030333, -20.764562606697815 ], [ 34.96134567336874, -20.756948471413764 ], [ 34.971355438007677, -20.767555236603741 ], [ 34.987850188739813, -20.758855820158843 ], [ 35.007492064811565, -20.762479782235047 ], [ 35.010021210215335, -20.773992537944167 ], [ 35.013999938650855, -20.760564803641657 ], [ 35.025974274098047, -20.789489746273659 ], [ 34.988529204763573, -20.792972565150691 ], [ 34.964817046574069, -20.811056137349752 ], [ 35.003562927028256, -20.798889159727189 ], [ 35.000217438225022, -20.814264296780131 ], [ 35.011447905737057, -20.818441391377362 ], [ 35.019973754825742, -20.840284348264326 ], [ 35.009387969919672, -20.849897385076588 ], [ 35.022232055905476, -20.844615935597233 ], [ 35.030364990292938, -20.817125319897926 ], [ 35.044868469345261, -20.861530303700881 ], [ 35.062957763930527, -20.88498115487667 ], [ 35.047290802269551, -20.905210495088603 ], [ 35.058998108316906, -20.904207230299754 ], [ 35.069423676302449, -20.916315079097906 ], [ 35.04264450078395, -20.938585281405864 ], [ 35.056682586972642, -20.946283339624742 ], [ 35.052013396841666, -20.972360611373375 ], [ 34.999104160269603, -20.991489006033071 ], [ 34.954402615129375, -20.991664381925993 ], [ 34.931738987305252, -21.010466026806011 ], [ 34.91586952080258, -21.010179906597685 ], [ 34.91459154100761, -21.022901275593679 ], [ 34.89657054813312, -21.019302253516518 ], [ 34.859357338411314, -21.049400523635512 ], [ 34.822384509378459, -21.058463709552825 ], [ 34.817139147894181, -21.077360753616151 ], [ 34.799163922417918, -21.078026347258398 ], [ 34.756388714308564, -21.131444580323414 ], [ 34.708231012492107, -21.119056875994339 ], [ 34.697328421610187, -21.102654483837661 ], [ 34.658158333880827, -21.089498176619873 ], [ 34.643948269437921, -21.099635192630299 ], [ 34.63468600419656, -21.095456383925274 ], [ 34.575636991694601, -21.135973926775623 ], [ 34.536035805848577, -21.135136559924565 ], [ 34.513673573217694, -21.142216232613368 ], [ 34.493214869911114, -21.167401456931948 ], [ 34.460819796936924, -21.165969041958025 ], [ 34.451378199684989, -21.1773000078094 ], [ 34.447578605409156, -21.209318952827697 ], [ 34.416690295261745, -21.238389228600333 ], [ 34.395792939533401, -21.243830575740756 ], [ 34.38688919801892, -21.266463921593019 ], [ 34.35020244063093, -21.290199600651331 ], [ 34.342607172224092, -21.310738787885079 ], [ 34.318520664937537, -21.315880688663128 ], [ 34.298065882675154, -21.297281117849568 ], [ 34.281875976935652, -21.295946005923753 ], [ 34.277862867418243, -21.281807534710232 ], [ 34.244765927546382, -21.259235130517155 ], [ 34.217600888910695, -21.267768119323541 ], [ 34.207163591966996, -21.296340646423943 ], [ 34.172952637595024, -21.314663548004646 ], [ 34.15262752138387, -21.310847091440447 ], [ 34.139996784264994, -21.316923570386773 ], [ 34.120564380082939, -21.291053555497456 ], [ 34.098701904310268, -21.28953152038369 ], [ 34.076660101922975, -21.300770910969028 ], [ 34.047339743575158, -21.297776460835308 ], [ 34.009630653072996, -21.310917348277329 ], [ 34.011938730728666, -21.255044392305148 ], [ 34.036155015582317, -21.219233874064351 ], [ 34.043937294411407, -21.163940739793578 ], [ 34.100731762301827, -21.128000601366995 ], [ 34.111768039204492, -21.07462998920289 ], [ 33.99127471759499, -21.000697013376794 ], [ 33.893463873059858, -21.000872268882901 ], [ 33.903176626831787, -20.863910633893482 ], [ 33.898503694189976, -20.795198072010827 ], [ 33.845066456525018, -20.739321212057682 ], [ 33.810882252235466, -20.740347239756574 ], [ 33.724256418327535, -20.706010807337719 ], [ 33.720975859724099, -20.645198094998833 ], [ 33.667633918993666, -20.620031801244835 ], [ 33.647598778749135, -20.595761988005371 ], [ 33.663975751323996, -20.536986269214985 ], [ 33.605819512239187, -20.533661805581097 ], [ 33.472382780182599, -20.416270230592559 ], [ 33.495481405241847, -20.349299082241679 ], [ 33.468488146550378, -20.312456665923051 ], [ 33.47200923002832, -20.293330765851181 ], [ 33.513735294518412, -20.270094823391375 ], [ 33.492490861562487, -20.24981498452032 ], [ 33.458474707740692, -20.168960850287036 ], [ 33.384601775785626, -20.092554344888391 ], [ 33.387165340424062, -20.077534756315444 ], [ 33.411751582538983, -20.069829518715302 ], [ 33.423470612901639, -20.052181759441901 ], [ 33.454492362808118, -20.051743157952195 ], [ 33.476648696368848, -20.000642257204859 ], [ 33.494314930533108, -19.995582360628461 ], [ 33.509356568268025, -20.003777845276716 ], [ 33.51249997613882, -19.989652759170887 ], [ 33.535525958397493, -19.989065374828833 ], [ 33.550052686617825, -19.961221464671119 ], [ 33.569504220067202, -19.962672922744233 ], [ 33.59302614931682, -19.950933849425745 ], [ 33.59991569948869, -19.922450995298036 ], [ 33.626229951921559, -19.94994024192254 ], [ 33.651205320658875, -19.933814496967187 ], [ 33.676569751724585, -19.936810839443453 ], [ 33.717689111470719, -19.979096562041931 ], [ 33.748878673384063, -19.995291086252024 ], [ 33.762867459290767, -19.992620965509111 ], [ 33.793442987969989, -19.946379755301983 ], [ 33.828569476253044, -19.928806428046997 ], [ 33.820230560015077, -19.850145708895631 ], [ 33.833029252179472, -19.796922026776812 ], [ 33.849715138738055, -19.770191958321796 ], [ 33.832811925260074, -19.746650742737515 ], [ 33.831961280962233, -19.724578142732163 ], [ 33.810407889549175, -19.686797394679445 ], [ 33.769021433292799, -19.671270392690232 ], [ 33.769017657850178, -19.654059374651659 ], [ 33.742173157976595, -19.623358327752705 ], [ 33.747490972562879, -19.615212477079162 ], [ 33.73754204699452, -19.612162765150302 ], [ 33.749879062191148, -19.597387330635563 ], [ 33.935784477510232, -19.599111862482133 ], [ 33.935464495206382, -19.394420169571269 ], [ 33.943170410473158, -19.362797998845593 ], [ 33.937749626655247, -19.357829604788272 ], [ 33.938119888666073, -19.254491054502147 ], [ 34.047524467450998, -18.952787461089308 ], [ 34.05869795256956, -18.947943072581722 ], [ 34.034317784126102, -18.922036873960302 ], [ 34.02869097947908, -18.927707111580716 ], [ 34.017357298506155, -18.921119454579483 ], [ 34.012050926353901, -18.930766305083324 ], [ 33.980331139755947, -18.901264930003684 ], [ 33.947066340366426, -18.885379396227457 ], [ 33.942984558230407, -18.873056658926401 ], [ 33.927893329360558, -18.86426230901197 ], [ 33.922510749752313, -18.833080701859387 ], [ 33.897993283831376, -18.791512186494863 ], [ 33.885129883268874, -18.782775059084678 ], [ 33.841404930669974, -18.78665622302416 ], [ 33.80740771872123, -18.760042420759504 ], [ 33.806259505849155, -18.744164580921741 ], [ 33.734305318758153, -18.704032133924109 ], [ 33.723410365731198, -18.684368389352194 ], [ 33.738055359813437, -18.649259804141316 ], [ 33.730082565775398, -18.610031521183771 ], [ 33.775196111996252, -18.598067445425052 ], [ 33.778274802966145, -18.519202770153953 ], [ 33.812325461862471, -18.526799402295516 ], [ 33.859270110541694, -18.509598028779095 ], [ 33.874708472366187, -18.523643028198045 ], [ 33.885191482960529, -18.518520181889464 ], [ 33.869070292214985, -18.497040731050078 ], [ 33.865995644444915, -18.46847969648735 ], [ 33.872480769250259, -18.464422993942001 ], [ 33.865412019490861, -18.451636794595316 ], [ 33.85239220145889, -18.44855465801745 ], [ 33.8611395262879, -18.426011012356817 ], [ 33.859255069669857, -18.406106976845926 ], [ 33.84211525515498, -18.422211739402172 ], [ 33.832070972033833, -18.413936174482885 ], [ 33.836236758760606, -18.388613661629719 ], [ 33.846040751085781, -18.377860620947395 ], [ 33.82834785019687, -18.367431759737762 ], [ 33.820165236203202, -18.330896518719975 ], [ 33.827459151911064, -18.29866405768108 ], [ 33.81263494342889, -18.29677966934149 ], [ 33.805291525502881, -18.286102886622494 ], [ 33.833669667088841, -18.268579155491608 ], [ 33.850904890962795, -18.232940371951315 ], [ 33.90370522221987, -18.212653086718866 ], [ 33.949986245675881, -18.1237220690643 ], [ 33.982152400945189, -18.133674143047699 ], [ 33.999624064836929, -18.134555323805571 ], [ 34.008562099978548, -18.125154521180512 ], [ 34.027529148529766, -18.129388644501802 ], [ 34.02938688048328, -18.160200220110404 ], [ 34.048201332103147, -18.167400112143909 ], [ 34.043158157332734, -18.188507603711827 ], [ 34.050822032004149, -18.191789989955254 ], [ 34.059454803163668, -18.222447092967542 ], [ 34.074034878024172, -18.218687936596467 ], [ 34.11992652197403, -18.262747334876742 ], [ 34.151280162557228, -18.257513907758316 ], [ 34.188375161681819, -18.191883701785727 ], [ 34.243471913347925, -18.208333808867927 ], [ 34.254046446893973, -18.218598631603115 ], [ 34.291057683034985, -18.072030593852432 ], [ 34.281776471196267, -18.005198745761234 ], [ 34.263206207901078, -17.976370679312751 ], [ 34.291820901128958, -17.94033902965149 ], [ 34.277092086671281, -17.925895424911431 ], [ 34.278003841041951, -17.914163953377304 ], [ 34.24840503855723, -17.89887541168973 ], [ 34.240157533314743, -17.880520056889807 ], [ 34.220721257243746, -17.881387818558373 ], [ 34.209246439130006, -17.870068290141639 ], [ 34.185114175641864, -17.871206872164528 ], [ 34.196127490406113, -17.840141663251785 ], [ 34.208560022290904, -17.747754675801808 ], [ 34.202467881374275, -17.720744244168607 ], [ 34.160757191099776, -17.695721099108219 ], [ 34.163049990147911, -17.634858973621981 ], [ 34.138952139411884, -17.595800439248421 ], [ 34.18977660337891, -17.477913662481548 ], [ 34.202796541029237, -17.419010307771643 ], [ 34.186843226721329, -17.382602866487765 ], [ 34.20591726123353, -17.296853138414029 ], [ 34.231388567180367, -17.265179557194799 ], [ 34.210552316298624, -17.242078963308053 ], [ 34.174449326134528, -17.226500518884528 ], [ 34.266793874868675, -17.058600154469609 ], [ 34.312323254629575, -17.029779851607344 ], [ 34.469987936045442, -16.987988567494305 ], [ 34.535846408844627, -16.870145729606278 ], [ 34.509280328108659, -16.867734926917336 ], [ 34.508532668891277, -16.847800401409167 ], [ 34.531791391614099, -16.822262431269678 ], [ 34.541149074719826, -16.798704158185188 ], [ 34.549484339703206, -16.807426003089802 ] ] ] ] } },
{ "type": "Feature", "properties": { "loc": "MZ-A1-0010" }, "geometry": { "type": "Polygon", "coordinates": [ [ [ 33.347167969132165, -14.216067314174021 ], [ 33.379219055021046, -14.215814590289979 ], [ 33.381931305091364, -14.234214783204548 ], [ 33.446758270183743, -14.345376015309698 ], [ 33.448310851670136, -14.361470222391672 ], [ 33.474262238117483, -14.397471428382593 ], [ 33.536819458257071, -14.427251816037325 ], [ 33.564868927064971, -14.471067429137376 ], [ 33.613059998226049, -14.501203537332243 ], [ 33.629875182799154, -14.531623840286835 ], [ 33.631351471199125, -14.563335418613478 ], [ 33.64493179257385, -14.58316612173798 ], [ 33.680446625417147, -14.604950905079052 ], [ 33.713191986126958, -14.571812629667937 ], [ 33.700885772965741, -14.534071921700688 ], [ 33.710037230939115, -14.49874019622195 ], [ 33.72022247309431, -14.49075221995786 ], [ 33.742843627815446, -14.496381759724388 ], [ 33.804660796742638, -14.543326377724155 ], [ 33.855812072753224, -14.504056931096445 ], [ 33.879135132064988, -14.511056899570198 ], [ 33.879936217566652, -14.491073607574913 ], [ 33.923679351605017, -14.468987465013418 ], [ 33.937141418425952, -14.465370177705507 ], [ 33.959980011152822, -14.475348473267415 ], [ 34.074253081898519, -14.485035895704003 ], [ 34.093124390062833, -14.450160979959216 ], [ 34.162986754619276, -14.43801498371853 ], [ 34.20322036711049, -14.440128325775616 ], [ 34.230182648194898, -14.427459717306059 ], [ 34.261371613393479, -14.430081366975502 ], [ 34.304386138657996, -14.400349617397092 ], [ 34.340476989969773, -14.398391724054973 ], [ 34.358898163168341, -14.389255523979385 ], [ 34.387874602779377, -14.399677277040903 ], [ 34.414916991874321, -14.429161071882126 ], [ 34.424285888831321, -14.455378531750009 ], [ 34.441249847351187, -14.468825339773785 ], [ 34.456703185852021, -14.509682654586966 ], [ 34.492938995287084, -14.550436020362236 ], [ 34.515804290684159, -14.560368537734016 ], [ 34.523307800363355, -14.581980705201582 ], [ 34.533679962109197, -14.588666916401218 ], [ 34.545127868604943, -14.642447471929467 ], [ 34.515525818310557, -14.684414864010977 ], [ 34.543476104722828, -14.750861168312392 ], [ 34.578319549591932, -14.803765296735174 ], [ 34.570251465317213, -14.822351455959028 ], [ 34.573951721379217, -14.861173630163018 ], [ 34.561134338063617, -14.890083313098492 ], [ 34.616207123144648, -15.002495765671144 ], [ 34.604122162092509, -15.017856598107661 ], [ 34.601718902889488, -15.037599564272599 ], [ 34.576847076116067, -15.063035964742079 ], [ 34.572822571288988, -15.083306313139923 ], [ 34.590007781918018, -15.087697983279382 ], [ 34.571754456126179, -15.126168250657026 ], [ 34.581375121887291, -15.162235260041969 ], [ 34.580577850410457, -15.205625534283753 ], [ 34.600627899081218, -15.235283851561212 ], [ 34.604114531982987, -15.267202377380597 ], [ 34.574222565442035, -15.305247307110294 ], [ 34.573478699305525, -15.322003364856142 ], [ 34.555702208712923, -15.335279465367792 ], [ 34.540100098064066, -15.327669144108482 ], [ 34.523963927716075, -15.348291397222981 ], [ 34.514617920303735, -15.398999213935307 ], [ 34.472183227896593, -15.424144744876857 ], [ 34.459339141910874, -15.448901176041209 ], [ 34.463798522906451, -15.464060783371194 ], [ 34.430171966909505, -15.466268539169016 ], [ 34.426925658938799, -15.499438286355096 ], [ 34.453739166076446, -15.606326102874581 ], [ 34.433097839240681, -15.617286682041966 ], [ 34.433475494245457, -15.654921531710555 ], [ 34.389328003431388, -15.683026314220252 ], [ 34.372856140445265, -15.726575851201831 ], [ 34.302604675212343, -15.758489608815653 ], [ 34.27191162137099, -15.794184684682746 ], [ 34.250186919937185, -15.841146468941682 ], [ 34.261016845562452, -15.86435222565772 ], [ 34.254329681081451, -15.878783225648442 ], [ 34.263317108109561, -15.886611938273367 ], [ 34.253574371071892, -15.893003464121593 ], [ 34.25423812919778, -15.907687187097077 ], [ 34.281921386874039, -15.927733420843728 ], [ 34.304462432606663, -15.925969123659202 ], [ 34.322448729636648, -15.938180923294 ], [ 34.330932617257957, -15.956787108621208 ], [ 34.362689971976081, -15.967202186914433 ], [ 34.384208679198679, -16.015853881834197 ], [ 34.419372558808035, -16.033443451037499 ], [ 34.42511367786544, -16.0513153084378 ], [ 34.436290740936428, -16.05886077868508 ], [ 34.39253997794912, -16.127725600838886 ], [ 34.404258727869532, -16.162099837920252 ], [ 34.399562835967622, -16.185268401798325 ], [ 34.431838988818818, -16.264551163417188 ], [ 34.500385283694378, -16.297885894829903 ], [ 34.528621673891671, -16.281534194758954 ], [ 34.573207854899067, -16.321090697789131 ], [ 34.572578430190894, -16.345863341931377 ], [ 34.588806152422556, -16.361412048139194 ], [ 34.584148407063822, -16.389635086102054 ], [ 34.594215392866566, -16.411165237197615 ], [ 34.653366089014291, -16.450664519963354 ], [ 34.669281006353835, -16.444190978642496 ], [ 34.677658080596473, -16.455402374231909 ], [ 34.678756713991667, -16.491409301709581 ], [ 34.687358856166775, -16.499637603804111 ], [ 34.708293915072673, -16.497041701724861 ], [ 34.757625580196851, -16.510852814317637 ], [ 34.784965515386759, -16.554100036998776 ], [ 34.781307219892845, -16.585540771001476 ], [ 34.846443175852428, -16.609817504685779 ], [ 34.857761383021959, -16.633625030582436 ], [ 34.860832214375691, -16.673530579384455 ], [ 34.880435943904189, -16.686059952116764 ], [ 34.91216278102808, -16.691879271722691 ], [ 34.924373627381513, -16.744359969648585 ], [ 34.961284637016945, -16.738443374873583 ], [ 34.983501433984486, -16.746589660596101 ], [ 34.996417998881256, -16.792640685598492 ], [ 35.027248382796415, -16.803949356356988 ], [ 35.039291382381187, -16.822927475202135 ], [ 35.064365386643047, -16.82760810920616 ], [ 35.072414398095773, -16.818614959791844 ], [ 35.115554810096171, -16.814926146703613 ], [ 35.155979156202868, -16.831892013584863 ], [ 35.160663605131006, -16.853202820033445 ], [ 35.150085449173872, -16.875753403076388 ], [ 35.166744231750648, -16.936229706215315 ], [ 35.150070190376717, -16.940921783193019 ], [ 35.130687713856666, -16.968116760259555 ], [ 35.062602996920532, -16.996505736629786 ], [ 35.059055327930757, -17.038063048650102 ], [ 35.073551178034222, -17.063453673627471 ], [ 35.103084563847752, -17.086465835735609 ], [ 35.080001830709705, -17.099906921146783 ], [ 35.094253539715261, -17.123004912752386 ], [ 35.29562808831178, -17.123764427092517 ], [ 35.289931384971617, -17.140489465422348 ], [ 35.305777953835658, -17.142322353899345 ], [ 35.304965368702966, -17.164202273821786 ], [ 35.291384755947895, -17.173091922959749 ], [ 35.309832963666508, -17.195780546540895 ], [ 35.30454185636772, -17.204702632426375 ], [ 35.313746898646627, -17.208902402529702 ], [ 35.295352013530788, -17.233280785685601 ], [ 35.305114009550067, -17.240003843008814 ], [ 35.292307787720425, -17.253627276983075 ], [ 35.293795515496861, -17.27265205535398 ], [ 35.31489883396025, -17.280065554587502 ], [ 35.326045526925697, -17.323281854080186 ], [ 35.338302376993745, -17.334177969682777 ], [ 35.345741141357166, -17.359563423812666 ], [ 35.314093709629134, -17.394719634048087 ], [ 35.320990815859012, -17.397963870790448 ], [ 35.318690467993399, -17.419469971749905 ], [ 35.344997132583558, -17.430364204368502 ], [ 35.332869927109591, -17.451132185324347 ], [ 35.338603514253229, -17.461507613013531 ], [ 35.331900924733205, -17.478508792627245 ], [ 35.344661302617943, -17.501958403892196 ], [ 35.325427117913613, -17.552420288509389 ], [ 35.331412467964661, -17.569436748569437 ], [ 35.318289605203056, -17.59053277627816 ], [ 35.327528960617848, -17.606019630898388 ], [ 35.318789278556771, -17.624409284164244 ], [ 35.337393840038743, -17.675437689505991 ], [ 35.330840041445413, -17.684119463650738 ], [ 35.313269191993101, -17.683060912201313 ], [ 35.321943962864331, -17.697367181605017 ], [ 35.316935155740694, -17.701803428112321 ], [ 35.284704135663723, -17.696516486585082 ], [ 35.263886935817489, -17.68321722264119 ], [ 35.235058668348564, -17.692230819690828 ], [ 35.179099810320338, -17.65523968268532 ], [ 35.181865594043806, -17.616225058701133 ], [ 35.160331223305384, -17.599536618021538 ], [ 35.1474411607294, -17.567006606001812 ], [ 35.120234210070791, -17.556039894660017 ], [ 35.102651954236684, -17.534812215973261 ], [ 35.102301051241227, -17.504351589024573 ], [ 35.065061306323955, -17.459779187738626 ], [ 35.059789359980741, -17.420608162016386 ], [ 35.043431664129741, -17.390384009293939 ], [ 35.009960858996202, -17.376873022950967 ], [ 34.988594380915693, -17.337434958835644 ], [ 34.979084255323869, -17.279281114411219 ], [ 34.931834584588138, -17.212706719818542 ], [ 34.933330045634868, -17.174260467625757 ], [ 34.915599008577161, -17.156034799845443 ], [ 34.915698243369008, -17.128580002344584 ], [ 34.892420536867995, -17.103436746687798 ], [ 34.899741134335592, -17.078421328760655 ], [ 34.895834848089478, -17.055055659570328 ], [ 34.855226615805392, -17.034012954513592 ], [ 34.852521973999671, -17.01593035807889 ], [ 34.812550836741472, -16.980228567873468 ], [ 34.808362284931995, -16.941343646703636 ], [ 34.76596112015006, -16.914556317931421 ], [ 34.673796218161478, -16.89431838559674 ], [ 34.634534595635579, -16.877610853469797 ], [ 34.574177365433592, -16.810189642849416 ], [ 34.546413449361722, -16.806039430786782 ], [ 34.518512241886988, -16.779389450974058 ], [ 34.493063886729516, -16.778657026012667 ], [ 34.488982131960313, -16.749849993494074 ], [ 34.461145769202375, -16.726909606504847 ], [ 34.359276030305118, -16.73791614372675 ], [ 34.322902209110175, -16.712711842988881 ], [ 34.280138618443026, -16.700213594893221 ], [ 34.253183402432562, -16.713945711037418 ], [ 34.210660118710067, -16.715021324486216 ], [ 34.173473753751296, -16.688346536874924 ], [ 34.129443750369269, -16.626692872789576 ], [ 34.089514524216412, -16.621785463939709 ], [ 34.069883727792352, -16.606481699782364 ], [ 34.048448494635096, -16.617541774417347 ], [ 34.010888236381511, -16.616366847241174 ], [ 33.9965523402728, -16.604011692644782 ], [ 33.998539886387157, -16.577447594922923 ], [ 33.957115264392833, -16.575481154658348 ], [ 33.918845515585382, -16.543660622752299 ], [ 33.885485408726126, -16.496570701943902 ], [ 33.848119760607567, -16.465364306332212 ], [ 33.814057756892026, -16.406861438031321 ], [ 33.792973538321945, -16.388479382373426 ], [ 33.738803731912839, -16.402001650681889 ], [ 33.714618007820931, -16.43477187854554 ], [ 33.697073887655939, -16.422788632615507 ], [ 33.626241155510996, -16.433793309140121 ], [ 33.587647111431131, -16.42483300836286 ], [ 33.557514210218763, -16.428485328761155 ], [ 33.516684649383187, -16.450981202446791 ], [ 33.501265286370021, -16.477261093251094 ], [ 33.470594494346564, -16.485101720094519 ], [ 33.456842170435976, -16.520139680228318 ], [ 33.435406942782322, -16.528785180517858 ], [ 33.437714801886941, -16.570200994859889 ], [ 33.446454414430029, -16.587543584148889 ], [ 33.435700564220063, -16.590038240552211 ], [ 33.422200027999281, -16.617990790322516 ], [ 33.393314523336969, -16.639393835736719 ], [ 33.396545599490182, -16.6585883494526 ], [ 33.377006304587674, -16.67249975533931 ], [ 33.372340801677005, -16.690805479868857 ], [ 33.340128844161164, -16.69659581612386 ], [ 33.32601034149446, -16.710747545142901 ], [ 33.287873870672989, -16.804156687061322 ], [ 33.285932050913779, -16.855549298840877 ], [ 33.245110082154952, -16.895999977996382 ], [ 33.215080051693434, -16.96444140292828 ], [ 33.218135644934442, -16.98451516132549 ], [ 33.145448852472938, -17.035413672083166 ], [ 33.142725031725227, -17.071596011426585 ], [ 33.131738478338448, -17.07458273728335 ], [ 33.129289361804958, -17.090714210472235 ], [ 33.11873768009027, -17.100044433883355 ], [ 33.104535270676593, -17.104139262097107 ], [ 33.114487965237807, -17.128702689757169 ], [ 33.127732839489298, -17.137743056276825 ], [ 33.091076596098411, -17.180459556643072 ], [ 33.090851406757373, -17.238579038871386 ], [ 33.073665831003694, -17.24942932518303 ], [ 33.065238928024456, -17.283021619731812 ], [ 33.049296950983852, -17.301981515614266 ], [ 33.052215159292544, -17.347547519682131 ], [ 33.031864678602432, -17.362425672486651 ], [ 33.045261382697021, -17.34697151200546 ], [ 32.997409820896927, -17.308572769197731 ], [ 32.989986420127551, -17.197204589599927 ], [ 32.966506957920174, -17.131643294782073 ], [ 32.938014983994655, -17.068572997925372 ], [ 32.836101531750685, -16.926963806014683 ], [ 32.844772338962649, -16.915782928019588 ], [ 32.912212372393448, -16.894224166791716 ], [ 32.966686248561885, -16.77251815796641 ], [ 32.978549956621293, -16.707206726435508 ], [ 32.923297881797922, -16.701337813715348 ], [ 32.893379210788019, -16.720174789361231 ], [ 32.842765807602028, -16.698940276898448 ], [ 32.825531005657496, -16.709138870388784 ], [ 32.769763946654905, -16.709411621275549 ], [ 32.709182739398059, -16.685539246165519 ], [ 32.702342986945375, -16.676765442297551 ], [ 32.709159850823909, -16.599966048747476 ], [ 32.487659454197924, -16.499418259298615 ], [ 32.344177246060504, -16.44917297380708 ], [ 32.274383544742271, -16.434232712023444 ], [ 32.037544250144499, -16.44236755387292 ], [ 31.913484572586569, -16.412868500428338 ], [ 31.907258986944274, -16.397651671934547 ], [ 31.911146164395575, -16.373159409426655 ], [ 31.8937892911744, -16.336469650101648 ], [ 31.851949691856372, -16.317815780920952 ], [ 31.848493575649549, -16.309513092302822 ], [ 31.835851668950919, -16.312561035011178 ], [ 31.825399399194453, -16.294305801119258 ], [ 31.814931869741546, -16.294855117816809 ], [ 31.816120147558312, -16.277441025230566 ], [ 31.770807265774291, -16.236705779895289 ], [ 31.73313903776792, -16.228399277252237 ], [ 31.691698073738671, -16.201684951846488 ], [ 31.545131682912452, -16.184225081969394 ], [ 31.499252319070813, -16.170701980859192 ], [ 31.481414795088313, -16.156904221400126 ], [ 31.430591582766919, -16.156358718727319 ], [ 31.426652908336671, -16.135200500250328 ], [ 31.404533385638832, -16.137151717924873 ], [ 31.348709106371718, -16.080095291012334 ], [ 31.3337993621824, -16.048442841311505 ], [ 31.307332993354496, -16.027153015146922 ], [ 31.246891021834809, -16.008480072244957 ], [ 31.244653701938351, -16.000000000447123 ], [ 31.215379715333157, -16.007564545314956 ], [ 31.189908981445878, -16.004196166966977 ], [ 31.178256989100316, -15.990429878383596 ], [ 31.140485764438029, -15.982319831742233 ], [ 31.101816177165308, -15.995541572868001 ], [ 31.072393416613352, -16.016229630275895 ], [ 31.064315795927687, -15.999999999682936 ], [ 31.053649902111712, -16.013046264955832 ], [ 31.030570983554494, -16.018838881891554 ], [ 31.020292282053617, -16.044551849071276 ], [ 30.982105254944013, -16.0589771266757 ], [ 30.957201004013545, -16.038669585915336 ], [ 30.949874878413329, -16.01631164574853 ], [ 30.922491074294044, -15.999999999682936 ], [ 30.42459487914083, -15.999999999682936 ], [ 30.425149918224591, -15.628269196149171 ], [ 30.390068053897799, -15.575579643373418 ], [ 30.365825652731925, -15.553364753867884 ], [ 30.40136146495994, -15.472707747651972 ], [ 30.381669997572601, -15.421412467698838 ], [ 30.385694504105786, -15.381306647610151 ], [ 30.371156693434319, -15.333537102181973 ], [ 30.318172455202351, -15.278908729680564 ], [ 30.279628754271336, -15.251152038762063 ], [ 30.255928039954792, -15.214232445097677 ], [ 30.257247924559781, -15.180730820197665 ], [ 30.22942924517119, -15.136615752641271 ], [ 30.232698440887994, -15.113019943342112 ], [ 30.221412658774881, -15.096517562761759 ], [ 30.220617293860684, -15.06251525919833 ], [ 30.234302521152166, -15.0381813052495 ], [ 30.217319488910942, -14.99723339093473 ], [ 30.364549636963854, -14.959811211144915 ], [ 30.516574860449129, -14.88839816986607 ], [ 30.798507690385289, -14.783794402915797 ], [ 31.078456879277226, -14.717469215213709 ], [ 31.266794205283986, -14.658801079088148 ], [ 31.4724731446811, -14.62022113755568 ], [ 31.683305740029098, -14.506426811008756 ], [ 31.810825347872772, -14.478337288195499 ], [ 31.947725295647121, -14.412844658414505 ], [ 32.056259154797431, -14.38879108430138 ], [ 32.242332458190447, -14.323002814891341 ], [ 32.451156615599373, -14.28281784133363 ], [ 32.678077698183593, -14.189785003804547 ], [ 33.230392455803539, -13.998108863762672 ], [ 33.240280150964573, -13.998177527900248 ], [ 33.258728026833353, -14.020597458335706 ], [ 33.295360564994461, -14.036241531351214 ], [ 33.313907622595039, -14.080262183582539 ], [ 33.295791626238938, -14.146328926168652 ], [ 33.314998626890834, -14.163002013750782 ], [ 33.347167969132165, -14.216067314174021 ] ] ] } },
{ "type": "Feature", "properties": { "loc": "MZ-A1-0011" }, "geometry": { "type": "MultiPolygon", "coordinates": [ [ [ [ 36.310882567632895, -18.798036575421854 ], [ 36.342468261557528, -18.807966232050255 ], [ 36.326351165830175, -18.807847976597095 ], [ 36.310882567632895, -18.798036575421854 ] ] ], [ [ [ 36.801025391404828, -18.220262527211695 ], [ 36.788940430352689, -18.23119926535162 ], [ 36.779937743628146, -18.232734679679567 ], [ 36.78631591814122, -18.225524902070411 ], [ 36.801025391404828, -18.220262527211695 ] ] ], [ [ [ 36.82313919126571, -18.192768097131221 ], [ 36.797180175869428, -18.210372925131594 ], [ 36.792842865165497, -18.208925247374545 ], [ 36.793186187651848, -18.200428009317449 ], [ 36.82313919126571, -18.192768097131221 ] ] ], [ [ [ 36.908599854071987, -17.97475624086573 ], [ 36.935310363654352, -17.978330611626347 ], [ 36.946151733187925, -17.994113922177668 ], [ 36.922775269435114, -18.0271263122874 ], [ 36.909408569421963, -18.004896163984711 ], [ 36.908599854071987, -17.97475624086573 ] ] ], [ [ [ 36.917812346620892, -17.970645905028526 ], [ 36.9095458979832, -17.972166060559317 ], [ 36.907474518292759, -17.966497420563599 ], [ 36.917812346620892, -17.970645905028526 ] ] ], [ [ [ 36.913200905683517, -17.964388968628867 ], [ 36.901332854813639, -17.951133727892099 ], [ 36.905261992832941, -17.935619354202714 ], [ 36.910598755114719, -17.945877075419595 ], [ 36.913200905683517, -17.964388968628867 ] ] ], [ [ [ 36.888954162951691, -17.891994475663431 ], [ 36.906837463325672, -17.906225203828988 ], [ 36.902591704590947, -17.929830551337744 ], [ 36.888713837121344, -17.903190613354973 ], [ 36.888954162951691, -17.891994475663431 ] ] ], [ [ [ 36.874050140293626, -17.885276793864783 ], [ 36.851020813051903, -17.894481658977227 ], [ 36.859409332066875, -17.882856369301784 ], [ 36.874050140293626, -17.885276793864783 ] ] ], [ [ [ 37.436031341958774, -17.618791579874227 ], [ 37.431224822653363, -17.614860535292202 ], [ 37.444984435569175, -17.615306854434465 ], [ 37.436031341958774, -17.618791579874227 ] ] ], [ [ [ 38.090984343560699, -17.208227157648452 ], [ 38.084365845015832, -17.214796065777008 ], [ 38.079708098757813, -17.200624466237358 ], [ 38.090984343560699, -17.208227157648452 ] ] ], [ [ [ 39.08156204173897, -16.938280106370222 ], [ 39.079910277621309, -16.954254149637649 ], [ 39.062015533374286, -16.950374602933941 ], [ 39.066123962035384, -16.944255828871761 ], [ 39.065185547359285, -16.935646056848434 ], [ 39.08156204173897, -16.938280106370222 ] ] ], [ [ [ 37.197890222006023, -15.004530352648795 ], [ 37.210463684375959, -15.029084215711388 ], [ 37.235892963177299, -15.033332632134668 ], [ 37.239997678568173, -15.019717782761168 ], [ 37.267608908120607, -15.098056874897205 ], [ 37.283775920641062, -15.098459323873838 ], [ 37.291794547870737, -15.119249238269463 ], [ 37.309445503459081, -15.122732840506627 ], [ 37.318078321593916, -15.134503402911205 ], [ 37.334252961277983, -15.136763506766739 ], [ 37.370283548835324, -15.103485019844866 ], [ 37.403693290637676, -15.141405825195521 ], [ 37.406279640822092, -15.190899744516086 ], [ 37.430831528914901, -15.190299947768528 ], [ 37.459110466930255, -15.178266232221651 ], [ 37.499241952705589, -15.133342121813167 ], [ 37.512433447907277, -15.129070867236917 ], [ 37.525533356154241, -15.149054978400402 ], [ 37.535501371119594, -15.14178171883165 ], [ 37.588229110871509, -15.194935701785896 ], [ 37.596343139700075, -15.19208342961811 ], [ 37.615249145987427, -15.203618460993164 ], [ 37.615268186623517, -15.228532780820638 ], [ 37.624633444385438, -15.238496231950817 ], [ 37.694996947119321, -15.246547748262442 ], [ 37.714021232457405, -15.242465317603406 ], [ 37.760672147619566, -15.212989883051533 ], [ 37.790900413368377, -15.218047930047975 ], [ 37.831264558660074, -15.204995760101438 ], [ 37.878941564989908, -15.238987664341243 ], [ 37.900075433051974, -15.225548299776916 ], [ 37.904904928497487, -15.232441083390393 ], [ 37.924871460295627, -15.230700748381667 ], [ 37.971838944580263, -15.245289311057155 ], [ 38.005481417742395, -15.263017180173046 ], [ 38.001334728239065, -15.285755331756691 ], [ 38.007175126701696, -15.302096601203187 ], [ 38.033630562383657, -15.321748870937403 ], [ 38.040909149134215, -15.324093835803422 ], [ 38.051132759424121, -15.312932659205016 ], [ 38.057984072850402, -15.329554295020833 ], [ 38.075432847965232, -15.332360825298609 ], [ 38.097474626485663, -15.32376681285186 ], [ 38.103944476643505, -15.329533371633099 ], [ 38.098928036846168, -15.338198926600912 ], [ 38.11302743027575, -15.348475172206124 ], [ 38.142710198683041, -15.342709611142437 ], [ 38.131281080560285, -15.383908919760716 ], [ 38.17091656801329, -15.399745765765173 ], [ 38.167906695491318, -15.411568765497032 ], [ 38.193919602970219, -15.442824706776205 ], [ 38.226142987686309, -15.4556147225013 ], [ 38.254868263396915, -15.438137729748737 ], [ 38.264347960416458, -15.452032965376363 ], [ 38.284253446699559, -15.458119957961182 ], [ 38.316774412419306, -15.44904914626626 ], [ 38.326833955137687, -15.463083611507324 ], [ 38.365405142079943, -15.462978759806846 ], [ 38.399009435908248, -15.506930279767241 ], [ 38.428943970312304, -15.509125553561278 ], [ 38.444351792931144, -15.550018787428057 ], [ 38.478066743766206, -15.5721485789603 ], [ 38.499707963005157, -15.570598969388351 ], [ 38.526674579164357, -15.591460435847717 ], [ 38.55487714892071, -15.638506456684011 ], [ 38.597598765444765, -15.674948219647257 ], [ 38.619823646423193, -15.672801643199643 ], [ 38.649197398768408, -15.683755934701084 ], [ 38.685338581999709, -15.678909670818976 ], [ 38.705930664138712, -15.735878123154913 ], [ 38.737787823401639, -15.756212244844827 ], [ 38.741072329435191, -15.768097240861236 ], [ 38.767386637422639, -15.775491658067955 ], [ 38.785899750842958, -15.767099805726039 ], [ 38.793124908750656, -15.787389078173943 ], [ 38.808822692243119, -15.799493422380186 ], [ 38.811229772189947, -15.83328121085126 ], [ 38.823993998856778, -15.84141562297159 ], [ 38.822880030807148, -15.883510410920556 ], [ 38.849930590395175, -15.891242411892572 ], [ 38.845455816520534, -15.924709777235348 ], [ 38.863324216708897, -15.929375872076792 ], [ 38.876092247461656, -15.945983218137362 ], [ 38.87239566031532, -16.000691567544045 ], [ 38.895612368985013, -16.010268823726292 ], [ 38.896669032609786, -16.032904003076887 ], [ 38.916391408756148, -16.041444667873343 ], [ 38.912233262003625, -16.074047101715827 ], [ 38.927744112047812, -16.093842412236192 ], [ 38.931814449429538, -16.115308455591126 ], [ 38.942583552522727, -16.120776539005099 ], [ 38.917821816498353, -16.144599902433669 ], [ 38.926847548754608, -16.164452423498247 ], [ 38.91694057107523, -16.16965156046124 ], [ 38.921609804428613, -16.209274576278169 ], [ 38.945089674928234, -16.26379891970187 ], [ 38.959879543086139, -16.275440759600812 ], [ 38.983180188594559, -16.276283790382088 ], [ 38.993693679699284, -16.298629084282283 ], [ 38.991347572412259, -16.314604165367363 ], [ 39.008842103959687, -16.336096929846903 ], [ 39.004020194556013, -16.361276371524802 ], [ 39.018268352482224, -16.383011353108934 ], [ 39.01416745204601, -16.396028295986568 ], [ 39.042091566152536, -16.427284261576872 ], [ 39.041954185716797, -16.463884295541312 ], [ 39.021300967145613, -16.48360709171142 ], [ 39.041248368097428, -16.528539905609655 ], [ 39.013961276171685, -16.53118331437593 ], [ 38.999991555545535, -16.541669331192125 ], [ 38.998644876539537, -16.589413400625389 ], [ 38.985636460134231, -16.613993962169097 ], [ 38.986704573237176, -16.631771397949095 ], [ 39.002947854639501, -16.655812245755989 ], [ 39.038612179987844, -16.663033120999238 ], [ 39.047115298711823, -16.674940064849601 ], [ 39.046405692248634, -16.718450054144185 ], [ 39.073028984679624, -16.737429087599764 ], [ 39.079147836083493, -16.774069189059304 ], [ 39.112679684499554, -16.794192578342319 ], [ 39.120267234924668, -16.823182721822597 ], [ 39.138234808069626, -16.837277289033104 ], [ 39.123653411755242, -16.866975784422337 ], [ 39.138534545812341, -16.898077010862792 ], [ 39.082859038693428, -16.929149628070306 ], [ 39.073757172035549, -16.925853728784013 ], [ 39.075065612767489, -16.931756973123235 ], [ 39.064319610940977, -16.934259414957523 ], [ 39.059226990313022, -16.949415207363394 ], [ 39.037055968837585, -16.954446792802713 ], [ 39.087417603219556, -16.958349228151803 ], [ 39.096855164314128, -16.929733276387097 ], [ 39.125427246250091, -16.934926987108234 ], [ 39.074062347079362, -17.011381149338071 ], [ 38.983474730953773, -17.01140594544546 ], [ 38.872692108034045, -17.050956726089517 ], [ 38.710552216163784, -17.082433701183234 ], [ 38.688816070856937, -17.075033188159949 ], [ 38.682140350248893, -17.047599791825796 ], [ 38.672080994294369, -17.044750214379789 ], [ 38.672561645955149, -17.037439345778083 ], [ 38.687053680235053, -17.032423019135926 ], [ 38.679225921790774, -17.021938324323038 ], [ 38.680454253612808, -17.030555725295393 ], [ 38.667335510177594, -17.032800674140702 ], [ 38.658466338602558, -17.044464111258598 ], [ 38.671604155759134, -17.054822921669377 ], [ 38.672294616555227, -17.066310883069669 ], [ 38.645851134574137, -17.091854095119267 ], [ 38.678642272574706, -17.077119826647547 ], [ 38.685333251979905, -17.080461502325321 ], [ 38.679969787927284, -17.087869644297541 ], [ 38.58543777498523, -17.113956450658563 ], [ 38.599552155159721, -17.106166839656822 ], [ 38.601917266920296, -17.097444533667172 ], [ 38.594043732084451, -17.103208542269236 ], [ 38.59423065167519, -17.08577156103761 ], [ 38.586650848010194, -17.09123039189793 ], [ 38.575958252423291, -17.068740844942901 ], [ 38.582878112886512, -17.104307174765147 ], [ 38.561458588295174, -17.113046646114682 ], [ 38.560932159343629, -17.12645912162003 ], [ 38.52637100177224, -17.133497238435694 ], [ 38.525032043445982, -17.120035171614759 ], [ 38.508132935038866, -17.116260529029063 ], [ 38.506465912124042, -17.097444533667172 ], [ 38.500606536714201, -17.112728118836444 ], [ 38.4904174796349, -17.108837128259772 ], [ 38.493103027035005, -17.121316909676487 ], [ 38.478893280052731, -17.134500504123821 ], [ 38.44795608455923, -17.147356033077976 ], [ 38.473392486827365, -17.148347854893053 ], [ 38.500892638937714, -17.131839751926492 ], [ 38.506385803215828, -17.133647918939765 ], [ 38.501926422220158, -17.140680313369309 ], [ 38.250335692891504, -17.232872008859616 ], [ 38.193675994705011, -17.260517119992613 ], [ 38.186660767434013, -17.279176711559522 ], [ 38.157440186169232, -17.294689177786807 ], [ 38.139976501368032, -17.297845840436658 ], [ 38.131961823333015, -17.286926270354556 ], [ 38.124927521441556, -17.230361938076477 ], [ 38.13872528090053, -17.217813491622813 ], [ 38.122802733712767, -17.219400405627731 ], [ 38.12782669110252, -17.182918548875392 ], [ 38.121662139749489, -17.179643630772468 ], [ 38.123386382928835, -17.165372848601557 ], [ 38.114887238309016, -17.166894913393008 ], [ 38.122646331716439, -17.189397811683186 ], [ 38.115623473697937, -17.211326598966892 ], [ 38.103557587266437, -17.2147731778634 ], [ 38.077560425326986, -17.198019027579562 ], [ 38.06703948974851, -17.205890655724687 ], [ 38.116676330815956, -17.250722884948644 ], [ 38.116237639723174, -17.264451981169508 ], [ 38.099353790113213, -17.283565520827615 ], [ 38.065383910706828, -17.274604797369001 ], [ 38.057022095261352, -17.26180648777467 ], [ 38.060161590752749, -17.278621674146422 ], [ 38.095245360552831, -17.290256500232815 ], [ 38.082889556975395, -17.29227256802011 ], [ 38.113895415708789, -17.295396804714258 ], [ 38.086051941112089, -17.311550140422142 ], [ 38.084289551389574, -17.320926666328077 ], [ 38.050552367965317, -17.323047638233383 ], [ 38.011505126728139, -17.279754639160764 ], [ 38.01061248844352, -17.286859511752532 ], [ 38.000160216888403, -17.282133102256303 ], [ 38.048252106317584, -17.328908920205954 ], [ 37.945964813093568, -17.360540389622784 ], [ 37.835262299083752, -17.40983009327968 ], [ 37.726387024009824, -17.471187591729453 ], [ 37.700912476097805, -17.477142333946993 ], [ 37.729759216382632, -17.450315474575007 ], [ 37.752422333391898, -17.452627181894442 ], [ 37.755405425987512, -17.452091217431231 ], [ 37.758602141743346, -17.447887421063072 ], [ 37.730789184748339, -17.444526672273319 ], [ 37.690265656010467, -17.467586517109268 ], [ 37.679031371775672, -17.493328094421216 ], [ 37.605682373418091, -17.535480498631273 ], [ 37.553909301648268, -17.525644302247926 ], [ 37.552757262790983, -17.54140281728143 ], [ 37.562072754407652, -17.53075218226261 ], [ 37.577110291360363, -17.536048888740474 ], [ 37.578426361041238, -17.545152663759644 ], [ 37.453327178659933, -17.610624313256643 ], [ 37.444736481257159, -17.593486785581902 ], [ 37.445892334017508, -17.606996536256325 ], [ 37.426113128771412, -17.609447479312927 ], [ 37.42124939010084, -17.626937865885054 ], [ 37.347793579263779, -17.669681549159399 ], [ 37.368118286283405, -17.656064986904866 ], [ 37.359157561925507, -17.658744811918758 ], [ 37.358856201147752, -17.648790358601211 ], [ 37.330982208057449, -17.66981506282788 ], [ 37.323413849164787, -17.686740874804578 ], [ 37.291889191328075, -17.687284470015285 ], [ 37.295360565432688, -17.699352263908885 ], [ 37.216423035089932, -17.760442733858106 ], [ 37.206962585349977, -17.758707046805803 ], [ 37.184478759881877, -17.707363128818358 ], [ 37.170513152754779, -17.700601577813572 ], [ 37.146308898616667, -17.706413269234034 ], [ 37.15435028112045, -17.713026047191342 ], [ 37.175403594580146, -17.710947036753403 ], [ 37.179290771132081, -17.73899269063719 ], [ 37.186588286600077, -17.738574981627146 ], [ 37.196784972628315, -17.758460999352636 ], [ 37.193958282029037, -17.768659591943695 ], [ 37.109180449997702, -17.852575302385354 ], [ 36.981288910434827, -18.022144317783088 ], [ 36.969078064081309, -18.014055252325093 ], [ 36.952957153429843, -17.98050117536603 ], [ 36.922008514061609, -17.959608077927491 ], [ 36.91809463475758, -17.946308136368572 ], [ 36.914951324342162, -17.952051162887983 ], [ 36.913284302326709, -17.911941528236056 ], [ 36.902484894260411, -17.888961792310013 ], [ 36.864482880178727, -17.878303528342343 ], [ 36.817970276000032, -17.902338027999946 ], [ 36.812145233000081, -17.909387588999962 ], [ 36.885181426594862, -17.892471312853608 ], [ 36.907165526681084, -18.017717360820384 ], [ 36.920982360760704, -18.030460357612199 ], [ 36.964786529987705, -18.039390564375871 ], [ 36.963661193922306, -18.066905975283291 ], [ 36.897716521713463, -18.135776519823303 ], [ 36.879432677689238, -18.162296294890901 ], [ 36.877639771271774, -18.187803267859337 ], [ 36.844905852636366, -18.181974410943091 ], [ 36.837368011338022, -18.174230576332832 ], [ 36.856208800841763, -18.169549941834262 ], [ 36.837085723873329, -18.167234421389367 ], [ 36.774486542266374, -18.209287642968256 ], [ 36.784244537201914, -18.215835570812899 ], [ 36.75626373343087, -18.245996475115156 ], [ 36.71938323959111, -18.203350067009886 ], [ 36.713443756170726, -18.170587540040906 ], [ 36.717144012359029, -18.210283279376419 ], [ 36.749595641898068, -18.249429703244857 ], [ 36.795776366758695, -18.231843948066384 ], [ 36.819770813145283, -18.208084106023307 ], [ 36.830085753727317, -18.208730697890019 ], [ 36.828868865778333, -18.216468811013442 ], [ 36.688865661593738, -18.363140105957768 ], [ 36.680343628328536, -18.363527298272778 ], [ 36.679473876890647, -18.372066497797235 ], [ 36.656318665246999, -18.383878707962609 ], [ 36.631114959860277, -18.413221358705378 ], [ 36.621513366921064, -18.411884307841135 ], [ 36.61972808765389, -18.423393250424795 ], [ 36.549777985238606, -18.49330329883481 ], [ 36.536384582555158, -18.492921828905921 ], [ 36.535522460965574, -18.511543273929568 ], [ 36.522167205724756, -18.529611588230836 ], [ 36.507087708203954, -18.529567719301454 ], [ 36.510543822612043, -18.5160961151702 ], [ 36.498828887615829, -18.521972655939933 ], [ 36.493000030699584, -18.535762787349341 ], [ 36.504379272158474, -18.543138504265144 ], [ 36.494655608842073, -18.567005156989062 ], [ 36.459365844830614, -18.558404922275962 ], [ 36.427371979206256, -18.563392638785906 ], [ 36.424968718554176, -18.539550781109519 ], [ 36.421653748244545, -18.565324782578507 ], [ 36.413261414305467, -18.574480057274734 ], [ 36.459518433151793, -18.576171875397662 ], [ 36.473720551185131, -18.597476958560669 ], [ 36.427749633661342, -18.631471634074529 ], [ 36.41460800158066, -18.650104522971226 ], [ 36.408588409250378, -18.685838698662941 ], [ 36.39009094206601, -18.692993164368943 ], [ 36.380500792999847, -18.683540343577846 ], [ 36.357479094707067, -18.74450492912505 ], [ 36.391902924003396, -18.725091934111404 ], [ 36.385192870876928, -18.786714553599637 ], [ 36.371124267993196, -18.785228728788717 ], [ 36.353160857810032, -18.801483153690505 ], [ 36.337806701940366, -18.803712844637936 ], [ 36.293697356770274, -18.794355391553985 ], [ 36.263496399362026, -18.774797440215622 ], [ 36.28317260705284, -18.793968201037536 ], [ 36.325366973629549, -18.811565399189689 ], [ 36.356330871794938, -18.81599807661587 ], [ 36.356414794729673, -18.821952819732694 ], [ 36.306987761898348, -18.865861893077799 ], [ 36.294006347637477, -18.83315467801188 ], [ 36.266151428268444, -18.812564849953795 ], [ 36.245357512561803, -18.78015518188203 ], [ 36.237453461031009, -18.779922485000533 ], [ 36.229679107927147, -18.794979094775321 ], [ 36.245040893644941, -18.801698685212024 ], [ 36.266418456769003, -18.837604522596507 ], [ 36.290954590005008, -18.859773635710653 ], [ 36.284557342669856, -18.872524260552041 ], [ 36.271186828631876, -18.874122620228654 ], [ 36.279144287301648, -18.881551743384151 ], [ 36.146278380765331, -18.901922225895888 ], [ 36.153301238783833, -18.893068314017384 ], [ 36.12569046016926, -18.834383010733283 ], [ 36.136863708316135, -18.811012267568032 ], [ 36.159046172765343, -18.79599952672271 ], [ 36.160574449174142, -18.773237252263279 ], [ 36.189433236777134, -18.76627965984428 ], [ 36.165564257507157, -18.728867038948586 ], [ 36.1511405779979, -18.736467398417567 ], [ 36.145315451469564, -18.717532229394784 ], [ 36.13040731167073, -18.716652962230285 ], [ 36.109158991017267, -18.728689569433946 ], [ 36.092118415655015, -18.714902043360482 ], [ 36.094109745790824, -18.705459261701485 ], [ 36.11651011507243, -18.700714066267032 ], [ 36.103574242479951, -18.684832389668941 ], [ 36.111634911844384, -18.658411296310184 ], [ 36.099771018540352, -18.627237308420952 ], [ 36.126531686910504, -18.616371761513498 ], [ 36.125135508319715, -18.600732326301731 ], [ 36.149420370076633, -18.599366777720498 ], [ 36.156145833985711, -18.591264799796562 ], [ 36.136278490682493, -18.587959506192142 ], [ 36.140764744320144, -18.545816964846921 ], [ 36.126253379112804, -18.52466365486967 ], [ 36.130430583427341, -18.510538584454039 ], [ 36.116983584491834, -18.465489370415078 ], [ 36.075131860044287, -18.371263638974703 ], [ 36.045933609716876, -18.350486035585334 ], [ 36.024605209454506, -18.346587585924382 ], [ 35.992881623832709, -18.30109395930473 ], [ 35.956297954433083, -18.288540395504072 ], [ 35.938841590805062, -18.263122480600202 ], [ 35.895440923772739, -18.247925460928549 ], [ 35.886323679994838, -18.210810413610993 ], [ 35.849850682501426, -18.175110498935965 ], [ 35.847699231677353, -18.130383642518225 ], [ 35.826126720515227, -18.108114589286117 ], [ 35.801277289757692, -18.101132116048824 ], [ 35.776740695806843, -18.080461331420054 ], [ 35.755355077043603, -18.075534876408476 ], [ 35.706003391695198, -18.044767085030422 ], [ 35.628361315869164, -18.025473243982049 ], [ 35.590560714049992, -18.024729353652006 ], [ 35.574428071081364, -18.003423471404737 ], [ 35.549406958291684, -18.006255690526011 ], [ 35.519651735357392, -17.99550067496174 ], [ 35.472741513651087, -17.961671758494901 ], [ 35.468114224916413, -17.94393244847452 ], [ 35.448632196319473, -17.930116319960291 ], [ 35.461736004090426, -17.899495496456112 ], [ 35.446614349328641, -17.838986164238428 ], [ 35.421104993806232, -17.816061017351181 ], [ 35.398201099774198, -17.809202519981149 ], [ 35.388931226000189, -17.793793859674167 ], [ 35.365001162350161, -17.784446404015242 ], [ 35.360293766337968, -17.765078308157101 ], [ 35.369414937318524, -17.740690363471323 ], [ 35.355494882445925, -17.709514490420645 ], [ 35.340289224842124, -17.691227786699763 ], [ 35.321707446714115, -17.697437749318915 ], [ 35.314505162873942, -17.691773215501172 ], [ 35.314184739407608, -17.682229354357837 ], [ 35.32932939000689, -17.684516168329715 ], [ 35.337157320524547, -17.67733730643171 ], [ 35.318789278556771, -17.624409284164244 ], [ 35.327528960617848, -17.606019630898388 ], [ 35.318289605420219, -17.590532776387938 ], [ 35.331412467750432, -17.569436748728421 ], [ 35.325427118006424, -17.552420288686754 ], [ 35.34550437926297, -17.495620626312295 ], [ 35.331900924627249, -17.478508792268336 ], [ 35.338603514280052, -17.461507612607633 ], [ 35.332869927044754, -17.451132185423468 ], [ 35.344844543979846, -17.428907067928279 ], [ 35.318690468329748, -17.419469971783208 ], [ 35.320990815413055, -17.397963870357728 ], [ 35.314093709596271, -17.39471963442503 ], [ 35.345657219044689, -17.358173041773831 ], [ 35.338302377192257, -17.334177969459134 ], [ 35.326045526918861, -17.323281854595329 ], [ 35.314898833953322, -17.280065554203361 ], [ 35.293795515489933, -17.272652054969754 ], [ 35.292307787713497, -17.25362727749831 ], [ 35.305114009543225, -17.240003842624674 ], [ 35.295352013523861, -17.233280785301375 ], [ 35.313800307577417, -17.20782671585166 ], [ 35.304541856360885, -17.204702632941604 ], [ 35.309832963659673, -17.195780546156669 ], [ 35.29138475594106, -17.173091922575615 ], [ 35.304965368696131, -17.16420227343756 ], [ 35.305777953828823, -17.142322354414574 ], [ 35.28958042903291, -17.138780572386914 ], [ 35.304244994650112, -17.118919373251899 ], [ 35.306457520030357, -17.067495346364225 ], [ 35.312610626403576, -17.060337066643164 ], [ 35.297328948696318, -17.060903548700601 ], [ 35.29536437968671, -17.054262160611081 ], [ 35.294307708658167, -17.011354446391373 ], [ 35.303878784002976, -16.983980178683126 ], [ 35.296783446922873, -16.962457657435785 ], [ 35.26979446406763, -16.960577011360826 ], [ 35.275424956620803, -16.948146820360321 ], [ 35.267040253429315, -16.944072723318371 ], [ 35.286029816147426, -16.900573730034466 ], [ 35.27667236306339, -16.89375495876515 ], [ 35.304264068856064, -16.853637695164281 ], [ 35.312168121286135, -16.827884673979376 ], [ 35.294021606436345, -16.795429230415508 ], [ 35.294555664336734, -16.772481917747143 ], [ 35.282932281224113, -16.749845505206729 ], [ 35.285282135086803, -16.715415955322932 ], [ 35.255443572986813, -16.680501937954872 ], [ 35.242164611731788, -16.681144713998201 ], [ 35.228794097693807, -16.651556015038871 ], [ 35.215465546022472, -16.653247833161799 ], [ 35.167339324974236, -16.620288849291768 ], [ 35.168918610030119, -16.607891083347681 ], [ 35.154792785982579, -16.597194671937388 ], [ 35.148834228840933, -16.557973862444619 ], [ 35.173004150045841, -16.546844482327842 ], [ 35.194938659715667, -16.518262863081468 ], [ 35.212535857867913, -16.516086578373738 ], [ 35.204620360665416, -16.507879256563299 ], [ 35.213127136032831, -16.499336243014007 ], [ 35.245677948203046, -16.491783142019223 ], [ 35.262172698935267, -16.470340728782418 ], [ 35.263748169067043, -16.397390365713619 ], [ 35.297183990359429, -16.354732513068271 ], [ 35.279548644764738, -16.319305419882468 ], [ 35.298637390114017, -16.268260956351369 ], [ 35.293399811362782, -16.237108231133227 ], [ 35.311470032226779, -16.209005356085626 ], [ 35.342903137280537, -16.188831328676123 ], [ 35.374214171957021, -16.15489387522544 ], [ 35.386539458839508, -16.152050018366907 ], [ 35.403915404882582, -16.12876129157366 ], [ 35.428958893348771, -16.114124298271015 ], [ 35.476718903265372, -16.117876053110614 ], [ 35.484584808252905, -16.121023177550867 ], [ 35.485927582402553, -16.137981414583891 ], [ 35.525382996238832, -16.166782379376613 ], [ 35.540767669702724, -16.160921097404035 ], [ 35.542034149088174, -16.144170760820309 ], [ 35.554767608569762, -16.134891510083541 ], [ 35.556556701861766, -16.122953414616781 ], [ 35.572330475102852, -16.133825301744679 ], [ 35.580341339113041, -16.127107619669268 ], [ 35.593215941793801, -16.132499694753477 ], [ 35.661540984560283, -16.102315902705122 ], [ 35.709022522103183, -16.101879119973809 ], [ 35.709865569971591, -16.091552733720071 ], [ 35.764225005610975, -16.06879615826449 ], [ 35.778736115410879, -16.04985237103849 ], [ 35.818565369327828, -16.024240493952036 ], [ 35.815486908125784, -15.9933662411075 ], [ 35.802631378267016, -15.975961684932207 ], [ 35.803977966441494, -15.94591045385272 ], [ 35.816181182946707, -15.896105766016701 ], [ 35.85354628440983, -15.441665977258358 ], [ 36.087275351052952, -15.448739150546677 ], [ 36.119010481724644, -15.430881675104493 ], [ 36.140151939536693, -15.444063617497241 ], [ 36.157722790250922, -15.442743830019003 ], [ 36.172497390618418, -15.454929229155924 ], [ 36.187031682242612, -15.4530372642137 ], [ 36.276469017807266, -15.48022037652448 ], [ 36.289095961585659, -15.452298349744355 ], [ 36.269011202681192, -15.434747868674494 ], [ 36.267115320292064, -15.394175077772944 ], [ 36.28467854115808, -15.392986888989048 ], [ 36.30006356176029, -15.367746452592003 ], [ 36.3101460150029, -15.36398156854988 ], [ 36.316547231046172, -15.346588471536029 ], [ 36.326400796036253, -15.344248297975851 ], [ 36.333801487125271, -15.323812196430977 ], [ 36.349709113660943, -15.310907810902032 ], [ 36.351814892419689, -15.294382504804018 ], [ 36.43438571080825, -15.270147278429482 ], [ 36.458384452356931, -15.270878738418327 ], [ 36.469336694655254, -15.252953528352277 ], [ 36.510433262848117, -15.247376805184134 ], [ 36.515609934744418, -15.231006943871963 ], [ 36.534672365892128, -15.227169596445391 ], [ 36.541790753612645, -15.213631040395638 ], [ 36.55436424806927, -15.214064001611762 ], [ 36.568353040765921, -15.202582416656087 ], [ 36.583539697345948, -15.173688657106068 ], [ 36.597826027656609, -15.172490927649919 ], [ 36.620363738020899, -15.154516145128218 ], [ 36.626768791294083, -15.120897179692873 ], [ 36.638461094763862, -15.105930105357947 ], [ 36.660727925521854, -15.109478560805913 ], [ 36.66463048128049, -15.07975418307135 ], [ 36.678562042282735, -15.075210195085289 ], [ 36.699451789409068, -15.043355450006148 ], [ 36.702831729276433, -15.007580344352613 ], [ 36.695534075583979, -15.001210143248047 ], [ 37.197890222006023, -15.004530352648795 ] ] ] ] } }
]
}
