{
"type": "FeatureCollection",
"name": "regions_ET",
"crs": { "type": "name", "properties": { "name": "urn:ogc:def:crs:OGC:1.3:CRS84" } },
"features": [
{ "type": "Feature", "properties": { "loc": "ET-A2-0101" }, "geometry": { "type": "MultiPolygon", "coordinates": [ [ [ [ 38.680979747117703, 13.486152663714506 ], [ 38.72665175517443, 13.41931419939084 ], [ 38.729748969939067, 13.403431642356452 ], [ 38.705685536558292, 13.389298880039348 ], [ 38.648639952771646, 13.396521310210346 ], [ 38.61785245122968, 13.428330400227821 ], [ 38.63328095495217, 13.472711336159307 ], [ 38.680979747117703, 13.486152663714506 ] ] ], [ [ [ 37.435528839784183, 14.268262726543639 ], [ 37.4717597964775, 14.249460220113122 ], [ 37.468448639293342, 14.214170456101726 ], [ 37.478080749826802, 14.212880134910336 ], [ 37.49774169961978, 14.194990157969471 ], [ 37.49633026133256, 14.184289932534398 ], [ 37.507607611402193, 14.178700511119757 ], [ 37.494891097845937, 14.182302732085475 ], [ 37.464989707309201, 14.216084949960532 ], [ 37.46732773418762, 14.250964302960256 ], [ 37.447300842160189, 14.252396715236273 ], [ 37.435528839784183, 14.268262726543639 ] ] ], [ [ [ 37.391906848022643, 14.299412754694913 ], [ 37.4315396927027, 14.270606750101479 ], [ 37.426520561974428, 14.271728436718035 ], [ 37.391906848022643, 14.299412754694913 ] ] ], [ [ [ 37.392780303768063, 14.365559578311945 ], [ 37.381160736478876, 14.34076023060021 ], [ 37.404289245452389, 14.33708953885116 ], [ 37.402610778664553, 14.314689636317723 ], [ 37.391384849131555, 14.301051522709656 ], [ 37.400929610313312, 14.331801659219252 ], [ 37.377868732156344, 14.340458472080854 ], [ 37.389562455742805, 14.361344321882996 ], [ 37.377063826334563, 14.370088388768181 ], [ 37.392780303768063, 14.365559578311945 ] ] ], [ [ [ 37.349269478103963, 14.412955203619788 ], [ 37.370506523956976, 14.369581027242646 ], [ 37.346533167571693, 14.400483963064517 ], [ 37.349269478103963, 14.412955203619788 ] ] ], [ [ [ 37.913719177498081, 14.893569946296054 ], [ 38.018028259096923, 14.76356029467189 ], [ 38.015651702564071, 14.741009712528239 ], [ 38.054050445371786, 14.715200424360148 ], [ 38.091499328731061, 14.71572017674481 ], [ 38.141841888492422, 14.676190376384795 ], [ 38.186649322508288, 14.678290367106797 ], [ 38.192131042913331, 14.694569588116053 ], [ 38.256198883072045, 14.679940223762344 ], [ 38.276718139530544, 14.639630317285366 ], [ 38.270568847874074, 14.618689536892646 ], [ 38.313850403073673, 14.590709686402931 ], [ 38.349651336340173, 14.513039588606205 ], [ 38.378070831203956, 14.486319541713556 ], [ 38.397350311068067, 14.488470077931822 ], [ 38.402191161992562, 14.471460342121134 ], [ 38.426361084096811, 14.469889641094085 ], [ 38.457606489847706, 14.335584319260988 ], [ 38.478836142374121, 14.33207985010506 ], [ 38.484939922939134, 14.303740623331123 ], [ 38.532980992578814, 14.276687936099393 ], [ 38.517240128229389, 14.260226701301292 ], [ 38.559095903653088, 14.249111672565675 ], [ 38.537825987579311, 14.229135585938593 ], [ 38.547051757432712, 14.21139364460106 ], [ 38.580433775198628, 14.210895796104182 ], [ 38.541076359586384, 14.166288114105214 ], [ 38.552485937875758, 14.140398258372954 ], [ 38.500628131083431, 14.117758171202695 ], [ 38.498026413987873, 14.078847268986351 ], [ 38.52612509189953, 14.043718521392691 ], [ 38.49079046880513, 14.031044278670549 ], [ 38.495828623792022, 13.97376994242893 ], [ 38.560721541565954, 13.909178995414379 ], [ 38.564669437644511, 13.88701551115696 ], [ 38.491516701934302, 13.777641235554654 ], [ 38.530126738658112, 13.686234711163024 ], [ 38.600925768709317, 13.650602541074477 ], [ 38.662916344014093, 13.553714929400542 ], [ 38.669564637098404, 13.536439111176094 ], [ 38.614045231602233, 13.490686865606392 ], [ 38.590112414856094, 13.506124022605604 ], [ 38.562075458315803, 13.48332971159698 ], [ 38.46099123315895, 13.459561584999221 ], [ 38.467402860653522, 13.484902024209077 ], [ 38.498256730363892, 13.484455430773551 ], [ 38.49680462383435, 13.506789392316648 ], [ 38.542458981796642, 13.525802208804919 ], [ 38.553946141001632, 13.550308131115401 ], [ 38.477619910030853, 13.552344884209106 ], [ 38.465214632949028, 13.567644899992217 ], [ 38.453622522861167, 13.556946123364924 ], [ 38.440805701621912, 13.584405288873029 ], [ 38.406508158724591, 13.539411139412607 ], [ 38.391234109966263, 13.553355668229528 ], [ 38.341196734241919, 13.53764285733206 ], [ 38.327883106819968, 13.550325212838345 ], [ 38.319856474996357, 13.502151980629435 ], [ 38.27891715640169, 13.48551913899712 ], [ 38.247957984173695, 13.501662664900095 ], [ 38.200897636017146, 13.480138398967995 ], [ 38.173720255085755, 13.49344396576646 ], [ 38.145192748046952, 13.471678588895827 ], [ 38.120990805581243, 13.506304414916883 ], [ 38.05944101229295, 13.467191866711346 ], [ 38.00117941110102, 13.501097501248751 ], [ 37.904101473204491, 13.447048973831102 ], [ 37.866400194213668, 13.475127248823526 ], [ 37.81690553596178, 13.463175524131202 ], [ 37.809005963054801, 13.519093880578168 ], [ 37.79265930458331, 13.520614519044841 ], [ 37.769024662558195, 13.562598912809619 ], [ 37.784645449428012, 13.597313896719015 ], [ 37.77377567300897, 13.68801383816816 ], [ 37.807454805195164, 13.761946224938356 ], [ 37.80048548112012, 13.813721762649266 ], [ 37.762978213773579, 13.834153846922561 ], [ 37.765913011876023, 13.862053055204399 ], [ 37.731912419722448, 13.897517434282236 ], [ 37.698509666288146, 13.888742885775628 ], [ 37.661917819751636, 13.916780429573237 ], [ 37.609643279713623, 14.010340034365129 ], [ 37.623286342290896, 14.039226495906121 ], [ 37.589600231365637, 14.055391726946709 ], [ 37.576900881370648, 14.096503125418963 ], [ 37.558071800872938, 14.091370491255191 ], [ 37.546446862832511, 14.1130011640725 ], [ 37.531478939701344, 14.111794619226373 ], [ 37.514519652260219, 14.1620639373009 ], [ 37.913719177498081, 14.893569946296054 ] ] ] ] } },
{ "type": "Feature", "properties": { "loc": "ET-A2-0102" }, "geometry": { "type": "Polygon", "coordinates": [ [ [ 39.250850926728958, 14.409564481615575 ], [ 39.234786947659586, 14.374289119347452 ], [ 39.249908878791757, 14.358485851940543 ], [ 39.240475817005404, 14.29790068766664 ], [ 39.225908352088823, 14.299784360859633 ], [ 39.235344102848103, 14.261399151949377 ], [ 39.266030052944643, 14.245206355788753 ], [ 39.259892919222921, 14.2022777710024 ], [ 39.337690692871206, 14.115793667843548 ], [ 39.333532511016642, 14.052299246213295 ], [ 39.306327653098776, 13.994309312225027 ], [ 39.195648582616059, 13.896383838843121 ], [ 39.228858542987439, 13.844601906053185 ], [ 39.230868916267525, 13.796950777056793 ], [ 39.213437042285705, 13.794614985892906 ], [ 39.222842272752757, 13.779315669782363 ], [ 39.210029029016539, 13.757905596166381 ], [ 39.177818674092578, 13.760097108195055 ], [ 39.162454853208942, 13.721152869909076 ], [ 39.071280844935075, 13.690077082591358 ], [ 39.055924363418683, 13.658125229695656 ], [ 39.080521137940195, 13.640054703062162 ], [ 39.021457444905195, 13.620562365360911 ], [ 39.032079724299876, 13.61202650591855 ], [ 39.00133535694124, 13.585546499771169 ], [ 39.031903448185631, 13.558366266190262 ], [ 39.07863728308422, 13.561777125813762 ], [ 39.093239164156159, 13.479580205961781 ], [ 39.048985339302021, 13.452175066326276 ], [ 39.022856028283115, 13.463638721749646 ], [ 39.008406801732576, 13.398636096578628 ], [ 39.031549093715739, 13.392198493066076 ], [ 39.025660599157391, 13.352175854332245 ], [ 39.060102300680683, 13.33374488391928 ], [ 39.042323021290429, 13.290263984994965 ], [ 39.074114809251114, 13.296418266090143 ], [ 39.094029131339369, 13.247078304720048 ], [ 39.030154543797209, 13.172615994232785 ], [ 38.997367780099012, 13.203404457150043 ], [ 38.955824073921917, 13.212013189557126 ], [ 38.95174191805512, 13.237514727922417 ], [ 38.863105411685467, 13.209497661687806 ], [ 38.800690765566458, 13.247309865757757 ], [ 38.731588079026665, 13.262275644005797 ], [ 38.741812589179688, 13.339832438016629 ], [ 38.717389686884587, 13.439544104376978 ], [ 38.675095947919715, 13.486973810393067 ], [ 38.669564637098404, 13.536439111176094 ], [ 38.636254789027362, 13.603985087441856 ], [ 38.600925768709317, 13.650602541074477 ], [ 38.530126738658112, 13.686234711163024 ], [ 38.491516701934302, 13.777641235554654 ], [ 38.564669437644511, 13.88701551115696 ], [ 38.560721541565954, 13.909178995414379 ], [ 38.495828623792022, 13.97376994242893 ], [ 38.49079046880513, 14.031044278670549 ], [ 38.52612509189953, 14.043718521392691 ], [ 38.498026413987873, 14.078847268986351 ], [ 38.500628131083431, 14.117758171202695 ], [ 38.552485937875758, 14.140398258372954 ], [ 38.541076359586384, 14.166288114105214 ], [ 38.580591858027901, 14.210464150300368 ], [ 38.547051757432712, 14.21139364460106 ], [ 38.537825987579311, 14.229135585938593 ], [ 38.559095903653088, 14.249111672565675 ], [ 38.517240128229389, 14.260226701301292 ], [ 38.532980992578814, 14.276687936099393 ], [ 38.484939922939134, 14.303740623331123 ], [ 38.478836142374121, 14.33207985010506 ], [ 38.457606489847706, 14.335584319260988 ], [ 38.436077923357516, 14.43289750541561 ], [ 38.45452880835785, 14.414090156135842 ], [ 38.486530303830534, 14.424659728963377 ], [ 38.520019531576168, 14.408829688739218 ], [ 38.706039428776648, 14.471639632762901 ], [ 38.796218872303143, 14.468110084213038 ], [ 38.850978851592799, 14.501469611733228 ], [ 38.900920867703917, 14.506890296949678 ], [ 38.929569244525055, 14.537650108365881 ], [ 38.974269866960867, 14.54300975839368 ], [ 39.035758972198835, 14.639980316338551 ], [ 39.097911834663478, 14.635129929003085 ], [ 39.159328460839845, 14.651980400275306 ], [ 39.193000793252054, 14.637720107796781 ], [ 39.185180663756682, 14.614760398873386 ], [ 39.211318969794661, 14.625169753881096 ], [ 39.238430023027206, 14.582799911586676 ], [ 39.267910003843667, 14.48493003879031 ], [ 39.227901458385645, 14.45184993782442 ], [ 39.250850926728958, 14.409564481615575 ] ] ] } },
{ "type": "Feature", "properties": { "loc": "ET-A2-0103" }, "geometry": { "type": "Polygon", "coordinates": [ [ [ 39.985016049351259, 14.448540950704341 ], [ 39.990843733551515, 14.381967486910014 ], [ 39.956508801340135, 14.362416345238216 ], [ 39.853118790000224, 14.367098800369376 ], [ 39.800948107269392, 14.387177744257542 ], [ 39.77204903903197, 14.373850665675718 ], [ 39.779204077606153, 14.330532193306112 ], [ 39.726247715659611, 14.302962213335547 ], [ 39.757605709336076, 14.277177362445343 ], [ 39.757304091110996, 14.239843562630369 ], [ 39.694087479953282, 14.241311386611244 ], [ 39.649962783355818, 14.188612417828892 ], [ 39.767133017374931, 14.140043372403738 ], [ 39.837624773364666, 14.154198463088676 ], [ 39.843997023144141, 14.050258583766663 ], [ 39.88593699399712, 14.012203096895462 ], [ 39.859164438388177, 13.965772857831155 ], [ 39.829200985637044, 13.974282717873166 ], [ 39.801657988025795, 13.945601886318059 ], [ 39.833278651188834, 13.918403374915897 ], [ 39.833701325355946, 13.821384023354028 ], [ 39.85319733588841, 13.766511067631711 ], [ 39.884068763962318, 13.74824622718171 ], [ 39.863907174176802, 13.548160815369386 ], [ 39.746406218971856, 13.570825982832901 ], [ 39.672839912032373, 13.626540783130679 ], [ 39.639699732756526, 13.564767922901353 ], [ 39.609052092879836, 13.607953054589871 ], [ 39.574330544818849, 13.580119824170595 ], [ 39.546406089869208, 13.612070194983573 ], [ 39.5262601779649, 13.599178500687287 ], [ 39.490976521249536, 13.642737967083576 ], [ 39.466425443979119, 13.645733820159705 ], [ 39.427149996175444, 13.61404412683504 ], [ 39.405878144760607, 13.625582795609603 ], [ 39.423588027065875, 13.701337333850915 ], [ 39.400022041983675, 13.737144787202226 ], [ 39.328878235242428, 13.738044690210359 ], [ 39.323474198275676, 13.799404496320506 ], [ 39.229628849192068, 13.797813640587094 ], [ 39.221338505567644, 13.866833990596263 ], [ 39.19462115304384, 13.893735589026278 ], [ 39.306327653098776, 13.994309312225027 ], [ 39.343842306577244, 14.088528325122184 ], [ 39.323464677153197, 14.139379086375811 ], [ 39.259527030947766, 14.202966082418811 ], [ 39.266030052944643, 14.245206355788753 ], [ 39.235344102848103, 14.261399151949377 ], [ 39.225908352088823, 14.299784360859633 ], [ 39.240475817005404, 14.29790068766664 ], [ 39.249120998934984, 14.339605892298152 ], [ 39.234786947659586, 14.374289119347452 ], [ 39.24482989188607, 14.402172781948366 ], [ 39.298568725166604, 14.470029831011914 ], [ 39.36326980585693, 14.465550423013667 ], [ 39.384719848941927, 14.540410041390373 ], [ 39.409740447863442, 14.492569923463236 ], [ 39.485359192073133, 14.476490020997744 ], [ 39.537231445574832, 14.49155998210756 ], [ 39.506141663007384, 14.520779610090983 ], [ 39.507938385248337, 14.549200058236124 ], [ 39.532428741193485, 14.584039688181122 ], [ 39.579719543322312, 14.605799675414744 ], [ 39.685249328693601, 14.592340469337216 ], [ 39.713409424005761, 14.556150436293649 ], [ 39.772571564026521, 14.544699669054523 ], [ 39.79537963825976, 14.503660201956791 ], [ 39.874061584874312, 14.469840049778497 ], [ 39.924259185612982, 14.415169715809782 ], [ 39.957729339637353, 14.417969703738891 ], [ 39.985016049351259, 14.448540950704341 ] ] ] } },
{ "type": "Feature", "properties": { "loc": "ET-A2-0104" }, "geometry": { "type": "Polygon", "coordinates": [ [ [ 39.869666344426321, 12.948259922757302 ], [ 39.925204444129861, 12.893767368569229 ], [ 39.977982916578412, 12.792190896792476 ], [ 39.888647897782334, 12.755775692394366 ], [ 39.826104312264249, 12.69374142622587 ], [ 39.83257350266507, 12.634377555679691 ], [ 39.806736716826094, 12.596283054419473 ], [ 39.832764097784946, 12.54989095290523 ], [ 39.863195812236995, 12.531448592578556 ], [ 39.881065664149162, 12.484460752261953 ], [ 39.866285922357463, 12.472624326051857 ], [ 39.882572530398022, 12.457662646913661 ], [ 39.863112707685389, 12.463346012408579 ], [ 39.814929224104446, 12.407061931363103 ], [ 39.830876303898378, 12.35750049485199 ], [ 39.817611329799092, 12.324029794939122 ], [ 39.761546942337588, 12.303252023861887 ], [ 39.758553761147198, 12.319953054789721 ], [ 39.63227443082036, 12.307654082969577 ], [ 39.614212958561268, 12.27573123320991 ], [ 39.572543903078724, 12.255925598687497 ], [ 39.54327352455357, 12.265007941063686 ], [ 39.522661951787711, 12.326414028984289 ], [ 39.50744099180838, 12.332852039889758 ], [ 39.455564056436117, 12.325027174564525 ], [ 39.419514241189347, 12.296596725958182 ], [ 39.284784731630111, 12.299688142793627 ], [ 39.245529418747708, 12.352944383676402 ], [ 39.229773856778138, 12.501081518697163 ], [ 39.174401277297136, 12.643480482638211 ], [ 39.265666430061742, 12.677082289316274 ], [ 39.285521429270602, 12.704370100699634 ], [ 39.269535043707378, 12.723219788262668 ], [ 39.280932322868466, 12.743338179113721 ], [ 39.267663774863365, 12.771334965636186 ], [ 39.303601988740866, 12.79331527328128 ], [ 39.307215578935882, 12.811652771758077 ], [ 39.27768562908858, 12.826024042375707 ], [ 39.310131697220129, 12.852206845969192 ], [ 39.302989732989829, 12.870121856438573 ], [ 39.27902283463618, 12.856247515210725 ], [ 39.250806722352422, 12.917982949253769 ], [ 39.297820321950326, 12.992293868767092 ], [ 39.292567062619923, 13.065187970248701 ], [ 39.344982277310294, 13.098198219072628 ], [ 39.411508987150114, 13.061818861651204 ], [ 39.440587492618761, 13.073329395135545 ], [ 39.473302057843739, 13.049398607259945 ], [ 39.482154689087679, 13.060104181862528 ], [ 39.479970790719449, 13.029360030341195 ], [ 39.500199914194752, 13.043768137189829 ], [ 39.529739067703872, 13.034838827949613 ], [ 39.598918232590393, 12.955058945813732 ], [ 39.610617160553545, 12.920158859843582 ], [ 39.71747213922788, 12.887902758205769 ], [ 39.74874968944664, 12.88424858880137 ], [ 39.788710536661995, 12.921262776755782 ], [ 39.869666344426321, 12.948259922757302 ] ] ] } },
{ "type": "Feature", "properties": { "loc": "ET-A2-0105" }, "geometry": { "type": "Polygon", "coordinates": [ [ [ 37.349330901799703, 14.414349555687522 ], [ 37.346533167571693, 14.400483963064517 ], [ 37.389209586952916, 14.3626806577862 ], [ 37.377868732156344, 14.340458472080854 ], [ 37.400337753884287, 14.334586716603724 ], [ 37.392535317650868, 14.297439730259384 ], [ 37.46732773418762, 14.250964302960256 ], [ 37.467297971124538, 14.212975906413021 ], [ 37.49787584609345, 14.180536373654775 ], [ 37.525998454065473, 14.181715105167996 ], [ 37.514519652260219, 14.1620639373009 ], [ 37.531478939701344, 14.111794619226373 ], [ 37.546446862832511, 14.1130011640725 ], [ 37.558071800872938, 14.091370491255191 ], [ 37.576900881370648, 14.096503125418963 ], [ 37.589600231365637, 14.055391726946709 ], [ 37.623286342290896, 14.039226495906121 ], [ 37.609643279713623, 14.010340034365129 ], [ 37.630101748297079, 13.955709173439629 ], [ 37.650237930436219, 13.954745452740497 ], [ 37.660286930697339, 13.919354618420925 ], [ 37.688864663073787, 13.892853093295685 ], [ 37.733018870024864, 13.896662107070654 ], [ 37.765913011876023, 13.862053055204399 ], [ 37.762978213773579, 13.834153846922561 ], [ 37.80048548112012, 13.813721762649266 ], [ 37.807454805195164, 13.761946224938356 ], [ 37.77377567300897, 13.68801383816816 ], [ 37.777386980724657, 13.634522555871285 ], [ 37.759926016372617, 13.59099800385485 ], [ 37.714425548600218, 13.542012678442404 ], [ 37.694142437023913, 13.472426751993055 ], [ 37.631671710980754, 13.410879923769528 ], [ 37.517780527449418, 13.366474952557041 ], [ 37.440505833677321, 13.354094306107413 ], [ 37.415816650218289, 13.373968390728692 ], [ 37.395817854810218, 13.357776969631516 ], [ 37.365241889101981, 13.359850853933835 ], [ 37.321827247729345, 13.29717761495499 ], [ 37.280647186918202, 13.284943967190372 ], [ 37.250517198609884, 13.294993971094925 ], [ 37.204709117731625, 13.25571239171353 ], [ 37.157746199427606, 13.297806598096088 ], [ 37.078374032135912, 13.311815582223403 ], [ 37.034955551557516, 13.353264046598497 ], [ 36.919192013700524, 13.376823803875482 ], [ 36.82478994020363, 13.448246111768697 ], [ 36.766943716079709, 13.378128106826694 ], [ 36.734659853269648, 13.363072465621826 ], [ 36.604807708009389, 13.377627432659949 ], [ 36.566421944217382, 13.44620074586777 ], [ 36.574310317866946, 13.477864164599566 ], [ 36.601122890608963, 13.49842546436372 ], [ 36.564711750247113, 13.533001045262097 ], [ 36.554692386244653, 13.571281352752294 ], [ 36.51955610503029, 13.585511773349708 ], [ 36.526074354348054, 13.606487344915081 ], [ 36.50439169801848, 13.665134416220383 ], [ 36.475796428862168, 13.70042144809139 ], [ 36.483836185391681, 13.727104567022195 ], [ 36.452748956898915, 13.76486183150837 ], [ 36.500904083057037, 13.83222103117572 ], [ 36.452850341969736, 13.98109722096001 ], [ 36.498706818065273, 14.065653800882274 ], [ 36.566169738342808, 14.264309883294516 ], [ 36.554611206242214, 14.279760361051842 ], [ 36.612869262306674, 14.294460297005173 ], [ 36.630970001664309, 14.315070152065914 ], [ 36.681358337817073, 14.300109863279602 ], [ 36.738929748908845, 14.321220397903062 ], [ 36.831729888823361, 14.307849883865117 ], [ 36.865100860216558, 14.320790290839284 ], [ 36.970371246036223, 14.291110039097077 ], [ 37.017810821212493, 14.25135040259903 ], [ 37.097888946417811, 14.27423953992286 ], [ 37.105041503762436, 14.344429969967166 ], [ 37.136260986555328, 14.408659935407741 ], [ 37.228351592851766, 14.444640159315952 ], [ 37.309478760136699, 14.445529937756476 ], [ 37.349330901799703, 14.414349555687522 ] ] ] } },
{ "type": "Feature", "properties": { "loc": "ET-A2-0106" }, "geometry": { "type": "Polygon", "coordinates": [ [ [ 39.746406218971856, 13.570825982832901 ], [ 39.719517477249838, 13.475681037849654 ], [ 39.745758887862451, 13.374121329435866 ], [ 39.729522419723935, 13.378807824321711 ], [ 39.741704419423456, 13.351287594846667 ], [ 39.719723195369227, 13.294554241285255 ], [ 39.767315156169559, 13.285268957896164 ], [ 39.808532936346012, 13.217173926635439 ], [ 39.803772141271338, 13.189679773902469 ], [ 39.86305890304601, 13.019703687575145 ], [ 39.869666344426321, 12.948259922757302 ], [ 39.788710536661995, 12.921262776755782 ], [ 39.74874968944664, 12.88424858880137 ], [ 39.618507733944796, 12.915403258353763 ], [ 39.529739067703872, 13.034838827949613 ], [ 39.500199914194752, 13.043768137189829 ], [ 39.479970790719449, 13.029360030341195 ], [ 39.482154689087679, 13.060104181862528 ], [ 39.473302057843739, 13.049398607259945 ], [ 39.440587492618761, 13.073329395135545 ], [ 39.411508987150114, 13.061818861651204 ], [ 39.344982277310294, 13.098198219072628 ], [ 39.292567062619923, 13.065187970248701 ], [ 39.297820321950326, 12.992293868767092 ], [ 39.250806722352422, 12.917982949253769 ], [ 39.141864794025082, 12.955839862219932 ], [ 39.082858956175926, 12.959272310968402 ], [ 39.053611421330061, 12.990669566347435 ], [ 39.000219105827114, 13.003443775909602 ], [ 38.978601887766956, 13.098962084332754 ], [ 39.036933943646659, 13.134239247943015 ], [ 39.030154543797209, 13.172615994232785 ], [ 39.094029131339369, 13.247078304720048 ], [ 39.074114809251114, 13.296418266090143 ], [ 39.042323021290429, 13.290263984994965 ], [ 39.060102300680683, 13.33374488391928 ], [ 39.025660599157391, 13.352175854332245 ], [ 39.031549093715739, 13.392198493066076 ], [ 39.008406801732576, 13.398636096578628 ], [ 39.022856028283115, 13.463638721749646 ], [ 39.048985339302021, 13.452175066326276 ], [ 39.093973493881663, 13.481972393611102 ], [ 39.07863728308422, 13.561777125813762 ], [ 39.031903448185631, 13.558366266190262 ], [ 39.00133535694124, 13.585546499771169 ], [ 39.032079724299876, 13.61202650591855 ], [ 39.021457444905195, 13.620562365360911 ], [ 39.080521137940195, 13.640054703062162 ], [ 39.055924363418683, 13.658125229695656 ], [ 39.071280844935075, 13.690077082591358 ], [ 39.162454853208942, 13.721152869909076 ], [ 39.174684205811502, 13.7578983404361 ], [ 39.210029029016539, 13.757905596166381 ], [ 39.222842272752757, 13.779315669782363 ], [ 39.214466856859985, 13.796480152836807 ], [ 39.323474198275676, 13.799404496320506 ], [ 39.328878235242428, 13.738044690210359 ], [ 39.396468235121006, 13.739187320238671 ], [ 39.423588027065875, 13.701337333850915 ], [ 39.405878144760607, 13.625582795609603 ], [ 39.426250927738181, 13.613935772018294 ], [ 39.466425443979119, 13.645733820159705 ], [ 39.490976521249536, 13.642737967083576 ], [ 39.5262601779649, 13.599178500687287 ], [ 39.546406089869208, 13.612070194983573 ], [ 39.574330544818849, 13.580119824170595 ], [ 39.609052092879836, 13.607953054589871 ], [ 39.639699732756526, 13.564767922901353 ], [ 39.672839912032373, 13.626540783130679 ], [ 39.746406218971856, 13.570825982832901 ] ], [ [ 39.514047120178532, 13.557436061425165 ], [ 39.484826192674689, 13.526622680991977 ], [ 39.450916042641325, 13.554475656026739 ], [ 39.424552489705661, 13.501845759674097 ], [ 39.464168184314303, 13.449716473636386 ], [ 39.498526606817506, 13.455594528864481 ], [ 39.505287629020927, 13.514007807014707 ], [ 39.531131648107134, 13.501826300143705 ], [ 39.554608037331093, 13.519702805240343 ], [ 39.514047120178532, 13.557436061425165 ] ], [ [ 39.559050791660752, 13.494931574832378 ], [ 39.534710560444069, 13.485672003060529 ], [ 39.535071551011299, 13.471088659713928 ], [ 39.559140888441277, 13.480806070943459 ], [ 39.559050791660752, 13.494931574832378 ] ] ] } },
{ "type": "Feature", "properties": { "loc": "ET-A2-0203" }, "geometry": { "type": "MultiPolygon", "coordinates": [ [ [ [ 40.4884454259157, 10.162916984631181 ], [ 40.501335425889238, 10.143749984774047 ], [ 40.535057426059439, 10.15802798400432 ], [ 40.532081426416767, 10.128638984001952 ], [ 40.569889426156124, 10.083582984567158 ], [ 40.536304426008485, 10.053472984590599 ], [ 40.503917426248279, 10.068583984463373 ], [ 40.493499426057724, 10.114387984218126 ], [ 40.475166425989812, 10.115415983960531 ], [ 40.450359425946829, 10.159916984781091 ], [ 40.4884454259157, 10.162916984631181 ] ], [ [ 40.52194642668627, 10.139721984282176 ], [ 40.50705742625928, 10.132221984656894 ], [ 40.514194426231825, 10.120693984539798 ], [ 40.526721426552626, 10.123611984205752 ], [ 40.52194642668627, 10.139721984282176 ] ] ], [ [ [ 40.810202684006697, 11.198493723906267 ], [ 40.972852698693146, 11.126526092305369 ], [ 41.010583458359974, 11.090719029259844 ], [ 41.0424037961983, 11.015345529272793 ], [ 41.093004896658726, 10.980418305360558 ], [ 41.118285246766789, 10.932942374191271 ], [ 41.167325538742659, 10.780595636779253 ], [ 41.077268922822554, 10.681154097983267 ], [ 41.087038686286405, 10.600564198279187 ], [ 40.936556112174912, 10.035245519065484 ], [ 40.965806034720799, 9.971685509878455 ], [ 41.019566200819554, 9.948825372992644 ], [ 40.84733493226139, 9.79032611715661 ], [ 40.751893772179869, 9.654612076586091 ], [ 40.702202392626361, 9.536092664345006 ], [ 40.696138915178835, 9.446065145090415 ], [ 40.675543033784038, 9.417517066959135 ], [ 40.635972799005515, 9.395947208996574 ], [ 40.528412291394204, 9.385457529241648 ], [ 40.471021948903854, 9.354757717894415 ], [ 40.327020742013701, 9.154658311731737 ], [ 40.245500160903759, 9.074868599106594 ], [ 40.237809909699649, 8.997338687630361 ], [ 40.169889522283654, 8.964498896307077 ], [ 40.080968830147469, 8.851349212795981 ], [ 40.02421856123766, 8.845049361139161 ], [ 40.010918566638566, 8.870779376766848 ], [ 40.036618777834406, 8.906529286997056 ], [ 40.04745901422217, 8.97788920532264 ], [ 40.021928961052765, 9.00227925808133 ], [ 39.947628630157226, 9.003599446657176 ], [ 39.951868716867864, 9.029989418077207 ], [ 39.918748669815329, 9.068409474817486 ], [ 39.909018796680186, 9.131799453681879 ], [ 39.87765868689894, 9.144729524747845 ], [ 39.817420678921223, 9.136314175358962 ], [ 39.813013315612068, 9.171110356357929 ], [ 39.873029772905738, 9.227292401223394 ], [ 39.85700540177794, 9.270074116827061 ], [ 39.885989053951732, 9.269359402214661 ], [ 39.844136254384694, 9.31418270296939 ], [ 39.778879463716351, 9.309863885110246 ], [ 39.750202223154133, 9.365679206230425 ], [ 39.791478890038775, 9.369819571616006 ], [ 39.785192558789618, 9.395607150149885 ], [ 39.821455805640994, 9.417440210897041 ], [ 39.878645854722492, 9.400410610861059 ], [ 39.872525837797241, 9.459261315657216 ], [ 39.837525826355829, 9.5018990812776 ], [ 39.857324161081237, 9.547084830400649 ], [ 39.84757856330009, 9.564292123882467 ], [ 39.877146613825232, 9.576569404054794 ], [ 39.883795549025422, 9.610633282400102 ], [ 39.839127550396199, 9.72355983781631 ], [ 39.849774058426135, 9.748358987677193 ], [ 39.875800347607992, 9.752809006730331 ], [ 39.953983275707685, 9.730397252031594 ], [ 39.924653332385446, 9.680351694275316 ], [ 40.012696563195902, 9.683704422621076 ], [ 40.072835991088198, 9.648313212384892 ], [ 40.141378568166431, 9.653069645747621 ], [ 40.301796282972134, 9.6296243838583 ], [ 40.296680613619458, 9.656263102360356 ], [ 40.254873863837815, 9.669864189980444 ], [ 40.26271622187619, 9.69079413534115 ], [ 40.241661563030789, 9.709580787623281 ], [ 40.258597994202148, 9.746927319140525 ], [ 40.252201326929764, 9.761629097804644 ], [ 40.224859867389, 9.764264624912585 ], [ 40.228376807443738, 9.789325966720014 ], [ 40.285570952037858, 9.902423110937889 ], [ 40.337287081433715, 9.922341702107929 ], [ 40.352464081652101, 9.948609484440226 ], [ 40.337965491314435, 9.991157439264441 ], [ 40.325239527682129, 9.992491952241835 ], [ 40.33466422937073, 10.037231390316435 ], [ 40.389625435565449, 10.129079703965203 ], [ 40.392116476694071, 10.150390891726317 ], [ 40.366975616831326, 10.173198664686652 ], [ 40.390708138369916, 10.18479055623925 ], [ 40.402835532134134, 10.230250364762583 ], [ 40.432149301149366, 10.261729665291853 ], [ 40.405582728959814, 10.312457118701104 ], [ 40.433001363821916, 10.325716114107422 ], [ 40.490522272584883, 10.304530504978857 ], [ 40.566297669701726, 10.315732044898027 ], [ 40.546332983780246, 10.367810235953698 ], [ 40.562793089929187, 10.437079112710933 ], [ 40.52233997271162, 10.498199345723265 ], [ 40.526027607687979, 10.52557205670513 ], [ 40.511776626789924, 10.527936860897455 ], [ 40.514323310772227, 10.613263932284724 ], [ 40.493351024430297, 10.622991826012026 ], [ 40.438914735426749, 10.724115696881938 ], [ 40.458421494656307, 10.897142270099721 ], [ 40.449816799305893, 10.974331254883566 ], [ 40.464684026246857, 10.979690346432392 ], [ 40.479323505275602, 11.036337469398745 ], [ 40.506090735099406, 11.054009719572946 ], [ 40.567576002030933, 11.027129310968974 ], [ 40.661832362873326, 11.026555265613069 ], [ 40.712560942233722, 11.13173889113699 ], [ 40.746140533858579, 11.131581612301602 ], [ 40.743049592764521, 11.15655402015193 ], [ 40.761648343396359, 11.170936409088085 ], [ 40.805924203439304, 11.171158478680923 ], [ 40.810202684006697, 11.198493723906267 ] ], [ [ 40.43619542657774, 10.201610984759213 ], [ 40.433277426012467, 10.13380498481223 ], [ 40.466167426485583, 10.08213898452658 ], [ 40.445362426634745, 10.055138984076905 ], [ 40.424331426254355, 10.068360984072228 ], [ 40.422855426536785, 9.966574984647877 ], [ 40.453598426026588, 9.948931984023886 ], [ 40.520969426597787, 9.971282984122467 ], [ 40.535293426150758, 9.962003984296473 ], [ 40.624111426501202, 10.076582984617119 ], [ 40.597000426328691, 10.156499984586674 ], [ 40.621387425889054, 10.195888984389171 ], [ 40.605388426434786, 10.211332984329829 ], [ 40.585887426463614, 10.199777984766229 ], [ 40.57899842623641, 10.213610984159629 ], [ 40.569332426550318, 10.187694984236202 ], [ 40.550529426391961, 10.182749984624138 ], [ 40.566917426697955, 10.211388984214295 ], [ 40.54816842633187, 10.215860984496885 ], [ 40.551029426067203, 10.231249984599174 ], [ 40.519416426027306, 10.26294398477711 ], [ 40.489971426140471, 10.268166984618688 ], [ 40.43619542657774, 10.201610984759213 ] ] ] ] } },
{ "type": "Feature", "properties": { "loc": "ET-A2-0301" }, "geometry": { "type": "Polygon", "coordinates": [ [ [ 37.776037089340264, 13.633001609836469 ], [ 37.784149449937217, 13.587719251941962 ], [ 37.769024662558195, 13.562598912809619 ], [ 37.79265930458331, 13.520614519044841 ], [ 37.809005963054801, 13.519093880578168 ], [ 37.81690553596178, 13.463175524131202 ], [ 37.866400194213668, 13.475127248823526 ], [ 37.904101473204491, 13.447048973831102 ], [ 38.00117941110102, 13.501097501248751 ], [ 38.05944101229295, 13.467191866711346 ], [ 38.120990805581243, 13.506304414916883 ], [ 38.145192748046952, 13.471678588895827 ], [ 38.173720255085755, 13.49344396576646 ], [ 38.200897636017146, 13.480138398967995 ], [ 38.247957984173695, 13.501662664900095 ], [ 38.27891715640169, 13.48551913899712 ], [ 38.319856474996357, 13.502151980629435 ], [ 38.327883106819968, 13.550325212838345 ], [ 38.341196734241919, 13.53764285733206 ], [ 38.391234109966263, 13.553355668229528 ], [ 38.406508158724591, 13.539411139412607 ], [ 38.440805701621912, 13.584405288873029 ], [ 38.453622522861167, 13.556946123364924 ], [ 38.465214632949028, 13.567644899992217 ], [ 38.477619910030853, 13.552344884209106 ], [ 38.553946141001632, 13.550308131115401 ], [ 38.542458981796642, 13.525802208804919 ], [ 38.49680462383435, 13.506789392316648 ], [ 38.498256730363892, 13.484455430773551 ], [ 38.467402860653522, 13.484902024209077 ], [ 38.46099123315895, 13.459561584999221 ], [ 38.562075458315803, 13.48332971159698 ], [ 38.590112414856094, 13.506124022605604 ], [ 38.614045231602233, 13.490686865606392 ], [ 38.66215026822033, 13.531181439771672 ], [ 38.676430334092686, 13.483440266155412 ], [ 38.648180268804424, 13.481377628774624 ], [ 38.615788283202733, 13.451400938002962 ], [ 38.622371244137639, 13.411227092656247 ], [ 38.669133565961374, 13.391859999039752 ], [ 38.705685536558292, 13.389298880039348 ], [ 38.721865207113694, 13.408050578371558 ], [ 38.733132742881821, 13.398811216164745 ], [ 38.739521761420178, 13.293518655761432 ], [ 38.628327921696268, 13.30942665011986 ], [ 38.572660299833046, 13.292448088408605 ], [ 38.576744248048669, 13.24742792875594 ], [ 38.548872716402798, 13.223933632231365 ], [ 38.559710924819399, 13.199070390386282 ], [ 38.534000190656343, 13.198594246127584 ], [ 38.550165937008444, 13.171109220614085 ], [ 38.495275715202126, 13.185984173630743 ], [ 38.510815290593257, 13.155868725561277 ], [ 38.4897345604017, 13.102666215573436 ], [ 38.503588222618419, 13.083266013415823 ], [ 38.464828482948178, 13.084767641113785 ], [ 38.448562310202533, 13.057123923930021 ], [ 38.424095930183057, 13.094919852069552 ], [ 38.412152138410534, 13.067762104237772 ], [ 38.378724718371132, 13.065339293773434 ], [ 38.381330589435208, 13.008547986100723 ], [ 38.352821718147823, 13.022546228725503 ], [ 38.370481248311023, 12.986080379905673 ], [ 38.340557933202092, 12.97713323261263 ], [ 38.335744597035557, 12.952382771147995 ], [ 38.370690225573526, 12.946201158756537 ], [ 38.398265560107575, 12.920714255958217 ], [ 38.381372413306281, 12.910592585979089 ], [ 38.386598110214663, 12.891554957195581 ], [ 38.362794052103879, 12.908111753954358 ], [ 38.35505847776659, 12.89730824318093 ], [ 38.330078088433083, 12.760012423734395 ], [ 38.312173414771337, 12.754366176857616 ], [ 38.295812200772502, 12.81623624660557 ], [ 38.261777455964875, 12.825162596176938 ], [ 38.264647418343714, 12.898583744444295 ], [ 38.24763883906121, 12.902243680301638 ], [ 38.222974442716406, 12.873534092924103 ], [ 38.186834017176182, 12.904717294367686 ], [ 38.1923184013732, 12.939228539565477 ], [ 38.162091467047617, 12.94133596678148 ], [ 38.134086768289762, 12.871769605083273 ], [ 38.126632929066488, 12.967870682286218 ], [ 38.0897993087911, 12.981428731950473 ], [ 38.053798656782647, 12.934960835574145 ], [ 38.036641880918125, 12.948519375368903 ], [ 38.001133417972937, 13.026924604187172 ], [ 38.043786428900603, 13.074125489399876 ], [ 37.993449605015314, 13.106617151360524 ], [ 37.954863444392515, 13.078925933784888 ], [ 37.948372513780555, 13.055912771856981 ], [ 37.905022031841327, 13.041908885087025 ], [ 37.91968316024969, 13.029602839199697 ], [ 37.893778276846035, 12.999303039104007 ], [ 37.912674284890386, 12.905313636615062 ], [ 37.847552533722478, 12.926796545424281 ], [ 37.772298557232659, 12.921119058797558 ], [ 37.714460568200707, 12.877232996405723 ], [ 37.651132228869301, 12.902126677604144 ], [ 37.649973334601782, 12.927237016275342 ], [ 37.627818903819389, 12.920615244198189 ], [ 37.635863558056826, 12.956920308625399 ], [ 37.563191443430412, 12.952056682370028 ], [ 37.537813427847482, 12.992314983050051 ], [ 37.5239573401592, 13.095344923829202 ], [ 37.455782977902174, 13.099526665223493 ], [ 37.483441595053648, 13.157094884621301 ], [ 37.542845318156935, 13.197029311553536 ], [ 37.529274075438309, 13.294564094257566 ], [ 37.549234946435661, 13.312705726687966 ], [ 37.523677372213001, 13.369931852972684 ], [ 37.631671710980754, 13.410879923769528 ], [ 37.676794297119159, 13.450687567877026 ], [ 37.714425548600218, 13.542012678442404 ], [ 37.759926016372617, 13.59099800385485 ], [ 37.776037089340264, 13.633001609836469 ] ], [ [ 38.352501286105507, 12.908469265943893 ], [ 38.35248477455275, 12.908543452818151 ], [ 38.352652784998099, 12.906459944870619 ], [ 38.352501286105507, 12.908469265943893 ] ], [ [ 38.349558615337855, 12.897617894150528 ], [ 38.349895423135308, 12.897600871782856 ], [ 38.351992956010179, 12.897510374804028 ], [ 38.349558615337855, 12.897617894150528 ] ] ] } },
{ "type": "Feature", "properties": { "loc": "ET-A2-0302" }, "geometry": { "type": "MultiPolygon", "coordinates": [ [ [ [ 37.495071443392476, 11.885031082818273 ], [ 37.48980742367371, 11.883888986087868 ], [ 37.494342055441564, 11.894056101507942 ], [ 37.495071443392476, 11.885031082818273 ] ] ], [ [ [ 38.420813092650178, 12.552537430158338 ], [ 38.434379891818594, 12.424384168994266 ], [ 38.489113794366176, 12.346097814362679 ], [ 38.444613825068018, 12.227454032177889 ], [ 38.461912418623285, 12.213515284203027 ], [ 38.48806584136554, 12.12675818644118 ], [ 38.504787592673324, 12.114735868565504 ], [ 38.532813001019235, 12.123535780651821 ], [ 38.569438180028044, 12.085520999794369 ], [ 38.608442385108049, 12.076097466325052 ], [ 38.64178116526864, 12.029534055652221 ], [ 38.634407977246383, 11.97629546756184 ], [ 38.603179883444909, 11.955166926712366 ], [ 38.548312241816575, 11.869068958265871 ], [ 38.574772356758899, 11.822945989665754 ], [ 38.555698239781975, 11.789397852728769 ], [ 38.635603728429373, 11.705175969895151 ], [ 38.630631639438661, 11.641697256723091 ], [ 38.649234894774622, 11.601581208106325 ], [ 38.723755114407084, 11.540059238942774 ], [ 38.707334475905384, 11.510503466861564 ], [ 38.705036487743769, 11.410288308758481 ], [ 38.653774214708278, 11.38284609007502 ], [ 38.629577725731508, 11.300929702943506 ], [ 38.574064126258463, 11.230592224751433 ], [ 38.577272294880572, 11.188728026277431 ], [ 38.4843597657906, 11.100593207610473 ], [ 38.474649686733699, 11.036711113427202 ], [ 38.436816229885153, 11.085687519363603 ], [ 38.390144271041322, 11.08534791917117 ], [ 38.295858734393107, 11.150536068185033 ], [ 38.200046190279522, 11.139311162080503 ], [ 38.15691195931953, 11.160300519353541 ], [ 38.076442021082471, 11.157097821307445 ], [ 38.018358528823114, 11.173350504222469 ], [ 37.993063022440595, 11.20116406556923 ], [ 37.948365606987238, 11.191344138821023 ], [ 37.927434648090582, 11.20976410063281 ], [ 37.877613394742411, 11.215825352258264 ], [ 37.828811721683678, 11.257146906104879 ], [ 37.789666062239007, 11.264119537886415 ], [ 37.686823276672953, 11.366319212861413 ], [ 37.632997204657329, 11.458032764000905 ], [ 37.625779226130419, 11.481275482377669 ], [ 37.644493802247212, 11.491217609904822 ], [ 37.629097335973313, 11.520283151646197 ], [ 37.617090545792109, 11.527819021630592 ], [ 37.59240111591879, 11.510234396000612 ], [ 37.573646587420114, 11.549733810966643 ], [ 37.556445033411592, 11.54545048485204 ], [ 37.54298188740421, 11.561878501391789 ], [ 37.549789645575743, 11.578559403693589 ], [ 37.51936718424821, 11.592974456905722 ], [ 37.512594211853468, 11.628942664972044 ], [ 37.543483186599815, 11.648889862677095 ], [ 37.503656677413801, 11.698261934340849 ], [ 37.504161007324683, 11.72328150713588 ], [ 37.440200938322675, 11.72000140713925 ], [ 37.429016407281438, 11.733727719059061 ], [ 37.450333051229393, 11.755281828093928 ], [ 37.473526422906161, 11.82999998581073 ], [ 37.479667423712669, 11.816471985194028 ], [ 37.517714686283796, 11.842192778274125 ], [ 37.496213444794705, 11.895815262664314 ], [ 37.542915423008424, 11.913554986273653 ], [ 37.594249423272345, 12.017027986152698 ], [ 37.619804423635287, 12.095999986610138 ], [ 37.603452580572196, 12.129972435379614 ], [ 37.633619139811515, 12.15428352496474 ], [ 37.647077037375425, 12.142077925256103 ], [ 37.693752310220987, 12.152402842916899 ], [ 37.695241976036414, 12.171326518604019 ], [ 37.734124876062253, 12.171970968285621 ], [ 37.759285613640202, 12.192673441825946 ], [ 37.761924862142735, 12.2160575642053 ], [ 37.734191744253621, 12.199130319608628 ], [ 37.68222638573917, 12.275946360036528 ], [ 37.647313583355242, 12.286194015141746 ], [ 37.666426124765906, 12.322134086119206 ], [ 37.705171261244743, 12.335700816039889 ], [ 37.728875160060625, 12.324454068100806 ], [ 37.767145012032756, 12.367687017641799 ], [ 37.794386018200214, 12.344303667780082 ], [ 37.788461235997318, 12.304509809380249 ], [ 37.812549977199751, 12.300423975286265 ], [ 37.830141732654909, 12.251474870069273 ], [ 37.863604952906314, 12.254781693420455 ], [ 37.882419497661715, 12.292251086718352 ], [ 37.90455794119606, 12.268584609592097 ], [ 37.918909378165324, 12.27467032187792 ], [ 37.93955780065204, 12.220922534047759 ], [ 37.964814304336755, 12.218076063759383 ], [ 37.949237223619036, 12.300877164349686 ], [ 37.960022862165431, 12.305009365689727 ], [ 37.963504876149159, 12.288024691286523 ], [ 38.058772462579157, 12.333122075723281 ], [ 38.075650138343235, 12.310652282376964 ], [ 38.113057797679289, 12.318733788133841 ], [ 38.113698061916068, 12.33818669595928 ], [ 38.171828458316725, 12.338728301869708 ], [ 38.289855026788132, 12.416891218255159 ], [ 38.364731958912841, 12.525771854187781 ], [ 38.420813092650178, 12.552537430158338 ] ], [ [ 37.642518375722489, 12.13020271308477 ], [ 37.632164538562677, 12.125732267730029 ], [ 37.642093347130299, 12.122377536594115 ], [ 37.642518375722489, 12.13020271308477 ] ] ] ] } },
{ "type": "Feature", "properties": { "loc": "ET-A2-0303" }, "geometry": { "type": "MultiPolygon", "coordinates": [ [ [ [ 39.433046285158014, 11.821283938203237 ], [ 39.432416665296898, 11.821161106100192 ], [ 39.433339310360964, 11.821343104600658 ], [ 39.433046285158014, 11.821283938203237 ] ] ], [ [ [ 39.522661951787711, 12.326414028984289 ], [ 39.555184250053173, 12.255511218967627 ], [ 39.614212958561268, 12.27573123320991 ], [ 39.63227443082036, 12.307654082969577 ], [ 39.758553761147198, 12.319953054789721 ], [ 39.761546942337588, 12.303252023861887 ], [ 39.824736882301352, 12.317740810689884 ], [ 39.827579085306581, 12.240457897114311 ], [ 39.807546968218048, 12.238868968628026 ], [ 39.799860767560403, 12.194985067307073 ], [ 39.828600589245866, 12.099837122185477 ], [ 39.861724730012327, 12.088369025909856 ], [ 39.841262494168802, 12.053548152225517 ], [ 39.876546907214049, 11.974361157141743 ], [ 39.887100223896255, 11.905738230135285 ], [ 39.874871622227658, 11.778754452755834 ], [ 39.923946133407355, 11.700796031411755 ], [ 39.969655659381203, 11.664480790256334 ], [ 39.994113185575088, 11.681157760722101 ], [ 40.01528554139469, 11.645552542415942 ], [ 39.963817886586241, 11.626814955345935 ], [ 39.863573002292298, 11.555788847377471 ], [ 39.848550796981726, 11.517386032439504 ], [ 39.793274391000409, 11.477124361100437 ], [ 39.730674722860215, 11.471217478104165 ], [ 39.70460513581844, 11.483259549588581 ], [ 39.673256573332253, 11.471572274141181 ], [ 39.662411551651815, 11.509861964258278 ], [ 39.642132247805023, 11.509365399093952 ], [ 39.626459132982632, 11.529182473892092 ], [ 39.58492871878542, 11.5242182287883 ], [ 39.606634872601319, 11.561997041929999 ], [ 39.578731149722842, 11.611222804688737 ], [ 39.591517588266129, 11.642135476571013 ], [ 39.576314892618257, 11.708903237094773 ], [ 39.548910469742452, 11.712382331879155 ], [ 39.546557276697001, 11.676184576357173 ], [ 39.511678936333908, 11.665912090070947 ], [ 39.467330671873071, 11.594084436147853 ], [ 39.334038441720736, 11.596822422117157 ], [ 39.358083088263982, 11.658765290186068 ], [ 39.409481664347368, 11.695182029726936 ], [ 39.435040883430077, 11.695144397595925 ], [ 39.430250173306888, 11.711920251218658 ], [ 39.459689211587886, 11.728786355406044 ], [ 39.463877319282915, 11.750305195728231 ], [ 39.422031734976656, 11.758356933925427 ], [ 39.441610565874953, 11.780881543648377 ], [ 39.428473601275755, 11.797292079166198 ], [ 39.43972708873423, 11.820110313939892 ], [ 39.413023998558742, 11.829135227408869 ], [ 39.376376340096044, 11.82910963720002 ], [ 39.349936487778734, 11.84939598004047 ], [ 39.252653369557436, 11.786663151982907 ], [ 39.248737802307801, 11.70414807177616 ], [ 39.176108852441644, 11.68083860391846 ], [ 39.149389670696792, 11.643682348261791 ], [ 39.115960933150575, 11.638923273590251 ], [ 39.047960920659989, 11.557479622286792 ], [ 38.975963666290227, 11.525483767362005 ], [ 39.011089872399737, 11.463555006058755 ], [ 38.985594427840624, 11.427512842243914 ], [ 38.99527094779603, 11.398771426060534 ], [ 38.957441331052621, 11.393978639402746 ], [ 38.929341070334203, 11.346446827059481 ], [ 38.899550702003353, 11.350924879779427 ], [ 38.891393422068802, 11.376801181829137 ], [ 38.84779587298118, 11.385803841574102 ], [ 38.798019577641469, 11.368647650268883 ], [ 38.727579777284973, 11.419114260714593 ], [ 38.706921980265236, 11.416392002988573 ], [ 38.707334475905384, 11.510503466861564 ], [ 38.723389320560727, 11.541925310604654 ], [ 38.649234894774622, 11.601581208106325 ], [ 38.630631639438661, 11.641697256723091 ], [ 38.63743003117105, 11.701014811284551 ], [ 38.60216553001527, 11.753724427140639 ], [ 38.561399993714815, 11.773644337616133 ], [ 38.557231628836632, 11.798642294306489 ], [ 38.574772356758899, 11.822945989665754 ], [ 38.548733351163264, 11.853034240437921 ], [ 38.603179883444909, 11.955166926712366 ], [ 38.634407977246383, 11.97629546756184 ], [ 38.64178116526864, 12.029534055652221 ], [ 38.608442385108049, 12.076097466325052 ], [ 38.569438180028044, 12.085520999794369 ], [ 38.532813001019235, 12.123535780651821 ], [ 38.504787592673324, 12.114735868565504 ], [ 38.486544495132421, 12.12888007565499 ], [ 38.461912418623285, 12.213515284203027 ], [ 38.444613825068018, 12.227454032177889 ], [ 38.472989245956967, 12.306071152062088 ], [ 38.503511183994021, 12.286181242970031 ], [ 38.567676970216041, 12.296770025316448 ], [ 38.674056941374772, 12.273723639734214 ], [ 38.740598116809679, 12.297349840722632 ], [ 38.813565578688554, 12.267882954035144 ], [ 38.842012930052704, 12.281357585284354 ], [ 38.98955391977762, 12.254699874000039 ], [ 39.055814118227033, 12.209902045642934 ], [ 39.028519791255405, 12.183155159383148 ], [ 39.096857459604109, 12.167299553231828 ], [ 39.121689735093241, 12.117089508573997 ], [ 39.16467992793639, 12.152314587947899 ], [ 39.161297683841099, 12.20022169007899 ], [ 39.196011153292147, 12.201894033382985 ], [ 39.264498222415057, 12.329293715732433 ], [ 39.290874255242727, 12.296071960752442 ], [ 39.419514241189347, 12.296596725958182 ], [ 39.455564056436117, 12.325027174564525 ], [ 39.522661951787711, 12.326414028984289 ] ] ] ] } },
{ "type": "Feature", "properties": { "loc": "ET-A2-0304" }, "geometry": { "type": "Polygon", "coordinates": [ [ [ 40.01528554139469, 11.645552542415942 ], [ 39.993314069588678, 11.583797259436039 ], [ 40.054877989427723, 11.487684908331914 ], [ 40.06663797236456, 11.43210612060102 ], [ 40.014429384108837, 11.424092255553205 ], [ 39.970761481057536, 11.372014206590393 ], [ 39.84656727925659, 11.319184031218128 ], [ 39.859409884058948, 11.308918372584856 ], [ 39.85605180384772, 11.275309820092161 ], [ 39.885930714930623, 11.241546900768924 ], [ 39.917572989701739, 11.251589853089285 ], [ 39.919718499609132, 11.223068991141076 ], [ 39.973701341443814, 11.189669290905101 ], [ 39.954922893676667, 11.116654044448637 ], [ 40.010741419980604, 11.010627940327254 ], [ 40.049950522098982, 10.981214885258794 ], [ 40.029514809061254, 10.949290301606197 ], [ 40.017102019942342, 10.95866311601003 ], [ 40.018141584066882, 10.936934695879586 ], [ 40.103613326693733, 10.875985409599025 ], [ 39.968579402917157, 10.857716027572678 ], [ 39.969200865027972, 10.83862457796198 ], [ 39.957562170957488, 10.847178871707627 ], [ 39.944516790617456, 10.831905993866599 ], [ 39.934603846090681, 10.845228794373384 ], [ 39.955544625584082, 10.868777676148909 ], [ 39.934092518554962, 10.885306084008619 ], [ 39.933652798637809, 10.910020747059889 ], [ 39.826667169154575, 10.876815786019733 ], [ 39.819086253028217, 10.91160585882335 ], [ 39.803734882358981, 10.890931706732943 ], [ 39.789301450601499, 10.894172848997812 ], [ 39.789861758813174, 10.87923839683458 ], [ 39.744504946945824, 10.8930596726658 ], [ 39.718186676673838, 10.874705328987773 ], [ 39.66451825491356, 10.89728151483007 ], [ 39.691892215953033, 10.842056822564359 ], [ 39.709916019208947, 10.837430087628491 ], [ 39.692727175318964, 10.826214458030847 ], [ 39.710264619816428, 10.802104062952196 ], [ 39.686880715073016, 10.788396887706256 ], [ 39.713245408348996, 10.768899186448323 ], [ 39.708746024609411, 10.727147393337589 ], [ 39.67211661518968, 10.722051779765877 ], [ 39.648636367874133, 10.739772835248175 ], [ 39.526256419698086, 10.632909143941902 ], [ 39.506493756581676, 10.679275460993779 ], [ 39.483484093016557, 10.67369160818123 ], [ 39.472211807928659, 10.564279511590257 ], [ 39.498483997838264, 10.509488504790738 ], [ 39.467019481264117, 10.469379564415419 ], [ 39.452760178939172, 10.415634533007335 ], [ 39.40387943209015, 10.340324553035771 ], [ 39.321438445228125, 10.284199576449339 ], [ 39.276053587103434, 10.200209967815795 ], [ 39.220449655227469, 10.159923664945211 ], [ 39.171326669690131, 10.185871024228447 ], [ 39.201826883703745, 10.240648675196269 ], [ 39.246239712292947, 10.280443336690666 ], [ 39.248883074294497, 10.304755622374103 ], [ 39.210573063995753, 10.282648376321561 ], [ 39.184089322064608, 10.286725240577425 ], [ 39.169910001845153, 10.324012574220944 ], [ 39.142489015255876, 10.341093739584437 ], [ 39.076902149114915, 10.313964566811364 ], [ 39.065784223663059, 10.38662915141424 ], [ 38.97418131611488, 10.333126052025705 ], [ 38.939957660617608, 10.352218122168665 ], [ 38.772146040107714, 10.366160703054049 ], [ 38.738243771732755, 10.385626615076262 ], [ 38.49100432399041, 10.36748870673847 ], [ 38.488780832969098, 10.483930667066659 ], [ 38.461687250865964, 10.593997121170275 ], [ 38.507608730858294, 10.67423556222144 ], [ 38.507320115031348, 10.748056779296974 ], [ 38.531235919302276, 10.789898126897072 ], [ 38.508099406362589, 10.842323645120189 ], [ 38.523692278276087, 10.900639273084039 ], [ 38.491626016327643, 10.9643341841753 ], [ 38.472748564894403, 11.077242807109883 ], [ 38.519777041976965, 11.146379338735528 ], [ 38.577272294880572, 11.188728026277431 ], [ 38.574064126258463, 11.230592224751433 ], [ 38.629577725731508, 11.300929702943506 ], [ 38.656390284983729, 11.385361656615203 ], [ 38.725869454711642, 11.419543383920086 ], [ 38.798019577641469, 11.368647650268883 ], [ 38.84779587298118, 11.385803841574102 ], [ 38.891393422068802, 11.376801181829137 ], [ 38.899550702003353, 11.350924879779427 ], [ 38.929341070334203, 11.346446827059481 ], [ 38.957441331052621, 11.393978639402746 ], [ 38.99527094779603, 11.398771426060534 ], [ 38.985594427840624, 11.427512842243914 ], [ 39.011089872399737, 11.463555006058755 ], [ 38.975963666290227, 11.525483767362005 ], [ 39.047960920659989, 11.557479622286792 ], [ 39.115960933150575, 11.638923273590251 ], [ 39.149389670696792, 11.643682348261791 ], [ 39.176108852441644, 11.68083860391846 ], [ 39.248737802307801, 11.70414807177616 ], [ 39.252653369557436, 11.786663151982907 ], [ 39.349936487778734, 11.84939598004047 ], [ 39.376376340096044, 11.82910963720002 ], [ 39.413023998558742, 11.829135227408869 ], [ 39.43972708873423, 11.820110313939892 ], [ 39.428473601275755, 11.797292079166198 ], [ 39.441610565874953, 11.780881543648377 ], [ 39.422031734976656, 11.758356933925427 ], [ 39.463877319282915, 11.750305195728231 ], [ 39.459689211587886, 11.728786355406044 ], [ 39.430250173306888, 11.711920251218658 ], [ 39.435040883430077, 11.695144397595925 ], [ 39.409481664347368, 11.695182029726936 ], [ 39.358083088263982, 11.658765290186068 ], [ 39.334038441720736, 11.596822422117157 ], [ 39.467330671873071, 11.594084436147853 ], [ 39.511678936333908, 11.665912090070947 ], [ 39.546557276697001, 11.676184576357173 ], [ 39.548910469742452, 11.712382331879155 ], [ 39.576314892618257, 11.708903237094773 ], [ 39.591517588266129, 11.642135476571013 ], [ 39.578731149722842, 11.611222804688737 ], [ 39.606634872601319, 11.561997041929999 ], [ 39.58492871878542, 11.5242182287883 ], [ 39.626459132982632, 11.529182473892092 ], [ 39.642132247805023, 11.509365399093952 ], [ 39.662411551651815, 11.509861964258278 ], [ 39.673256573332253, 11.471572274141181 ], [ 39.70460513581844, 11.483259549588581 ], [ 39.730674722860215, 11.471217478104165 ], [ 39.793274391000409, 11.477124361100437 ], [ 39.848550796981726, 11.517386032439504 ], [ 39.863573002292298, 11.555788847377471 ], [ 39.963817886586241, 11.626814955345935 ], [ 40.01528554139469, 11.645552542415942 ] ], [ [ 39.433046285158014, 11.821283938203237 ], [ 39.433339310360964, 11.821343104600658 ], [ 39.432416665296898, 11.821161106100192 ], [ 39.433046285158014, 11.821283938203237 ] ] ] } },
{ "type": "Feature", "properties": { "loc": "ET-A2-0305" }, "geometry": { "type": "Polygon", "coordinates": [ [ [ 39.249522225170587, 9.135586014982691 ], [ 39.188588720193316, 9.209260136246291 ], [ 39.21368254191583, 9.2281218657316 ], [ 39.177743711103439, 9.271073861669423 ], [ 39.233662218636546, 9.293612356924799 ], [ 39.266168845316031, 9.244486982788116 ], [ 39.284730564563972, 9.277537372851521 ], [ 39.266205775975806, 9.288451741254891 ], [ 39.264416274391557, 9.324190966639803 ], [ 39.285437599865389, 9.315796520193311 ], [ 39.30654529083256, 9.366090151439357 ], [ 39.325117202097246, 9.380519216988317 ], [ 39.356705941126314, 9.369031534377905 ], [ 39.394851968143882, 9.391904554051935 ], [ 39.420409206020111, 9.371451717922499 ], [ 39.453874522591249, 9.401201864074862 ], [ 39.447705766008369, 9.432491261062905 ], [ 39.393927235753402, 9.4550485503503 ], [ 39.37274111041399, 9.446830610244463 ], [ 39.363082137130924, 9.473860613876264 ], [ 39.309691863089093, 9.467680756062071 ], [ 39.29409518434538, 9.491740781012306 ], [ 39.312939913945897, 9.535559985105282 ], [ 39.329693780943273, 9.52655733075626 ], [ 39.376473448890579, 9.567334509679961 ], [ 39.385858661348173, 9.630821438158845 ], [ 39.352048529416152, 9.622053936739841 ], [ 39.370114788766543, 9.699377299123126 ], [ 39.344486328181603, 9.699004271130276 ], [ 39.346716413032077, 9.725141557337027 ], [ 39.320450965339816, 9.724124522129065 ], [ 39.297855516019332, 9.748032986133461 ], [ 39.28758412330874, 9.733964614375514 ], [ 39.268117776014634, 9.739742060647663 ], [ 39.228063056664787, 9.693712075651808 ], [ 39.184172577702334, 9.720062339305615 ], [ 39.184024694983734, 9.68575729606246 ], [ 39.155690855148926, 9.688694825405877 ], [ 39.139302682173103, 9.740658277357719 ], [ 39.09768602389093, 9.735442106068417 ], [ 39.092213444195124, 9.763080850001318 ], [ 38.990104349835931, 9.745970873956713 ], [ 38.974420310948652, 9.76110507004301 ], [ 38.952088058117482, 9.738662724904925 ], [ 38.96025275116358, 9.71075713683244 ], [ 38.934733068076675, 9.727943275561737 ], [ 38.904419831210348, 9.710338782109131 ], [ 38.821505268553359, 9.78449760558008 ], [ 38.790852865867151, 9.882626781700656 ], [ 38.79686775834049, 9.967724847024142 ], [ 38.67381510738138, 10.015149481763244 ], [ 38.657235115308332, 10.051451996612384 ], [ 38.721357445389835, 10.051443836164156 ], [ 38.852601260939466, 10.118053046211175 ], [ 38.832683441387736, 10.212113422296634 ], [ 38.860843764228349, 10.277980959653634 ], [ 38.851505899277825, 10.364199047847835 ], [ 38.976066310411959, 10.333221920655147 ], [ 39.065784223663037, 10.386629151414253 ], [ 39.076902149114957, 10.313964566811409 ], [ 39.142489015255912, 10.341093739584464 ], [ 39.169910001845189, 10.324012574220989 ], [ 39.184089322064573, 10.286725240577423 ], [ 39.210573063995788, 10.282648376321548 ], [ 39.248431983349406, 10.305314917949184 ], [ 39.246239712292983, 10.280443336690661 ], [ 39.201826883703781, 10.240648675196242 ], [ 39.171326669690174, 10.185871024228446 ], [ 39.221719294709757, 10.160342025064475 ], [ 39.277550380046087, 10.202053239865174 ], [ 39.321438445228161, 10.284199576449362 ], [ 39.403879432090129, 10.340324553035787 ], [ 39.452760178939137, 10.415634533007347 ], [ 39.467019481264089, 10.469379564415418 ], [ 39.49848399783825, 10.509488504790712 ], [ 39.472211807928623, 10.564279511590238 ], [ 39.48348409301655, 10.67369160818127 ], [ 39.506493756581719, 10.679275460993756 ], [ 39.5262564196981, 10.632909143941918 ], [ 39.648636367874133, 10.739772835248198 ], [ 39.675600103162324, 10.721757099810327 ], [ 39.712489401364834, 10.737774082108311 ], [ 39.72787810379149, 10.708576251892579 ], [ 39.813397989825425, 10.734062440629168 ], [ 39.817432387194941, 10.689765537349762 ], [ 39.880970428642435, 10.696278601176603 ], [ 39.834277560561006, 10.654033240341834 ], [ 39.83956703289234, 10.62458796796041 ], [ 39.860564192683391, 10.622563049045555 ], [ 39.865657367293714, 10.574920140751933 ], [ 39.917060576684328, 10.531758469677657 ], [ 39.938495890672833, 10.487721269920671 ], [ 39.929208887779986, 10.472367493565029 ], [ 39.947831045066685, 10.395110856380976 ], [ 39.933661620087747, 10.3744627306705 ], [ 39.981356985836278, 10.350239923933371 ], [ 39.949931794816486, 10.336816444323551 ], [ 39.92318790329913, 10.296727956330178 ], [ 39.944115386316049, 10.256997563986472 ], [ 39.929003515899595, 10.256613027369346 ], [ 39.926354695013231, 10.239196522801288 ], [ 39.952024787913629, 10.217610357432063 ], [ 39.929412243380433, 10.129349049119343 ], [ 39.948101408253457, 10.110211036210428 ], [ 39.982013324555297, 10.126079535042534 ], [ 39.990152638733321, 10.110456267842585 ], [ 39.962389257758133, 10.090816914369141 ], [ 39.930608749993866, 10.099599938986072 ], [ 39.923773935718607, 10.068631436291833 ], [ 39.943444662041614, 10.059189887603273 ], [ 39.924699312922982, 10.014096157112009 ], [ 39.947354193041619, 9.993374848170768 ], [ 40.043159375305017, 9.991030511648793 ], [ 40.088842507076059, 9.934805461203124 ], [ 40.063559105568345, 9.902413106879395 ], [ 40.058430127148682, 9.864339006739877 ], [ 40.07069285179373, 9.857416647959996 ], [ 40.011025415990233, 9.818556825437232 ], [ 39.991154010449272, 9.756725604603025 ], [ 40.009369776693902, 9.732856664003888 ], [ 39.954730653696714, 9.730248808136013 ], [ 39.862140286944715, 9.753959041776374 ], [ 39.839127550396171, 9.723559837816333 ], [ 39.8837955490254, 9.610633282400096 ], [ 39.877146613825211, 9.576569404054771 ], [ 39.847578563300132, 9.564292123882447 ], [ 39.857324161081266, 9.547084830400623 ], [ 39.837525826355837, 9.501899081277623 ], [ 39.872525837797269, 9.45926131565721 ], [ 39.878645854722507, 9.400410610861067 ], [ 39.821455805640994, 9.417440210897068 ], [ 39.785192558789596, 9.395607150149923 ], [ 39.791478890038746, 9.369819571616036 ], [ 39.749826329921198, 9.369215017659007 ], [ 39.778879463716308, 9.309863885110206 ], [ 39.844136254384708, 9.314182702969367 ], [ 39.885989053951718, 9.269359402214663 ], [ 39.857005401777954, 9.270074116827045 ], [ 39.873029772905753, 9.22729240122341 ], [ 39.813013315612054, 9.171110356357906 ], [ 39.817420678921209, 9.136314175358953 ], [ 39.74245210857795, 9.091257814396672 ], [ 39.748012873994973, 8.910277914893951 ], [ 39.733277202580872, 8.826240115189234 ], [ 39.662137226951501, 8.813192483846057 ], [ 39.617022723020291, 8.786868968727992 ], [ 39.561986770573085, 8.817839618103998 ], [ 39.551786236345755, 8.768750596362986 ], [ 39.500750191368326, 8.714812529974294 ], [ 39.449226619413004, 8.752237943726184 ], [ 39.417751568180357, 8.814541965139613 ], [ 39.378163999868811, 8.79117148997234 ], [ 39.37710117028287, 8.730897078337554 ], [ 39.361069287117942, 8.720949890325249 ], [ 39.324542075756298, 8.746886869633377 ], [ 39.29898255540062, 8.718513633197658 ], [ 39.27044801386478, 8.724513068123665 ], [ 39.271993109394522, 8.783044546868348 ], [ 39.243854954842362, 8.827681300351822 ], [ 39.265526488356763, 8.843076093886717 ], [ 39.237491155992167, 8.862024795008319 ], [ 39.265381443898541, 8.922385085603226 ], [ 39.258599612282339, 8.962636106271384 ], [ 39.288188396677235, 8.998978410725114 ], [ 39.296751315820678, 9.053268949302575 ], [ 39.357012270899681, 9.062080325946367 ], [ 39.323169034023721, 9.148786460027205 ], [ 39.249522225170587, 9.135586014982691 ] ] ] } },
{ "type": "Feature", "properties": { "loc": "ET-A2-0306" }, "geometry": { "type": "Polygon", "coordinates": [ [ [ 38.472445247849976, 11.040131935740305 ], [ 38.523350892929443, 10.90217019709695 ], [ 38.508099406362589, 10.842323645120189 ], [ 38.531235919302276, 10.789898126897072 ], [ 38.507320115031348, 10.748056779296974 ], [ 38.507608730858294, 10.67423556222144 ], [ 38.461687250865964, 10.593997121170275 ], [ 38.488621816643558, 10.485019728078043 ], [ 38.482978024016631, 10.412200354862534 ], [ 38.496193081245735, 10.363573171864459 ], [ 38.476676644411668, 10.363259955082924 ], [ 38.454191224445481, 10.246689368319721 ], [ 38.419384805564391, 10.219846974058669 ], [ 38.425724644676677, 10.171756063991211 ], [ 38.397499997826685, 10.144277914694044 ], [ 38.366302158118174, 10.140485495209475 ], [ 38.340049560838622, 10.156221879136467 ], [ 38.321809509301488, 10.10718679333587 ], [ 38.295274990748283, 10.089247868993994 ], [ 38.252375597955506, 10.088427973272417 ], [ 38.24042665126899, 10.102633867559007 ], [ 38.150565227803099, 10.035121650943495 ], [ 38.130939687916339, 10.047449623201601 ], [ 38.118277216420438, 10.017750536957749 ], [ 38.087563259636795, 10.020250807828575 ], [ 38.043585955627407, 9.9697797898055 ], [ 37.932837885560048, 9.941279311890753 ], [ 37.93007431028127, 9.914587167363948 ], [ 37.893029140682359, 9.92725891087008 ], [ 37.816021511383724, 9.867150362998927 ], [ 37.700652078930375, 9.836714383961692 ], [ 37.618226763654263, 9.893889540270095 ], [ 37.529236928941145, 9.99617677323954 ], [ 37.444469593796782, 10.014559266596905 ], [ 37.398275412380428, 10.046150452681275 ], [ 37.362194709018638, 10.043178533262733 ], [ 37.344751175326508, 10.005818235822971 ], [ 37.323254586030373, 10.008101796160986 ], [ 37.28771184362671, 10.062879182728125 ], [ 37.2204995176387, 10.083913319044484 ], [ 37.190737458167234, 10.111555896787252 ], [ 37.167702323103754, 10.163273346387882 ], [ 37.195997440829274, 10.230910795396937 ], [ 37.087101870754793, 10.259494064899229 ], [ 37.045871990200226, 10.288399330364825 ], [ 37.145563597182331, 10.340731609576153 ], [ 37.205691163016809, 10.321455699121259 ], [ 37.253425794964528, 10.325140051572191 ], [ 37.280355224713901, 10.361199995883169 ], [ 37.274979811369235, 10.385743014328682 ], [ 37.308417598793199, 10.43940809690622 ], [ 37.305714108119673, 10.458924950126402 ], [ 37.421879963989227, 10.49172567490001 ], [ 37.453819950330512, 10.486292756205785 ], [ 37.507425503184493, 10.534805290032182 ], [ 37.575362866203363, 10.554199172653739 ], [ 37.578558992003934, 10.584251140277956 ], [ 37.651160336280554, 10.68086122386643 ], [ 37.649066377311499, 10.700397968291668 ], [ 37.774831263951739, 10.74163743022325 ], [ 37.753189260575994, 10.762533326351956 ], [ 37.717862779044083, 10.763059236394668 ], [ 37.691922787906378, 10.842139650124807 ], [ 37.711550963706088, 10.987711835033224 ], [ 37.747222923399249, 11.015031679368576 ], [ 37.751661060609536, 11.084526419059046 ], [ 37.700116638771931, 11.042762754897296 ], [ 37.673391290375775, 11.060312129800991 ], [ 37.679008175287095, 11.073676507764674 ], [ 37.643599590148995, 11.088792369372413 ], [ 37.66458870640372, 11.106304998876624 ], [ 37.715103010595499, 11.111911677382068 ], [ 37.703714384711134, 11.137243499288104 ], [ 37.821217432638434, 11.168186758012496 ], [ 37.826766678639387, 11.230553079061394 ], [ 37.854185216374674, 11.239158662941975 ], [ 37.876205693138274, 11.21639425169343 ], [ 37.927434648090582, 11.20976410063281 ], [ 37.948365606987238, 11.191344138821023 ], [ 37.993063022440595, 11.20116406556923 ], [ 38.018358528823114, 11.173350504222469 ], [ 38.076442021082471, 11.157097821307445 ], [ 38.15691195931953, 11.160300519353541 ], [ 38.200046190279522, 11.139311162080503 ], [ 38.295858734393107, 11.150536068185033 ], [ 38.390144271041322, 11.08534791917117 ], [ 38.436816229885153, 11.085687519363603 ], [ 38.472445247849976, 11.040131935740305 ] ] ] } },
{ "type": "Feature", "properties": { "loc": "ET-A2-0307" }, "geometry": { "type": "MultiPolygon", "coordinates": [ [ [ [ 37.310890423254477, 11.893305985982522 ], [ 37.309312407141931, 11.886803728409404 ], [ 37.307024946444187, 11.893287443760585 ], [ 37.310890423254477, 11.893305985982522 ] ] ], [ [ [ 36.986039464050066, 11.907479228583554 ], [ 37.032833423124032, 11.878999986360327 ], [ 37.048332422903059, 11.835888986687451 ], [ 37.079918423496508, 11.825499985136275 ], [ 37.096222423526058, 11.797805985058233 ], [ 37.111332423352735, 11.801305985482884 ], [ 37.109001422877441, 11.839499985935674 ], [ 37.129249423122417, 11.848582986615611 ], [ 37.119361423091277, 11.824832984954355 ], [ 37.137500423206006, 11.800804985761545 ], [ 37.183723423397339, 11.802221985456299 ], [ 37.23213942309593, 11.826416985155788 ], [ 37.277999423634526, 11.807833985250284 ], [ 37.313221423729772, 11.773527985128453 ], [ 37.303195423629973, 11.733722985027782 ], [ 37.35711342344581, 11.69330598548288 ], [ 37.326138290949416, 11.682060489400101 ], [ 37.316034702739387, 11.692365740686455 ], [ 37.291778423235712, 11.654554985424284 ], [ 37.385917423450394, 11.5941389854259 ], [ 37.395050850016787, 11.611143354082571 ], [ 37.408742395944842, 11.60385614844256 ], [ 37.435997716621387, 11.708890398373228 ], [ 37.427129792406049, 11.732129332402792 ], [ 37.44299239078623, 11.719968769842922 ], [ 37.496972522064311, 11.73165711098693 ], [ 37.503656677413801, 11.698261934340849 ], [ 37.543483186599815, 11.648889862677095 ], [ 37.512594211853468, 11.628942664972044 ], [ 37.51936718424821, 11.592974456905722 ], [ 37.549789645575743, 11.578559403693589 ], [ 37.54298188740421, 11.561878501391789 ], [ 37.556445033411592, 11.54545048485204 ], [ 37.573646587420114, 11.549733810966643 ], [ 37.59240111591879, 11.510234396000612 ], [ 37.617090545792109, 11.527819021630592 ], [ 37.629097335973313, 11.520283151646197 ], [ 37.644493802247212, 11.491217609904822 ], [ 37.625779226130419, 11.481275482377669 ], [ 37.633732767353365, 11.456361622191139 ], [ 37.735642308445847, 11.305403152033875 ], [ 37.854185216374674, 11.239158662941975 ], [ 37.824935015038989, 11.228057707697076 ], [ 37.821217432638434, 11.168186758012496 ], [ 37.703714384711134, 11.137243499288104 ], [ 37.715103010595499, 11.111911677382068 ], [ 37.66458870640372, 11.106304998876624 ], [ 37.643599590148995, 11.088792369372413 ], [ 37.679008175287095, 11.073676507764674 ], [ 37.673391290375775, 11.060312129800991 ], [ 37.700116638771931, 11.042762754897296 ], [ 37.751661060609536, 11.084526419059046 ], [ 37.747222923399249, 11.015031679368576 ], [ 37.711550963706088, 10.987711835033224 ], [ 37.691922787906378, 10.842139650124807 ], [ 37.717862779044083, 10.763059236394668 ], [ 37.753189260575994, 10.762533326351956 ], [ 37.774831263951739, 10.74163743022325 ], [ 37.649066377311499, 10.700397968291668 ], [ 37.651160336280554, 10.68086122386643 ], [ 37.578558992003934, 10.584251140277956 ], [ 37.575362866203363, 10.554199172653739 ], [ 37.507425503184493, 10.534805290032182 ], [ 37.453819950330512, 10.486292756205785 ], [ 37.421879963989227, 10.49172567490001 ], [ 37.305714108119673, 10.458924950126402 ], [ 37.308417598793199, 10.43940809690622 ], [ 37.274979811369235, 10.385743014328682 ], [ 37.280355224713901, 10.361199995883169 ], [ 37.251988053306093, 10.324288297367104 ], [ 37.145563597182331, 10.340731609576153 ], [ 37.047992997179108, 10.288587838158264 ], [ 37.013265299554007, 10.284938672581745 ], [ 36.979920798805892, 10.314026480637608 ], [ 36.897961210041842, 10.312848152919969 ], [ 36.86924151608315, 10.340692899158 ], [ 36.80659842777527, 10.335371293150729 ], [ 36.761759886209859, 10.367309494337746 ], [ 36.691653522991771, 10.357319884405172 ], [ 36.685399334411784, 10.317595047173711 ], [ 36.668325410389457, 10.313818870344619 ], [ 36.605471512900067, 10.364720049390826 ], [ 36.53924494279994, 10.364979386889217 ], [ 36.520496153774502, 10.399559640664961 ], [ 36.54622850314297, 10.45689689527552 ], [ 36.52855023200766, 10.495603172948108 ], [ 36.610420259987052, 10.538836223213195 ], [ 36.684429039668487, 10.557297921661814 ], [ 36.728650700269668, 10.52332686774082 ], [ 36.744750536208358, 10.529510297662171 ], [ 36.752061354448017, 10.58338680096017 ], [ 36.778607137009828, 10.579617283610787 ], [ 36.82476506855312, 10.622390835168972 ], [ 36.824529131414351, 10.664019903196049 ], [ 36.859742660795234, 10.680622191261193 ], [ 36.918878696194952, 10.667359030195144 ], [ 36.938147145874154, 10.726389379965951 ], [ 36.961776509778133, 10.705258594408633 ], [ 36.976743827665587, 10.711274095723013 ], [ 36.965093407334905, 10.732196388752413 ], [ 36.979107410578592, 10.723151819700774 ], [ 37.01355061037242, 10.762883653657752 ], [ 37.013057429356934, 10.734754665895139 ], [ 37.027800509386054, 10.741431152725568 ], [ 37.024753989405156, 10.758411033742277 ], [ 37.06463540400074, 10.762584760378445 ], [ 37.059481385757408, 10.793118618929157 ], [ 37.074645206411219, 10.782211412726554 ], [ 37.100656621705753, 10.79633994823007 ], [ 37.091705931083879, 10.826994893299741 ], [ 37.124116506571568, 10.828339576710164 ], [ 37.129595937302724, 10.853643000723935 ], [ 37.115074353098976, 10.864053416032391 ], [ 37.113039651358861, 10.910784862331582 ], [ 37.081206258961743, 10.944241620054754 ], [ 37.102084069724071, 10.966507690877279 ], [ 37.133786772641486, 10.960361154743566 ], [ 37.133016654395135, 10.972403183060521 ], [ 37.10725514001274, 11.010220124758973 ], [ 37.113470620872533, 11.034782285274275 ], [ 37.09458170038522, 11.028039131700609 ], [ 37.095764594860213, 11.011173112948825 ], [ 37.073590513891133, 11.0597862206576 ], [ 37.088925818172015, 11.098751664957433 ], [ 37.075030363560472, 11.1129415549089 ], [ 37.071350196554363, 11.179344506343966 ], [ 37.006544307973513, 11.182322370281213 ], [ 37.010302826614236, 11.210372779780016 ], [ 36.99327961985864, 11.21579934206602 ], [ 36.981154010349371, 11.254046478062548 ], [ 36.926626125395444, 11.257777913619861 ], [ 36.941807750827081, 11.304840148554035 ], [ 36.882272690732123, 11.315109757009736 ], [ 36.865821554421245, 11.347633640779975 ], [ 36.746181619286347, 11.442629944016744 ], [ 36.719154818140396, 11.419094310154321 ], [ 36.650484642552271, 11.404038173423032 ], [ 36.663264465682573, 11.464373267712176 ], [ 36.651616308945563, 11.508788964239329 ], [ 36.623107398087996, 11.533595977772222 ], [ 36.552001055304515, 11.522793630721537 ], [ 36.550369739971586, 11.53479390531453 ], [ 36.700167412895837, 11.68144789640337 ], [ 36.789217414951793, 11.676641528184007 ], [ 36.846105470790917, 11.742690766365797 ], [ 36.882282566187541, 11.740091740041805 ], [ 36.860470751923742, 11.786702937990242 ], [ 36.870907724212145, 11.843168143395133 ], [ 36.94801778898983, 11.867938196590558 ], [ 36.986039464050066, 11.907479228583554 ] ] ], [ [ [ 37.269001423277132, 11.942749986322838 ], [ 37.293861423066289, 11.927249986497714 ], [ 37.29666535811981, 11.897634506627242 ], [ 37.249439758638005, 11.884668962702506 ], [ 37.24360418378609, 11.91725283844778 ], [ 37.269001423277132, 11.942749986322838 ] ] ] ] } },
{ "type": "Feature", "properties": { "loc": "ET-A2-0308" }, "geometry": { "type": "MultiPolygon", "coordinates": [ [ [ [ 38.349558615337855, 12.897617894150528 ], [ 38.351992956010179, 12.897510374804028 ], [ 38.349895423135308, 12.897600871782856 ], [ 38.349558615337855, 12.897617894150528 ] ] ], [ [ [ 38.361579500593507, 12.906194790557208 ], [ 38.361821438908351, 12.906960982363501 ], [ 38.362794052103879, 12.908111753954358 ], [ 38.361579500593507, 12.906194790557208 ] ] ], [ [ [ 38.352501286105507, 12.908469265943893 ], [ 38.352652784998099, 12.906459944870619 ], [ 38.35248477455275, 12.908543452818151 ], [ 38.352501286105507, 12.908469265943893 ] ] ], [ [ [ 38.361579500593507, 12.906194790557208 ], [ 38.386598110214663, 12.891554957195581 ], [ 38.381372413306281, 12.910592585979089 ], [ 38.398265560107575, 12.920714255958217 ], [ 38.370690225573526, 12.946201158756537 ], [ 38.335744597035557, 12.952382771147995 ], [ 38.340557933202092, 12.97713323261263 ], [ 38.370481248311023, 12.986080379905673 ], [ 38.352821718147823, 13.022546228725503 ], [ 38.380990914599067, 13.007781580255767 ], [ 38.378724718371132, 13.065339293773434 ], [ 38.412152138410534, 13.067762104237772 ], [ 38.424095930183057, 13.094919852069552 ], [ 38.448562310202533, 13.057123923930021 ], [ 38.464828482948178, 13.084767641113785 ], [ 38.503588222618419, 13.083266013415823 ], [ 38.4897345604017, 13.102666215573436 ], [ 38.510815290593257, 13.155868725561277 ], [ 38.495275715202126, 13.185984173630743 ], [ 38.550165937008444, 13.171109220614085 ], [ 38.534145516602337, 13.199216562594358 ], [ 38.559710924819399, 13.199070390386282 ], [ 38.548872716402798, 13.223933632231365 ], [ 38.575965302057114, 13.245943279358926 ], [ 38.572660299833046, 13.292448088408605 ], [ 38.589086515930035, 13.300226864378317 ], [ 38.628327921696268, 13.30942665011986 ], [ 38.739521761420178, 13.293518655761432 ], [ 38.731588079026665, 13.262275644005797 ], [ 38.800690765566458, 13.247309865757757 ], [ 38.863105411685467, 13.209497661687806 ], [ 38.95174191805512, 13.237514727922417 ], [ 38.955824073921917, 13.212013189557126 ], [ 38.997367780099012, 13.203404457150043 ], [ 39.036024372027214, 13.169948423381072 ], [ 39.036933943646659, 13.134239247943015 ], [ 38.978601887766956, 13.098962084332754 ], [ 39.000219105827114, 13.003443775909602 ], [ 39.053611421330061, 12.990669566347435 ], [ 39.082858956175926, 12.959272310968402 ], [ 39.141864794025082, 12.955839862219932 ], [ 39.258728715357961, 12.914682269171408 ], [ 39.27902283463618, 12.856247515210725 ], [ 39.302989732989829, 12.870121856438573 ], [ 39.310131697220129, 12.852206845969192 ], [ 39.27768562908858, 12.826024042375707 ], [ 39.307215578935882, 12.811652771758077 ], [ 39.303601988740866, 12.79331527328128 ], [ 39.267663774863365, 12.771334965636186 ], [ 39.280482183406093, 12.688008258974037 ], [ 39.174401277297136, 12.643480482638211 ], [ 39.229773856778138, 12.501081518697163 ], [ 39.245529418747708, 12.352944383676402 ], [ 39.264498222415057, 12.329293715732433 ], [ 39.196011153292147, 12.201894033382985 ], [ 39.161297683841099, 12.20022169007899 ], [ 39.16467992793639, 12.152314587947899 ], [ 39.141487985282367, 12.127464728014843 ], [ 39.121689735093241, 12.117089508573997 ], [ 39.095204003861738, 12.168161521936725 ], [ 39.041846045158934, 12.170806796796285 ], [ 39.025699195361653, 12.190429433671454 ], [ 39.055814118227033, 12.209902045642934 ], [ 38.98955391977762, 12.254699874000039 ], [ 38.842012930052704, 12.281357585284354 ], [ 38.813565578688554, 12.267882954035144 ], [ 38.740598116809679, 12.297349840722632 ], [ 38.674056941374772, 12.273723639734214 ], [ 38.567676970216041, 12.296770025316448 ], [ 38.503511183994021, 12.286181242970031 ], [ 38.472989245956967, 12.306071152062088 ], [ 38.489113794366176, 12.346097814362679 ], [ 38.440979659283926, 12.404549579899253 ], [ 38.414285080292302, 12.531420654239867 ], [ 38.481400421592241, 12.611916725876256 ], [ 38.45215540394878, 12.674998603302924 ], [ 38.465525961154242, 12.742807211283832 ], [ 38.328272512366595, 12.762806354729548 ], [ 38.361579500593507, 12.906194790557208 ] ] ] ] } },
{ "type": "Feature", "properties": { "loc": "ET-A2-0309" }, "geometry": { "type": "Polygon", "coordinates": [ [ [ 36.395215044838494, 12.02351330319641 ], [ 36.56635916973994, 11.970441740793774 ], [ 36.545916024704809, 11.948650903216674 ], [ 36.556403804192257, 11.93253269772589 ], [ 36.520050413795616, 11.930827870010262 ], [ 36.608577462779749, 11.857763657267014 ], [ 36.618063315669531, 11.816289545126438 ], [ 36.574347235936216, 11.775753044567409 ], [ 36.663680412021449, 11.725523802981172 ], [ 36.654869940095693, 11.641566426949112 ], [ 36.553230288247278, 11.540412615849618 ], [ 36.552001055304515, 11.522793630721537 ], [ 36.623107398087996, 11.533595977772222 ], [ 36.651616308945563, 11.508788964239329 ], [ 36.663264465682573, 11.464373267712176 ], [ 36.650484642552271, 11.404038173423032 ], [ 36.719154818140396, 11.419094310154321 ], [ 36.746181619286347, 11.442629944016744 ], [ 36.865821554421245, 11.347633640779975 ], [ 36.882272690732123, 11.315109757009736 ], [ 36.941807750827081, 11.304840148554035 ], [ 36.926626125395444, 11.257777913619861 ], [ 36.981154010349371, 11.254046478062548 ], [ 36.99327961985864, 11.21579934206602 ], [ 37.010302826614236, 11.210372779780016 ], [ 37.006544307973513, 11.182322370281213 ], [ 37.071350196554363, 11.179344506343966 ], [ 37.075030363560472, 11.1129415549089 ], [ 37.088925818172015, 11.098751664957433 ], [ 37.073590513891133, 11.0597862206576 ], [ 37.095764594860213, 11.011173112948825 ], [ 37.09458170038522, 11.028039131700609 ], [ 37.113470620872533, 11.034782285274275 ], [ 37.10725514001274, 11.010220124758973 ], [ 37.133887396885882, 10.960927974046797 ], [ 37.102084069724071, 10.966507690877279 ], [ 37.081206258961743, 10.944241620054754 ], [ 37.113039651358861, 10.910784862331582 ], [ 37.115074353098976, 10.864053416032391 ], [ 37.129595937302724, 10.853643000723935 ], [ 37.124116506571568, 10.828339576710164 ], [ 37.091705931083879, 10.826994893299741 ], [ 37.100656621705753, 10.79633994823007 ], [ 37.074645206411219, 10.782211412726554 ], [ 37.060441263653445, 10.794320492696613 ], [ 37.065162314988925, 10.763401232381 ], [ 37.024753989405156, 10.758411033742277 ], [ 37.027800509386054, 10.741431152725568 ], [ 37.012280747858256, 10.735180199007004 ], [ 37.015482329845725, 10.763374348947082 ], [ 36.979107410578592, 10.723151819700774 ], [ 36.966439628586045, 10.733400989264283 ], [ 36.976743827665587, 10.711274095723013 ], [ 36.932898876881723, 10.722922694027147 ], [ 36.918878696194952, 10.667359030195144 ], [ 36.859742660795234, 10.680622191261193 ], [ 36.824529131414351, 10.664019903196049 ], [ 36.82476506855312, 10.622390835168972 ], [ 36.778607137009828, 10.579617283610787 ], [ 36.752061354448017, 10.58338680096017 ], [ 36.744750536208358, 10.529510297662171 ], [ 36.728650700269668, 10.52332686774082 ], [ 36.689472586990348, 10.556338142691175 ], [ 36.654795808979429, 10.550512901049615 ], [ 36.537912081877153, 10.5030109246145 ], [ 36.518622389311872, 10.478874608376543 ], [ 36.462711565586346, 10.47918121873829 ], [ 36.435302188345361, 10.452525116341121 ], [ 36.390855295235724, 10.467986198004667 ], [ 36.359132568013649, 10.530315904055783 ], [ 36.326111694599092, 10.523311637721974 ], [ 36.302023956140715, 10.553959756937275 ], [ 36.305875852288807, 10.577947740795651 ], [ 36.281647512922461, 10.604559028176652 ], [ 36.324195132299565, 10.661657177336906 ], [ 36.311269252074396, 10.678806274789792 ], [ 36.31759667334785, 10.70360491923168 ], [ 36.373958821842223, 10.758410501343633 ], [ 36.377216857871758, 10.7857564314142 ], [ 36.341603238099026, 10.788837210169163 ], [ 36.310784277372534, 10.747258692135006 ], [ 36.285242190374845, 10.744582873600791 ], [ 36.282253896999805, 10.803867243178786 ], [ 36.310128110423989, 10.827150270968275 ], [ 36.309142278993022, 10.862546867244191 ], [ 36.35403261611242, 10.937042992240322 ], [ 36.417669668420501, 11.000727714912159 ], [ 36.422564845591182, 11.031367313051078 ], [ 36.489671202663942, 11.068734811362503 ], [ 36.525083925582749, 11.112711627939348 ], [ 36.546418847351958, 11.094625259748 ], [ 36.574988364421529, 11.10070886222428 ], [ 36.549339457749852, 11.137815228889735 ], [ 36.502904680706479, 11.137539041693458 ], [ 36.46760784082926, 11.15540872543238 ], [ 36.460191950298338, 11.226432700208989 ], [ 36.475830750588727, 11.244666323392153 ], [ 36.467142415590047, 11.264992661781946 ], [ 36.494965963008838, 11.288952255841991 ], [ 36.556879115678726, 11.302116364678511 ], [ 36.556418423571415, 11.329487098051175 ], [ 36.534543144150859, 11.335293241689783 ], [ 36.563889813064463, 11.371349055414612 ], [ 36.533094911900719, 11.394058938069577 ], [ 36.512222444010661, 11.458277111599443 ], [ 36.409947646866442, 11.413911715952963 ], [ 36.409544389961695, 11.458302047101824 ], [ 36.444303773400463, 11.492808237210454 ], [ 36.375154938149933, 11.607679311251275 ], [ 36.348421412218443, 11.605359638636457 ], [ 36.332418122998035, 11.666042003435734 ], [ 36.347556373228088, 11.696597154335279 ], [ 36.332064211893908, 11.704052347038214 ], [ 36.341274615031523, 11.780808515100944 ], [ 36.329066073640433, 11.796687279694254 ], [ 36.308797962755818, 11.803229320576747 ], [ 36.176215872364651, 11.6842446854439 ], [ 36.144827013056272, 11.685617416910304 ], [ 36.118357557755132, 11.705810793233582 ], [ 36.105230448826205, 11.8158906913024 ], [ 36.05449561108361, 11.849317632003135 ], [ 36.05637383258636, 11.874303791386922 ], [ 35.969024160736467, 11.958415938045164 ], [ 35.965816198059144, 11.984583926207279 ], [ 35.940508999590691, 11.970821025370071 ], [ 35.934410712984061, 12.001979086265862 ], [ 36.059782434012163, 12.024481769618035 ], [ 36.064694743267864, 12.052943923823079 ], [ 36.086620532211839, 12.027193044823207 ], [ 36.101859022675796, 12.034516835783393 ], [ 36.130615320840434, 12.011760528325794 ], [ 36.190450122275365, 12.000404996593375 ], [ 36.226741683382045, 12.001078746187261 ], [ 36.295513974290543, 12.045248109412796 ], [ 36.343668541969691, 12.054061683100258 ], [ 36.395215044838494, 12.02351330319641 ] ] ] } },
{ "type": "Feature", "properties": { "loc": "ET-A2-0310" }, "geometry": { "type": "Polygon", "coordinates": [ [ [ 40.06663797236456, 11.43210612060102 ], [ 40.064956347157761, 11.337759224108936 ], [ 40.172875988236342, 11.239979554213107 ], [ 40.21243796364115, 11.108908144994928 ], [ 40.19379644305144, 11.096367236658693 ], [ 40.186939061188752, 11.025342794234632 ], [ 40.123771523337211, 10.93763921667653 ], [ 40.149310951039638, 10.89579613158628 ], [ 40.180501635741962, 10.896861902854596 ], [ 40.166695390280097, 10.805048328217822 ], [ 40.102610933347933, 10.755046174441418 ], [ 40.163639854595658, 10.41236375178579 ], [ 40.155579609711253, 10.257410690950678 ], [ 40.12899366702419, 10.173546207691402 ], [ 40.158145752324685, 10.090278627856435 ], [ 40.132584921656871, 10.071093522847832 ], [ 39.927274821975516, 10.089962565619942 ], [ 39.933542029141393, 10.071673789713657 ], [ 39.9237739357186, 10.06863143629181 ], [ 39.926462076763471, 10.09141242474368 ], [ 39.930608749993894, 10.099599938986046 ], [ 39.962389257758105, 10.090816914369157 ], [ 39.990152638733321, 10.110456267842551 ], [ 39.982013324555339, 10.12607953504255 ], [ 39.948101408253422, 10.110211036210387 ], [ 39.929412243380398, 10.129349049119355 ], [ 39.952024787913672, 10.217610357432079 ], [ 39.926354695013231, 10.239196522801308 ], [ 39.929003515899581, 10.256613027369383 ], [ 39.944115386316071, 10.256997563986431 ], [ 39.923187903299151, 10.296727956330187 ], [ 39.949931794816507, 10.336816444323517 ], [ 39.981811279267163, 10.346726320363416 ], [ 39.933661620087776, 10.37446273067053 ], [ 39.947831045066721, 10.395110856380938 ], [ 39.929208887780021, 10.472367493565002 ], [ 39.938495890672868, 10.487721269920712 ], [ 39.917060576684321, 10.531758469677698 ], [ 39.865657367293693, 10.574920140751942 ], [ 39.860564192683398, 10.622563049045539 ], [ 39.839567032892319, 10.624587967960395 ], [ 39.83427756056102, 10.654033240341789 ], [ 39.880970428642399, 10.696278601176573 ], [ 39.81743238719497, 10.689765537349729 ], [ 39.81274425464369, 10.734237103359703 ], [ 39.727878103791511, 10.708576251892566 ], [ 39.713245408348996, 10.768899186448323 ], [ 39.686878108837732, 10.787248333843593 ], [ 39.710264619816428, 10.802104062952196 ], [ 39.692727175318964, 10.826214458030847 ], [ 39.709916019208947, 10.837430087628491 ], [ 39.691892215953033, 10.842056822564359 ], [ 39.663981647435151, 10.895813357200723 ], [ 39.718186676673838, 10.874705328987773 ], [ 39.744504946945824, 10.8930596726658 ], [ 39.789861758813174, 10.87923839683458 ], [ 39.789301450601499, 10.894172848997812 ], [ 39.803734882358981, 10.890931706732943 ], [ 39.819086253028217, 10.91160585882335 ], [ 39.826667169154575, 10.876815786019733 ], [ 39.933652798637809, 10.910020747059889 ], [ 39.934092518554962, 10.885306084008619 ], [ 39.955544625584082, 10.868777676148909 ], [ 39.934603846090681, 10.845228794373384 ], [ 39.944516790617456, 10.831905993866599 ], [ 39.957562170957488, 10.847178871707627 ], [ 39.969200865027972, 10.83862457796198 ], [ 39.963058761652576, 10.854712337804187 ], [ 39.968579402917157, 10.857716027572678 ], [ 40.103613326693733, 10.875985409599025 ], [ 40.018141584066882, 10.936934695879586 ], [ 40.017102019942342, 10.95866311601003 ], [ 40.029514809061254, 10.949290301606197 ], [ 40.049950522098982, 10.981214885258794 ], [ 40.010741419980604, 11.010627940327254 ], [ 39.954922893676667, 11.116654044448637 ], [ 39.973701341443814, 11.189669290905101 ], [ 39.919718499609132, 11.223068991141076 ], [ 39.917572989701739, 11.251589853089285 ], [ 39.885930714930623, 11.241546900768924 ], [ 39.85605180384772, 11.275309820092161 ], [ 39.859409884058948, 11.308918372584856 ], [ 39.84656727925659, 11.319184031218128 ], [ 39.970761481057536, 11.372014206590393 ], [ 40.014429384108837, 11.424092255553205 ], [ 40.06663797236456, 11.43210612060102 ] ] ] } },
{ "type": "Feature", "properties": { "loc": "ET-A2-0311" }, "geometry": { "type": "MultiPolygon", "coordinates": [ [ [ [ 37.394115555088831, 11.601022092395681 ], [ 37.392064435325494, 11.598556663958902 ], [ 37.392749039736429, 11.603595993460374 ], [ 37.394115555088831, 11.601022092395681 ] ] ], [ [ [ 37.377436736516245, 11.607015956021598 ], [ 37.378885136939573, 11.604071105297294 ], [ 37.376793489228191, 11.604303462235066 ], [ 37.377436736516245, 11.607015956021598 ] ] ], [ [ [ 37.373795027218762, 11.609297536052509 ], [ 37.37336646159298, 11.609261302367258 ], [ 37.374115131008523, 11.610757018821403 ], [ 37.373795027218762, 11.609297536052509 ] ] ], [ [ [ 37.413461253833873, 11.633672490093375 ], [ 37.405663804341145, 11.618877952655453 ], [ 37.409353541932489, 11.612761230846161 ], [ 37.407008405913245, 11.603345606914274 ], [ 37.395050850016787, 11.611143354082571 ], [ 37.413461253833873, 11.633672490093375 ] ] ], [ [ [ 37.308157524750015, 11.651590784886878 ], [ 37.304423874162524, 11.650716962218098 ], [ 37.308637002795479, 11.653695350460112 ], [ 37.308157524750015, 11.651590784886878 ] ] ], [ [ [ 37.421230205609561, 11.653646690842152 ], [ 37.419225118544432, 11.649233059258336 ], [ 37.422427146595567, 11.659939558363988 ], [ 37.421230205609561, 11.653646690842152 ] ] ], [ [ [ 37.304774970388621, 11.678607227641464 ], [ 37.304748423301135, 11.672333985125363 ], [ 37.292675031127828, 11.656196452304471 ], [ 37.304774970388621, 11.678607227641464 ] ] ], [ [ [ 37.424533956876644, 11.66931726238181 ], [ 37.415084423107714, 11.674527985578095 ], [ 37.418364148986313, 11.678798841693265 ], [ 37.424533956876644, 11.66931726238181 ] ] ], [ [ [ 37.422928729077626, 11.686448537070362 ], [ 37.421379279929852, 11.684297875846369 ], [ 37.422592987876158, 11.688147042552032 ], [ 37.422928729077626, 11.686448537070362 ] ] ], [ [ [ 37.321025430179532, 11.691702287430644 ], [ 37.326138290949416, 11.682060489400101 ], [ 37.355427081294806, 11.691319496397682 ], [ 37.322918423046815, 11.676804985361855 ], [ 37.321025430179532, 11.691702287430644 ] ] ], [ [ [ 37.430288724045454, 11.698209781756077 ], [ 37.430210491121329, 11.698102513320407 ], [ 37.43025653551075, 11.698272359281987 ], [ 37.430288724045454, 11.698209781756077 ] ] ], [ [ [ 37.321659775977935, 11.718502418951516 ], [ 37.322576874023582, 11.713775947402098 ], [ 37.320972430433358, 11.715529564238068 ], [ 37.321659775977935, 11.718502418951516 ] ] ], [ [ [ 37.430766017637666, 11.699647605252835 ], [ 37.423668423259187, 11.728832985254087 ], [ 37.427129792406049, 11.732129332402792 ], [ 37.436377029076709, 11.711781901313771 ], [ 37.430766017637666, 11.699647605252835 ] ] ], [ [ [ 37.30561115912775, 11.744785143519607 ], [ 37.304191688095955, 11.738285091084151 ], [ 37.30322790534359, 11.743840374233912 ], [ 37.30561115912775, 11.744785143519607 ] ] ], [ [ [ 37.439432955066877, 11.744359954848107 ], [ 37.435956794770334, 11.741021871062571 ], [ 37.437652808230553, 11.747725481445855 ], [ 37.439432955066877, 11.744359954848107 ] ] ], [ [ [ 37.30652642345575, 11.760638985201069 ], [ 37.306578470819829, 11.753651064045414 ], [ 37.30614394538685, 11.761681454135839 ], [ 37.30652642345575, 11.760638985201069 ] ] ], [ [ [ 37.451118637814943, 11.759971763785927 ], [ 37.44839731178655, 11.755891340013363 ], [ 37.448035266314548, 11.762001318705927 ], [ 37.451118637814943, 11.759971763785927 ] ] ], [ [ [ 37.307455326002525, 11.768298743991863 ], [ 37.313461815210644, 11.768363012243242 ], [ 37.312137423203581, 11.763415985559334 ], [ 37.307455326002525, 11.768298743991863 ] ] ], [ [ [ 37.4482764231185, 11.794026985257233 ], [ 37.461432070233911, 11.784143989953236 ], [ 37.458288901911374, 11.775681954058996 ], [ 37.4482764231185, 11.794026985257233 ] ] ], [ [ [ 37.463776952644309, 11.807352239114607 ], [ 37.460202989276581, 11.804081186297765 ], [ 37.462504609799964, 11.80809842460269 ], [ 37.463776952644309, 11.807352239114607 ] ] ], [ [ [ 37.10979666818173, 11.81032260540394 ], [ 37.104678470834813, 11.805168524208057 ], [ 37.105156584608721, 11.807352857848173 ], [ 37.10979666818173, 11.81032260540394 ] ] ], [ [ [ 37.080320439336845, 11.821058144517792 ], [ 37.080754291177641, 11.810225710648069 ], [ 37.076688528153113, 11.81510828292096 ], [ 37.080320439336845, 11.821058144517792 ] ] ], [ [ [ 37.470125652776687, 11.822397342963029 ], [ 37.471554394020131, 11.819067343183406 ], [ 37.46903806035823, 11.818551336475025 ], [ 37.470125652776687, 11.822397342963029 ] ] ], [ [ [ 37.499286883283105, 11.83173833935291 ], [ 37.49638742314113, 11.832193985364199 ], [ 37.499765828929924, 11.833359677607064 ], [ 37.499286883283105, 11.83173833935291 ] ] ], [ [ [ 37.129112423099912, 11.835471986343123 ], [ 37.120541350702808, 11.828742364868276 ], [ 37.123470326594372, 11.83728157608391 ], [ 37.129112423099912, 11.835471986343123 ] ] ], [ [ [ 37.129547821774622, 11.843582855864156 ], [ 37.128785309094781, 11.84157300419082 ], [ 37.128727981810982, 11.842434456684884 ], [ 37.129547821774622, 11.843582855864156 ] ] ], [ [ [ 37.51634973665108, 11.84562415053415 ], [ 37.516129372172827, 11.840550553265473 ], [ 37.514080167066084, 11.840628100006882 ], [ 37.51634973665108, 11.84562415053415 ] ] ], [ [ [ 37.046541003064874, 11.8533212959411 ], [ 37.046088982220795, 11.849770861536058 ], [ 37.044973211344654, 11.850746180791646 ], [ 37.046541003064874, 11.8533212959411 ] ] ], [ [ [ 37.500557620837583, 11.873414578619929 ], [ 37.518803500880892, 11.856456886576098 ], [ 37.510307422949268, 11.852249986647621 ], [ 37.500557620837583, 11.873414578619929 ] ] ], [ [ [ 37.305053422977153, 11.89327798648992 ], [ 37.314293649432443, 11.890057652738506 ], [ 37.315582422890543, 11.888055986694496 ], [ 37.304862423162376, 11.883861986641421 ], [ 37.305053422977153, 11.89327798648992 ] ] ], [ [ [ 37.496213444794705, 11.895815262664314 ], [ 37.502465260963049, 11.88159956936471 ], [ 37.490776423393299, 11.87952798642749 ], [ 37.496213444794705, 11.895815262664314 ] ] ], [ [ [ 37.296929802868135, 11.901032514039343 ], [ 37.296567416553103, 11.900304706197289 ], [ 37.296595642674845, 11.901030496860017 ], [ 37.296929802868135, 11.901032514039343 ] ] ], [ [ [ 37.299583423436275, 11.906361986416584 ], [ 37.298340358021164, 11.903865442336325 ], [ 37.299264024715001, 11.907527943959508 ], [ 37.299583423436275, 11.906361986416584 ] ] ], [ [ [ 37.243285573770265, 11.915844900321929 ], [ 37.249439758638005, 11.884668962702506 ], [ 37.298248423026337, 11.896471986293193 ], [ 37.271751423289629, 11.875610986557831 ], [ 37.24885942342371, 11.879638986150326 ], [ 37.243285573770265, 11.915844900321929 ] ] ], [ [ [ 37.296265357660161, 11.918474494602322 ], [ 37.297735958747523, 11.913106105862141 ], [ 37.295813671363874, 11.917385930016678 ], [ 37.296265357660161, 11.918474494602322 ] ] ], [ [ [ 37.551870719957833, 11.927622387663121 ], [ 37.549197988796209, 11.923699628535076 ], [ 37.55348231135963, 11.931805531999771 ], [ 37.551870719957833, 11.927622387663121 ] ] ], [ [ [ 37.254393311702017, 11.934728908712202 ], [ 37.24943171510165, 11.916288291271655 ], [ 37.24360418378609, 11.91725283844778 ], [ 37.254393311702017, 11.934728908712202 ] ] ], [ [ [ 37.556151850827291, 11.936795672182598 ], [ 37.555749413204921, 11.936461912187553 ], [ 37.556248375062523, 11.937486726531233 ], [ 37.556151850827291, 11.936795672182598 ] ] ], [ [ [ 37.559832348783914, 11.942071170847896 ], [ 37.557506378216829, 11.940070528232354 ], [ 37.559898667489563, 11.94498402998903 ], [ 37.559832348783914, 11.942071170847896 ] ] ], [ [ [ 37.564617587431769, 11.953462617905529 ], [ 37.563825232548481, 11.953048765188385 ], [ 37.564383555057077, 11.954195497923934 ], [ 37.564617587431769, 11.953462617905529 ] ] ], [ [ [ 37.568485995132619, 11.962340957169488 ], [ 37.566962771115072, 11.959492926557346 ], [ 37.568614742976081, 11.96288589686668 ], [ 37.568485995132619, 11.962340957169488 ] ] ], [ [ [ 37.574776685395761, 11.977571901422152 ], [ 37.569035616700376, 11.964197747827825 ], [ 37.569364361176383, 11.982162270472429 ], [ 37.574776685395761, 11.977571901422152 ] ] ], [ [ [ 37.595662208743988, 12.029072083809695 ], [ 37.595847255046863, 12.027204291744738 ], [ 37.595454382613696, 12.029566980731602 ], [ 37.595662208743988, 12.029072083809695 ] ] ], [ [ [ 37.595907784816461, 12.033259544892132 ], [ 37.595414549841678, 12.029806532245743 ], [ 37.595334435535847, 12.034390578162686 ], [ 37.595907784816461, 12.033259544892132 ] ] ], [ [ [ 37.605295200613057, 12.049717091570585 ], [ 37.602365039415076, 12.046436606664088 ], [ 37.614168082790854, 12.075392954521305 ], [ 37.605295200613057, 12.049717091570585 ] ] ], [ [ [ 37.619501747807476, 12.092568179977548 ], [ 37.618841969181574, 12.088834026669019 ], [ 37.619525581640346, 12.09392386479459 ], [ 37.619501747807476, 12.092568179977548 ] ] ], [ [ [ 37.619526057381677, 12.102041177058709 ], [ 37.619527049333897, 12.097406881522431 ], [ 37.617974448062398, 12.10514755231776 ], [ 37.619526057381677, 12.102041177058709 ] ] ], [ [ [ 37.640808098115315, 12.131515109035092 ], [ 37.633667287715184, 12.124622098730924 ], [ 37.630848826811985, 12.130653282423111 ], [ 37.640808098115315, 12.131515109035092 ] ] ], [ [ [ 36.51955610503029, 13.585511773349708 ], [ 36.554692386244653, 13.571281352752294 ], [ 36.564711750247113, 13.533001045262097 ], [ 36.601122890608963, 13.49842546436372 ], [ 36.574310317866946, 13.477864164599566 ], [ 36.566421944217382, 13.44620074586777 ], [ 36.609496444905062, 13.375213015568249 ], [ 36.734659853269648, 13.363072465621826 ], [ 36.766943716079709, 13.378128106826694 ], [ 36.82478994020363, 13.448246111768697 ], [ 36.919192013700524, 13.376823803875482 ], [ 37.034955551557516, 13.353264046598497 ], [ 37.078374032135912, 13.311815582223403 ], [ 37.157746199427606, 13.297806598096088 ], [ 37.204709117731625, 13.25571239171353 ], [ 37.250517198609884, 13.294993971094925 ], [ 37.280647186918202, 13.284943967190372 ], [ 37.321827247729345, 13.29717761495499 ], [ 37.365241889101981, 13.359850853933835 ], [ 37.395817854810218, 13.357776969631516 ], [ 37.415816650218289, 13.373968390728692 ], [ 37.440505833677321, 13.354094306107413 ], [ 37.523677372213001, 13.369931852972684 ], [ 37.549234946435661, 13.312705726687966 ], [ 37.529274075438309, 13.294564094257566 ], [ 37.542845318156935, 13.197029311553536 ], [ 37.511110897949607, 13.187432444551746 ], [ 37.455083088613719, 13.102201301149194 ], [ 37.5239573401592, 13.095344923829202 ], [ 37.537813427847482, 12.992314983050051 ], [ 37.563191443430412, 12.952056682370028 ], [ 37.635863558056826, 12.956920308625399 ], [ 37.627818903819389, 12.920615244198189 ], [ 37.649973334601782, 12.927237016275342 ], [ 37.651132228869301, 12.902126677604144 ], [ 37.714460568200707, 12.877232996405723 ], [ 37.772298557232659, 12.921119058797558 ], [ 37.847552533722478, 12.926796545424281 ], [ 37.912674284890386, 12.905313636615062 ], [ 37.893778276846035, 12.999303039104007 ], [ 37.91968316024969, 13.029602839199697 ], [ 37.905022031841327, 13.041908885087025 ], [ 37.948372513780555, 13.055912771856981 ], [ 37.954863444392515, 13.078925933784888 ], [ 37.993449605015314, 13.106617151360524 ], [ 38.043786428900603, 13.074125489399876 ], [ 38.001133417972937, 13.026924604187172 ], [ 38.036641880918125, 12.948519375368903 ], [ 38.053798656782647, 12.934960835574145 ], [ 38.0897993087911, 12.981428731950473 ], [ 38.126632929066488, 12.967870682286218 ], [ 38.124099132369111, 12.876018793832316 ], [ 38.152024417393022, 12.896111108840671 ], [ 38.157370365350118, 12.938162798874146 ], [ 38.1923184013732, 12.939228539565477 ], [ 38.186834017176182, 12.904717294367686 ], [ 38.202268829642833, 12.882323877744795 ], [ 38.224291918037636, 12.873298750237211 ], [ 38.24763883906121, 12.902243680301638 ], [ 38.264647418343714, 12.898583744444295 ], [ 38.261777455964875, 12.825162596176938 ], [ 38.295812200772502, 12.81623624660557 ], [ 38.312173414771337, 12.754366176857616 ], [ 38.35853894941306, 12.763145466590061 ], [ 38.426617883708445, 12.740979455237721 ], [ 38.46427298521013, 12.745255559796306 ], [ 38.45215540394878, 12.674998603302924 ], [ 38.480236677280857, 12.63330427057565 ], [ 38.479702445811256, 12.608324527854734 ], [ 38.432635799702439, 12.55432378771269 ], [ 38.364731958912841, 12.525771854187781 ], [ 38.289855026788132, 12.416891218255159 ], [ 38.171828458316725, 12.338728301869708 ], [ 38.113698061916068, 12.33818669595928 ], [ 38.113057797679289, 12.318733788133841 ], [ 38.075650138343235, 12.310652282376964 ], [ 38.058772462579157, 12.333122075723281 ], [ 37.963504876149159, 12.288024691286523 ], [ 37.960022862165431, 12.305009365689727 ], [ 37.949237223619036, 12.300877164349686 ], [ 37.964814304336755, 12.218076063759383 ], [ 37.93955780065204, 12.220922534047759 ], [ 37.918909378165324, 12.27467032187792 ], [ 37.90455794119606, 12.268584609592097 ], [ 37.882419497661715, 12.292251086718352 ], [ 37.863604952906314, 12.254781693420455 ], [ 37.830141732654909, 12.251474870069273 ], [ 37.812549977199751, 12.300423975286265 ], [ 37.788461235997318, 12.304509809380249 ], [ 37.794386018200214, 12.344303667780082 ], [ 37.767145012032756, 12.367687017641799 ], [ 37.728875160060625, 12.324454068100806 ], [ 37.705171261244743, 12.335700816039889 ], [ 37.666426124765906, 12.322134086119206 ], [ 37.647313583355242, 12.286194015141746 ], [ 37.68222638573917, 12.275946360036528 ], [ 37.734191744253621, 12.199130319608628 ], [ 37.761924862142735, 12.2160575642053 ], [ 37.759285613640202, 12.192673441825946 ], [ 37.734124876062253, 12.171970968285621 ], [ 37.695241976036414, 12.171326518604019 ], [ 37.693752310220987, 12.152402842916899 ], [ 37.672890957052061, 12.144931758294035 ], [ 37.633619139811515, 12.15428352496474 ], [ 37.603452580572196, 12.129972435379614 ], [ 37.614968259977275, 12.116752605448426 ], [ 37.617147288516605, 12.107892181578961 ], [ 37.579303422914677, 12.157887986141702 ], [ 37.557918423296655, 12.222416986055123 ], [ 37.486221422880419, 12.297249986297857 ], [ 37.427192422991993, 12.272582986415728 ], [ 37.386943423100547, 12.273527986827162 ], [ 37.359722423251299, 12.249694986734312 ], [ 37.357276422868665, 12.267388986112849 ], [ 37.323139423345765, 12.269054986498475 ], [ 37.301029423569105, 12.249165986621051 ], [ 37.290111423703308, 12.201277986090247 ], [ 37.259304423060712, 12.190777986614819 ], [ 37.233249423022528, 12.208554986223703 ], [ 37.207805423281684, 12.202665986246302 ], [ 37.211166423591635, 12.18841598650863 ], [ 37.18544342357518, 12.188971986068339 ], [ 37.160415423233246, 12.261694986134728 ], [ 37.139389423083458, 12.259276986144016 ], [ 37.066528422948409, 12.211694986234704 ], [ 37.037471422967826, 12.152193986163581 ], [ 37.036529423594061, 12.085499986235448 ], [ 37.012584423732221, 12.036138986125366 ], [ 37.019195423729855, 11.926055986294784 ], [ 36.997802684546286, 11.889773558702814 ], [ 36.986039464050066, 11.907479228583554 ], [ 36.94801778898983, 11.867938196590558 ], [ 36.870907724212145, 11.843168143395133 ], [ 36.860470751923742, 11.786702937990242 ], [ 36.882282566187541, 11.740091740041805 ], [ 36.846105470790917, 11.742690766365797 ], [ 36.789217414951793, 11.676641528184007 ], [ 36.714979577045881, 11.689067784650604 ], [ 36.654869940095693, 11.641566426949112 ], [ 36.66283664379614, 11.727764450369136 ], [ 36.636198419021866, 11.730357148163932 ], [ 36.610711758141179, 11.762766980811591 ], [ 36.574347235936216, 11.775753044567409 ], [ 36.618063315669531, 11.816289545126438 ], [ 36.608577462779749, 11.857763657267014 ], [ 36.52010592085162, 11.930063321265322 ], [ 36.556403804192257, 11.93253269772589 ], [ 36.545916024704809, 11.948650903216674 ], [ 36.56635916973994, 11.970441740793774 ], [ 36.416101695037241, 12.017099877957037 ], [ 36.464582863208648, 12.057467689981934 ], [ 36.493124227001545, 12.106782768010362 ], [ 36.406097778689571, 12.165462435243228 ], [ 36.485780590701779, 12.224231896185131 ], [ 36.471970691294416, 12.259112973185211 ], [ 36.498515885699589, 12.293260331998795 ], [ 36.474715537292241, 12.323392511055602 ], [ 36.53067694518495, 12.355181631627033 ], [ 36.528747517184229, 12.374736974032203 ], [ 36.50986731202687, 12.374692665334294 ], [ 36.519342414420919, 12.39167636397309 ], [ 36.580057873372198, 12.396576565656005 ], [ 36.596805024232538, 12.433892753148086 ], [ 36.569955588279811, 12.472526584134584 ], [ 36.587186424214167, 12.48496980541222 ], [ 36.559156375366456, 12.511158896166194 ], [ 36.557366037412748, 12.553984329613172 ], [ 36.573397043738623, 12.565031644794601 ], [ 36.599950722348012, 12.535959779919949 ], [ 36.641129303774392, 12.578260140593045 ], [ 36.663118657699954, 12.577066289677589 ], [ 36.685375681342691, 12.611162768447059 ], [ 36.668834584948172, 12.636696963893826 ], [ 36.703445948971421, 12.659376539395851 ], [ 36.705398962592085, 12.691431852997653 ], [ 36.692502699739862, 12.733495638013324 ], [ 36.657281071963951, 12.773734930622595 ], [ 36.658470249102777, 12.797988618280158 ], [ 36.685664854749291, 12.789095783743448 ], [ 36.742451771032449, 12.833409510640479 ], [ 36.801284825734172, 12.824204133813794 ], [ 36.785598831720733, 12.933060353152825 ], [ 36.828677237264742, 12.917450852774664 ], [ 36.7557122287364, 13.034954819809116 ], [ 36.764610704720326, 13.052338615135056 ], [ 36.807311264603243, 13.062958292791052 ], [ 36.82615185642311, 13.032779914661376 ], [ 36.836532343193142, 13.08778656809568 ], [ 36.815375400854123, 13.153081241805921 ], [ 36.749660163685633, 13.221346075860765 ], [ 36.701888201779127, 13.222882209646286 ], [ 36.678946759885093, 13.249758180995286 ], [ 36.676409232799926, 13.280288650001239 ], [ 36.551306776886292, 13.319874550070494 ], [ 36.515465103431836, 13.349374118121091 ], [ 36.481774004866509, 13.484864949657776 ], [ 36.497179119021155, 13.560438455270571 ], [ 36.51955610503029, 13.585511773349708 ] ] ] ] } },
{ "type": "Feature", "properties": { "loc": "ET-A2-0312" }, "geometry": { "type": "Polygon", "coordinates": [ [ [ 36.521445298261938, 13.592429388205744 ], [ 36.497179119021155, 13.560438455270571 ], [ 36.481774004866509, 13.484864949657776 ], [ 36.515465103431836, 13.349374118121091 ], [ 36.551306776886292, 13.319874550070494 ], [ 36.676409232799926, 13.280288650001239 ], [ 36.678946759885093, 13.249758180995286 ], [ 36.701888201779127, 13.222882209646286 ], [ 36.749660163685633, 13.221346075860765 ], [ 36.815375400854123, 13.153081241805921 ], [ 36.836532343193142, 13.08778656809568 ], [ 36.82615185642311, 13.032779914661376 ], [ 36.807311264603243, 13.062958292791052 ], [ 36.764610704720326, 13.052338615135056 ], [ 36.7557122287364, 13.034954819809116 ], [ 36.828677237264742, 12.917450852774664 ], [ 36.785598831720733, 12.933060353152825 ], [ 36.801284825734172, 12.824204133813794 ], [ 36.742451771032449, 12.833409510640479 ], [ 36.685664854749291, 12.789095783743448 ], [ 36.658470249102777, 12.797988618280158 ], [ 36.657281071963951, 12.773734930622595 ], [ 36.692502699739862, 12.733495638013324 ], [ 36.705398962592085, 12.691431852997653 ], [ 36.703445948971421, 12.659376539395851 ], [ 36.668834584948172, 12.636696963893826 ], [ 36.685375681342691, 12.611162768447059 ], [ 36.663118657699954, 12.577066289677589 ], [ 36.641129303774392, 12.578260140593045 ], [ 36.599950722348012, 12.535959779919949 ], [ 36.573397043738623, 12.565031644794601 ], [ 36.557366037412748, 12.553984329613172 ], [ 36.559156375366456, 12.511158896166194 ], [ 36.587186424214167, 12.48496980541222 ], [ 36.569955588279811, 12.472526584134584 ], [ 36.596805024232538, 12.433892753148086 ], [ 36.580057873372198, 12.396576565656005 ], [ 36.519342414420919, 12.39167636397309 ], [ 36.50986731202687, 12.374692665334294 ], [ 36.528747517184229, 12.374736974032203 ], [ 36.53067694518495, 12.355181631627033 ], [ 36.474715537292241, 12.323392511055602 ], [ 36.498515885699589, 12.293260331998795 ], [ 36.471970691294416, 12.259112973185211 ], [ 36.485780590701779, 12.224231896185131 ], [ 36.406097778689571, 12.165462435243228 ], [ 36.492008623399329, 12.1088180057464 ], [ 36.468278968899369, 12.062186966954982 ], [ 36.418235040714592, 12.015898847753647 ], [ 36.343668541969691, 12.054061683100258 ], [ 36.295513974290543, 12.045248109412796 ], [ 36.226741683382045, 12.001078746187261 ], [ 36.130615320840434, 12.011760528325794 ], [ 36.062671479105518, 12.052735684004688 ], [ 36.059782434012163, 12.024481769618035 ], [ 35.936500154658461, 12.007519525205964 ], [ 35.936458850595557, 11.920757860686763 ], [ 35.874423952203699, 11.885936799044089 ], [ 35.860158136089183, 11.849909364325754 ], [ 35.822991350270627, 11.826866220799502 ], [ 35.803664668589647, 11.83801620438436 ], [ 35.666595569130266, 11.825909433873335 ], [ 35.661715636367603, 11.793377223280288 ], [ 35.576589013971841, 11.767351612187213 ], [ 35.516946098183951, 11.718011190364166 ], [ 35.473298434375295, 11.736175096303725 ], [ 35.421788711979502, 11.729397647083772 ], [ 35.363772558256983, 11.752983616001131 ], [ 35.325713089187786, 11.794483632213883 ], [ 35.295932534259123, 11.799151355550691 ], [ 35.284349649416811, 11.884517440427601 ], [ 35.262429258203781, 11.925471813673312 ], [ 35.293281554999794, 11.96523284951644 ], [ 35.302165985371971, 12.012177467516153 ], [ 35.342483520797884, 12.033734321281941 ], [ 35.33365631069023, 12.073013305219888 ], [ 35.396022796315037, 12.183406830161118 ], [ 35.43616104109924, 12.199201583686204 ], [ 35.431018829155676, 12.254132270487958 ], [ 35.641872405687025, 12.602047920075506 ], [ 35.681888580093926, 12.607460022162343 ], [ 35.687572478886864, 12.657365799192348 ], [ 35.713050842622351, 12.671694755808403 ], [ 35.783798217413846, 12.663616180042709 ], [ 36.009643554506511, 12.724590301101557 ], [ 36.078269958291969, 12.723560333642524 ], [ 36.107814789221209, 12.705904961045178 ], [ 36.111602783141961, 12.683840752049093 ], [ 36.15516662563931, 12.680914878818669 ], [ 36.176132202139456, 12.75335788755649 ], [ 36.18224716217685, 12.889918327768669 ], [ 36.150291443095682, 12.940909385959458 ], [ 36.246212005679581, 13.269956589025412 ], [ 36.292388915616016, 13.32424259142249 ], [ 36.374149322533242, 13.530226707796373 ], [ 36.375282287547577, 13.582394599930865 ], [ 36.422416686780707, 13.72879981965599 ], [ 36.452748956898915, 13.76486183150837 ], [ 36.483836185391681, 13.727104567022195 ], [ 36.477664256000651, 13.693450617651933 ], [ 36.50439169801848, 13.665134416220383 ], [ 36.521445298261938, 13.592429388205744 ] ] ] } },
{ "type": "Feature", "properties": { "loc": "ET-A2-0401" }, "geometry": { "type": "Polygon", "coordinates": [ [ [ 35.297454004598706, 9.922483252699976 ], [ 35.349800616305458, 9.866075811649409 ], [ 35.363788996964672, 9.813043185394747 ], [ 35.419628527834334, 9.78514503471564 ], [ 35.378831148338861, 9.765406404182272 ], [ 35.368397025102695, 9.719289413375748 ], [ 35.410766331401135, 9.713677552077399 ], [ 35.468423573788925, 9.670376197403641 ], [ 35.553727422882332, 9.696118466294251 ], [ 35.578517519268132, 9.665518421238176 ], [ 35.653437894942954, 9.634928303798233 ], [ 35.647491967880057, 9.553310384566657 ], [ 35.710760711837452, 9.486771922386367 ], [ 35.764992987836195, 9.473350736946998 ], [ 35.777325830822463, 9.440139414102703 ], [ 35.750121340727333, 9.40308330425114 ], [ 35.75674797633809, 9.323638113807931 ], [ 35.797191691143667, 9.308617539867612 ], [ 35.859870325155441, 9.324971588967685 ], [ 35.911088774227608, 9.31595798717143 ], [ 35.949321023746279, 9.249153645824151 ], [ 36.031577196330602, 9.233426059065437 ], [ 36.053610655707246, 9.119437129120286 ], [ 36.034022845078312, 9.107416687230398 ], [ 36.02807451862418, 9.055977324194203 ], [ 36.051092324651108, 9.017041517951725 ], [ 36.04409667382248, 8.978025014642753 ], [ 36.023550837900927, 8.95276658820751 ], [ 36.01731407908153, 8.90783559093984 ], [ 35.977708387632049, 8.914213315791926 ], [ 35.95694247141796, 8.880650592750726 ], [ 35.935965596734945, 8.876410193076026 ], [ 35.946873982848103, 8.865028444307313 ], [ 35.920496335737369, 8.829863390183334 ], [ 35.887395624108819, 8.839564354611298 ], [ 35.868113869859258, 8.820536889965524 ], [ 35.887545761427816, 8.817092631319952 ], [ 35.890245303178233, 8.787195841714777 ], [ 35.922574221123455, 8.779298367825447 ], [ 35.923601505005479, 8.753980122984331 ], [ 35.86800059844893, 8.725365860146383 ], [ 35.875292198176453, 8.70807789477908 ], [ 35.855557536351284, 8.678158460244788 ], [ 35.756561100814224, 8.685508271289734 ], [ 35.740314807582365, 8.734269810303545 ], [ 35.712195261801924, 8.716854578276241 ], [ 35.655948219334903, 8.717419525190962 ], [ 35.63262440998858, 8.680862512994622 ], [ 35.584727034924754, 8.688202346061473 ], [ 35.530150280810858, 8.714108089217007 ], [ 35.494885144733701, 8.7591329271429 ], [ 35.454928309394006, 8.756137421205096 ], [ 35.457651918801048, 8.773820483928262 ], [ 35.440040258651095, 8.785937209934332 ], [ 35.449350819284916, 8.804573653851094 ], [ 35.424383049238372, 8.846099123575755 ], [ 35.443761283656386, 8.85969296086148 ], [ 35.450648386314015, 8.907895246568444 ], [ 35.411206589112851, 8.912394659086317 ], [ 35.398472846344816, 8.947641895956792 ], [ 35.35076381629716, 8.944729228371216 ], [ 35.337393147575767, 8.96222306024606 ], [ 35.343713090087078, 9.005828847123666 ], [ 35.312900303206504, 9.058430260148441 ], [ 35.278762213705249, 9.070708094303143 ], [ 35.28025096670882, 9.093275114255164 ], [ 35.263337446665901, 9.078276668133753 ], [ 35.233944879052956, 9.11045970704987 ], [ 35.220216358398261, 9.096511377697993 ], [ 35.197068422269922, 9.11584248134551 ], [ 35.18824274460701, 9.104895733751164 ], [ 35.124866805958391, 9.215501185731171 ], [ 35.137952083821688, 9.229179148299124 ], [ 35.127066609736289, 9.25916660935161 ], [ 35.055157648107013, 9.315834412228412 ], [ 35.013005400378972, 9.313444465689599 ], [ 34.976829592811498, 9.353172306656688 ], [ 34.931366921746076, 9.360126755045769 ], [ 34.93077037085601, 9.404638288726119 ], [ 34.911977792041512, 9.382932339056254 ], [ 34.922110687358384, 9.348330920635533 ], [ 34.872678877328383, 9.291720106897458 ], [ 34.873213900201392, 9.265504038280767 ], [ 34.82992081209585, 9.25611296763941 ], [ 34.82210816406058, 9.239864679711275 ], [ 34.791458999833026, 9.249562325640852 ], [ 34.777821552622584, 9.17362831869201 ], [ 34.698666013126058, 9.174889400225709 ], [ 34.590828207655704, 9.139799313587503 ], [ 34.527756571708494, 9.188731026815503 ], [ 34.48618326344689, 9.150103324708709 ], [ 34.420917418404201, 9.153892157696987 ], [ 34.37900471679427, 9.13061047889056 ], [ 34.340877047637662, 9.168779030328039 ], [ 34.439560021777652, 9.215575530886099 ], [ 34.466270464810179, 9.365810855286782 ], [ 34.451806448009222, 9.449110629951633 ], [ 34.512974769570008, 9.448000646212904 ], [ 34.498732265681554, 9.514231066310685 ], [ 34.523230916073942, 9.541112502839781 ], [ 34.548466702975986, 9.629662939593061 ], [ 34.585394226862149, 9.630359737911647 ], [ 34.632014748082213, 9.588021403365133 ], [ 34.735137543862606, 9.545301778754151 ], [ 34.782986710768114, 9.553331130127617 ], [ 34.810854102834639, 9.630118728596472 ], [ 34.796142517962892, 9.736239464779544 ], [ 34.831665465388994, 9.803115599905084 ], [ 34.869726976818583, 9.820667072027788 ], [ 34.892152899436837, 9.864603876867477 ], [ 34.897683515981555, 9.881757181348917 ], [ 34.866795098814805, 9.902260916408238 ], [ 34.887781453251534, 9.908213967900338 ], [ 34.904420084719163, 9.955878685652863 ], [ 34.942995979580871, 9.933567316878225 ], [ 34.988182213438449, 9.996766924553981 ], [ 35.015017486867578, 9.99519086266821 ], [ 35.019654360760171, 9.928791940195936 ], [ 35.048513532373647, 9.917741245362208 ], [ 35.081020608714198, 9.921920611646954 ], [ 35.088341496662792, 9.950488894846671 ], [ 35.159583687437305, 9.948402072897409 ], [ 35.220798401425156, 9.925425695939168 ], [ 35.230743591143892, 9.893252214118434 ], [ 35.297454004598706, 9.922483252699976 ] ] ] } },
{ "type": "Feature", "properties": { "loc": "ET-A2-0402" }, "geometry": { "type": "Polygon", "coordinates": [ [ [ 36.815348467058186, 10.340314185651209 ], [ 36.865402570172535, 10.250308178179921 ], [ 36.8474796510651, 10.18321796483724 ], [ 36.886624420180908, 10.16281262640166 ], [ 36.89734170125854, 10.13331920341858 ], [ 36.88609663055513, 10.101860420921753 ], [ 36.900480854108196, 10.05868264928489 ], [ 36.893554543707296, 10.017747320082776 ], [ 36.917073609359647, 10.003571472145779 ], [ 36.894088948746059, 9.977516600710601 ], [ 36.920003077180297, 9.954536663336398 ], [ 36.896454930150981, 9.915393380799912 ], [ 36.907646802358101, 9.904008842334235 ], [ 36.919084176893307, 9.919401017043356 ], [ 36.929001702566552, 9.917054587799043 ], [ 36.906866501088189, 9.896056955863855 ], [ 36.915238889862906, 9.858979004177741 ], [ 36.904627162213842, 9.849904762894539 ], [ 36.922254237643017, 9.820832099421921 ], [ 36.875808339583273, 9.779580815901966 ], [ 36.791361622640807, 9.759769748575081 ], [ 36.775449804365053, 9.7417085712936 ], [ 36.782539419058992, 9.708445624665899 ], [ 36.763725904926616, 9.688524524387333 ], [ 36.691402792005306, 9.673531803350102 ], [ 36.673172621319452, 9.634037391312631 ], [ 36.661716435665028, 9.505996194668683 ], [ 36.733701685884171, 9.416566575287277 ], [ 36.795184373560062, 9.411922129103004 ], [ 36.831182215187141, 9.433101832383727 ], [ 36.829676091778254, 9.461327806632994 ], [ 36.883816922013409, 9.488134847645142 ], [ 36.91797173530739, 9.441272638121802 ], [ 36.955204643779325, 9.470629179792866 ], [ 36.998285458607086, 9.448975425875233 ], [ 37.031471847747639, 9.458619411057043 ], [ 37.034923255104218, 9.427589859684304 ], [ 37.062637909911643, 9.426948108868203 ], [ 37.052156169371756, 9.379059827748904 ], [ 37.073069857687813, 9.347157880931491 ], [ 37.066438866660405, 9.323637212687288 ], [ 37.077293331222336, 9.329250815073124 ], [ 37.088224439606279, 9.30243916413616 ], [ 37.113274786302384, 9.307687425034715 ], [ 37.160844327903476, 9.250965735680211 ], [ 37.118132625420401, 9.218088364386574 ], [ 37.113460116791032, 9.193779258705888 ], [ 37.048587003887178, 9.205084083963357 ], [ 37.055655676068625, 9.177140799908045 ], [ 37.035261455951456, 9.146882809294254 ], [ 37.056824215565143, 9.086046621754235 ], [ 37.030135356261724, 9.081760233448051 ], [ 37.022303173152977, 9.036692957414118 ], [ 37.059058215164555, 8.998857508567198 ], [ 37.147447889108832, 8.966784420764441 ], [ 37.151609118765862, 8.928823656786392 ], [ 37.194022445079838, 8.923387682195823 ], [ 37.185155403998749, 8.901961456755885 ], [ 37.199442784956602, 8.882465456115938 ], [ 37.147291761405711, 8.859344594077811 ], [ 37.089155955582953, 8.869671311282048 ], [ 37.059941709142606, 8.803893061315762 ], [ 37.016423266220784, 8.809661488287077 ], [ 36.990792915260897, 8.793676842012701 ], [ 36.99351995288356, 8.773936815731531 ], [ 37.012591695650258, 8.777481633870366 ], [ 37.019154668253407, 8.759531077697147 ], [ 36.997585020732174, 8.733157661896655 ], [ 36.985957445879478, 8.646089931105507 ], [ 36.951014514408371, 8.614192596011549 ], [ 36.898744792038599, 8.627159114801373 ], [ 36.886842429334706, 8.66277425622701 ], [ 36.852340714252591, 8.685015899664108 ], [ 36.793841665060825, 8.654346347805756 ], [ 36.73632356218269, 8.545541570587034 ], [ 36.723884888776638, 8.553843914764911 ], [ 36.648816339902226, 8.523933575074466 ], [ 36.613735003667557, 8.529736983874727 ], [ 36.627096581142382, 8.5465032273421 ], [ 36.587923673139073, 8.577548157121782 ], [ 36.536498065233559, 8.559182982908396 ], [ 36.524516030690336, 8.591765855909557 ], [ 36.441936060800629, 8.625509357071223 ], [ 36.419877639841275, 8.654288983649735 ], [ 36.408380060191689, 8.733055260591868 ], [ 36.377096626608079, 8.792393677626194 ], [ 36.352757631059887, 8.805084525430573 ], [ 36.352418119900392, 8.839219136354131 ], [ 36.334315116049822, 8.846334030990761 ], [ 36.323287637214719, 8.882064863003052 ], [ 36.293108632257599, 8.893225480171793 ], [ 36.239883685983386, 8.960648359933884 ], [ 36.247921821035277, 8.973530551094086 ], [ 36.221039099374991, 8.988537365407126 ], [ 36.176514305191063, 8.982682548660762 ], [ 36.148687702775305, 9.00375060830396 ], [ 36.176790549943973, 9.044525227757106 ], [ 36.225949201694334, 9.030967937120636 ], [ 36.246477823692658, 9.040962059851211 ], [ 36.18458592829802, 9.071951686721036 ], [ 36.16147342096167, 9.105351871691596 ], [ 36.203947894879491, 9.157346813404786 ], [ 36.228925168062119, 9.229031010173003 ], [ 36.226336009998931, 9.27172814004166 ], [ 36.194894704027433, 9.288973481141284 ], [ 36.205892527718049, 9.35473969188331 ], [ 36.234268716628037, 9.347006927927453 ], [ 36.214586971811343, 9.332416971865825 ], [ 36.218373046578904, 9.297118325250551 ], [ 36.253179406104778, 9.301823311996316 ], [ 36.275117402446199, 9.343833045958377 ], [ 36.295482496220302, 9.30169163685963 ], [ 36.318996194718636, 9.305850015665726 ], [ 36.333767936141385, 9.339799324878982 ], [ 36.374716538437553, 9.358019170448415 ], [ 36.484109646742866, 9.367867244178001 ], [ 36.475190874859038, 9.394637237618497 ], [ 36.514911091373847, 9.444134003881231 ], [ 36.494429858251408, 9.509365743034664 ], [ 36.461168170674569, 9.528057690410151 ], [ 36.400629506746384, 9.510988320554588 ], [ 36.380307980628857, 9.480480465900825 ], [ 36.301025208646536, 9.555515470962291 ], [ 36.231777016296292, 9.570323043173971 ], [ 36.200777371878246, 9.614928768248092 ], [ 36.191865862019995, 9.687877517933146 ], [ 36.159057225910317, 9.746936508413171 ], [ 36.105286613286637, 9.773323643371498 ], [ 36.136471134934993, 9.807447297854537 ], [ 36.128207082091194, 9.852213634651548 ], [ 36.152343447791907, 9.84893147880473 ], [ 36.120648738948205, 9.9715731611725 ], [ 36.184567067716046, 10.049661314218326 ], [ 36.258919555693012, 10.078452009652551 ], [ 36.27189215839644, 10.113087660767007 ], [ 36.369421903997704, 10.161652776154767 ], [ 36.44535089272955, 10.245844165675749 ], [ 36.515488472315212, 10.239931539608904 ], [ 36.554480933148625, 10.285072005168956 ], [ 36.575847829413874, 10.279235558874007 ], [ 36.574685618446608, 10.264173394886313 ], [ 36.61057050702334, 10.259221846411151 ], [ 36.659690716353509, 10.277040840762254 ], [ 36.692191504634309, 10.296289130339119 ], [ 36.680902523632597, 10.334614837404899 ], [ 36.691653522991771, 10.357319884405172 ], [ 36.761759886209859, 10.367309494337746 ], [ 36.776600380802961, 10.345968642438947 ], [ 36.815348467058186, 10.340314185651209 ] ] ] } },
{ "type": "Feature", "properties": { "loc": "ET-A2-0403" }, "geometry": { "type": "Polygon", "coordinates": [ [ [ 35.4401334221198, 8.822135140824116 ], [ 35.454928309394006, 8.756137421205096 ], [ 35.494885144733701, 8.7591329271429 ], [ 35.50653826213113, 8.73376975217235 ], [ 35.562381068331717, 8.694714694027937 ], [ 35.63262440998858, 8.680862512994622 ], [ 35.655948219334903, 8.717419525190962 ], [ 35.712195261801924, 8.716854578276241 ], [ 35.740314807582365, 8.734269810303545 ], [ 35.756561100814224, 8.685508271289734 ], [ 35.884023465910275, 8.666042731586856 ], [ 35.900946335305207, 8.676191842579499 ], [ 35.944483914900786, 8.629731498709759 ], [ 35.980624716357624, 8.632841619645092 ], [ 36.000664287027291, 8.402845966168456 ], [ 36.045021560896373, 8.337214455882474 ], [ 36.087263387395467, 8.315991053644268 ], [ 36.066931191721153, 8.238275315253645 ], [ 36.081006296703265, 8.173869909169014 ], [ 35.979246221136236, 8.034310436777275 ], [ 35.928885325997044, 8.016806243813164 ], [ 35.88400101703337, 8.016522839557467 ], [ 35.860868653565547, 8.077234740790686 ], [ 35.76576921157988, 8.081234959425899 ], [ 35.722852991572381, 8.022467004848465 ], [ 35.799721733171509, 7.93260905186628 ], [ 35.739539285309831, 7.866625352677943 ], [ 35.693729554175661, 7.864355269580074 ], [ 35.589620152647967, 7.808632804360457 ], [ 35.544400425339404, 7.830993820208676 ], [ 35.520725583618855, 7.895606731365604 ], [ 35.474310847967331, 7.873505751789082 ], [ 35.433531097881939, 7.882756181052969 ], [ 35.400578840940796, 7.829573681879936 ], [ 35.349859200841479, 7.834874142128001 ], [ 35.340877649084291, 7.776610678440079 ], [ 35.222732824260504, 7.703102542348518 ], [ 35.212324139247698, 7.651496984598225 ], [ 35.116033607265194, 7.645092153280302 ], [ 35.077095841400023, 7.731005248093766 ], [ 34.99547325108972, 7.747974242817122 ], [ 34.931977556019433, 7.728168627180423 ], [ 34.944275152776129, 7.879393290368114 ], [ 34.950686633681244, 7.890286445563049 ], [ 35.000615268779654, 7.862321638033222 ], [ 35.008480071198392, 7.923502092347746 ], [ 35.048340565764533, 7.954436466669677 ], [ 35.108557972972108, 7.957113075707923 ], [ 35.141024095085982, 7.989027561772616 ], [ 35.117936249858076, 8.082588241254371 ], [ 35.089087727116976, 8.113922155583055 ], [ 35.14327122388795, 8.142853244181936 ], [ 35.157659299237309, 8.136709999566847 ], [ 35.118913490065552, 8.200608825636834 ], [ 35.073245996605522, 8.220184827267985 ], [ 35.018258912418901, 8.219643652132902 ], [ 34.965044641097336, 8.247216098943852 ], [ 34.982099831342168, 8.326048982374687 ], [ 34.953016802283628, 8.347718158766043 ], [ 34.964485416568778, 8.401928429253644 ], [ 35.000072202370291, 8.486667780193955 ], [ 35.030198899159927, 8.495236138437065 ], [ 35.035685561339619, 8.515384016259418 ], [ 35.0594060589425, 8.521524073677085 ], [ 35.11670341513053, 8.49827846577864 ], [ 35.188103507071219, 8.519366772758417 ], [ 35.200596800801748, 8.540435602221294 ], [ 35.120813983278765, 8.606980406420689 ], [ 35.11191387502538, 8.634359114081917 ], [ 35.160015363818047, 8.707245689137267 ], [ 35.204806443662505, 8.731573816378557 ], [ 35.214835158815561, 8.756815250123736 ], [ 35.234169947884823, 8.721741218182729 ], [ 35.254806521803573, 8.755909450260958 ], [ 35.282911587599756, 8.732928897750469 ], [ 35.308290072628779, 8.747887261088295 ], [ 35.362116359582387, 8.737703983951747 ], [ 35.409253666323707, 8.77566281798471 ], [ 35.400110430851782, 8.800396108693519 ], [ 35.410705233259932, 8.814243821894934 ], [ 35.4401334221198, 8.822135140824116 ] ] ] } },
{ "type": "Feature", "properties": { "loc": "ET-A2-0404" }, "geometry": { "type": "Polygon", "coordinates": [ [ [ 37.464180117818216, 8.31731508592253 ], [ 37.480860937382431, 8.258579291101455 ], [ 37.529147732382, 8.265820187052043 ], [ 37.550265318589652, 8.244460121137706 ], [ 37.617970371435547, 8.223404929893661 ], [ 37.623886782748855, 8.200043598133618 ], [ 37.592137342964065, 8.09313407917449 ], [ 37.602829783867492, 7.964857662151417 ], [ 37.539278640197153, 7.953858261949279 ], [ 37.490798981088176, 8.017061117076935 ], [ 37.391790293187512, 7.992900511949131 ], [ 37.389814797414999, 7.961972350143867 ], [ 37.436714014040547, 7.918528487100048 ], [ 37.404844577715153, 7.827260346787625 ], [ 37.401194678291802, 7.682667442648381 ], [ 37.445103970172113, 7.564316880819433 ], [ 37.40721963327951, 7.492180414994209 ], [ 37.390284942296319, 7.402422382986629 ], [ 37.331224324942696, 7.343444723595155 ], [ 37.237830025435358, 7.31205966931833 ], [ 37.128590638247431, 7.228445968306858 ], [ 37.039511189689676, 7.240016542329613 ], [ 36.964645169938706, 7.224732706249426 ], [ 36.955464306832368, 7.260490994563781 ], [ 36.879154574823815, 7.32969439797813 ], [ 36.840936200045633, 7.32598987463308 ], [ 36.791112612956795, 7.252283412849295 ], [ 36.672563471826834, 7.328040718304578 ], [ 36.632953737924709, 7.377862983390003 ], [ 36.598333940958639, 7.369032599574837 ], [ 36.483919654168744, 7.416009774831309 ], [ 36.374635310771055, 7.41557480603251 ], [ 36.348665483725142, 7.445416163225389 ], [ 36.22469624463605, 7.4843879756246 ], [ 36.156556678048332, 7.542620625841266 ], [ 36.045067357972243, 7.565481707015238 ], [ 36.032487444240189, 7.591452877648237 ], [ 36.051907352342482, 7.653905676605746 ], [ 35.997237716247639, 7.745119799139445 ], [ 35.848618631844431, 7.838964072633871 ], [ 35.902428349688648, 7.926207959030137 ], [ 35.88400101703337, 8.016522839557467 ], [ 35.979246221136236, 8.034310436777275 ], [ 36.018269382126334, 8.075237166661964 ], [ 36.081006296703265, 8.173869909169014 ], [ 36.066931191721153, 8.238275315253645 ], [ 36.08274513318139, 8.265151116630761 ], [ 36.095965416370916, 8.240480379166229 ], [ 36.159628691111266, 8.216660025339934 ], [ 36.234039185360189, 8.235884987402301 ], [ 36.246857941041185, 8.257721113938317 ], [ 36.282425941803808, 8.227106704011248 ], [ 36.2672129965826, 8.177766185960763 ], [ 36.286163970291057, 8.177498723087638 ], [ 36.288081581200061, 8.152976865689823 ], [ 36.327025799700948, 8.118259895178085 ], [ 36.372866886597592, 8.130090554035917 ], [ 36.369823321788942, 8.109583933951455 ], [ 36.422842265757993, 8.050193456962518 ], [ 36.479339497819637, 8.04470451320276 ], [ 36.567684935911132, 8.066194703822589 ], [ 36.602098321380481, 8.031826974235514 ], [ 36.588050622338415, 7.995099776133827 ], [ 36.640669942663749, 7.995769675730003 ], [ 36.664135981590334, 8.059302766409587 ], [ 36.692143613037388, 8.072075993912051 ], [ 36.742310893133265, 8.058720458082746 ], [ 36.765864615059968, 8.110965138830124 ], [ 36.788841402109085, 8.116398364193174 ], [ 36.787770690864761, 8.094713069252805 ], [ 36.797817707221441, 8.098135168603221 ], [ 36.826394689563301, 8.139873807330389 ], [ 36.789614031262602, 8.22984368363916 ], [ 36.794859706610225, 8.256007018708999 ], [ 36.743696939961865, 8.270223626619099 ], [ 36.751766187059957, 8.290034693946041 ], [ 36.722855962732524, 8.462016097564913 ], [ 36.699867890091127, 8.470168805346134 ], [ 36.660639923793497, 8.531342964406349 ], [ 36.723884888776638, 8.553843914764911 ], [ 36.73632356218269, 8.545541570587034 ], [ 36.793841665060825, 8.654346347805756 ], [ 36.852340714252591, 8.685015899664108 ], [ 36.917766905718167, 8.616166238281323 ], [ 36.944689461949167, 8.610571506369979 ], [ 36.97931196137796, 8.634766619384038 ], [ 36.997585020732174, 8.733157661896655 ], [ 37.019154668253407, 8.759531077697147 ], [ 36.988166408353095, 8.79026677199397 ], [ 37.016423266220784, 8.809661488287077 ], [ 37.059941709142606, 8.803893061315762 ], [ 37.089155955582953, 8.869671311282048 ], [ 37.147291761405711, 8.859344594077811 ], [ 37.211636888631574, 8.875146967558578 ], [ 37.198624223828915, 8.845499651687646 ], [ 37.213081736732818, 8.830134518693114 ], [ 37.20433747379542, 8.780433105403517 ], [ 37.179324568574032, 8.748022826692136 ], [ 37.147487874765659, 8.740058874017848 ], [ 37.137882355386466, 8.689114367434172 ], [ 37.172756802584445, 8.690742196994847 ], [ 37.175257696685378, 8.64576348619596 ], [ 37.215275632864234, 8.603946923012131 ], [ 37.239209232919791, 8.597853234639103 ], [ 37.248314409082752, 8.610351330749381 ], [ 37.302962135893893, 8.5630501909136 ], [ 37.32414821536787, 8.506083715091449 ], [ 37.3633302281076, 8.468070380343818 ], [ 37.386382200278376, 8.388402229079645 ], [ 37.464180117818216, 8.31731508592253 ] ] ] } },
{ "type": "Feature", "properties": { "loc": "ET-A2-0405" }, "geometry": { "type": "Polygon", "coordinates": [ [ [ 37.933522200389291, 9.917618176737506 ], [ 37.971195701120735, 9.869917862919067 ], [ 38.001479100280278, 9.869605299944681 ], [ 38.048077537748213, 9.828049961936244 ], [ 38.055933721064434, 9.769295640181724 ], [ 38.125674726607372, 9.639869626981749 ], [ 38.149517792811935, 9.644164439237557 ], [ 38.176868529758906, 9.687194001701869 ], [ 38.205255818101591, 9.696482376960205 ], [ 38.320453705773957, 9.675359596268379 ], [ 38.396531356037315, 9.609049009704108 ], [ 38.444570411195571, 9.605642856232862 ], [ 38.467900950168769, 9.584155949037893 ], [ 38.518386484149005, 9.573908513367257 ], [ 38.549354243103892, 9.503318335572772 ], [ 38.568040572414532, 9.492350670646999 ], [ 38.520831218286162, 9.465920223439582 ], [ 38.555631367093952, 9.440553884654094 ], [ 38.531021662120054, 9.416306488653561 ], [ 38.54517423919981, 9.368394148870948 ], [ 38.498041484826729, 9.340671374084707 ], [ 38.510510432110777, 9.327041970410676 ], [ 38.482400974025779, 9.260919454569205 ], [ 38.509913508002057, 9.241408476619938 ], [ 38.505843511868648, 9.229498954413259 ], [ 38.444328775052952, 9.236646314575808 ], [ 38.458058797575518, 9.216863122635061 ], [ 38.41568924486279, 9.190477037185588 ], [ 38.424983775980536, 9.115558263203354 ], [ 38.479176840638729, 9.094680643097263 ], [ 38.440704814775415, 9.064119083628839 ], [ 38.45474542985778, 9.058868542948971 ], [ 38.458210688572478, 9.016722949304722 ], [ 38.442277621115352, 8.96681531337606 ], [ 38.392348857413879, 8.935152757993421 ], [ 38.438766365675292, 8.877213624009585 ], [ 38.408838928074147, 8.852069496909792 ], [ 38.333658205861582, 8.91360759001833 ], [ 38.252584722706843, 8.852183592099152 ], [ 38.239164595769523, 8.879380041355887 ], [ 38.198130790803418, 8.893845709312075 ], [ 38.12461516515782, 8.892437968137756 ], [ 38.138399005809504, 8.920983792567995 ], [ 38.121601587343434, 8.931515758445528 ], [ 38.080574696365204, 8.892646914823331 ], [ 38.116249727243144, 8.888966508597548 ], [ 38.144123714038244, 8.817002001241406 ], [ 38.10736690575817, 8.83773112529127 ], [ 38.051315613324959, 8.833726939746498 ], [ 38.013773175291874, 8.794801180729962 ], [ 38.035587672233362, 8.784524616018246 ], [ 38.018778086839291, 8.752384928022082 ], [ 37.927043035607653, 8.781654608673307 ], [ 37.890602287765432, 8.822569122167295 ], [ 37.847404724748287, 8.820632388074273 ], [ 37.840336232431241, 8.801850983336237 ], [ 37.795215608613489, 8.814341163613847 ], [ 37.809507718206703, 8.789861562661031 ], [ 37.784550606924995, 8.794697174135308 ], [ 37.782703159323376, 8.767442841813761 ], [ 37.759702658051253, 8.747019877565322 ], [ 37.680386853970163, 8.718736823345751 ], [ 37.669734462575434, 8.687449919278379 ], [ 37.640850802422619, 8.70589992564112 ], [ 37.624797202429022, 8.658124313386395 ], [ 37.60352797703456, 8.681633019748119 ], [ 37.605013249661795, 8.588937978205195 ], [ 37.579961571069703, 8.565205596061446 ], [ 37.571410495098348, 8.51444741641518 ], [ 37.558289526740339, 8.517886957217343 ], [ 37.534929290354512, 8.490163439591129 ], [ 37.524823120190888, 8.420645180830491 ], [ 37.498569627186612, 8.403618947856216 ], [ 37.464180117818216, 8.31731508592253 ], [ 37.386382200278376, 8.388402229079645 ], [ 37.3633302281076, 8.468070380343818 ], [ 37.32414821536787, 8.506083715091449 ], [ 37.302962135893893, 8.5630501909136 ], [ 37.248314409082752, 8.610351330749381 ], [ 37.239209232919791, 8.597853234639103 ], [ 37.215275632864234, 8.603946923012131 ], [ 37.175257696685378, 8.64576348619596 ], [ 37.172756802584445, 8.690742196994847 ], [ 37.137882355386466, 8.689114367434172 ], [ 37.147487874765659, 8.740058874017848 ], [ 37.179324568574032, 8.748022826692136 ], [ 37.20433747379542, 8.780433105403517 ], [ 37.213081736732818, 8.830134518693114 ], [ 37.198624223828915, 8.845499651687646 ], [ 37.21465689569925, 8.867366422622354 ], [ 37.185891866916165, 8.898951332338186 ], [ 37.194022445079838, 8.923387682195823 ], [ 37.151609118765862, 8.928823656786392 ], [ 37.147447889108832, 8.966784420764441 ], [ 37.059058215164555, 8.998857508567198 ], [ 37.022303173152977, 9.036692957414118 ], [ 37.030135356261724, 9.081760233448051 ], [ 37.056824215565143, 9.086046621754235 ], [ 37.035261455951456, 9.146882809294254 ], [ 37.055655676068625, 9.177140799908045 ], [ 37.048587003887178, 9.205084083963357 ], [ 37.113460116791032, 9.193779258705888 ], [ 37.118132625420401, 9.218088364386574 ], [ 37.162697798264844, 9.250821558168411 ], [ 37.291407513146282, 9.171951860090303 ], [ 37.389508221227459, 9.163064465552679 ], [ 37.417862496357145, 9.244894366681706 ], [ 37.4667635561932, 9.31991289526394 ], [ 37.498203798266729, 9.329217985321804 ], [ 37.57834783298614, 9.316706608922914 ], [ 37.604360303185501, 9.347870572069269 ], [ 37.64550316533888, 9.360709001319378 ], [ 37.664447164804869, 9.415740160380153 ], [ 37.635325029626472, 9.454102230633509 ], [ 37.616668305098244, 9.59799276785202 ], [ 37.629131449956503, 9.622196776060434 ], [ 37.6163022081804, 9.671231727861993 ], [ 37.642132615128162, 9.751218873152538 ], [ 37.636731199685187, 9.833389896126846 ], [ 37.674494586755827, 9.861915525381221 ], [ 37.700652078930375, 9.836714383961692 ], [ 37.742891811807738, 9.840662288134126 ], [ 37.748529877551846, 9.855939268682334 ], [ 37.816021511383724, 9.867150362998927 ], [ 37.893029140682359, 9.92725891087008 ], [ 37.933522200389291, 9.917618176737506 ] ], [ [ 38.004237925340021, 8.857151168291807 ], [ 37.990700566378109, 8.84543779361934 ], [ 38.026379921196451, 8.829069239353942 ], [ 38.030183241363545, 8.838622034179593 ], [ 38.004237925340021, 8.857151168291807 ] ] ] } },
{ "type": "Feature", "properties": { "loc": "ET-A2-0407" }, "geometry": { "type": "MultiPolygon", "coordinates": [ [ [ [ 38.878342566656158, 7.350928851984975 ], [ 38.901555234186787, 7.370493568923109 ], [ 38.887506394804348, 7.355090691382372 ], [ 38.917717132339817, 7.351739996403751 ], [ 38.91773994274422, 7.32734902363859 ], [ 38.878342566656158, 7.350928851984975 ] ] ], [ [ [ 38.756703773160666, 7.677785598826347 ], [ 38.756035210856339, 7.675316647745149 ], [ 38.754798259931817, 7.677491021393564 ], [ 38.756703773160666, 7.677785598826347 ] ] ], [ [ [ 39.323169034023749, 9.148786460027168 ], [ 39.357012270899645, 9.06208032594634 ], [ 39.296751315820643, 9.053268949302606 ], [ 39.288188396677242, 8.998978410725101 ], [ 39.258599612282353, 8.962636106271361 ], [ 39.265381443898548, 8.922385085603253 ], [ 39.241015087376411, 8.888922484085413 ], [ 39.237491155992132, 8.862024795008324 ], [ 39.265526488356784, 8.84307609388668 ], [ 39.243854954842334, 8.827681300351799 ], [ 39.271993109394543, 8.783044546868382 ], [ 39.27044801386478, 8.724513068123656 ], [ 39.298982555400642, 8.718513633197688 ], [ 39.324542075756256, 8.746886869633386 ], [ 39.361069287117971, 8.720949890325244 ], [ 39.377101170282856, 8.730897078337534 ], [ 39.378163999868775, 8.791171489972328 ], [ 39.417751568180392, 8.814541965139654 ], [ 39.449226619413025, 8.752237943726186 ], [ 39.500750191368297, 8.714812529974324 ], [ 39.551786236345777, 8.768750596362963 ], [ 39.561986770573071, 8.81783961810396 ], [ 39.617022723020284, 8.786868968727958 ], [ 39.662137226951529, 8.81319248384608 ], [ 39.733277202580894, 8.826240115189194 ], [ 39.748012873994981, 8.910277914893925 ], [ 39.742452108577993, 9.09125781439667 ], [ 39.793804392958407, 9.112743744028592 ], [ 39.807734577588747, 9.135445119097028 ], [ 39.87765868689894, 9.144729524747845 ], [ 39.909018796680186, 9.131799453681879 ], [ 39.918748669815329, 9.068409474817486 ], [ 39.951868716867864, 9.029989418077207 ], [ 39.947628630157226, 9.003599446657176 ], [ 40.021928961052765, 9.00227925808133 ], [ 40.04745901422217, 8.97788920532264 ], [ 40.036618777834406, 8.906529286997056 ], [ 40.010408526931997, 8.85608939181202 ], [ 40.051188669121814, 8.840629297604039 ], [ 40.097906470906935, 8.863766592953937 ], [ 40.073815548848529, 8.81962146825623 ], [ 40.08997858374471, 8.781640508202941 ], [ 40.08204277895112, 8.757402448963887 ], [ 40.053981768244057, 8.708959352692034 ], [ 39.99166506908773, 8.661752074198887 ], [ 39.95260105459505, 8.676279361003765 ], [ 39.943149082764023, 8.704728127001488 ], [ 39.904861202082884, 8.716222079685281 ], [ 39.855078962224354, 8.667438153847797 ], [ 39.836404226074251, 8.673429065898745 ], [ 39.718091340443038, 8.63386305523585 ], [ 39.687155775418773, 8.581924697067166 ], [ 39.651588192840904, 8.567636489632321 ], [ 39.626232870750414, 8.528396073120348 ], [ 39.573525890807275, 8.523900087918776 ], [ 39.487615443597917, 8.428735515231892 ], [ 39.429845475688182, 8.40716266342622 ], [ 39.396554401864194, 8.421660671003224 ], [ 39.387704454197262, 8.376638119153938 ], [ 39.356192208803463, 8.375477319222966 ], [ 39.341954402973386, 8.399259215340578 ], [ 39.292487821555767, 8.389022271160911 ], [ 39.263813094598675, 8.364219312671196 ], [ 39.239211416074056, 8.238951629713995 ], [ 39.182755255150937, 8.234889725680318 ], [ 39.191247600896133, 8.270023474403843 ], [ 39.165011572725973, 8.323207712865724 ], [ 39.109736788222278, 8.332247941789149 ], [ 39.105190425697629, 8.355281982377619 ], [ 39.158760425653156, 8.462406982496304 ], [ 39.153003425467773, 8.472054982251677 ], [ 39.130619425646046, 8.453715982806386 ], [ 39.102729425522625, 8.472566982480316 ], [ 39.068580424547008, 8.440003982697704 ], [ 39.061184424321766, 8.405123982186069 ], [ 39.052646424492934, 8.39135998237731 ], [ 39.054962424276539, 8.413620982822124 ], [ 39.023601424166429, 8.396889981987101 ], [ 39.017364424328775, 8.355811982537034 ], [ 39.000995423999655, 8.354215982681524 ], [ 39.013210424321699, 8.347781982752338 ], [ 38.996379424271083, 8.334021982228762 ], [ 39.00421142391815, 8.321395982738466 ], [ 39.051306910385676, 8.317349653164001 ], [ 39.002609853661852, 8.292885642858153 ], [ 38.985196968865068, 8.260715638715794 ], [ 38.98919603906603, 8.199663902567124 ], [ 38.94647607900788, 8.162410489552485 ], [ 38.933461861975388, 8.098612927144927 ], [ 38.905582424389422, 8.108033982082645 ], [ 38.894992424360964, 8.081192982670075 ], [ 38.838577424508571, 8.059402982361803 ], [ 38.792755423923722, 8.097724982422051 ], [ 38.738174424110412, 7.999999982313398 ], [ 38.746250424217749, 7.981575982545621 ], [ 38.72938542439789, 7.940973982563321 ], [ 38.743621424389289, 7.901254981931913 ], [ 38.803860818222233, 7.860712887589727 ], [ 38.839060160797828, 7.854656550759273 ], [ 38.852163656227788, 7.792577542419679 ], [ 38.870151391273737, 7.785174658783546 ], [ 38.863604531823739, 7.764961852607485 ], [ 38.890918169038343, 7.72912735394425 ], [ 38.887389374120346, 7.703675218036949 ], [ 38.875950584951568, 7.692757333284362 ], [ 38.848378695720271, 7.707185997735678 ], [ 38.810406593989171, 7.6993814489947 ], [ 38.798788362193193, 7.651315045453032 ], [ 38.763164424498655, 7.669856982313945 ], [ 38.78459142425487, 7.676948982009947 ], [ 38.788311424033054, 7.704491982319155 ], [ 38.76412942403374, 7.705207982062745 ], [ 38.750450721323773, 7.681471598835287 ], [ 38.73645198856849, 7.695803265108623 ], [ 38.612507559076619, 7.667242306886976 ], [ 38.545776811950361, 7.685335376826231 ], [ 38.458697457421749, 7.610449688902065 ], [ 38.458430167218467, 7.590980379241159 ], [ 38.422818132950511, 7.566743348826549 ], [ 38.401043084770606, 7.578700777019264 ], [ 38.42026300883083, 7.624342802578326 ], [ 38.412433325837355, 7.681553430846179 ], [ 38.444847429365439, 7.759533908962794 ], [ 38.492442884031902, 7.795393342229033 ], [ 38.51290808583957, 7.84891044496112 ], [ 38.563087168637992, 7.885196245010775 ], [ 38.597367682872346, 7.990588941326621 ], [ 38.627701764225094, 8.033595278799112 ], [ 38.612682218209841, 8.04330132439668 ], [ 38.621852189626907, 8.068412431088859 ], [ 38.583944894841068, 8.108104487132437 ], [ 38.581462537566097, 8.171877069071513 ], [ 38.542552826052145, 8.225849505750148 ], [ 38.549258653264303, 8.262683370641071 ], [ 38.593544457111079, 8.260199101407466 ], [ 38.635133765211151, 8.132337731401208 ], [ 38.67284312820783, 8.089863960753235 ], [ 38.682187348667242, 8.190427867851895 ], [ 38.715921775669472, 8.231159568059695 ], [ 38.650952231160602, 8.285082026714235 ], [ 38.667231757939305, 8.350485244998083 ], [ 38.69600181123468, 8.383734431099185 ], [ 38.7655069920541, 8.393375972822923 ], [ 38.748335029338193, 8.486597626779087 ], [ 38.768911915252716, 8.568961351085534 ], [ 38.823520340791163, 8.658390760924931 ], [ 38.839828375179422, 8.717571888332031 ], [ 38.872148852087889, 8.739254281160186 ], [ 38.875119034016279, 8.779133099413059 ], [ 38.907158891869415, 8.78882045170252 ], [ 38.898969941409746, 8.806174947116176 ], [ 38.93236498225815, 8.820590217064932 ], [ 38.944634668555182, 8.857927131232145 ], [ 39.009144536291387, 8.930547432318178 ], [ 39.000822882769853, 8.943395642594851 ], [ 39.024915330977819, 8.979374209951857 ], [ 39.012385737911529, 9.00169164825104 ], [ 39.02844126335367, 9.018708876313667 ], [ 39.036305866122859, 9.001755072938295 ], [ 39.064254752055206, 9.020797388089022 ], [ 39.095952996133917, 9.014026545288857 ], [ 39.095331372145154, 9.072583723959724 ], [ 39.125208820031048, 9.099295556444815 ], [ 39.162026524104874, 9.083043634356272 ], [ 39.241943580731743, 9.145502168290477 ], [ 39.249522225170608, 9.135586014982664 ], [ 39.323169034023749, 9.148786460027168 ] ] ] ] } },
{ "type": "Feature", "properties": { "loc": "ET-A2-0408" }, "geometry": { "type": "MultiPolygon", "coordinates": [ [ [ [ 38.812767640814002, 7.858267236144059 ], [ 38.821508167068316, 7.855666541577705 ], [ 38.814094162415699, 7.856824898949981 ], [ 38.812767640814002, 7.858267236144059 ] ] ], [ [ [ 38.781521456250232, 7.879724948647493 ], [ 38.8025514242089, 7.862399982473278 ], [ 38.80553755201646, 7.860836173850373 ], [ 38.795124337118523, 7.865993981836823 ], [ 38.781521456250232, 7.879724948647493 ] ] ], [ [ [ 38.777734483959307, 7.887880833733561 ], [ 38.780371431996059, 7.881624712510529 ], [ 38.777609978217981, 7.885292718883932 ], [ 38.777734483959307, 7.887880833733561 ] ] ], [ [ [ 38.862758424461788, 7.92658998204206 ], [ 38.851028424022616, 7.942209982005124 ], [ 38.856803424138775, 7.956661982064873 ], [ 38.869449424551362, 7.937597982460943 ], [ 38.862758424461788, 7.92658998204206 ] ] ], [ [ [ 38.902229424448421, 7.984141982166818 ], [ 38.887237424667489, 7.972456982004189 ], [ 38.894168424133511, 7.989430982354008 ], [ 38.902229424448421, 7.984141982166818 ] ] ], [ [ [ 39.904861202082884, 8.716222079685281 ], [ 39.943149082764023, 8.704728127001488 ], [ 39.951593569287866, 8.677286806740767 ], [ 39.976264068432044, 8.662186498907829 ], [ 40.02291208822237, 8.683983806207721 ], [ 40.042840919972548, 8.633388935351149 ], [ 40.079023134310262, 8.63957482401895 ], [ 40.11794180666908, 8.618435356406621 ], [ 40.142875210022964, 8.627474823604302 ], [ 40.17631028868891, 8.614824322984191 ], [ 40.164708734820294, 8.578629556808664 ], [ 40.182756487921608, 8.539058295903658 ], [ 40.227482143885879, 8.569621004705652 ], [ 40.258013060754195, 8.571573190050742 ], [ 40.258241538915968, 8.606609332654614 ], [ 40.278799281861438, 8.61822716065501 ], [ 40.291123852883572, 8.60661283281604 ], [ 40.307005977344033, 8.396479168978487 ], [ 40.389574793841689, 8.180790907274627 ], [ 40.35741910960428, 8.127986940844721 ], [ 40.39383169427731, 8.054645209908585 ], [ 40.385290003630814, 8.037316418917669 ], [ 40.468518522312024, 7.949216386027445 ], [ 40.5419757522792, 7.913033650082923 ], [ 40.595742805386237, 7.863616831751415 ], [ 40.652166329912234, 7.90097091397655 ], [ 40.663860840405505, 7.889218658914047 ], [ 40.728889300400965, 7.906272608993731 ], [ 40.709379732588616, 7.825477710627865 ], [ 40.625383126330291, 7.791421688759954 ], [ 40.56219181310172, 7.700359002166238 ], [ 40.550399284599337, 7.649541908832077 ], [ 40.509756766561566, 7.65820273087138 ], [ 40.462901662581714, 7.632096017117533 ], [ 40.429181415190214, 7.63238728594456 ], [ 40.311942940614244, 7.548147928384253 ], [ 40.290405166865014, 7.513974535096793 ], [ 40.159522730389767, 7.438362536701732 ], [ 40.101625181057329, 7.438628527384708 ], [ 40.069663825924863, 7.466176809412275 ], [ 39.957508095622188, 7.490553804014894 ], [ 39.876430444109758, 7.479465027389153 ], [ 39.858005018916515, 7.461961168073515 ], [ 39.826319773638716, 7.468817466253086 ], [ 39.772722463970581, 7.43778196226782 ], [ 39.659665681326203, 7.481613302711821 ], [ 39.603432965059369, 7.445809593238209 ], [ 39.566312802793675, 7.44540567173442 ], [ 39.498272825330673, 7.35545204437642 ], [ 39.501127741152402, 7.291145187800225 ], [ 39.445162057882726, 7.213810942720897 ], [ 39.446894614394978, 7.180583853861833 ], [ 39.41132096409126, 7.17773442480393 ], [ 39.33171639399643, 7.273840207259809 ], [ 39.305220450063757, 7.268644869665025 ], [ 39.272049770280717, 7.305235129797438 ], [ 39.220963321899831, 7.294311293331589 ], [ 39.209199328885973, 7.2781511569504 ], [ 39.209437576383095, 7.328933790062422 ], [ 39.163255442284878, 7.364165167388592 ], [ 39.123611000847063, 7.347369287662559 ], [ 39.12718517465612, 7.361876005173542 ], [ 39.069083419864, 7.343628101655611 ], [ 39.054994012963391, 7.35302543157843 ], [ 39.026610453209912, 7.330294979629628 ], [ 38.971281539411564, 7.321086673711079 ], [ 38.944159456893487, 7.336569162836668 ], [ 38.91773994274422, 7.32734902363859 ], [ 38.917717132339817, 7.351739996403751 ], [ 38.887506394804348, 7.355090691382372 ], [ 38.901145762966621, 7.370610252361303 ], [ 38.885447940170366, 7.372971516822076 ], [ 38.87807745191293, 7.350235487277985 ], [ 38.849780126351789, 7.352260449360301 ], [ 38.859998834078965, 7.388655750862256 ], [ 38.841688907017499, 7.413294744057225 ], [ 38.861460412268286, 7.45505536761118 ], [ 38.849409147014569, 7.472865428097066 ], [ 38.87297367159772, 7.493979512344652 ], [ 38.886303041652127, 7.574985716317826 ], [ 38.871864375840346, 7.578733873869226 ], [ 38.891751727260441, 7.601720893404547 ], [ 38.896253553558722, 7.667485307301149 ], [ 38.87708418758524, 7.672866143557712 ], [ 38.8924497603482, 7.724149486809438 ], [ 38.863604531823739, 7.764961852607485 ], [ 38.870151391273737, 7.785174658783546 ], [ 38.852163656227788, 7.792577542419679 ], [ 38.839060160797828, 7.854656550759273 ], [ 38.861755424073635, 7.863475982630519 ], [ 38.889522423920766, 7.958914982540477 ], [ 38.917873424618904, 7.969433981992722 ], [ 38.934753424231189, 7.999999982313398 ], [ 38.921245424536778, 8.034152982574142 ], [ 38.938747424054441, 8.051124981932446 ], [ 38.943178576230366, 8.153096847841312 ], [ 38.983635157636456, 8.183550539026214 ], [ 38.984494996746776, 8.259036135909014 ], [ 39.002609853661852, 8.292885642858153 ], [ 39.051306910385676, 8.317349653164001 ], [ 39.063213424360072, 8.310107981997817 ], [ 39.075210425420835, 8.328916982432816 ], [ 39.075191425443961, 8.29541098233102 ], [ 39.109736788222278, 8.332247941789149 ], [ 39.1594133496464, 8.327233703372769 ], [ 39.191247600896133, 8.270023474403843 ], [ 39.182755255150937, 8.234889725680318 ], [ 39.241481809438028, 8.239624657152262 ], [ 39.263813094598675, 8.364219312671196 ], [ 39.292487821555767, 8.389022271160911 ], [ 39.341954402973386, 8.399259215340578 ], [ 39.356192208803463, 8.375477319222966 ], [ 39.387704454197262, 8.376638119153938 ], [ 39.396554401864194, 8.421660671003224 ], [ 39.429845475688182, 8.40716266342622 ], [ 39.487615443597917, 8.428735515231892 ], [ 39.573525890807275, 8.523900087918776 ], [ 39.626232870750414, 8.528396073120348 ], [ 39.651588192840904, 8.567636489632321 ], [ 39.687155775418773, 8.581924697067166 ], [ 39.718091340443038, 8.63386305523585 ], [ 39.836404226074251, 8.673429065898745 ], [ 39.855078962224354, 8.667438153847797 ], [ 39.904861202082884, 8.716222079685281 ] ] ] ] } },
{ "type": "Feature", "properties": { "loc": "ET-A2-0409" }, "geometry": { "type": "Polygon", "coordinates": [ [ [ 41.191843541646165, 9.459754476887667 ], [ 41.280830037176543, 9.267181454660431 ], [ 41.206946971025957, 9.181586000393679 ], [ 41.273841493690043, 9.151756275032142 ], [ 41.266477759341171, 9.132702277687997 ], [ 41.28910562112759, 9.085989255799575 ], [ 41.228115225037641, 8.872798211768099 ], [ 41.173157530695562, 8.768233964625836 ], [ 41.210285257158944, 8.684793712260046 ], [ 41.26817631518486, 8.613758585890082 ], [ 41.277307652626121, 8.528855382969596 ], [ 41.246006273071089, 8.44564556479105 ], [ 41.28233127277008, 8.389720223309723 ], [ 41.358390051659626, 8.351815889991371 ], [ 41.385826145959925, 8.362219976770575 ], [ 41.443971570031977, 8.314308774630319 ], [ 41.448415160731145, 8.279779984558672 ], [ 41.487567782727069, 8.252999113818078 ], [ 41.497782628765378, 8.197682437094841 ], [ 41.535735858223347, 8.165145646254643 ], [ 41.570696836389914, 8.161028158722615 ], [ 41.580320724421938, 8.044561899612006 ], [ 41.569915074621065, 7.999656882858915 ], [ 41.528675552434834, 7.974438851271998 ], [ 41.522255382280093, 8.077053942885186 ], [ 41.49670487403074, 8.130505779118437 ], [ 41.417363899724251, 8.113150858325525 ], [ 41.33290471727895, 8.158140127165211 ], [ 41.302151280257419, 8.154909951233321 ], [ 41.243023863060898, 8.128421670423791 ], [ 41.19440090957437, 8.13135877798527 ], [ 41.146026976563746, 8.085375805948729 ], [ 41.086387381972145, 8.062254360250563 ], [ 41.051764789913193, 8.011399203110784 ], [ 40.989746802373077, 7.995409677114935 ], [ 40.977143654656004, 7.970917693396871 ], [ 40.91633756292822, 7.956105076887809 ], [ 40.798969835089849, 7.961077788209423 ], [ 40.740334401911184, 7.927017136631605 ], [ 40.733426982669187, 7.899653849645517 ], [ 40.663860840405505, 7.889218658914047 ], [ 40.652166329912234, 7.90097091397655 ], [ 40.595742805386237, 7.863616831751415 ], [ 40.5419757522792, 7.913033650082923 ], [ 40.468518522312024, 7.949216386027445 ], [ 40.385290003630814, 8.037316418917669 ], [ 40.39383169427731, 8.054645209908585 ], [ 40.35741910960428, 8.127986940844721 ], [ 40.389574793841689, 8.180790907274627 ], [ 40.307005977344033, 8.396479168978487 ], [ 40.291123852883572, 8.60661283281604 ], [ 40.278799281861438, 8.61822716065501 ], [ 40.258241538915968, 8.606609332654614 ], [ 40.258013060754195, 8.571573190050742 ], [ 40.227482143885879, 8.569621004705652 ], [ 40.182756487921608, 8.539058295903658 ], [ 40.164708734820294, 8.578629556808664 ], [ 40.17631028868891, 8.614824322984191 ], [ 40.142875210022964, 8.627474823604302 ], [ 40.11794180666908, 8.618435356406621 ], [ 40.079023134310262, 8.63957482401895 ], [ 40.042840919972548, 8.633388935351149 ], [ 40.02291208822237, 8.683983806207721 ], [ 40.086000420083394, 8.766040328398503 ], [ 40.073815548848529, 8.81962146825623 ], [ 40.096364537393526, 8.864795625118063 ], [ 40.169889522283654, 8.964498896307077 ], [ 40.237809909699649, 8.997338687630361 ], [ 40.245500160903759, 9.074868599106594 ], [ 40.327020742013701, 9.154658311731737 ], [ 40.425771605075568, 9.304277894609186 ], [ 40.498822132835187, 9.375047621150827 ], [ 40.659552927725485, 9.404307128671121 ], [ 40.698563231108267, 9.447646966234572 ], [ 40.862183991098391, 9.463016469934189 ], [ 40.927514098996539, 9.405136335973168 ], [ 40.89121389900231, 9.389536466434834 ], [ 40.78882344724434, 9.386896769170619 ], [ 40.812563326136626, 9.310926782145316 ], [ 40.844103443319284, 9.304796700907048 ], [ 41.014074330665892, 9.357206139251957 ], [ 41.191843541646165, 9.459754476887667 ] ] ] } },
{ "type": "Feature", "properties": { "loc": "ET-A2-0410" }, "geometry": { "type": "Polygon", "coordinates": [ [ [ 42.713380151372917, 9.74125756758275 ], [ 42.8229748687952, 9.67436531570678 ], [ 42.897676005942969, 9.650087286998769 ], [ 42.935026727401578, 9.679967474219609 ], [ 42.977979742271316, 9.628610516961828 ], [ 42.96864195556185, 9.592193907822661 ], [ 42.921019828802116, 9.565115036829525 ], [ 42.864060223800323, 9.586591722330184 ], [ 42.813636848261979, 9.572585500020864 ], [ 42.776286018884718, 9.511891222801751 ], [ 42.640889819409665, 9.447462241889014 ], [ 42.537453341898242, 9.372981780384919 ], [ 42.556290422764846, 9.32105128139159 ], [ 42.55136028175167, 9.286571356882689 ], [ 42.583590164554494, 9.215381367256327 ], [ 42.634700160783837, 9.158521290225394 ], [ 42.59934556824345, 9.106174347568128 ], [ 42.644349907022672, 9.072981394275985 ], [ 42.730639804283612, 8.948021312733431 ], [ 42.865329866879904, 8.825111067621719 ], [ 42.831989324048095, 8.695231380623738 ], [ 42.83841924555179, 8.66439141263362 ], [ 42.905319210912921, 8.582221324054899 ], [ 42.898848639153414, 8.409101608952142 ], [ 42.768168047417532, 8.363172085423457 ], [ 42.70159725640832, 8.179612543584085 ], [ 42.651406932983605, 8.129672755992942 ], [ 42.615976901712713, 8.159602825010438 ], [ 42.567027021280069, 8.255612844956886 ], [ 42.520137540714984, 8.478712685841799 ], [ 42.32303701294785, 8.5367732076175 ], [ 42.263077099628504, 8.635953264031969 ], [ 42.232676984655143, 8.635033352906987 ], [ 42.069725949792826, 8.4939740289783 ], [ 42.02600558568929, 8.425834241157361 ], [ 42.02705375542655, 8.323024845620182 ], [ 41.94840464216054, 8.200894719215967 ], [ 41.912403516209338, 7.844395181892196 ], [ 41.957143486682639, 7.77478512573299 ], [ 41.861433339377186, 7.530611227626082 ], [ 41.846082726836414, 7.557009936859174 ], [ 41.700739846566705, 7.634004437854571 ], [ 41.705680035705143, 7.658545515563162 ], [ 41.676489377582755, 7.670390105818797 ], [ 41.673849604775512, 7.695422297900791 ], [ 41.60388328218778, 7.766905489896487 ], [ 41.603729864141997, 7.841168023185787 ], [ 41.587557258660638, 7.862449767143062 ], [ 41.571581996811744, 7.847960018040453 ], [ 41.558954621358737, 7.921731990039348 ], [ 41.536554599215435, 7.935294831291458 ], [ 41.537911105113437, 7.974380727188873 ], [ 41.566181192907777, 7.993272834873494 ], [ 41.577602020816641, 8.024305423256749 ], [ 41.570696836389914, 8.161028158722615 ], [ 41.535735858223347, 8.165145646254643 ], [ 41.497782628765378, 8.197682437094841 ], [ 41.487567782727069, 8.252999113818078 ], [ 41.448415160731145, 8.279779984558672 ], [ 41.443971570031977, 8.314308774630319 ], [ 41.385826145959925, 8.362219976770575 ], [ 41.358390051659626, 8.351815889991371 ], [ 41.28233127277008, 8.389720223309723 ], [ 41.246713817388809, 8.443393711850376 ], [ 41.277307652626121, 8.528855382969596 ], [ 41.26817631518486, 8.613758585890082 ], [ 41.210285257158944, 8.684793712260046 ], [ 41.173157530695562, 8.768233964625836 ], [ 41.228115225037641, 8.872798211768099 ], [ 41.28910562112759, 9.085989255799575 ], [ 41.266477759341171, 9.132702277687997 ], [ 41.273841493690043, 9.151756275032142 ], [ 41.206946971025957, 9.181586000393679 ], [ 41.280830037176543, 9.267181454660431 ], [ 41.191843541646165, 9.459754476887667 ], [ 41.230585679785349, 9.495680309798502 ], [ 41.308696037092488, 9.503075061764719 ], [ 41.490966655286968, 9.45742454660558 ], [ 41.540606997415068, 9.499584336947635 ], [ 41.642597467599103, 9.515143990602724 ], [ 41.654157407138655, 9.481234004245948 ], [ 41.702277555964486, 9.466653866982426 ], [ 41.772997926812934, 9.491053607238257 ], [ 41.913378428971384, 9.472463175335349 ], [ 41.982523830610319, 9.508492896130292 ], [ 42.031719010124277, 9.504402737196585 ], [ 42.074771082619407, 9.473716645906507 ], [ 42.152599667041045, 9.556372257773546 ], [ 42.12485976106916, 9.614522250401592 ], [ 42.20053019111549, 9.653141934152984 ], [ 42.258635414592788, 9.651581739006076 ], [ 42.339772808068687, 9.719617622755152 ], [ 42.49895844537599, 9.721054469588125 ], [ 42.663794574360168, 9.77654905829246 ], [ 42.694115592160927, 9.768675545939743 ], [ 42.713380151372917, 9.74125756758275 ] ], [ [ 42.186329519191986, 9.36175010868061 ], [ 42.129149013716074, 9.388672600160419 ], [ 42.070468498422542, 9.303942921428757 ], [ 42.061332212911339, 9.226459058838543 ], [ 42.112408425208685, 9.230742892170781 ], [ 42.148558486984655, 9.206262810979979 ], [ 42.197458721243038, 9.219872631017154 ], [ 42.246028798190537, 9.187002519950397 ], [ 42.272038987709152, 9.215667393935121 ], [ 42.249349087090764, 9.270032381988869 ], [ 42.270312659002059, 9.36166439609508 ], [ 42.238079427123921, 9.384942245588206 ], [ 42.186329519191986, 9.36175010868061 ] ] ] } },
{ "type": "Feature", "properties": { "loc": "ET-A2-0411" }, "geometry": { "type": "Polygon", "coordinates": [ [ [ 41.522255382280093, 8.077053942885186 ], [ 41.570709244336228, 7.849316924136815 ], [ 41.587557258660638, 7.862449767143062 ], [ 41.603729864141997, 7.841168023185787 ], [ 41.60388328218778, 7.766905489896487 ], [ 41.623327545729694, 7.73357224776106 ], [ 41.673849604775512, 7.695422297900791 ], [ 41.676489377582755, 7.670390105818797 ], [ 41.705680035705143, 7.658545515563162 ], [ 41.700739846566705, 7.634004437854571 ], [ 41.846082726836414, 7.557009936859174 ], [ 41.867460991431642, 7.531233214041663 ], [ 41.896122316691617, 7.411205595561853 ], [ 42.199110095954211, 7.291440178921164 ], [ 42.209853014904752, 7.264004913795759 ], [ 42.204702685680445, 7.141035027444616 ], [ 42.157612300167557, 7.05132521618583 ], [ 42.162642212867866, 7.007115234180787 ], [ 42.076231629286326, 6.886735528421923 ], [ 42.055531228683321, 6.748755663043482 ], [ 41.999180790261335, 6.641615850191386 ], [ 41.999540669266537, 6.589845873888009 ], [ 41.887980171447794, 6.535346154801232 ], [ 41.860730083026965, 6.535341221120518 ], [ 41.85366584989913, 6.568909075693341 ], [ 41.81966002099324, 6.570476295444735 ], [ 41.757879746752963, 6.540536443602036 ], [ 41.69032926758166, 6.429416634270297 ], [ 41.633348991662672, 6.391386770882832 ], [ 41.619688883335357, 6.361716810082783 ], [ 41.4377886536235, 6.543967151263075 ], [ 41.228468081236997, 6.623007581135028 ], [ 41.131027873037965, 6.691257776025566 ], [ 41.072077664552637, 6.694327905908153 ], [ 40.900056652992191, 6.511638298069045 ], [ 40.860356351964128, 6.436198390343463 ], [ 40.881621044775443, 6.244343346368396 ], [ 40.866428983610774, 6.133653442652303 ], [ 40.874795190445752, 5.807898320351228 ], [ 40.922295131715032, 5.683378211435354 ], [ 40.832204765137874, 5.655898366916176 ], [ 40.694374115273263, 5.567168582863872 ], [ 40.679584017788216, 5.540638594195798 ], [ 40.633053831669031, 5.530068672431355 ], [ 40.53289327680335, 5.410648792407869 ], [ 40.20835200094416, 5.355549289368241 ], [ 40.097951607880475, 5.364879466913919 ], [ 40.033681421160736, 5.396789590367348 ], [ 39.975293050633809, 5.393323532155307 ], [ 39.932602807773435, 5.416093684675843 ], [ 39.902796910848792, 5.472756117700726 ], [ 39.850284695282539, 5.507943869813801 ], [ 39.691571035674826, 5.516173143176047 ], [ 39.665368524337964, 5.572942337418965 ], [ 39.703364091179935, 5.595312836618177 ], [ 39.697819784255671, 5.617432439355639 ], [ 39.730511589438379, 5.647091924852475 ], [ 39.716451661415078, 5.676257876799639 ], [ 39.620555057669833, 5.728923016683893 ], [ 39.609571764325494, 5.714360292993149 ], [ 39.573594563038682, 5.722534219378758 ], [ 39.56241290982797, 5.699307240037172 ], [ 39.526055315100791, 5.709632440085102 ], [ 39.505943697044017, 5.745620702133749 ], [ 39.463045851984532, 5.770355304953398 ], [ 39.443508942983385, 5.845853738759104 ], [ 39.46622682960458, 5.889368206677432 ], [ 39.406503011704672, 5.9341207496729 ], [ 39.376211267735869, 5.988111417408049 ], [ 39.373904648780581, 6.032156067148833 ], [ 39.340069729734296, 6.058243243131187 ], [ 39.338297128209945, 6.07970048169193 ], [ 39.357840018602019, 6.095274300568576 ], [ 39.329687893981202, 6.125407640650167 ], [ 39.336567133866197, 6.15436130223236 ], [ 39.317303786040952, 6.167333597367644 ], [ 39.310199744422732, 6.218146465686914 ], [ 39.274721293652817, 6.273183282382604 ], [ 39.221262288024207, 6.27840193670005 ], [ 39.206318725728636, 6.298592134819216 ], [ 39.250596432079703, 6.370796435607076 ], [ 39.2793514226301, 6.369287795895104 ], [ 39.29651855059069, 6.42995913140885 ], [ 39.337699152793732, 6.474031223062525 ], [ 39.340745140375986, 6.519943274562536 ], [ 39.401198178053505, 6.555539637244522 ], [ 39.426917435091582, 6.544691001188824 ], [ 39.427625013583565, 6.619503115576379 ], [ 39.469533277938467, 6.664814710430562 ], [ 39.509485808223531, 6.674403497923151 ], [ 39.520206505825627, 6.714169633821598 ], [ 39.579674191410845, 6.671067503262691 ], [ 39.598323465055898, 6.69068952500163 ], [ 39.641357216562369, 6.690209967815804 ], [ 39.644106837060917, 6.713081386696672 ], [ 39.61560761280117, 6.761300576960082 ], [ 39.685175817210222, 6.836078163676348 ], [ 39.740438629938865, 6.87078523984701 ], [ 39.770714578215291, 6.915122841046298 ], [ 39.729220351837796, 6.951585210389169 ], [ 39.731334812651539, 6.971432023968759 ], [ 39.709953848291491, 6.992750594264578 ], [ 39.719429468695068, 7.018378594396665 ], [ 39.67482967285116, 7.013197488573269 ], [ 39.680097649586912, 7.0358620768734 ], [ 39.655752326408788, 7.081491522715623 ], [ 39.623233845765412, 7.090641155964647 ], [ 39.61663242714485, 7.127239277071055 ], [ 39.593524075575658, 7.141170203642048 ], [ 39.628216787774591, 7.147867868607307 ], [ 39.664595730608539, 7.191015888872244 ], [ 39.69293258497089, 7.191420781643785 ], [ 39.688882492632956, 7.219768022276469 ], [ 39.634700674896294, 7.25259063205209 ], [ 39.633383074569281, 7.277191957143145 ], [ 39.586550637102278, 7.326763454369996 ], [ 39.577483797239495, 7.363132081980041 ], [ 39.535660904627093, 7.351827038187309 ], [ 39.524124518331917, 7.398292703345646 ], [ 39.543217053424314, 7.403853043383322 ], [ 39.545580035590206, 7.428174903249214 ], [ 39.659665681326203, 7.481613302711821 ], [ 39.772722463970581, 7.43778196226782 ], [ 39.826319773638716, 7.468817466253086 ], [ 39.858005018916515, 7.461961168073515 ], [ 39.876430444109758, 7.479465027389153 ], [ 39.957508095622188, 7.490553804014894 ], [ 40.069663825924863, 7.466176809412275 ], [ 40.117965921989764, 7.434854997260345 ], [ 40.194041632415463, 7.452325447661337 ], [ 40.429181415190214, 7.63238728594456 ], [ 40.462901662581714, 7.632096017117533 ], [ 40.509756766561566, 7.65820273087138 ], [ 40.550399284599337, 7.649541908832077 ], [ 40.56219181310172, 7.700359002166238 ], [ 40.625383126330291, 7.791421688759954 ], [ 40.709379732588616, 7.825477710627865 ], [ 40.742064993404767, 7.928430174812775 ], [ 40.812704258894485, 7.963708948209444 ], [ 40.91633756292822, 7.956105076887809 ], [ 40.977143654656004, 7.970917693396871 ], [ 40.989746802373077, 7.995409677114935 ], [ 41.051764789913193, 8.011399203110784 ], [ 41.097933391013214, 8.071663518056937 ], [ 41.146026976563746, 8.085375805948729 ], [ 41.206426623290099, 8.135372541309778 ], [ 41.219971175029741, 8.123467662302801 ], [ 41.33290471727895, 8.158140127165211 ], [ 41.417363899724251, 8.113150858325525 ], [ 41.495744544675063, 8.131060403614811 ], [ 41.522255382280093, 8.077053942885186 ] ] ] } },
{ "type": "Feature", "properties": { "loc": "ET-A2-0412" }, "geometry": { "type": "MultiPolygon", "coordinates": [ [ [ [ 36.72442633280906, 4.441489319076879 ], [ 36.71184006626612, 4.441227644240428 ], [ 36.65753231466465, 4.580373675804537 ], [ 36.68084120156027, 4.604300629870238 ], [ 36.646409140769265, 4.710757126140493 ], [ 36.763962946432912, 4.70973550349072 ], [ 36.720470421972436, 4.642511979144558 ], [ 36.720817422685968, 4.554400979022034 ], [ 36.696548422271917, 4.515257979772002 ], [ 36.72442633280906, 4.441489319076879 ] ] ], [ [ [ 38.136199175951276, 5.28968163959604 ], [ 38.172107385747324, 5.323494120557257 ], [ 38.218694853284887, 5.313669336570683 ], [ 38.230694372447374, 5.292099082906418 ], [ 38.302558227680095, 5.2790509209633 ], [ 38.311568016350918, 5.290558201599765 ], [ 38.337582690788622, 5.259811081416331 ], [ 38.397267037443896, 5.237608285993645 ], [ 38.39217208937049, 5.214898277433633 ], [ 38.440152039285238, 5.174749606808973 ], [ 38.459401852313704, 5.127389851860244 ], [ 38.522696925722585, 5.122895661705456 ], [ 38.529877504143542, 5.144089969976164 ], [ 38.588779231976048, 5.147663048411005 ], [ 38.631964327691605, 5.107709617005241 ], [ 38.663516116275787, 5.120267964095319 ], [ 38.694748025900708, 5.10534919970587 ], [ 38.713340902160951, 5.058544014394784 ], [ 38.731163972239585, 5.056920425137548 ], [ 38.739305453783743, 5.073633065413674 ], [ 38.771961932697081, 5.069528843781143 ], [ 38.79276580299944, 5.104670293399352 ], [ 38.812678690669088, 5.091704413128184 ], [ 38.804030118295373, 5.11520458942033 ], [ 38.842786257979469, 5.165954441344468 ], [ 38.861073936712842, 5.165767237567991 ], [ 38.904725731107646, 5.100292857729244 ], [ 38.916420451142983, 5.119345678760112 ], [ 38.984810136278838, 5.141738788714179 ], [ 39.065521058650006, 5.047450973183913 ], [ 39.119046901893057, 5.042120006133416 ], [ 39.16020089675402, 4.937904526872444 ], [ 39.209978686767045, 4.892219571276257 ], [ 39.273403493676369, 4.860487645788282 ], [ 39.291606992268953, 4.875172965060358 ], [ 39.363241622003329, 4.852088116373523 ], [ 39.379830056911658, 4.772098060876829 ], [ 39.412209859397535, 4.755938425418037 ], [ 39.432849266180767, 4.722648294982889 ], [ 39.587042261391275, 4.708657103942244 ], [ 39.605393416073355, 4.683510447948834 ], [ 39.630743560766746, 4.685811068426119 ], [ 39.672025808844069, 4.651862854587137 ], [ 39.708500362202017, 4.654994810162407 ], [ 39.744347800310777, 4.704307049930435 ], [ 39.745899292718263, 4.66657941091114 ], [ 39.618818440718542, 4.368469242361698 ], [ 39.539687995005011, 4.235169172819099 ], [ 39.528787869164887, 4.166739098230835 ], [ 39.478277541775185, 4.040328984894813 ], [ 39.499677536689035, 3.965728859599267 ], [ 39.284696386728911, 3.623078557129759 ], [ 39.097917698243236, 3.53669009417257 ], [ 39.024215697996112, 3.533509015828486 ], [ 39.017707825056107, 3.518748044686561 ], [ 38.969142913814494, 3.534016847699434 ], [ 38.954933166832234, 3.515202999019209 ], [ 38.915645599764673, 3.51215505631086 ], [ 38.720306396922751, 3.577965975049779 ], [ 38.687812805017018, 3.623564004874993 ], [ 38.66780471781351, 3.600819110713417 ], [ 38.613933562783757, 3.618218898683267 ], [ 38.579799652432087, 3.611840963389795 ], [ 38.560462951404133, 3.645736932913167 ], [ 38.530818939642415, 3.65881800644587 ], [ 38.516815185972121, 3.629831075343873 ], [ 38.446975708262357, 3.602858066246824 ], [ 38.129215240590952, 3.616986990257431 ], [ 38.041446686115705, 3.683233976766644 ], [ 38.000770568506994, 3.733871936840444 ], [ 37.962577819910507, 3.741680860783163 ], [ 37.634716033917869, 3.974431037862132 ], [ 37.122295379428294, 4.29801988580914 ], [ 37.041900634406829, 4.375583172025813 ], [ 36.993484497111922, 4.383918762341068 ], [ 36.868370055933383, 4.444474220209145 ], [ 36.742527286205359, 4.441865645782968 ], [ 36.784660422440595, 4.502952979796248 ], [ 36.896579422402453, 4.537597979363284 ], [ 36.929115423637938, 4.578814979827484 ], [ 36.96993242364249, 4.598873979450616 ], [ 37.013656423705015, 4.702442979260127 ], [ 36.993438423044836, 4.72910697950357 ], [ 37.015438423144758, 4.760875979542845 ], [ 36.987327423621764, 4.874948979012231 ], [ 36.972667422963241, 4.84341797915647 ], [ 36.946746423708532, 4.832577979290363 ], [ 36.934555423593963, 4.858788979327983 ], [ 36.898517422740895, 4.860358979783143 ], [ 36.960090423034671, 4.801306979733397 ], [ 36.917636422183193, 4.795278979641239 ], [ 36.915607422144888, 4.763760979485653 ], [ 36.873416422629873, 4.732655979489891 ], [ 36.85683602586198, 4.749733952260158 ], [ 36.860708967045241, 4.978767300570496 ], [ 36.892970982624774, 5.109787746107656 ], [ 36.948966653788091, 5.194686546846697 ], [ 37.112230264215384, 5.186272327905669 ], [ 37.216908441071723, 5.212684750001245 ], [ 37.367175850585113, 5.155099544208667 ], [ 37.629734811412447, 5.266009696390427 ], [ 37.646706038253114, 5.299287273189179 ], [ 37.674230516125476, 5.307643460677241 ], [ 37.810078171670341, 5.268299909912969 ], [ 37.852657441787585, 5.234646853569473 ], [ 37.907689131448308, 5.243269792566934 ], [ 37.918572511911975, 5.265062257916895 ], [ 37.963158230667887, 5.260780430072828 ], [ 37.961316519841546, 5.243625955573464 ], [ 38.012275625120083, 5.213997645974644 ], [ 38.035333557098056, 5.237933486241445 ], [ 38.100384922825981, 5.244959815643028 ], [ 38.101713196307003, 5.296699214097487 ], [ 38.121559167221847, 5.324501127425151 ], [ 38.136199175951276, 5.28968163959604 ] ] ] ] } },
{ "type": "Feature", "properties": { "loc": "ET-A2-0413" }, "geometry": { "type": "MultiPolygon", "coordinates": [ [ [ [ 38.004237925340021, 8.857151168291807 ], [ 38.030183241363545, 8.838622034179593 ], [ 38.026379921196451, 8.829069239353942 ], [ 37.990700566378109, 8.84543779361934 ], [ 38.004237925340021, 8.857151168291807 ] ] ], [ [ [ 38.128694895553053, 8.923766293179938 ], [ 38.127530352643703, 8.890709046685231 ], [ 38.198130790803418, 8.893845709312075 ], [ 38.239164595769523, 8.879380041355887 ], [ 38.25282350170329, 8.8521501562048 ], [ 38.275273372368304, 8.857986752686543 ], [ 38.294782554371466, 8.894077292832833 ], [ 38.342084900198017, 8.910414881641543 ], [ 38.346823090813018, 8.89275847212582 ], [ 38.377279550111211, 8.890638729593718 ], [ 38.429689572116104, 8.836368529184313 ], [ 38.429397500194511, 8.790567559245517 ], [ 38.460993995876265, 8.767757074829206 ], [ 38.461050750291918, 8.737267035745163 ], [ 38.482663913309011, 8.736571093581176 ], [ 38.49807681469332, 8.697513733172286 ], [ 38.58707338982515, 8.711174296556578 ], [ 38.620762095294538, 8.696813328572318 ], [ 38.62883628596586, 8.665119265441774 ], [ 38.661181952884874, 8.640300623674875 ], [ 38.698453756135962, 8.634764266757543 ], [ 38.700495624573477, 8.568638850602497 ], [ 38.763099958396424, 8.54554062719825 ], [ 38.748336753338549, 8.483948742040866 ], [ 38.7655069920541, 8.393375972822923 ], [ 38.69600181123468, 8.383734431099185 ], [ 38.667231757939305, 8.350485244998083 ], [ 38.654451646126631, 8.394637112812575 ], [ 38.616751722414108, 8.43113836884072 ], [ 38.590882148192634, 8.426018642646284 ], [ 38.575784187590216, 8.444891629844903 ], [ 38.526842519766547, 8.457619570187092 ], [ 38.477883440168682, 8.447359393820989 ], [ 38.430208725552291, 8.298750815297922 ], [ 38.347344031202113, 8.25424095165863 ], [ 38.307034320777348, 8.2996930107239 ], [ 38.311464356894589, 8.369946128011463 ], [ 38.266314665189725, 8.406637792999788 ], [ 38.180030170156272, 8.392867265012342 ], [ 38.138955428949942, 8.409418032716076 ], [ 38.06670582841133, 8.375966615167215 ], [ 38.028041075135548, 8.390282286098682 ], [ 37.988166284946146, 8.359525957756773 ], [ 37.927986659157057, 8.378166835331228 ], [ 37.862947008897379, 8.335705010377978 ], [ 37.816257282147888, 8.331804870098722 ], [ 37.747967710441515, 8.351765814840519 ], [ 37.704547953725125, 8.337035196717011 ], [ 37.666063217743329, 8.383537295210033 ], [ 37.611968519131892, 8.354086027947858 ], [ 37.576078774216114, 8.414068724691958 ], [ 37.524823120190888, 8.420645180830491 ], [ 37.529364760375415, 8.479411212657396 ], [ 37.558289526740339, 8.517886957217343 ], [ 37.571410495098348, 8.51444741641518 ], [ 37.579961571069703, 8.565205596061446 ], [ 37.605013249661795, 8.588937978205195 ], [ 37.60352797703456, 8.681633019748119 ], [ 37.624797202429022, 8.658124313386395 ], [ 37.640850802422619, 8.70589992564112 ], [ 37.669734462575434, 8.687449919278379 ], [ 37.680386853970163, 8.718736823345751 ], [ 37.759702658051253, 8.747019877565322 ], [ 37.782703159323376, 8.767442841813761 ], [ 37.784550606924995, 8.794697174135308 ], [ 37.809507718206703, 8.789861562661031 ], [ 37.795215608613489, 8.814341163613847 ], [ 37.840336232431241, 8.801850983336237 ], [ 37.847404724748287, 8.820632388074273 ], [ 37.890602287765432, 8.822569122167295 ], [ 37.927043035607653, 8.781654608673307 ], [ 38.018778086839291, 8.752384928022082 ], [ 38.035587672233362, 8.784524616018246 ], [ 38.013773175291874, 8.794801180729962 ], [ 38.051315613324959, 8.833726939746498 ], [ 38.10736690575817, 8.83773112529127 ], [ 38.144123714038244, 8.817002001241406 ], [ 38.116249727243144, 8.888966508597548 ], [ 38.080574696365204, 8.892646914823331 ], [ 38.095859423673517, 8.91578880930615 ], [ 38.128694895553053, 8.923766293179938 ] ] ] ] } },
{ "type": "Feature", "properties": { "loc": "ET-A2-0414" }, "geometry": { "type": "Polygon", "coordinates": [ [ [ 39.125266527728115, 6.356956690398988 ], [ 39.139149515038127, 6.35567140900838 ], [ 39.137831073845007, 6.324578442840902 ], [ 39.16623114784926, 6.291402089235078 ], [ 39.203311773219809, 6.300226779442369 ], [ 39.221262288024207, 6.27840193670005 ], [ 39.274721293652817, 6.273183282382604 ], [ 39.309865711033808, 6.218815930011203 ], [ 39.317303786040952, 6.167333597367644 ], [ 39.336567133866197, 6.15436130223236 ], [ 39.329687893981202, 6.125407640650167 ], [ 39.357840018602019, 6.095274300568576 ], [ 39.338297128209945, 6.07970048169193 ], [ 39.340069729734296, 6.058243243131187 ], [ 39.373904648780581, 6.032156067148833 ], [ 39.376211267735869, 5.988111417408049 ], [ 39.406503011704672, 5.9341207496729 ], [ 39.46622682960458, 5.889368206677432 ], [ 39.443508942983385, 5.845853738759104 ], [ 39.463045851984532, 5.770355304953398 ], [ 39.505943697044017, 5.745620702133749 ], [ 39.526055315100791, 5.709632440085102 ], [ 39.56241290982797, 5.699307240037172 ], [ 39.573594563038682, 5.722534219378758 ], [ 39.609571764325494, 5.714360292993149 ], [ 39.620555057669833, 5.728923016683893 ], [ 39.716451661415078, 5.676257876799639 ], [ 39.730511589438379, 5.647091924852475 ], [ 39.697819784255671, 5.617432439355639 ], [ 39.703364091179935, 5.595312836618177 ], [ 39.665368524337964, 5.572942337418965 ], [ 39.691571035674826, 5.516173143176047 ], [ 39.850284695282539, 5.507943869813801 ], [ 39.902796910848792, 5.472756117700726 ], [ 39.933925766261154, 5.415126417050544 ], [ 39.975397371091844, 5.393298744141759 ], [ 40.033681421160736, 5.396789590367348 ], [ 39.907300671588757, 5.219609664654342 ], [ 39.812860001887657, 5.002069635905002 ], [ 39.765069606577129, 4.846849562757143 ], [ 39.743574564114908, 4.698732907098019 ], [ 39.707417523599872, 4.654573538038392 ], [ 39.670402293331222, 4.651985077849133 ], [ 39.630743560766746, 4.685811068426119 ], [ 39.605393416073355, 4.683510447948834 ], [ 39.585659337908169, 4.709020299647136 ], [ 39.432849266180767, 4.722648294982889 ], [ 39.412209859397535, 4.755938425418037 ], [ 39.379830056911658, 4.772098060876829 ], [ 39.363241622003329, 4.852088116373523 ], [ 39.291606992268953, 4.875172965060358 ], [ 39.268170517655335, 4.861998265807358 ], [ 39.187995234192783, 4.909091417634841 ], [ 39.125357664124977, 5.002780079637034 ], [ 39.119046901893057, 5.042120006133416 ], [ 39.065521058650006, 5.047450973183913 ], [ 39.017323920662477, 5.095875472375212 ], [ 39.002285419636451, 5.133601518695173 ], [ 38.967363433375795, 5.139071643241778 ], [ 38.90429598197403, 5.100675733298488 ], [ 38.843052860201396, 5.171843239873681 ], [ 38.852951001887277, 5.191543088043147 ], [ 38.834023921366907, 5.212068429314627 ], [ 38.859531426734009, 5.24148847211535 ], [ 38.838569933155952, 5.260823272875768 ], [ 38.838679553318798, 5.296111070969175 ], [ 38.815346396419102, 5.295926034558875 ], [ 38.808630799871594, 5.317227520433789 ], [ 38.791403691627124, 5.311181917011936 ], [ 38.798227341718473, 5.324350106072586 ], [ 38.725344524030618, 5.414858044063521 ], [ 38.715461345264941, 5.473081916897002 ], [ 38.749610741942263, 5.499613230266391 ], [ 38.749373666261761, 5.595442752680924 ], [ 38.679994993973821, 5.633458040756011 ], [ 38.663994177889037, 5.669866517325943 ], [ 38.638956004416116, 5.670795179753782 ], [ 38.618264686066482, 5.77289166381928 ], [ 38.57246389509271, 5.819067740084165 ], [ 38.591089474299849, 5.841386643378939 ], [ 38.622027987301806, 5.824894796557658 ], [ 38.639353466089631, 5.790538833700282 ], [ 38.667079212235933, 5.793922347638272 ], [ 38.701669872966306, 5.81221030336286 ], [ 38.687211742228158, 5.862764448420592 ], [ 38.617238940924437, 5.908272598201904 ], [ 38.603732471876128, 5.943156678937612 ], [ 38.578585135995297, 5.942228651431151 ], [ 38.522407012173915, 5.999524475174439 ], [ 38.461787448831728, 6.025268558896926 ], [ 38.432146288820206, 6.070606693644038 ], [ 38.401943516580104, 6.073636158881698 ], [ 38.395184111357707, 6.09837422768851 ], [ 38.386855857711737, 6.078419342578627 ], [ 38.342172629063612, 6.082422892302702 ], [ 38.376973709569086, 6.164516716573246 ], [ 38.434682691752869, 6.198765804898017 ], [ 38.423751104929579, 6.365554395319123 ], [ 38.441037188915175, 6.405362953137853 ], [ 38.475286600096581, 6.430375209048691 ], [ 38.566545037623428, 6.440456127148593 ], [ 38.661453411445848, 6.419084202773774 ], [ 38.707162634348151, 6.392451802908454 ], [ 38.757956764393214, 6.409068303859158 ], [ 38.874109771648705, 6.300833539436326 ], [ 38.960598296774037, 6.159270747147332 ], [ 39.034487029552849, 6.137438773680515 ], [ 39.131859953174342, 6.158786171744453 ], [ 39.085967610317027, 6.252010342003757 ], [ 39.119546177614041, 6.298994290953829 ], [ 39.125266527728115, 6.356956690398988 ] ] ] } },
{ "type": "Feature", "properties": { "loc": "ET-A2-0416" }, "geometry": { "type": "Polygon", "coordinates": [ [ [ 36.156882181367621, 9.02067244977377 ], [ 36.148687702775305, 9.00375060830396 ], [ 36.174293210863027, 8.97942299637424 ], [ 36.222134712846753, 8.950194145843227 ], [ 36.238617035847597, 8.965110054885201 ], [ 36.293108632257599, 8.893225480171793 ], [ 36.323287637214719, 8.882064863003052 ], [ 36.334315116049822, 8.846334030990761 ], [ 36.352418119900392, 8.839219136354131 ], [ 36.352757631059887, 8.805084525430573 ], [ 36.377096626608079, 8.792393677626194 ], [ 36.408380060191689, 8.733055260591868 ], [ 36.419877639841275, 8.654288983649735 ], [ 36.440726808095746, 8.626696656425622 ], [ 36.524516030690336, 8.591765855909557 ], [ 36.536498065233559, 8.559182982908396 ], [ 36.556594455070069, 8.575042118898693 ], [ 36.598709686702705, 8.57198372516882 ], [ 36.627096581142382, 8.5465032273421 ], [ 36.613735003667557, 8.529736983874727 ], [ 36.660639923793497, 8.531342964406349 ], [ 36.699867890091127, 8.470168805346134 ], [ 36.72241474994081, 8.46338226218171 ], [ 36.751766187059957, 8.290034693946041 ], [ 36.743696939961865, 8.270223626619099 ], [ 36.760412626241759, 8.255265843344034 ], [ 36.794273969168387, 8.25772556917974 ], [ 36.789614031262602, 8.22984368363916 ], [ 36.825619927217929, 8.126837627054897 ], [ 36.790714648562243, 8.093777256315377 ], [ 36.788841402109085, 8.116398364193174 ], [ 36.756447357059926, 8.103317803274024 ], [ 36.74102939788844, 8.057981300796428 ], [ 36.692143613037388, 8.072075993912051 ], [ 36.664135981590334, 8.059302766409587 ], [ 36.639353007835098, 7.994883692428516 ], [ 36.588050622338415, 7.995099776133827 ], [ 36.602098321380481, 8.031826974235514 ], [ 36.567684935911132, 8.066194703822589 ], [ 36.479339497819637, 8.04470451320276 ], [ 36.409491853366376, 8.055544833227543 ], [ 36.391604175092652, 8.07621451838537 ], [ 36.396796443301241, 8.092676510412673 ], [ 36.367346975582507, 8.114062343702244 ], [ 36.372866886597592, 8.130090554035917 ], [ 36.327025799700948, 8.118259895178085 ], [ 36.288081581200061, 8.152976865689823 ], [ 36.286163970291057, 8.177498723087638 ], [ 36.2672129965826, 8.177766185960763 ], [ 36.282425941803808, 8.227106704011248 ], [ 36.246857941041185, 8.257721113938317 ], [ 36.234039185360189, 8.235884987402301 ], [ 36.159628691111266, 8.216660025339934 ], [ 36.095965416370916, 8.240480379166229 ], [ 36.08274513318139, 8.265151116630761 ], [ 36.087263387395467, 8.315991053644268 ], [ 36.045021560896373, 8.337214455882474 ], [ 36.000664287027291, 8.402845966168456 ], [ 35.980624716357624, 8.632841619645092 ], [ 35.947475302843031, 8.628334272408779 ], [ 35.907593563592116, 8.673751166183422 ], [ 35.879101613948365, 8.666378640961568 ], [ 35.856660642974362, 8.68024514819507 ], [ 35.875292198176453, 8.70807789477908 ], [ 35.86800059844893, 8.725365860146383 ], [ 35.923601505005479, 8.753980122984331 ], [ 35.922574221123455, 8.779298367825447 ], [ 35.890245303178233, 8.787195841714777 ], [ 35.887545761427816, 8.817092631319952 ], [ 35.868113869859258, 8.820536889965524 ], [ 35.887395624108819, 8.839564354611298 ], [ 35.920496335737369, 8.829863390183334 ], [ 35.946873982848103, 8.865028444307313 ], [ 35.935965596734945, 8.876410193076026 ], [ 35.95694247141796, 8.880650592750726 ], [ 35.977708387632049, 8.914213315791926 ], [ 36.01731407908153, 8.90783559093984 ], [ 36.044694826405191, 9.012169516310166 ], [ 36.086545822831511, 9.01261679143181 ], [ 36.0969746139873, 9.032414895930742 ], [ 36.07553725404108, 9.062637625925731 ], [ 36.108553458175606, 9.080031574597513 ], [ 36.131429031024993, 9.020788200615016 ], [ 36.156882181367621, 9.02067244977377 ] ] ] } },
{ "type": "Feature", "properties": { "loc": "ET-A2-0417" }, "geometry": { "type": "MultiPolygon", "coordinates": [ [ [ [ 38.434860423869509, 7.509674981615149 ], [ 38.428638424723601, 7.503939981544988 ], [ 38.423576424212683, 7.507846980953445 ], [ 38.434860423869509, 7.509674981615149 ] ] ], [ [ [ 38.776685091144088, 7.663131099320822 ], [ 38.783420424213261, 7.659271982516032 ], [ 38.766387505678892, 7.66490212793093 ], [ 38.776685091144088, 7.663131099320822 ] ] ], [ [ [ 38.767691911152838, 7.677680979793422 ], [ 38.767227405020776, 7.677421075722123 ], [ 38.767054907857755, 7.677575780697794 ], [ 38.767691911152838, 7.677680979793422 ] ] ], [ [ [ 38.771694423958536, 7.678341982396603 ], [ 38.770732330133001, 7.678153078901516 ], [ 38.770628574449177, 7.678165960790523 ], [ 38.771694423958536, 7.678341982396603 ] ] ], [ [ [ 38.750886084025638, 7.692629130430078 ], [ 38.755802424042713, 7.674456982203992 ], [ 38.753265423960215, 7.671703982053202 ], [ 38.750886084025638, 7.692629130430078 ] ] ], [ [ [ 38.846319537816441, 7.707139247378393 ], [ 38.896253553558722, 7.667485307301149 ], [ 38.891751727260441, 7.601720893404547 ], [ 38.871864375840346, 7.578733873869226 ], [ 38.886303041652127, 7.574985716317826 ], [ 38.87297367159772, 7.493979512344652 ], [ 38.849409147014569, 7.472865428097066 ], [ 38.861460412268286, 7.45505536761118 ], [ 38.841688907017499, 7.413294744057225 ], [ 38.859998834078965, 7.388655750862256 ], [ 38.849780126351789, 7.352260449360301 ], [ 38.879433455089952, 7.350782626716921 ], [ 38.906291997577682, 7.326582518868179 ], [ 38.944159456893487, 7.336569162836668 ], [ 38.971281539411564, 7.321086673711079 ], [ 39.026610453209912, 7.330294979629628 ], [ 39.054994012963391, 7.35302543157843 ], [ 39.069083419864, 7.343628101655611 ], [ 39.12718517465612, 7.361876005173542 ], [ 39.123611000847063, 7.347369287662559 ], [ 39.169384340015313, 7.362282048178031 ], [ 39.209437576383095, 7.328933790062422 ], [ 39.209199328885973, 7.2781511569504 ], [ 39.220963321899831, 7.294311293331589 ], [ 39.272049770280717, 7.305235129797438 ], [ 39.305220450063757, 7.268644869665025 ], [ 39.33171639399643, 7.273840207259809 ], [ 39.337494326801789, 7.251670762295873 ], [ 39.420317773746319, 7.175623742042092 ], [ 39.447796444650237, 7.181182982208895 ], [ 39.445162057882726, 7.213810942720897 ], [ 39.499425783173422, 7.287448189082681 ], [ 39.497737342904088, 7.354133982697192 ], [ 39.524124518331917, 7.398292703345646 ], [ 39.535660904627093, 7.351827038187309 ], [ 39.577483797239495, 7.363132081980041 ], [ 39.586550637102278, 7.326763454369996 ], [ 39.633383074569281, 7.277191957143145 ], [ 39.634700674896294, 7.25259063205209 ], [ 39.688882492632956, 7.219768022276469 ], [ 39.69293258497089, 7.191420781643785 ], [ 39.664595730608539, 7.191015888872244 ], [ 39.628216787774591, 7.147867868607307 ], [ 39.593524075575658, 7.141170203642048 ], [ 39.61663242714485, 7.127239277071055 ], [ 39.623233845765412, 7.090641155964647 ], [ 39.655752326408788, 7.081491522715623 ], [ 39.680097649586912, 7.0358620768734 ], [ 39.67482967285116, 7.013197488573269 ], [ 39.719429468695068, 7.018378594396665 ], [ 39.709953848291491, 6.992750594264578 ], [ 39.731334812651539, 6.971432023968759 ], [ 39.729220351837796, 6.951585210389169 ], [ 39.770714578215291, 6.915122841046298 ], [ 39.740438629938865, 6.87078523984701 ], [ 39.685175817210222, 6.836078163676348 ], [ 39.61560761280117, 6.761300576960082 ], [ 39.644106837060917, 6.713081386696672 ], [ 39.641357216562369, 6.690209967815804 ], [ 39.598323465055898, 6.69068952500163 ], [ 39.579674191410845, 6.671067503262691 ], [ 39.520206505825627, 6.714169633821598 ], [ 39.509485808223531, 6.674403497923151 ], [ 39.469533277938467, 6.664814710430562 ], [ 39.427625013583565, 6.619503115576379 ], [ 39.426917435091582, 6.544691001188824 ], [ 39.401198178053505, 6.555539637244522 ], [ 39.340745140375986, 6.519943274562536 ], [ 39.337699152793732, 6.474031223062525 ], [ 39.29651855059069, 6.42995913140885 ], [ 39.2793514226301, 6.369287795895104 ], [ 39.252188804070101, 6.372210281379409 ], [ 39.215774979231981, 6.30787325704523 ], [ 39.177650136644559, 6.284249868236884 ], [ 39.137831073845007, 6.324578442840902 ], [ 39.139149515038127, 6.35567140900838 ], [ 39.125266527728115, 6.356956690398988 ], [ 39.096617764198527, 6.521612558372908 ], [ 39.048448123881883, 6.569824785185745 ], [ 39.059308084200779, 6.608786534171259 ], [ 38.959640224716622, 6.600879351201172 ], [ 38.941678844303283, 6.61033670907193 ], [ 38.949423821052562, 6.643803218144058 ], [ 38.934424959444357, 6.655611413735812 ], [ 38.837751030285858, 6.674915717586373 ], [ 38.817929714284958, 6.703611030924378 ], [ 38.742290193937379, 6.700940976145205 ], [ 38.705550463782913, 6.742042867884095 ], [ 38.63567093206791, 6.771714266700087 ], [ 38.639853442382503, 6.812686850317959 ], [ 38.714084698150373, 6.860577375245725 ], [ 38.694770715795926, 6.957492603301034 ], [ 38.71438061557302, 6.991414113570556 ], [ 38.710500657879095, 7.012985093887039 ], [ 38.677412796663305, 7.005354710551501 ], [ 38.680870876989445, 7.048356713291753 ], [ 38.636951173657792, 7.06609754666448 ], [ 38.646171139286707, 7.095543105929664 ], [ 38.61149138002321, 7.124180187265893 ], [ 38.545948424180494, 7.111582981369565 ], [ 38.539027115808778, 7.090936718155092 ], [ 38.480022181778338, 7.090398776082679 ], [ 38.462184423972019, 7.127040981056496 ], [ 38.400632699839264, 7.121470242158011 ], [ 38.342193101230691, 7.164452226888784 ], [ 38.321894933204646, 7.161742447256188 ], [ 38.237920595958769, 7.020054713054606 ], [ 38.193793905564348, 7.012345484356672 ], [ 38.146584173720669, 6.977463947803017 ], [ 38.117114364236556, 6.980914124887022 ], [ 38.064154741348261, 7.043386988618693 ], [ 38.086965241952385, 7.194943441386783 ], [ 38.265210098966918, 7.306723977229808 ], [ 38.279442838915941, 7.380599418028794 ], [ 38.318911943131695, 7.414167394909384 ], [ 38.341228790576281, 7.478579377736139 ], [ 38.407956739911697, 7.503569766631472 ], [ 38.389457424620502, 7.450923981056917 ], [ 38.40377442474994, 7.416107981698019 ], [ 38.456893424591897, 7.420563981242765 ], [ 38.460361424440237, 7.438473981589027 ], [ 38.481315423967715, 7.443279981086334 ], [ 38.522258424386848, 7.394333981228272 ], [ 38.555633424742837, 7.388793981157335 ], [ 38.595485424312926, 7.411492981116226 ], [ 38.625408424659099, 7.404345981581855 ], [ 38.619915424057638, 7.438336981566522 ], [ 38.635349424436413, 7.44383398145311 ], [ 38.637218424290893, 7.471845981806666 ], [ 38.613990424218741, 7.501258981117132 ], [ 38.573719424212129, 7.52425798142076 ], [ 38.53433642468633, 7.516255981128666 ], [ 38.527675424181552, 7.536467981512203 ], [ 38.494743424469505, 7.53029498102859 ], [ 38.491962423926793, 7.508942981133714 ], [ 38.453067424422159, 7.534229981728345 ], [ 38.429132129144477, 7.531079686278531 ], [ 38.419043575800458, 7.569160509749793 ], [ 38.458430167218467, 7.590980379241159 ], [ 38.458697457421749, 7.610449688902065 ], [ 38.545776811950361, 7.685335376826231 ], [ 38.559087146954312, 7.681366854796579 ], [ 38.522232424087179, 7.630145982051488 ], [ 38.565265424659685, 7.596589982341868 ], [ 38.577430424474585, 7.554102982666564 ], [ 38.607337424082914, 7.523996981075868 ], [ 38.633365424674651, 7.531779981161264 ], [ 38.666160424364136, 7.626569982618662 ], [ 38.662731424515698, 7.647694981937889 ], [ 38.611920207351716, 7.66734092384462 ], [ 38.738930185579648, 7.69501732239155 ], [ 38.711570423935996, 7.664173981943748 ], [ 38.687034424698993, 7.547798982437143 ], [ 38.69346242435148, 7.529421981239466 ], [ 38.71165842439683, 7.536062981721273 ], [ 38.712791424484692, 7.51769198169967 ], [ 38.759521424674062, 7.506160981444168 ], [ 38.824520424677928, 7.559123982186065 ], [ 38.825077424283734, 7.637414982715313 ], [ 38.808750424092864, 7.657635982614579 ], [ 38.81102342459144, 7.632150982781695 ], [ 38.798384883155904, 7.658803217194759 ], [ 38.810406593989171, 7.6993814489947 ], [ 38.846319537816441, 7.707139247378393 ] ] ] ] } },
{ "type": "Feature", "properties": { "loc": "ET-A2-0418" }, "geometry": { "type": "Polygon", "coordinates": [ [ [ 35.4401334221198, 8.822135140824116 ], [ 35.410705233259932, 8.814243821894934 ], [ 35.400110430851782, 8.800396108693519 ], [ 35.409253666323707, 8.77566281798471 ], [ 35.362116359582387, 8.737703983951747 ], [ 35.308290072628779, 8.747887261088295 ], [ 35.282911587599756, 8.732928897750469 ], [ 35.254806521803573, 8.755909450260958 ], [ 35.234169947884823, 8.721741218182729 ], [ 35.214835158815561, 8.756815250123736 ], [ 35.204806443662505, 8.731573816378557 ], [ 35.160015363818047, 8.707245689137267 ], [ 35.143990829912923, 8.667161508896584 ], [ 35.123965435256707, 8.662498346021891 ], [ 35.113967611815895, 8.620410287404866 ], [ 35.200596800801748, 8.540435602221294 ], [ 35.177009544055238, 8.508168945240698 ], [ 35.115248302167458, 8.49825269300743 ], [ 35.050129886585069, 8.520764767979699 ], [ 35.000072202370291, 8.486667780193955 ], [ 34.952743025270479, 8.353883962874647 ], [ 34.982040321403758, 8.327666160365084 ], [ 34.965044641097336, 8.247216098943852 ], [ 34.826427111422106, 8.261935566373324 ], [ 34.785803329859846, 8.303639340183452 ], [ 34.785250432961163, 8.355242661319835 ], [ 34.728751827634767, 8.390022244431066 ], [ 34.574273499122739, 8.403479557435674 ], [ 34.556526753606818, 8.455134120143555 ], [ 34.52268710142863, 8.475544932752484 ], [ 34.347280143264072, 8.376647332708274 ], [ 34.313296408002884, 8.389928503597616 ], [ 34.358223376307819, 8.522043528386178 ], [ 34.312429022681329, 8.682099812856109 ], [ 34.279388976620055, 8.708837028705943 ], [ 34.189639021423773, 8.651632735262581 ], [ 34.14343802944154, 8.651837145767729 ], [ 34.14398870321611, 8.962261246359503 ], [ 34.430651003940739, 8.967436631595319 ], [ 34.503707990631312, 9.004134038754955 ], [ 34.458330015917568, 9.073183166170224 ], [ 34.426835008728744, 9.071795453797222 ], [ 34.37900471679427, 9.13061047889056 ], [ 34.420917418404201, 9.153892157696987 ], [ 34.48618326344689, 9.150103324708709 ], [ 34.527756571708494, 9.188731026815503 ], [ 34.590828207655704, 9.139799313587503 ], [ 34.698666013126058, 9.174889400225709 ], [ 34.777821552622584, 9.17362831869201 ], [ 34.791458999833026, 9.249562325640852 ], [ 34.82210816406058, 9.239864679711275 ], [ 34.82992081209585, 9.25611296763941 ], [ 34.874473532027935, 9.266932478251306 ], [ 34.872678877328383, 9.291720106897458 ], [ 34.922110687358384, 9.348330920635533 ], [ 34.911827252725573, 9.381832990699991 ], [ 34.924703331193825, 9.405149753858097 ], [ 34.940778334152867, 9.398149948161631 ], [ 34.925752450615164, 9.390148463181106 ], [ 34.931366921746076, 9.360126755045769 ], [ 34.976829592811498, 9.353172306656688 ], [ 35.013005400378972, 9.313444465689599 ], [ 35.055157648107013, 9.315834412228412 ], [ 35.127066609736289, 9.25916660935161 ], [ 35.137952083821688, 9.229179148299124 ], [ 35.124866805958391, 9.215501185731171 ], [ 35.18824274460701, 9.104895733751164 ], [ 35.197068422269922, 9.11584248134551 ], [ 35.220216358398261, 9.096511377697993 ], [ 35.233944879052956, 9.11045970704987 ], [ 35.263337446665901, 9.078276668133753 ], [ 35.281261222827197, 9.092775577730777 ], [ 35.278762213705249, 9.070708094303143 ], [ 35.312900303206504, 9.058430260148441 ], [ 35.343713090087078, 9.005828847123666 ], [ 35.337393147575767, 8.96222306024606 ], [ 35.35076381629716, 8.944729228371216 ], [ 35.398472846344816, 8.947641895956792 ], [ 35.411206589112851, 8.912394659086317 ], [ 35.450648386314015, 8.907895246568444 ], [ 35.443761283656386, 8.85969296086148 ], [ 35.424383049238372, 8.846099123575755 ], [ 35.4401334221198, 8.822135140824116 ] ] ] } },
{ "type": "Feature", "properties": { "loc": "ET-A2-0419" }, "geometry": { "type": "Polygon", "coordinates": [ [ [ 37.045871990200226, 10.288399330364825 ], [ 37.087101870754793, 10.259494064899229 ], [ 37.195997440829274, 10.230910795396937 ], [ 37.167702323103754, 10.163273346387882 ], [ 37.190737458167234, 10.111555896787252 ], [ 37.2204995176387, 10.083913319044484 ], [ 37.28771184362671, 10.062879182728125 ], [ 37.323254586030373, 10.008101796160986 ], [ 37.344751175326508, 10.005818235822971 ], [ 37.362194709018638, 10.043178533262733 ], [ 37.398275412380428, 10.046150452681275 ], [ 37.444469593796782, 10.014559266596905 ], [ 37.529236928941145, 9.99617677323954 ], [ 37.592396684059793, 9.918764586616419 ], [ 37.669121203181021, 9.860175028754611 ], [ 37.636731199685187, 9.833389896126846 ], [ 37.642132615128162, 9.751218873152538 ], [ 37.6163022081804, 9.671231727861993 ], [ 37.635325029626472, 9.454102230633509 ], [ 37.664447164804869, 9.415740160380153 ], [ 37.653640726738217, 9.372833522648989 ], [ 37.57834783298614, 9.316706608922914 ], [ 37.498203798266729, 9.329217985321804 ], [ 37.4667635561932, 9.31991289526394 ], [ 37.417862496357145, 9.244894366681706 ], [ 37.389508221227459, 9.163064465552679 ], [ 37.290105048409316, 9.172471930835002 ], [ 37.15432299391108, 9.253194413991082 ], [ 37.156460477369194, 9.267930598018722 ], [ 37.113274786302384, 9.307687425034715 ], [ 37.087224735233406, 9.302912326242904 ], [ 37.053108679122317, 9.367902950860525 ], [ 37.063257264910874, 9.425828398961471 ], [ 37.034923255104218, 9.427589859684304 ], [ 37.031471847747639, 9.458619411057043 ], [ 36.998285458607086, 9.448975425875233 ], [ 36.955204643779325, 9.470629179792866 ], [ 36.91797173530739, 9.441272638121802 ], [ 36.883816922013409, 9.488134847645142 ], [ 36.829676091778254, 9.461327806632994 ], [ 36.831182215187141, 9.433101832383727 ], [ 36.795184373560062, 9.411922129103004 ], [ 36.733701685884171, 9.416566575287277 ], [ 36.661716435665028, 9.505996194668683 ], [ 36.673172621319452, 9.634037391312631 ], [ 36.691402792005306, 9.673531803350102 ], [ 36.763725904926616, 9.688524524387333 ], [ 36.782539419058992, 9.708445624665899 ], [ 36.775449804365053, 9.7417085712936 ], [ 36.791361622640807, 9.759769748575081 ], [ 36.875808339583273, 9.779580815901966 ], [ 36.922254237643017, 9.820832099421921 ], [ 36.904627162213842, 9.849904762894539 ], [ 36.915238889862906, 9.858979004177741 ], [ 36.906866501088189, 9.896056955863855 ], [ 36.929001702566552, 9.917054587799043 ], [ 36.907646802358101, 9.904008842334235 ], [ 36.896454930150981, 9.915393380799912 ], [ 36.920003077180297, 9.954536663336398 ], [ 36.894088948746059, 9.977516600710601 ], [ 36.917073609359647, 10.003571472145779 ], [ 36.893554543707296, 10.017747320082776 ], [ 36.900480854108196, 10.05868264928489 ], [ 36.88609663055513, 10.101860420921753 ], [ 36.89734170125854, 10.13331920341858 ], [ 36.886624420180908, 10.16281262640166 ], [ 36.8474796510651, 10.18321796483724 ], [ 36.865402570172535, 10.250308178179921 ], [ 36.815348467058186, 10.340314185651209 ], [ 36.86924151608315, 10.340692899158 ], [ 36.888736163243379, 10.315516919869992 ], [ 36.979920798805892, 10.314026480637608 ], [ 37.013265299554007, 10.284938672581745 ], [ 37.045871990200226, 10.288399330364825 ] ] ] } },
{ "type": "Feature", "properties": { "loc": "ET-A2-0420" }, "geometry": { "type": "Polygon", "coordinates": [ [ [ 39.10229342879876, 9.084143311864409 ], [ 39.103942771941433, 9.021883796999703 ], [ 39.07632138042743, 9.010114918868453 ], [ 39.064254752055206, 9.020797388089022 ], [ 39.036305866122859, 9.001755072938295 ], [ 39.02844126335367, 9.018708876313667 ], [ 39.012385737911529, 9.00169164825104 ], [ 39.024915330977819, 8.979374209951857 ], [ 39.000822882769853, 8.943395642594851 ], [ 39.009144536291387, 8.930547432318178 ], [ 38.944634668555182, 8.857927131232145 ], [ 38.93236498225815, 8.820590217064932 ], [ 38.898969941409746, 8.806174947116176 ], [ 38.907158891869415, 8.78882045170252 ], [ 38.875119034016279, 8.779133099413059 ], [ 38.872148852087889, 8.739254281160186 ], [ 38.829685643077994, 8.699859271188473 ], [ 38.824316255191093, 8.66022869100135 ], [ 38.763060514131496, 8.545555221396398 ], [ 38.700495624573477, 8.568638850602497 ], [ 38.698453756135962, 8.634764266757543 ], [ 38.651325402145631, 8.647068693865151 ], [ 38.617950710257105, 8.698878037991108 ], [ 38.565751111624536, 8.712682030651251 ], [ 38.498808701860128, 8.696978682420308 ], [ 38.482663913309011, 8.736571093581176 ], [ 38.461050750291918, 8.737267035745163 ], [ 38.460993995876265, 8.767757074829206 ], [ 38.429397500194511, 8.790567559245517 ], [ 38.429689572116104, 8.836368529184313 ], [ 38.410523173006084, 8.847469815379725 ], [ 38.438766365675292, 8.877213624009585 ], [ 38.392348857413879, 8.935152757993421 ], [ 38.442277621115352, 8.96681531337606 ], [ 38.458210688572478, 9.016722949304722 ], [ 38.45474542985778, 9.058868542948971 ], [ 38.440704814775415, 9.064119083628839 ], [ 38.479176840638729, 9.094680643097263 ], [ 38.424983775980536, 9.115558263203354 ], [ 38.41568924486279, 9.190477037185588 ], [ 38.458058797575518, 9.216863122635061 ], [ 38.444328775052952, 9.236646314575808 ], [ 38.505843511868648, 9.229498954413259 ], [ 38.509913508002057, 9.241408476619938 ], [ 38.482400974025779, 9.260919454569205 ], [ 38.510510432110777, 9.327041970410676 ], [ 38.498041484826729, 9.340671374084707 ], [ 38.54517423919981, 9.368394148870948 ], [ 38.531021662120054, 9.416306488653561 ], [ 38.555631367093952, 9.440553884654094 ], [ 38.520831218286162, 9.465920223439582 ], [ 38.561733132278277, 9.49151971416353 ], [ 38.65137226132083, 9.516515819149788 ], [ 38.691148242097768, 9.483244480948088 ], [ 38.712935667647002, 9.490545856306255 ], [ 38.721473823957865, 9.454635545693918 ], [ 38.7757440954137, 9.432300773861698 ], [ 38.825980185337357, 9.463317297655237 ], [ 38.83157939227516, 9.448627595986807 ], [ 38.854164013758293, 9.447704455396376 ], [ 38.922077951236531, 9.480652520597403 ], [ 38.976102241924991, 9.464041104413468 ], [ 38.953962928746193, 9.420589596232901 ], [ 38.929108604578516, 9.42082266093712 ], [ 38.933501410561689, 9.387035488696881 ], [ 38.886788099990895, 9.345050406051428 ], [ 38.881221437719205, 9.315936865693857 ], [ 38.853972332257399, 9.309413265409944 ], [ 38.84425421955666, 9.274328832809431 ], [ 38.881268457873091, 9.270410325676039 ], [ 38.917134665732306, 9.289659623392936 ], [ 38.95264300367171, 9.262207414140903 ], [ 39.003112268916141, 9.287059312837073 ], [ 39.022060978131663, 9.243129522709353 ], [ 38.9923510883321, 9.204226627157141 ], [ 39.029416433321785, 9.167350149689696 ], [ 39.036259659855489, 9.114215221055645 ], [ 39.063618490700833, 9.116858717056175 ], [ 39.10229342879876, 9.084143311864409 ] ], [ [ 38.79131179170588, 9.077681515689449 ], [ 38.765214224057274, 9.098150301295391 ], [ 38.685408005275292, 9.073027126600664 ], [ 38.667036364037017, 9.010027780857456 ], [ 38.651942039393646, 9.010284438376175 ], [ 38.659386469909691, 8.985402486135854 ], [ 38.639405386649344, 8.974035833387063 ], [ 38.74358938064546, 8.902585569168707 ], [ 38.745517603554617, 8.863423673363911 ], [ 38.797583928055872, 8.833485284718165 ], [ 38.824393004233798, 8.841332266171207 ], [ 38.826001429122698, 8.880187270126441 ], [ 38.868717092220095, 8.873035683150306 ], [ 38.879447092409464, 8.918314232415923 ], [ 38.855555243379854, 8.938292853332541 ], [ 38.896759233351986, 8.937026940640862 ], [ 38.906053758174437, 8.997532016689263 ], [ 38.876320806160322, 9.081584121909771 ], [ 38.79131179170588, 9.077681515689449 ] ] ] } },
{ "type": "Feature", "properties": { "loc": "ET-A2-0501" }, "geometry": { "type": "Polygon", "coordinates": [ [ [ 42.823111935367592, 10.303200144171342 ], [ 42.778878286803547, 10.1896847207733 ], [ 42.78294460291113, 10.062614825214041 ], [ 42.833340524845426, 9.940735255327809 ], [ 42.88988599564226, 9.922450030844288 ], [ 42.911633665761144, 9.882628786289501 ], [ 42.855423740113565, 9.850310432680374 ], [ 42.828857417935524, 9.804857707217479 ], [ 42.717543039379791, 9.790723416952176 ], [ 42.713380151372917, 9.74125756758275 ], [ 42.694115592160927, 9.768675545939743 ], [ 42.663794574360168, 9.77654905829246 ], [ 42.529772728728517, 9.727590682863763 ], [ 42.376572174066609, 9.713839606312831 ], [ 42.339772808068687, 9.719617622755152 ], [ 42.250990848948561, 9.783491543000366 ], [ 42.213350694179269, 9.783741668743062 ], [ 42.185770548272217, 9.773561784748608 ], [ 42.030809392639412, 9.618482565218244 ], [ 41.873238977297035, 9.68388298571125 ], [ 41.808678563165188, 9.64055326642017 ], [ 41.773828469608247, 9.653703360221925 ], [ 41.748601873777488, 9.636353472035182 ], [ 41.734617701945467, 9.47148375786918 ], [ 41.670197434563988, 9.470633966884122 ], [ 41.642597467599103, 9.515143990602724 ], [ 41.540606997415068, 9.499584336947635 ], [ 41.490966655286968, 9.45742454660558 ], [ 41.308696037092488, 9.503075061764719 ], [ 41.239315728937811, 9.498795280777642 ], [ 41.145445099911512, 9.424625660945537 ], [ 41.056484617271337, 9.391065970418254 ], [ 41.014074330665892, 9.357206139251957 ], [ 40.844103443319284, 9.304796700907048 ], [ 40.812563326136626, 9.310926782145316 ], [ 40.78882344724434, 9.386896769170619 ], [ 40.89121389900231, 9.389536466434834 ], [ 40.927514098996539, 9.405136335973168 ], [ 40.889994069370857, 9.448646401710107 ], [ 40.842363908067966, 9.463586527696123 ], [ 40.696138915178835, 9.446065145090415 ], [ 40.702202392626361, 9.536092664345006 ], [ 40.751893772179869, 9.654612076586091 ], [ 40.84733493226139, 9.79032611715661 ], [ 41.019566200819554, 9.948825372992644 ], [ 40.965806034720799, 9.971685509878455 ], [ 40.936556112174912, 10.035245519065484 ], [ 41.087038686286405, 10.600564198279187 ], [ 41.077268922822554, 10.681154097983267 ], [ 41.220060126973351, 10.834463354600189 ], [ 41.240750537907047, 10.921363137898538 ], [ 41.268160800080921, 10.957852978831966 ], [ 41.717612896218213, 10.964781335190537 ], [ 41.768913224965388, 10.991211090819263 ], [ 41.815990448000832, 10.959378242511946 ], [ 41.942211151523452, 10.939480781812676 ], [ 41.949077606646256, 10.909914970599459 ], [ 41.97502517727014, 10.927575111402291 ], [ 42.067325591802671, 10.922997474953547 ], [ 42.080833435015052, 10.95814132666095 ], [ 42.142654418866414, 10.976679802031299 ], [ 42.188991546622617, 10.977353095668889 ], [ 42.207027434968211, 10.960200310096297 ], [ 42.355846405387354, 10.997372627644722 ], [ 42.424148559508467, 10.980070113944635 ], [ 42.499305724879378, 11.032511711146583 ], [ 42.598941803221692, 11.063476562593337 ], [ 42.632339477285086, 11.088964461840476 ], [ 42.693489074960894, 11.053584099226839 ], [ 42.757438659666491, 11.07056140908179 ], [ 42.796016693115973, 10.985529899885023 ], [ 42.853042602434186, 10.975044250891528 ], [ 42.961639404235143, 10.984409332025109 ], [ 42.68301010163492, 10.606331824853896 ], [ 42.698398590022975, 10.546208381511633 ], [ 42.746669769194568, 10.512255668364446 ], [ 42.823111935367592, 10.303200144171342 ] ] ] } },
{ "type": "Feature", "properties": { "loc": "ET-A2-0502" }, "geometry": { "type": "MultiPolygon", "coordinates": [ [ [ [ 42.872107480675766, 8.395323076099146 ], [ 42.917266117037741, 8.249366047904857 ], [ 42.98148566023508, 8.127107873329749 ], [ 42.912344695851061, 8.093657394673073 ], [ 42.856561285375051, 8.098557185365848 ], [ 42.705927092761158, 8.073744953067205 ], [ 42.679361668106537, 8.148504256566241 ], [ 42.753947917762275, 8.337122164756124 ], [ 42.779378119204864, 8.373262037213294 ], [ 42.872107480675766, 8.395323076099146 ] ] ], [ [ [ 43.115348815995105, 9.88877868678702 ], [ 43.149890899845218, 9.899430275087184 ], [ 43.256874084071796, 9.84263706175102 ], [ 43.299194335949892, 9.611091613786982 ], [ 43.34062194864407, 9.600288390796663 ], [ 43.404876709292751, 9.545810699704077 ], [ 43.468303679970916, 9.419411658821048 ], [ 43.593864441191045, 9.360692023917807 ], [ 43.64668655414124, 9.358331680362824 ], [ 44.005855559886243, 8.996557236127614 ], [ 44.183278173049302, 8.937237797486432 ], [ 44.037145098967187, 8.609490150749878 ], [ 43.941768089325933, 8.489397556252243 ], [ 43.647154829331953, 8.599981787829279 ], [ 43.444896911763124, 8.784374004756557 ], [ 43.438591979836076, 8.857686237929613 ], [ 43.411141928956908, 8.873951237059998 ], [ 43.365877132124012, 8.883243932661401 ], [ 43.298065642715301, 8.853077797002754 ], [ 43.277189142265172, 8.834814485400216 ], [ 43.284803442125224, 8.781519304772132 ], [ 43.040260398398743, 8.770263229064824 ], [ 42.91865649769926, 8.749333495944143 ], [ 42.85990238009083, 8.79092558834526 ], [ 42.865329866879904, 8.825111067621719 ], [ 42.849549881122186, 8.844291088762759 ], [ 42.730639804283612, 8.948021312733431 ], [ 42.644349907022672, 9.072981394275985 ], [ 42.59934556824345, 9.106174347568128 ], [ 42.634700160783837, 9.158521290225394 ], [ 42.583590164554494, 9.215381367256327 ], [ 42.55136028175167, 9.286571356882689 ], [ 42.556290422764846, 9.32105128139159 ], [ 42.537453341898242, 9.372981780384919 ], [ 42.640889819409665, 9.447462241889014 ], [ 42.776286018884718, 9.511891222801751 ], [ 42.813636848261979, 9.572585500020864 ], [ 42.864060223800323, 9.586591722330184 ], [ 42.921019828802116, 9.565115036829525 ], [ 42.979847194392562, 9.607134029312078 ], [ 42.950900710299607, 9.672497335683545 ], [ 42.935026727401578, 9.679967474219609 ], [ 42.907947423834571, 9.650087250126546 ], [ 42.853789080201921, 9.662226324285484 ], [ 42.713380151372917, 9.74125756758275 ], [ 42.717543039379791, 9.790723416952176 ], [ 42.828857417935524, 9.804857707217479 ], [ 42.855423740113565, 9.850310432680374 ], [ 42.911633665761144, 9.882628786289501 ], [ 42.88988599564226, 9.922450030844288 ], [ 42.833340524845426, 9.940735255327809 ], [ 42.78294460291113, 10.062614825214041 ], [ 42.778878286803547, 10.1896847207733 ], [ 42.808361879297365, 10.241529152848159 ], [ 42.815478743449319, 10.30048956504146 ], [ 42.881149292405951, 10.207111358902125 ], [ 43.01065063461914, 10.091433524637523 ], [ 43.085895538748161, 9.908803940249697 ], [ 43.115348815995105, 9.88877868678702 ] ] ] ] } },
{ "type": "Feature", "properties": { "loc": "ET-A2-0503" }, "geometry": { "type": "Polygon", "coordinates": [ [ [ 45.93673004185797, 8.356957967935898 ], [ 45.970830516315345, 8.108724386221468 ], [ 45.874971561788186, 7.995998090939167 ], [ 45.755044136777542, 7.916055723792681 ], [ 45.659863523782633, 7.803755556973442 ], [ 45.609546277238962, 7.687986608795029 ], [ 45.327943738612703, 7.640396665174023 ], [ 45.064177384878462, 7.7000291883964 ], [ 45.021233157284428, 7.737563561309344 ], [ 45.007766626228886, 7.714292578140032 ], [ 44.96504672102941, 7.723814492944541 ], [ 44.961239558059219, 7.746655262930062 ], [ 44.942203496793979, 7.752365495671143 ], [ 44.752589809771962, 7.74617177031098 ], [ 44.626222388152769, 7.711368118643804 ], [ 44.576276015725625, 7.687662088434706 ], [ 44.541172297163826, 7.620305533673502 ], [ 44.555963864141063, 7.580599315106383 ], [ 44.4756551581591, 7.461637188205714 ], [ 44.439962194799477, 7.31293439220849 ], [ 44.386423180085728, 7.289142045968674 ], [ 44.347756143431354, 7.286168069800624 ], [ 44.299571170573131, 7.332563468229523 ], [ 44.274586319702962, 7.332563521289501 ], [ 44.258524705850562, 7.368252246144266 ], [ 44.235324504722144, 7.377174468726821 ], [ 44.217478289691371, 7.427138675609456 ], [ 44.110400580422493, 7.532420552966187 ], [ 44.074707974993089, 7.552049413149973 ], [ 43.960491491389291, 7.546696356052053 ], [ 43.915231889939832, 7.542506214989885 ], [ 43.845229625946558, 7.437526335372127 ], [ 43.685300662995246, 7.312103243270087 ], [ 43.674185119847436, 7.226212268181655 ], [ 43.454488253330283, 7.347316571202839 ], [ 43.483042570957934, 7.440107130639603 ], [ 43.464006647289011, 7.513863819559674 ], [ 43.339912697413126, 7.591182583709326 ], [ 43.307675397002015, 7.643252709644855 ], [ 43.061878040039574, 7.711179702581262 ], [ 42.680477091844352, 7.921898436563652 ], [ 42.674528642183134, 8.067627375103314 ], [ 42.856561285375051, 8.098557185365848 ], [ 42.912344695851061, 8.093657394673073 ], [ 42.98148566023508, 8.127107873329749 ], [ 42.917266117037741, 8.249366047904857 ], [ 42.872107480675766, 8.395323076099146 ], [ 42.898848639153414, 8.409101608952142 ], [ 42.912369041398222, 8.522101392565276 ], [ 42.898789259616706, 8.602671315628754 ], [ 42.83841924555179, 8.66439141263362 ], [ 42.831989324048095, 8.695231380623738 ], [ 42.85990238009083, 8.79092558834526 ], [ 42.91865649769926, 8.749333495944143 ], [ 43.040260398398743, 8.770263229064824 ], [ 43.284803442125224, 8.781519304772132 ], [ 43.277189142265172, 8.834814485400216 ], [ 43.365877132124012, 8.883243932661401 ], [ 43.438591979836076, 8.857686237929613 ], [ 43.444896911763124, 8.784374004756557 ], [ 43.647154829331953, 8.599981787829279 ], [ 43.941768089325933, 8.489397556252243 ], [ 44.037145098967187, 8.609490150749878 ], [ 44.183278173049302, 8.937237797486432 ], [ 45.93673004185797, 8.356957967935898 ] ] ] } },
{ "type": "Feature", "properties": { "loc": "ET-A2-0506" }, "geometry": { "type": "Polygon", "coordinates": [ [ [ 43.578891241737495, 6.824293703891385 ], [ 43.575842159588035, 6.795331174993805 ], [ 43.754305032051661, 6.597853419399826 ], [ 43.72207997231294, 6.557857795400992 ], [ 43.704335140554349, 6.500304432803375 ], [ 43.732102215045245, 6.396329498807347 ], [ 43.88493829786421, 6.450424897990672 ], [ 44.000739713367125, 6.31968112708239 ], [ 44.179202179337153, 5.887847784048063 ], [ 44.318260444264126, 5.732012314716599 ], [ 44.538944462417078, 5.651271840622996 ], [ 44.676376076794554, 5.633905669311218 ], [ 44.846653902755463, 5.498126370335797 ], [ 45.404649633673728, 5.351219456612682 ], [ 44.981742858745974, 4.917295932661204 ], [ 44.015136718984422, 4.960436821302324 ], [ 43.510298605696164, 4.820376715213285 ], [ 43.331801638135119, 5.137901118941556 ], [ 43.331178726317205, 5.190378933640943 ], [ 43.245541359146443, 5.497415128005798 ], [ 42.855897014635559, 5.794821479028087 ], [ 42.817229985175743, 5.803743715100438 ], [ 42.820264061237481, 5.925680070878627 ], [ 42.879751897032463, 5.97029083665285 ], [ 42.891649529302413, 6.017875738674434 ], [ 42.949141861207977, 6.095109453038901 ], [ 42.913450825095538, 6.102712949343186 ], [ 42.912470465139904, 6.125004982693838 ], [ 42.894682144865158, 6.114666686718238 ], [ 42.891710462867593, 6.132100191170935 ], [ 42.855931696990297, 6.14475913642508 ], [ 42.807690029970956, 6.144155597802637 ], [ 42.801929782333616, 6.182244783170233 ], [ 42.812660757388073, 6.186749515178008 ], [ 42.801281294696025, 6.196721683658836 ], [ 42.745873978001725, 6.180661459258999 ], [ 42.598820295820076, 6.223488148159561 ], [ 42.559534697368463, 6.290406768157879 ], [ 42.321779870444743, 6.325715838814972 ], [ 42.268608832231848, 6.36704221212841 ], [ 42.25658863225965, 6.396239598978354 ], [ 42.134136249987989, 6.482847183550746 ], [ 42.104285704421784, 6.54730627556421 ], [ 42.044374512773572, 6.585402953183802 ], [ 42.001062445375624, 6.59247683064126 ], [ 41.999180790261335, 6.641615850191386 ], [ 42.055531228683321, 6.748755663043482 ], [ 42.076231629286326, 6.886735528421923 ], [ 42.124604356306065, 6.946022219150166 ], [ 42.172050145797641, 6.917270261113686 ], [ 42.269610105022366, 6.922028568663563 ], [ 42.795756450000226, 6.882498375299804 ], [ 42.797112278708767, 6.774139610554641 ], [ 42.728582032235067, 6.591413602655678 ], [ 42.660899547875886, 6.471320523423458 ], [ 42.962554045332979, 6.26382158539792 ], [ 43.085792367623696, 6.206868702828444 ], [ 43.409030228162578, 6.301640969655068 ], [ 43.381792287783924, 6.35481413656322 ], [ 43.29993728837519, 6.438563744021621 ], [ 43.182033214761077, 6.792357876015217 ], [ 43.345624917655869, 6.98269726736504 ], [ 43.357376401100112, 7.047551620411014 ], [ 43.424583028084328, 7.054914200030339 ], [ 43.421906435233836, 6.949638191649285 ], [ 43.50769424189582, 6.805722782780265 ], [ 43.578891241737495, 6.824293703891385 ] ], [ [ 42.087555491392891, 6.558779275842937 ], [ 42.087554407709774, 6.559265389985796 ], [ 42.08741740408999, 6.558680443048047 ], [ 42.087555491392891, 6.558779275842937 ] ] ] } },
{ "type": "Feature", "properties": { "loc": "ET-A2-0602" }, "geometry": { "type": "Polygon", "coordinates": [ [ [ 36.423757431160595, 10.455785803572041 ], [ 36.414790957436765, 10.38561609120967 ], [ 36.372375068055021, 10.354129718411798 ], [ 36.351803241726259, 10.300966274973632 ], [ 36.328385103389849, 10.287122840746576 ], [ 36.317354110903523, 10.219721455680656 ], [ 36.273169893575755, 10.204872050604706 ], [ 36.243055298962929, 10.137145968911398 ], [ 36.208887010227386, 10.11860230355353 ], [ 36.15330632492703, 10.115962063998097 ], [ 36.048790019743649, 10.144333902887354 ], [ 36.011979444595738, 10.122641994332639 ], [ 35.982855340801393, 10.147672918370517 ], [ 35.90071135144774, 10.078399246428148 ], [ 35.868265052190452, 10.006647208402001 ], [ 35.819590883212754, 10.011232573624397 ], [ 35.770542421795369, 10.053634114322961 ], [ 35.734056912896278, 10.047785071224098 ], [ 35.735481723203009, 9.972479529406826 ], [ 35.69301662381821, 9.961467896626175 ], [ 35.681494660849978, 9.943903495849725 ], [ 35.633633746999863, 9.965417283780653 ], [ 35.597634820790404, 10.051024340201195 ], [ 35.564483169762525, 10.071484877225373 ], [ 35.478971912723637, 10.114029708704152 ], [ 35.355988307214659, 10.131322731858631 ], [ 35.314105375862482, 10.199279641642192 ], [ 35.331199908748829, 10.3078309620293 ], [ 35.320156731348106, 10.391595246423549 ], [ 35.292736768187353, 10.444878377934856 ], [ 35.246372962042642, 10.474355705751293 ], [ 35.193503042931127, 10.554297461358829 ], [ 35.167883698773721, 10.554837610367485 ], [ 35.153643394627011, 10.57233566096204 ], [ 35.158189374939752, 10.673518574122966 ], [ 35.197543160888245, 10.742319849281671 ], [ 35.185505836924904, 10.794161063582294 ], [ 35.216075439929682, 10.864430674436107 ], [ 35.18444710195223, 10.973941977040681 ], [ 35.196073231594426, 11.119838604967697 ], [ 35.168631556101502, 11.145754186706426 ], [ 35.129335238630404, 11.15023434743722 ], [ 35.090473843193365, 11.215669639142561 ], [ 35.009919771580257, 11.240528927567993 ], [ 34.966884820378198, 11.225950920798425 ], [ 34.953800201717968, 11.247302055545504 ], [ 35.059417724948105, 11.43779468507671 ], [ 35.082054138387832, 11.517466545144998 ], [ 35.091915130878647, 11.632481574565077 ], [ 35.054710388273861, 11.734375953987126 ], [ 35.109577179143571, 11.815825462575106 ], [ 35.262429258203781, 11.925471813673312 ], [ 35.284349649416811, 11.884517440427601 ], [ 35.295932534259123, 11.799151355550691 ], [ 35.325713089187786, 11.794483632213883 ], [ 35.363772558256983, 11.752983616001131 ], [ 35.421788711979502, 11.729397647083772 ], [ 35.473298434375295, 11.736175096303725 ], [ 35.516946098183951, 11.718011190364166 ], [ 35.576589013971841, 11.767351612187213 ], [ 35.661715636367603, 11.793377223280288 ], [ 35.666595569130266, 11.825909433873335 ], [ 35.803664668589647, 11.83801620438436 ], [ 35.822991350270627, 11.826866220799502 ], [ 35.848264760310485, 11.840246103075231 ], [ 35.874423952203699, 11.885936799044089 ], [ 35.936458850595557, 11.920757860686763 ], [ 35.93528848007935, 11.966113194968045 ], [ 35.965816198059144, 11.984583926207279 ], [ 35.969024160736467, 11.958415938045164 ], [ 36.05637383258636, 11.874303791386922 ], [ 36.05449561108361, 11.849317632003135 ], [ 36.105230448826205, 11.8158906913024 ], [ 36.118357557755132, 11.705810793233582 ], [ 36.144827013056272, 11.685617416910304 ], [ 36.176215872364651, 11.6842446854439 ], [ 36.308797962755818, 11.803229320576747 ], [ 36.329066073640433, 11.796687279694254 ], [ 36.341274615031523, 11.780808515100944 ], [ 36.332064211893908, 11.704052347038214 ], [ 36.347556373228088, 11.696597154335279 ], [ 36.332418122998035, 11.666042003435734 ], [ 36.348421412218443, 11.605359638636457 ], [ 36.375154938149933, 11.607679311251275 ], [ 36.444303773400463, 11.492808237210454 ], [ 36.409544389961695, 11.458302047101824 ], [ 36.409947646866442, 11.413911715952963 ], [ 36.512222444010661, 11.458277111599443 ], [ 36.533094911900719, 11.394058938069577 ], [ 36.563889813064463, 11.371349055414612 ], [ 36.534543144150859, 11.335293241689783 ], [ 36.556418423571415, 11.329487098051175 ], [ 36.556879115678726, 11.302116364678511 ], [ 36.494965963008838, 11.288952255841991 ], [ 36.467142415590047, 11.264992661781946 ], [ 36.475830750588727, 11.244666323392153 ], [ 36.460191950298338, 11.226432700208989 ], [ 36.46760784082926, 11.15540872543238 ], [ 36.502904680706479, 11.137539041693458 ], [ 36.549339457749852, 11.137815228889735 ], [ 36.574988364421529, 11.10070886222428 ], [ 36.546418847351958, 11.094625259748 ], [ 36.525083925582749, 11.112711627939348 ], [ 36.489671202663942, 11.068734811362503 ], [ 36.422564845591182, 11.031367313051078 ], [ 36.417669668420501, 11.000727714912159 ], [ 36.35403261611242, 10.937042992240322 ], [ 36.309142278993022, 10.862546867244191 ], [ 36.310128110423989, 10.827150270968275 ], [ 36.282253896999805, 10.803867243178786 ], [ 36.285242190374845, 10.744582873600791 ], [ 36.310784277372534, 10.747258692135006 ], [ 36.341603238099026, 10.788837210169163 ], [ 36.377216857871758, 10.7857564314142 ], [ 36.373958821842223, 10.758410501343633 ], [ 36.31759667334785, 10.70360491923168 ], [ 36.311269252074396, 10.678806274789792 ], [ 36.324195132299565, 10.661657177336906 ], [ 36.281647512922461, 10.604559028176652 ], [ 36.305875852288807, 10.577947740795651 ], [ 36.318218325215582, 10.528003483573968 ], [ 36.359132568013649, 10.530315904055783 ], [ 36.390855295235724, 10.467986198004667 ], [ 36.423757431160595, 10.455785803572041 ] ] ] } },
{ "type": "Feature", "properties": { "loc": "ET-A2-0603" }, "geometry": { "type": "Polygon", "coordinates": [ [ [ 35.32509857523911, 9.884493793154093 ], [ 35.297454004598706, 9.922483252699976 ], [ 35.230743591143892, 9.893252214118434 ], [ 35.220798401425156, 9.925425695939168 ], [ 35.159583687437305, 9.948402072897409 ], [ 35.088341496662792, 9.950488894846671 ], [ 35.081020608714198, 9.921920611646954 ], [ 35.048513532373647, 9.917741245362208 ], [ 35.019654360760171, 9.928791940195936 ], [ 35.015017486867578, 9.99519086266821 ], [ 34.988182213438449, 9.996766924553981 ], [ 34.942995979580871, 9.933567316878225 ], [ 34.904420084719163, 9.955878685652863 ], [ 34.887781453251534, 9.908213967900338 ], [ 34.866795098814805, 9.902260916408238 ], [ 34.897683515981555, 9.881757181348917 ], [ 34.892152899436837, 9.864603876867477 ], [ 34.869726976818583, 9.820667072027788 ], [ 34.831665465388994, 9.803115599905084 ], [ 34.796142517962892, 9.736239464779544 ], [ 34.810854102834639, 9.630118728596472 ], [ 34.782986710768114, 9.553331130127617 ], [ 34.735137543862606, 9.545301778754151 ], [ 34.632014748082213, 9.588021403365133 ], [ 34.546063465356667, 9.648680285966464 ], [ 34.509742223025228, 9.652583426384069 ], [ 34.492469418428982, 9.622654245896797 ], [ 34.43393994427305, 9.627596929754532 ], [ 34.419497299860552, 9.666098904840624 ], [ 34.38749303987197, 9.659284205701567 ], [ 34.33855731207035, 9.684568647724973 ], [ 34.295642962652664, 9.741798532276505 ], [ 34.225795933335689, 9.745343815364834 ], [ 34.155535064791479, 9.713276587544556 ], [ 34.22269439732861, 9.893517494336947 ], [ 34.232105254853707, 10.038612365868062 ], [ 34.324008941559441, 10.114972114571458 ], [ 34.346523284621924, 10.169852256776267 ], [ 34.349914550715994, 10.209181785311216 ], [ 34.295906066511805, 10.394476890995747 ], [ 34.325424194770846, 10.475396156607417 ], [ 34.282085418407405, 10.518265724283822 ], [ 34.299854278252383, 10.587832451106806 ], [ 34.384460449490177, 10.672407150569597 ], [ 34.472145080131384, 10.816064834424594 ], [ 34.601982116781301, 10.904127120969918 ], [ 34.775352478334241, 10.759518623485747 ], [ 34.786632538061212, 10.706484794837479 ], [ 34.816413878997366, 10.738854408004556 ], [ 34.854736327819353, 10.745524406226423 ], [ 34.974900785343038, 10.908248515156913 ], [ 35.077737690242259, 10.865785215315498 ], [ 35.098711676302855, 10.714297352041228 ], [ 35.061424926319319, 10.59701519379621 ], [ 35.026248922050172, 10.551608233932882 ], [ 35.06929035376686, 10.545875089164099 ], [ 35.051324878740218, 10.501633939354861 ], [ 35.101406686369558, 10.462870159030672 ], [ 35.124728198847379, 10.413217247977684 ], [ 35.1475099831992, 10.404869440372408 ], [ 35.167088268209056, 10.417091665847749 ], [ 35.207605367693589, 10.399556123416403 ], [ 35.205343516090466, 10.347390649558861 ], [ 35.234402965824245, 10.290661919412116 ], [ 35.209459094361762, 10.259583081593973 ], [ 35.21134958711383, 10.237981929922171 ], [ 35.257352675185871, 10.114332648033326 ], [ 35.242639250301238, 10.060577598177645 ], [ 35.341348756240166, 10.033613477080337 ], [ 35.358576716142579, 9.971444843205006 ], [ 35.357411434889855, 9.911142136200681 ], [ 35.32509857523911, 9.884493793154093 ] ] ] } },
{ "type": "Feature", "properties": { "loc": "ET-A2-0604" }, "geometry": { "type": "MultiPolygon", "coordinates": [ [ [ [ 36.247921821035277, 8.973530551094086 ], [ 36.222134712846753, 8.950194145843227 ], [ 36.174293210863027, 8.97942299637424 ], [ 36.221039099374991, 8.988537365407126 ], [ 36.247921821035277, 8.973530551094086 ] ] ], [ [ [ 35.008856443769901, 11.240536105956551 ], [ 35.097881447370924, 11.210813279409365 ], [ 35.129335238630404, 11.15023434743722 ], [ 35.168631556101502, 11.145754186706426 ], [ 35.196073231594426, 11.119838604967697 ], [ 35.18444710195223, 10.973941977040681 ], [ 35.216075439929682, 10.864430674436107 ], [ 35.185505836924904, 10.794161063582294 ], [ 35.197543160888245, 10.742319849281671 ], [ 35.158189374939752, 10.673518574122966 ], [ 35.153643394627011, 10.57233566096204 ], [ 35.167883698773721, 10.554837610367485 ], [ 35.193503042931127, 10.554297461358829 ], [ 35.246372962042642, 10.474355705751293 ], [ 35.292736768187353, 10.444878377934856 ], [ 35.320156731348106, 10.391595246423549 ], [ 35.331199908748829, 10.3078309620293 ], [ 35.315864510938468, 10.194584320809781 ], [ 35.355988307214659, 10.131322731858631 ], [ 35.478971912723637, 10.114029708704152 ], [ 35.595526701995766, 10.052857824029388 ], [ 35.633633746999863, 9.965417283780653 ], [ 35.669306390177837, 9.945483166714837 ], [ 35.732954771245772, 9.967795836808477 ], [ 35.740665884023372, 10.008082630708884 ], [ 35.727702111763108, 10.03418930399323 ], [ 35.744523408128828, 10.053212717193219 ], [ 35.795592379984384, 10.044559293876375 ], [ 35.819590883212754, 10.011232573624397 ], [ 35.874726290785759, 10.009814391321129 ], [ 35.90071135144774, 10.078399246428148 ], [ 35.982855340801393, 10.147672918370517 ], [ 36.011979444595738, 10.122641994332639 ], [ 36.048790019743649, 10.144333902887354 ], [ 36.15330632492703, 10.115962063998097 ], [ 36.208887010227386, 10.11860230355353 ], [ 36.243055298962929, 10.137145968911398 ], [ 36.273169893575755, 10.204872050604706 ], [ 36.317354110903523, 10.219721455680656 ], [ 36.328385103389849, 10.287122840746576 ], [ 36.351803241726259, 10.300966274973632 ], [ 36.372375068055021, 10.354129718411798 ], [ 36.414790957436765, 10.38561609120967 ], [ 36.423757431160595, 10.455785803572041 ], [ 36.445650920053993, 10.455682161202844 ], [ 36.462711565586346, 10.47918121873829 ], [ 36.537226733726811, 10.473061573233053 ], [ 36.54622850314297, 10.45689689527552 ], [ 36.520496153774502, 10.399559640664961 ], [ 36.53924494279994, 10.364979386889217 ], [ 36.605471512900067, 10.364720049390826 ], [ 36.661809687267294, 10.316538556908938 ], [ 36.685399334411784, 10.317595047173711 ], [ 36.692191504634309, 10.296289130339119 ], [ 36.61057050702334, 10.259221846411151 ], [ 36.574685618446608, 10.264173394886313 ], [ 36.575847829413874, 10.279235558874007 ], [ 36.554480933148625, 10.285072005168956 ], [ 36.515488472315212, 10.239931539608904 ], [ 36.44535089272955, 10.245844165675749 ], [ 36.369421903997704, 10.161652776154767 ], [ 36.27189215839644, 10.113087660767007 ], [ 36.258919555693012, 10.078452009652551 ], [ 36.184567067716046, 10.049661314218326 ], [ 36.120648738948205, 9.9715731611725 ], [ 36.152343447791907, 9.84893147880473 ], [ 36.128207082091194, 9.852213634651548 ], [ 36.136471134934993, 9.807447297854537 ], [ 36.105286613286637, 9.773323643371498 ], [ 36.159057225910317, 9.746936508413171 ], [ 36.191865862019995, 9.687877517933146 ], [ 36.200777371878246, 9.614928768248092 ], [ 36.231777016296292, 9.570323043173971 ], [ 36.301025208646536, 9.555515470962291 ], [ 36.380307980628857, 9.480480465900825 ], [ 36.400629506746384, 9.510988320554588 ], [ 36.461168170674569, 9.528057690410151 ], [ 36.494429858251408, 9.509365743034664 ], [ 36.514911091373847, 9.444134003881231 ], [ 36.475190874859038, 9.394637237618497 ], [ 36.484109646742866, 9.367867244178001 ], [ 36.374716538437553, 9.358019170448415 ], [ 36.333767936141385, 9.339799324878982 ], [ 36.318996194718636, 9.305850015665726 ], [ 36.295482496220302, 9.30169163685963 ], [ 36.275117402446199, 9.343833045958377 ], [ 36.253179406104778, 9.301823311996316 ], [ 36.218373046578904, 9.297118325250551 ], [ 36.214586971811343, 9.332416971865825 ], [ 36.234268716628037, 9.347006927927453 ], [ 36.205892527718049, 9.35473969188331 ], [ 36.194894704027433, 9.288973481141284 ], [ 36.226336009998931, 9.27172814004166 ], [ 36.228925168062119, 9.229031010173003 ], [ 36.203947894879491, 9.157346813404786 ], [ 36.16147342096167, 9.105351871691596 ], [ 36.18458592829802, 9.071951686721036 ], [ 36.246477823692658, 9.040962059851211 ], [ 36.225949201694334, 9.030967937120636 ], [ 36.176790549943973, 9.044525227757106 ], [ 36.159633018648947, 9.020659940204098 ], [ 36.131429031024993, 9.020788200615016 ], [ 36.108553458175606, 9.080031574597513 ], [ 36.07553725404108, 9.062637625925731 ], [ 36.0969746139873, 9.032414895930742 ], [ 36.086545822831511, 9.01261679143181 ], [ 36.042155392757195, 9.015047792921337 ], [ 36.02807451862418, 9.055977324194203 ], [ 36.034022845078312, 9.107416687230398 ], [ 36.053610655707246, 9.119437129120286 ], [ 36.031577196330602, 9.233426059065437 ], [ 35.949321023746279, 9.249153645824151 ], [ 35.911088774227608, 9.31595798717143 ], [ 35.859870325155441, 9.324971588967685 ], [ 35.797191691143667, 9.308617539867612 ], [ 35.75674797633809, 9.323638113807931 ], [ 35.750121340727333, 9.40308330425114 ], [ 35.777325830822463, 9.440139414102703 ], [ 35.764992987836195, 9.473350736946998 ], [ 35.710760711837452, 9.486771922386367 ], [ 35.647491967880057, 9.553310384566657 ], [ 35.653437894942954, 9.634928303798233 ], [ 35.578517519268132, 9.665518421238176 ], [ 35.553727422882332, 9.696118466294251 ], [ 35.468423573788925, 9.670376197403641 ], [ 35.410766331401135, 9.713677552077399 ], [ 35.368397025102695, 9.719289413375748 ], [ 35.378831148338861, 9.765406404182272 ], [ 35.419628527834334, 9.78514503471564 ], [ 35.363788996964672, 9.813043185394747 ], [ 35.349800616305458, 9.866075811649409 ], [ 35.32509857523911, 9.884493793154093 ], [ 35.359702053107299, 9.924003669933484 ], [ 35.341348756240166, 10.033613477080337 ], [ 35.242639250301238, 10.060577598177645 ], [ 35.257352675185871, 10.114332648033326 ], [ 35.21134958711383, 10.237981929922171 ], [ 35.209459094361762, 10.259583081593973 ], [ 35.234402965824245, 10.290661919412116 ], [ 35.205343516090466, 10.347390649558861 ], [ 35.207605367693589, 10.399556123416403 ], [ 35.167088268209056, 10.417091665847749 ], [ 35.1475099831992, 10.404869440372408 ], [ 35.124728198847379, 10.413217247977684 ], [ 35.101406686369558, 10.462870159030672 ], [ 35.051324878740218, 10.501633939354861 ], [ 35.06929035376686, 10.545875089164099 ], [ 35.026248922050172, 10.551608233932882 ], [ 35.06540936275195, 10.606961667746816 ], [ 35.10277279882564, 10.746649648762343 ], [ 35.077737690242259, 10.865785215315498 ], [ 34.974900785343038, 10.908248515156913 ], [ 34.952091217335862, 10.951164245933228 ], [ 35.006958008205572, 11.159769057795813 ], [ 34.966884820378198, 11.225950920798425 ], [ 35.008856443769901, 11.240536105956551 ] ] ] ] } },
{ "type": "Feature", "properties": { "loc": "ET-A2-0605" }, "geometry": { "type": "Polygon", "coordinates": [ [ [ 34.567508765417244, 9.630022251126036 ], [ 34.548466702975986, 9.629662939593061 ], [ 34.523230916073942, 9.541112502839781 ], [ 34.498732265681554, 9.514231066310685 ], [ 34.512974769570008, 9.448000646212904 ], [ 34.451806448009222, 9.449110629951633 ], [ 34.466270464810179, 9.365810855286782 ], [ 34.439560021777652, 9.215575530886099 ], [ 34.340877047637662, 9.168779030328039 ], [ 34.426835008728744, 9.071795453797222 ], [ 34.458330015917568, 9.073183166170224 ], [ 34.503707990631312, 9.004134038754955 ], [ 34.430651003940739, 8.967436631595319 ], [ 34.14398870321611, 8.962261246359503 ], [ 34.106830596754662, 9.557962417431668 ], [ 34.155535064791479, 9.713276587544556 ], [ 34.198150844685813, 9.737872853949114 ], [ 34.270836175748968, 9.748803600805559 ], [ 34.313332807163363, 9.732519825629481 ], [ 34.33855731207035, 9.684568647724973 ], [ 34.38749303987197, 9.659284205701567 ], [ 34.419497299860552, 9.666098904840624 ], [ 34.43393994427305, 9.627596929754532 ], [ 34.492469418428982, 9.622654245896797 ], [ 34.509742223025228, 9.652583426384069 ], [ 34.558280370442787, 9.64448019300653 ], [ 34.567508765417244, 9.630022251126036 ] ] ] } },
{ "type": "Feature", "properties": { "loc": "ET-A2-0701" }, "geometry": { "type": "Polygon", "coordinates": [ [ [ 38.667231757939305, 8.350485244998083 ], [ 38.650952231160602, 8.285082026714235 ], [ 38.715921775669472, 8.231159568059695 ], [ 38.682187348667242, 8.190427867851895 ], [ 38.67284312820783, 8.089863960753235 ], [ 38.635133765211151, 8.132337731401208 ], [ 38.593544457111079, 8.260199101407466 ], [ 38.560745004878129, 8.266089617641796 ], [ 38.542052847960633, 8.246110404971262 ], [ 38.587262489372449, 8.156236371211605 ], [ 38.583944894841068, 8.108104487132437 ], [ 38.621852189626907, 8.068412431088859 ], [ 38.612682218209841, 8.04330132439668 ], [ 38.627701764225094, 8.033595278799112 ], [ 38.549485231158542, 7.870874440702949 ], [ 38.434528215205034, 7.97040332885058 ], [ 38.457172601134687, 7.993907832680407 ], [ 38.431622954435852, 8.021585976811423 ], [ 38.463231512724178, 8.065809438754627 ], [ 38.460130652107978, 8.087882257859974 ], [ 38.439870087434656, 8.092735307188718 ], [ 38.427563072977478, 8.077739906171757 ], [ 38.406869026084735, 8.090657509036873 ], [ 38.33889300300973, 8.048922078191424 ], [ 38.283108346073391, 8.055404674785962 ], [ 38.264543513372473, 8.083989835562534 ], [ 38.27083003977458, 8.121548742880236 ], [ 38.2205621129512, 8.120658788172591 ], [ 38.128576789387353, 8.000452405154419 ], [ 38.129914953612285, 7.968565094803353 ], [ 38.0906949607039, 7.945395395980768 ], [ 38.044667804075971, 7.877115914667797 ], [ 38.006095053244167, 7.840454075695106 ], [ 38.00203873489977, 7.85492239035608 ], [ 37.979476085652891, 7.849571891829385 ], [ 37.984499251639193, 7.875803964781198 ], [ 37.949352356626036, 7.852171625020503 ], [ 37.916556960335527, 7.860369835799304 ], [ 37.939425754994659, 7.814729910157268 ], [ 37.916896240369226, 7.77737747908742 ], [ 37.890706753014285, 7.78727000270851 ], [ 37.897074615900863, 7.75826188088115 ], [ 37.874571984709405, 7.742889782637405 ], [ 37.811878380582868, 7.819293070219089 ], [ 37.769885627619658, 7.846110037947938 ], [ 37.720516331263752, 7.849815177328594 ], [ 37.704721667670867, 7.890371491751011 ], [ 37.607870557680144, 7.923843391359469 ], [ 37.592137342964065, 8.09313407917449 ], [ 37.623886782748855, 8.200043598133618 ], [ 37.617970371435547, 8.223404929893661 ], [ 37.550265318589652, 8.244460121137706 ], [ 37.529147732382, 8.265820187052043 ], [ 37.480860937382431, 8.258579291101455 ], [ 37.462573472687666, 8.305932963035843 ], [ 37.498569627186612, 8.403618947856216 ], [ 37.557978897308317, 8.425509240559052 ], [ 37.611968519131892, 8.354086027947858 ], [ 37.666063217743329, 8.383537295210033 ], [ 37.717047879955771, 8.334095058440255 ], [ 37.747967710441515, 8.351765814840519 ], [ 37.816257282147888, 8.331804870098722 ], [ 37.862947008897379, 8.335705010377978 ], [ 37.927986659157057, 8.378166835331228 ], [ 37.988166284946146, 8.359525957756773 ], [ 38.028041075135548, 8.390282286098682 ], [ 38.06670582841133, 8.375966615167215 ], [ 38.138955428949942, 8.409418032716076 ], [ 38.180030170156272, 8.392867265012342 ], [ 38.266314665189725, 8.406637792999788 ], [ 38.311464356894589, 8.369946128011463 ], [ 38.307034320777348, 8.2996930107239 ], [ 38.347344031202113, 8.25424095165863 ], [ 38.430208725552291, 8.298750815297922 ], [ 38.477883440168682, 8.447359393820989 ], [ 38.526842519766547, 8.457619570187092 ], [ 38.575784187590216, 8.444891629844903 ], [ 38.590882148192634, 8.426018642646284 ], [ 38.616751722414108, 8.43113836884072 ], [ 38.654451646126631, 8.394637112812575 ], [ 38.667231757939305, 8.350485244998083 ] ], [ [ 38.04517198290074, 7.880656788380122 ], [ 38.045164917826753, 7.880658851424926 ], [ 38.044775201114703, 7.880355263684521 ], [ 38.04517198290074, 7.880656788380122 ] ], [ [ 37.853936442313, 7.771708988379146 ], [ 37.853322619943015, 7.772034194922185 ], [ 37.853103520810862, 7.772083237651373 ], [ 37.853936442313, 7.771708988379146 ] ] ] } },
{ "type": "Feature", "properties": { "loc": "ET-A2-0702" }, "geometry": { "type": "MultiPolygon", "coordinates": [ [ [ [ 38.066813132819902, 7.269709064421818 ], [ 38.101166032586377, 7.208161026610128 ], [ 38.078014760872577, 7.180263145727622 ], [ 38.06279904304148, 7.076428911565074 ], [ 38.03796576930489, 7.064840314229173 ], [ 37.99445426824991, 7.060349946193128 ], [ 37.995464279752753, 7.08863029435264 ], [ 37.971738729758613, 7.110923986053137 ], [ 37.929678923343715, 7.117021457874046 ], [ 37.902326338289924, 7.099277866280545 ], [ 37.87099441056364, 7.115258951239639 ], [ 37.814003015426863, 7.093669990777528 ], [ 37.742518576970781, 7.117709135268399 ], [ 37.745991589640198, 7.135543919916017 ], [ 37.718760408566027, 7.142570620737615 ], [ 37.718537683367458, 7.157569002107834 ], [ 37.743729141786503, 7.163977041307476 ], [ 37.778580166141808, 7.143079901416343 ], [ 37.804124214560886, 7.176717964262707 ], [ 37.824896570820158, 7.180674969574227 ], [ 37.811028363867933, 7.190111866069799 ], [ 37.832192947746421, 7.205879171386698 ], [ 37.846429867744234, 7.170682757903023 ], [ 37.852425229640687, 7.203589049594996 ], [ 37.87714040800347, 7.20916285338302 ], [ 37.997616885311061, 7.197004229761433 ], [ 37.996783557315382, 7.218133839904851 ], [ 38.011361331160572, 7.215024672250877 ], [ 38.008652952671696, 7.237298057259579 ], [ 38.022760391878649, 7.232709151406254 ], [ 38.033109152365569, 7.267045659229836 ], [ 38.066813132819902, 7.269709064421818 ] ] ], [ [ [ 37.853396179090453, 7.771978282271959 ], [ 37.853936442313, 7.771708988379146 ], [ 37.853103520810862, 7.772083237651373 ], [ 37.853396179090453, 7.771978282271959 ] ] ], [ [ [ 37.602752764128809, 7.923803456964038 ], [ 37.706838019758834, 7.888894542349306 ], [ 37.720516331263752, 7.849815177328594 ], [ 37.769885627619658, 7.846110037947938 ], [ 37.811878380582868, 7.819293070219089 ], [ 37.866921915214277, 7.751760656629074 ], [ 37.85592783630068, 7.715727095728937 ], [ 37.887803706376019, 7.703084598175735 ], [ 37.886924906859008, 7.681740319859898 ], [ 37.93134436794827, 7.688899973754815 ], [ 37.933848990638467, 7.65235316616571 ], [ 37.959422571894208, 7.729920007402484 ], [ 38.002757205980345, 7.691462940862095 ], [ 38.027646001162054, 7.701771675222687 ], [ 38.023497549072658, 7.72706059586983 ], [ 38.053972004704292, 7.721283871753315 ], [ 38.041820939884531, 7.695012324858965 ], [ 38.058205529061979, 7.662513638293831 ], [ 38.045384245386686, 7.64195957627345 ], [ 38.100947033278999, 7.628086346607631 ], [ 38.117875753663157, 7.584491535955692 ], [ 38.11224650307372, 7.508161537724845 ], [ 38.08900708970549, 7.488548491219944 ], [ 38.126833675733621, 7.45639557239781 ], [ 38.10696404725303, 7.420555123819952 ], [ 38.043921492682784, 7.418829486691493 ], [ 38.026601699408957, 7.404306299895893 ], [ 37.983560143585805, 7.422427254214483 ], [ 37.926281032843463, 7.399517820091376 ], [ 37.92020902712494, 7.433298081041642 ], [ 37.830464831187044, 7.500965045800285 ], [ 37.82970242732523, 7.484622318265451 ], [ 37.80880947467756, 7.478982784827679 ], [ 37.83560048257624, 7.45598923531503 ], [ 37.75411795268144, 7.38077215980735 ], [ 37.738150141715721, 7.33873191004966 ], [ 37.773573363320111, 7.315961143292157 ], [ 37.731683912782387, 7.307318886857217 ], [ 37.70892478595016, 7.278635608246759 ], [ 37.691379546129212, 7.279474215262894 ], [ 37.690078106619353, 7.294918015554003 ], [ 37.666815112127779, 7.276083577794907 ], [ 37.65992443106768, 7.321608928908972 ], [ 37.639219881892075, 7.321110673918497 ], [ 37.600838477114053, 7.255642254786267 ], [ 37.581219511271456, 7.248759830401923 ], [ 37.581008359448276, 7.285888341074156 ], [ 37.56386456259952, 7.291619423697512 ], [ 37.584841950795465, 7.312348735705655 ], [ 37.591897126850995, 7.29018481527703 ], [ 37.592681615364313, 7.328458108055315 ], [ 37.538548980651001, 7.321598817831216 ], [ 37.467155123710029, 7.341727182163766 ], [ 37.411424644631722, 7.320952298809573 ], [ 37.353742530593365, 7.324920965630099 ], [ 37.349479886187851, 7.357735476111372 ], [ 37.390284942296319, 7.402422382986629 ], [ 37.40721963327951, 7.492180414994209 ], [ 37.445103970172113, 7.564316880819433 ], [ 37.507401197207514, 7.608198725390935 ], [ 37.535565680311947, 7.663992032906037 ], [ 37.596419595288125, 7.851054245257274 ], [ 37.602752764128809, 7.923803456964038 ] ], [ [ 37.533675288283973, 7.359682268222173 ], [ 37.517036111827167, 7.338513858627721 ], [ 37.560239722785013, 7.333109970948442 ], [ 37.564945010803683, 7.359776518971216 ], [ 37.533675288283973, 7.359682268222173 ] ] ] ] } },
{ "type": "Feature", "properties": { "loc": "ET-A2-0703" }, "geometry": { "type": "MultiPolygon", "coordinates": [ [ [ [ 37.534684012856985, 7.364519678340514 ], [ 37.564945010803683, 7.359776518971216 ], [ 37.560239722785013, 7.333109970948442 ], [ 37.517036111827167, 7.338513858627721 ], [ 37.534684012856985, 7.364519678340514 ] ] ], [ [ [ 37.830464831187044, 7.500965045800285 ], [ 37.92020902712494, 7.433298081041642 ], [ 37.922344500598285, 7.400778647116908 ], [ 37.986293596971962, 7.422426165135448 ], [ 38.051472391237894, 7.396147479422666 ], [ 38.050092670240588, 7.379919613299535 ], [ 38.014719220715506, 7.376109884563562 ], [ 38.004502331417541, 7.328012779965889 ], [ 37.966011578071914, 7.294204766836572 ], [ 37.971445945573976, 7.27581489813906 ], [ 38.020522714951369, 7.266997571580703 ], [ 38.035368377048997, 7.295458917295264 ], [ 38.047112442885009, 7.282219528008852 ], [ 38.070400882794559, 7.299026234673022 ], [ 38.078667142574602, 7.256501600168747 ], [ 38.065944358045726, 7.270561879826914 ], [ 38.033109152365569, 7.267045659229836 ], [ 38.022760391878649, 7.232709151406254 ], [ 38.008652952671696, 7.237298057259579 ], [ 38.011361331160572, 7.215024672250877 ], [ 37.996783557315382, 7.218133839904851 ], [ 37.997616885311061, 7.197004229761433 ], [ 37.87714040800347, 7.20916285338302 ], [ 37.852425229640687, 7.203589049594996 ], [ 37.846429867744234, 7.170682757903023 ], [ 37.84298158013587, 7.201242319077835 ], [ 37.82804106024679, 7.204817001003846 ], [ 37.811028363867933, 7.190111866069799 ], [ 37.824896570820158, 7.180674969574227 ], [ 37.766269630838849, 7.143301006935985 ], [ 37.743729141786503, 7.163977041307476 ], [ 37.715551558257857, 7.156642748064428 ], [ 37.6501686151895, 7.181557290836338 ], [ 37.545330806871277, 7.170843557584192 ], [ 37.515147449195467, 7.213177855973299 ], [ 37.464332569992166, 7.199061273359121 ], [ 37.402646895437954, 7.246221450759379 ], [ 37.377167842821734, 7.249361073954447 ], [ 37.356799445837794, 7.2768008788575 ], [ 37.354973583763922, 7.326067564366667 ], [ 37.411424644631722, 7.320952298809573 ], [ 37.467155123710029, 7.341727182163766 ], [ 37.538548980651001, 7.321598817831216 ], [ 37.592681615364313, 7.328458108055315 ], [ 37.591897126850995, 7.29018481527703 ], [ 37.584841950795465, 7.312348735705655 ], [ 37.56386456259952, 7.291619423697512 ], [ 37.581008359448276, 7.285888341074156 ], [ 37.581219511271456, 7.248759830401923 ], [ 37.600838477114053, 7.255642254786267 ], [ 37.639219881892075, 7.321110673918497 ], [ 37.65992443106768, 7.321608928908972 ], [ 37.666815112127779, 7.276083577794907 ], [ 37.690078106619353, 7.294918015554003 ], [ 37.691379546129212, 7.279474215262894 ], [ 37.70892478595016, 7.278635608246759 ], [ 37.731683912782387, 7.307318886857217 ], [ 37.773573363320111, 7.315961143292157 ], [ 37.738150141715721, 7.33873191004966 ], [ 37.75411795268144, 7.38077215980735 ], [ 37.83560048257624, 7.45598923531503 ], [ 37.80880947467756, 7.478982784827679 ], [ 37.82970242732523, 7.484622318265451 ], [ 37.830464831187044, 7.500965045800285 ] ] ] ] } },
{ "type": "Feature", "properties": { "loc": "ET-A2-0704" }, "geometry": { "type": "Polygon", "coordinates": [ [ [ 38.447765087288985, 7.124238356315118 ], [ 38.430648423885714, 7.120402981612358 ], [ 38.430156424579366, 7.075378980955236 ], [ 38.398139423895373, 7.040483981550551 ], [ 38.407547424274242, 7.000963981102871 ], [ 38.430084423957055, 6.984406981097322 ], [ 38.452640424516005, 6.989444981400823 ], [ 38.463703423873937, 7.011031981340921 ], [ 38.458206423987349, 7.044806981257238 ], [ 38.477298566975321, 7.091993130178878 ], [ 38.539027115808778, 7.090936718155092 ], [ 38.560180423987447, 7.074585981258053 ], [ 38.577930424149827, 7.104433981742886 ], [ 38.559661039425464, 7.105223367064809 ], [ 38.583641554414271, 7.126290301656127 ], [ 38.61149138002321, 7.124180187265893 ], [ 38.646171139286707, 7.095543105929664 ], [ 38.636951173657792, 7.06609754666448 ], [ 38.680870876989445, 7.048356713291753 ], [ 38.677412796663305, 7.005354710551501 ], [ 38.710500657879095, 7.012985093887039 ], [ 38.711167949441347, 6.97375707632807 ], [ 38.694770715795926, 6.957492603301034 ], [ 38.714084698150373, 6.860577375245725 ], [ 38.639853442382503, 6.812686850317959 ], [ 38.63567093206791, 6.771714266700087 ], [ 38.705550463782913, 6.742042867884095 ], [ 38.742290193937379, 6.700940976145205 ], [ 38.817929714284958, 6.703611030924378 ], [ 38.837751030285858, 6.674915717586373 ], [ 38.934424959444357, 6.655611413735812 ], [ 38.949423821052562, 6.643803218144058 ], [ 38.941678844303283, 6.61033670907193 ], [ 38.959640224716622, 6.600879351201172 ], [ 39.059308084200779, 6.608786534171259 ], [ 39.048448123881883, 6.569824785185745 ], [ 39.096617764198527, 6.521612558372908 ], [ 39.127387416895829, 6.344354498661232 ], [ 39.119546177614041, 6.298994290953829 ], [ 39.085967610317027, 6.252010342003757 ], [ 39.131859953174342, 6.158786171744453 ], [ 39.034487029552849, 6.137438773680515 ], [ 38.960598296774037, 6.159270747147332 ], [ 38.874109771648705, 6.300833539436326 ], [ 38.757956764393214, 6.409068303859158 ], [ 38.707162634348151, 6.392451802908454 ], [ 38.583314748876603, 6.437015817426072 ], [ 38.503796116197861, 6.436345750555972 ], [ 38.453291700951297, 6.416769168862118 ], [ 38.40273642544571, 6.355070756310397 ], [ 38.394254144912907, 6.413866506234342 ], [ 38.308595303730328, 6.419932892988641 ], [ 38.245590528779928, 6.468228601169073 ], [ 38.155222080134934, 6.439255981878091 ], [ 38.149683718628751, 6.496589192237479 ], [ 38.051595179274159, 6.534738812046612 ], [ 38.043380424566976, 6.576966981441103 ], [ 38.01646857026833, 6.575178274857535 ], [ 38.019388640173645, 6.66560354356875 ], [ 38.049927407224118, 6.693215047036858 ], [ 38.118444278081029, 6.871920473850821 ], [ 38.136591921579964, 6.939727871344246 ], [ 38.130154270403295, 6.974009885647774 ], [ 38.193793905564348, 7.012345484356672 ], [ 38.237920595958769, 7.020054713054606 ], [ 38.321894933204646, 7.161742447256188 ], [ 38.342193101230691, 7.164452226888784 ], [ 38.400632699839264, 7.121470242158011 ], [ 38.447765087288985, 7.124238356315118 ] ] ] } },
{ "type": "Feature", "properties": { "loc": "ET-A2-0705" }, "geometry": { "type": "Polygon", "coordinates": [ [ [ 38.424347106333926, 6.368675130952568 ], [ 38.434682691752869, 6.198765804898017 ], [ 38.376973709569086, 6.164516716573246 ], [ 38.313880505181203, 6.027833491922138 ], [ 38.271710140610537, 5.98657934765879 ], [ 38.282259950836135, 5.970703664142832 ], [ 38.318949083333564, 5.975062712274394 ], [ 38.327529176830126, 5.955372279107451 ], [ 38.374809065685895, 5.943043287018156 ], [ 38.396085706889892, 5.920052383310917 ], [ 38.325329222865378, 5.868814445929956 ], [ 38.270430161622699, 5.868524416368757 ], [ 38.207991238305056, 5.840191838282749 ], [ 38.198391404439803, 5.849452678098658 ], [ 38.211791169826654, 5.916668765950817 ], [ 38.180971691990067, 5.941651024974874 ], [ 38.150342212123462, 6.000406334185016 ], [ 38.121592709236211, 6.016677805736208 ], [ 38.079863411767064, 6.116986871047288 ], [ 38.08672839290108, 6.161044784888986 ], [ 38.102301546279364, 6.180448387383194 ], [ 38.141383620058093, 6.15445661508079 ], [ 38.187396840791621, 6.182210306760282 ], [ 38.197921374671751, 6.206434972396096 ], [ 38.173741781258229, 6.266810420164802 ], [ 38.197577785086764, 6.319003267586766 ], [ 38.288230414102372, 6.359842237129612 ], [ 38.28105140409906, 6.441578183386525 ], [ 38.309313370116001, 6.419694531277628 ], [ 38.389274314558008, 6.416756544179236 ], [ 38.404466061859296, 6.396718148923469 ], [ 38.401403601395145, 6.35559682013718 ], [ 38.424347106333926, 6.368675130952568 ] ] ] } },
{ "type": "Feature", "properties": { "loc": "ET-A2-0706" }, "geometry": { "type": "Polygon", "coordinates": [ [ [ 37.718385517177921, 7.156768598292217 ], [ 37.718760408566027, 7.142570620737615 ], [ 37.745991589640198, 7.135543919916017 ], [ 37.736760910387773, 7.12078022113036 ], [ 37.774503031189965, 7.117025707170683 ], [ 37.796854369433674, 7.096262854946872 ], [ 37.87099441056364, 7.115258951239639 ], [ 37.90926488036996, 7.099545488333661 ], [ 37.929678923343715, 7.117021457874046 ], [ 37.979409165300808, 7.108207725905856 ], [ 38.002610602996981, 7.057803687590138 ], [ 38.06279904304148, 7.076428911565074 ], [ 38.064154741348261, 7.043386988618693 ], [ 38.130711047876616, 6.973029833260227 ], [ 38.118444278081029, 6.871920473850821 ], [ 38.049927407224118, 6.693215047036858 ], [ 38.019388640173645, 6.66560354356875 ], [ 38.018994360301519, 6.577091720106864 ], [ 37.953214674117987, 6.549597111417597 ], [ 37.910678423070806, 6.61490998111077 ], [ 37.81305275667944, 6.508329764207303 ], [ 37.823921686836457, 6.574416551782463 ], [ 37.758306312186619, 6.585289358017519 ], [ 37.698497000236443, 6.644647352393463 ], [ 37.682079968915502, 6.626753390556587 ], [ 37.622609234628555, 6.637168056061 ], [ 37.588318055334014, 6.620202756651963 ], [ 37.530440230832028, 6.620863017314434 ], [ 37.475269490694473, 6.663973910867355 ], [ 37.357621331759105, 6.685524317393401 ], [ 37.315356088712576, 6.708217269411477 ], [ 37.264577339772472, 6.70956901070133 ], [ 37.232800671214079, 6.671807543683258 ], [ 37.224905459119668, 6.721240484161058 ], [ 37.249416998595677, 6.742560856698219 ], [ 37.243941634598798, 6.761236352775484 ], [ 37.267747511138793, 6.777163616008124 ], [ 37.307605569441534, 6.863191847425867 ], [ 37.338039242617015, 6.874518832877868 ], [ 37.388620471657475, 6.860839083357064 ], [ 37.434974637969219, 6.894799342715544 ], [ 37.422560981004494, 6.977659948747657 ], [ 37.45902121625619, 7.139947280342767 ], [ 37.493623125706733, 7.150732506100326 ], [ 37.530421372948069, 7.18994325937399 ], [ 37.546769527891456, 7.170417431819089 ], [ 37.6501686151895, 7.181557290836338 ], [ 37.718385517177921, 7.156768598292217 ] ] ] } },
{ "type": "Feature", "properties": { "loc": "ET-A2-0707" }, "geometry": { "type": "MultiPolygon", "coordinates": [ [ [ [ 35.953971422543191, 4.543031979042667 ], [ 35.953889873818696, 4.542651137739881 ], [ 35.954279390881254, 4.544476381979507 ], [ 35.953971422543191, 4.543031979042667 ] ] ], [ [ [ 36.861536499809688, 4.897911086427541 ], [ 36.85683602586198, 4.749733952260158 ], [ 36.797851421905648, 4.786623979812873 ], [ 36.861536499809688, 4.897911086427541 ] ] ], [ [ [ 36.861030080773673, 4.925298773819407 ], [ 36.861495415181309, 4.900132981152183 ], [ 36.857826422251662, 4.916900979196896 ], [ 36.861030080773673, 4.925298773819407 ] ] ], [ [ [ 36.365787343411228, 6.468074627342219 ], [ 36.409789831135868, 6.435482836663653 ], [ 36.411535274033724, 6.378786786980697 ], [ 36.427195179613875, 6.375678011431148 ], [ 36.472975951678904, 6.290261847806107 ], [ 36.535061527767368, 6.376424561144631 ], [ 36.581635829230208, 6.383368488365079 ], [ 36.588058346615469, 6.372555807204776 ], [ 36.612362556386927, 6.395351317009727 ], [ 36.651226712742641, 6.391612003391288 ], [ 36.655634678597607, 6.352270325914844 ], [ 36.695601935281161, 6.346153399060142 ], [ 36.677295415750905, 6.264182877238056 ], [ 36.74946083075281, 6.183622515766558 ], [ 36.725863758805474, 6.128169126803812 ], [ 36.694940120590161, 6.10217176071825 ], [ 36.722120523243632, 6.09017806556534 ], [ 36.712256712277508, 6.060032920982565 ], [ 36.746030112299877, 5.912067666189898 ], [ 36.796001232271124, 5.912151841834088 ], [ 36.805418864389139, 5.930498728333703 ], [ 36.827915592430713, 5.931373352298408 ], [ 36.845097662627097, 5.96711139507488 ], [ 36.913851932021089, 6.016382229156591 ], [ 36.942129451812775, 6.015517129911643 ], [ 36.981430097720875, 5.982120196889639 ], [ 37.004711001311705, 5.930158861042628 ], [ 37.002305212315775, 5.697150953553717 ], [ 37.030867459265892, 5.669414689836117 ], [ 37.033902386086311, 5.624336637226065 ], [ 37.010475734767397, 5.544438012204523 ], [ 37.055104579612703, 5.493865950852978 ], [ 37.069545536897067, 5.412386066763645 ], [ 37.030525381441237, 5.353244408802482 ], [ 37.036784628707721, 5.268366005586756 ], [ 37.01695883408297, 5.221440798554056 ], [ 37.003311115715462, 5.199082903353371 ], [ 36.948966653788091, 5.194686546846697 ], [ 36.892970982624774, 5.109787746107656 ], [ 36.86082728275295, 4.977767192402041 ], [ 36.830211422219406, 4.97736597965627 ], [ 36.786556422640842, 5.009285979464437 ], [ 36.753295422146095, 4.990149979238197 ], [ 36.750644422202356, 4.909864979385361 ], [ 36.781723421898448, 4.836062979023325 ], [ 36.763962946432912, 4.70973550349072 ], [ 36.646409140769265, 4.710757126140493 ], [ 36.68084120156027, 4.604300629870238 ], [ 36.65753231466465, 4.580373675804537 ], [ 36.71184006626612, 4.441227644240428 ], [ 36.665691376156133, 4.440267086456913 ], [ 36.646289825015458, 4.454520702368541 ], [ 36.279075622741857, 4.448881149145791 ], [ 36.245277405028276, 4.460594177579253 ], [ 36.215316380446666, 4.448679205480971 ], [ 36.226471422718021, 4.512627978998069 ], [ 36.175613421921923, 4.590745979643316 ], [ 36.207946421889915, 4.599782979101235 ], [ 36.193187422061953, 4.637021979580766 ], [ 36.162178421996657, 4.653522979701791 ], [ 36.13858442213342, 4.634149979338133 ], [ 36.161819422528367, 4.604980979588561 ], [ 36.092689422678745, 4.63566397900945 ], [ 36.054866422247642, 4.618327979053049 ], [ 36.042114422342763, 4.573669979086333 ], [ 36.059886422620366, 4.52401597895431 ], [ 36.045231422192444, 4.510640979097957 ], [ 36.02708042242358, 4.628849979542963 ], [ 36.005798422159501, 4.60349697950204 ], [ 35.979419422468425, 4.599065979311547 ], [ 35.958649306420398, 4.564958112427007 ], [ 35.945041656447358, 4.57452011091442 ], [ 35.947700500277904, 4.619999885286518 ], [ 35.817108154517769, 4.777349948741175 ], [ 35.814739226933852, 5.083960056011847 ], [ 35.863780974912117, 5.17549991568859 ], [ 35.829410552754837, 5.251319885004762 ], [ 35.864189147511183, 5.303390026228783 ], [ 35.839321136561239, 5.330230236036584 ], [ 35.757030486667702, 5.357860088372433 ], [ 35.753842744347253, 5.600657980581389 ], [ 35.806852351554824, 5.665838863972454 ], [ 35.877416005644193, 5.673151981778574 ], [ 35.95157315008089, 5.651032429403131 ], [ 35.964752867550828, 5.669370751658903 ], [ 35.959429098674036, 5.703485126937096 ], [ 35.978500104896, 5.759599738836926 ], [ 35.962282736559075, 5.782794836312689 ], [ 35.960893795712138, 5.834615714243853 ], [ 35.987696672863194, 5.896311113167371 ], [ 35.977710227644934, 5.9480639717749 ], [ 36.008553450281568, 5.997335859862119 ], [ 35.982138292448269, 6.052006638995238 ], [ 35.9948210409583, 6.084648610944669 ], [ 35.945089967128354, 6.102142610992757 ], [ 35.950362938698731, 6.122391318104917 ], [ 35.934607661814198, 6.140675063203673 ], [ 35.9528890965546, 6.166839686102662 ], [ 35.977742533091487, 6.166221135097373 ], [ 35.956721498098716, 6.225570251366037 ], [ 35.992205012951047, 6.257711961937559 ], [ 36.039392144831652, 6.271332981232149 ], [ 36.059071751959834, 6.307414026336289 ], [ 36.035333184279068, 6.331596133354935 ], [ 36.039131342337612, 6.34712618942217 ], [ 36.068871604041362, 6.354932694188562 ], [ 36.138488227050118, 6.438457260694065 ], [ 36.191637243564003, 6.441845138142639 ], [ 36.248802681798395, 6.385021390125075 ], [ 36.306703766365786, 6.426370729425685 ], [ 36.323350725555599, 6.458356872571642 ], [ 36.365787343411228, 6.468074627342219 ] ] ] ] } },
{ "type": "Feature", "properties": { "loc": "ET-A2-0708" }, "geometry": { "type": "Polygon", "coordinates": [ [ [ 35.591544737799438, 7.808742366067406 ], [ 35.59806362473654, 7.742901886612799 ], [ 35.576655296704644, 7.738608534856041 ], [ 35.576041198242763, 7.71639988934345 ], [ 35.602858413285219, 7.692839811008525 ], [ 35.570092217981539, 7.673847016126956 ], [ 35.563295142856589, 7.651435872067907 ], [ 35.586050879244738, 7.535186494361255 ], [ 35.556691984947179, 7.513467793204143 ], [ 35.565056620666553, 7.48734571003655 ], [ 35.528257898583206, 7.48113842200064 ], [ 35.439007661574351, 7.422875050942878 ], [ 35.497122169652471, 7.383855113123047 ], [ 35.494303923687198, 7.265204550049987 ], [ 35.568281754099701, 7.281016438357995 ], [ 35.622565668271022, 7.230351056156337 ], [ 35.668945503931923, 7.241620393266601 ], [ 35.696536975001436, 7.224853945653138 ], [ 35.729510357916752, 7.241448636245593 ], [ 35.735695436295373, 7.21960005319994 ], [ 35.558375709171685, 7.182659858765533 ], [ 35.525988274139593, 7.154101481598161 ], [ 35.476114386170025, 7.173361133209767 ], [ 35.438191751648048, 7.163276873229165 ], [ 35.427685392167177, 7.156260439068035 ], [ 35.447182912661333, 7.142164879905351 ], [ 35.444642782038784, 7.125710829790989 ], [ 35.401894040077934, 7.12765247957833 ], [ 35.387221930048099, 7.111866492644594 ], [ 35.333986430229629, 7.179933010000468 ], [ 35.372857633672879, 7.231027526199398 ], [ 35.345808363864933, 7.238978042102985 ], [ 35.374913324690226, 7.289975545734876 ], [ 35.392298409643956, 7.396183098870949 ], [ 35.30955471188048, 7.479178306433766 ], [ 35.209512077020804, 7.471867609602555 ], [ 35.189252435051912, 7.455626144830774 ], [ 35.122402105972469, 7.478600811278454 ], [ 35.138082804777696, 7.512076175075492 ], [ 35.171916383834116, 7.532753643865647 ], [ 35.166305223107599, 7.614870828925689 ], [ 35.115636626728985, 7.630795768310122 ], [ 35.116033607265194, 7.645092153280302 ], [ 35.212324139247698, 7.651496984598225 ], [ 35.222732824260504, 7.703102542348518 ], [ 35.340877649084291, 7.776610678440079 ], [ 35.349859200841479, 7.834874142128001 ], [ 35.400578840940796, 7.829573681879936 ], [ 35.433531097881939, 7.882756181052969 ], [ 35.474310847967331, 7.873505751789082 ], [ 35.520725583618855, 7.895606731365604 ], [ 35.544400425339404, 7.830993820208676 ], [ 35.591544737799438, 7.808742366067406 ] ] ] } },
{ "type": "Feature", "properties": { "loc": "ET-A2-0709" }, "geometry": { "type": "Polygon", "coordinates": [ [ [ 35.860868653565547, 8.077234740790686 ], [ 35.905128343798083, 7.946018851888539 ], [ 35.848618631844431, 7.838964072633871 ], [ 35.997237716247639, 7.745119799139445 ], [ 36.051907352342482, 7.653905676605746 ], [ 36.035327416926805, 7.572582031735408 ], [ 36.156556678048332, 7.542620625841266 ], [ 36.22469624463605, 7.4843879756246 ], [ 36.348665483725142, 7.445416163225389 ], [ 36.374635310771055, 7.41557480603251 ], [ 36.483919654168744, 7.416009774831309 ], [ 36.598333940958639, 7.369032599574837 ], [ 36.632953737924709, 7.377862983390003 ], [ 36.672563471826834, 7.328040718304578 ], [ 36.791070371800288, 7.252301884924123 ], [ 36.774538511443211, 7.246124797021821 ], [ 36.755893306331075, 7.161045088659989 ], [ 36.717191572033471, 7.149658321674281 ], [ 36.693257866757222, 7.166492219340512 ], [ 36.676888241399297, 7.132523385845616 ], [ 36.591589210873451, 7.122942059128775 ], [ 36.600955678761636, 7.050218407953196 ], [ 36.568477401410973, 7.048743890318349 ], [ 36.552503677402854, 7.004589125787561 ], [ 36.512881881793476, 7.008987957228499 ], [ 36.504142385262924, 6.982569131959906 ], [ 36.479220567874961, 6.98681671002322 ], [ 36.464002654798719, 6.968306854677678 ], [ 36.457770020270289, 6.922061664614205 ], [ 36.483054470387572, 6.878453543995931 ], [ 36.49050464757147, 6.816074800611602 ], [ 36.459096202827538, 6.784905339010209 ], [ 36.415489869162172, 6.783903177689524 ], [ 36.342082438253954, 6.703720580940114 ], [ 36.358864321831049, 6.631257495736861 ], [ 36.328929563748432, 6.57846729433021 ], [ 36.338039121408372, 6.50049383182494 ], [ 36.306703766365786, 6.426370729425685 ], [ 36.248802681798395, 6.385021390125075 ], [ 36.191637243564003, 6.441845138142639 ], [ 36.132273355031373, 6.435751548695066 ], [ 36.068871604041362, 6.354932694188562 ], [ 36.039131342337612, 6.34712618942217 ], [ 36.035333184279068, 6.331596133354935 ], [ 36.059071751959834, 6.307414026336289 ], [ 36.039392144831652, 6.271332981232149 ], [ 35.96808016037113, 6.23535892757252 ], [ 35.973117396250871, 6.33695971791667 ], [ 35.992230182277126, 6.396337009945114 ], [ 36.017988478885229, 6.413607663362995 ], [ 36.04122565743819, 6.461124932769508 ], [ 36.101861880721287, 6.467157360224064 ], [ 36.137802386071314, 6.537486659082106 ], [ 36.132377483034475, 6.572860232713595 ], [ 36.077600403136159, 6.612370378390324 ], [ 36.067243808654894, 6.643154312321712 ], [ 36.085469946780677, 6.667411179082706 ], [ 36.084147886715641, 6.722460570998578 ], [ 36.064462916030777, 6.730535850748936 ], [ 36.070435043042835, 6.794932679099929 ], [ 36.001911466840795, 7.000204042282746 ], [ 36.001010590766214, 7.05394226132637 ], [ 35.935336923860007, 7.117357914036575 ], [ 35.878345296698114, 7.090443599192781 ], [ 35.880240671869558, 7.052361703729673 ], [ 35.85799181227236, 7.011919639180064 ], [ 35.820668771046996, 7.039358060925792 ], [ 35.843600668436125, 7.081127344051708 ], [ 35.806861873576679, 7.070253418160746 ], [ 35.788209833616975, 7.007193118167891 ], [ 35.766245674198558, 7.032528754098792 ], [ 35.712500706642345, 7.00442593930569 ], [ 35.709805237022124, 7.030321023696331 ], [ 35.754037038378669, 7.076562036408916 ], [ 35.708858051258119, 7.075199051794868 ], [ 35.724723758594621, 7.102977992840124 ], [ 35.693315550372404, 7.203145317802239 ], [ 35.735695436295373, 7.21960005319994 ], [ 35.731731871328861, 7.240524213221931 ], [ 35.696536975001436, 7.224853945653138 ], [ 35.668945503931923, 7.241620393266601 ], [ 35.627315965559433, 7.228707592781234 ], [ 35.568281754099701, 7.281016438357995 ], [ 35.494303923687198, 7.265204550049987 ], [ 35.497122169652471, 7.383855113123047 ], [ 35.439007661574351, 7.422875050942878 ], [ 35.528257898583206, 7.48113842200064 ], [ 35.565056620666553, 7.48734571003655 ], [ 35.556691984947179, 7.513467793204143 ], [ 35.586050879244738, 7.535186494361255 ], [ 35.563295142856589, 7.651435872067907 ], [ 35.570092217981539, 7.673847016126956 ], [ 35.602858413285219, 7.692839811008525 ], [ 35.576041198242763, 7.71639988934345 ], [ 35.576655296704644, 7.738608534856041 ], [ 35.59806362473654, 7.742901886612799 ], [ 35.591544737799438, 7.808742366067406 ], [ 35.693729554175661, 7.864355269580074 ], [ 35.739539285309831, 7.866625352677943 ], [ 35.799721733171509, 7.93260905186628 ], [ 35.738512740670501, 7.988824023609823 ], [ 35.728003735384107, 8.039569453567481 ], [ 35.76576921157988, 8.081234959425899 ], [ 35.860868653565547, 8.077234740790686 ] ] ] } },
{ "type": "Feature", "properties": { "loc": "ET-A2-0710" }, "geometry": { "type": "MultiPolygon", "coordinates": [ [ [ [ 37.548342794684288, 5.739560642110007 ], [ 37.528955713635355, 5.724150889252201 ], [ 37.501482416180636, 5.703620936257266 ], [ 37.548342794684288, 5.739560642110007 ] ] ], [ [ [ 37.781200423660664, 6.159799980184971 ], [ 37.775684422897825, 6.134740980212143 ], [ 37.771774423351019, 6.154051980414636 ], [ 37.781200423660664, 6.159799980184971 ] ] ], [ [ [ 37.783729423374268, 6.173822980246371 ], [ 37.787974388007626, 6.167757809375473 ], [ 37.783729423374268, 6.169455980309294 ], [ 37.783729423374268, 6.173822980246371 ] ] ], [ [ [ 37.839138423599422, 6.349449980032603 ], [ 37.829017423615255, 6.311522980201403 ], [ 37.825111423353576, 6.32968198033916 ], [ 37.839138423599422, 6.349449980032603 ] ] ], [ [ [ 36.693494505367198, 6.705677585752028 ], [ 36.779806626674542, 6.710629277219425 ], [ 36.866842964830994, 6.668462830994883 ], [ 36.932294420051505, 6.703883514712459 ], [ 36.978363780064456, 6.689005907796457 ], [ 36.993427743595532, 6.655671135914247 ], [ 36.988052269996331, 6.603162614762937 ], [ 37.003502849377071, 6.589600115253177 ], [ 37.104424174935787, 6.633961711264021 ], [ 37.146612006139208, 6.669717503959703 ], [ 37.182033539716144, 6.666882896628408 ], [ 37.199877374241453, 6.648671170138414 ], [ 37.237328267585553, 6.653542828238983 ], [ 37.240093620823984, 6.684942543263787 ], [ 37.267528629642584, 6.709993491606383 ], [ 37.330903672566478, 6.706787092850107 ], [ 37.357621331759105, 6.685524317393401 ], [ 37.474454921657355, 6.664282435885752 ], [ 37.530440230832028, 6.620863017314434 ], [ 37.588318055334014, 6.620202756651963 ], [ 37.622609234628555, 6.637168056061 ], [ 37.682079968915502, 6.626753390556587 ], [ 37.698497000236443, 6.644647352393463 ], [ 37.758306312186619, 6.585289358017519 ], [ 37.823346157599133, 6.574941650636731 ], [ 37.820187942719429, 6.520828017698932 ], [ 37.77682142317019, 6.482531981066131 ], [ 37.774520423179013, 6.412427980367056 ], [ 37.822811423408496, 6.25727298036378 ], [ 37.797981423204192, 6.24945598050914 ], [ 37.805797423012734, 6.201410979932803 ], [ 37.793384423452437, 6.179570980016763 ], [ 37.750164423249601, 6.201866980276975 ], [ 37.72740542322174, 6.165540980531887 ], [ 37.68487942354659, 6.162316980244498 ], [ 37.662818423331601, 6.119550980293582 ], [ 37.626041423472941, 6.111725980069991 ], [ 37.604229423049503, 6.010790980319541 ], [ 37.641925423019927, 6.00321298069457 ], [ 37.65135242337567, 5.979073979980228 ], [ 37.694091422980819, 6.041159980548684 ], [ 37.698459422964049, 6.028515980228349 ], [ 37.740749423447198, 6.037027980656831 ], [ 37.761436423252405, 6.081401980117334 ], [ 37.775455423129301, 6.045077980464498 ], [ 37.783865582530666, 6.07700297870457 ], [ 37.782084354709241, 5.953785422659166 ], [ 37.719207206147701, 5.922386580876037 ], [ 37.662973187662544, 5.850183503166193 ], [ 37.635665159519533, 5.858180429483298 ], [ 37.639869423535117, 5.93998398047637 ], [ 37.601257423591278, 5.95169998026995 ], [ 37.600105423526543, 5.965495980655021 ], [ 37.549553423351881, 5.924322980421266 ], [ 37.544723423647156, 5.936506980213039 ], [ 37.529560423175042, 5.92638398013662 ], [ 37.517383423706065, 5.91143498053998 ], [ 37.529575422967469, 5.881318980286778 ], [ 37.519691423120719, 5.890511980643453 ], [ 37.50202142305028, 5.825662980362324 ], [ 37.459293423053111, 5.791612980354785 ], [ 37.482063423588158, 5.733674980416083 ], [ 37.454763904830372, 5.70484875186844 ], [ 37.302662580713559, 5.786647145249617 ], [ 37.234345886353651, 5.741572205193165 ], [ 37.165129137899442, 5.741267523877184 ], [ 37.090745395783415, 5.700762805359204 ], [ 37.058695574341357, 5.707811265277712 ], [ 37.045297625585022, 5.686738747695074 ], [ 37.051593477956715, 5.651935935994686 ], [ 37.031406154970114, 5.631782408631295 ], [ 37.030867459265892, 5.669414689836117 ], [ 37.002305212315775, 5.697150953553717 ], [ 37.012810838849191, 5.864354987592662 ], [ 36.99619027925803, 5.967576440800144 ], [ 36.942129451812775, 6.015517129911643 ], [ 36.913851932021089, 6.016382229156591 ], [ 36.845097662627097, 5.96711139507488 ], [ 36.827915592430713, 5.931373352298408 ], [ 36.805418864389139, 5.930498728333703 ], [ 36.796001232271124, 5.912151841834088 ], [ 36.746030112299877, 5.912067666189898 ], [ 36.712256712277508, 6.060032920982565 ], [ 36.722120523243632, 6.09017806556534 ], [ 36.694940120590161, 6.10217176071825 ], [ 36.725863758805474, 6.128169126803812 ], [ 36.74946083075281, 6.183622515766558 ], [ 36.677295415750905, 6.264182877238056 ], [ 36.695601935281161, 6.346153399060142 ], [ 36.655634678597607, 6.352270325914844 ], [ 36.651226712742641, 6.391612003391288 ], [ 36.612362556386927, 6.395351317009727 ], [ 36.588058346615469, 6.372555807204776 ], [ 36.581635829230208, 6.383368488365079 ], [ 36.535061527767368, 6.376424561144631 ], [ 36.472975951678904, 6.290261847806107 ], [ 36.427195179613875, 6.375678011431148 ], [ 36.411535274033724, 6.378786786980697 ], [ 36.409789831135868, 6.435482836663653 ], [ 36.388507841663625, 6.461405668736688 ], [ 36.461771067181076, 6.528785681414092 ], [ 36.57063695333278, 6.582557839073047 ], [ 36.600239802225133, 6.627329890162343 ], [ 36.671804399053826, 6.656941225956871 ], [ 36.693494505367198, 6.705677585752028 ] ] ] ] } },
{ "type": "Feature", "properties": { "loc": "ET-A2-0711" }, "geometry": { "type": "Polygon", "coordinates": [ [ [ 34.97015970160902, 7.234028107011568 ], [ 35.02081333506743, 7.185781797691845 ], [ 35.053913518793934, 7.184263485771282 ], [ 35.083710156298707, 7.124841251022985 ], [ 35.114266402572468, 7.102144963419391 ], [ 35.204563867728382, 7.099613933036608 ], [ 35.234459906399593, 7.137931503036498 ], [ 35.299889314740142, 7.115772706944938 ], [ 35.330781491073026, 7.127092151581564 ], [ 35.389191835634733, 7.111401689736226 ], [ 35.400942473716213, 7.127409785832981 ], [ 35.444642782038784, 7.125710829790989 ], [ 35.447182912661333, 7.142164879905351 ], [ 35.427685392167177, 7.156260439068035 ], [ 35.438191751648048, 7.163276873229165 ], [ 35.476114386170025, 7.173361133209767 ], [ 35.525988274139593, 7.154101481598161 ], [ 35.558375709171685, 7.182659858765533 ], [ 35.689005151966228, 7.206177546656477 ], [ 35.724723758594621, 7.102977992840124 ], [ 35.708858051258119, 7.075199051794868 ], [ 35.754060900090508, 7.077844929200182 ], [ 35.709805237022124, 7.030321023696331 ], [ 35.712500706642345, 7.00442593930569 ], [ 35.766245674198558, 7.032528754098792 ], [ 35.788209833616975, 7.007193118167891 ], [ 35.806861873576679, 7.070253418160746 ], [ 35.843600668436125, 7.081127344051708 ], [ 35.820668771046996, 7.039358060925792 ], [ 35.85799181227236, 7.011919639180064 ], [ 35.880240671869558, 7.052361703729673 ], [ 35.878345296698114, 7.090443599192781 ], [ 35.935336923860007, 7.117357914036575 ], [ 36.001010590766214, 7.05394226132637 ], [ 36.001911466840795, 7.000204042282746 ], [ 36.070435043042835, 6.794932679099929 ], [ 36.064462916030777, 6.730535850748936 ], [ 36.084147886715641, 6.722460570998578 ], [ 36.085469946780677, 6.667411179082706 ], [ 36.067243808654894, 6.643154312321712 ], [ 36.077600403136159, 6.612370378390324 ], [ 36.132377483034475, 6.572860232713595 ], [ 36.137802386071314, 6.537486659082106 ], [ 36.101861880721287, 6.467157360224064 ], [ 36.039871488878134, 6.459754562922797 ], [ 36.017988478885229, 6.413607663362995 ], [ 35.992230182277126, 6.396337009945114 ], [ 35.973117396250871, 6.33695971791667 ], [ 35.979564920184998, 6.266234877437682 ], [ 35.955571179766196, 6.221835530585338 ], [ 35.977742533091487, 6.166221135097373 ], [ 35.9528890965546, 6.166839686102662 ], [ 35.933328521893827, 6.134152808305487 ], [ 35.950362938698731, 6.122391318104917 ], [ 35.945089967128354, 6.102142610992757 ], [ 35.9948210409583, 6.084648610944669 ], [ 35.982138292448269, 6.052006638995238 ], [ 36.008553450281568, 5.997335859862119 ], [ 35.977710227644934, 5.9480639717749 ], [ 35.987696672863194, 5.896311113167371 ], [ 35.960893795712138, 5.834615714243853 ], [ 35.962282736559075, 5.782794836312689 ], [ 35.978500104896, 5.759599738836926 ], [ 35.959429098674036, 5.703485126937096 ], [ 35.964752867550828, 5.669370751658903 ], [ 35.95157315008089, 5.651032429403131 ], [ 35.877416005644193, 5.673151981778574 ], [ 35.806852351554824, 5.665838863972454 ], [ 35.753842744347253, 5.600657980581389 ], [ 35.756924070789296, 5.358966450541288 ], [ 35.71883010822296, 5.389729977056845 ], [ 35.628379822171098, 5.377759933174445 ], [ 35.588321685397489, 5.413070201728488 ], [ 35.536170959522224, 5.418449878758963 ], [ 35.471809387293433, 5.40679979297613 ], [ 35.339290619066844, 5.330719947467628 ], [ 35.307960510669091, 5.341020107691861 ], [ 35.293918609556215, 5.371590137874591 ], [ 35.318611144788576, 5.462719917490233 ], [ 35.309661865202941, 5.497650146037472 ], [ 35.127258301129757, 5.624470234213959 ], [ 35.130111694399204, 5.691160201582079 ], [ 35.001029968658202, 5.897049903530274 ], [ 35.000549316098102, 6.069300174763328 ], [ 34.969341278077593, 6.090539932072261 ], [ 34.974380493365118, 6.181200027259479 ], [ 34.952110290157805, 6.241940021514836 ], [ 34.955398559595892, 6.281610011792679 ], [ 34.985852718428248, 6.29818229937365 ], [ 35.011289767308938, 6.280259506171319 ], [ 35.038268533865789, 6.304626488621579 ], [ 35.106107878875548, 6.318904831392899 ], [ 35.131504261312671, 6.395495061947599 ], [ 35.178499831302247, 6.379267700344144 ], [ 35.199465521116963, 6.410903988328471 ], [ 35.173851643038972, 6.466523020720899 ], [ 35.197662144792218, 6.680216192223554 ], [ 35.17955954563655, 6.727364907764354 ], [ 35.079861793586929, 6.810798768648283 ], [ 34.933660997856805, 6.796293008915256 ], [ 34.968994399671885, 6.859264409125217 ], [ 34.992364607740512, 6.86403107407483 ], [ 34.997882971022364, 6.892863829901898 ], [ 34.911325456204906, 6.988154524411812 ], [ 34.877082333083251, 7.069790269105681 ], [ 34.892672517822518, 7.091504587866496 ], [ 34.898093041160962, 7.184790768179482 ], [ 34.942449189978163, 7.192908409595475 ], [ 34.97015970160902, 7.234028107011568 ] ] ] } },
{ "type": "Feature", "properties": { "loc": "ET-A2-0712" }, "geometry": { "type": "Polygon", "coordinates": [ [ [ 37.601539915035119, 7.985992303102364 ], [ 37.615412573631431, 7.950570368427805 ], [ 37.544289327190768, 7.685660753341153 ], [ 37.507401197207514, 7.608198725390935 ], [ 37.445103970172113, 7.564316880819433 ], [ 37.401194678291802, 7.682667442648381 ], [ 37.404844577715153, 7.827260346787625 ], [ 37.436714014040547, 7.918528487100048 ], [ 37.389814797414999, 7.961972350143867 ], [ 37.391790293187512, 7.992900511949131 ], [ 37.490798981088176, 8.017061117076935 ], [ 37.557518522661724, 7.948338000198589 ], [ 37.602829783867492, 7.964857662151417 ], [ 37.601539915035119, 7.985992303102364 ] ] ] } },
{ "type": "Feature", "properties": { "loc": "ET-A2-0713" }, "geometry": { "type": "Polygon", "coordinates": [ [ [ 37.900819335344124, 5.244854086846658 ], [ 37.852657441787585, 5.234646853569473 ], [ 37.810078171670341, 5.268299909912969 ], [ 37.674230516125476, 5.307643460677241 ], [ 37.646706038253114, 5.299287273189179 ], [ 37.629734811412447, 5.266009696390427 ], [ 37.367175850585113, 5.155099544208667 ], [ 37.216908441071723, 5.212684750001245 ], [ 37.112230264215384, 5.186272327905669 ], [ 37.003311115715462, 5.199082903353371 ], [ 37.036784628707721, 5.268366005586756 ], [ 37.030525381441237, 5.353244408802482 ], [ 37.069545536897067, 5.412386066763645 ], [ 37.055104579612703, 5.493865950852978 ], [ 37.010475734767397, 5.544438012204523 ], [ 37.015921341097055, 5.598171653698898 ], [ 37.051593477956715, 5.651935935994686 ], [ 37.051590968848188, 5.700682480612045 ], [ 37.096472248895225, 5.702217108932473 ], [ 37.167293794373165, 5.741881535104824 ], [ 37.234345886353651, 5.741572205193165 ], [ 37.304971822991263, 5.786843242421753 ], [ 37.45193280035852, 5.705056482670614 ], [ 37.481670496296431, 5.730648568376751 ], [ 37.48299742349235, 5.694121980245257 ], [ 37.563396423206427, 5.744743980050714 ], [ 37.589118423176728, 5.785911980053868 ], [ 37.625881423289115, 5.794200980091205 ], [ 37.639467074945628, 5.862448388882115 ], [ 37.673793905164644, 5.855069977597452 ], [ 37.681023500234403, 5.884204883148868 ], [ 37.719207206147701, 5.922386580876037 ], [ 37.782084354709241, 5.953785422659166 ], [ 37.78317581870914, 6.010600270086456 ], [ 37.80373609234681, 5.993178830039028 ], [ 37.842965438204487, 6.010940248893405 ], [ 37.903975012337014, 5.960507907114277 ], [ 37.968574601836451, 5.956017666781918 ], [ 38.012274223076986, 5.804270698933635 ], [ 38.088883691928913, 5.745607964136298 ], [ 38.08708369615573, 5.721256846626204 ], [ 38.075163846134672, 5.688940437351334 ], [ 38.008014703815604, 5.650154599355346 ], [ 37.943519995951078, 5.639464151349557 ], [ 37.930174644044655, 5.616672147101951 ], [ 37.946814455422839, 5.474285600100416 ], [ 37.896374714021874, 5.34987991102912 ], [ 37.900819335344124, 5.244854086846658 ] ] ] } },
{ "type": "Feature", "properties": { "loc": "ET-A2-0717" }, "geometry": { "type": "Polygon", "coordinates": [ [ [ 37.349479886187851, 7.357735476111372 ], [ 37.37428531601455, 7.251456134593013 ], [ 37.464332569992166, 7.199061273359121 ], [ 37.513180255064754, 7.213984946248331 ], [ 37.530421372948069, 7.18994325937399 ], [ 37.455444101664, 7.135198061341498 ], [ 37.459723259420912, 7.098881694234876 ], [ 37.421132144432988, 6.961003138384172 ], [ 37.434974637969219, 6.894799342715544 ], [ 37.388620471657475, 6.860839083357064 ], [ 37.338039242617015, 6.874518832877868 ], [ 37.30474441592213, 6.859975917654538 ], [ 37.267747511138793, 6.777163616008124 ], [ 37.243941634598798, 6.761236352775484 ], [ 37.249416998595677, 6.742560856698219 ], [ 37.224905459119668, 6.721240484161058 ], [ 37.240525703698324, 6.655994409814184 ], [ 37.199877374241453, 6.648671170138414 ], [ 37.182033539716144, 6.666882896628408 ], [ 37.146612006139208, 6.669717503959703 ], [ 37.104424174935787, 6.633961711264021 ], [ 37.003502849377071, 6.589600115253177 ], [ 36.988052269996331, 6.603162614762937 ], [ 36.98913427132959, 6.679881380921017 ], [ 36.968465443225682, 6.693222842360342 ], [ 36.932294420051505, 6.703883514712459 ], [ 36.866842964830994, 6.668462830994883 ], [ 36.779806626674542, 6.710629277219425 ], [ 36.691756856893505, 6.706672902332627 ], [ 36.690088618095274, 6.781036587768369 ], [ 36.707799352957807, 6.830824258632674 ], [ 36.762946056915041, 6.900219315668949 ], [ 36.764719231307538, 6.932350039222968 ], [ 36.824152246229232, 6.978893367135242 ], [ 36.819388676746087, 7.076057713692592 ], [ 36.855641647044422, 7.149183086630217 ], [ 36.869644584130299, 7.226226246344254 ], [ 37.039511189689676, 7.240016542329613 ], [ 37.128590638247431, 7.228445968306858 ], [ 37.262269882649036, 7.325430255302081 ], [ 37.349479886187851, 7.357735476111372 ] ] ] } },
{ "type": "Feature", "properties": { "loc": "ET-A2-0719" }, "geometry": { "type": "Polygon", "coordinates": [ [ [ 36.964664911856232, 7.225026876289348 ], [ 36.909598367170986, 7.235787180933698 ], [ 36.869644584130299, 7.226226246344254 ], [ 36.855641647044422, 7.149183086630217 ], [ 36.819388676746087, 7.076057713692592 ], [ 36.824152246229232, 6.978893367135242 ], [ 36.764719231307538, 6.932350039222968 ], [ 36.762946056915041, 6.900219315668949 ], [ 36.707799352957807, 6.830824258632674 ], [ 36.67588843540301, 6.661063327910313 ], [ 36.600239802225133, 6.627329890162343 ], [ 36.57063695333278, 6.582557839073047 ], [ 36.461771067181076, 6.528785681414092 ], [ 36.416243400312737, 6.475197626669171 ], [ 36.382164489799436, 6.458236513604277 ], [ 36.361144391900211, 6.469150390977802 ], [ 36.325439142002836, 6.458933085293722 ], [ 36.339926328037677, 6.526827974231651 ], [ 36.328139252124856, 6.575360865111861 ], [ 36.358864321831049, 6.631257495736861 ], [ 36.342082438253954, 6.703720580940114 ], [ 36.415489869162172, 6.783903177689524 ], [ 36.459096202827538, 6.784905339010209 ], [ 36.486794041212079, 6.808507210639334 ], [ 36.483054470387572, 6.878453543995931 ], [ 36.457770020270289, 6.922061664614205 ], [ 36.461933073752391, 6.962335932757128 ], [ 36.479220567874961, 6.98681671002322 ], [ 36.504142385262924, 6.982569131959906 ], [ 36.512881881793476, 7.008987957228499 ], [ 36.552503677402854, 7.004589125787561 ], [ 36.568477401410973, 7.048743890318349 ], [ 36.600955678761636, 7.050218407953196 ], [ 36.591589210873451, 7.122942059128775 ], [ 36.676888241399297, 7.132523385845616 ], [ 36.693257866757222, 7.166492219340512 ], [ 36.717191572033471, 7.149658321674281 ], [ 36.755893306331075, 7.161045088659989 ], [ 36.774538511443211, 7.246124797021821 ], [ 36.840936200045633, 7.32598987463308 ], [ 36.879154574823815, 7.32969439797813 ], [ 36.955464306832368, 7.260490994563781 ], [ 36.964664911856232, 7.225026876289348 ] ] ] } },
{ "type": "Feature", "properties": { "loc": "ET-A2-0720" }, "geometry": { "type": "MultiPolygon", "coordinates": [ [ [ [ 38.04517198290074, 7.880656788380122 ], [ 38.044775201114703, 7.880355263684521 ], [ 38.045164917826753, 7.880658851424926 ], [ 38.04517198290074, 7.880656788380122 ] ] ], [ [ [ 38.2205621129512, 8.120658788172591 ], [ 38.27083003977458, 8.121548742880236 ], [ 38.264543513372473, 8.083989835562534 ], [ 38.283108346073391, 8.055404674785962 ], [ 38.33889300300973, 8.048922078191424 ], [ 38.406869026084735, 8.090657509036873 ], [ 38.427563072977478, 8.077739906171757 ], [ 38.439870087434656, 8.092735307188718 ], [ 38.460130652107978, 8.087882257859974 ], [ 38.463231512724178, 8.065809438754627 ], [ 38.431622954435852, 8.021585976811423 ], [ 38.457172601134687, 7.993907832680407 ], [ 38.434528215205034, 7.97040332885058 ], [ 38.549485231158542, 7.870874440702949 ], [ 38.51290808583957, 7.84891044496112 ], [ 38.492442884031902, 7.795393342229033 ], [ 38.444847429365439, 7.759533908962794 ], [ 38.412301549976576, 7.679911232817176 ], [ 38.326095459637827, 7.685027691774621 ], [ 38.320979349617346, 7.662932288894069 ], [ 38.333468496573914, 7.664409910089319 ], [ 38.3373403846511, 7.643600080879082 ], [ 38.320223372310863, 7.642568338158355 ], [ 38.358949124802336, 7.620399058669648 ], [ 38.343435823104812, 7.625510633409078 ], [ 38.291306544261658, 7.585272131303839 ], [ 38.249567922621566, 7.58888759658538 ], [ 38.217622507972408, 7.521440403651752 ], [ 38.219939889114642, 7.487986548040794 ], [ 38.200283768681004, 7.50446749687751 ], [ 38.191773876263426, 7.494614620768175 ], [ 38.213893246076509, 7.480656818857142 ], [ 38.191437263618866, 7.448635246019819 ], [ 38.162064817437454, 7.460531452864302 ], [ 38.168223997139819, 7.445152512578431 ], [ 38.148870260254341, 7.416275299665415 ], [ 38.126119759719188, 7.420551727979898 ], [ 38.126833675733621, 7.45639557239781 ], [ 38.08900708970549, 7.488548491219944 ], [ 38.114385319327084, 7.51759597277595 ], [ 38.117875753663157, 7.584491535955692 ], [ 38.100947033278999, 7.628086346607631 ], [ 38.043800966441495, 7.645779418785196 ], [ 38.058205529061979, 7.662513638293831 ], [ 38.041820939884531, 7.695012324858965 ], [ 38.053972004704292, 7.721283871753315 ], [ 38.023497549072658, 7.72706059586983 ], [ 38.027646001162054, 7.701771675222687 ], [ 38.002757205980345, 7.691462940862095 ], [ 37.959422571894208, 7.729920007402484 ], [ 37.933848990638467, 7.65235316616571 ], [ 37.93134436794827, 7.688899973754815 ], [ 37.886924906859008, 7.681740319859898 ], [ 37.887803706376019, 7.703084598175735 ], [ 37.854331043243121, 7.719810963904933 ], [ 37.86312579771743, 7.749758501353824 ], [ 37.897074615900863, 7.75826188088115 ], [ 37.890706753014285, 7.78727000270851 ], [ 37.916896240369226, 7.77737747908742 ], [ 37.916345675412629, 7.79550835112957 ], [ 37.938187438899263, 7.811550876871536 ], [ 37.921917917078247, 7.832762381079078 ], [ 37.93175757765016, 7.850888108099753 ], [ 37.916556960335527, 7.860369835799304 ], [ 37.949352356626036, 7.852171625020503 ], [ 37.984499251639193, 7.875803964781198 ], [ 37.979476085652891, 7.849571891829385 ], [ 38.00203873489977, 7.85492239035608 ], [ 38.006095053244167, 7.840454075695106 ], [ 38.044667804075971, 7.877115914667797 ], [ 38.0906949607039, 7.945395395980768 ], [ 38.129914953612285, 7.968565094803353 ], [ 38.128576789387353, 8.000452405154419 ], [ 38.189488216008442, 8.091390839615599 ], [ 38.213745283318246, 8.096927729830895 ], [ 38.2205621129512, 8.120658788172591 ] ] ] ] } },
{ "type": "Feature", "properties": { "loc": "ET-A2-0721" }, "geometry": { "type": "Polygon", "coordinates": [ [ [ 38.412301549976576, 7.679911232817176 ], [ 38.42026300883083, 7.624342802578326 ], [ 38.401043084770606, 7.578700777019264 ], [ 38.418914804574626, 7.569457974006355 ], [ 38.429132129144477, 7.531079686278531 ], [ 38.407956739911697, 7.503569766631472 ], [ 38.32724489213814, 7.461681727130042 ], [ 38.318911943131695, 7.414167394909384 ], [ 38.279442838915941, 7.380599418028794 ], [ 38.265210098966918, 7.306723977229808 ], [ 38.101033662273721, 7.207848118296056 ], [ 38.070400882794559, 7.299026234673022 ], [ 38.047112442885009, 7.282219528008852 ], [ 38.035368377048997, 7.295458917295264 ], [ 38.020522714951369, 7.266997571580703 ], [ 37.971445945573976, 7.27581489813906 ], [ 37.966011578071914, 7.294204766836572 ], [ 38.004502331417541, 7.328012779965889 ], [ 38.014719220715506, 7.376109884563562 ], [ 38.055016979150309, 7.386439180124114 ], [ 38.030532350987244, 7.405269183326197 ], [ 38.039992751264492, 7.416744682820877 ], [ 38.103993798774866, 7.418346605611418 ], [ 38.118521519052933, 7.437459164109157 ], [ 38.148870260254341, 7.416275299665415 ], [ 38.168223997139819, 7.445152512578431 ], [ 38.162064817437454, 7.460531452864302 ], [ 38.191437263618866, 7.448635246019819 ], [ 38.213893246076509, 7.480656818857142 ], [ 38.191773876263426, 7.494614620768175 ], [ 38.199672292642219, 7.504466384416162 ], [ 38.219939889114642, 7.487986548040794 ], [ 38.217622507972408, 7.521440403651752 ], [ 38.249567922621566, 7.58888759658538 ], [ 38.291306544261658, 7.585272131303839 ], [ 38.343435823104812, 7.625510633409078 ], [ 38.358949124802336, 7.620399058669648 ], [ 38.320223372310863, 7.642568338158355 ], [ 38.3373403846511, 7.643600080879082 ], [ 38.333468496573914, 7.664409910089319 ], [ 38.320979349617346, 7.662932288894069 ], [ 38.326095459637827, 7.685027691774621 ], [ 38.412301549976576, 7.679911232817176 ] ] ] } },
{ "type": "Feature", "properties": { "loc": "ET-A2-1201" }, "geometry": { "type": "Polygon", "coordinates": [ [ [ 34.0335313120205, 8.181957113030364 ], [ 33.944058988331676, 8.181763224593169 ], [ 33.931058357357358, 8.23022735960501 ], [ 33.886372108785849, 8.269621590763848 ], [ 33.858882029082451, 8.209495640111754 ], [ 33.852504090191644, 8.136068910651773 ], [ 33.822152784123716, 8.17008180373233 ], [ 33.782887872777167, 8.175837204023821 ], [ 33.614422981135704, 8.127017672227851 ], [ 33.555136640243802, 8.214136278566457 ], [ 33.567943809059614, 8.271828376878148 ], [ 33.505842564982458, 8.293701164277365 ], [ 33.460840825243963, 8.242775145056953 ], [ 33.488340555572222, 8.131681406171992 ], [ 33.477065728100911, 8.04053697030497 ], [ 33.503758660433903, 7.975816336554715 ], [ 33.464802179676894, 7.961215249584143 ], [ 33.440401694782452, 7.906962918703812 ], [ 33.455443618628124, 7.877461933321626 ], [ 33.482765123112017, 7.883940990184612 ], [ 33.475962768966667, 7.790827378980396 ], [ 33.450065402996017, 7.735298360630907 ], [ 33.424720763952166, 7.749363899524383 ], [ 33.411651610933177, 7.732026100024541 ], [ 33.321197509957187, 7.703457832113315 ], [ 33.30096435572051, 7.735639094868361 ], [ 33.238658905284296, 7.772407054741848 ], [ 33.215724944850365, 7.767543792711933 ], [ 33.160003662239262, 7.794878959696291 ], [ 33.109275817624962, 7.776610851109922 ], [ 33.088874816619523, 7.796316146473032 ], [ 33.051822661986307, 7.78621005994637 ], [ 33.000823974846639, 7.873694896302482 ], [ 33.013629913389821, 7.888413905977018 ], [ 33.000198364163225, 7.940100193169428 ], [ 33.034793853353676, 7.966374874201108 ], [ 33.040897369518063, 8.006531715166545 ], [ 33.07660293597678, 8.023041725595192 ], [ 33.085391998641853, 8.073861122093149 ], [ 33.117218017497578, 8.059187888810072 ], [ 33.119281769138411, 8.105653762611098 ], [ 33.190670013410454, 8.129440307324387 ], [ 33.164031981990433, 8.188630104196022 ], [ 33.201984405655821, 8.232625007937827 ], [ 33.178806305366777, 8.247122764603944 ], [ 33.168556213098782, 8.292901039251603 ], [ 33.200477599661554, 8.302238464433628 ], [ 33.191574096467434, 8.332427978868168 ], [ 33.215858459100673, 8.34442615534283 ], [ 33.215736388723428, 8.354523658739936 ], [ 33.193935394203152, 8.346687317166015 ], [ 33.188423157103045, 8.400561332939219 ], [ 33.269420624162535, 8.45179939262789 ], [ 33.294719696356935, 8.435395240497996 ], [ 33.311271667353594, 8.458603859280743 ], [ 33.395549774002916, 8.421420096959935 ], [ 33.421909332149994, 8.445892334263874 ], [ 33.449321746401552, 8.438287735390702 ], [ 33.495662689081882, 8.469756126244306 ], [ 33.562572479536357, 8.46680927272979 ], [ 33.573516845725919, 8.446295738657454 ], [ 33.597637176514525, 8.444228172092494 ], [ 33.621376037374262, 8.466745376797746 ], [ 33.679103851361731, 8.437964439007715 ], [ 33.703666687267855, 8.368963241860172 ], [ 33.769104004246458, 8.362971305481437 ], [ 33.840339660546931, 8.429118156078061 ], [ 33.87537383993083, 8.433262824719634 ], [ 33.897521972760899, 8.47892570465757 ], [ 33.940250396338797, 8.495857239020438 ], [ 34.019214630251042, 8.486484527139282 ], [ 34.041810409622769, 8.517000946036887 ], [ 34.061848476625926, 8.477690145883571 ], [ 34.075264628559808, 8.47987858223081 ], [ 34.051941169049769, 8.42067145542336 ], [ 34.060927069928368, 8.385457861291286 ], [ 34.046123087810315, 8.385988655552069 ], [ 34.042951008082582, 8.34437595788421 ], [ 34.004242170939506, 8.30404547491878 ], [ 33.9962392038762, 8.254401843070639 ], [ 34.005611090179741, 8.236814341408774 ], [ 34.040367727988325, 8.234513002373205 ], [ 34.0335313120205, 8.181957113030364 ] ] ] } },
{ "type": "Feature", "properties": { "loc": "ET-A2-1202" }, "geometry": { "type": "Polygon", "coordinates": [ [ [ 34.965044641097336, 8.247216098943852 ], [ 35.018258912418901, 8.219643652132902 ], [ 35.073245996605522, 8.220184827267985 ], [ 35.118913490065552, 8.200608825636834 ], [ 35.157659299237309, 8.136709999566847 ], [ 35.14327122388795, 8.142853244181936 ], [ 35.089087727116976, 8.113922155583055 ], [ 35.117936249858076, 8.082588241254371 ], [ 35.141024095085982, 7.989027561772616 ], [ 35.108557972972108, 7.957113075707923 ], [ 35.048340565764533, 7.954436466669677 ], [ 35.008480071198392, 7.923502092347746 ], [ 35.000615268779654, 7.862321638033222 ], [ 34.950686633681244, 7.890286445563049 ], [ 34.944275152776129, 7.879393290368114 ], [ 34.931977556019433, 7.728168627180423 ], [ 35.000382964901974, 7.747008852976251 ], [ 34.99847602085174, 7.643559944136143 ], [ 34.909815193216673, 7.626328680124516 ], [ 34.864331865623171, 7.545254521578954 ], [ 34.921131598144768, 7.463518069003726 ], [ 34.925002200191443, 7.38627850095213 ], [ 34.988717622120589, 7.354425041082834 ], [ 34.965213231605389, 7.266741658700653 ], [ 34.981786881659332, 7.223678287123278 ], [ 34.97015970160902, 7.234028107011568 ], [ 34.942449189978163, 7.192908409595475 ], [ 34.898093041160962, 7.184790768179482 ], [ 34.892672517822518, 7.091504587866496 ], [ 34.877082333083251, 7.069790269105681 ], [ 34.911325456204906, 6.988154524411812 ], [ 34.997882971022364, 6.892863829901898 ], [ 34.992364607740512, 6.86403107407483 ], [ 34.968994399671885, 6.859264409125217 ], [ 34.933660997856805, 6.796293008915256 ], [ 35.079861793586929, 6.810798768648283 ], [ 35.17955954563655, 6.727364907764354 ], [ 35.197662144792218, 6.680216192223554 ], [ 35.173851643038972, 6.466523020720899 ], [ 35.199465521116963, 6.410903988328471 ], [ 35.178499831302247, 6.379267700344144 ], [ 35.131504261312671, 6.395495061947599 ], [ 35.106107878875548, 6.318904831392899 ], [ 35.038268533865789, 6.304626488621579 ], [ 35.011289767308938, 6.280259506171319 ], [ 34.985852718428248, 6.29818229937365 ], [ 34.98949050937955, 6.38404989208891 ], [ 35.019538879715583, 6.44702005393242 ], [ 34.957218170482236, 6.502190113283177 ], [ 34.938331604420057, 6.551559924950652 ], [ 34.858650207940798, 6.605091094878162 ], [ 34.768886565962305, 6.59362888376603 ], [ 34.714492797804439, 6.651341914697639 ], [ 34.706035613752647, 6.686228751855481 ], [ 34.638423919528293, 6.735671996765291 ], [ 34.613670349107394, 6.721593856571246 ], [ 34.530200957808006, 6.745943069317264 ], [ 34.539340972807679, 6.818495273737938 ], [ 34.461616516389199, 6.925249099366511 ], [ 34.304954528728558, 6.960588932233463 ], [ 34.270805358680434, 6.984581946899368 ], [ 34.271125793420708, 7.002293109839172 ], [ 34.23642349265009, 7.002412796113674 ], [ 34.211360931361924, 7.036831855405865 ], [ 34.19322967530934, 7.038556098585104 ], [ 34.183288573908612, 7.132376193806351 ], [ 34.102825164749618, 7.169569015897423 ], [ 34.090065002597839, 7.197336196508331 ], [ 34.01170730564769, 7.256303787090133 ], [ 34.033988952728066, 7.280189036894569 ], [ 34.031654357662546, 7.360514163597827 ], [ 33.999885559071345, 7.415459155915357 ], [ 33.942287445309432, 7.46974992741724 ], [ 33.945735931667969, 7.503605842935372 ], [ 33.875076293835946, 7.514617919981049 ], [ 33.796081543228695, 7.602913856689156 ], [ 33.741748810259423, 7.622325897522217 ], [ 33.671291351714558, 7.693245888187221 ], [ 33.60216140762293, 7.705193042524968 ], [ 33.572841644626237, 7.687541008210985 ], [ 33.513458251597058, 7.731678009332711 ], [ 33.463340758868981, 7.745979785738598 ], [ 33.450603485362592, 7.734719753014247 ], [ 33.475962768966667, 7.790827378980396 ], [ 33.482765123112017, 7.883940990184612 ], [ 33.455443618628124, 7.877461933321626 ], [ 33.440401694782452, 7.906962918703812 ], [ 33.464802179676894, 7.961215249584143 ], [ 33.503758660433903, 7.975816336554715 ], [ 33.477065728100911, 8.04053697030497 ], [ 33.488340555572222, 8.131681406171992 ], [ 33.460840825243963, 8.242775145056953 ], [ 33.505842564982458, 8.293701164277365 ], [ 33.567943809059614, 8.271828376878148 ], [ 33.555136640243802, 8.214136278566457 ], [ 33.614422981135704, 8.127017672227851 ], [ 33.782887872777167, 8.175837204023821 ], [ 33.822152784123716, 8.17008180373233 ], [ 33.852504090191644, 8.136068910651773 ], [ 33.858882029082451, 8.209495640111754 ], [ 33.889783453143878, 8.269661875894883 ], [ 33.931058357357358, 8.23022735960501 ], [ 33.944058988331676, 8.181763224593169 ], [ 34.0335313120205, 8.181957113030364 ], [ 34.072951387896296, 8.153306472615668 ], [ 34.098161117841357, 8.154336136103836 ], [ 34.137544319714607, 8.091999072699082 ], [ 34.248894860009841, 8.071551696353765 ], [ 34.305959387116047, 8.027939027863908 ], [ 34.351302691166325, 8.066735120829208 ], [ 34.383589963306235, 8.059022695940712 ], [ 34.439694000078077, 8.093785807968686 ], [ 34.436572351632776, 8.151668385387723 ], [ 34.452035106035339, 8.178122768051367 ], [ 34.375140766133484, 8.178064671847153 ], [ 34.357541484252124, 8.209741655952712 ], [ 34.384106629217627, 8.21064236115609 ], [ 34.359073668215274, 8.273202111088608 ], [ 34.354252509745606, 8.346951619821425 ], [ 34.383758692309868, 8.395130791153122 ], [ 34.52268710142863, 8.475544932752484 ], [ 34.556526753606818, 8.455134120143555 ], [ 34.574273499122739, 8.403479557435674 ], [ 34.728751827634767, 8.390022244431066 ], [ 34.785250432961163, 8.355242661319835 ], [ 34.785803329859846, 8.303639340183452 ], [ 34.826427111422106, 8.261935566373324 ], [ 34.965044641097336, 8.247216098943852 ] ] ] } },
{ "type": "Feature", "properties": { "loc": "ET-A2-1203" }, "geometry": { "type": "Polygon", "coordinates": [ [ [ 35.077095841400023, 7.731005248093766 ], [ 35.115636626728985, 7.630795768310122 ], [ 35.166305223107599, 7.614870828925689 ], [ 35.171916383834116, 7.532753643865647 ], [ 35.138082804777696, 7.512076175075492 ], [ 35.122402105972469, 7.478600811278454 ], [ 35.189252435051912, 7.455626144830774 ], [ 35.209512077020804, 7.471867609602555 ], [ 35.30955471188048, 7.479178306433766 ], [ 35.392298409643956, 7.396183098870949 ], [ 35.374913324690226, 7.289975545734876 ], [ 35.345808363864933, 7.238978042102985 ], [ 35.372857633672879, 7.231027526199398 ], [ 35.334395044395819, 7.188277098909055 ], [ 35.380350540345205, 7.122820943831528 ], [ 35.371767483582573, 7.116981182635527 ], [ 35.330781491073026, 7.127092151581564 ], [ 35.299889314740142, 7.115772706944938 ], [ 35.234459906399593, 7.137931503036498 ], [ 35.204563867728382, 7.099613933036608 ], [ 35.114266402572468, 7.102144963419391 ], [ 35.083710156298707, 7.124841251022985 ], [ 35.053913518793934, 7.184263485771282 ], [ 35.02081333506743, 7.185781797691845 ], [ 34.977894688688991, 7.213275549327193 ], [ 34.968081139932735, 7.306376888382715 ], [ 34.988717622120589, 7.354425041082834 ], [ 34.925002200191443, 7.38627850095213 ], [ 34.921131598144768, 7.463518069003726 ], [ 34.864331865623171, 7.545254521578954 ], [ 34.909815193216673, 7.626328680124516 ], [ 34.99847602085174, 7.643559944136143 ], [ 35.000382964901974, 7.747008852976251 ], [ 35.077095841400023, 7.731005248093766 ] ] ] } },
{ "type": "Feature", "properties": { "loc": "ET-A2-1204" }, "geometry": { "type": "Polygon", "coordinates": [ [ [ 34.383758692309868, 8.395130791153122 ], [ 34.353960764277929, 8.345947712916654 ], [ 34.359073668215274, 8.273202111088608 ], [ 34.384106629217627, 8.21064236115609 ], [ 34.357541484252124, 8.209741655952712 ], [ 34.375140766133484, 8.178064671847153 ], [ 34.452035106035339, 8.178122768051367 ], [ 34.436572351632776, 8.151668385387723 ], [ 34.439694000078077, 8.093785807968686 ], [ 34.383589963306235, 8.059022695940712 ], [ 34.351302691166325, 8.066735120829208 ], [ 34.311594638881559, 8.02873774005468 ], [ 34.248894860009841, 8.071551696353765 ], [ 34.137544319714607, 8.091999072699082 ], [ 34.098161117841357, 8.154336136103836 ], [ 34.072951387896296, 8.153306472615668 ], [ 34.0335313120205, 8.181957113030364 ], [ 34.040367727988325, 8.234513002373205 ], [ 33.998657043787603, 8.241521848954221 ], [ 34.003685864710917, 8.302901757610073 ], [ 34.042951008082582, 8.34437595788421 ], [ 34.046123087810315, 8.385988655552069 ], [ 34.060927069928368, 8.385457861291286 ], [ 34.051941169049769, 8.42067145542336 ], [ 34.075264628559808, 8.47987858223081 ], [ 34.061848476625926, 8.477690145883571 ], [ 34.041810409622769, 8.517000946036887 ], [ 34.103637695023679, 8.552817344944572 ], [ 34.139774322726851, 8.595025062856394 ], [ 34.14343802944154, 8.651837145767729 ], [ 34.189639021423773, 8.651632735262581 ], [ 34.25573365738245, 8.702638657448119 ], [ 34.279388976620055, 8.708837028705943 ], [ 34.312429022681329, 8.682099812856109 ], [ 34.345471368309063, 8.600099974034606 ], [ 34.357432847947621, 8.499928235199945 ], [ 34.313296408002884, 8.389928503597616 ], [ 34.347280143264072, 8.376647332708274 ], [ 34.383758692309868, 8.395130791153122 ] ] ] } },
{ "type": "Feature", "properties": { "loc": "ET-A2-1301" }, "geometry": { "type": "Polygon", "coordinates": [ [ [ 42.186329519191986, 9.36175010868061 ], [ 42.238079427123921, 9.384942245588206 ], [ 42.270312659002059, 9.36166439609508 ], [ 42.249349087090764, 9.270032381988869 ], [ 42.272038987709152, 9.215667393935121 ], [ 42.246028798190537, 9.187002519950397 ], [ 42.197458721243038, 9.219872631017154 ], [ 42.148558486984655, 9.206262810979979 ], [ 42.112408425208685, 9.230742892170781 ], [ 42.061332212911339, 9.226459058838543 ], [ 42.070468498422542, 9.303942921428757 ], [ 42.129149013716074, 9.388672600160419 ], [ 42.186329519191986, 9.36175010868061 ] ] ] } },
{ "type": "Feature", "properties": { "loc": "ET-A2-1502" }, "geometry": { "type": "Polygon", "coordinates": [ [ [ 42.339772808068687, 9.719617622755152 ], [ 42.258635414592788, 9.651581739006076 ], [ 42.20053019111549, 9.653141934152984 ], [ 42.12485976106916, 9.614522250401592 ], [ 42.152599667041045, 9.556372257773546 ], [ 42.074771082619407, 9.473716645906507 ], [ 42.031719010124277, 9.504402737196585 ], [ 41.982523830610319, 9.508492896130292 ], [ 41.913378428971384, 9.472463175335349 ], [ 41.772997926812934, 9.491053607238257 ], [ 41.734617701945467, 9.47148375786918 ], [ 41.748601873777488, 9.636353472035182 ], [ 41.760679702306447, 9.643972814393919 ], [ 41.771418038311879, 9.615051317964003 ], [ 41.877267081210903, 9.574742651652116 ], [ 41.889355302305432, 9.599617076566858 ], [ 41.862040197397221, 9.678193904125408 ], [ 41.873238977297035, 9.68388298571125 ], [ 42.030809392639412, 9.618482565218244 ], [ 42.185770548272217, 9.773561784748608 ], [ 42.213350694179269, 9.783741668743062 ], [ 42.250990848948561, 9.783491543000366 ], [ 42.339772808068687, 9.719617622755152 ] ] ] } }
]
}
