{
"type": "FeatureCollection",
"name": "regions_AO",
"crs": { "type": "name", "properties": { "name": "urn:ogc:def:crs:OGC:1.3:CRS84" } },
"features": [
{ "type": "Feature", "properties": { "loc": "AO-A1-0001" }, "geometry": { "type": "Polygon", "coordinates": [ [ [ 13.977572938594472, -7.635855661713068 ], [ 13.94757906395929, -7.657602459286631 ], [ 13.931542076611157, -7.642860142535804 ], [ 13.906511372044237, -7.657506088835811 ], [ 13.889788659612366, -7.639289330821311 ], [ 13.839434950602312, -7.677325159459661 ], [ 13.793360163973565, -7.661640906433279 ], [ 13.743111845068777, -7.697814816431206 ], [ 13.686790917899748, -7.6889198046359 ], [ 13.656659184007312, -7.697788537341724 ], [ 13.634810984972122, -7.728221366953095 ], [ 13.546128636560526, -7.734217526548251 ], [ 13.525766196685838, -7.765355549649536 ], [ 13.476773970775289, -7.756929051365239 ], [ 13.416415138880742, -7.711903650463695 ], [ 13.364772895985498, -7.719176797002239 ], [ 13.314422343049868, -7.738395865807194 ], [ 13.298616562937225, -7.769301850330704 ], [ 13.259941503430815, -7.745486838477392 ], [ 13.222105514091352, -7.785729900145425 ], [ 13.171424641966832, -7.805792002429582 ], [ 13.12850782121213, -7.798216473242251 ], [ 13.108706483650499, -7.813394996912196 ], [ 13.212120056328745, -8.055933951821062 ], [ 13.265009880135013, -8.128959655594207 ], [ 13.268891270448966, -8.170970546983783 ], [ 13.387001990731216, -8.362205505306234 ], [ 13.392749786355472, -8.449933051595396 ], [ 13.381555557025225, -8.4725027083597 ], [ 13.347588539261588, -8.466692924265443 ], [ 13.373558044350185, -8.5819025040237 ], [ 13.414037704158586, -8.639145851426258 ], [ 13.396764754771516, -8.740567207237207 ], [ 13.430790443406158, -8.761023842102992 ], [ 13.460814293726562, -8.746461215539073 ], [ 13.505413406985054, -8.778012369201852 ], [ 13.502468735225824, -8.807310784091774 ], [ 13.524071373476952, -8.825644813883452 ], [ 13.541232050600536, -8.823649527629987 ], [ 13.554603196861946, -8.84282505306008 ], [ 13.597654923118084, -8.823614499036273 ], [ 13.6227751083533, -8.851949755085867 ], [ 13.528111803660623, -8.896777211570109 ], [ 13.525228935979426, -8.953492074771644 ], [ 13.490152731904635, -8.984098170559266 ], [ 13.466079012638852, -9.065508419484805 ], [ 13.464090043574027, -9.170005443139898 ], [ 13.390454627347646, -9.153418161363161 ], [ 13.387004238023701, -9.177335093383979 ], [ 13.323540661340958, -9.149197165460935 ], [ 13.301574125014335, -9.154971292335437 ], [ 13.230788228662325, -9.206495983047317 ], [ 13.18913746988679, -9.322872311751921 ], [ 13.16297048177084, -9.326229725565552 ], [ 13.176636695595521, -9.466109275666637 ], [ 13.207249641426342, -9.525306702386574 ], [ 13.194160461404623, -9.553874969398427 ], [ 13.24155998167633, -9.629558562821542 ], [ 13.235879897807566, -9.656947136045671 ], [ 13.199358940331328, -9.682168960972929 ], [ 13.318949698738079, -9.862407684211375 ], [ 13.317476272880223, -9.894383430295198 ], [ 13.34698009472408, -9.949215888646515 ], [ 13.313735007732939, -9.98525238043714 ], [ 13.439319610879872, -10.118289947767037 ], [ 13.48218059542665, -10.227101326009494 ], [ 13.498035755514158, -10.240275278825154 ], [ 13.517309388885666, -10.19789948931408 ], [ 13.556293199140333, -10.208564464022954 ], [ 13.569000381330996, -10.251187183086122 ], [ 13.605413649488794, -10.246167448013447 ], [ 13.623860779819628, -10.282223398435223 ], [ 13.635105971032234, -10.272587291314542 ], [ 13.649590689327338, -10.28340759962513 ], [ 13.692799554124589, -10.360248594441194 ], [ 13.724537615686925, -10.338721586476188 ], [ 13.768369395899425, -10.367070049287511 ], [ 13.809360145822589, -10.358481728792915 ], [ 13.828361018414801, -10.381484400129063 ], [ 13.85839263707904, -10.379507731640617 ], [ 13.863679099379398, -10.363991082666471 ], [ 13.91428565962398, -10.343720679409932 ], [ 13.918957909248595, -10.367746076864096 ], [ 13.955448714255246, -10.363629637042285 ], [ 13.975662527672037, -10.393286881428546 ], [ 13.99525315227965, -10.385278184784555 ], [ 13.992897156946691, -10.399730708249747 ], [ 14.017326298738196, -10.408617023600867 ], [ 14.038758982209741, -10.398122826551296 ], [ 14.087587446072281, -10.310360209400274 ], [ 14.12595762821045, -10.31174413292956 ], [ 14.160943747824195, -10.283184613623112 ], [ 14.187280062093688, -10.288766981655032 ], [ 14.201779055327624, -10.27562017937195 ], [ 14.218309829303699, -10.291870033019782 ], [ 14.225491977940941, -10.270969483798767 ], [ 14.237011492055185, -10.281623859097936 ], [ 14.258091757297287, -10.270171277026977 ], [ 14.325265836018009, -10.330180328403552 ], [ 14.382136799342327, -10.321751988307751 ], [ 14.406145503580614, -10.341370273363518 ], [ 14.437531225154387, -10.416222087423558 ], [ 14.504788251944767, -10.422521351823081 ], [ 14.511672371551221, -10.452396557699087 ], [ 14.568324640438313, -10.319969356644668 ], [ 14.562241432764367, -10.296285112512097 ], [ 14.52673860587046, -10.284530570473619 ], [ 14.495511843964959, -10.23168180521529 ], [ 14.532586965484562, -10.233216928162806 ], [ 14.531293607282691, -10.188955495943533 ], [ 14.557329171172828, -10.166861872821334 ], [ 14.486280058546352, -10.059068897655679 ], [ 14.523757760680578, -10.003699029630623 ], [ 14.543062388287087, -9.931618141008572 ], [ 14.51556134314993, -9.855368346116459 ], [ 14.540091740509897, -9.823451605451408 ], [ 14.518881159006813, -9.763959559030569 ], [ 14.479993395447366, -9.752870931692273 ], [ 14.454446852308855, -9.700633393360528 ], [ 14.368408819180178, -9.676612381900066 ], [ 14.308374205473662, -9.700349126654976 ], [ 14.256027358144596, -9.63054076908533 ], [ 14.19010269854919, -9.644361653711512 ], [ 14.149529857285614, -9.609786860619232 ], [ 14.143510677744064, -9.561845872033517 ], [ 14.120366691438146, -9.537416412781377 ], [ 14.100913732756482, -9.389873729774459 ], [ 14.173586368100377, -9.334693378179329 ], [ 14.127399669243967, -9.255373941798576 ], [ 14.152463356165423, -9.189524852890477 ], [ 14.075472457532623, -9.148022633770095 ], [ 14.010780144670763, -9.139901496366734 ], [ 13.991247837317465, -9.119711655700483 ], [ 14.033718558520734, -9.117820755174813 ], [ 14.074448159989572, -9.095263711380023 ], [ 14.100896061049273, -9.042052906439372 ], [ 14.040763589977077, -9.013219088592153 ], [ 14.040388389194279, -8.956969597811751 ], [ 14.087936072873397, -8.919777831807854 ], [ 14.112675741574066, -8.935228754729577 ], [ 14.194051327688495, -8.890266493430291 ], [ 14.216010722498762, -8.895685232513864 ], [ 14.267989753406241, -8.852694390360197 ], [ 14.337760180464887, -8.864473846050261 ], [ 14.357939494793026, -8.916962230013029 ], [ 14.374344148831852, -8.907694681587467 ], [ 14.417216421266055, -8.925751856670209 ], [ 14.470586113059269, -8.916898270137855 ], [ 14.511672451867152, -8.877236372641809 ], [ 14.549707238873388, -8.894245975707685 ], [ 14.575595692431786, -8.867083060556405 ], [ 14.616911701006341, -8.88276165039971 ], [ 14.655536313310868, -8.859438804448741 ], [ 14.720656931859111, -8.863114904343986 ], [ 14.744039161783462, -8.841159296894277 ], [ 14.777290656973285, -8.852347818597176 ], [ 14.805825216140267, -8.834677096202062 ], [ 14.87531229643988, -8.841467404525508 ], [ 14.906879926517824, -8.807551912341852 ], [ 14.911987343612498, -8.765720681592773 ], [ 14.979529293047822, -8.638240263000144 ], [ 14.960744114990021, -8.454849573791426 ], [ 14.928256054390854, -8.405948955287871 ], [ 14.844410205172487, -8.384984542026578 ], [ 14.820381673060989, -8.431908290863502 ], [ 14.68830682483917, -8.394207407115021 ], [ 14.61709669379303, -8.422858283127136 ], [ 14.601635439771332, -8.41113738581735 ], [ 14.599391208900592, -8.399895105584823 ], [ 14.640720582741107, -8.388310394519364 ], [ 14.669826214526882, -8.357100134762133 ], [ 14.660340651344494, -8.290292992151086 ], [ 14.633885905081989, -8.263850323751823 ], [ 14.611917409221942, -8.263714748502574 ], [ 14.612509576223243, -8.247747471164027 ], [ 14.67101463090783, -8.137993303182848 ], [ 14.723982245640688, -8.114677843627019 ], [ 14.695159586642692, -8.056138582948128 ], [ 14.708534494796588, -8.035480874906723 ], [ 14.703235573967799, -7.998515823158817 ], [ 14.732896997729217, -7.98149712057065 ], [ 14.7316737711086, -7.93962808320178 ], [ 14.688247399921117, -7.912281584988504 ], [ 14.672723417742173, -7.928149837784618 ], [ 14.619672010727047, -7.919264289685982 ], [ 14.572581131753282, -7.946023879268408 ], [ 14.484965124130422, -7.960535073202882 ], [ 14.456222341907488, -7.931554581899528 ], [ 14.424077010067027, -7.934657972374618 ], [ 14.414826496462929, -7.914790525884078 ], [ 14.281160678383742, -7.859326743360088 ], [ 14.246152978612425, -7.822548806880617 ], [ 14.211179119724715, -7.73741485355958 ], [ 14.16076934945032, -7.728158223681683 ], [ 14.118316597393665, -7.650469405595897 ], [ 14.036118459688483, -7.664133280742261 ], [ 13.977572938594472, -7.635855661713068 ] ] ] } },
{ "type": "Feature", "properties": { "loc": "AO-A1-0002" }, "geometry": { "type": "Polygon", "coordinates": [ [ [ 13.873702371737194, -11.768823561379063 ], [ 13.795107415644823, -11.776299961894546 ], [ 13.762125015227332, -11.955846786320972 ], [ 13.726866722091644, -12.000475882976385 ], [ 13.710653305375862, -12.099756240778675 ], [ 13.673259734818986, -12.144160271300269 ], [ 13.654403687250481, -12.237007140887684 ], [ 13.562642097025266, -12.357872009306597 ], [ 13.54250812541977, -12.358901977664932 ], [ 13.583229065239253, -12.31082153300817 ], [ 13.517043113918701, -12.369622231001969 ], [ 13.485714911718814, -12.422021865598925 ], [ 13.479511261440623, -12.444144249040139 ], [ 13.49310684161251, -12.445684433372211 ], [ 13.477684020705992, -12.452667235586706 ], [ 13.485297202708766, -12.474027634250156 ], [ 13.467003822273591, -12.513699531990035 ], [ 13.344926834019065, -12.607718467626377 ], [ 13.304320334728546, -12.595709800560122 ], [ 13.299784659747081, -12.578472136972756 ], [ 13.260663986166852, -12.582327842649093 ], [ 13.263555526878877, -12.599113463808525 ], [ 13.234824180618697, -12.620635985608669 ], [ 13.202675818661367, -12.612487793323417 ], [ 13.194862365732883, -12.594573021174387 ], [ 13.143955231376124, -12.638957023793978 ], [ 13.139142036403138, -12.665206908718279 ], [ 12.941148757936103, -12.831119536983387 ], [ 12.935853958021058, -12.860356331226058 ], [ 12.946267127952902, -12.886322021390544 ], [ 12.959298134428641, -12.876440047716436 ], [ 12.952214241221503, -12.909770011822957 ], [ 12.974475861299249, -12.922762870856157 ], [ 12.964746474697362, -12.9371070862694 ], [ 12.97826480940074, -12.976174355408581 ], [ 12.891704558845605, -13.062037467701309 ], [ 12.872819901144792, -13.103274344981457 ], [ 12.797825813437845, -13.153179168730016 ], [ 12.778446197661173, -13.192799567692298 ], [ 12.750987052837546, -13.201153755088118 ], [ 12.731565474694227, -13.228807449350704 ], [ 12.711074829267231, -13.209533690973412 ], [ 12.705503464440591, -13.234392166411773 ], [ 12.658101081626947, -13.257044791929989 ], [ 12.661457061921142, -13.28441238397075 ], [ 12.637729644934479, -13.286535263338155 ], [ 12.650058745841706, -13.332745551612273 ], [ 12.586027144764243, -13.391996383672538 ], [ 12.534118652181368, -13.412795066685373 ], [ 12.554620752273225, -13.558052929545433 ], [ 12.586331519411418, -13.535989633361261 ], [ 12.626700720888804, -13.559107945821463 ], [ 12.70784491863539, -13.555822301504399 ], [ 12.76153560671016, -13.595568012000541 ], [ 12.796636468125831, -13.578223290418883 ], [ 12.884903352235176, -13.644718402578587 ], [ 12.944477039111389, -13.640487562697217 ], [ 13.019583183244608, -13.591322934052535 ], [ 13.037335461389697, -13.597141213142876 ], [ 13.076638048934084, -13.530006446486691 ], [ 13.154979829682654, -13.588639951518971 ], [ 13.173880806481362, -13.588211336430394 ], [ 13.186638797669657, -13.564392709302513 ], [ 13.291691282170868, -13.574345563133033 ], [ 13.310962649528955, -13.60356378065865 ], [ 13.311756919656046, -13.646158500088095 ], [ 13.275815438300674, -13.691276119055711 ], [ 13.302082255298318, -13.744646441982383 ], [ 13.347395176575281, -13.76268413518164 ], [ 13.391085456325145, -13.848974176883171 ], [ 13.430522043206937, -13.842226227618298 ], [ 13.551840615192566, -13.887143690126241 ], [ 13.595363083323873, -13.85751648282471 ], [ 13.657187927510959, -13.842413281392901 ], [ 13.689152835166139, -13.809412585110408 ], [ 13.745447182733715, -13.84489632073646 ], [ 13.973028513198303, -13.826742025937982 ], [ 14.002839241258689, -13.88134949712218 ], [ 14.052592045793409, -13.852053655327595 ], [ 14.134620794038888, -13.837845993038449 ], [ 14.286856607532439, -13.880125969342732 ], [ 14.333530396771099, -13.863528154607046 ], [ 14.342327294611845, -13.840909933307859 ], [ 14.370069012130493, -13.829157813059616 ], [ 14.387998022699122, -13.703292900207281 ], [ 14.464714970829373, -13.692115827862555 ], [ 14.471175828448857, -13.660685099450081 ], [ 14.44961118787127, -13.626841974438591 ], [ 14.469517309169344, -13.60336885788082 ], [ 14.53876835928769, -13.630204209706925 ], [ 14.557276716058265, -13.618994125713229 ], [ 14.596189760450518, -13.641502007642952 ], [ 14.600846261735789, -13.683401336199335 ], [ 14.646835254991597, -13.680482670662791 ], [ 14.669419595270305, -13.647724639105412 ], [ 14.715383093758927, -13.648520680186731 ], [ 14.75340627556605, -13.621147191137755 ], [ 14.782460790097662, -13.626751211163029 ], [ 14.822598228648864, -13.604945702683462 ], [ 14.860537142957497, -13.571508121146685 ], [ 14.884945969945651, -13.511531514265023 ], [ 14.925972204995652, -13.555431465328265 ], [ 14.992601003532524, -13.518771858059935 ], [ 15.019220153696011, -13.520964606447954 ], [ 15.065373837970508, -13.485588589306257 ], [ 15.098084028520908, -13.489073639983278 ], [ 15.107166747862966, -13.438210859522364 ], [ 15.093994346739859, -13.419092501524837 ], [ 15.081252901887776, -13.426088363565885 ], [ 15.073192653142353, -13.400935350673986 ], [ 15.051279776782334, -13.41046831325145 ], [ 15.054837069901961, -13.35014906513014 ], [ 14.997156263529376, -13.347824487812126 ], [ 14.898833718346349, -13.280631155671745 ], [ 14.913050817608209, -13.249791458002818 ], [ 14.889485535298963, -13.215784289092863 ], [ 14.906923321623999, -13.170483177088393 ], [ 14.898114580271482, -13.158621573560996 ], [ 14.923164850430126, -13.127990674203421 ], [ 14.923815606490809, -13.058623058108559 ], [ 14.897271258161737, -12.999253420611961 ], [ 14.8713421694465, -12.990947844680239 ], [ 14.847881189155387, -12.949739175247792 ], [ 14.88053941573666, -12.905955252628825 ], [ 14.805971191643508, -12.829961420015461 ], [ 14.779777297732988, -12.828432770542324 ], [ 14.784857581860589, -12.768458845070779 ], [ 14.810513293486327, -12.734136559454761 ], [ 14.767396374088815, -12.694002318572267 ], [ 14.850922209133088, -12.650877528356535 ], [ 14.882772861417592, -12.608051184732066 ], [ 14.918992375685036, -12.618758068411278 ], [ 15.001910350869885, -12.570306961987814 ], [ 15.057804762067839, -12.560635461196384 ], [ 15.051518856104895, -12.532326356167427 ], [ 15.066237036826102, -12.516762680693876 ], [ 15.031628349713255, -12.490172200248278 ], [ 15.046762506518974, -12.466863510215436 ], [ 15.043687019822549, -12.429573555454681 ], [ 15.024785683731157, -12.42703963984108 ], [ 15.007906323349918, -12.39214928303906 ], [ 14.98894485542337, -12.232840460366184 ], [ 14.930473457347837, -12.226525316590358 ], [ 14.939958960078226, -12.193760726968843 ], [ 14.962956421052098, -12.180054779559917 ], [ 14.956201788502099, -12.153662013090354 ], [ 14.90304704711729, -12.137676315745221 ], [ 14.871853582710326, -12.099618294657038 ], [ 14.789454320002182, -12.090588008533548 ], [ 14.729579251941516, -12.130774864661269 ], [ 14.661960358313575, -12.109313269664373 ], [ 14.661661075900145, -12.070308311283522 ], [ 14.628755366579949, -11.991228874404374 ], [ 14.511913345404182, -11.837568362777134 ], [ 14.492603699309914, -11.855631452468323 ], [ 14.454693006919062, -11.846581090065172 ], [ 14.410578449069078, -11.876105601711522 ], [ 14.307369743412401, -12.015736229223933 ], [ 14.222588133399761, -12.034777098384602 ], [ 14.197806645430422, -11.987593983196525 ], [ 14.119468123824941, -11.986998022261702 ], [ 14.146079544305579, -11.937226156982355 ], [ 14.062149519354959, -11.926569765403155 ], [ 14.066602612290778, -11.866846990716844 ], [ 14.031108998051954, -11.816080863761661 ], [ 14.007779411460762, -11.807054204708548 ], [ 14.002825657847938, -11.820095292584448 ], [ 13.983749914896746, -11.809566546279862 ], [ 13.955003494885519, -11.819923312531671 ], [ 13.873702371737194, -11.768823561379063 ] ] ] } },
{ "type": "Feature", "properties": { "loc": "AO-A1-0003" }, "geometry": { "type": "Polygon", "coordinates": [ [ [ 16.606211556643036, -10.577171652734455 ], [ 16.576619541734505, -10.595142517212222 ], [ 16.597699849194303, -10.628197766214656 ], [ 16.564168683228253, -10.647613321812669 ], [ 16.565283500548045, -10.67591797860136 ], [ 16.501293216968183, -10.707528479716247 ], [ 16.467576940678708, -10.75881996367635 ], [ 16.421010053856744, -10.774712118150257 ], [ 16.39409048008309, -10.819035278735681 ], [ 16.27500262619499, -10.869458155288362 ], [ 16.274843953712637, -10.895585848222359 ], [ 16.197621523200567, -11.051223034737459 ], [ 16.166212814101488, -11.039294966249239 ], [ 16.164737638412685, -11.021064510416837 ], [ 16.089007525386023, -11.005188840123795 ], [ 16.036742416215422, -10.969420448556791 ], [ 16.013471033569182, -10.972937850964351 ], [ 15.994137522697383, -11.009353514444934 ], [ 15.955286142835856, -11.029261948508099 ], [ 15.928535344437122, -10.967487042783178 ], [ 15.914344445043493, -10.968329838237493 ], [ 15.880611110843201, -11.02180905223055 ], [ 15.896577685221125, -11.05381132154927 ], [ 15.876408036378464, -11.115035686887579 ], [ 15.804279022109302, -11.196934007794615 ], [ 15.795963512102151, -11.237218042596156 ], [ 15.755553606283623, -11.277265354990954 ], [ 15.722002376822442, -11.277082219408699 ], [ 15.756483102777441, -11.302113396771377 ], [ 15.774532520323348, -11.343394969955037 ], [ 15.701119487786208, -11.46768239041617 ], [ 15.735031156293822, -11.461968037570861 ], [ 15.774104677444356, -11.495652915369861 ], [ 15.807323072421209, -11.475130640161316 ], [ 15.84474591951528, -11.498996160118727 ], [ 15.941733140456193, -11.478267394394917 ], [ 15.989270004426093, -11.499345763739536 ], [ 16.008714383289746, -11.462921362522463 ], [ 16.032163881009875, -11.453026171216299 ], [ 16.106624756244248, -11.47720625664134 ], [ 16.118789520941146, -11.501451190472403 ], [ 16.195465441400092, -11.505007424515382 ], [ 16.227075769828581, -11.535118291949123 ], [ 16.258630821810982, -11.514714740164647 ], [ 16.318618329851375, -11.506888774707194 ], [ 16.316348832955807, -11.614673815495694 ], [ 16.351691487120945, -11.635260774470671 ], [ 16.344445398001373, -11.655401584283323 ], [ 16.399707071908587, -11.676370439911269 ], [ 16.388764736346761, -11.707468006267844 ], [ 16.400414218848969, -11.719635977952395 ], [ 16.423407925904954, -11.715662151585585 ], [ 16.479278001285991, -11.755751189101074 ], [ 16.49389243970516, -11.832076006888197 ], [ 16.589757498258617, -11.920175821536965 ], [ 16.592401753640651, -11.981367080384747 ], [ 16.539838559229381, -12.017278312531737 ], [ 16.541094897779107, -12.037054511344774 ], [ 16.517853892169487, -12.059377773646556 ], [ 16.527875678873549, -12.068812487181074 ], [ 16.515750480532709, -12.121151579270933 ], [ 16.496662781514804, -12.12768888996078 ], [ 16.500604163978316, -12.160157236762242 ], [ 16.355436755167396, -12.257737995752354 ], [ 16.344333346392315, -12.293500979867449 ], [ 16.361132133984579, -12.347462498372746 ], [ 16.397504447155598, -12.382267591708878 ], [ 16.402961592567067, -12.486311264080168 ], [ 16.287645109262616, -12.59252571583384 ], [ 16.348919980205334, -12.620180813263076 ], [ 16.347597534842429, -12.684017828430576 ], [ 16.433889780164979, -12.708572200656015 ], [ 16.486877737776329, -12.751192870537736 ], [ 16.504101783849734, -12.80622959208652 ], [ 16.498682502396189, -12.873280895930222 ], [ 16.514718795140126, -12.87654640701718 ], [ 16.509573862109228, -13.022501498970367 ], [ 16.53811012194657, -13.10728173390207 ], [ 16.543868517874749, -13.206363534849402 ], [ 16.51411876970208, -13.407502900340489 ], [ 16.53323058467393, -13.512816354501805 ], [ 16.508059474850523, -13.690610604495006 ], [ 16.480201192281996, -13.726503301423747 ], [ 16.493119877415463, -13.760048369746041 ], [ 16.474211511426695, -13.822598223338083 ], [ 16.489740562662281, -13.867334599677566 ], [ 16.478990254755921, -13.977379152549101 ], [ 16.507654398706428, -13.99905553867346 ], [ 16.602247964104588, -13.997321635476084 ], [ 16.674446843117785, -13.986686464324787 ], [ 16.722191275643361, -13.956999837199707 ], [ 16.72231236776458, -13.98119189262929 ], [ 16.823848064515801, -14.007852335450515 ], [ 16.886893274531367, -14.006739116108029 ], [ 16.905211358675487, -13.971226939637454 ], [ 16.97958580631429, -13.999178475779466 ], [ 17.004779753239774, -13.993583319243157 ], [ 16.976531601221456, -14.040131058260624 ], [ 17.040823142383932, -14.073300906686608 ], [ 17.014644246815447, -14.114676784873364 ], [ 17.036213030396397, -14.169063222080485 ], [ 17.111036534047663, -14.205328166687597 ], [ 17.133116059739262, -14.235452395987174 ], [ 17.189703720117233, -14.223591988810085 ], [ 17.242754141500072, -14.300413784165549 ], [ 17.303882973546969, -14.306821092164917 ], [ 17.344720602288088, -14.237880958980902 ], [ 17.332335275893751, -14.17593662535716 ], [ 17.343074562747329, -14.134913362797679 ], [ 17.423492825154696, -14.098356820861529 ], [ 17.471323064306432, -14.01443554570913 ], [ 17.649635581862366, -13.98567776601422 ], [ 17.677059343045709, -13.952087417011121 ], [ 17.724693368869371, -13.941932798855621 ], [ 17.77274100626931, -13.90300389031 ], [ 17.778306420990386, -13.744354133075703 ], [ 17.749029545976036, -13.711566203314678 ], [ 17.754906033976869, -13.642461092086105 ], [ 17.810382066179553, -13.662005949656891 ], [ 17.886865449341638, -13.640331240026054 ], [ 17.899482277105339, -13.579687884373531 ], [ 17.928169323071597, -13.559903587280935 ], [ 17.891976754923355, -13.530952445756899 ], [ 17.924595078532768, -13.456245469256139 ], [ 17.917974423633343, -13.422731581631513 ], [ 17.891435824579105, -13.403729067668795 ], [ 17.963284460588724, -13.31282979217298 ], [ 17.994332530999113, -13.314167993530084 ], [ 18.054568408571647, -13.279486586334038 ], [ 17.976371632386368, -13.148099028615572 ], [ 18.018274614563445, -13.106576032951949 ], [ 18.020614291735981, -13.037821426756906 ], [ 18.073650484140913, -13.034083289974301 ], [ 18.111661779008159, -12.989964324509245 ], [ 18.113140762064894, -12.963035978302855 ], [ 18.162413593934623, -12.944279701614885 ], [ 18.141498472010475, -12.873789077470448 ], [ 18.107752443265568, -12.840411595824069 ], [ 18.115379231752726, -12.8113771793324 ], [ 18.167816046202745, -12.807776874385517 ], [ 18.250609242292981, -12.745114055237366 ], [ 18.277356213016915, -12.704746434255448 ], [ 18.268876266591683, -12.648131036705095 ], [ 18.288201792861614, -12.634547318819738 ], [ 18.294566436965987, -12.58515199224221 ], [ 18.385798641944895, -12.538910992876023 ], [ 18.395517781264381, -12.524732677459809 ], [ 18.383108778825807, -12.489363888249077 ], [ 18.401403857845189, -12.457933413241367 ], [ 18.469539948618596, -12.416910412099707 ], [ 18.486677077542524, -12.33483510354591 ], [ 18.520106291776628, -12.338623951599164 ], [ 18.582911025655946, -12.302516199480589 ], [ 18.58563365701098, -12.28572420288862 ], [ 18.622485732622707, -12.294830103656079 ], [ 18.712631654599399, -12.253067035130687 ], [ 18.716005849414152, -12.227505387234288 ], [ 18.676849744193191, -12.199957554996715 ], [ 18.828735820761189, -12.075879855180343 ], [ 18.816852834641296, -12.056728540385969 ], [ 18.836588287854283, -12.001250138696012 ], [ 18.792025998611095, -11.959686394787344 ], [ 18.845468352088091, -11.889185696259091 ], [ 18.87329683044765, -11.880918359725417 ], [ 18.844866107334823, -11.828756032286741 ], [ 18.883125115585386, -11.801678071109093 ], [ 18.919805045798377, -11.813485991602205 ], [ 18.940849897412448, -11.777144612977667 ], [ 18.889221785063981, -11.700761980681188 ], [ 18.916677755532696, -11.690650658141935 ], [ 18.948727223069461, -11.705258167253222 ], [ 18.969537226677602, -11.67592198832225 ], [ 19.006282179836909, -11.670824677734407 ], [ 19.044372304725421, -11.504302330188013 ], [ 19.115088005646541, -11.452866129435582 ], [ 19.143629611751578, -11.452083200908151 ], [ 19.128462915982603, -11.407803108748707 ], [ 19.191345992466502, -11.387698465452326 ], [ 19.16678477281426, -11.338272290528254 ], [ 19.219359075569642, -11.255985962914275 ], [ 19.198478792471363, -11.227971425689423 ], [ 19.170125130908744, -11.236010491661267 ], [ 19.115761682061461, -11.198212980457326 ], [ 19.053529693778515, -11.217075598650853 ], [ 19.006820551720871, -11.146422642467494 ], [ 18.886535203545307, -11.089334613607496 ], [ 18.781511667174478, -11.007759663832109 ], [ 18.756039525667134, -11.094132049654052 ], [ 18.761127101235076, -11.153715771757581 ], [ 18.798283217847356, -11.180324908504483 ], [ 18.773364833406703, -11.264280461449131 ], [ 18.814729223995563, -11.282243115975513 ], [ 18.83533150267791, -11.316419921880142 ], [ 18.836201358758764, -11.370665696310992 ], [ 18.806064838623904, -11.394091290990508 ], [ 18.721241372066721, -11.358514249837418 ], [ 18.643486629274797, -11.376014000765148 ], [ 18.595258627930633, -11.420408530910789 ], [ 18.481978095609897, -11.433124996082592 ], [ 18.410342190468576, -11.514408929947853 ], [ 18.374049313339391, -11.581735680393704 ], [ 18.300081144963976, -11.567953318330529 ], [ 18.293571023891353, -11.555249836305462 ], [ 18.245773042527169, -11.573213976033406 ], [ 18.224714126326091, -11.56555003875758 ], [ 18.207716894854364, -11.588566113337043 ], [ 18.127697189764191, -11.576721761103018 ], [ 18.095275963869284, -11.607161303190653 ], [ 18.063415890965828, -11.532969112279959 ], [ 17.918700580596081, -11.513137503168439 ], [ 17.905757764683905, -11.422747126741731 ], [ 17.800654281528949, -11.328942678174295 ], [ 17.793038010976048, -11.351194101622278 ], [ 17.830195210390976, -11.442776815809511 ], [ 17.813536449402712, -11.467567610207011 ], [ 17.805803761360295, -11.551725617313272 ], [ 17.779243673300371, -11.582486994051214 ], [ 17.705219745489398, -11.602907698726531 ], [ 17.687730171750626, -11.661868607377249 ], [ 17.660085158070959, -11.673977215203793 ], [ 17.647934839247004, -11.725318722193615 ], [ 17.626119252630712, -11.721239548634236 ], [ 17.612310694274136, -11.739719048051237 ], [ 17.569149978592602, -11.705720444356663 ], [ 17.507489747931348, -11.696318466517544 ], [ 17.533951099533329, -11.672565050847941 ], [ 17.535172201250848, -11.640293247119407 ], [ 17.488719213415571, -11.596426912771088 ], [ 17.47770260435404, -11.564969746562218 ], [ 17.498656252635669, -11.514051619358648 ], [ 17.547220385641538, -11.506027050819393 ], [ 17.538486784143359, -11.480166446610843 ], [ 17.515524112777658, -11.498628100621358 ], [ 17.493803592497059, -11.486663239871989 ], [ 17.50727851994851, -11.478730889080483 ], [ 17.494728101499923, -11.468889761129889 ], [ 17.52071900860992, -11.434486154358551 ], [ 17.530043982552002, -11.381252272212064 ], [ 17.484261497459208, -11.325644696888807 ], [ 17.462710322796315, -11.331652396510409 ], [ 17.462587644071004, -11.253651475842 ], [ 17.388366033461988, -11.230039294128838 ], [ 17.410007062959831, -11.191511839239846 ], [ 17.449084051576325, -11.177351154239515 ], [ 17.454955056077548, -11.108248571575588 ], [ 17.414817394914373, -11.062668915442023 ], [ 17.418948894209407, -11.036692753513725 ], [ 17.386985117176668, -11.015229111203309 ], [ 17.368455607646194, -10.928178702992289 ], [ 17.314247637753688, -10.903884268408929 ], [ 17.281782120164824, -10.865501847355722 ], [ 17.230705676376257, -10.879793001911301 ], [ 17.161497510109225, -10.853234828870276 ], [ 17.14699163603175, -10.811780546226638 ], [ 17.107324405256019, -10.811598522046731 ], [ 17.087504571175582, -10.846786962143865 ], [ 17.053881036689145, -10.826851863768075 ], [ 17.051530266994419, -10.810088123515952 ], [ 16.931739333009332, -10.769689602234026 ], [ 16.873377495343345, -10.7673159636034 ], [ 16.818967796526696, -10.787868864183784 ], [ 16.778705117192239, -10.776589673920403 ], [ 16.715671609100458, -10.705001580580712 ], [ 16.670052467820184, -10.698028694968334 ], [ 16.660550589228151, -10.656056861746213 ], [ 16.6246355814617, -10.654618935129859 ], [ 16.614954948390004, -10.614597006884422 ], [ 16.644556326948567, -10.592065947643251 ], [ 16.606211556643036, -10.577171652734455 ] ] ] } },
{ "type": "Feature", "properties": { "loc": "AO-A1-0004" }, "geometry": { "type": "Polygon", "coordinates": [ [ [ 12.822820662639332, -4.403234958741701 ], [ 12.784152030587579, -4.376824855997677 ], [ 12.754188538266307, -4.397544860921935 ], [ 12.72768116035312, -4.421947479008251 ], [ 12.725595474247607, -4.467510223033747 ], [ 12.684982300188883, -4.46885395136413 ], [ 12.631462096667077, -4.560898781254666 ], [ 12.389716148000216, -4.601725577999863 ], [ 12.395694733076022, -4.660205841045487 ], [ 12.37232780483488, -4.727596283160699 ], [ 12.32644844099333, -4.793692111620432 ], [ 12.262816429385291, -4.785394192107054 ], [ 12.245870590405959, -4.796793460568574 ], [ 12.236802101186582, -4.766998290757277 ], [ 12.211032867023784, -4.752995491267745 ], [ 12.16653633133715, -4.885210991013237 ], [ 12.010205269008532, -5.027222633136811 ], [ 12.028376579066434, -5.02578687718144 ], [ 12.017159461990088, -5.04059505463689 ], [ 12.133502006762773, -5.20278501483539 ], [ 12.131183623775764, -5.228549957433396 ], [ 12.168545722677846, -5.292322158633192 ], [ 12.168510436878053, -5.329127789308489 ], [ 12.22167777977665, -5.446744918935368 ], [ 12.228489876277669, -5.53715515098189 ], [ 12.175200462102518, -5.546750069152809 ], [ 12.13951587682711, -5.634799956745043 ], [ 12.153016090191302, -5.690939903446305 ], [ 12.206631659694265, -5.769248009080799 ], [ 12.265685080672826, -5.743284702119814 ], [ 12.535098076086191, -5.733852863411363 ], [ 12.537451743973714, -5.137145041602823 ], [ 12.487316131705038, -5.115983485741774 ], [ 12.471262931789438, -5.093194008015859 ], [ 12.47930908221697, -5.069272518013138 ], [ 12.529118538258464, -5.067936420430344 ], [ 12.628982544377541, -5.021998882143533 ], [ 12.639565467640777, -4.950913428812568 ], [ 12.717632294163648, -4.949512005375626 ], [ 12.729911803755376, -4.903008460772776 ], [ 12.800229073209033, -4.846095562075861 ], [ 12.792431830560334, -4.832055569324437 ], [ 12.815153122014776, -4.785820007402789 ], [ 12.863112449575718, -4.739132880593347 ], [ 12.923457145926418, -4.732254981597498 ], [ 13.052393912644787, -4.67752838064556 ], [ 13.101260184905426, -4.681446552331861 ], [ 13.097495078730768, -4.627772330843763 ], [ 13.046701430722328, -4.620868683358351 ], [ 12.891915320931167, -4.457473278184546 ], [ 12.89027595486729, -4.402448176957177 ], [ 12.864064217385527, -4.390550613035741 ], [ 12.822820662639332, -4.403234958741701 ] ] ] } },
{ "type": "Feature", "properties": { "loc": "AO-A1-0005" }, "geometry": { "type": "Polygon", "coordinates": [ [ [ 16.545434983313001, -15.130346744569383 ], [ 16.516209644220403, -15.108566421488295 ], [ 16.475100232115913, -15.143795416367894 ], [ 16.342678333376348, -15.205669288949835 ], [ 16.327857243440658, -15.26282620870602 ], [ 16.259464281205904, -15.319377772437075 ], [ 16.243951301904236, -15.366686058853912 ], [ 16.183664094140227, -15.404061676161056 ], [ 16.160752273934165, -15.382462774983512 ], [ 16.079215619822218, -15.384438427850416 ], [ 16.029229466513772, -15.432029779278594 ], [ 15.972294352933325, -15.378864971212696 ], [ 15.873724066052564, -15.392254227718343 ], [ 15.842319298718976, -15.374045742013703 ], [ 15.751245515823786, -15.40554679804395 ], [ 15.704166350727444, -15.380393490916838 ], [ 15.639716860812314, -15.433041647737927 ], [ 15.602944252614481, -15.431244966049878 ], [ 15.56772724051001, -15.46700168005432 ], [ 15.499911098388175, -15.485732490494691 ], [ 15.507030166923208, -15.502812962785988 ], [ 15.484119192605128, -15.515426410645155 ], [ 15.479274521507325, -15.552204005868536 ], [ 15.453912315544915, -15.545700888919061 ], [ 15.442548316639115, -15.56456605980318 ], [ 15.447619399144674, -15.607594749956693 ], [ 15.381791939255418, -15.706716388076785 ], [ 15.384244312576456, -15.729126466745551 ], [ 15.360624928125066, -15.731735095096482 ], [ 15.326444265799921, -15.764861924687661 ], [ 15.301719027057903, -15.762550481698561 ], [ 15.299780200211544, -15.828553491976265 ], [ 15.264854309984965, -15.878562528916323 ], [ 15.258095803714511, -15.916509902673742 ], [ 15.237967439989841, -15.929527801674642 ], [ 15.228271398317528, -15.992444627770002 ], [ 15.212697968976041, -15.990590147033917 ], [ 15.19045467513962, -16.038159792361888 ], [ 15.033280772801483, -16.050744279362455 ], [ 14.991502844372739, -15.949997044486135 ], [ 14.960645892440194, -15.949827763852092 ], [ 14.78296588184751, -15.866020755938919 ], [ 14.734072443024893, -15.866076799300338 ], [ 14.674649813329399, -15.84272079325541 ], [ 14.601786057171662, -15.866592623140601 ], [ 14.508448195256118, -15.822616070240663 ], [ 14.422379721821343, -15.927054800166001 ], [ 14.277278274975558, -16.049839082190836 ], [ 14.141962722780388, -16.090522963606418 ], [ 14.040271369228561, -16.144649636525948 ], [ 13.913684938507307, -16.107118022255456 ], [ 13.780979264089142, -16.302068568175326 ], [ 13.690033945908462, -16.345685786311453 ], [ 13.648244462983515, -16.34597468282572 ], [ 13.53273193939941, -16.238618158541545 ], [ 13.480362268176014, -16.253034773876134 ], [ 13.413456111881937, -16.328003792981043 ], [ 13.373318379711383, -16.340583906362543 ], [ 13.382951387768214, -16.358785416554127 ], [ 13.363080551498106, -16.354482332334157 ], [ 13.367519293052863, -16.371552043932052 ], [ 13.342726251387303, -16.347279855421409 ], [ 13.337354559437296, -16.373936731235499 ], [ 13.288116234048884, -16.390849673014401 ], [ 13.276353423643437, -16.429190476999327 ], [ 13.217997261436397, -16.438912542220468 ], [ 13.209738545169623, -16.48197302877265 ], [ 13.271400938974052, -16.509244210792112 ], [ 13.284421835271408, -16.53441179131147 ], [ 13.227925901830771, -16.590992411211197 ], [ 13.183553870086937, -16.601419444192416 ], [ 13.133366816597201, -16.685703493561792 ], [ 13.206634713193386, -16.719108150860833 ], [ 13.249209524471881, -16.771939670719565 ], [ 13.251007178410477, -16.798433732371237 ], [ 13.344277484790011, -16.905561033855026 ], [ 13.373568898457753, -16.976017861075803 ], [ 13.48272132929784, -17.031471251837143 ], [ 13.523948669267581, -17.09541130103111 ], [ 13.510706902173728, -17.13515853857605 ], [ 13.634271621709891, -17.203884124992779 ], [ 13.677514076185558, -17.246448516726048 ], [ 13.880517959807912, -17.350984572820199 ], [ 13.956886291640911, -17.433372497882853 ], [ 14.019010543973296, -17.419822693203074 ], [ 14.094234466918998, -17.442466735591793 ], [ 14.111774444806713, -17.426219939638859 ], [ 14.152161597651514, -17.433557510011493 ], [ 14.204492569248561, -17.41190147361446 ], [ 14.215888022785883, -17.389816284334419 ], [ 17.269670833253858, -17.389972011402904 ], [ 17.271822517007074, -17.236239257739221 ], [ 17.219078306929791, -16.974131346488146 ], [ 17.223668515900759, -16.821686877950686 ], [ 17.20816129002305, -16.77187349546913 ], [ 17.304227248700066, -16.646664983405895 ], [ 17.314406095776214, -16.570093569366378 ], [ 17.382202141234782, -16.404493320863949 ], [ 17.396774584365904, -16.243699896054824 ], [ 17.373577155647713, -16.125416195531511 ], [ 17.397535385074558, -16.050795244231136 ], [ 17.360551752042497, -15.943706641189397 ], [ 17.281905200028902, -15.86510872169044 ], [ 17.237086000611423, -15.743861739369674 ], [ 17.163238413561199, -15.644459238091162 ], [ 17.136543016739303, -15.566144349771854 ], [ 17.065459341839428, -15.568927506596591 ], [ 16.993744483582951, -15.431015139647968 ], [ 16.979233095722002, -15.445793113815192 ], [ 16.960874012243643, -15.435517946225968 ], [ 16.968671778372002, -15.418609253826048 ], [ 16.92053456937197, -15.394998567375733 ], [ 16.916773939159579, -15.380381413576021 ], [ 16.934670177829592, -15.378913142723388 ], [ 16.909404112912529, -15.344222903122311 ], [ 16.876859772927677, -15.343622007142937 ], [ 16.863264303457015, -15.319001263537373 ], [ 16.843385893526452, -15.319517033792945 ], [ 16.858992650176763, -15.306055462192585 ], [ 16.855500181889127, -15.27889363685701 ], [ 16.830732610037646, -15.277869513932679 ], [ 16.826898413833025, -15.252463825648704 ], [ 16.784913489745268, -15.245082923550839 ], [ 16.769195661197056, -15.223804603996943 ], [ 16.765440546544941, -15.206817102960695 ], [ 16.789357808397831, -15.193646127822607 ], [ 16.780882125054131, -15.173889472451812 ], [ 16.735873624733433, -15.176776116375173 ], [ 16.545434983313001, -15.130346744569383 ] ] ] } },
{ "type": "Feature", "properties": { "loc": "AO-A1-0006" }, "geometry": { "type": "Polygon", "coordinates": [ [ [ 16.012126710463193, -11.459370316910148 ], [ 15.989270004426093, -11.499345763739536 ], [ 15.941733140456193, -11.478267394394917 ], [ 15.84474591951528, -11.498996160118727 ], [ 15.807323072421209, -11.475130640161316 ], [ 15.774104677444356, -11.495652915369861 ], [ 15.735031156293822, -11.461968037570861 ], [ 15.714154732051711, -11.4623415592258 ], [ 15.556691847760717, -11.512720948944525 ], [ 15.506600232618606, -11.508307458801751 ], [ 15.372752437630144, -11.575763340271076 ], [ 15.316632934480179, -11.588379918708883 ], [ 15.319484649066162, -11.656435024554193 ], [ 15.362074926872715, -11.673344729044969 ], [ 15.386477475408267, -11.707033957707905 ], [ 15.377402754771552, -11.75676169643142 ], [ 15.407470687711111, -11.772809465644555 ], [ 15.384857255202977, -11.833335955981521 ], [ 15.364785416269466, -11.846716434929821 ], [ 15.383449266124316, -11.87774365381668 ], [ 15.36736239050045, -11.94131665107842 ], [ 15.316873076109694, -11.941056287750367 ], [ 15.273443875297588, -11.974888977187319 ], [ 15.275262641892962, -11.995802986021047 ], [ 15.167587575495389, -12.035789190194428 ], [ 15.09795362766635, -12.028743076098152 ], [ 15.061677060576084, -12.069619898450384 ], [ 15.012967046780634, -12.183215294749477 ], [ 14.979920232958222, -12.223311529607066 ], [ 15.010277648957437, -12.400032331666527 ], [ 15.024785683731157, -12.42703963984108 ], [ 15.043687019822549, -12.429573555454681 ], [ 15.046762506518974, -12.466863510215436 ], [ 15.031628349713255, -12.490172200248278 ], [ 15.066237036826102, -12.516762680693876 ], [ 15.051518856104895, -12.532326356167427 ], [ 15.057804762067839, -12.560635461196384 ], [ 15.001910350869885, -12.570306961987814 ], [ 14.918992375685036, -12.618758068411278 ], [ 14.882772861417592, -12.608051184732066 ], [ 14.850922209133088, -12.650877528356535 ], [ 14.766906909544186, -12.694824452336 ], [ 14.810513293486327, -12.734136559454761 ], [ 14.784857581860589, -12.768458845070779 ], [ 14.780542536306918, -12.832066361413268 ], [ 14.805971191643508, -12.829961420015461 ], [ 14.88053941573666, -12.905955252628825 ], [ 14.847881189155387, -12.949739175247792 ], [ 14.8713421694465, -12.990947844680239 ], [ 14.897271258161737, -12.999253420611961 ], [ 14.923815606490809, -13.058623058108559 ], [ 14.923164850430126, -13.127990674203421 ], [ 14.898114580271482, -13.158621573560996 ], [ 14.906923321623999, -13.170483177088393 ], [ 14.889485535298963, -13.215784289092863 ], [ 14.913050817608209, -13.249791458002818 ], [ 14.900442162633976, -13.283373558195837 ], [ 14.997156263529376, -13.347824487812126 ], [ 15.052246517343004, -13.347750575461841 ], [ 15.051840027003927, -13.410948003752814 ], [ 15.123227835582131, -13.389227923213703 ], [ 15.186953093203837, -13.428214068567417 ], [ 15.213636594063384, -13.391992340176067 ], [ 15.242179136164324, -13.395957969106281 ], [ 15.317054983698775, -13.360589213814105 ], [ 15.337351305342217, -13.426391203210446 ], [ 15.366887653606831, -13.458280466039756 ], [ 15.373278261712642, -13.625329195321239 ], [ 15.534230498130341, -13.614807988871441 ], [ 15.514012787930564, -13.676063518208153 ], [ 15.513973880108889, -13.76664205963533 ], [ 15.53793912174477, -13.767283205114349 ], [ 15.565766606720199, -13.729432127790957 ], [ 15.621729970706522, -13.71383602923683 ], [ 15.647159258113064, -13.647597743017819 ], [ 15.703029138535207, -13.62886906691984 ], [ 15.715592072096918, -13.608756475150468 ], [ 15.739277416072106, -13.619475591592039 ], [ 15.774300252654605, -13.560581664036835 ], [ 15.793995484251422, -13.560346759307123 ], [ 15.814139623843015, -13.518744403828425 ], [ 15.880055763525469, -13.470465463401354 ], [ 15.87666201429272, -13.444978114806332 ], [ 15.928344213147483, -13.442831388143233 ], [ 15.947421823163666, -13.39297413325739 ], [ 15.974567734555745, -13.388198041739912 ], [ 16.014558492759434, -13.425769074906373 ], [ 16.054158219647885, -13.424972019475828 ], [ 16.074525429857633, -13.446172743708001 ], [ 16.111906900980344, -13.449471612334801 ], [ 16.176987203120685, -13.416006346531589 ], [ 16.225756662919366, -13.329880954047429 ], [ 16.284284814348382, -13.325265167922911 ], [ 16.355437498894343, -13.343285895513517 ], [ 16.393736705511319, -13.324173336403227 ], [ 16.429175280963992, -13.362983689129109 ], [ 16.52532579157846, -13.346297302095572 ], [ 16.543868517874749, -13.206363534849402 ], [ 16.53811012194657, -13.10728173390207 ], [ 16.509573862109228, -13.022501498970367 ], [ 16.515302680821353, -12.88258689654797 ], [ 16.498682502396189, -12.873280895930222 ], [ 16.497287000762562, -12.764565160829171 ], [ 16.433889780164979, -12.708572200656015 ], [ 16.347597534842429, -12.684017828430576 ], [ 16.348919980205334, -12.620180813263076 ], [ 16.287645109262616, -12.59252571583384 ], [ 16.402961592567067, -12.486311264080168 ], [ 16.397504447155598, -12.382267591708878 ], [ 16.361132133984579, -12.347462498372746 ], [ 16.344333346392315, -12.293500979867449 ], [ 16.355436755167396, -12.257737995752354 ], [ 16.500604163978316, -12.160157236762242 ], [ 16.496662781514804, -12.12768888996078 ], [ 16.515750480532709, -12.121151579270933 ], [ 16.527875678873549, -12.068812487181074 ], [ 16.517853892169487, -12.059377773646556 ], [ 16.541094897779107, -12.037054511344774 ], [ 16.539838559229381, -12.017278312531737 ], [ 16.592401753640651, -11.981367080384747 ], [ 16.593756093136847, -11.933663424698143 ], [ 16.580326338755391, -11.899159265931097 ], [ 16.49389243970516, -11.832076006888197 ], [ 16.479278001285991, -11.755751189101074 ], [ 16.423407925904954, -11.715662151585585 ], [ 16.400414218848969, -11.719635977952395 ], [ 16.388764736346761, -11.707468006267844 ], [ 16.399707071908587, -11.676370439911269 ], [ 16.344445398001373, -11.655401584283323 ], [ 16.351691487120945, -11.635260774470671 ], [ 16.316348832955807, -11.614673815495694 ], [ 16.318618329851375, -11.506888774707194 ], [ 16.258630821810982, -11.514714740164647 ], [ 16.227075769828581, -11.535118291949123 ], [ 16.195465441400092, -11.505007424515382 ], [ 16.118789520941146, -11.501451190472403 ], [ 16.106624756244248, -11.47720625664134 ], [ 16.012126710463193, -11.459370316910148 ] ] ] } },
{ "type": "Feature", "properties": { "loc": "AO-A1-0007" }, "geometry": { "type": "Polygon", "coordinates": [ [ [ 16.396741606501131, -13.326619778893239 ], [ 16.355437498894343, -13.343285895513517 ], [ 16.284284814348382, -13.325265167922911 ], [ 16.225756662919366, -13.329880954047429 ], [ 16.176987203120685, -13.416006346531589 ], [ 16.111906900980344, -13.449471612334801 ], [ 16.074525429857633, -13.446172743708001 ], [ 16.054158219647885, -13.424972019475828 ], [ 16.014558492759434, -13.425769074906373 ], [ 15.974567734555745, -13.388198041739912 ], [ 15.947421823163666, -13.39297413325739 ], [ 15.928344213147483, -13.442831388143233 ], [ 15.87666201429272, -13.444978114806332 ], [ 15.880055763525469, -13.470465463401354 ], [ 15.814139623843015, -13.518744403828425 ], [ 15.793995484251422, -13.560346759307123 ], [ 15.774300252654605, -13.560581664036835 ], [ 15.739277416072106, -13.619475591592039 ], [ 15.715592072096918, -13.608756475150468 ], [ 15.703029138535207, -13.62886906691984 ], [ 15.647159258113064, -13.647597743017819 ], [ 15.621729970706522, -13.71383602923683 ], [ 15.565766606720199, -13.729432127790957 ], [ 15.53793912174477, -13.767283205114349 ], [ 15.513973880108889, -13.76664205963533 ], [ 15.507794215529369, -13.747558436450607 ], [ 15.533993519439715, -13.614346948547123 ], [ 15.371718593242978, -13.622795611522303 ], [ 15.366887653606831, -13.458280466039756 ], [ 15.306297758382126, -13.356611089600062 ], [ 15.243419554409066, -13.395551855521742 ], [ 15.212809795479121, -13.392455806495878 ], [ 15.185808220534103, -13.428418702178806 ], [ 15.124945291744485, -13.389583709205127 ], [ 15.100279877408607, -13.391785422254781 ], [ 15.076351335734017, -13.408312840339736 ], [ 15.107166747862966, -13.438210859522364 ], [ 15.095493376607383, -13.491268017930274 ], [ 15.065373837970508, -13.485588589306257 ], [ 15.019220153696011, -13.520964606447954 ], [ 14.992601003532524, -13.518771858059935 ], [ 14.925972204995652, -13.555431465328265 ], [ 14.884945969945651, -13.511531514265023 ], [ 14.860537142957497, -13.571508121146685 ], [ 14.822598228648864, -13.604945702683462 ], [ 14.782460790097662, -13.626751211163029 ], [ 14.75340627556605, -13.621147191137755 ], [ 14.715383093758927, -13.648520680186731 ], [ 14.669419595270305, -13.647724639105412 ], [ 14.650821831122229, -13.679749222220543 ], [ 14.600846261735789, -13.683401336199335 ], [ 14.596189760450518, -13.641502007642952 ], [ 14.557276716058265, -13.618994125713229 ], [ 14.53876835928769, -13.630204209706925 ], [ 14.467866916994598, -13.604171613396481 ], [ 14.44961118787127, -13.626841974438591 ], [ 14.471175828448857, -13.660685099450081 ], [ 14.464714970829373, -13.692115827862555 ], [ 14.387998022699122, -13.703292900207281 ], [ 14.370069012130493, -13.829157813059616 ], [ 14.292497552092964, -13.879537683054782 ], [ 14.134620794038888, -13.837845993038449 ], [ 14.052592045793409, -13.852053655327595 ], [ 14.002839241258689, -13.88134949712218 ], [ 13.973028513198303, -13.826742025937982 ], [ 13.745447182733715, -13.84489632073646 ], [ 13.689152835166139, -13.809412585110408 ], [ 13.657187927510959, -13.842413281392901 ], [ 13.595363083323873, -13.85751648282471 ], [ 13.551840615192566, -13.887143690126241 ], [ 13.577275168704082, -13.900039551853432 ], [ 13.575632405376934, -13.936249924143301 ], [ 13.61829388932385, -13.965080836488013 ], [ 13.651648284137339, -13.962744046287295 ], [ 13.639972621826589, -14.00344301615603 ], [ 13.598250920825981, -14.052424156859427 ], [ 13.595735573499377, -14.093866707937213 ], [ 13.629674124377631, -14.169909694860621 ], [ 13.588598466383848, -14.244507927135402 ], [ 13.620736148619448, -14.278769984904621 ], [ 13.675721914376558, -14.291828568962266 ], [ 13.640567500056198, -14.34867321287096 ], [ 13.665556815765266, -14.467381281831376 ], [ 13.572739760710293, -14.581737916602993 ], [ 13.594839687464153, -14.63165619530719 ], [ 13.575977109332447, -14.712558459975494 ], [ 13.53760588777053, -14.76020933481627 ], [ 13.459310124124977, -14.765126617164153 ], [ 13.409731139495571, -14.788702652168489 ], [ 13.309353459157512, -14.888742485779421 ], [ 13.273443711041109, -14.893206441409273 ], [ 13.246602135106398, -14.979242680204024 ], [ 13.274070203487918, -15.041908914622642 ], [ 13.219543621174521, -15.080538022007477 ], [ 13.20446551376344, -15.113223248657242 ], [ 13.233683774235592, -15.129350963395687 ], [ 13.274559328970435, -15.126133969957028 ], [ 13.251104772994891, -15.135290424152331 ], [ 13.248414865063916, -15.15438465945606 ], [ 13.205904400988009, -15.150580919174555 ], [ 13.230417057747344, -15.170772587855168 ], [ 13.281111083008311, -15.175328670977677 ], [ 13.260500372068494, -15.18557972073588 ], [ 13.263699655252823, -15.199483394707219 ], [ 13.226867786541161, -15.183551002797262 ], [ 13.234314848692906, -15.201967373061514 ], [ 13.203333852847797, -15.208787518716498 ], [ 13.194876999248171, -15.248210410922052 ], [ 13.208743878471816, -15.283396430642576 ], [ 13.229553372710255, -15.289618112271402 ], [ 13.223618491282883, -15.261182972495451 ], [ 13.263475106046394, -15.250644494805215 ], [ 13.246525174038036, -15.225909267083686 ], [ 13.273363123156388, -15.225423211506566 ], [ 13.303387985296842, -15.273156589933528 ], [ 13.289830242406351, -15.30213639222368 ], [ 13.315201646312945, -15.372355557672329 ], [ 13.357537857976974, -15.379674580439733 ], [ 13.379028850687734, -15.358571250111435 ], [ 13.373506381699316, -15.383198598459352 ], [ 13.476259233960873, -15.48865648973014 ], [ 13.514739010369235, -15.493776242383877 ], [ 13.548319591515499, -15.520624129209775 ], [ 13.507268527443726, -15.681357849958005 ], [ 13.522946124617528, -15.800957317386349 ], [ 13.544351325644753, -15.814666222809642 ], [ 13.556399398277639, -15.879919195792407 ], [ 13.478987262749785, -16.034300896929892 ], [ 13.480908432107872, -16.078033828490994 ], [ 13.520548807784481, -16.162566778035952 ], [ 13.49352452201069, -16.246685546550193 ], [ 13.532731939848206, -16.238618158990342 ], [ 13.6482444627239, -16.345974682576763 ], [ 13.690033945908462, -16.345685786311453 ], [ 13.780979264089142, -16.302068568175326 ], [ 13.913684938507307, -16.107118022255456 ], [ 14.040271369228561, -16.144649636525948 ], [ 14.141962722780388, -16.090522963606418 ], [ 14.277278274975558, -16.049839082190836 ], [ 14.422379721821343, -15.927054800166001 ], [ 14.510504890045883, -15.822233730505324 ], [ 14.601786057171662, -15.866592623140601 ], [ 14.674649813329399, -15.84272079325541 ], [ 14.734072443024893, -15.866076799300338 ], [ 14.78296588184751, -15.866020755938919 ], [ 14.960645892440194, -15.949827763852092 ], [ 14.991502844372739, -15.949997044486135 ], [ 15.033280772801483, -16.050744279362455 ], [ 15.181499250481778, -16.041219338566542 ], [ 15.212697968976041, -15.990590147033917 ], [ 15.228271398317528, -15.992444627770002 ], [ 15.237967439989841, -15.929527801674642 ], [ 15.258095803714511, -15.916509902673742 ], [ 15.264854309984965, -15.878562528916323 ], [ 15.299780200211544, -15.828553491976265 ], [ 15.301719027057903, -15.762550481698561 ], [ 15.326444265799921, -15.764861924687661 ], [ 15.360624928125066, -15.731735095096482 ], [ 15.384244312576456, -15.729126466745551 ], [ 15.381791939255418, -15.706716388076785 ], [ 15.447619399144674, -15.607594749956693 ], [ 15.442548316639115, -15.56456605980318 ], [ 15.453912315544915, -15.545700888919061 ], [ 15.479274521507325, -15.552204005868536 ], [ 15.484119192605128, -15.515426410645155 ], [ 15.507030166923208, -15.502812962785988 ], [ 15.499911098388175, -15.485732490494691 ], [ 15.56772724051001, -15.46700168005432 ], [ 15.602944252614481, -15.431244966049878 ], [ 15.639716860812314, -15.433041647737927 ], [ 15.704166350727444, -15.380393490916838 ], [ 15.751245515823786, -15.40554679804395 ], [ 15.842319298718976, -15.374045742013703 ], [ 15.873724066052564, -15.392254227718343 ], [ 15.972294352933325, -15.378864971212696 ], [ 16.029229466513772, -15.432029779278594 ], [ 16.079215619822218, -15.384438427850416 ], [ 16.160752273934165, -15.382462774983512 ], [ 16.184938897583301, -15.403598318869498 ], [ 16.243951301904236, -15.366686058853912 ], [ 16.259464281205904, -15.319377772437075 ], [ 16.327857243440658, -15.26282620870602 ], [ 16.342678333376348, -15.205669288949835 ], [ 16.475100232115913, -15.143795416367894 ], [ 16.516209644220403, -15.108566421488295 ], [ 16.576338078682351, -15.143897523815191 ], [ 16.754746189158265, -15.170307549469769 ], [ 16.692681709219404, -15.091097810632952 ], [ 16.717143015301694, -15.068915657735864 ], [ 16.700262106616393, -15.048698133173993 ], [ 16.709224693922309, -15.036193980351936 ], [ 16.691291643938655, -15.032194513307189 ], [ 16.653743355701689, -14.972440445539686 ], [ 16.651550593017461, -14.949157068523771 ], [ 16.666122355337798, -14.943377090981496 ], [ 16.648676655107941, -14.938030309070943 ], [ 16.663678986459285, -14.901014429702347 ], [ 16.651350768580198, -14.821212620642548 ], [ 16.608527410455132, -14.774865624587779 ], [ 16.63438264532564, -14.726477469534565 ], [ 16.57498546783458, -14.710719397484489 ], [ 16.594031012222921, -14.690452481021026 ], [ 16.556855695471828, -14.693265938093319 ], [ 16.491797177822143, -14.624190942008013 ], [ 16.513730904231672, -14.48263420777171 ], [ 16.48823667614403, -14.462257271798478 ], [ 16.499521651580729, -14.417717239770916 ], [ 16.459948990101836, -14.251502647060004 ], [ 16.4746008624995, -14.245430304278511 ], [ 16.475627113039781, -14.165314795001976 ], [ 16.490708316503078, -14.146763107340881 ], [ 16.482844772025551, -14.069298125913015 ], [ 16.471017285215606, -14.063809512252117 ], [ 16.484211145903327, -14.042652782153347 ], [ 16.47133478135947, -13.99581240058853 ], [ 16.487619015976218, -13.970146842407132 ], [ 16.489744435382914, -13.867941650082354 ], [ 16.474211511426695, -13.822598223338083 ], [ 16.493013882287588, -13.765933000656332 ], [ 16.480201192281996, -13.726503301423747 ], [ 16.508059474850523, -13.690610604495006 ], [ 16.53323058467393, -13.512816354501805 ], [ 16.516047021232083, -13.466969265654754 ], [ 16.52532579157846, -13.346297302095572 ], [ 16.428631034187191, -13.362920195257793 ], [ 16.396741606501131, -13.326619778893239 ] ] ] } },
{ "type": "Feature", "properties": { "loc": "AO-A1-0008" }, "geometry": { "type": "Polygon", "coordinates": [ [ [ 17.992720696438713, -13.594453482064289 ], [ 17.929162185464076, -13.559691432294468 ], [ 17.899482277105339, -13.579687884373531 ], [ 17.886865449341638, -13.640331240026054 ], [ 17.858451162865752, -13.654638800153556 ], [ 17.808271845178414, -13.66191528169211 ], [ 17.754906033976869, -13.642461092086105 ], [ 17.749029545976036, -13.711566203314678 ], [ 17.778306420990386, -13.744354133075703 ], [ 17.77274100626931, -13.90300389031 ], [ 17.724693368869371, -13.941932798855621 ], [ 17.677059343045709, -13.952087417011121 ], [ 17.649635581862366, -13.98567776601422 ], [ 17.471323064306432, -14.01443554570913 ], [ 17.423492825154696, -14.098356820861529 ], [ 17.343074562747329, -14.134913362797679 ], [ 17.332335275893751, -14.17593662535716 ], [ 17.344720602288088, -14.237880958980902 ], [ 17.305524918314141, -14.306461311644874 ], [ 17.242754141500072, -14.300413784165549 ], [ 17.189703720117233, -14.223591988810085 ], [ 17.133116059739262, -14.235452395987174 ], [ 17.111036534047663, -14.205328166687597 ], [ 17.036213030396397, -14.169063222080485 ], [ 17.014644246815447, -14.114676784873364 ], [ 17.040823142383932, -14.073300906686608 ], [ 16.976531601221456, -14.040131058260624 ], [ 17.004779753239774, -13.993583319243157 ], [ 16.97958580631429, -13.999178475779466 ], [ 16.905211358675487, -13.971226939637454 ], [ 16.886893274531367, -14.006739116108029 ], [ 16.823848064515801, -14.007852335450515 ], [ 16.72231236776458, -13.98119189262929 ], [ 16.722191275643361, -13.956999837199707 ], [ 16.674446843117785, -13.986686464324787 ], [ 16.602247964104588, -13.997321635476084 ], [ 16.507654398706428, -13.99905553867346 ], [ 16.478990254755921, -13.977379152549101 ], [ 16.472464140111498, -13.989220290027998 ], [ 16.484211145903327, -14.042652782153347 ], [ 16.471017285215606, -14.063809512252117 ], [ 16.482844772025551, -14.069298125913015 ], [ 16.490708316503078, -14.146763107340881 ], [ 16.475627113039781, -14.165314795001976 ], [ 16.4746008624995, -14.245430304278511 ], [ 16.460022999955637, -14.250451801662994 ], [ 16.463236786721147, -14.306181507297183 ], [ 16.499414173443849, -14.416968863558004 ], [ 16.48823667614403, -14.462257271798478 ], [ 16.513791299385794, -14.483939507071469 ], [ 16.491797177822143, -14.624190942008013 ], [ 16.556855695471828, -14.693265938093319 ], [ 16.594031012222921, -14.690452481021026 ], [ 16.57498546783458, -14.710719397484489 ], [ 16.634645100830436, -14.72707819972176 ], [ 16.608527410455132, -14.774865624587779 ], [ 16.651350768580198, -14.821212620642548 ], [ 16.663678986459285, -14.901014429702347 ], [ 16.648676655107941, -14.938030309070943 ], [ 16.666122355337798, -14.943377090981496 ], [ 16.651550593017461, -14.949157068523771 ], [ 16.65395419701543, -14.972991268875962 ], [ 16.691291643938655, -15.032194513307189 ], [ 16.709489310957437, -15.036910882908455 ], [ 16.700262106616393, -15.048698133173993 ], [ 16.717143015301694, -15.068915657735864 ], [ 16.692681709219404, -15.091097810632952 ], [ 16.756240061229999, -15.173723019115275 ], [ 16.780882125054131, -15.173889472451812 ], [ 16.789357808397831, -15.193646127822607 ], [ 16.765475604037317, -15.211027231859891 ], [ 16.784913489745268, -15.245082923550839 ], [ 16.826898413833025, -15.252463825648704 ], [ 16.829458530599961, -15.276827363059969 ], [ 16.856964357019599, -15.280986597049722 ], [ 16.845213313879537, -15.32178247460087 ], [ 16.863264303457015, -15.319001263537373 ], [ 16.876859772927677, -15.343622007142937 ], [ 16.909404112912529, -15.344222903122311 ], [ 16.934670177829592, -15.378913142723388 ], [ 16.916773939159579, -15.380381413576021 ], [ 16.92053456937197, -15.394998567375733 ], [ 16.968671778372002, -15.418609253826048 ], [ 16.96269550376055, -15.436905146131046 ], [ 16.979233095722002, -15.445793113815192 ], [ 16.993744483582951, -15.431015139647968 ], [ 17.065459341839428, -15.568927506596591 ], [ 17.136543016739303, -15.566144349771854 ], [ 17.163238413561199, -15.644459238091162 ], [ 17.237086000611423, -15.743861739369674 ], [ 17.281905200028902, -15.86510872169044 ], [ 17.360551752042497, -15.943706641189397 ], [ 17.397535385074558, -16.050795244231136 ], [ 17.373577155647713, -16.125416195531511 ], [ 17.396774584365904, -16.243699896054824 ], [ 17.382202141394121, -16.404493321260077 ], [ 17.314406096042934, -16.570093569113247 ], [ 17.304227248966786, -16.646664983152764 ], [ 17.2081612893904, -16.77187349521591 ], [ 17.223668516167567, -16.821686878596925 ], [ 17.219078306297231, -16.974131346234927 ], [ 17.271822516374513, -17.236239257486091 ], [ 17.269670833520578, -17.389972012049054 ], [ 18.418388367407701, -17.389919281200211 ], [ 18.565261840739833, -17.585624695173834 ], [ 18.616479874325176, -17.610084534424047 ], [ 18.624317169180493, -17.642930984327759 ], [ 18.749889374273643, -17.744674683240341 ], [ 18.775867461592544, -17.742349624585845 ], [ 18.797019957683325, -17.77234458868217 ], [ 18.841178894169097, -17.779315947922985 ], [ 18.866930007891991, -17.808509827416923 ], [ 18.910646439260237, -17.822801589871833 ], [ 19.107675551863679, -17.840013504070267 ], [ 19.140493393433822, -17.812032700299223 ], [ 19.222757338858543, -17.830810547319203 ], [ 19.244880675581122, -17.820121764857848 ], [ 19.330247879236762, -17.839035033574884 ], [ 19.324914931879089, -17.858886718782035 ], [ 19.370679855191675, -17.852210999073275 ], [ 19.404258728258217, -17.870723724155518 ], [ 19.569711685146629, -17.872739791942809 ], [ 19.661924361820393, -17.852718353404267 ], [ 19.703985214146869, -17.888593674093716 ], [ 19.721433640150909, -17.88163757275078 ], [ 19.749448776440381, -17.913738250854532 ], [ 19.797365189252591, -17.877140045211853 ], [ 19.8753967290763, -17.885288239295754 ], [ 19.912799834559713, -17.865884781346136 ], [ 19.970928192197324, -17.89349555996062 ], [ 20.026998519680905, -17.903570174712307 ], [ 20.059883117926525, -17.891342162998896 ], [ 20.114038466816808, -17.911909103310968 ], [ 20.170368194751376, -17.881582259702061 ], [ 20.240610122673974, -17.895841598899203 ], [ 20.267549515113004, -17.869956970026706 ], [ 20.291339873851033, -17.879606246819318 ], [ 20.31683158892168, -17.865169525341845 ], [ 20.369888306215334, -17.898567200304576 ], [ 20.453273772781344, -17.916662216376682 ], [ 20.472396850649144, -17.94827842699635 ], [ 20.535198212442562, -17.978700638312322 ], [ 20.646261215197903, -17.978450775171655 ], [ 20.705568314241241, -18.017139435125323 ], [ 20.750635146909513, -18.008251189829021 ], [ 20.754434585602599, -18.023933411186526 ], [ 20.81847381562909, -18.041757583833967 ], [ 20.86807632417802, -18.034294128160038 ], [ 20.87067031879517, -18.009302139370725 ], [ 20.981006621673259, -17.955085754392524 ], [ 21.219751357554095, -17.932115554877431 ], [ 21.241968155421009, -17.954931258958922 ], [ 21.356870650874793, -17.985553741200693 ], [ 21.424669265589102, -18.025762557584518 ], [ 23.429891586163798, -17.63627624530108 ], [ 23.391607284784399, -17.582435607865648 ], [ 23.337673187103913, -17.554527283156201 ], [ 23.240709304826623, -17.549850464076282 ], [ 23.183650969552616, -17.479887009426569 ], [ 23.141763687280381, -17.46797943065485 ], [ 23.128810883151729, -17.428731917592593 ], [ 23.084785460916279, -17.410156249859703 ], [ 23.060121535816247, -17.344738006602405 ], [ 23.010623932284702, -17.305715560573336 ], [ 23.009187697889999, -17.288497924887974 ], [ 22.902875899838904, -17.208574295116257 ], [ 22.807123184023759, -17.173355102704473 ], [ 22.789991378735142, -17.12123298606209 ], [ 22.737052916894651, -17.081218719117224 ], [ 22.720163344898481, -17.046760559101209 ], [ 22.692733765287088, -17.039365767564767 ], [ 22.693004607812384, -17.021463394368801 ], [ 22.583057403812123, -16.907163620053705 ], [ 22.515964507791786, -16.857179641575797 ], [ 22.496778488172708, -16.817882538097322 ], [ 22.35521125772939, -16.699224471980461 ], [ 22.315710068400918, -16.635971068658566 ], [ 22.283151627281761, -16.624134064184364 ], [ 22.263328552206918, -16.586421967248615 ], [ 22.22577285816687, -16.57684707608033 ], [ 22.154310225572438, -16.500106811628672 ], [ 22.126020431833471, -16.497436523025726 ], [ 22.139661789296206, -16.481452942447977 ], [ 22.130037307711614, -16.413276671829607 ], [ 22.108549118083332, -16.34320259067567 ], [ 22.06937980736825, -16.295055389343343 ], [ 22.075002670073207, -16.267107009729347 ], [ 21.999666982081578, -16.196504433881181 ], [ 21.908558707954029, -16.16540451595429 ], [ 21.884584994537892, -16.083028922395453 ], [ 21.821963827204893, -16.033410618154125 ], [ 21.779614090154187, -15.942070995228857 ], [ 21.714890020094391, -15.936918744153388 ], [ 21.694926005067128, -15.863539953954369 ], [ 21.683946761369999, -15.871524004677678 ], [ 21.6563490148312, -15.849801582125938 ], [ 21.62427778772571, -15.859538181290638 ], [ 21.580806462084556, -15.828172514598531 ], [ 21.557903651468369, -15.736306910584091 ], [ 21.523810568538959, -15.708892953095937 ], [ 21.525518167065805, -15.653415551335275 ], [ 21.492801953383456, -15.638047995567177 ], [ 21.460535898576261, -15.593009637363291 ], [ 21.418397172178949, -15.582642849095556 ], [ 21.398045852102499, -15.551092709645136 ], [ 21.416607584436242, -15.482677344124578 ], [ 21.383887981672167, -15.428642955101751 ], [ 21.36438202856592, -15.412972651528161 ], [ 21.3397129656963, -15.431180230099766 ], [ 21.328038080170231, -15.401614339307173 ], [ 21.246905724617982, -15.355475065282469 ], [ 21.252255389966379, -15.329067274307178 ], [ 21.229910414250242, -15.314802425561929 ], [ 21.228517389730328, -15.263601331183512 ], [ 21.204027973048589, -15.246351372741234 ], [ 21.150778060445674, -15.249646662232646 ], [ 21.143902848610452, -15.198467051111358 ], [ 21.098573912028762, -15.222199170125322 ], [ 21.033423014804242, -15.120053477444422 ], [ 21.008558495965346, -15.110624493706542 ], [ 21.002087854557949, -15.083130533257155 ], [ 20.939576649814029, -15.05073115599555 ], [ 20.937619823884823, -15.022073142801034 ], [ 20.881621600350186, -15.03569518876337 ], [ 20.838344722184132, -14.988666085693108 ], [ 20.825919400404658, -15.010865777165943 ], [ 20.769616209328134, -15.011301795372017 ], [ 20.722705682040754, -14.984335601693449 ], [ 20.694766436440126, -14.988925486332477 ], [ 20.667086067482288, -14.952054227972205 ], [ 20.631166526193034, -14.957335483813832 ], [ 20.622456494201913, -14.974546477112199 ], [ 20.570600004637107, -14.962651824536948 ], [ 20.515266252795783, -14.983632551782893 ], [ 20.498799331381079, -14.960446552633993 ], [ 20.443954862548175, -14.985794877052488 ], [ 20.433113173956663, -14.973190422709919 ], [ 20.387713507646943, -14.98217519754143 ], [ 20.362700226503527, -14.957420323976994 ], [ 20.232314989003619, -14.980596979843657 ], [ 20.059250907594084, -14.857530822267389 ], [ 20.018187143797128, -14.850681321083552 ], [ 20.012524941739684, -14.819410483066935 ], [ 19.921083322379829, -14.768907488355925 ], [ 19.893027427002608, -14.721764561172506 ], [ 19.834924583883229, -14.681652022906249 ], [ 19.796989275352672, -14.629695157604566 ], [ 19.749164793837082, -14.609654658211706 ], [ 19.644629744967368, -14.474201871475561 ], [ 19.631999860767735, -14.4140023140429 ], [ 19.508381622229898, -14.238550494962315 ], [ 19.429920753097285, -14.26663126522018 ], [ 19.392206527185962, -14.264445011572018 ], [ 19.27862940730769, -14.200267395285653 ], [ 19.195056316076808, -14.227724544977665 ], [ 19.193996298569083, -14.298293611407836 ], [ 19.238748122636018, -14.414991215765721 ], [ 19.025330054586043, -14.319623083231708 ], [ 18.931473137184618, -14.404085493404367 ], [ 18.875754642603226, -14.348804381815555 ], [ 18.882246400340641, -14.320725002517037 ], [ 18.814620369930957, -14.232058136909814 ], [ 18.800290680711917, -14.102418342279382 ], [ 18.783845920206055, -14.089908596327366 ], [ 18.793813135292936, -14.042679381812533 ], [ 18.764219789028225, -14.019563583096655 ], [ 18.732592299371653, -13.935128167746019 ], [ 18.669422449480777, -13.90634245750017 ], [ 18.657454715361865, -13.8739159597345 ], [ 18.618930865492622, -13.859098488356352 ], [ 18.590000137847973, -13.79157001889612 ], [ 18.53162394381318, -13.784202897514646 ], [ 18.471535032715281, -13.80830156818919 ], [ 18.365090141654861, -13.722951415730183 ], [ 18.325605212535656, -13.711751171363112 ], [ 18.262303222479481, -13.725824928927704 ], [ 18.182167695345797, -13.682827398524971 ], [ 18.152829330183096, -13.696605480575624 ], [ 18.108130843750558, -13.678670595957303 ], [ 18.068135498467264, -13.620858315379419 ], [ 18.022785141193598, -13.586987271155476 ], [ 17.992720696438713, -13.594453482064289 ] ] ] } },
{ "type": "Feature", "properties": { "loc": "AO-A1-0009" }, "geometry": { "type": "Polygon", "coordinates": [ [ [ 15.245089359658426, -7.980642856302437 ], [ 15.206687775501226, -8.026699897639281 ], [ 15.214432967064262, -8.11844379497885 ], [ 15.185029849431064, -8.125108718257193 ], [ 15.20423900296608, -8.191153805792576 ], [ 15.148267212241606, -8.252388280599169 ], [ 15.136337294102375, -8.241505721163792 ], [ 15.115572314615999, -8.252760430081688 ], [ 15.104113174821254, -8.304577465500676 ], [ 15.051138596723757, -8.285118044268783 ], [ 14.99190996080646, -8.321892400653189 ], [ 14.955506455890877, -8.283657605561393 ], [ 14.936952536587178, -8.294518980624291 ], [ 14.91440144184244, -8.281370961622928 ], [ 14.87070530712975, -8.318772785365583 ], [ 14.844410205172487, -8.384984542026578 ], [ 14.919284861298188, -8.402325287087168 ], [ 14.951956344407513, -8.427201222560901 ], [ 14.980380684482686, -8.595924508452471 ], [ 14.970913907343331, -8.663894743764869 ], [ 14.911987343612498, -8.765720681592773 ], [ 14.906879926517824, -8.807551912341852 ], [ 14.875919343781963, -8.841045057565614 ], [ 14.805825216140267, -8.834677096202062 ], [ 14.777290656973285, -8.852347818597176 ], [ 14.744039161783462, -8.841159296894277 ], [ 14.720656931859111, -8.863114904343986 ], [ 14.655536313310868, -8.859438804448741 ], [ 14.616911701006341, -8.88276165039971 ], [ 14.575595692431786, -8.867083060556405 ], [ 14.549707238873388, -8.894245975707685 ], [ 14.511672451867152, -8.877236372641809 ], [ 14.470586113059269, -8.916898270137855 ], [ 14.417216421266055, -8.925751856670209 ], [ 14.374344148831852, -8.907694681587467 ], [ 14.359030819240814, -8.917688437354313 ], [ 14.343155842111788, -8.867742821049399 ], [ 14.287719417881739, -8.849533385342903 ], [ 14.113829894582608, -8.934869371284796 ], [ 14.079307740812297, -8.92355901277139 ], [ 14.036640152965061, -8.961418132913193 ], [ 14.040763589977077, -9.013219088592153 ], [ 14.101725109818464, -9.03930563335186 ], [ 14.074448159989572, -9.095263711380023 ], [ 13.991393815645468, -9.120975210299124 ], [ 14.152463356165423, -9.189524852890477 ], [ 14.127399669243967, -9.255373941798576 ], [ 14.173586368100377, -9.334693378179329 ], [ 14.100908943541679, -9.391731319493127 ], [ 14.120366691435304, -9.537416412878988 ], [ 14.176411763437269, -9.639425116628223 ], [ 14.256027358434586, -9.630540769157895 ], [ 14.308374205832131, -9.700349126803035 ], [ 14.368408818967549, -9.676612382339181 ], [ 14.456018660453118, -9.701310564340973 ], [ 14.479577587078918, -9.75239967797871 ], [ 14.51623668455122, -9.760328050358039 ], [ 14.529076102798388, -9.79552132969849 ], [ 14.579467219861364, -9.761471706404526 ], [ 14.612689756732156, -9.780435402489976 ], [ 14.695627065518124, -9.747231728324804 ], [ 14.751181102778244, -9.762622510246702 ], [ 14.858004498688793, -9.719101571123781 ], [ 14.94623351732054, -9.728190787483607 ], [ 14.948036036174805, -9.671554710543854 ], [ 15.03638038623567, -9.69948632572463 ], [ 15.067691079916745, -9.724833016761695 ], [ 15.158266012795973, -9.734363276140337 ], [ 15.141914508126764, -9.694216306301021 ], [ 15.161387748378452, -9.677742527796754 ], [ 15.142080048711826, -9.619699771871174 ], [ 15.086915626873498, -9.569476107193045 ], [ 15.124610573696007, -9.549615137675685 ], [ 15.144718486807918, -9.500731995875237 ], [ 15.168513277003726, -9.496751434427667 ], [ 15.179375424095376, -9.458283490518019 ], [ 15.100109244902704, -9.392453211876242 ], [ 15.145384254459948, -9.368617881964317 ], [ 15.39202870532117, -9.358278466077921 ], [ 15.395550876261055, -9.343826855316154 ], [ 15.450501856430598, -9.324953504140657 ], [ 15.467821592250619, -9.292391516430568 ], [ 15.441396668353313, -9.221878729898828 ], [ 15.456602909444772, -9.178451535469248 ], [ 15.490972507791501, -9.167863600741702 ], [ 15.519550273359783, -9.184028450587137 ], [ 15.580911017922094, -9.179704894131527 ], [ 15.623318380694329, -9.16147743835524 ], [ 15.645414237955091, -9.103193866837481 ], [ 15.62596929860911, -9.028777944071345 ], [ 15.677433033423593, -8.96302278457434 ], [ 15.675350194980542, -8.898208507371189 ], [ 15.713906529747845, -8.836572719760808 ], [ 15.662235552357551, -8.810245474449788 ], [ 15.683282759135331, -8.76374156922323 ], [ 15.709764880151234, -8.757575395537001 ], [ 15.719635265841614, -8.685384658816778 ], [ 15.695326285714817, -8.696753496295587 ], [ 15.662672182590942, -8.68717996333738 ], [ 15.59108113210792, -8.620460137870959 ], [ 15.656210314448593, -8.526287033432626 ], [ 15.651224757130322, -8.485257253600912 ], [ 15.784786796983408, -8.444178210948353 ], [ 15.830684217158542, -8.407176036828249 ], [ 15.801805745007869, -8.379656965051799 ], [ 15.810802725410955, -8.348848051081573 ], [ 15.793860679364702, -8.349137245602526 ], [ 15.806197025522728, -8.299306954487543 ], [ 15.785631708417736, -8.278039132875451 ], [ 15.795391074293264, -8.151515846849625 ], [ 15.773000502965662, -8.116285035571439 ], [ 15.732647440791236, -8.115697910170253 ], [ 15.748504113362394, -8.100144296955994 ], [ 15.732916237616745, -8.094878873756498 ], [ 15.740345081763962, -8.079391546679707 ], [ 15.76566438211362, -8.07232063095619 ], [ 15.703010330490841, -8.018287605051603 ], [ 15.647088953902166, -8.013631982202499 ], [ 15.616734029662105, -8.046123126474805 ], [ 15.449150333224981, -8.078680115985707 ], [ 15.419951213409711, -8.062612072369172 ], [ 15.392077014970784, -8.014135995482144 ], [ 15.346071284673091, -8.004111038309839 ], [ 15.34305379712988, -7.964087537959555 ], [ 15.245089359658426, -7.980642856302437 ] ] ] } },
{ "type": "Feature", "properties": { "loc": "AO-A1-0010" }, "geometry": { "type": "Polygon", "coordinates": [ [ [ 15.067691079916745, -9.724833016761695 ], [ 15.03638038623567, -9.69948632572463 ], [ 14.948036036174805, -9.671554710543854 ], [ 14.94623351732054, -9.728190787483607 ], [ 14.858004498688793, -9.719101571123781 ], [ 14.751181102778244, -9.762622510246702 ], [ 14.695627065518124, -9.747231728324804 ], [ 14.612689756732156, -9.780435402489976 ], [ 14.579467219861364, -9.761471706404526 ], [ 14.529076102798388, -9.79552132969849 ], [ 14.540021781726242, -9.824998614967898 ], [ 14.515561343598904, -9.855368346109442 ], [ 14.543062388193295, -9.931618140849322 ], [ 14.523757761116229, -10.003699029729832 ], [ 14.486280058410372, -10.059068897320836 ], [ 14.557329170773414, -10.16686187270747 ], [ 14.531293607363782, -10.188955496014765 ], [ 14.532586965835126, -10.233216927909409 ], [ 14.495511844205655, -10.231681804857798 ], [ 14.526738605815215, -10.284530570261166 ], [ 14.562241432632472, -10.29628511284916 ], [ 14.568324640646857, -10.319969357091866 ], [ 14.511672371261142, -10.452396557463365 ], [ 14.504788252185818, -10.422521352240347 ], [ 14.437531225540212, -10.416222087793129 ], [ 14.406145503703716, -10.341370272925468 ], [ 14.382136798941936, -10.321751988184827 ], [ 14.325265835747025, -10.330180328270503 ], [ 14.258091756915192, -10.270171276951393 ], [ 14.23701149229748, -10.281623858975367 ], [ 14.225491977578564, -10.270969483467477 ], [ 14.218309828860143, -10.291870032858844 ], [ 14.201779055275221, -10.275620179323456 ], [ 14.187280062439722, -10.288766981550404 ], [ 14.160943747985755, -10.283184613184885 ], [ 14.125957628494668, -10.311744133302239 ], [ 14.087587446079386, -10.3103602096598 ], [ 14.038758982530551, -10.398122826454928 ], [ 14.016103002541056, -10.408747780433339 ], [ 13.992017021358015, -10.398786367844229 ], [ 13.99525315260046, -10.385278184688099 ], [ 13.975662527992847, -10.39328688133209 ], [ 13.955448714576056, -10.363629636945829 ], [ 13.918957909569405, -10.36774607676764 ], [ 13.91428565994479, -10.343720679313476 ], [ 13.863679099700208, -10.363991082570015 ], [ 13.85839263739985, -10.379507731544161 ], [ 13.828361018735523, -10.381484400931976 ], [ 13.80936014524403, -10.358481728696459 ], [ 13.768369395320866, -10.367070049191055 ], [ 13.724537615108366, -10.338721586379732 ], [ 13.69618940410726, -10.361741824173501 ], [ 13.676006127170568, -10.348142465050328 ], [ 13.683821677318074, -10.330622594204955 ], [ 13.654979028948587, -10.309791261305326 ], [ 13.646007086447385, -10.279828507327396 ], [ 13.623860779241069, -10.282223398338767 ], [ 13.605413649809604, -10.24616744791699 ], [ 13.569000381651806, -10.251187182989755 ], [ 13.557307504327374, -10.209443145632294 ], [ 13.531628320180376, -10.198771113943353 ], [ 13.506344139859737, -10.205717124893058 ], [ 13.496835733771649, -10.229950894365883 ], [ 13.526070595371207, -10.269880294987269 ], [ 13.492985725300509, -10.248668671169861 ], [ 13.534145355313408, -10.295838356202816 ], [ 13.54673194920961, -10.343620299684689 ], [ 13.528867721657532, -10.391109467075902 ], [ 13.623073578372489, -10.478009224293908 ], [ 13.774778366218142, -10.669213294905214 ], [ 13.769952774090831, -10.714570044719421 ], [ 13.723441123898271, -10.757881165131314 ], [ 13.842145920082858, -10.927406310928115 ], [ 13.859232903160732, -10.973774909560033 ], [ 13.865062714257624, -11.008481979435439 ], [ 13.823399543938562, -11.259802817721512 ], [ 13.830300330680421, -11.314986229306681 ], [ 13.801029204818692, -11.333352088803453 ], [ 13.787980079701699, -11.549287796270372 ], [ 13.76994800628024, -11.576785087637345 ], [ 13.786090851396436, -11.617185592716575 ], [ 13.795107415559558, -11.776299962349027 ], [ 13.875166447258456, -11.76890148539084 ], [ 13.955003494800165, -11.819923312986152 ], [ 14.030013016672081, -11.815355657213425 ], [ 14.066602612205513, -11.866846991171325 ], [ 14.062149519269605, -11.926569765857636 ], [ 14.146079544220314, -11.937226157436836 ], [ 14.119468123739676, -11.986998022716183 ], [ 14.197806645345157, -11.987593982751726 ], [ 14.222588133420366, -12.034777098260079 ], [ 14.307369743503617, -12.015736229219225 ], [ 14.410578448821099, -11.876105601567904 ], [ 14.454693007361108, -11.84658108992102 ], [ 14.492603698886342, -11.855631452405262 ], [ 14.511913345404182, -11.837568362777134 ], [ 14.628755366579949, -11.991228874404374 ], [ 14.661661075900145, -12.070308311283522 ], [ 14.661960358313575, -12.109313269664373 ], [ 14.729579251941516, -12.130774864661269 ], [ 14.789454320002182, -12.090588008533548 ], [ 14.873594861573736, -12.100030393702948 ], [ 14.90304704711729, -12.137676315745221 ], [ 14.958639551656017, -12.15880364785275 ], [ 14.962956421052098, -12.180054779559917 ], [ 14.939958960078226, -12.193760726968843 ], [ 14.933887584893935, -12.229679446506097 ], [ 14.979920232958222, -12.223311529607066 ], [ 14.99839607226745, -12.202683281650611 ], [ 15.034872066690941, -12.107273078361452 ], [ 15.09795362766635, -12.028743076098152 ], [ 15.167587575495389, -12.035789190194428 ], [ 15.275262641892962, -11.995802986021047 ], [ 15.273443875297588, -11.974888977187319 ], [ 15.316873076109694, -11.941056287750367 ], [ 15.36736239050045, -11.94131665107842 ], [ 15.383449266124316, -11.87774365381668 ], [ 15.364785416269466, -11.846716434929821 ], [ 15.384857255202977, -11.833335955981521 ], [ 15.407470687711111, -11.772809465644555 ], [ 15.377402754771552, -11.75676169643142 ], [ 15.386477475408267, -11.707033957707905 ], [ 15.362074926872715, -11.673344729044969 ], [ 15.319484649066162, -11.656435024554193 ], [ 15.327593911406368, -11.633094027912231 ], [ 15.311418258801446, -11.594982259246104 ], [ 15.506600232618606, -11.508307458801751 ], [ 15.556691847760717, -11.512720948944525 ], [ 15.701119487786208, -11.46768239041617 ], [ 15.774532520323348, -11.343394969955037 ], [ 15.756483102777441, -11.302113396771377 ], [ 15.722002376822442, -11.277082219408699 ], [ 15.755553606283623, -11.277265354990954 ], [ 15.795963512102151, -11.237218042596156 ], [ 15.804279022109302, -11.196934007794615 ], [ 15.876408036378464, -11.115035686887579 ], [ 15.896577685221125, -11.05381132154927 ], [ 15.880611110843201, -11.02180905223055 ], [ 15.914344445043493, -10.968329838237493 ], [ 15.928535344437122, -10.967487042783178 ], [ 15.955286142835856, -11.029261948508099 ], [ 15.994137522697383, -11.009353514444934 ], [ 16.013471033569182, -10.972937850964351 ], [ 16.036742416215422, -10.969420448556791 ], [ 16.089007525386023, -11.005188840123795 ], [ 16.164737638412685, -11.021064510416837 ], [ 16.166212814101488, -11.039294966249239 ], [ 16.197621523200567, -11.051223034737459 ], [ 16.274843953712637, -10.895585848222359 ], [ 16.27500262619499, -10.869458155288362 ], [ 16.39409048008309, -10.819035278735681 ], [ 16.421010053856744, -10.774712118150257 ], [ 16.467576940678708, -10.75881996367635 ], [ 16.501293216968183, -10.707528479716247 ], [ 16.565283500548045, -10.67591797860136 ], [ 16.564168683228253, -10.647613321812669 ], [ 16.597699849194303, -10.628197766214656 ], [ 16.576619541734505, -10.595142517212222 ], [ 16.600605865575524, -10.573882466240706 ], [ 16.581535081640197, -10.534556376311746 ], [ 16.498025870612132, -10.448958612557361 ], [ 16.443052109566469, -10.428783851715787 ], [ 16.431437266708304, -10.403918859843545 ], [ 16.444808690476265, -10.353374033508059 ], [ 16.413334444563343, -10.30907859635081 ], [ 16.392676275264684, -10.287503457403583 ], [ 16.34176895069368, -10.273339888380631 ], [ 16.327048979741487, -10.193114729648626 ], [ 16.380251315793881, -10.148458210611425 ], [ 16.358653242325172, -10.008796997832695 ], [ 16.304182927576782, -9.961779440237942 ], [ 16.317499257492951, -9.894517381633664 ], [ 16.23437476286389, -9.862625677352957 ], [ 16.224020149587215, -9.794540004887212 ], [ 16.18095688265706, -9.748755547380364 ], [ 16.082487880257545, -9.743811701548447 ], [ 16.059417132456488, -9.728592837925524 ], [ 16.041424974314289, -9.743093579236609 ], [ 16.018184121848122, -9.714467816505371 ], [ 15.976722994487158, -9.733719475524408 ], [ 15.960329643306803, -9.712357547497033 ], [ 15.923231907933744, -9.745450997453245 ], [ 15.814791081946389, -9.713971283172343 ], [ 15.796235846159057, -9.721565022978732 ], [ 15.794677783907929, -9.751501103668817 ], [ 15.769751541776067, -9.780581318787688 ], [ 15.659500115116387, -9.796235905477927 ], [ 15.596869849087014, -9.774421090544264 ], [ 15.577494383773605, -9.799769260947913 ], [ 15.52294445135507, -9.782351980267437 ], [ 15.500794872056201, -9.799630784521499 ], [ 15.445277285422687, -9.792028989878135 ], [ 15.337179584436988, -9.820657844881945 ], [ 15.323381691659943, -9.80173345492569 ], [ 15.297085339032446, -9.818092238108514 ], [ 15.265303828867705, -9.789093446434341 ], [ 15.203501137188979, -9.794082098641402 ], [ 15.097326891533402, -9.719485495772032 ], [ 15.067691079916745, -9.724833016761695 ] ] ] } },
{ "type": "Feature", "properties": { "loc": "AO-A1-0011" }, "geometry": { "type": "MultiPolygon", "coordinates": [ [ [ [ 13.056378365000219, -8.981278418999819 ], [ 13.058078766000135, -8.972885131999911 ], [ 13.050589561000157, -8.979460715999791 ], [ 13.056378365000219, -8.981278418999819 ] ] ], [ [ [ 13.132514953580275, -8.935709000382156 ], [ 13.14256954222852, -8.933459282432091 ], [ 13.136434555188535, -8.93293476094256 ], [ 13.132514953580275, -8.935709000382156 ] ] ], [ [ [ 13.10939216609359, -8.936259270361161 ], [ 13.1268329622495, -8.903324126619308 ], [ 13.100152016080633, -8.938592911245872 ], [ 13.122120857369699, -8.938737869369243 ], [ 13.10939216609359, -8.936259270361161 ] ] ], [ [ [ 13.264204978555048, -8.758423805426366 ], [ 13.224802016777735, -8.784104346650304 ], [ 13.194479942273494, -8.826977730150146 ], [ 13.264204978555048, -8.758423805426366 ] ] ], [ [ [ 13.399775210426322, -8.742521171873166 ], [ 13.366187095926383, -8.771968841847114 ], [ 13.291455269323292, -8.754395484775982 ], [ 13.278193474327436, -8.784789085060277 ], [ 13.222365379236932, -8.807785033964214 ], [ 13.153442382637868, -8.908275604047914 ], [ 13.145772933651932, -8.954504012762113 ], [ 13.1043643946791, -8.951218604966785 ], [ 13.018396378268269, -9.093126297152901 ], [ 13.006484032190356, -9.061905861078726 ], [ 13.035185814351811, -9.004110336235064 ], [ 13.028203011237947, -8.992413520779477 ], [ 13.14655494723098, -8.864405632326259 ], [ 13.036419867660774, -8.963192940413892 ], [ 13.021518706601041, -8.998643874627158 ], [ 13.021814346133274, -9.016110420171822 ], [ 13.000123023936359, -9.030670166207392 ], [ 12.994761467345837, -9.082865715192648 ], [ 13.157855578949905, -9.346530620004115 ], [ 13.166422954233957, -9.321819307826798 ], [ 13.189137470196142, -9.322872312319378 ], [ 13.230788228971589, -9.206495982715493 ], [ 13.301574125323688, -9.154971292003703 ], [ 13.323540661650311, -9.149197165129111 ], [ 13.387004237619491, -9.177335093540831 ], [ 13.390454627201629, -9.153418161644714 ], [ 13.464090043558928, -9.170005442939081 ], [ 13.466079012638852, -9.065508419484805 ], [ 13.490152731904635, -8.984098170559266 ], [ 13.525228935979426, -8.953492074771644 ], [ 13.528111803785412, -8.896777211357746 ], [ 13.622775107853611, -8.851949754835845 ], [ 13.597152743772776, -8.823487628509833 ], [ 13.553473413935533, -8.842508212442604 ], [ 13.541232050887062, -8.823649527162539 ], [ 13.524071373763567, -8.825644814315284 ], [ 13.503218122586967, -8.808438673764366 ], [ 13.505413407271581, -8.778012368734403 ], [ 13.460814294013089, -8.746461215970905 ], [ 13.430790443692684, -8.761023842534913 ], [ 13.399775210426322, -8.742521171873166 ] ] ] ] } },
{ "type": "Feature", "properties": { "loc": "AO-A1-0012" }, "geometry": { "type": "Polygon", "coordinates": [ [ [ 20.316999435254424, -6.913003921742137 ], [ 20.301710128598227, -6.998033046836186 ], [ 19.543792725432585, -6.999424933862178 ], [ 19.562788009637622, -7.057445049098257 ], [ 19.533218384378959, -7.088126182750512 ], [ 19.495574950681416, -7.177791118738567 ], [ 19.505050659218526, -7.209093093644784 ], [ 19.487159728996328, -7.313496113028576 ], [ 19.50347709744813, -7.355403899843497 ], [ 19.494424820307188, -7.36797904986665 ], [ 19.55046463019654, -7.4720678326378 ], [ 19.521907806158367, -7.47387170808628 ], [ 19.485900878680606, -7.50258398083942 ], [ 19.493869781223427, -7.533022880874688 ], [ 19.473655700708026, -7.566803932329039 ], [ 19.381042480095179, -7.568709849885172 ], [ 19.368631362815947, -7.582894801659338 ], [ 19.409292220728158, -7.700865746162814 ], [ 19.386682509958675, -7.782680988342486 ], [ 19.361631393442824, -7.81190300042868 ], [ 19.364385604980416, -7.86125898412037 ], [ 19.343103408664142, -7.899361134114594 ], [ 19.374403000366947, -7.999999999705723 ], [ 18.800197601107183, -7.999999999705723 ], [ 18.778112410927772, -7.963711261571019 ], [ 18.779506682955827, -7.921578884363592 ], [ 18.532320022719606, -7.92037582439035 ], [ 18.527324677260815, -7.999999999705723 ], [ 18.391073227016541, -7.999999999705723 ], [ 18.398448943932344, -8.013218879952847 ], [ 18.37565994342043, -8.027325630279117 ], [ 18.304241179755376, -8.013810158117854 ], [ 18.307661056881042, -7.993837833354847 ], [ 18.293918610224491, -7.98818397461624 ], [ 18.216976165586374, -7.989454268805011 ], [ 18.098197936554339, -8.040184020881439 ], [ 18.087491988733095, -8.067992209678257 ], [ 18.100360870379983, -8.099057198448426 ], [ 17.999999999622407, -8.097600937051089 ], [ 17.981964111276838, -8.112715721270961 ], [ 17.939872742255325, -8.082389831842788 ], [ 17.884922027551653, -8.078966140692293 ], [ 17.796823501925196, -8.110906600976323 ], [ 17.721124648805553, -8.096855164351849 ], [ 17.611318588004554, -8.128493309436161 ], [ 17.5603332521999, -8.127450943024042 ], [ 17.529182157452716, -8.100236939001052 ], [ 17.523365128420032, -8.121238909265719 ], [ 17.504724350670386, -8.113291908812018 ], [ 17.496109832924578, -8.160618891566044 ], [ 17.510308346475068, -8.150473774462577 ], [ 17.550526202844097, -8.184017613539543 ], [ 17.515436053253364, -8.212251556681474 ], [ 17.539779352956852, -8.235592339832079 ], [ 17.519439810720794, -8.244352670956504 ], [ 17.54138682726234, -8.26966217618598 ], [ 17.523891489922416, -8.288788037455467 ], [ 17.546976391669222, -8.293486550881083 ], [ 17.552495567038928, -8.325210058714708 ], [ 17.533340116275475, -8.334290461253305 ], [ 17.552506678664415, -8.366575063939111 ], [ 17.528078145958581, -8.356885017708541 ], [ 17.508191395858042, -8.378866381956099 ], [ 17.519250831614741, -8.388391863878001 ], [ 17.50982023038139, -8.41251734958656 ], [ 17.495921624074029, -8.400949866104371 ], [ 17.488479913992894, -8.420741906093602 ], [ 17.468131406339804, -8.418458684429334 ], [ 17.484380494369045, -8.426696375542045 ], [ 17.476629670272992, -8.437698103069438 ], [ 17.531802958766107, -8.541241457588514 ], [ 17.524461141314251, -8.552995277668854 ], [ 17.53748436108733, -8.553211506291062 ], [ 17.527270372586656, -8.573324046773637 ], [ 17.545460479588026, -8.576218848877174 ], [ 17.52185140235758, -8.585869241464264 ], [ 17.547127843435906, -8.584045129361298 ], [ 17.541883092322141, -8.599905090916208 ], [ 17.566162749557535, -8.592409148051209 ], [ 17.550900064512653, -8.619739984303157 ], [ 17.579874472283308, -8.641902136167415 ], [ 17.565120539996482, -8.6474269687321 ], [ 17.565608038845504, -8.667217531036956 ], [ 17.593153359924063, -8.671703526741018 ], [ 17.589718918690433, -8.678860526697788 ], [ 17.557913446587037, -8.679075173275988 ], [ 17.592903749188515, -8.694161186985708 ], [ 17.559031824040439, -8.724784523750953 ], [ 17.564934131471421, -8.738761077280857 ], [ 17.594759988637243, -8.736347551584581 ], [ 17.562374121961799, -8.755758870819955 ], [ 17.583546001139183, -8.765009177529995 ], [ 17.569731031268354, -8.775502624770374 ], [ 17.585316682861674, -8.794636975934692 ], [ 17.566150824875049, -8.805619459127959 ], [ 17.582045129378976, -8.818069964358846 ], [ 17.557482668375535, -8.830345419907962 ], [ 17.582544686073032, -8.846299798121096 ], [ 17.564349819782255, -8.873804445671466 ], [ 17.557387384263112, -8.860438664542839 ], [ 17.540324791426354, -8.869346770112744 ], [ 17.54727254521633, -8.909841783896658 ], [ 17.524399531307999, -8.948380458635855 ], [ 17.543208327608006, -8.964830399698945 ], [ 17.525154997473713, -8.969978080856103 ], [ 17.542157273257697, -8.973528865665573 ], [ 17.526897107781547, -8.988052172639685 ], [ 17.54134136134704, -8.979713801276349 ], [ 17.540198611836022, -9.011472319447625 ], [ 17.560193365700627, -9.00912321232156 ], [ 17.568466582332043, -9.028557594509104 ], [ 17.551973978141788, -9.054695819799777 ], [ 17.584903237230609, -9.07981951488234 ], [ 17.559340494337139, -9.127747858926996 ], [ 17.543367399440335, -9.131606765769687 ], [ 17.545686051126896, -9.174067620167895 ], [ 17.5344468282157, -9.178067594098374 ], [ 17.556885787751852, -9.225657614804708 ], [ 17.543234151281784, -9.223619706582801 ], [ 17.545177935243839, -9.237852076229794 ], [ 17.508113756376531, -9.236457344471974 ], [ 17.484607647433847, -9.255006457469209 ], [ 17.470074484158271, -9.24626250934614 ], [ 17.466869636131488, -9.264626927445422 ], [ 17.400754549107234, -9.26141640004087 ], [ 17.371151015369257, -9.29420504092017 ], [ 17.351650023397358, -9.283789612407537 ], [ 17.32092050282974, -9.299894622320762 ], [ 17.314416530655752, -9.284729857714039 ], [ 17.304462511889263, -9.338738010803263 ], [ 17.284770812877781, -9.332982693533657 ], [ 17.296706877803025, -9.373603445086479 ], [ 17.311260924508964, -9.3783453475942 ], [ 17.294822024156709, -9.400544080563447 ], [ 17.34368795232939, -9.411464693951169 ], [ 17.309805122474131, -9.42345292870869 ], [ 17.332452507331642, -9.424175148649697 ], [ 17.350397081007785, -9.449731284386479 ], [ 17.349741019334086, -9.467634766432878 ], [ 17.332677131476704, -9.463852960547273 ], [ 17.337939324405838, -9.484033525541383 ], [ 17.366297005183462, -9.469488808008522 ], [ 17.359818016788253, -9.488694883926888 ], [ 17.388418359520852, -9.499134708058113 ], [ 17.378027818648611, -9.514893238979797 ], [ 17.399977812200085, -9.514286748450177 ], [ 17.378573364357042, -9.527313315196887 ], [ 17.391970536093115, -9.537153553113301 ], [ 17.369833034398852, -9.602758200046738 ], [ 17.395294458899535, -9.597809923329473 ], [ 17.411642947481099, -9.624403308031019 ], [ 17.443705190737813, -9.602981202163422 ], [ 17.436100865814375, -9.61756371802022 ], [ 17.456326794145305, -9.627176432092336 ], [ 17.463709267212568, -9.606488995674637 ], [ 17.472890949981412, -9.653412918743213 ], [ 17.448418659126386, -9.668186793024317 ], [ 17.477748059897102, -9.688856768017887 ], [ 17.498292993824993, -9.664353706985255 ], [ 17.499222649238444, -9.699193506856544 ], [ 17.523634207455441, -9.676450674056595 ], [ 17.529691846510076, -9.691951597477791 ], [ 17.540288401607462, -9.67601204500396 ], [ 17.552073074232055, -9.686416822597424 ], [ 17.552483919197837, -9.671686657198789 ], [ 17.58071590397412, -9.685146269295656 ], [ 17.570150150246366, -9.713263064490954 ], [ 17.58121189843358, -9.741533433337116 ], [ 17.601753365912653, -9.741377391801867 ], [ 17.592484547227638, -9.747270525947963 ], [ 17.605617564981291, -9.762486148840269 ], [ 17.59095568738589, -9.755826145127481 ], [ 17.582909314387862, -9.771393105459639 ], [ 17.608808038925616, -9.836002230668109 ], [ 17.61584482683789, -9.821961316140074 ], [ 17.639707524342541, -9.837724194472278 ], [ 17.654724661745025, -9.824379870351732 ], [ 17.679132849119306, -9.836401378102858 ], [ 17.676212888764464, -9.8541441684081 ], [ 17.751520547087551, -9.855183704794493 ], [ 17.800602930558451, -9.901922017130952 ], [ 17.842751495001519, -9.860818114714368 ], [ 17.81677591921591, -9.860150262932935 ], [ 17.820709673490853, -9.819936329096338 ], [ 17.87993054833974, -9.84379819801641 ], [ 17.895960993397253, -9.867578394536705 ], [ 17.961727106944103, -9.851505573141909 ], [ 17.981796341419631, -9.862653901225974 ], [ 17.995824896608426, -9.904096449095038 ], [ 18.025231275039477, -9.882258962875637 ], [ 18.009901778896964, -9.922381207952272 ], [ 18.034934098006072, -9.910577825254899 ], [ 18.029578593600259, -9.924924316792675 ], [ 18.044704817392443, -9.925293302183627 ], [ 18.023652006561441, -9.939655606266632 ], [ 18.05974885666739, -9.937429472193108 ], [ 18.046442483978264, -9.954442603916261 ], [ 18.061957543454632, -9.94848046450049 ], [ 18.057875899833498, -9.962435951197582 ], [ 18.067251156853814, -9.95501134846212 ], [ 18.077100411024638, -9.977758729375067 ], [ 18.070973763156317, -9.936820527202942 ], [ 18.094635848428631, -9.942422643532881 ], [ 18.098456430193011, -9.92802680392432 ], [ 18.145389026873104, -9.918416686374934 ], [ 18.09418196829693, -9.955205799288494 ], [ 18.14690524381728, -9.963506246598422 ], [ 18.236509863840844, -9.913500980358117 ], [ 18.297241071456583, -9.810886216154616 ], [ 18.337861682472045, -9.785252275245929 ], [ 18.355248998666163, -9.751433366522614 ], [ 18.410246738642222, -9.730332961059732 ], [ 18.426964562046777, -9.675460388044824 ], [ 18.481229020207479, -9.727213334872223 ], [ 18.511045631866452, -9.731840554930363 ], [ 18.498506951323712, -9.745881754958022 ], [ 18.577181897214068, -9.759166045330639 ], [ 18.571232069681898, -9.76909296525689 ], [ 18.616224509078627, -9.785689668482403 ], [ 18.61855687166063, -9.800903333720138 ], [ 18.643714678004919, -9.79880017617735 ], [ 18.626828983924781, -9.817064974408988 ], [ 18.641266312019411, -9.819755227890395 ], [ 18.641467239389087, -9.849723499388633 ], [ 18.690578921633794, -9.836262224002615 ], [ 18.70202033326045, -9.863181325656148 ], [ 18.753937261433329, -9.888750262365479 ], [ 18.766519654669622, -9.87871745858652 ], [ 18.774605939406364, -9.911771107325743 ], [ 18.78826198395025, -9.905001163831853 ], [ 18.803743741150569, -9.921782979207419 ], [ 18.808565043501702, -9.907340508263088 ], [ 18.834119300282914, -9.904480192027313 ], [ 18.879222062120604, -9.955534876598074 ], [ 18.867770490828661, -10.000690440706498 ], [ 18.903965364307851, -10.04194843247396 ], [ 18.895307129960237, -10.049436211194132 ], [ 18.91553602441185, -10.050353410561078 ], [ 18.952648036414033, -10.107324713030655 ], [ 19.052457125514444, -10.040677754039043 ], [ 19.123790275797425, -10.043561278520544 ], [ 19.179902919909431, -9.978450328741287 ], [ 19.177355717114786, -9.962546477446624 ], [ 19.208168536797565, -9.962823070891838 ], [ 19.257616538528133, -9.902441907395302 ], [ 19.321847723139207, -9.860460136388275 ], [ 19.32541165988777, -9.757969732204922 ], [ 19.283462335962298, -9.700221832339176 ], [ 19.281910044898432, -9.647894447172392 ], [ 19.311538332760847, -9.608245531623863 ], [ 19.346974172468556, -9.593853855570847 ], [ 19.389549771408099, -9.601170941052009 ], [ 19.522752920325459, -9.579658549139461 ], [ 19.627313492483012, -9.844140716253472 ], [ 19.610392927225107, -9.940046846111686 ], [ 19.650468091548134, -9.922104314313055 ], [ 19.681155779184323, -9.880814428517729 ], [ 19.807976634487545, -9.895846256015576 ], [ 19.859336514685744, -9.817407253504099 ], [ 19.905320314631147, -9.803046500137272 ], [ 19.94011948452048, -9.693213467220266 ], [ 19.934682277712135, -9.574833278968567 ], [ 20.026804427246425, -9.534587602714653 ], [ 20.048325663526612, -9.500401571978815 ], [ 20.107380560763843, -9.468473217393628 ], [ 20.233559433686743, -9.44002927004736 ], [ 20.259425542958276, -9.385845238209681 ], [ 20.363370494609256, -9.309920827135235 ], [ 20.350054095864145, -9.244965377638762 ], [ 20.362231145217713, -9.224452293586586 ], [ 20.344888507373149, -9.223030172722671 ], [ 20.334419589941355, -9.180441246583696 ], [ 20.353481861576306, -9.140937046710699 ], [ 20.348758577141801, -9.088897868486493 ], [ 20.367909610681423, -9.022901212368653 ], [ 20.39868134721452, -9.007722113248088 ], [ 20.439970248346739, -8.953170154293103 ], [ 20.482968997317386, -8.943650993653543 ], [ 20.592942214051213, -8.993611620653455 ], [ 20.609192497172302, -8.935675847481198 ], [ 20.710280879516674, -8.901649652429425 ], [ 20.809232775017428, -8.686555423952372 ], [ 21.116165076572457, -8.57909456637517 ], [ 21.2675645152828, -8.575617308225928 ], [ 21.343752786654413, -8.642529606889552 ], [ 21.39239304849303, -8.735921140981576 ], [ 21.449332219099304, -8.675353276066536 ], [ 21.479003564855326, -8.574829222424421 ], [ 21.606836603519142, -8.448538881697734 ], [ 21.632458928029763, -8.455211828796619 ], [ 21.653259924998203, -8.498541011192421 ], [ 21.765307222243191, -8.484545796584944 ], [ 21.813050386958466, -8.367550606608956 ], [ 21.936691753014692, -8.327805692012783 ], [ 21.896125793363375, -8.291080475117566 ], [ 21.877857208136309, -8.197234153866853 ], [ 21.886589049637628, -8.175045012850793 ], [ 21.854845047153848, -8.143987656239085 ], [ 21.745449066413958, -7.938798903880043 ], [ 21.770673752084679, -7.893627167093845 ], [ 21.768043518386371, -7.777423858957691 ], [ 21.828212738120012, -7.622166157276103 ], [ 21.847673416087954, -7.604876040730405 ], [ 21.853277205970922, -7.557061194652151 ], [ 21.836359023842533, -7.520002841891374 ], [ 21.856906891332617, -7.475027083566813 ], [ 21.843030930425744, -7.459077834608122 ], [ 21.853477477796002, -7.426456928378281 ], [ 21.828805922847749, -7.402874947054864 ], [ 21.838235854993382, -7.385778904206811 ], [ 21.819744110195227, -7.327550888196624 ], [ 21.780588149915836, -7.283893107914322 ], [ 20.541683197200467, -7.281429768017903 ], [ 20.543611526229633, -7.1440820693805 ], [ 20.589509963792452, -7.005997181173532 ], [ 20.618471146404982, -6.975555897035571 ], [ 20.627147675103785, -6.913396834644706 ], [ 20.316999435254424, -6.913003921742137 ] ] ] } },
{ "type": "Feature", "properties": { "loc": "AO-A1-0013" }, "geometry": { "type": "Polygon", "coordinates": [ [ [ 21.813050386571042, -8.367550606567567 ], [ 21.765307221855767, -8.484545796543644 ], [ 21.65325992551006, -8.498541012050401 ], [ 21.63245892764234, -8.45521182875523 ], [ 21.606836603131629, -8.448538881656434 ], [ 21.479003565367183, -8.574829222383032 ], [ 21.449332218711881, -8.675353276025236 ], [ 21.392393049004976, -8.735921140940276 ], [ 21.343752787166359, -8.642529606848251 ], [ 21.267564514895376, -8.575617308184539 ], [ 21.116165076561977, -8.579094566553339 ], [ 20.809232774577868, -8.686555423886025 ], [ 20.710280879763765, -8.901649652801572 ], [ 20.609192497041029, -8.93567584775449 ], [ 20.59294221441661, -8.993611620971867 ], [ 20.482968997526196, -8.943650993390998 ], [ 20.439970248533079, -8.95317015447136 ], [ 20.398681347271275, -9.00772211337714 ], [ 20.367909610844848, -9.022901212613258 ], [ 20.348758577551251, -9.088897868334348 ], [ 20.353481861903333, -9.140937046799605 ], [ 20.334419589897124, -9.180441246158969 ], [ 20.344888507003933, -9.223030172296967 ], [ 20.362231144856402, -9.224452293630817 ], [ 20.350054095924719, -9.244965378042084 ], [ 20.363370495057254, -9.309920827476562 ], [ 20.259425542659582, -9.385845238659188 ], [ 20.233559433525983, -9.440029269627429 ], [ 20.107380561069021, -9.46847321705763 ], [ 20.048325663403599, -9.500401571567588 ], [ 20.026804427287459, -9.534587603027825 ], [ 19.934682277270266, -9.574833279024967 ], [ 19.940119484831342, -9.693213467220088 ], [ 19.905320314485841, -9.803046500487925 ], [ 19.859336515073078, -9.817407253534297 ], [ 19.813277200487356, -9.893687459001358 ], [ 19.681155778821058, -9.880814428335563 ], [ 19.650468091234341, -9.922104314354977 ], [ 19.610392927596454, -9.940046845877562 ], [ 19.627313492928256, -9.844140716513175 ], [ 19.567841012157938, -9.719862406517224 ], [ 19.562197633975664, -9.666968803912171 ], [ 19.54200666228143, -9.65489554675664 ], [ 19.546125517816826, -9.618779627338784 ], [ 19.51722722229885, -9.577005945109343 ], [ 19.311538332760847, -9.608245531623863 ], [ 19.285966207364069, -9.636460741329037 ], [ 19.280969296179151, -9.66930986771383 ], [ 19.298949272704213, -9.736100389135652 ], [ 19.32541165988777, -9.757969732204922 ], [ 19.321847723139207, -9.860460136388275 ], [ 19.257616538528133, -9.902441907395302 ], [ 19.208168536797565, -9.962823070891838 ], [ 19.177355717114786, -9.962546477446624 ], [ 19.179902919909431, -9.978450328741287 ], [ 19.123790275797425, -10.043561278520544 ], [ 19.052457125514444, -10.040677754039043 ], [ 18.953552870613599, -10.10712118081886 ], [ 18.91553602441185, -10.050353410561078 ], [ 18.895307129960237, -10.049436211194132 ], [ 18.903965364307851, -10.04194843247396 ], [ 18.867770490828661, -10.000690440706498 ], [ 18.879222062120604, -9.955534876598074 ], [ 18.834119300282914, -9.904480192027313 ], [ 18.808565043501702, -9.907340508263088 ], [ 18.803743741150569, -9.921782979207419 ], [ 18.78826198395025, -9.905001163831853 ], [ 18.774605939406364, -9.911771107325743 ], [ 18.766519654669622, -9.87871745858652 ], [ 18.753937261433329, -9.888750262365479 ], [ 18.70202033326045, -9.863181325656148 ], [ 18.690578921633794, -9.836262224002615 ], [ 18.643638108679106, -9.850005803457909 ], [ 18.65323878653804, -9.857097018306385 ], [ 18.641242000391856, -9.867762582661102 ], [ 18.670534325180199, -9.869286692535587 ], [ 18.665048521478411, -9.893971488670919 ], [ 18.678166134481522, -9.890286547201447 ], [ 18.692050644104086, -9.927465370322667 ], [ 18.678935542638264, -9.925040169518043 ], [ 18.680343967235302, -9.940891868834326 ], [ 18.701829528713709, -9.955814852602943 ], [ 18.692862533800181, -9.97659900681708 ], [ 18.710071613157808, -10.008398054880599 ], [ 18.692848210135793, -10.044049644074674 ], [ 18.703655406594422, -10.053949994409153 ], [ 18.679751414311419, -10.083702668572473 ], [ 18.654444446791629, -10.087196116861433 ], [ 18.655153711137018, -10.10980105596501 ], [ 18.622661220701175, -10.114528987385333 ], [ 18.632464766042389, -10.138768703819215 ], [ 18.60194796860366, -10.123365274509647 ], [ 18.595431006816554, -10.155237839416712 ], [ 18.575287259970352, -10.145628648592689 ], [ 18.568142650419972, -10.167935795521258 ], [ 18.534362278135674, -10.168495173363526 ], [ 18.56073957565183, -10.190374406920158 ], [ 18.531494938308057, -10.184909615961027 ], [ 18.551282022114712, -10.203069937696144 ], [ 18.526456589471962, -10.216189162038761 ], [ 18.536348035823558, -10.236705697396046 ], [ 18.521063017390915, -10.22704142843495 ], [ 18.506128641100084, -10.260998412479841 ], [ 18.518559110125032, -10.276347961793212 ], [ 18.502527886753484, -10.275686450519986 ], [ 18.487672878485562, -10.299427035846934 ], [ 18.493246537004282, -10.316633019905256 ], [ 18.503788919004371, -10.2955270893523 ], [ 18.51550000584794, -10.310562019644523 ], [ 18.506772548056993, -10.325113221515162 ], [ 18.533272485546348, -10.333368982205618 ], [ 18.506894442597499, -10.330251909907298 ], [ 18.519911280822399, -10.345465596422413 ], [ 18.497647152117302, -10.350655630655284 ], [ 18.516135390865784, -10.379237852763859 ], [ 18.497441808346338, -10.367234545963081 ], [ 18.482566518931876, -10.389370226609499 ], [ 18.45559655143294, -10.386063918143021 ], [ 18.450499138565846, -10.406487209068219 ], [ 18.46882750470602, -10.414641900817193 ], [ 18.455983773850804, -10.444722937864595 ], [ 18.471423130569953, -10.438001541084999 ], [ 18.481780910587098, -10.464617318780936 ], [ 18.502786794971016, -10.462266631451525 ], [ 18.496922133437721, -10.483405242349756 ], [ 18.480785963391888, -10.485959691908745 ], [ 18.490841470170061, -10.492113981826071 ], [ 18.505281026825493, -10.482028157423221 ], [ 18.502066997249855, -10.496391354969839 ], [ 18.519198109228618, -10.489969739847075 ], [ 18.507843448145067, -10.507764014222834 ], [ 18.53454126159324, -10.501454328955765 ], [ 18.539098794563813, -10.521615437569368 ], [ 18.556793917528758, -10.519104322780374 ], [ 18.569247135573264, -10.568754560512753 ], [ 18.587911295355219, -10.548351999388808 ], [ 18.585730664866418, -10.567989354229704 ], [ 18.607989753845366, -10.589192607619383 ], [ 18.64165204652295, -10.56953272656426 ], [ 18.632317327033121, -10.592831513472914 ], [ 18.66309001466977, -10.614251835777525 ], [ 18.642900468240597, -10.631124986949528 ], [ 18.668968205876801, -10.628531567842328 ], [ 18.670942444153127, -10.641011870435749 ], [ 18.652473517261292, -10.633390493056153 ], [ 18.650224854501296, -10.68442317341202 ], [ 18.631733109685022, -10.681059370087779 ], [ 18.601178518086492, -10.706602929559553 ], [ 18.622647376010448, -10.747722258985229 ], [ 18.615432074489391, -10.777563847948249 ], [ 18.649310331430868, -10.835663790450459 ], [ 18.6496252553491, -10.866875604591423 ], [ 18.751926419790088, -10.937836573796359 ], [ 18.782041464197796, -11.009021797084865 ], [ 18.844394824976973, -11.044204084661816 ], [ 18.886535203545307, -11.089334613607496 ], [ 19.006820551720871, -11.146422642467494 ], [ 19.053529693778515, -11.217075598650853 ], [ 19.115761682061461, -11.198212980457326 ], [ 19.170125130908744, -11.236010491661267 ], [ 19.198478792471363, -11.227971425689423 ], [ 19.218499271559963, -11.254286249230608 ], [ 19.16678477281426, -11.338272290528254 ], [ 19.191345992466502, -11.387698465452326 ], [ 19.128212296941882, -11.408250518384536 ], [ 19.144026144759962, -11.452604738846764 ], [ 19.194996525108898, -11.456695898805838 ], [ 19.255651188111145, -11.438002093629743 ], [ 19.272761451172649, -11.403960883498213 ], [ 19.390391283087105, -11.419600221251761 ], [ 19.427130888322353, -11.386921059301939 ], [ 19.454734942208418, -11.387261774122029 ], [ 19.564178736092153, -11.248758723122224 ], [ 19.637157777912684, -11.249695633786386 ], [ 19.706475435854642, -11.304770593870353 ], [ 19.780285961717503, -11.284222593915208 ], [ 19.779458847760978, -11.259566797969947 ], [ 19.793630747667557, -11.251207070670747 ], [ 19.850523488199912, -11.251454085474913 ], [ 19.880728557093796, -11.29994584501072 ], [ 19.916905216650704, -11.28866748477663 ], [ 19.926333784858663, -11.256268089148206 ], [ 19.958421549218208, -11.267513864484583 ], [ 19.982955681957826, -11.241337920781161 ], [ 20.055995201662924, -11.276059728852386 ], [ 20.083417418794447, -11.271939640531917 ], [ 20.160343694691818, -11.187550685156614 ], [ 20.223851603183007, -11.239884381203749 ], [ 20.272491757896915, -11.233309386997773 ], [ 20.336395071875124, -11.279332906525466 ], [ 20.382834098251656, -11.259696270883227 ], [ 20.444631083582543, -11.285760087566358 ], [ 20.500905681017834, -11.347221554488188 ], [ 20.523996482732265, -11.336463917075227 ], [ 20.553901982346545, -11.375134477846474 ], [ 20.604666599097499, -11.381396045598771 ], [ 20.649945506985112, -11.424158970360901 ], [ 20.694824472095874, -11.418470962962394 ], [ 20.709062422299773, -11.446681872847956 ], [ 20.754192834094631, -11.446620837410451 ], [ 20.795068593720423, -11.480832519042275 ], [ 20.839580879476927, -11.47113608416103 ], [ 20.864812607838168, -11.490510660079215 ], [ 20.883363972903801, -11.476996161774059 ], [ 20.9958593094834, -11.506888601487889 ], [ 20.988113430920485, -11.447346518606297 ], [ 21.049799300679695, -11.413749520043007 ], [ 21.078049056058745, -11.424373235073185 ], [ 21.083298447667609, -11.409065811949107 ], [ 21.102198457793264, -11.41279816914246 ], [ 21.127257155021439, -11.352792683565097 ], [ 21.145423083133252, -11.355026296621388 ], [ 21.1598804895333, -11.33388901492515 ], [ 21.17903421351528, -11.343251179650663 ], [ 21.168045505289257, -11.328010941186909 ], [ 21.187422197769923, -11.308971135217819 ], [ 21.177807029564466, -11.29920273332751 ], [ 21.230229246376364, -11.300850894761064 ], [ 21.283477249469218, -11.267136403030667 ], [ 21.355969190319612, -11.257477228299498 ], [ 21.366172747168299, -11.240211653353219 ], [ 21.432342685160499, -11.238302639063638 ], [ 21.45460606611076, -11.203319317240782 ], [ 21.486548837652464, -11.203036722374874 ], [ 21.489635077090874, -11.188538233660653 ], [ 21.506996444224225, -11.193038324267294 ], [ 21.503484603325518, -11.207133560573427 ], [ 21.535728984998403, -11.198730528299331 ], [ 21.544944549345235, -11.2123392097948 ], [ 21.657729911200185, -11.175003814582466 ], [ 21.653338679030565, -11.09263177784238 ], [ 21.630103247860344, -11.082981154764552 ], [ 21.653891831336658, -11.053601718152853 ], [ 21.647463588867311, -11.027287673795142 ], [ 21.666781543527147, -11.02942929863128 ], [ 21.660268179326714, -11.010890897904671 ], [ 21.693863102593891, -10.982702774321643 ], [ 21.679728222373296, -10.932016887577381 ], [ 21.713817344688469, -10.850437082513379 ], [ 21.768405501306543, -10.824804267411073 ], [ 21.754094147120906, -10.755902236706897 ], [ 21.795697749944942, -10.64045658401224 ], [ 21.819097931518083, -10.621187460740758 ], [ 21.863143232368021, -10.610475161007896 ], [ 21.897722976228096, -10.628347727074031 ], [ 21.953415428373102, -10.614652050559728 ], [ 22.039665373252149, -10.623455657960315 ], [ 22.085978751711721, -10.58256776799619 ], [ 22.19267078312388, -10.592595257373253 ], [ 22.266427290380886, -10.628131090285612 ], [ 22.316171978147992, -10.6015101855547 ], [ 22.31514549286393, -10.54002952585004 ], [ 22.277967452929381, -10.508467673852154 ], [ 22.327953338869211, -10.385121345681606 ], [ 22.282140731703137, -10.301753997756849 ], [ 22.280138016150275, -10.260805130160714 ], [ 22.236194611186111, -10.209411620857681 ], [ 22.218664168810065, -10.022098540823047 ], [ 22.198202132616096, -9.998943329179403 ], [ 22.208740233668589, -9.986841201868005 ], [ 22.191364287625515, -9.926920891094296 ], [ 22.116653442296297, -9.875267982239647 ], [ 22.073268890440723, -9.877661705031718 ], [ 22.012361526057322, -9.815752029140926 ], [ 22.003419876319974, -9.751761436249376 ], [ 21.976654053035816, -9.764170646965878 ], [ 21.934242249274138, -9.686778069160665 ], [ 21.875926971146509, -9.653143883291607 ], [ 21.868167876839806, -9.565718651302793 ], [ 21.829900741719577, -9.497322082755991 ], [ 21.8348369603512, -9.464959145256438 ], [ 21.792890548553689, -9.420432091076206 ], [ 21.860544205144716, -9.241108893868391 ], [ 21.84284400943719, -9.081231116730729 ], [ 21.862081527945065, -9.051537514237276 ], [ 21.850559234925715, -9.022709845875069 ], [ 21.861555098993524, -8.909537315087382 ], [ 21.904457091726304, -8.766574860233925 ], [ 21.913627625219689, -8.647439003199745 ], [ 21.936325072948737, -8.613879203854561 ], [ 21.922601700013367, -8.599973678634734 ], [ 21.959760666226735, -8.496953964046542 ], [ 21.918107985599988, -8.38359165202546 ], [ 21.937261581062018, -8.331409454375175 ], [ 21.813050386571042, -8.367550606567567 ] ] ] } },
{ "type": "Feature", "properties": { "loc": "AO-A1-0014" }, "geometry": { "type": "Polygon", "coordinates": [ [ [ 16.596826359953987, -7.350064240627466 ], [ 16.386437649283536, -7.415637248215626 ], [ 16.348230552003784, -7.453762243687803 ], [ 16.336664681435309, -7.514569929014284 ], [ 16.302833829123387, -7.527588434913538 ], [ 16.277793913663618, -7.562701135004582 ], [ 16.255167576228136, -7.559055032518961 ], [ 16.230323000711344, -7.577635367733274 ], [ 16.202362379525592, -7.617999420592062 ], [ 16.071297949945862, -7.614433390144063 ], [ 16.026401545100644, -7.633894254271626 ], [ 16.048035317881038, -7.696649898129563 ], [ 16.03521577799123, -7.750084838799479 ], [ 16.07727721937362, -7.840305248243832 ], [ 16.06779169383703, -7.862684307190252 ], [ 16.093355555220157, -7.91282112005384 ], [ 16.099475637795901, -7.993567267970262 ], [ 16.126924467395654, -8.043132455553584 ], [ 16.097385087257443, -8.107269148707511 ], [ 16.103089246178559, -8.143214326144635 ], [ 16.039888335833563, -8.141428496207196 ], [ 16.023727794891141, -8.16522687853857 ], [ 15.986886475663464, -8.170254283411685 ], [ 15.906241685720879, -8.256742108621898 ], [ 15.791102096605591, -8.227525002820949 ], [ 15.785631708417736, -8.278039132875451 ], [ 15.806197025522728, -8.299306954487543 ], [ 15.793860679364702, -8.349137245602526 ], [ 15.810802725410955, -8.348848051081573 ], [ 15.801805745007869, -8.379656965051799 ], [ 15.830684217158542, -8.407176036828249 ], [ 15.784786796983408, -8.444178210948353 ], [ 15.651224757130322, -8.485257253600912 ], [ 15.656210314448593, -8.526287033432626 ], [ 15.59108113210792, -8.620460137870959 ], [ 15.662672182590942, -8.68717996333738 ], [ 15.695326285714817, -8.696753496295587 ], [ 15.719635265841614, -8.685384658816778 ], [ 15.709764880151234, -8.757575395537001 ], [ 15.683282759135331, -8.76374156922323 ], [ 15.662235552357551, -8.810245474449788 ], [ 15.713906529747845, -8.836572719760808 ], [ 15.675350194980542, -8.898208507371189 ], [ 15.677433033423593, -8.96302278457434 ], [ 15.62596929860911, -9.028777944071345 ], [ 15.645414237955091, -9.103193866837481 ], [ 15.623840474391226, -9.16043528804297 ], [ 15.580911017922094, -9.179704894131527 ], [ 15.519550273359783, -9.184028450587137 ], [ 15.490972507791501, -9.167863600741702 ], [ 15.456602909444772, -9.178451535469248 ], [ 15.441396668353313, -9.221878729898828 ], [ 15.467821592250619, -9.292391516430568 ], [ 15.450501856430598, -9.324953504140657 ], [ 15.395550876261055, -9.343826855316154 ], [ 15.39202870532117, -9.358278466077921 ], [ 15.145384254459948, -9.368617881964317 ], [ 15.100109244902704, -9.392453211876242 ], [ 15.180033574118568, -9.463424513626487 ], [ 15.167989154730677, -9.497402490417853 ], [ 15.134562807810958, -9.514728351061633 ], [ 15.124610573696007, -9.549615137675685 ], [ 15.086915626873498, -9.569476107193045 ], [ 15.142080048711826, -9.619699771871174 ], [ 15.161520357648506, -9.68073613376467 ], [ 15.141914508126764, -9.694216306301021 ], [ 15.160167690099069, -9.732800480843609 ], [ 15.100993720464562, -9.72514369106762 ], [ 15.203501137188979, -9.794082098641402 ], [ 15.265303828867705, -9.789093446434341 ], [ 15.297085339032446, -9.818092238108514 ], [ 15.323381691659943, -9.80173345492569 ], [ 15.337179584436988, -9.820657844881945 ], [ 15.445277285422687, -9.792028989878135 ], [ 15.500794872056201, -9.799630784521499 ], [ 15.52294445135507, -9.782351980267437 ], [ 15.577494383773605, -9.799769260947913 ], [ 15.596869849087014, -9.774421090544264 ], [ 15.659500115116387, -9.796235905477927 ], [ 15.769751541776067, -9.780581318787688 ], [ 15.794677783907929, -9.751501103668817 ], [ 15.796235846159057, -9.721565022978732 ], [ 15.814791081946389, -9.713971283172343 ], [ 15.925855869951899, -9.745508959835073 ], [ 15.957707809411747, -9.712950533710766 ], [ 15.976722994487158, -9.733719475524408 ], [ 16.018184121848122, -9.714467816505371 ], [ 16.041424974314289, -9.743093579236609 ], [ 16.061909907950955, -9.728715240258504 ], [ 16.082487880257545, -9.743811701548447 ], [ 16.15311204561376, -9.738765397495511 ], [ 16.188059689114986, -9.754131395250424 ], [ 16.224020149587215, -9.794540004887212 ], [ 16.23437476286389, -9.862625677352957 ], [ 16.317499257492951, -9.894517381633664 ], [ 16.304182927576782, -9.961779440237942 ], [ 16.358653242325172, -10.008796997832695 ], [ 16.380251315793881, -10.148458210611425 ], [ 16.327048979741487, -10.193114729648626 ], [ 16.34176895069368, -10.273339888380631 ], [ 16.394388565757367, -10.288471982878514 ], [ 16.442353834367296, -10.348180405861177 ], [ 16.431437266708304, -10.403918859843545 ], [ 16.443052109566469, -10.428783851715787 ], [ 16.498025870612132, -10.448958612557361 ], [ 16.581535081640197, -10.534556376311746 ], [ 16.600605865575524, -10.573882466240706 ], [ 16.643356207985782, -10.588949751909174 ], [ 16.614954948390004, -10.614597006884422 ], [ 16.6246355814617, -10.654618935129859 ], [ 16.660550589228151, -10.656056861746213 ], [ 16.670052467820184, -10.698028694968334 ], [ 16.715671609100458, -10.705001580580712 ], [ 16.778705117192239, -10.776589673920403 ], [ 16.818967796526696, -10.787868864183784 ], [ 16.873377495343345, -10.7673159636034 ], [ 16.931739333009332, -10.769689602234026 ], [ 17.051530266994419, -10.810088123515952 ], [ 17.053881036689145, -10.826851863768075 ], [ 17.087504571175582, -10.846786962143865 ], [ 17.107324405256019, -10.811598522046731 ], [ 17.14699163603175, -10.811780546226638 ], [ 17.161497510109225, -10.853234828870276 ], [ 17.230705676376257, -10.879793001911301 ], [ 17.281782120164824, -10.865501847355722 ], [ 17.314247637753688, -10.903884268408929 ], [ 17.370715268743098, -10.9310221931232 ], [ 17.386985117176668, -11.015229111203309 ], [ 17.418948894209407, -11.036692753513725 ], [ 17.414817394914373, -11.062668915442023 ], [ 17.454955056077548, -11.108248571575588 ], [ 17.449084051576325, -11.177351154239515 ], [ 17.410007062959831, -11.191511839239846 ], [ 17.388366033461988, -11.230039294128838 ], [ 17.462587644071004, -11.253651475842 ], [ 17.462710322796315, -11.331652396510409 ], [ 17.484261497459208, -11.325644696888807 ], [ 17.530043982552002, -11.381252272212064 ], [ 17.52071900860992, -11.434486154358551 ], [ 17.494728101499923, -11.468889761129889 ], [ 17.50727851994851, -11.478730889080483 ], [ 17.493803592497059, -11.486663239871989 ], [ 17.515524112777658, -11.498628100621358 ], [ 17.538486784143359, -11.480166446610843 ], [ 17.547220385641538, -11.506027050819393 ], [ 17.498656252635669, -11.514051619358648 ], [ 17.47770260435404, -11.564969746562218 ], [ 17.488719213415571, -11.596426912771088 ], [ 17.534874224940911, -11.639229976647739 ], [ 17.533951099533329, -11.672565050847941 ], [ 17.507327638919268, -11.694330183142002 ], [ 17.527206813171947, -11.7079412041767 ], [ 17.569149978592602, -11.705720444356663 ], [ 17.612310694274136, -11.739719048051237 ], [ 17.626119252630712, -11.721239548634236 ], [ 17.647934839247004, -11.725318722193615 ], [ 17.660085158070959, -11.673977215203793 ], [ 17.687730171750626, -11.661868607377249 ], [ 17.705219745489398, -11.602907698726531 ], [ 17.767507911539848, -11.588233217425318 ], [ 17.800172231783051, -11.559930730325055 ], [ 17.830195210390976, -11.442776815809511 ], [ 17.793038010976048, -11.351194101622278 ], [ 17.800654281528949, -11.328942678174295 ], [ 17.905757764683905, -11.422747126741731 ], [ 17.918700580596081, -11.513137503168439 ], [ 18.063415890965828, -11.532969112279959 ], [ 18.095275963869284, -11.607161303190653 ], [ 18.127697189764191, -11.576721761103018 ], [ 18.207716894854364, -11.588566113337043 ], [ 18.224714126326091, -11.56555003875758 ], [ 18.245773042527169, -11.573213976033406 ], [ 18.293571023891353, -11.555249836305462 ], [ 18.300081144963976, -11.567953318330529 ], [ 18.374049313339391, -11.581735680393704 ], [ 18.410342190468576, -11.514408929947853 ], [ 18.481978095609897, -11.433124996082592 ], [ 18.595258627930633, -11.420408530910789 ], [ 18.643486629274797, -11.376014000765148 ], [ 18.721241372066721, -11.358514249837418 ], [ 18.806064838623904, -11.394091290990508 ], [ 18.836201358758764, -11.370665696310992 ], [ 18.83533150267791, -11.316419921880142 ], [ 18.814729223995563, -11.282243115975513 ], [ 18.773364833406703, -11.264280461449131 ], [ 18.798283217847356, -11.180324908504483 ], [ 18.761127101235076, -11.153715771757581 ], [ 18.756039525667134, -11.094132049654052 ], [ 18.781511667174478, -11.007759663832109 ], [ 18.751926419790088, -10.937836573796359 ], [ 18.6496252553491, -10.866875604591423 ], [ 18.649310331430868, -10.835663790450459 ], [ 18.615432074489391, -10.777563847948249 ], [ 18.615440059840083, -10.719000571703111 ], [ 18.601062222445996, -10.707619470614086 ], [ 18.631733109685022, -10.681059370087779 ], [ 18.650224854501296, -10.68442317341202 ], [ 18.640643806840274, -10.676183833085121 ], [ 18.660369204511973, -10.663747806227844 ], [ 18.645607632074679, -10.640344122763482 ], [ 18.669861692111844, -10.642951692241779 ], [ 18.669370272155916, -10.629017656509335 ], [ 18.642900468240597, -10.631124986949528 ], [ 18.66309001466977, -10.614251835777525 ], [ 18.632317327033121, -10.592831513472914 ], [ 18.64165204652295, -10.56953272656426 ], [ 18.607989753845366, -10.589192607619383 ], [ 18.585730664866418, -10.567989354229704 ], [ 18.587911295355219, -10.548351999388808 ], [ 18.569247135573264, -10.568754560512753 ], [ 18.569144189084064, -10.537339650021918 ], [ 18.553301501904329, -10.542914778787763 ], [ 18.557126587230677, -10.519807298168319 ], [ 18.539098794563813, -10.521615437569368 ], [ 18.538903963196418, -10.504527744569062 ], [ 18.507843448145067, -10.507764014222834 ], [ 18.520996489402997, -10.493997485411436 ], [ 18.501283706906868, -10.496014495358322 ], [ 18.504191016452864, -10.481622303073449 ], [ 18.481655691190646, -10.488263213056795 ], [ 18.505094574445025, -10.465453733139777 ], [ 18.481780910587098, -10.464617318780936 ], [ 18.471423130569953, -10.438001541084999 ], [ 18.457042153762693, -10.446510553627034 ], [ 18.46882750470602, -10.414641900817193 ], [ 18.450294553059976, -10.405589864103751 ], [ 18.469722167552227, -10.378136835376731 ], [ 18.482566518931876, -10.389370226609499 ], [ 18.497441808346338, -10.367234545963081 ], [ 18.51876413767215, -10.37638206492201 ], [ 18.497647152117302, -10.350655630655284 ], [ 18.519911280822399, -10.345465596422413 ], [ 18.505345927349737, -10.33103975867912 ], [ 18.532241171208952, -10.328176159846839 ], [ 18.506772548056993, -10.325113221515162 ], [ 18.51550000584794, -10.310562019644523 ], [ 18.503788919004371, -10.2955270893523 ], [ 18.490647903157509, -10.316228754928472 ], [ 18.487672878485562, -10.299427035846934 ], [ 18.502527886753484, -10.275686450519986 ], [ 18.518559110125032, -10.276347961793212 ], [ 18.506128641100084, -10.260998412479841 ], [ 18.521063017390915, -10.22704142843495 ], [ 18.536348035823558, -10.236705697396046 ], [ 18.526456589471962, -10.216189162038761 ], [ 18.551282022114712, -10.203069937696144 ], [ 18.531494938308057, -10.184909615961027 ], [ 18.56073957565183, -10.190374406920158 ], [ 18.534362278135674, -10.168495173363526 ], [ 18.568142650419972, -10.167935795521258 ], [ 18.575287259970352, -10.145628648592689 ], [ 18.595431006816554, -10.155237839416712 ], [ 18.60194796860366, -10.123365274509647 ], [ 18.632464766042389, -10.138768703819215 ], [ 18.622661220701175, -10.114528987385333 ], [ 18.655153711137018, -10.10980105596501 ], [ 18.654444446791629, -10.087196116861433 ], [ 18.679751414311419, -10.083702668572473 ], [ 18.703655406594422, -10.053949994409153 ], [ 18.692948649108487, -10.041478984809041 ], [ 18.710071613157808, -10.008398054880599 ], [ 18.692862533800181, -9.97659900681708 ], [ 18.700026985418994, -9.950108178535158 ], [ 18.679940141201357, -9.939547282460973 ], [ 18.686183734919304, -9.906909234974274 ], [ 18.665048521478411, -9.893971488670919 ], [ 18.670534325180199, -9.869286692535587 ], [ 18.641242000391856, -9.867762582661102 ], [ 18.65295633923072, -9.854980105994363 ], [ 18.635246809421879, -9.840622367287613 ], [ 18.641266312019411, -9.819755227890395 ], [ 18.626837250402239, -9.817823643111515 ], [ 18.644104717659538, -9.799491498946869 ], [ 18.61855687166063, -9.800903333720138 ], [ 18.616224509078627, -9.785689668482403 ], [ 18.571232069681898, -9.76909296525689 ], [ 18.577181897214068, -9.759166045330639 ], [ 18.498506951323712, -9.745881754958022 ], [ 18.511045631866452, -9.731840554930363 ], [ 18.481229020207479, -9.727213334872223 ], [ 18.456110253559821, -9.689650348581461 ], [ 18.439332457556468, -9.694499057132569 ], [ 18.426261589524096, -9.67527767765001 ], [ 18.410246738642222, -9.730332961059732 ], [ 18.355248998666163, -9.751433366522614 ], [ 18.337861682472045, -9.785252275245929 ], [ 18.297241071456583, -9.810886216154616 ], [ 18.236509863840844, -9.913500980358117 ], [ 18.14690524381728, -9.963506246598422 ], [ 18.09418196829693, -9.955205799288494 ], [ 18.145389026873104, -9.918416686374934 ], [ 18.098456430193011, -9.92802680392432 ], [ 18.094635848428631, -9.942422643532881 ], [ 18.070973763156317, -9.936820527202942 ], [ 18.077100411024638, -9.977758729375067 ], [ 18.067251156853814, -9.95501134846212 ], [ 18.057875899833498, -9.962435951197582 ], [ 18.061957543454632, -9.94848046450049 ], [ 18.046442483978264, -9.954442603916261 ], [ 18.05974885666739, -9.937429472193108 ], [ 18.023652006561441, -9.939655606266632 ], [ 18.044704817392443, -9.925293302183627 ], [ 18.029578593600259, -9.924924316792675 ], [ 18.034934098006072, -9.910577825254899 ], [ 18.009901778896964, -9.922381207952272 ], [ 18.025231275039477, -9.882258962875637 ], [ 17.995824896608426, -9.904096449095038 ], [ 17.981796341419631, -9.862653901225974 ], [ 17.961727106944103, -9.851505573141909 ], [ 17.895960993397253, -9.867578394536705 ], [ 17.87993054833974, -9.84379819801641 ], [ 17.820709673490853, -9.819936329096338 ], [ 17.81677591921591, -9.860150262932935 ], [ 17.842751495001519, -9.860818114714368 ], [ 17.800602930558451, -9.901922017130952 ], [ 17.751520547087551, -9.855183704794493 ], [ 17.676212888764464, -9.8541441684081 ], [ 17.679132849119306, -9.836401378102858 ], [ 17.654724661745025, -9.824379870351732 ], [ 17.639707524342541, -9.837724194472278 ], [ 17.61584482683789, -9.821961316140074 ], [ 17.608808038925616, -9.836002230668109 ], [ 17.582909314387862, -9.771393105459639 ], [ 17.59095568738589, -9.755826145127481 ], [ 17.605617564981291, -9.762486148840269 ], [ 17.592484547227638, -9.747270525947963 ], [ 17.601753365912653, -9.741377391801867 ], [ 17.58121189843358, -9.741533433337116 ], [ 17.570150150246366, -9.713263064490954 ], [ 17.58071590397412, -9.685146269295656 ], [ 17.552483919197837, -9.671686657198789 ], [ 17.552073074232055, -9.686416822597424 ], [ 17.540288401607462, -9.67601204500396 ], [ 17.529691846510076, -9.691951597477791 ], [ 17.523634207455441, -9.676450674056595 ], [ 17.499222649238444, -9.699193506856544 ], [ 17.498292993824993, -9.664353706985255 ], [ 17.477748059897102, -9.688856768017887 ], [ 17.448418659126386, -9.668186793024317 ], [ 17.472890949981412, -9.653412918743213 ], [ 17.463709267212568, -9.606488995674637 ], [ 17.456326794145305, -9.627176432092336 ], [ 17.436100865814375, -9.61756371802022 ], [ 17.443705190737813, -9.602981202163422 ], [ 17.411642947481099, -9.624403308031019 ], [ 17.395294458899535, -9.597809923329473 ], [ 17.369833034398852, -9.602758200046738 ], [ 17.391970536093115, -9.537153553113301 ], [ 17.378573364357042, -9.527313315196887 ], [ 17.399977812200085, -9.514286748450177 ], [ 17.378027818648611, -9.514893238979797 ], [ 17.388418359520852, -9.499134708058113 ], [ 17.359818016788253, -9.488694883926888 ], [ 17.366297005183462, -9.469488808008522 ], [ 17.337939324405838, -9.484033525541383 ], [ 17.332677131476704, -9.463852960547273 ], [ 17.349741019334086, -9.467634766432878 ], [ 17.350397081007785, -9.449731284386479 ], [ 17.332452507331642, -9.424175148649697 ], [ 17.309805122474131, -9.42345292870869 ], [ 17.34368795232939, -9.411464693951169 ], [ 17.294822024156709, -9.400544080563447 ], [ 17.311260924508964, -9.3783453475942 ], [ 17.296706877803025, -9.373603445086479 ], [ 17.284770812877781, -9.332982693533657 ], [ 17.304462511889263, -9.338738010803263 ], [ 17.314416530655752, -9.284729857714039 ], [ 17.32092050282974, -9.299894622320762 ], [ 17.351650023397358, -9.283789612407537 ], [ 17.371151015369257, -9.29420504092017 ], [ 17.400754549107234, -9.26141640004087 ], [ 17.466869636131488, -9.264626927445422 ], [ 17.470074484158271, -9.24626250934614 ], [ 17.484607647433847, -9.255006457469209 ], [ 17.508113756376531, -9.236457344471974 ], [ 17.545177935243839, -9.237852076229794 ], [ 17.543234151281784, -9.223619706582801 ], [ 17.556885787751852, -9.225657614804708 ], [ 17.5344468282157, -9.178067594098374 ], [ 17.545686051126896, -9.174067620167895 ], [ 17.543367399440335, -9.131606765769687 ], [ 17.559340494337139, -9.127747858926996 ], [ 17.584903237230609, -9.07981951488234 ], [ 17.551973978141788, -9.054695819799777 ], [ 17.568466582332043, -9.028557594509104 ], [ 17.560193365700627, -9.00912321232156 ], [ 17.540198611836022, -9.011472319447625 ], [ 17.54134136134704, -8.979713801276349 ], [ 17.526897107781547, -8.988052172639685 ], [ 17.542157273257697, -8.973528865665573 ], [ 17.525154997473713, -8.969978080856103 ], [ 17.543208327608006, -8.964830399698945 ], [ 17.524399531307999, -8.948380458635855 ], [ 17.54727254521633, -8.909841783896658 ], [ 17.540324791426354, -8.869346770112744 ], [ 17.557387384263112, -8.860438664542839 ], [ 17.564349819782255, -8.873804445671466 ], [ 17.582544686073032, -8.846299798121096 ], [ 17.557482668375535, -8.830345419907962 ], [ 17.582045129378976, -8.818069964358846 ], [ 17.566150824875049, -8.805619459127959 ], [ 17.585316682861674, -8.794636975934692 ], [ 17.569731031268354, -8.775502624770374 ], [ 17.583546001139183, -8.765009177529995 ], [ 17.562374121961799, -8.755758870819955 ], [ 17.594759988637243, -8.736347551584581 ], [ 17.564934131471421, -8.738761077280857 ], [ 17.559031824040439, -8.724784523750953 ], [ 17.592903749188515, -8.694161186985708 ], [ 17.557913446587037, -8.679075173275988 ], [ 17.593153359924063, -8.671703526741018 ], [ 17.565608038845504, -8.667217531036956 ], [ 17.565120539996482, -8.6474269687321 ], [ 17.579874472283308, -8.641902136167415 ], [ 17.550900064512653, -8.619739984303157 ], [ 17.566162749557535, -8.592409148051209 ], [ 17.541883092322141, -8.599905090916208 ], [ 17.547127843435906, -8.584045129361298 ], [ 17.52185140235758, -8.585869241464264 ], [ 17.545460479588026, -8.576218848877174 ], [ 17.527270372586656, -8.573324046773637 ], [ 17.53748436108733, -8.553211506291062 ], [ 17.524461141314251, -8.552995277668854 ], [ 17.531802958766107, -8.541241457588514 ], [ 17.476629670272992, -8.437698103069438 ], [ 17.484380494369045, -8.426696375542045 ], [ 17.468131406339804, -8.418458684429334 ], [ 17.488479913992894, -8.420741906093602 ], [ 17.495921624074029, -8.400949866104371 ], [ 17.50982023038139, -8.41251734958656 ], [ 17.519250831614741, -8.388391863878001 ], [ 17.508191395858042, -8.378866381956099 ], [ 17.528078145958581, -8.356885017708541 ], [ 17.552506678664415, -8.366575063939111 ], [ 17.533340116368379, -8.334290461210939 ], [ 17.552495566988835, -8.325210059037916 ], [ 17.546976391755997, -8.293486550547572 ], [ 17.523891490097299, -8.288788037125686 ], [ 17.541386827542826, -8.269662176795714 ], [ 17.519439810101911, -8.244352670666958 ], [ 17.539779353237339, -8.235592339542533 ], [ 17.515436053533762, -8.212251557291298 ], [ 17.550272469301742, -8.182675565752509 ], [ 17.5113326907538, -8.150915326908562 ], [ 17.494079992300549, -8.156193089167433 ], [ 17.504724350051504, -8.113291908522472 ], [ 17.523365128700519, -8.121238908976173 ], [ 17.529182157733114, -8.100236939610786 ], [ 17.504734039347181, -8.068838120310732 ], [ 17.53259277274104, -8.043938636686457 ], [ 17.483764647922939, -7.999999999927768 ], [ 17.487863541072368, -7.950984001338282 ], [ 17.46833038314346, -7.959578037024487 ], [ 17.471704482978279, -7.944869994582296 ], [ 17.442356109849388, -7.927345753031792 ], [ 17.455011367883078, -7.883436203046093 ], [ 17.424762725721976, -7.86958694480934 ], [ 17.431524276726762, -7.842463970163807 ], [ 17.40295982373965, -7.841691017254396 ], [ 17.410917282409422, -7.822596072878222 ], [ 17.386724471659765, -7.820881843649877 ], [ 17.388412475757953, -7.792406081802975 ], [ 17.321443557576899, -7.758533000924986 ], [ 17.331123351963917, -7.716927051769732 ], [ 17.290908813193973, -7.689574241885447 ], [ 17.301176070824464, -7.628673077355833 ], [ 17.220554352206996, -7.578090668404839 ], [ 17.197984695442781, -7.532958508083945 ], [ 17.199882506877628, -7.499419212381989 ], [ 17.156246185318658, -7.475056170760888 ], [ 17.185260773271516, -7.432196617035439 ], [ 17.145069122247669, -7.405516624148115 ], [ 17.13297080986047, -7.424867153151796 ], [ 17.110168457114039, -7.422678471289649 ], [ 17.11374821751166, -7.353173062941712 ], [ 17.085712312278822, -7.398392413434399 ], [ 17.025292909245771, -7.43080258692507 ], [ 17.004523572910024, -7.487559456858653 ], [ 17.01968610123803, -7.491290687370592 ], [ 17.012177845836352, -7.514732778250336 ], [ 17.001690230924815, -7.511455267401926 ], [ 16.993097208774621, -7.553429994354014 ], [ 16.947188879568564, -7.575361273659068 ], [ 16.945949539145388, -7.607758694763215 ], [ 16.843012706976257, -7.638226560162812 ], [ 16.794258858964639, -7.626208269451299 ], [ 16.773389281495543, -7.604438536264682 ], [ 16.755965530190498, -7.545585338547736 ], [ 16.724458150128996, -7.528507396354525 ], [ 16.729455260057691, -7.506560745836991 ], [ 16.691438935064262, -7.421623321014673 ], [ 16.651333174691718, -7.398679896115526 ], [ 16.638186428166613, -7.366419492121127 ], [ 16.596826359953987, -7.350064240627466 ] ] ] } },
{ "type": "Feature", "properties": { "loc": "AO-A1-0015" }, "geometry": { "type": "Polygon", "coordinates": [ [ [ 22.085978751950108, -10.582567767967058 ], [ 22.039665373490447, -10.623455657931183 ], [ 21.9534154286114, -10.614652050530685 ], [ 21.897722976466483, -10.628347727044899 ], [ 21.863143232606408, -10.610475160978853 ], [ 21.796299329183011, -10.639456133172912 ], [ 21.754094146460012, -10.755902236677853 ], [ 21.769761682787703, -10.821410534447532 ], [ 21.713817344926856, -10.850437082484335 ], [ 21.679728222611683, -10.932016887548249 ], [ 21.693863102832189, -10.982702774292511 ], [ 21.660268179565101, -11.010890897875539 ], [ 21.666781542866165, -11.029429298602237 ], [ 21.647463589105609, -11.027287673766098 ], [ 21.653891831575045, -11.053601718123721 ], [ 21.629385872392426, -11.085510855020845 ], [ 21.65195687993835, -11.090257935434314 ], [ 21.646224744208897, -11.110713795983843 ], [ 21.663179003200295, -11.125753475535186 ], [ 21.650710906674853, -11.141922101516558 ], [ 21.655888528524603, -11.176625003933497 ], [ 21.544944550142731, -11.212339209279834 ], [ 21.535728984896618, -11.198730528683734 ], [ 21.503484603223733, -11.207133560058461 ], [ 21.506996444122439, -11.193038323752416 ], [ 21.489635077888369, -11.188538234045057 ], [ 21.486548837550679, -11.203036722759277 ], [ 21.454606066008974, -11.203319316725816 ], [ 21.432342685058714, -11.238302638548673 ], [ 21.366172747066514, -11.240211653737623 ], [ 21.355969191117108, -11.257477228683902 ], [ 21.283477250266714, -11.267136403415071 ], [ 21.230229246811128, -11.300850894722428 ], [ 21.177807029915208, -11.299202733402916 ], [ 21.187422197611205, -11.308971135310811 ], [ 21.168045505289257, -11.328010941186909 ], [ 21.17903421351528, -11.343251179650663 ], [ 21.1598804895333, -11.33388901492515 ], [ 21.145423083133252, -11.355026296621388 ], [ 21.127257155021439, -11.352792683565097 ], [ 21.102198457793264, -11.41279816914246 ], [ 21.083298447667609, -11.409065811949107 ], [ 21.078049056058745, -11.424373235073185 ], [ 21.049799300679695, -11.413749520043007 ], [ 20.988113430920485, -11.447346518606297 ], [ 20.9958593094834, -11.506888601487889 ], [ 20.883363972903801, -11.476996161774059 ], [ 20.864812607838168, -11.490510660079215 ], [ 20.839580879476927, -11.47113608416103 ], [ 20.795068593720423, -11.480832519042275 ], [ 20.754192834094631, -11.446620837410451 ], [ 20.709062422299773, -11.446681872847956 ], [ 20.694824472095874, -11.418470962962394 ], [ 20.649945506985112, -11.424158970360901 ], [ 20.604666599097499, -11.381396045598771 ], [ 20.553901982346545, -11.375134477846474 ], [ 20.523996482732265, -11.336463917075227 ], [ 20.500905681017834, -11.347221554488188 ], [ 20.444631083582543, -11.285760087566358 ], [ 20.382834098251656, -11.259696270883227 ], [ 20.336395071875124, -11.279332906525466 ], [ 20.272491757896915, -11.233309386997773 ], [ 20.223851603183007, -11.239884381203749 ], [ 20.160343694691818, -11.187550685156614 ], [ 20.083417418794447, -11.271939640531917 ], [ 20.055995201662924, -11.276059728852386 ], [ 19.982955681957826, -11.241337920781161 ], [ 19.958421549218208, -11.267513864484583 ], [ 19.926333784858663, -11.256268089148206 ], [ 19.916905216650704, -11.28866748477663 ], [ 19.880728557093796, -11.29994584501072 ], [ 19.850523488199912, -11.251454085474913 ], [ 19.793630747667557, -11.251207070670747 ], [ 19.779458847760978, -11.259566797969947 ], [ 19.780285961717503, -11.284222593915208 ], [ 19.706475435854642, -11.304770593870353 ], [ 19.637157777912684, -11.249695633786386 ], [ 19.564178736092153, -11.248758723122224 ], [ 19.454734942208418, -11.387261774122029 ], [ 19.427130888322353, -11.386921059301939 ], [ 19.390391283087105, -11.419600221251761 ], [ 19.272761451172649, -11.403960883498213 ], [ 19.255651188111145, -11.438002093629743 ], [ 19.194996525108898, -11.456695898805838 ], [ 19.115088005646541, -11.452866129435582 ], [ 19.044372304725421, -11.504302330188013 ], [ 19.006282179836909, -11.670824677734407 ], [ 18.969537226677602, -11.67592198832225 ], [ 18.948727223069461, -11.705258167253222 ], [ 18.916677755532696, -11.690650658141935 ], [ 18.889221785063981, -11.700761980681188 ], [ 18.940849897412448, -11.777144612977667 ], [ 18.919805045798377, -11.813485991602205 ], [ 18.883125115585386, -11.801678071109093 ], [ 18.844866107334823, -11.828756032286741 ], [ 18.87329683044765, -11.880918359725417 ], [ 18.845468352088091, -11.889185696259091 ], [ 18.792025998611095, -11.959686394787344 ], [ 18.836588287854283, -12.001250138696012 ], [ 18.816852834641296, -12.056728540385969 ], [ 18.828735820761189, -12.075879855180343 ], [ 18.676849744193191, -12.199957554996715 ], [ 18.716005849414152, -12.227505387234288 ], [ 18.712631654599399, -12.253067035130687 ], [ 18.622485732622707, -12.294830103656079 ], [ 18.58563365701098, -12.28572420288862 ], [ 18.582911025655946, -12.302516199480589 ], [ 18.520106291776628, -12.338623951599164 ], [ 18.486677077542524, -12.33483510354591 ], [ 18.469539948618596, -12.416910412099707 ], [ 18.401403857845189, -12.457933413241367 ], [ 18.383108778825807, -12.489363888249077 ], [ 18.395517781264381, -12.524732677459809 ], [ 18.385798641944895, -12.538910992876023 ], [ 18.294566436965987, -12.58515199224221 ], [ 18.288201792861614, -12.634547318819738 ], [ 18.268876266591683, -12.648131036705095 ], [ 18.277356213016915, -12.704746434255448 ], [ 18.250609242292981, -12.745114055237366 ], [ 18.167816046202745, -12.807776874385517 ], [ 18.115813765103361, -12.810646618586635 ], [ 18.107752443265568, -12.840411595824069 ], [ 18.141498472010475, -12.873789077470448 ], [ 18.162413593934623, -12.944279701614885 ], [ 18.113140762064894, -12.963035978302855 ], [ 18.111661779008159, -12.989964324509245 ], [ 18.073650484140913, -13.034083289974301 ], [ 18.020614291735981, -13.037821426756906 ], [ 18.018274614563445, -13.106576032951949 ], [ 17.976371632386368, -13.148099028615572 ], [ 18.054568408571647, -13.279486586334038 ], [ 17.994332530999113, -13.314167993530084 ], [ 17.963284460588724, -13.31282979217298 ], [ 17.891435824579105, -13.403729067668795 ], [ 17.917974423633343, -13.422731581631513 ], [ 17.924595078532768, -13.456245469256139 ], [ 17.892514652598024, -13.531693775937253 ], [ 17.9815417476199, -13.590291264343051 ], [ 18.021725434332048, -13.58654186719918 ], [ 18.046881979732809, -13.603018893046464 ], [ 18.111319095141987, -13.68057799713111 ], [ 18.156410487283026, -13.697189821595639 ], [ 18.183107810335386, -13.683044405856897 ], [ 18.27728636423025, -13.729062549373133 ], [ 18.325605212535656, -13.711751171363112 ], [ 18.365090141654861, -13.722951415730183 ], [ 18.471535032715281, -13.80830156818919 ], [ 18.53162394381318, -13.784202897514646 ], [ 18.590000137847973, -13.79157001889612 ], [ 18.618930865492622, -13.859098488356352 ], [ 18.657454715361865, -13.8739159597345 ], [ 18.669422449480777, -13.90634245750017 ], [ 18.732592299371653, -13.935128167746019 ], [ 18.764219789028225, -14.019563583096655 ], [ 18.793813135292936, -14.042679381812533 ], [ 18.783845920206055, -14.089908596327366 ], [ 18.800290680711917, -14.102418342279382 ], [ 18.814620369930957, -14.232058136909814 ], [ 18.882246400340641, -14.320725002517037 ], [ 18.875754642603226, -14.348804381815555 ], [ 18.931473137184618, -14.404085493404367 ], [ 19.025330054586043, -14.319623083231708 ], [ 19.238748122636018, -14.414991215765721 ], [ 19.193996298569083, -14.298293611407836 ], [ 19.195056316076808, -14.227724544977665 ], [ 19.27862940730769, -14.200267395285653 ], [ 19.392206527185962, -14.264445011572018 ], [ 19.429920753097285, -14.26663126522018 ], [ 19.508381622229898, -14.238550494962315 ], [ 19.631999860767735, -14.4140023140429 ], [ 19.644629744967368, -14.474201871475561 ], [ 19.749164793837082, -14.609654658211706 ], [ 19.796989275352672, -14.629695157604566 ], [ 19.834924583883229, -14.681652022906249 ], [ 19.893027427002608, -14.721764561172506 ], [ 19.921083322379829, -14.768907488355925 ], [ 20.012524941739684, -14.819410483066935 ], [ 20.018187143797128, -14.850681321083552 ], [ 20.059250907594084, -14.857530822267389 ], [ 20.232314989003619, -14.980596979843657 ], [ 20.362700226503527, -14.957420323976994 ], [ 20.387713507646943, -14.98217519754143 ], [ 20.433113173956663, -14.973190422709919 ], [ 20.443954862548175, -14.985794877052488 ], [ 20.498799331381079, -14.960446552633993 ], [ 20.515266252795783, -14.983632551782893 ], [ 20.570600004637107, -14.962651824536948 ], [ 20.622456494201913, -14.974546477112199 ], [ 20.631166526193034, -14.957335483813832 ], [ 20.667086067482288, -14.952054227972205 ], [ 20.694766436440126, -14.988925486332477 ], [ 20.722705682040754, -14.984335601693449 ], [ 20.769616209328134, -15.011301795372017 ], [ 20.825919400404658, -15.010865777165943 ], [ 20.838344722184132, -14.988666085693108 ], [ 20.881621600763811, -15.035695188360581 ], [ 20.937619824203058, -15.022073142939501 ], [ 20.93957665004984, -15.050731155996349 ], [ 21.002087854578377, -15.083130533125882 ], [ 21.00855849558565, -15.11062449340394 ], [ 21.033423014468067, -15.120053477664158 ], [ 21.098573911764174, -15.222199169934097 ], [ 21.143902848245411, -15.198467051291658 ], [ 21.150778060066955, -15.249646662241972 ], [ 21.204027973319839, -15.246351372696026 ], [ 21.228517389473467, -15.263601330915016 ], [ 21.229910414141795, -15.314802425769674 ], [ 21.252255389681984, -15.329067274213653 ], [ 21.246905724826881, -15.355475065700002 ], [ 21.328038080300704, -15.401614339008834 ], [ 21.339712965788227, -15.43118023026177 ], [ 21.364382028715134, -15.412972651445028 ], [ 21.383887981252858, -15.428642954986731 ], [ 21.416607584479941, -15.482677344162415 ], [ 21.398045851742165, -15.551092709439256 ], [ 21.418397172399128, -15.582642848666833 ], [ 21.460535898820154, -15.593009636963522 ], [ 21.492801954154395, -15.638047995297082 ], [ 21.525518166937374, -15.653415551964461 ], [ 21.523810568410529, -15.708892952825842 ], [ 21.557903651339938, -15.736306910313996 ], [ 21.580806462855495, -15.828172514328347 ], [ 21.624277787597368, -15.859538181020543 ], [ 21.656349014702769, -15.849801581855843 ], [ 21.683946761241568, -15.871524005306952 ], [ 21.694926005837978, -15.863539953684185 ], [ 21.71489001996596, -15.936918744782574 ], [ 21.779614090025756, -15.942070994958762 ], [ 21.821963827975832, -16.03341061788403 ], [ 21.884584994409462, -16.083028923024727 ], [ 21.908558707825598, -16.165404515684195 ], [ 21.999666981953148, -16.196504434510366 ], [ 21.999898910772142, -13.004716873420524 ], [ 24.040287018297235, -12.99055576267391 ], [ 24.025339126665379, -12.946608542785548 ], [ 23.930955886770811, -12.874930382266896 ], [ 23.903602600245843, -12.833711623628091 ], [ 23.930400847686961, -12.661030768690622 ], [ 23.960239409786954, -12.609330176881766 ], [ 23.955663680800221, -12.545840262653545 ], [ 24.026287078651798, -12.449576377583298 ], [ 24.07268142667256, -12.41536617324585 ], [ 24.078124999634998, -12.366378783889303 ], [ 24.05336952175201, -12.327475548393412 ], [ 24.073287963634638, -12.303577422995254 ], [ 24.068656920946196, -12.265387535142185 ], [ 24.014225006245038, -12.21562767041619 ], [ 23.983049393280886, -12.111375809081853 ], [ 23.989923477352626, -11.902289391377845 ], [ 24.002624511777793, -11.847332001006599 ], [ 24.024614334250138, -11.822519301959804 ], [ 23.971170424641386, -11.655662536632297 ], [ 24.03647232080699, -11.523955345398443 ], [ 24.030984878915085, -11.444817543230604 ], [ 24.082118987767043, -11.39773082695165 ], [ 24.037050246737479, -11.275527954387124 ], [ 24.035127640094522, -11.149701117947833 ], [ 24.005586624089403, -11.121365546918019 ], [ 24.025600432779726, -10.969356537309919 ], [ 23.986574172725916, -10.913406371842141 ], [ 23.995695114004345, -10.891574859727596 ], [ 23.944606780644406, -10.954966544605918 ], [ 23.85203361522521, -11.027704238695227 ], [ 23.815473557025069, -11.027855873385453 ], [ 23.745468140008708, -10.99227046984185 ], [ 23.67208290077123, -11.008182526438018 ], [ 23.629056931098535, -10.990579605000375 ], [ 23.585275649617543, -10.99321079287933 ], [ 23.505569457930164, -10.946265220698917 ], [ 23.435527801832556, -10.938203812091777 ], [ 23.203172684337936, -11.102197646839477 ], [ 23.15220260643116, -11.093228340251274 ], [ 23.08403778058512, -11.123959540635889 ], [ 22.867280959714531, -11.061874389926688 ], [ 22.810794829783543, -11.08317375160294 ], [ 22.793392181070349, -11.111364365408663 ], [ 22.723285674859994, -11.11002254543966 ], [ 22.562166213665868, -11.030553817939884 ], [ 22.497512816829079, -11.05150508892431 ], [ 22.494930266984259, -11.120492934736751 ], [ 22.436996459710734, -11.174831389749565 ], [ 22.351242064661392, -11.176506041613324 ], [ 22.299690246799297, -11.243974686075623 ], [ 22.278205872095214, -11.249560356418057 ], [ 22.259038924738839, -11.227099419181799 ], [ 22.263717651280857, -11.165947914043942 ], [ 22.220876693736713, -11.104424477186795 ], [ 22.206096648873519, -10.945134163289941 ], [ 22.1743164064093, -10.874724387699311 ], [ 22.180788040268151, -10.85200500460625 ], [ 22.231603621841955, -10.812619209088195 ], [ 22.327779769952727, -10.772420883296055 ], [ 22.316171978386379, -10.601510185525568 ], [ 22.266427290619273, -10.628131090256568 ], [ 22.192670783362267, -10.592595257344209 ], [ 22.085978751950108, -10.582567767967058 ] ] ] } },
{ "type": "Feature", "properties": { "loc": "AO-A1-0016" }, "geometry": { "type": "MultiPolygon", "coordinates": [ [ [ [ 11.771174430701679, -16.797233581737252 ], [ 11.746803284390326, -16.721733092980678 ], [ 11.726429939336478, -16.522294997888636 ], [ 11.714724540751218, -16.517583847189659 ], [ 11.683995246929333, -16.537364959897854 ], [ 11.680835724435388, -16.57869338996078 ], [ 11.73485374505052, -16.741121291886934 ], [ 11.771174430701679, -16.797233581737252 ] ] ], [ [ [ 13.076638048659815, -13.530006446281789 ], [ 13.037335461626396, -13.5971412131276 ], [ 13.019583182947423, -13.591322934171195 ], [ 12.944477039136702, -13.640487562403585 ], [ 12.884903352073527, -13.644718402389405 ], [ 12.796636467984078, -13.578223290236807 ], [ 12.759957252310803, -13.595215385845599 ], [ 12.707844918493636, -13.555822301322323 ], [ 12.62670072164642, -13.559107945639386 ], [ 12.586331519269665, -13.535989633179184 ], [ 12.542166710210976, -13.558840751663553 ], [ 12.552773476300326, -13.569401741361514 ], [ 12.531438827924999, -13.606008530133778 ], [ 12.524868011435062, -13.858543395625372 ], [ 12.511720656968171, -13.879262923909035 ], [ 12.486988067730652, -13.876314162932484 ], [ 12.494503021282897, -13.864803313786094 ], [ 12.425760268606998, -13.875716209099991 ], [ 12.426579475447939, -13.947461128092769 ], [ 12.357270240714511, -14.084363936610583 ], [ 12.373151778816991, -14.151711463977062 ], [ 12.358109473658716, -14.185297965992543 ], [ 12.33712577761805, -14.184171676645779 ], [ 12.337633132848234, -14.213139534026514 ], [ 12.357510567444228, -14.268063545160697 ], [ 12.381097793613714, -14.271485328849003 ], [ 12.365777016081923, -14.277481079252635 ], [ 12.371008873346321, -14.309659957904913 ], [ 12.354299545273227, -14.339104652022233 ], [ 12.35721778865546, -14.405306816320678 ], [ 12.30360698735806, -14.572928428967973 ], [ 12.297327994576788, -14.660960197019673 ], [ 12.274451256205941, -14.693844795265292 ], [ 12.289156913646158, -14.751285552850185 ], [ 12.252601623651492, -14.821172714413471 ], [ 12.21197318989624, -14.844869613805816 ], [ 12.212247849144385, -14.894500731587684 ], [ 12.159352302951907, -14.990570068118341 ], [ 12.168358802802002, -15.023419379664798 ], [ 12.125582695370605, -15.089600562779964 ], [ 12.113773345948607, -15.135778426897122 ], [ 12.141688347224909, -15.129336357351225 ], [ 12.151380538766341, -15.184288025336262 ], [ 12.092737197848889, -15.201479911632781 ], [ 12.058191299074659, -15.230426787830147 ], [ 12.054425239618547, -15.342511176713607 ], [ 12.032410621938093, -15.400156021047689 ], [ 12.016075133906499, -15.571457863162646 ], [ 11.982654572097038, -15.641478538976255 ], [ 11.918637275636, -15.688755034689954 ], [ 11.906999587906862, -15.745223045080319 ], [ 11.875677109357328, -15.786526679935136 ], [ 11.812347412049638, -15.791994094824407 ], [ 11.846037864901769, -15.773653983817109 ], [ 11.774641990781463, -15.785763740976726 ], [ 11.73232746128958, -15.8814373020627 ], [ 11.808279037393897, -16.011608123888681 ], [ 11.793298720705623, -16.119997024915616 ], [ 11.832232474695202, -16.472642898923489 ], [ 11.832949638161503, -16.692449569964534 ], [ 11.813375472945962, -16.79912185676115 ], [ 11.777656555152126, -16.824481964144205 ], [ 11.789375305072534, -16.87325477615979 ], [ 11.760871887274059, -17.020879744577371 ], [ 11.757548332036103, -17.252075195286903 ], [ 11.789759635744799, -17.267763138131158 ], [ 11.820569991757955, -17.263717651221427 ], [ 11.83709621426514, -17.236921310343039 ], [ 11.881582260259369, -17.231121062659732 ], [ 11.947441101172094, -17.182003020695696 ], [ 12.083042144625542, -17.144130706839505 ], [ 12.109417914851138, -17.159002303586284 ], [ 12.167505264302745, -17.158586502038247 ], [ 12.188017845093755, -17.197280884378124 ], [ 12.249880791311705, -17.236648560355643 ], [ 12.353344916680784, -17.219282149824149 ], [ 12.376203537309658, -17.230466842743446 ], [ 12.405494690174022, -17.206895827753115 ], [ 12.425838470015636, -17.209383010790152 ], [ 12.450777054363813, -17.264152527390014 ], [ 12.487963675629386, -17.241609573296007 ], [ 12.529173851138518, -17.248620987441459 ], [ 12.603213310292281, -17.230445861560078 ], [ 12.653925896109451, -17.184860228889292 ], [ 12.805717467633302, -17.115093231140548 ], [ 12.822517395207898, -17.086364746308796 ], [ 12.870846747925311, -17.064716338860791 ], [ 12.875533104315549, -17.045818328925549 ], [ 12.945684432736646, -17.017604828273008 ], [ 12.983258247216598, -16.983705521365582 ], [ 13.095293998965117, -16.977922439941445 ], [ 13.142432213122389, -16.959894179645534 ], [ 13.194273949029787, -16.963575362885546 ], [ 13.205324172618747, -16.983493804768084 ], [ 13.269581794910133, -16.996032714810799 ], [ 13.373568898532094, -16.976017861108222 ], [ 13.344277484864262, -16.905561033887444 ], [ 13.251007178484729, -16.798433732403655 ], [ 13.249209524546133, -16.771939670752072 ], [ 13.206634713267638, -16.719108150893252 ], [ 13.133366816671453, -16.685703492694842 ], [ 13.183553869261909, -16.601419444224835 ], [ 13.227925901905111, -16.590992411243615 ], [ 13.284421835345659, -16.534411791343889 ], [ 13.271400939048304, -16.50924421082453 ], [ 13.209738545216341, -16.481973028769541 ], [ 13.217997261786072, -16.438912542288946 ], [ 13.276353423962204, -16.42919047727182 ], [ 13.288116234373691, -16.390849673331747 ], [ 13.337354559880586, -16.373936731037258 ], [ 13.342726251686797, -16.347279855308965 ], [ 13.367519292958006, -16.371552043509546 ], [ 13.363080551837479, -16.35448233239855 ], [ 13.382951387632145, -16.358785416887372 ], [ 13.373318379437736, -16.34058390671062 ], [ 13.413456111994824, -16.32800379332912 ], [ 13.497352881174416, -16.241252354654073 ], [ 13.520548807784481, -16.162566778035952 ], [ 13.477351307218475, -16.046244317549323 ], [ 13.556399398277639, -15.879919195792407 ], [ 13.544351325644753, -15.814666222809642 ], [ 13.522946124617528, -15.800957317386349 ], [ 13.507268527443726, -15.681357849958005 ], [ 13.548319591515499, -15.520624129209775 ], [ 13.514739010369235, -15.493776242383877 ], [ 13.476259233960873, -15.48865648973014 ], [ 13.373506381699316, -15.383198598459352 ], [ 13.379028850687734, -15.358571250111435 ], [ 13.357537857976974, -15.379674580439733 ], [ 13.315201646312945, -15.372355557672329 ], [ 13.289830242406351, -15.30213639222368 ], [ 13.303387985296842, -15.273156589933528 ], [ 13.273363123156388, -15.225423211506566 ], [ 13.247310541775013, -15.225221454139042 ], [ 13.26294803428487, -15.251523617061984 ], [ 13.221911522429862, -15.263251234174529 ], [ 13.232485754648769, -15.288695019000514 ], [ 13.208743878471816, -15.283396430642576 ], [ 13.195040685397695, -15.251870597496147 ], [ 13.203333852847797, -15.208787518716498 ], [ 13.232145900785495, -15.204978432325571 ], [ 13.227779789512704, -15.183242755253328 ], [ 13.263699655252823, -15.199483394707219 ], [ 13.260500372068494, -15.18557972073588 ], [ 13.281111083008311, -15.175328670977677 ], [ 13.215658519326288, -15.164663146173812 ], [ 13.209921161213687, -15.144051989780987 ], [ 13.248414865063916, -15.15438465945606 ], [ 13.251104772994891, -15.135290424152331 ], [ 13.274940798731548, -15.127146273401831 ], [ 13.233683774235592, -15.129350963395687 ], [ 13.204544774229008, -15.111520584414134 ], [ 13.219543621174521, -15.080538022007477 ], [ 13.274070203487918, -15.041908914622642 ], [ 13.246602135106398, -14.979242680204024 ], [ 13.273443711041109, -14.893206441409273 ], [ 13.309353459157512, -14.888742485779421 ], [ 13.422031485911299, -14.782540949204009 ], [ 13.45989454335461, -14.765004326770519 ], [ 13.525484449124113, -14.769281150358331 ], [ 13.574661772110195, -14.715452834415437 ], [ 13.594839687464153, -14.63165619530719 ], [ 13.572408513232757, -14.582871649806933 ], [ 13.665556815765266, -14.467381281831376 ], [ 13.640567500056198, -14.34867321287096 ], [ 13.675782927484812, -14.292459923064953 ], [ 13.620736148619448, -14.278769984904621 ], [ 13.58883604769767, -14.247916713815084 ], [ 13.629674124377631, -14.169909694860621 ], [ 13.595735573499377, -14.093866707937213 ], [ 13.598250920825981, -14.052424156859427 ], [ 13.639972621826589, -14.00344301615603 ], [ 13.65139534253794, -13.961796105382412 ], [ 13.61829388932385, -13.965080836488013 ], [ 13.575632405376934, -13.936249924143301 ], [ 13.577275168704082, -13.900039551853432 ], [ 13.555706509949948, -13.8886809889662 ], [ 13.430522043206937, -13.842226227618298 ], [ 13.382045351630987, -13.839576377319112 ], [ 13.371078062505058, -13.791676881366371 ], [ 13.347395176575281, -13.76268413518164 ], [ 13.302082255298318, -13.744646441982383 ], [ 13.275873987302765, -13.692096748370258 ], [ 13.311756919656046, -13.646158500088095 ], [ 13.298179119920748, -13.578049421500332 ], [ 13.186638797249548, -13.564392709404832 ], [ 13.173880806606951, -13.588211336683436 ], [ 13.076638048659815, -13.530006446281789 ] ] ] ] } },
{ "type": "Feature", "properties": { "loc": "AO-A1-0017" }, "geometry": { "type": "Polygon", "coordinates": [ [ [ 16.384334564000014, -5.867562770999927 ], [ 14.786301810984703, -5.881210501179238 ], [ 14.796831065313842, -5.930611347601525 ], [ 14.838057671421723, -5.958817817718357 ], [ 14.845116971501326, -5.992639353362664 ], [ 14.874467691318483, -6.011514168298296 ], [ 14.896844312611535, -6.071564331276727 ], [ 14.892731826750882, -6.107935181486349 ], [ 14.913376834975534, -6.140753097790133 ], [ 14.936831310355192, -6.146529530189119 ], [ 14.930645995348701, -6.232635186064043 ], [ 14.964844718227965, -6.259319177541981 ], [ 14.971377857323098, -6.283504473375215 ], [ 14.876848864665515, -6.395848121621276 ], [ 14.814386974237159, -6.561480863858696 ], [ 14.77024994290792, -6.551725442425807 ], [ 14.703641175815552, -6.59505523181482 ], [ 14.630903785199934, -6.616741010457408 ], [ 14.572431408776954, -6.606931138301123 ], [ 14.503081705332566, -6.676975981742276 ], [ 14.408883017683749, -6.697914143905473 ], [ 14.374983615176085, -6.687136132184849 ], [ 14.345221478934089, -6.711376780317272 ], [ 14.290671872556526, -6.720134876800957 ], [ 14.287435984831109, -6.739204745114661 ], [ 14.277369000792373, -6.733844589622576 ], [ 14.225126657867992, -6.784069723594458 ], [ 14.246387352105572, -6.802550425839163 ], [ 14.236386392109956, -6.83443726628529 ], [ 14.174494676589067, -6.860569907790973 ], [ 14.144544331949316, -6.893169824380388 ], [ 14.079510672676498, -6.887231679827602 ], [ 14.042267456038536, -6.900819593806032 ], [ 13.987747370426982, -6.980824971406788 ], [ 13.896774824763989, -6.964152027246287 ], [ 13.833810787171073, -7.000089698074655 ], [ 13.804587381453535, -6.988884893247397 ], [ 13.777486570289897, -7.003250571697764 ], [ 13.830752172381631, -7.048648642448688 ], [ 13.822274401365673, -7.107646205457355 ], [ 13.847218791898273, -7.149010397161041 ], [ 13.952254381321259, -7.236595573432828 ], [ 13.901707024481523, -7.251282381544813 ], [ 13.842935142553523, -7.324837953249888 ], [ 13.865047735060097, -7.33617428455157 ], [ 13.861289850207291, -7.358465492246383 ], [ 13.9111402299652, -7.455150931209934 ], [ 13.946276638242592, -7.473569641351189 ], [ 13.962314040079436, -7.525653295809379 ], [ 13.921608461191413, -7.572539998788455 ], [ 13.843820011176254, -7.583686741509036 ], [ 13.838231220469408, -7.633962487250715 ], [ 13.816876126671394, -7.662816468326087 ], [ 13.840784151439054, -7.677088564051862 ], [ 13.889788659612366, -7.639289330821311 ], [ 13.906511372044237, -7.657506088835811 ], [ 13.931542076611157, -7.642860142535804 ], [ 13.94757906395929, -7.657602459286631 ], [ 13.977572938594472, -7.635855661713068 ], [ 14.020130109963789, -7.663828664103237 ], [ 14.117420571105743, -7.650020148277529 ], [ 14.16076934945032, -7.728158223681683 ], [ 14.211179119724715, -7.73741485355958 ], [ 14.246152978612425, -7.822548806880617 ], [ 14.281160678383742, -7.859326743360088 ], [ 14.414826496462929, -7.914790525884078 ], [ 14.424077010067027, -7.934657972374618 ], [ 14.456222341907488, -7.931554581899528 ], [ 14.484965124130422, -7.960535073202882 ], [ 14.572581131753282, -7.946023879268408 ], [ 14.619672010727047, -7.919264289685982 ], [ 14.672723417742173, -7.928149837784618 ], [ 14.701794754005348, -7.916320780199607 ], [ 14.73926885402479, -7.959601671807951 ], [ 14.732567888673387, -7.982119485043585 ], [ 14.703235573967799, -7.998515823158817 ], [ 14.708534494796588, -8.035480874906723 ], [ 14.695159586642692, -8.056138582948128 ], [ 14.723982245640688, -8.114677843627019 ], [ 14.672641897303151, -8.136547876466841 ], [ 14.639715180826762, -8.185249588965574 ], [ 14.61157234596806, -8.262795401159432 ], [ 14.633885905081989, -8.263850323751823 ], [ 14.660340651344494, -8.290292992151086 ], [ 14.669826214526882, -8.357100134762133 ], [ 14.640720582741107, -8.388310394519364 ], [ 14.599050296622096, -8.401006458788066 ], [ 14.614785509693018, -8.423106142214257 ], [ 14.68830682483917, -8.394207407115021 ], [ 14.818901094091164, -8.432060110101395 ], [ 14.900826166975634, -8.283757008416762 ], [ 14.936952536587178, -8.294518980624291 ], [ 14.954906823070591, -8.283358874934757 ], [ 14.99190996080646, -8.321892400653189 ], [ 15.051138596723757, -8.285118044268783 ], [ 15.104113174821254, -8.304577465500676 ], [ 15.115572314615999, -8.252760430081688 ], [ 15.136337294102375, -8.241505721163792 ], [ 15.148267212241606, -8.252388280599169 ], [ 15.20423900296608, -8.191153805792576 ], [ 15.185029849431064, -8.125108718257193 ], [ 15.214432967064262, -8.11844379497885 ], [ 15.206687775501226, -8.026699897639281 ], [ 15.243351648244907, -7.981932534592731 ], [ 15.293661818717563, -7.958793096264897 ], [ 15.34305379712988, -7.964087537959555 ], [ 15.346071284673091, -8.004111038309839 ], [ 15.392077014970784, -8.014135995482144 ], [ 15.419951213409711, -8.062612072369172 ], [ 15.449150333224981, -8.078680115985707 ], [ 15.616734029662105, -8.046123126474805 ], [ 15.647088953902166, -8.013631982202499 ], [ 15.704743545092459, -8.019086114309784 ], [ 15.734740896204524, -8.058837575047898 ], [ 15.76520262176313, -8.07120167568757 ], [ 15.740345081763962, -8.079391546679707 ], [ 15.732916237616745, -8.094878873756498 ], [ 15.748504113362394, -8.100144296955994 ], [ 15.732339864013412, -8.115087650438616 ], [ 15.773000502965662, -8.116285035571439 ], [ 15.795082972744989, -8.150702046729089 ], [ 15.792626425982359, -8.225886477933711 ], [ 15.880613511424801, -8.240363835605327 ], [ 15.899598357881395, -8.256594358184236 ], [ 15.958565030148719, -8.187299926138417 ], [ 16.023727794891141, -8.16522687853857 ], [ 16.036788188216811, -8.142412748686626 ], [ 16.099616864025368, -8.147345924747876 ], [ 16.097385087388361, -8.107269148431021 ], [ 16.126924467715131, -8.043132455331184 ], [ 16.099475638129057, -7.993567268295601 ], [ 16.093355555506683, -7.912821119884908 ], [ 16.067791693425182, -7.862684307050097 ], [ 16.077277219129993, -7.840305247848415 ], [ 16.03521577829623, -7.750084839090535 ], [ 16.04803531746759, -7.696649898142441 ], [ 16.026401545530256, -7.633894254294185 ], [ 16.071297949738295, -7.614433390011369 ], [ 16.203105184634925, -7.617551936147008 ], [ 16.230323001062263, -7.577635367286076 ], [ 16.255167576314467, -7.559055032269915 ], [ 16.27779391388362, -7.562701134883968 ], [ 16.302833829419772, -7.527588434978197 ], [ 16.336664681096824, -7.514569928905038 ], [ 16.348230552009824, -7.453762243806198 ], [ 16.386437648863605, -7.415637247909116 ], [ 16.556651342135886, -7.354637906083786 ], [ 16.614723212827975, -7.356007141909219 ], [ 16.691438935680303, -7.421623320552909 ], [ 16.729455259774362, -7.506560746274596 ], [ 16.724458149845667, -7.528507396792042 ], [ 16.755965529907169, -7.545585338086061 ], [ 16.794258859580591, -7.626208269888904 ], [ 16.844830551310785, -7.638132417769997 ], [ 16.94594953886206, -7.607758695200731 ], [ 16.947188879285235, -7.575361273197393 ], [ 16.993097208491292, -7.55342999389225 ], [ 17.001690231540856, -7.511455266940162 ], [ 17.012177845553023, -7.514732778687941 ], [ 17.01968610185407, -7.491290687808108 ], [ 17.004523572626695, -7.487559456396978 ], [ 17.02529290896253, -7.430802587362676 ], [ 17.085712312894863, -7.398392413871916 ], [ 17.113748217228331, -7.353173062480037 ], [ 17.076463699362154, -7.342784882009804 ], [ 17.030548096439446, -7.297869682233197 ], [ 17.005508422897364, -7.300051211787176 ], [ 16.988595963155095, -7.230751514364067 ], [ 16.953710555919344, -7.203342438395991 ], [ 16.970346450750018, -7.170185089263606 ], [ 16.92888832136088, -7.068591595119203 ], [ 16.943349838046551, -7.061404227716098 ], [ 16.963680266553016, -7.078543186212253 ], [ 16.98273849520735, -7.023311138391511 ], [ 16.972890854051581, -6.986132621816191 ], [ 16.9387416840034, -6.966067314348271 ], [ 16.940366744551572, -6.874830245612499 ], [ 16.915416718128995, -6.852881432225436 ], [ 16.876281738133603, -6.846850871763502 ], [ 16.871713638095809, -6.805274486921201 ], [ 16.83678054790585, -6.77131605138778 ], [ 16.830818176174667, -6.715436934671773 ], [ 16.793779372876472, -6.682600497819783 ], [ 16.776567458678038, -6.593997001965116 ], [ 16.75127983125595, -6.579174994735274 ], [ 16.76295471224698, -6.528473853690434 ], [ 16.727230072066845, -6.500890255286121 ], [ 16.734464644884284, -6.473963260900787 ], [ 16.711112976339493, -6.446247100628147 ], [ 16.732398986680685, -6.425464629694014 ], [ 16.690694809074991, -6.405641556417644 ], [ 16.703207016447408, -6.376852036397432 ], [ 16.690008163202918, -6.355526924433056 ], [ 16.715778350999955, -6.361394404999979 ], [ 16.724897385000048, -6.344111442999948 ], [ 16.70947837758181, -6.290837287615739 ], [ 16.710374831689911, -6.235651970367121 ], [ 16.730869292940298, -6.193947315221374 ], [ 16.721544265812049, -6.165935516316138 ], [ 16.645523071389334, -6.127394676128498 ], [ 16.643775939564698, -6.096821785202314 ], [ 16.606725693292823, -6.08570671060115 ], [ 16.632844924710177, -6.06789255100543 ], [ 16.599021911788547, -6.058835505659014 ], [ 16.606046677269148, -5.984758376602853 ], [ 16.589187621968016, -5.966660499787194 ], [ 16.59973335286864, -5.918555259922323 ], [ 16.5116863251205, -5.878445625270482 ], [ 16.443351745943069, -5.896150111643431 ], [ 16.384334564000014, -5.867562770999927 ] ] ] } },
{ "type": "Feature", "properties": { "loc": "AO-A1-0018" }, "geometry": { "type": "MultiPolygon", "coordinates": [ [ [ [ 12.664001465044448, -6.030897140774597 ], [ 12.65504074068655, -6.026062012236158 ], [ 12.605628966652381, -6.037983893825652 ], [ 12.642162323081683, -6.05387687670064 ], [ 12.664001465044448, -6.030897140774597 ] ] ], [ [ [ 12.803032875315877, -6.016721248770788 ], [ 12.795218468206569, -6.02522611577673 ], [ 12.796827315776936, -6.026606083188272 ], [ 12.803032875315877, -6.016721248770788 ] ] ], [ [ [ 12.763508797342025, -6.012101173314624 ], [ 12.723753929049584, -6.014837741952453 ], [ 12.720075606552859, -6.019895076780616 ], [ 12.740985870250652, -6.024965762943749 ], [ 12.763508797342025, -6.012101173314624 ] ] ], [ [ [ 12.868066787900821, -5.997435093239082 ], [ 12.833826065069863, -6.014437199201575 ], [ 12.841178894239567, -6.017889022944148 ], [ 12.868066787900821, -5.997435093239082 ] ] ], [ [ [ 12.790397644284822, -5.9969377519599 ], [ 12.780284882090596, -6.005671977563823 ], [ 12.781893729660785, -6.007741928231583 ], [ 12.790397644284822, -5.9969377519599 ] ] ], [ [ [ 12.859565734919618, -5.991451739989953 ], [ 12.849684715426156, -5.99213695504052 ], [ 12.851522445853012, -5.997198104792881 ], [ 12.859565734919618, -5.991451739989953 ] ] ], [ [ [ 12.803957938656827, -5.981078148321975 ], [ 12.793155669847243, -5.995560168651052 ], [ 12.798439980070063, -5.998322010036953 ], [ 12.803957938656827, -5.981078148321975 ] ] ], [ [ [ 12.920229911829926, -5.980897902600338 ], [ 12.905293464970311, -5.990781307095775 ], [ 12.907132148678711, -5.992851256864165 ], [ 12.920229911829926, -5.980897902600338 ] ] ], [ [ [ 12.789251327935423, -5.97968959778076 ], [ 12.731569290339449, -5.998513698732358 ], [ 12.755238532880851, -6.006576538160827 ], [ 12.789251327935423, -5.97968959778076 ] ] ], [ [ [ 12.950791358882972, -5.956532001135054 ], [ 12.940450668012813, -5.96250724789528 ], [ 12.942749023097909, -5.964118003826938 ], [ 12.950791358882972, -5.956532001135054 ] ] ], [ [ [ 12.904604911636318, -5.984571934431374 ], [ 12.942519187859068, -5.928243159778082 ], [ 12.874962807336663, -5.963863850020759 ], [ 12.876799582683594, -5.983870983043596 ], [ 12.904604911636318, -5.984571934431374 ] ] ], [ [ [ 13.986272812402765, -5.841628075370467 ], [ 13.829268456436504, -5.875071525825307 ], [ 13.395744324035073, -5.87047338475856 ], [ 13.359085083203757, -5.90070629058245 ], [ 13.247782707000065, -5.865143775684315 ], [ 13.122683524618671, -5.90089511943385 ], [ 13.079639435405353, -5.872715472860405 ], [ 13.028182030125455, -5.873306750590205 ], [ 12.95630455016372, -5.917209624908329 ], [ 12.952169417933311, -5.965500831981855 ], [ 12.918621063360368, -5.992394923770897 ], [ 12.834282874803725, -6.035822392173854 ], [ 12.739832878233768, -6.041522503045163 ], [ 12.674344063376706, -6.022164821733226 ], [ 12.644227982184651, -6.063536644085024 ], [ 12.612977027616699, -6.049946307859924 ], [ 12.585854529611671, -6.06234455134406 ], [ 12.576889037947756, -6.071075438664733 ], [ 12.589292526278049, -6.08419084471589 ], [ 12.574587822119197, -6.080730915383606 ], [ 12.569770813121471, -6.059802054605226 ], [ 12.530238152018034, -6.070349216327445 ], [ 12.510923386354198, -6.092865944392015 ], [ 12.52492809330583, -6.120931625278351 ], [ 12.484957695290253, -6.086174488346133 ], [ 12.462422371044466, -6.107769488655071 ], [ 12.366814613352693, -6.10905504164109 ], [ 12.388635634875554, -6.129313468625833 ], [ 12.334860801733603, -6.119599819260349 ], [ 12.327271460758203, -6.126719952447926 ], [ 12.346109389685543, -6.138926982978058 ], [ 12.303344727026476, -6.160035610139373 ], [ 12.289564132927387, -6.149441718744489 ], [ 12.319917679206503, -6.127171516436439 ], [ 12.309586524747294, -6.110144615265837 ], [ 12.286374091939754, -6.112877845620327 ], [ 12.324304581140487, -6.100041866123332 ], [ 12.33558273340538, -6.074759006906808 ], [ 12.271430969412654, -6.119758128718869 ], [ 12.574560165268343, -6.674563407659276 ], [ 12.741488456684634, -6.851414679624904 ], [ 12.821290970259723, -6.974400043308529 ], [ 12.848424910874632, -7.108366488808718 ], [ 12.855084419404148, -7.270793438352877 ], [ 12.915379524439262, -7.350067616413694 ], [ 12.973391533186438, -7.528774737550462 ], [ 13.108706483411224, -7.813394997167725 ], [ 13.128507821872224, -7.798216472598499 ], [ 13.171424641727556, -7.805792002685111 ], [ 13.222105513852076, -7.785729900400954 ], [ 13.25994150319154, -7.745486838732921 ], [ 13.29861656359723, -7.769301850586233 ], [ 13.315922997442085, -7.737537176286017 ], [ 13.412633604550892, -7.711653826249401 ], [ 13.481415927396865, -7.759146654780627 ], [ 13.528210535781325, -7.765049581659214 ], [ 13.546128636321251, -7.73421752680378 ], [ 13.634810984732846, -7.728221367208624 ], [ 13.658316341120001, -7.697086201253503 ], [ 13.743111844829501, -7.697814816686735 ], [ 13.792305907385403, -7.662015129880709 ], [ 13.817614813666433, -7.662590765237956 ], [ 13.848631520022357, -7.602694541905889 ], [ 13.843820011278217, -7.583686741835974 ], [ 13.921608460755584, -7.572539998508502 ], [ 13.962314040154576, -7.525653295949178 ], [ 13.946276637850284, -7.473569641512126 ], [ 13.911140229831441, -7.45515093155659 ], [ 13.861289850140233, -7.358465491975222 ], [ 13.865047734758916, -7.33617428420216 ], [ 13.84293514223671, -7.324837952995514 ], [ 13.901707024153518, -7.251282381263261 ], [ 13.952254381128524, -7.236595573613128 ], [ 13.847218792107261, -7.149010397198433 ], [ 13.822274401735955, -7.107646205594223 ], [ 13.830752172168735, -7.048648642407299 ], [ 13.777486570606444, -7.003250571537803 ], [ 13.804587381460196, -6.988884892904649 ], [ 13.833810787495525, -7.000089698262149 ], [ 13.896774824955925, -6.96415202757518 ], [ 13.987747370702317, -6.980824971776181 ], [ 14.042267455640987, -6.900819594243993 ], [ 14.07951067304154, -6.887231679893238 ], [ 14.144544332017706, -6.893169824223092 ], [ 14.17449467625076, -6.860569908169781 ], [ 14.236386391780975, -6.834437266062091 ], [ 14.246387352057077, -6.802550426056412 ], [ 14.225126657631559, -6.784069724033662 ], [ 14.277369001040974, -6.733844589651175 ], [ 14.287435985045072, -6.739204745097963 ], [ 14.29067187257127, -6.720134876518427 ], [ 14.345221478850601, -6.711376780209358 ], [ 14.374983614764414, -6.687136131822117 ], [ 14.408883017899399, -6.69791414411757 ], [ 14.503081705218968, -6.676975981651326 ], [ 14.572431408776954, -6.606931138301123 ], [ 14.630903785199934, -6.616741010457408 ], [ 14.703641175815552, -6.59505523181482 ], [ 14.77024994290792, -6.551725442425807 ], [ 14.814386974237159, -6.561480863858696 ], [ 14.876848864665515, -6.395848121621276 ], [ 14.971377857323098, -6.283504473375215 ], [ 14.964844718227965, -6.259319177541981 ], [ 14.930645995348701, -6.232635186064043 ], [ 14.936831310355192, -6.146529530189119 ], [ 14.913376834975534, -6.140753097790133 ], [ 14.892731826750882, -6.107935181486349 ], [ 14.896844312611535, -6.071564331276727 ], [ 14.874467691318483, -6.011514168298296 ], [ 14.845116971501326, -5.992639353362664 ], [ 14.838057671421723, -5.958817817718357 ], [ 14.796831065313842, -5.930611347601525 ], [ 14.786301810984703, -5.881210501179238 ], [ 14.699072838000049, -5.881036757999928 ], [ 14.595140456999989, -5.910247802999949 ], [ 14.509121895000021, -5.890382766999883 ], [ 14.458630561999986, -5.901174544999913 ], [ 14.295199394299019, -5.882301331336462 ], [ 14.231593132079823, -5.88922309926169 ], [ 14.177256584186448, -5.861607074901679 ], [ 14.078950881940067, -5.866124152802469 ], [ 14.038133621132152, -5.884214878209152 ], [ 13.986272812402765, -5.841628075370467 ] ] ] ] } }
]
}
