{
"type": "FeatureCollection",
"name": "regions_ZM",
"crs": { "type": "name", "properties": { "name": "urn:ogc:def:crs:OGC:1.3:CRS84" } },
"features": [
{ "type": "Feature", "properties": { "loc": "ZM-A2-0101" }, "geometry": { "type": "Polygon", "coordinates": [ [ [ 28.868417, -14.79249 ], [ 28.840745, -14.751541 ], [ 28.82254, -14.670823 ], [ 28.843858, -14.6161 ], [ 28.801519, -14.570462 ], [ 28.764230000000126, -14.473475 ], [ 28.692312000000129, -14.418828 ], [ 28.675725000000128, -14.383768 ], [ 28.641567, -14.382616 ], [ 28.626064000000142, -14.352009 ], [ 28.531667000000162, -14.403117 ], [ 28.542232000000169, -14.456538 ], [ 28.589435, -14.50947 ], [ 28.540821000000129, -14.54218 ], [ 28.473596000000121, -14.55104 ], [ 28.487512000000102, -14.567876 ], [ 28.459049000000157, -14.691695 ], [ 28.340253000000136, -14.683914 ], [ 28.206096000000123, -14.642553 ], [ 28.12021800000015, -14.695013 ], [ 28.115259000000179, -14.653629 ], [ 28.165807000000196, -14.64138 ], [ 28.212335000000131, -14.59078 ], [ 28.079517000000152, -14.592722 ], [ 28.05763000000012, -14.57411 ], [ 27.982965000000124, -14.563305 ], [ 27.796037000000194, -14.396155 ], [ 27.309593000000152, -14.399806 ], [ 27.281312000000167, -14.374937 ], [ 27.263113000000192, -14.375705 ], [ 27.255567000000134, -14.394405 ], [ 27.23224000000015, -14.368006 ], [ 27.227844000000132, -14.38562 ], [ 27.187978000000122, -14.370656 ], [ 27.138103000000189, -14.563637 ], [ 27.191492000000171, -14.605053 ], [ 27.20099800000013, -14.800241 ], [ 27.234987000000153, -14.864978 ], [ 27.559522000000179, -14.992027 ], [ 27.563299000000139, -15.021414 ], [ 27.605548000000145, -15.046548 ], [ 27.605993000096028, -15.073736999935051 ], [ 27.671309999786018, -15.204114000134162 ], [ 27.702246999957179, -15.223098999913176 ], [ 27.759590000146737, -15.303317000093386 ], [ 27.816410000000189, -15.284856 ], [ 27.854211000000138, -15.234791 ], [ 27.975524000000139, -15.294631 ], [ 28.000398000000136, -15.259677 ], [ 28.121929000000144, -15.287075 ], [ 28.192701000000174, -15.323697 ], [ 28.218235000000156, -15.327987 ], [ 28.222383000000171, -15.314802 ], [ 28.274734000000155, -15.33586 ], [ 28.294984000000188, -15.258341 ], [ 28.332117000000199, -15.246273 ], [ 28.334859000000144, -15.232235 ], [ 28.312416000000116, -15.227807 ], [ 28.315454000000127, -15.213557 ], [ 28.337764000000163, -15.217987 ], [ 28.340751000000129, -15.203516 ], [ 28.324916000000176, -15.200466 ], [ 28.327953000000193, -15.186241 ], [ 28.343717000000133, -15.189395 ], [ 28.33352800000015, -15.159749 ], [ 28.362670000000143, -15.159536 ], [ 28.341930000000158, -15.148937 ], [ 28.345380000000151, -15.13511 ], [ 28.41249400000012, -15.119585 ], [ 28.511188000000189, -15.13597 ], [ 28.550027000000135, -15.180817 ], [ 28.87475, -15.164834 ], [ 28.997184, -14.969214999999892 ], [ 28.982101, -14.945742 ], [ 28.990549, -14.879956 ], [ 28.968225, -14.836181999999887 ], [ 28.868417, -14.79249 ] ] ] } },
{ "type": "Feature", "properties": { "loc": "ZM-A2-0105" }, "geometry": { "type": "Polygon", "coordinates": [ [ [ 28.626064000000142, -14.352009 ], [ 28.517412000000107, -14.274205 ], [ 28.433971000000156, -14.265018 ], [ 28.371074000000139, -14.284934 ], [ 28.348100000000141, -14.243515 ], [ 28.28878400000012, -14.217377 ], [ 28.201667000000128, -14.340984 ], [ 28.205898000000172, -14.376488 ], [ 28.249792000000127, -14.381737 ], [ 28.27079700000019, -14.413978 ], [ 28.266765000000181, -14.442463 ], [ 28.189226000000154, -14.493162 ], [ 28.195714000000159, -14.517119 ], [ 28.23840700000013, -14.514637 ], [ 28.250120000000177, -14.551174 ], [ 28.165807000000196, -14.64138 ], [ 28.115259000000179, -14.653629 ], [ 28.12021800000015, -14.695013 ], [ 28.206096000000123, -14.642553 ], [ 28.340253000000136, -14.683914 ], [ 28.459049000000157, -14.691695 ], [ 28.487512000000102, -14.567876 ], [ 28.473596000000121, -14.55104 ], [ 28.540821000000129, -14.54218 ], [ 28.589435, -14.50947 ], [ 28.542232000000169, -14.456538 ], [ 28.531667000000162, -14.403117 ], [ 28.626064000000142, -14.352009 ] ] ] } },
{ "type": "Feature", "properties": { "loc": "ZM-A2-0106" }, "geometry": { "type": "Polygon", "coordinates": [ [ [ 28.892236, -14.798506999999884 ], [ 29.004154, -14.745041 ], [ 29.039369, -14.685054999999892 ], [ 29.11273099999989, -14.685658999999863 ], [ 29.124197999999836, -14.61635 ], [ 29.110697999999815, -14.465921 ], [ 29.116084999999849, -14.43959 ], [ 29.130593999999775, -14.436452999999883 ], [ 29.105904999999808, -14.34229 ], [ 29.125880999999822, -14.296442 ], [ 29.079781999999767, -14.076573999999898 ], [ 29.133173999999727, -13.935278 ], [ 29.05692099999979, -13.817933999999877 ], [ 29.043763999999818, -13.825838999999885 ], [ 29.012799999999885, -13.785559 ], [ 29.006646999999887, -13.797148 ], [ 28.998198999999893, -13.778267 ], [ 28.961614, -13.773794 ], [ 28.92645, -13.70251 ], [ 28.852453, -13.665188 ], [ 28.832584, -13.595121999999893 ], [ 28.701982, -13.631007 ], [ 28.712474, -13.652315 ], [ 28.642921000000101, -13.731781 ], [ 28.653932, -13.860594 ], [ 28.558132, -13.859565 ], [ 28.489980000000116, -13.884542 ], [ 28.410640000000107, -13.888542 ], [ 28.331380000000149, -13.870038 ], [ 28.28694900000017, -13.885766 ], [ 28.189739000000145, -13.870236 ], [ 28.14246100000015, -13.901762 ], [ 28.019039000000177, -13.918087 ], [ 27.983078000000148, -13.909431 ], [ 27.93253500000019, -13.937314 ], [ 27.90657200000015, -13.934593 ], [ 27.879243000000152, -13.84672 ], [ 27.905839000000164, -13.836566 ], [ 27.935010000000158, -13.783823 ], [ 27.833362000000193, -13.651304 ], [ 27.809986000000151, -13.679283 ], [ 27.769975000000134, -13.690304 ], [ 27.718984000000145, -13.686674 ], [ 27.644233000000138, -13.648639 ], [ 27.61991300000015, -13.675889 ], [ 27.621362000000136, -13.709385 ], [ 27.596403000000123, -13.70283 ], [ 27.597038000000172, -13.740592 ], [ 27.567686000000123, -13.768136 ], [ 27.55258500000015, -13.825263 ], [ 27.511177000000185, -13.793615 ], [ 27.480421000000142, -13.801791 ], [ 27.490863000000186, -13.874588 ], [ 27.462923000000171, -13.882463 ], [ 27.462247000000193, -13.896526 ], [ 27.424856000000151, -13.897135 ], [ 27.406869000000132, -13.925868 ], [ 27.38095000000018, -13.889087 ], [ 27.388158000000161, -13.832132 ], [ 27.3820720000002, -13.813137 ], [ 27.355480000000163, -13.808169 ], [ 27.342216000000128, -13.721546 ], [ 27.019466000000179, -13.723963 ], [ 26.822750000000138, -13.750253 ], [ 26.844644000000127, -13.786277 ], [ 26.935766000000203, -13.842687 ], [ 26.925922000000167, -13.962182 ], [ 26.908676000000174, -13.995001 ], [ 26.858884000000181, -14.032902 ], [ 26.863647000000189, -14.051387 ], [ 26.955190000000194, -14.13801 ], [ 26.982818000000151, -14.229026 ], [ 27.103181000000152, -14.163729 ], [ 27.174951000000156, -14.305763 ], [ 27.209667000000202, -14.339258 ], [ 27.188653000000194, -14.368083 ], [ 27.197731000000179, -14.382551 ], [ 27.227844000000132, -14.38562 ], [ 27.23224000000015, -14.368006 ], [ 27.255567000000134, -14.394405 ], [ 27.263113000000192, -14.375705 ], [ 27.281312000000167, -14.374937 ], [ 27.309593000000152, -14.399806 ], [ 27.796037000000194, -14.396155 ], [ 27.982965000000124, -14.563305 ], [ 28.05763000000012, -14.57411 ], [ 28.079517000000152, -14.592722 ], [ 28.212335000000131, -14.59078 ], [ 28.249553000000159, -14.545513 ], [ 28.23840700000013, -14.514637 ], [ 28.195714000000159, -14.517119 ], [ 28.189226000000154, -14.493162 ], [ 28.266765000000181, -14.442463 ], [ 28.270967000000134, -14.416648 ], [ 28.249792000000127, -14.381737 ], [ 28.205898000000172, -14.376488 ], [ 28.201667000000128, -14.340984 ], [ 28.28878400000012, -14.217377 ], [ 28.348100000000141, -14.243515 ], [ 28.371074000000139, -14.284934 ], [ 28.433971000000156, -14.265018 ], [ 28.517412000000107, -14.274205 ], [ 28.605741000000108, -14.330699 ], [ 28.641567, -14.382616 ], [ 28.675725000000128, -14.383768 ], [ 28.692312000000129, -14.418828 ], [ 28.764230000000126, -14.473475 ], [ 28.801519, -14.570462 ], [ 28.834234, -14.594421 ], [ 28.843437, -14.631666 ], [ 28.823045, -14.661355 ], [ 28.823389, -14.70629 ], [ 28.860548, -14.782221 ], [ 28.892236, -14.798506999999884 ] ] ] } },
{ "type": "Feature", "properties": { "loc": "ZM-A2-0110" }, "geometry": { "type": "Polygon", "coordinates": [ [ [ 29.58060455292194, -13.213414192168576 ], [ 29.528047561909617, -13.227711677908951 ], [ 29.441837311307033, -13.313898086584771 ], [ 29.365264892724781, -13.326520919562132 ], [ 29.348749160809284, -13.348198891323118 ], [ 29.316036224256504, -13.331980704603177 ], [ 29.29920387342418, -13.375278472780638 ], [ 29.248071671134877, -13.392946243431732 ], [ 29.182704925755878, -13.443041800795813 ], [ 29.133092879896651, -13.374194144901209 ], [ 29.087341308818509, -13.377485275082721 ], [ 29.035058600238372, -13.407127659970874 ], [ 29.071620000226989, -13.403674999858699 ], [ 28.954998000121769, -13.505932000318902 ], [ 28.83258400001575, -13.595121999837765 ], [ 28.852452999870209, -13.665187999683781 ], [ 28.926450000231487, -13.702510000393547 ], [ 28.961614000349996, -13.77379399975063 ], [ 28.99819900034775, -13.778267000079333 ], [ 29.006646999623495, -13.797148000237364 ], [ 29.012800000084098, -13.78555900000519 ], [ 29.043763999872855, -13.825839000426871 ], [ 29.056920999568636, -13.817934000111359 ], [ 29.13317399964453, -13.935278000236863 ], [ 29.079781999803608, -14.076573999647708 ], [ 29.125880999672557, -14.296441999955675 ], [ 29.105905000279702, -14.342289999940887 ], [ 29.130594000277053, -14.43645300036302 ], [ 29.116085000286695, -14.439590000235665 ], [ 29.110698000076802, -14.465921000411182 ], [ 29.124198000301632, -14.61635000010976 ], [ 29.112731000299586, -14.685659000120102 ], [ 29.039369000443177, -14.685055000145484 ], [ 29.004153999771432, -14.745041000099418 ], [ 28.892235999855668, -14.798506999755578 ], [ 28.968225000347648, -14.836181999656901 ], [ 28.990549000100437, -14.879956000226572 ], [ 28.992199999794316, -14.99167800009697 ], [ 29.124163999633037, -14.976229999971864 ], [ 29.245156999859816, -14.868773999877535 ], [ 29.367543999620047, -14.984124999826223 ], [ 29.50645399961655, -14.984085999826373 ], [ 29.506214000240078, -14.819684999720304 ], [ 29.52704600043673, -14.806673999562772 ], [ 29.536930000283448, -14.820099999972363 ], [ 29.581562999996613, -14.820117999903117 ], [ 29.607509000404207, -14.779160999737691 ], [ 29.62418499960221, -14.785963999596246 ], [ 29.655934999664662, -14.761761000427171 ], [ 29.654450999578128, -14.744752000261945 ], [ 29.701368000297137, -14.744540000378057 ], [ 29.751044999691143, -14.706438999717406 ], [ 29.770766999961239, -14.718474999878683 ], [ 29.815216000182424, -14.692112000026123 ], [ 29.861733999588569, -14.690971999615433 ], [ 29.891453999566586, -14.674261999748833 ], [ 29.897789000326267, -14.645844999604391 ], [ 29.919949999756845, -14.672595000216429 ], [ 29.95686499968415, -14.657892000272938 ], [ 29.958276000001561, -14.642920999661747 ], [ 30.007602000296238, -14.647977999942086 ], [ 30.011465000373629, -14.621018999584505 ], [ 29.991394000197111, -14.614459000140087 ], [ 29.978768999853621, -14.58236500040179 ], [ 30.03306900019836, -14.42986000029612 ], [ 30.062189000386219, -14.416538000185902 ], [ 30.067440999766486, -14.376975999600045 ], [ 30.097526000388768, -14.358574999993598 ], [ 30.118833000007104, -14.375361999813784 ], [ 30.177089000221343, -14.288848999638965 ], [ 30.250264999594215, -14.216011999711361 ], [ 30.286322999570935, -14.182618000277833 ], [ 30.316807999753546, -14.180657999824176 ], [ 30.286055999848674, -14.094263999741138 ], [ 30.193492000319718, -14.067336999959924 ], [ 30.16317299969834, -14.037899000395894 ], [ 30.159635000219247, -13.979287999998544 ], [ 30.115687999765537, -13.956294999971615 ], [ 30.073617000388417, -13.906441999655902 ], [ 30.074924000406455, -13.859789000319452 ], [ 29.965845000110829, -13.729013999553779 ], [ 29.956975000260215, -13.668072999626574 ], [ 29.925957999825993, -13.654783000092722 ], [ 29.919886999549551, -13.617732000189001 ], [ 29.897653000349848, -13.619082000391348 ], [ 29.838989000206354, -13.519964999942136 ], [ 29.791939999695391, -13.513418000197893 ], [ 29.808957655835311, -13.455141088048117 ], [ 29.776872634928321, -13.436980246998143 ], [ 29.712383269936119, -13.455676079444853 ], [ 29.67970085097765, -13.430760383742058 ], [ 29.646461487271981, -13.437357902902241 ], [ 29.610662459668941, -13.408813476917768 ], [ 29.604619979592545, -13.363387107886062 ], [ 29.652290344188195, -13.350317000686376 ], [ 29.663257599023137, -13.310325623286229 ], [ 29.653675078905927, -13.288654327192788 ], [ 29.682329178113239, -13.264660834986888 ], [ 29.670314788660729, -13.226476668620704 ], [ 29.64309692384812, -13.239632607116468 ], [ 29.58060455292194, -13.213414192168576 ] ] ] } },
{ "type": "Feature", "properties": { "loc": "ZM-A2-0111" }, "geometry": { "type": "Polygon", "coordinates": [ [ [ 30.003307000349366, -12.005343000373408 ], [ 29.926169999977095, -12.015851000217726 ], [ 29.863894999686064, -12.046353000284975 ], [ 29.843502999995032, -12.128730000383451 ], [ 29.808163999900252, -12.15832399994688 ], [ 29.809827805040747, -13.416343689204133 ], [ 29.791939999962608, -13.513418000134838 ], [ 29.838988999574248, -13.519964999879081 ], [ 29.897652999717742, -13.619082000328293 ], [ 29.919886999816768, -13.617732000125946 ], [ 29.925958000093207, -13.654783000029667 ], [ 29.956974999628109, -13.668072999563519 ], [ 29.965845000378042, -13.729014000390046 ], [ 30.074923999774349, -13.859789000256397 ], [ 30.073616999756311, -13.906441999592847 ], [ 30.09548700015651, -13.935546999988299 ], [ 30.892421000160606, -13.933366000135038 ], [ 30.919476999595432, -13.883817000348527 ], [ 30.945619000048392, -13.884772000321798 ], [ 30.944693999659936, -13.854092000139934 ], [ 30.98015499998484, -13.849593000410881 ], [ 30.980286999776798, -13.799708000418125 ], [ 31.01115000030385, -13.797907000102214 ], [ 31.048117999977297, -13.763440999796543 ], [ 31.072688999928982, -13.77362700008023 ], [ 31.073227999604079, -13.749834000033315 ], [ 31.126141999884965, -13.721589999772911 ], [ 31.144443000275821, -13.696783999776009 ], [ 31.124697999844397, -13.645915000271286 ], [ 31.142452000191234, -13.618926000328893 ], [ 31.191620999541076, -13.589272999843308 ], [ 31.215372000349117, -13.600981000167264 ], [ 31.248604999552665, -13.549840999856498 ], [ 31.280650999775396, -13.523898999633367 ], [ 31.30648599956081, -13.523304000073784 ], [ 31.325545999879569, -13.477423000365414 ], [ 31.362743000220863, -13.470910999537239 ], [ 31.377282999842148, -13.452436000115553 ], [ 31.426127999539126, -13.452610000045706 ], [ 31.435099999596883, -13.330719999822374 ], [ 31.36390399980133, -13.25812899954793 ], [ 31.384445000068276, -13.200320000162117 ], [ 31.36516699958894, -13.175699999749428 ], [ 31.364310999684466, -13.105356999720001 ], [ 31.337862999509397, -13.064614999576809 ], [ 31.355354000318439, -12.997776000156522 ], [ 31.321410999849341, -12.964739000099016 ], [ 31.294999999581893, -12.974479999646507 ], [ 31.253460999557063, -12.959044000074783 ], [ 31.208651999821512, -12.969076999598093 ], [ 31.173248000326531, -13.006237000031765 ], [ 31.169213999558011, -13.031761999910607 ], [ 31.100936000327732, -13.043864999564319 ], [ 31.042600000021562, -12.968466000199989 ], [ 30.981434999657086, -12.956309999900814 ], [ 30.962796999913195, -12.938139000109008 ], [ 30.928985000089263, -12.960494000392044 ], [ 30.888651999921439, -12.928164999709209 ], [ 30.85117700024994, -12.949419999627521 ], [ 30.806104000031155, -12.916824000121748 ], [ 30.754699000090362, -12.907705999626421 ], [ 30.744490999691461, -12.880680999822523 ], [ 30.771187999658036, -12.849527000265089 ], [ 30.761837000109047, -12.793881999948578 ], [ 30.730238999861534, -12.73995999994828 ], [ 30.758982999797183, -12.681254999712706 ], [ 30.709465999687716, -12.648572999838311 ], [ 30.68932900006488, -12.60980900007953 ], [ 30.658054000323435, -12.60515500039719 ], [ 30.609981000254535, -12.624736999607086 ], [ 30.581140000342319, -12.584050000201588 ], [ 30.575738000340021, -12.529623000295468 ], [ 30.521826999947667, -12.514510000330491 ], [ 30.463954000308448, -12.467516999704014 ], [ 30.454473000160409, -12.443152000258845 ], [ 30.505670000401775, -12.390735000414178 ], [ 30.508375000137725, -12.34523100010481 ], [ 30.491935000131729, -12.31002599989422 ], [ 30.44819600027677, -12.273373000357919 ], [ 30.386604000006173, -12.267978999825221 ], [ 30.351107999865878, -12.281015000236312 ], [ 30.310229999746269, -12.244276000331389 ], [ 30.267965000416016, -12.251678999980104 ], [ 30.216512000060334, -12.21532900002757 ], [ 30.13952799954912, -12.203421000373108 ], [ 30.126943000150916, -12.174014999586801 ], [ 30.104447999706998, -12.173213000373908 ], [ 30.084053999923736, -12.133399999904311 ], [ 30.050335999938024, -12.113142000097467 ], [ 30.052927999858884, -12.063718999826222 ], [ 30.021719999609871, -12.047862999771862 ], [ 30.003307000349366, -12.005343000373408 ] ] ] } },
{ "type": "Feature", "properties": { "loc": "ZM-A2-0113" }, "geometry": { "type": "Polygon", "coordinates": [ [ [ 27.188653000000329, -14.368083 ], [ 27.209667000000309, -14.339258 ], [ 27.174951, -14.305763 ], [ 27.103181000000177, -14.163729 ], [ 27.000120000000265, -14.227020999999866 ], [ 26.968536000000199, -14.422716 ], [ 26.80928600000027, -14.417013 ], [ 26.742696000000137, -14.456091 ], [ 26.696550000000286, -14.464319 ], [ 26.661571000000151, -14.443143 ], [ 26.630966000000285, -14.450402 ], [ 26.619148000000337, -14.470543999999848 ], [ 26.581499, -14.453335999999865 ], [ 26.540239000000213, -14.472099 ], [ 26.511516000000199, -14.493567 ], [ 26.498308000000179, -14.538079 ], [ 26.426364, -14.578917999999874 ], [ 26.368173000000183, -14.665965 ], [ 26.374408000000187, -14.699889 ], [ 26.329729000000214, -14.735779 ], [ 26.300378000000194, -14.696207 ], [ 26.195566000000156, -14.658801999999866 ], [ 26.192207000000224, -14.623003 ], [ 25.590438000000233, -14.535284 ], [ 25.575084000000288, -14.571081999999876 ], [ 25.546854000000224, -14.580899 ], [ 25.47778800000026, -14.70343 ], [ 25.4978, -14.731224999999881 ], [ 25.49369600000017, -14.784793 ], [ 25.453878000000259, -14.817353999999852 ], [ 25.434640000000286, -14.887104 ], [ 25.472616000000244, -14.991847 ], [ 25.462959000000183, -15.030080999999825 ], [ 25.435581000000127, -15.075262 ], [ 25.417478000000301, -15.077832999999885 ], [ 25.425466000000256, -15.131814 ], [ 25.371597000000349, -15.141926999999896 ], [ 25.317686000000151, -15.184143999999833 ], [ 25.335281000000236, -15.245548999999869 ], [ 25.315204000000335, -15.283680999999831 ], [ 25.988113000000169, -15.287853 ], [ 26.385005000000206, -15.329173999999853 ], [ 26.826057000000219, -15.329853999999898 ], [ 27.000125000000139, -15.34974 ], [ 26.977924000000201, -15.463356 ], [ 27.207216000000187, -15.469233999999858 ], [ 27.257410000000164, -15.721233 ], [ 27.279863000000205, -15.722824 ], [ 27.280960000000221, -15.740612 ], [ 27.30312500000025, -15.752694999999846 ], [ 27.303226, -15.655051999999898 ], [ 27.31628000000012, -15.639244999999846 ], [ 27.332389000000205, -15.647765 ], [ 27.353874, -15.611453 ], [ 27.371767000000148, -15.621416999999838 ], [ 27.398227000000134, -15.556667999999888 ], [ 27.415157000000249, -15.579812 ], [ 27.436588000000143, -15.571723 ], [ 27.447635000000218, -15.58743 ], [ 27.465679000000137, -15.561551 ], [ 27.489534000000219, -15.558609 ], [ 27.538842999959968, -15.47342299993943 ], [ 27.567856999858066, -15.473526000066158 ], [ 27.567890000169371, -15.506834000048286 ], [ 27.626248999953305, -15.512309999956926 ], [ 27.628861999948356, -15.543973999803825 ], [ 27.656110000045828, -15.566032999865342 ], [ 27.665305999843781, -15.59839600009127 ], [ 27.641730999900631, -15.629610999927479 ], [ 27.672347999887847, -15.650056000095788 ], [ 27.672869999783074, -15.676231000183805 ], [ 27.703900999873269, -15.656249999922522 ], [ 27.724832000006018, -15.671732999892811 ], [ 27.756683000117903, -15.63946700010473 ], [ 27.791907999856676, -15.655977999963966 ], [ 27.76937400001259, -15.624610000179302 ], [ 27.791014999878882, -15.582430999799271 ], [ 27.95994299999245, -15.582980999890424 ], [ 27.963047000067206, -15.508110999815187 ], [ 27.933302999974217, -15.383335000158752 ], [ 27.911855000061792, -15.404664000025548 ], [ 27.902192999861313, -15.371911999823169 ], [ 27.837810000123397, -15.391474999889454 ], [ 27.799851999942689, -15.384036000134245 ], [ 27.782409000195116, -15.31178200012323 ], [ 27.750017000199819, -15.296356000118294 ], [ 27.702246999957197, -15.223098999913191 ], [ 27.673862000173131, -15.208035000161146 ], [ 27.605993000096134, -15.073736999934965 ], [ 27.605548000000169, -15.046547999999859 ], [ 27.5632990000002, -15.021414 ], [ 27.5595220000003, -14.992027 ], [ 27.292692000000329, -14.897450999999876 ], [ 27.234987000000274, -14.864978 ], [ 27.209314000000234, -14.829351999999858 ], [ 27.19149200000021, -14.605053 ], [ 27.138103000000228, -14.563637 ], [ 27.188653000000329, -14.368083 ] ] ] } },
{ "type": "Feature", "properties": { "loc": "ZM-A2-0201" }, "geometry": { "type": "Polygon", "coordinates": [ [ [ 27.818397522360314, -12.229949951212967 ], [ 27.817367554001962, -12.259637832803429 ], [ 27.758079528679851, -12.289334296624178 ], [ 27.656276702940033, -12.28707408898171 ], [ 27.625606951432207, -12.260583960065393 ], [ 27.572493599332688, -12.265213919970119 ], [ 27.519132000174213, -12.291563000116051 ], [ 27.534729003573201, -12.304382324168614 ], [ 27.500915527062467, -12.338989258131447 ], [ 27.530273437501684, -12.355712890820943 ], [ 27.540710449360294, -12.341003417557364 ], [ 27.567321777210793, -12.349792480222472 ], [ 27.556884765352184, -12.369628906632423 ], [ 27.567321777210793, -12.396911620658456 ], [ 27.589721679744269, -12.389892578463414 ], [ 27.596923828404503, -12.422119140969269 ], [ 27.619689941170392, -12.406982422284649 ], [ 27.629272461287602, -12.442810058221298 ], [ 27.631530761468014, -12.43072509806851 ], [ 27.66748046868123, -12.426818847795278 ], [ 27.656127929892595, -12.404785156393542 ], [ 27.670898437445477, -12.401000976497556 ], [ 27.708923340172557, -12.437927245829421 ], [ 27.733520507697818, -12.425109863413155 ], [ 27.722900390273338, -12.395996093728431 ], [ 27.73828124971245, -12.390197753507207 ], [ 27.760070801259015, -12.397583007733308 ], [ 27.76531982388331, -12.43072509806851 ], [ 27.784912109538769, -12.434509277065173 ], [ 27.779296874883414, -12.450378418013269 ], [ 27.816528320158394, -12.412292480097568 ], [ 27.823486328064135, -12.448486328065277 ], [ 27.833496093602381, -12.456298827712418 ], [ 27.842712402587853, -12.440979003461928 ], [ 27.847717285356978, -12.463073730052288 ], [ 27.921508788832085, -12.479675293263861 ], [ 27.975891113116923, -12.461975097556396 ], [ 27.988525390866641, -12.475891113367876 ], [ 28.062072753587252, -12.474304199362999 ], [ 28.079711914106095, -12.491577148750103 ], [ 28.064880371364591, -12.457397461107632 ], [ 28.080322265992326, -12.404296874884556 ], [ 28.067399438965481, -12.351104060487691 ], [ 27.989421844075387, -12.338708878295785 ], [ 27.955221176148907, -12.353864669802357 ], [ 27.921478271237774, -12.24202728331616 ], [ 27.818397522360314, -12.229949951212967 ] ] ] } },
{ "type": "Feature", "properties": { "loc": "ZM-A2-0202" }, "geometry": { "type": "Polygon", "coordinates": [ [ [ 27.510567356891301, -12.298055539414843 ], [ 27.499206000250041, -12.317250000070679 ], [ 27.486106000484821, -12.311760000057237 ], [ 27.503077999843171, -12.284899000621675 ], [ 27.484171871727845, -12.277255410741883 ], [ 27.466879999705583, -12.302796000368399 ], [ 27.473739000347884, -12.288846000076148 ], [ 27.447947999893561, -12.269466000288965 ], [ 27.47646099996852, -12.256916000256435 ], [ 27.461150999911997, -12.263627999965532 ], [ 27.459657000263647, -12.245909000333366 ], [ 27.445669000017634, -12.247309000143492 ], [ 27.440891000012922, -12.264764000191686 ], [ 27.42778499997107, -12.257164000451571 ], [ 27.363378000287806, -12.292967000360012 ], [ 27.357624000240708, -12.317781999872668 ], [ 27.308005999970273, -12.326051999933163 ], [ 27.299686000253718, -12.367627999840803 ], [ 27.35513799985214, -12.386752000159163 ], [ 27.454298000485664, -12.461365000149083 ], [ 27.489894000066382, -12.495235999995813 ], [ 27.492675000384235, -12.531089000411455 ], [ 27.510046000156095, -12.542842000112653 ], [ 27.548034000102327, -12.544425000267967 ], [ 27.584859000375904, -12.514570000359704 ], [ 27.606182908372865, -12.541161707701132 ], [ 27.707528999921703, -12.572771999882349 ], [ 27.741088000407331, -12.740184000434496 ], [ 27.784638999973009, -12.7132070000897 ], [ 27.777477000421367, -12.694865000506084 ], [ 27.830459000240857, -12.698828000023877 ], [ 27.881002000000475, -12.724699000345286 ], [ 27.902095000541969, -12.75672400049891 ], [ 27.97314199998646, -12.759899000325337 ], [ 27.94999500005235, -12.674860000000699 ], [ 27.983303000016633, -12.641142000015016 ], [ 27.990608000317117, -12.600431000177259 ], [ 28.049023999815901, -12.59978800020275 ], [ 28.094737999893436, -12.517909000168792 ], [ 28.079679986384718, -12.49156588027417 ], [ 28.062072753672805, -12.474304199435505 ], [ 27.988525390502559, -12.475891113440419 ], [ 27.975891113202465, -12.461975097628908 ], [ 27.921508788917613, -12.479675293336346 ], [ 27.847717285442506, -12.463073730124819 ], [ 27.842712402223711, -12.440979003534459 ], [ 27.833496093687902, -12.456298827784885 ], [ 27.823486328149681, -12.448486328137765 ], [ 27.816528320243926, -12.412292480170073 ], [ 27.77929687496896, -12.450378418085773 ], [ 27.784912109624347, -12.434509277137707 ], [ 27.765319823968902, -12.430725097691376 ], [ 27.76007080089493, -12.397583007805835 ], [ 27.738281249797978, -12.390197753579713 ], [ 27.722900390358916, -12.395996093800921 ], [ 27.733520507783325, -12.425109863485673 ], [ 27.708923339808454, -12.437927245901903 ], [ 27.670898437530987, -12.401000976570032 ], [ 27.656127929978112, -12.404785156466048 ], [ 27.66748046876679, -12.426818847867771 ], [ 27.631530761553556, -12.430725097691376 ], [ 27.629272460923502, -12.44281005829383 ], [ 27.619689941255963, -12.406982421907465 ], [ 27.596923828040374, -12.422119140592159 ], [ 27.589721679829847, -12.389892578086304 ], [ 27.567321777296304, -12.396911620730922 ], [ 27.556884765437715, -12.369628906255226 ], [ 27.567321777296304, -12.349792480295008 ], [ 27.540710449445836, -12.341003417629882 ], [ 27.530273437587248, -12.355712890893489 ], [ 27.502685546718773, -12.341369628761612 ], [ 27.534729003658718, -12.304382324241104 ], [ 27.510567356891301, -12.298055539414843 ] ] ] } },
{ "type": "Feature", "properties": { "loc": "ZM-A2-0203" }, "geometry": { "type": "Polygon", "coordinates": [ [ [ 27.990608000317117, -12.600431000177259 ], [ 27.983303000016633, -12.641142000015016 ], [ 27.94999500005235, -12.674860000000699 ], [ 27.97314199998646, -12.759899000325337 ], [ 27.902095000541969, -12.75672400049891 ], [ 27.881002000000475, -12.724699000345286 ], [ 27.835634000566809, -12.699918999973548 ], [ 27.777477000421367, -12.694865000506084 ], [ 27.786367000294952, -12.710968000259715 ], [ 27.741088000407331, -12.740184000434496 ], [ 27.721735999956508, -12.810517999473515 ], [ 27.739545000141728, -12.826642000195577 ], [ 27.750045000516408, -12.900731999449622 ], [ 28.108207000292882, -12.868824000194923 ], [ 28.106981000275287, -12.923864999758361 ], [ 28.145584000445421, -12.8764019999421 ], [ 28.167659000426013, -12.870735999699424 ], [ 28.137918000402482, -12.843790999843375 ], [ 28.118133000163812, -12.763309999894268 ], [ 28.148948000219896, -12.743261999886702 ], [ 28.117094000038943, -12.712058999877474 ], [ 28.162929000181556, -12.647030000083149 ], [ 28.15695100070905, -12.608567000150106 ], [ 28.097276000707836, -12.613950000175567 ], [ 27.990608000317117, -12.600431000177259 ] ] ] } },
{ "type": "Feature", "properties": { "loc": "ZM-A2-0204" }, "geometry": { "type": "Polygon", "coordinates": [ [ [ 28.437774000051117, -12.708707000146092 ], [ 28.375990999987042, -12.704689000123082 ], [ 28.310559999881633, -12.721445000264964 ], [ 28.274073999934977, -12.76899999993767 ], [ 28.243609999849848, -12.769805000125601 ], [ 28.223240999977726, -12.726811000370642 ], [ 28.241116999960745, -12.695778000166047 ], [ 28.22423700002674, -12.699210000156203 ], [ 28.163652000261539, -12.642703999729743 ], [ 28.117094000038943, -12.712058999877474 ], [ 28.148948000219896, -12.743261999886702 ], [ 28.118133000163812, -12.763309999894268 ], [ 28.137918000402482, -12.843790999843375 ], [ 28.168266000032858, -12.869175000129019 ], [ 28.145584000445421, -12.8764019999421 ], [ 28.107731999961281, -12.926834999919102 ], [ 28.208114000083871, -13.010845999915322 ], [ 28.220598000000184, -12.991626 ], [ 28.31493700000016, -12.953283 ], [ 28.3457830000001, -12.867489 ], [ 28.389297000000145, -12.84834 ], [ 28.419677000000164, -12.787029 ], [ 28.461158000000129, -12.750286 ], [ 28.437774000051117, -12.708707000146092 ] ] ] } },
{ "type": "Feature", "properties": { "loc": "ZM-A2-0205" }, "geometry": { "type": "Polygon", "coordinates": [ [ [ 28.573387, -13.168151 ], [ 28.511522000000113, -13.102868 ], [ 28.513151, -13.052117 ], [ 28.53906, -13.020917 ], [ 28.489664, -12.95605 ], [ 28.457506000000119, -12.96992 ], [ 28.43888400000014, -13.017042 ], [ 28.399911000000209, -12.966725 ], [ 28.408016000000156, -12.941902 ], [ 28.384195000000155, -12.947564 ], [ 28.340232000000174, -12.908738 ], [ 28.314075000000159, -12.954106 ], [ 28.220598000000184, -12.991626 ], [ 28.191925000064664, -13.020970999957349 ], [ 28.191404000192442, -13.087136999887761 ], [ 28.169859999864897, -13.113147999791675 ], [ 28.180312999911948, -13.126544999851653 ], [ 28.404735000000112, -13.235754 ], [ 28.449398000000102, -13.218873 ], [ 28.485940000000156, -13.224139 ], [ 28.573387, -13.168151 ] ] ] } },
{ "type": "Feature", "properties": { "loc": "ZM-A2-0206" }, "geometry": { "type": "Polygon", "coordinates": [ [ [ 27.28951599988245, -12.361924000116165 ], [ 27.063551999943723, -12.333212999903676 ], [ 27.084958999901819, -12.414477999983376 ], [ 27.064444999980662, -12.450604000397981 ], [ 27.066111999513119, -12.481839000093487 ], [ 27.0989409998712, -12.524817000153099 ], [ 27.043953999996038, -12.532415000475606 ], [ 27.000908999994298, -12.557915000100895 ], [ 26.95227400008897, -12.625013999819934 ], [ 26.88322599952415, -12.637144999865491 ], [ 26.851105999486212, -12.743765000078334 ], [ 26.871472999823041, -12.783615000455562 ], [ 26.918120999828197, -12.82217499980004 ], [ 26.873124999562979, -12.887656000447734 ], [ 26.947087999930151, -12.942975000119883 ], [ 27.00759799999166, -12.959150999867386 ], [ 27.019911999483124, -13.001973000377365 ], [ 27.113289999677679, -13.001791000303065 ], [ 27.087040999686305, -13.022785999922604 ], [ 27.073582999599697, -13.133415000425586 ], [ 27.022007999913232, -13.15412899990206 ], [ 26.95602599968274, -13.21209499996926 ], [ 27.072447999932912, -13.276005999790097 ], [ 27.117608999823116, -13.37439499986618 ], [ 27.115480000196211, -13.405544999552699 ], [ 27.312284000048546, -13.40874499959267 ], [ 27.299578999830885, -13.425533999998496 ], [ 27.340123999856701, -13.516509999570026 ], [ 27.333533999892399, -13.561140999830091 ], [ 27.473533000269111, -13.528263999893298 ], [ 27.532384000155961, -13.39278099977318 ], [ 27.574927999958952, -13.406592999884992 ], [ 27.638167999871975, -13.463893999555843 ], [ 27.638977000089547, -13.532578999562162 ], [ 27.664689999867107, -13.539277999791455 ], [ 27.71279300014373, -13.522379999570234 ], [ 27.696880000151179, -13.494337999601125 ], [ 27.732012999945297, -13.499834999994132 ], [ 27.73627600021382, -13.474009999882231 ], [ 27.762914000185688, -13.47033499968181 ], [ 27.753473000134708, -13.450180999928108 ], [ 27.79206200002595, -13.409258000179658 ], [ 27.790438999925325, -13.392106999970455 ], [ 27.774549000013458, -13.39665699966196 ], [ 27.783136000158358, -13.384915999638459 ], [ 27.823190000104468, -13.402825999811519 ], [ 27.820013000145181, -13.360215999835734 ], [ 27.851648000222749, -13.375506999875586 ], [ 27.877840000253105, -13.343435999637421 ], [ 27.926989999939565, -13.334405999620181 ], [ 27.938331000183013, -13.343955999936153 ], [ 27.922241000156276, -13.35505499999562 ], [ 27.94203300010669, -13.369273999599319 ], [ 27.950764999997666, -13.331791999602139 ], [ 27.964109000110369, -13.330059999686206 ], [ 27.97805400014126, -13.362241999785763 ], [ 28.003755000091822, -13.334235000173933 ], [ 28.005129999870125, -13.362751999853895 ], [ 28.036530999948138, -13.373590999763952 ], [ 28.04698900006639, -13.350562999842797 ], [ 28.089061000227698, -13.342554999558399 ], [ 28.070898000066567, -13.326308999981674 ], [ 28.101994999879974, -13.310495999597006 ], [ 28.086032000083659, -13.292077999851404 ], [ 28.122421000059859, -13.310889999688403 ], [ 28.156200000073504, -13.265832999965344 ], [ 28.145817999945731, -13.240707999788704 ], [ 28.16950400019995, -13.233036000057108 ], [ 28.171931999976206, -13.186595999904227 ], [ 28.154763999824748, -13.164754999923101 ], [ 28.173875000260782, -13.15612599970909 ], [ 28.171787000230129, -13.096532999800548 ], [ 28.191404000192442, -13.087136999887761 ], [ 28.191925000064664, -13.020970999957349 ], [ 28.208114000083871, -13.010845999915322 ], [ 28.107731999961281, -12.926834999919102 ], [ 28.108207000292882, -12.868824000194923 ], [ 27.750045000516408, -12.900731999449622 ], [ 27.739545000141728, -12.826642000195577 ], [ 27.721735999956508, -12.810517999473515 ], [ 27.738502000157304, -12.78673899962256 ], [ 27.742446000116104, -12.729202000226614 ], [ 27.707528999921703, -12.572771999882349 ], [ 27.606182908372865, -12.541161707701132 ], [ 27.584859000375904, -12.514570000359704 ], [ 27.548034000102327, -12.544425000267967 ], [ 27.510046000156095, -12.542842000112653 ], [ 27.492675000384235, -12.531089000411455 ], [ 27.489894000066382, -12.495235999995813 ], [ 27.454298000485664, -12.461365000149083 ], [ 27.35513799985214, -12.386752000159163 ], [ 27.28951599988245, -12.361924000116165 ] ] ] } },
{ "type": "Feature", "properties": { "loc": "ZM-A2-0207" }, "geometry": { "type": "Polygon", "coordinates": [ [ [ 28.709089279030295, -12.859563828290623 ], [ 28.658771515376426, -12.82076358765203 ], [ 28.629343518072194, -12.819264541008343 ], [ 28.633852000252901, -12.876375000088764 ], [ 28.650883999680133, -12.873415000284616 ], [ 28.6631450003248, -12.896941999756065 ], [ 28.687267000255151, -12.896467000334379 ], [ 28.705433999862496, -12.876237000020115 ], [ 28.717107000371062, -12.907937999621566 ], [ 28.70712000027109, -12.977602999861135 ], [ 28.728753999680634, -12.979248000177646 ], [ 28.726757000218679, -13.009213999808825 ], [ 28.77359299990032, -13.01574399966843 ], [ 28.793182000332344, -13.087031000063183 ], [ 28.718898000225824, -13.091813000252341 ], [ 28.677969999599096, -13.135503999692412 ], [ 28.63339399981653, -13.08033000041177 ], [ 28.560251000166819, -13.18791099997525 ], [ 28.485939999714507, -13.22413899969766 ], [ 28.449397999901066, -13.218872999671778 ], [ 28.410463000350479, -13.235650999976249 ], [ 28.180312999828374, -13.126545000234154 ], [ 28.173875000614082, -13.156126000097407 ], [ 28.154763999742087, -13.164754999626112 ], [ 28.171932000045061, -13.186595999588292 ], [ 28.169001999825724, -13.234377999727487 ], [ 28.145817999984004, -13.240707999357266 ], [ 28.156200000313056, -13.265832999675775 ], [ 28.183948000183356, -13.247241000254538 ], [ 28.223987000283131, -13.257855999637254 ], [ 28.243344999955077, -13.246413999888764 ], [ 28.291159999817431, -13.274253000358261 ], [ 28.319734000007386, -13.254323000388737 ], [ 28.385256999893922, -13.311366999569955 ], [ 28.3976549996618, -13.340640999664984 ], [ 28.452790999888027, -13.367231000093161 ], [ 28.502324999882131, -13.368781999672128 ], [ 28.509377999578312, -13.462862999910099 ], [ 28.496064999883131, -13.508934000286466 ], [ 28.467660000292074, -13.539978000167155 ], [ 28.49642100011236, -13.561098000155164 ], [ 28.493781999822726, -13.594634999887916 ], [ 28.525520000231118, -13.609560000176447 ], [ 28.550596000088625, -13.705492000338126 ], [ 28.594728000080433, -13.687252000062333 ], [ 28.628431000273736, -13.697073999747872 ], [ 28.634439000342883, -13.716892999994535 ], [ 28.665806999876438, -13.708311999981396 ], [ 28.712473999858499, -13.652314999620117 ], [ 28.701981999852705, -13.631006999955664 ], [ 28.832875999810835, -13.595067000024612 ], [ 29.071620000046259, -13.403674999883918 ], [ 29.003656386716166, -13.415883063734984 ], [ 28.991031647176069, -13.391941071206052 ], [ 28.999141692918087, -13.37157154107634 ], [ 28.973817824616205, -13.374281882785244 ], [ 28.903566360282593, -13.161982536347555 ], [ 28.846952437588218, -13.145169258337184 ], [ 28.830692291199572, -13.083785057217197 ], [ 28.848333359180476, -13.07200813285163 ], [ 28.827154160419461, -13.010929107674761 ], [ 28.79020690900494, -12.945952415354267 ], [ 28.755842209233862, -12.938432692697191 ], [ 28.709089279030295, -12.859563828290623 ] ] ] } },
{ "type": "Feature", "properties": { "loc": "ZM-A2-0208" }, "geometry": { "type": "Polygon", "coordinates": [ [ [ 28.120449000005941, -13.311689999698462 ], [ 28.089040000193187, -13.288455999973692 ], [ 28.083341000088822, -13.302148999589914 ], [ 28.101994999879974, -13.310495999597006 ], [ 28.070898000066567, -13.326308999981674 ], [ 28.089061000227698, -13.342554999558399 ], [ 28.04698900006639, -13.350562999842797 ], [ 28.036530999948138, -13.373590999763952 ], [ 28.005129999870125, -13.362751999853895 ], [ 28.003755000091822, -13.334235000173933 ], [ 27.97805400014126, -13.362241999785763 ], [ 27.964109000110369, -13.330059999686206 ], [ 27.950764999997666, -13.331791999602139 ], [ 27.94203300010669, -13.369273999599319 ], [ 27.922241000156276, -13.35505499999562 ], [ 27.938331000183013, -13.343955999936153 ], [ 27.926989999939565, -13.334405999620181 ], [ 27.877840000253105, -13.343435999637421 ], [ 27.851648000222749, -13.375506999875586 ], [ 27.820013000145181, -13.360215999835734 ], [ 27.823190000104468, -13.402825999811519 ], [ 27.783136000158358, -13.384915999638459 ], [ 27.774549000013458, -13.39665699966196 ], [ 27.790438999925325, -13.392106999970455 ], [ 27.79206200002595, -13.409258000179658 ], [ 27.753473000134708, -13.450180999928108 ], [ 27.762914000185688, -13.47033499968181 ], [ 27.73627600021382, -13.474009999882231 ], [ 27.732012999945297, -13.499834999994132 ], [ 27.696880000151179, -13.494337999601125 ], [ 27.71279300014373, -13.522379999570234 ], [ 27.664689999867107, -13.539277999791455 ], [ 27.638977000089547, -13.532578999562162 ], [ 27.638167999871975, -13.463893999555843 ], [ 27.574927999958952, -13.406592999884992 ], [ 27.532384000155961, -13.39278099977318 ], [ 27.473533000269111, -13.528263999893298 ], [ 27.341600000165165, -13.561731999967364 ], [ 27.329009999901153, -13.553548999694865 ], [ 27.340123999856701, -13.516509999570026 ], [ 27.299578999830885, -13.425533999998496 ], [ 27.312284000048546, -13.40874499959267 ], [ 27.115480000196211, -13.405544999552699 ], [ 27.117608999823116, -13.37439499986618 ], [ 27.072447999932912, -13.276005999790097 ], [ 26.95602599968274, -13.21209499996926 ], [ 26.94922999989484, -13.256093000241698 ], [ 26.978812999861422, -13.309933000103847 ], [ 26.971287999952363, -13.362456000281043 ], [ 26.929682999674441, -13.37518700015784 ], [ 26.921315999646687, -13.414355000459988 ], [ 26.861759000000205, -13.441824 ], [ 26.848651000000199, -13.496133 ], [ 26.792936000000143, -13.585073 ], [ 26.777605000000147, -13.685507 ], [ 26.822750000000138, -13.750253 ], [ 27.019466000000179, -13.723963 ], [ 27.342216000000128, -13.721546 ], [ 27.355093000000206, -13.747816 ], [ 27.342351000000196, -13.766823 ], [ 27.355480000000163, -13.808169 ], [ 27.3820720000002, -13.813137 ], [ 27.38095000000018, -13.889087 ], [ 27.405799000000151, -13.925833 ], [ 27.424943000000155, -13.915391 ], [ 27.424856000000151, -13.897135 ], [ 27.462247000000193, -13.896526 ], [ 27.462923000000171, -13.882463 ], [ 27.490863000000186, -13.874588 ], [ 27.480421000000142, -13.801791 ], [ 27.511177000000185, -13.793615 ], [ 27.55258500000015, -13.825263 ], [ 27.567686000000123, -13.768136 ], [ 27.597038000000172, -13.740592 ], [ 27.596403000000123, -13.70283 ], [ 27.621362000000136, -13.709385 ], [ 27.622867000000138, -13.669807 ], [ 27.655782000000205, -13.645688 ], [ 27.718984000000145, -13.686674 ], [ 27.769975000000134, -13.690304 ], [ 27.809986000000151, -13.679283 ], [ 27.833362000000193, -13.651304 ], [ 27.935010000000158, -13.783823 ], [ 27.905839000000164, -13.836566 ], [ 27.879243000000152, -13.84672 ], [ 27.90737900000013, -13.935889 ], [ 27.983078000000148, -13.909431 ], [ 28.019039000000177, -13.918087 ], [ 28.14246100000015, -13.901762 ], [ 28.189739000000145, -13.870236 ], [ 28.28694900000017, -13.885766 ], [ 28.331380000000149, -13.870038 ], [ 28.410640000000107, -13.888542 ], [ 28.489980000000116, -13.884542 ], [ 28.558132, -13.859565 ], [ 28.653932, -13.860594 ], [ 28.642921000000101, -13.731781 ], [ 28.6658070000001, -13.708312 ], [ 28.634439000000135, -13.716893 ], [ 28.628431, -13.697074 ], [ 28.594728, -13.687252 ], [ 28.547689000000133, -13.704772 ], [ 28.527666000000139, -13.613868 ], [ 28.493782000000103, -13.594635 ], [ 28.49642100000014, -13.561098 ], [ 28.467660000000137, -13.539978 ], [ 28.496065, -13.508934 ], [ 28.509378, -13.462863 ], [ 28.502325000000141, -13.368782 ], [ 28.452791, -13.367231 ], [ 28.397655000000153, -13.340641 ], [ 28.385257, -13.311367 ], [ 28.319734000000139, -13.254323 ], [ 28.291160000000158, -13.274253 ], [ 28.24334500000014, -13.246414 ], [ 28.223987000000193, -13.257856 ], [ 28.183948000000168, -13.247241 ], [ 28.120449000005941, -13.311689999698462 ] ] ] } },
{ "type": "Feature", "properties": { "loc": "ZM-A2-0209" }, "geometry": { "type": "Polygon", "coordinates": [ [ [ 28.12865327536754, -12.435563676128954 ], [ 28.086576461873392, -12.358852386034991 ], [ 28.064270019584914, -12.351989745836306 ], [ 28.080322265199555, -12.403320312488635 ], [ 28.064880370571821, -12.457397460830357 ], [ 28.094738000097802, -12.517909000306323 ], [ 28.049655000317188, -12.598772999880245 ], [ 28.097276001125728, -12.61395000009863 ], [ 28.151147000572795, -12.602339999797357 ], [ 28.179930999655085, -12.662993999979319 ], [ 28.21855500015231, -12.680849999633979 ], [ 28.224237000476368, -12.699210000047668 ], [ 28.241117000088661, -12.695778000060859 ], [ 28.223241000411015, -12.726811000333603 ], [ 28.235912000177841, -12.766130999652116 ], [ 28.274074000054235, -12.768999999756387 ], [ 28.310559999983187, -12.721445000192809 ], [ 28.375991000123733, -12.704689000003551 ], [ 28.437774000209117, -12.708707000034229 ], [ 28.445876999762906, -12.723107000393957 ], [ 28.463882446057216, -12.690678595846725 ], [ 28.513534545921733, -12.673627852749409 ], [ 28.522443770602706, -12.62772274041834 ], [ 28.445346832329626, -12.563277245254868 ], [ 28.448980330816791, -12.524119376614143 ], [ 28.403673172318225, -12.500841141311826 ], [ 28.326709747396102, -12.424858093432469 ], [ 28.265207290822989, -12.412824631158006 ], [ 28.235149384075992, -12.422665595746849 ], [ 28.174201964788022, -12.382769585154435 ], [ 28.12865327536754, -12.435563676128954 ] ] ] } },
{ "type": "Feature", "properties": { "loc": "ZM-A2-0210" }, "geometry": { "type": "Polygon", "coordinates": [ [ [ 28.5440292362379, -12.85629463243426 ], [ 28.528591155634963, -12.800842284886459 ], [ 28.455504547974147, -12.712063031826379 ], [ 28.445876999701415, -12.723106999731174 ], [ 28.45944000013354, -12.753584000444185 ], [ 28.41967700017106, -12.787029000430946 ], [ 28.389297000333936, -12.848340000333669 ], [ 28.34578300006304, -12.867489000260074 ], [ 28.340232000384148, -12.908738000401318 ], [ 28.384194999777058, -12.947564000321279 ], [ 28.408016000215877, -12.941902000020205 ], [ 28.399910999670539, -12.966724999901745 ], [ 28.438884000074182, -13.017042000031196 ], [ 28.457505999979556, -12.969919999751108 ], [ 28.48966399997126, -12.956049999550759 ], [ 28.508572999621876, -12.996517999648885 ], [ 28.526395000406584, -12.988280000164796 ], [ 28.539059999896718, -13.022890999962598 ], [ 28.513151000296066, -13.05211699964274 ], [ 28.511521999818076, -13.10286800000112 ], [ 28.573387000087624, -13.168150999611862 ], [ 28.633394000110655, -13.080330000272216 ], [ 28.677969999893222, -13.135503999552858 ], [ 28.718897999620626, -13.091813000112786 ], [ 28.793181999727146, -13.087030999923629 ], [ 28.773593000194442, -13.015744000428198 ], [ 28.726756999613482, -13.009213999669269 ], [ 28.72875399997476, -12.979248000038092 ], [ 28.707119999665892, -12.977602999721581 ], [ 28.717106999765864, -12.907938000381334 ], [ 28.705434000156622, -12.876236999880561 ], [ 28.687266999649953, -12.896467000194823 ], [ 28.663144999719602, -12.89694199961651 ], [ 28.650883999974258, -12.87341500014506 ], [ 28.633851999647703, -12.876374999949208 ], [ 28.629343518366319, -12.819264540868787 ], [ 28.579935073622391, -12.892919539847806 ], [ 28.5440292362379, -12.85629463243426 ] ] ] } },
{ "type": "Feature", "properties": { "loc": "ZM-A2-0302" }, "geometry": { "type": "Polygon", "coordinates": [ [ [ 32.671976999142707, -13.027462999897285 ], [ 32.636370999325663, -13.046715000076949 ], [ 32.606768999393317, -13.035662000280846 ], [ 32.546515998817803, -13.083988999472504 ], [ 32.511572998998211, -13.090696000299932 ], [ 32.456137999372679, -13.040389999778425 ], [ 32.367922999850073, -13.145030999560738 ], [ 32.368788999316372, -13.168607999539304 ], [ 32.322928999677103, -13.218937000222141 ], [ 32.346491999010055, -13.242194999879098 ], [ 32.365534999444179, -13.235444999766683 ], [ 32.43739699937553, -13.26467399958517 ], [ 32.439310999506532, -13.290492999532061 ], [ 32.422686999109231, -13.324548999816246 ], [ 32.428595999109582, -13.382162000056015 ], [ 32.346625999793567, -13.418840999891989 ], [ 32.352820999493041, -13.456575999862261 ], [ 32.261115999107581, -13.465991999710775 ], [ 32.219004999684493, -13.363406000266457 ], [ 32.112818999700586, -13.465150999598711 ], [ 32.122187999180326, -13.531208999875203 ], [ 32.240576999832186, -13.604611999823691 ], [ 32.249285999452823, -13.629536999912373 ], [ 32.084067999442127, -13.612751000138303 ], [ 32.052988999746049, -13.621581999989067 ], [ 32.035265999929464, -13.70044499991657 ], [ 32.093275999591214, -13.76504899969134 ], [ 32.055659999712724, -13.775184000321115 ], [ 32.033732999381925, -13.764578999600909 ], [ 32.032496999940101, -13.776967999853069 ], [ 32.063590999428591, -13.798390000278047 ], [ 32.091208999599161, -13.783716999919369 ], [ 32.11242599956374, -13.823525000158389 ], [ 32.160227999725912, -13.827977999564785 ], [ 32.149333000021443, -13.897694000357587 ], [ 32.167838999973377, -13.962879999991763 ], [ 32.296141999157442, -13.915752000334306 ], [ 32.293627999236286, -13.964694000007851 ], [ 32.403429999598309, -13.897391999920618 ], [ 32.413039999399963, -13.930125999495038 ], [ 32.467833999143252, -13.951851999549897 ], [ 32.507681999428236, -13.947708000003955 ], [ 32.534930999669406, -13.919769000318867 ], [ 32.562609999055724, -13.914912000268355 ], [ 32.808939998385725, -13.99684099949229 ], [ 32.847655998628944, -13.976756999615597 ], [ 32.828310998657173, -13.961155999629437 ], [ 32.808418357424763, -13.79655593548779 ], [ 32.769863128983722, -13.772507668274029 ], [ 32.781604766650169, -13.748241425181385 ], [ 32.842639922897632, -13.708525657612766 ], [ 32.786540985281754, -13.640238762288806 ], [ 32.727275847705712, -13.640188216792529 ], [ 32.673950195348745, -13.607763289923648 ], [ 32.692916870320815, -13.564711570862062 ], [ 32.747570038030339, -13.578983307213615 ], [ 32.766395568903889, -13.550178528396126 ], [ 32.84451675404847, -13.51451301594269 ], [ 32.844993590785094, -13.457729339916861 ], [ 32.882614135837208, -13.455740928980445 ], [ 32.915439606356259, -13.407725334436392 ], [ 32.957068725644682, -13.259223885853407 ], [ 32.843550999082851, -13.205713000134606 ], [ 32.671976999142707, -13.027462999897285 ] ] ] } },
{ "type": "Feature", "properties": { "loc": "ZM-A2-0304" }, "geometry": { "type": "Polygon", "coordinates": [ [ [ 33.28948211696332, -11.578231811593557 ], [ 33.21952399799131, -11.591443999985339 ], [ 33.055506998506367, -11.820399999405176 ], [ 32.931124998477095, -12.037609999446644 ], [ 32.942404998848815, -12.11197499969121 ], [ 32.911402998206995, -12.113632999707898 ], [ 32.870409998180065, -12.150262999982191 ], [ 32.787695998728552, -12.150925999979643 ], [ 32.767035998369821, -12.178275999482517 ], [ 32.719836999035472, -12.171561000084813 ], [ 32.707293998876139, -12.183525999669875 ], [ 32.668139999118857, -12.144020999913941 ], [ 32.570654999285985, -12.182584999442897 ], [ 32.567988998650563, -12.162894999749167 ], [ 32.52283399914694, -12.122925000133376 ], [ 32.48352399939025, -12.11765599996915 ], [ 32.485510999290376, -12.15049299979683 ], [ 32.470320999371815, -12.146426000204473 ], [ 32.482031998934794, -12.188445999927682 ], [ 32.286009999319205, -12.229165999955661 ], [ 32.263544999359425, -12.29112700015566 ], [ 32.194193999210889, -12.343337999493809 ], [ 32.191645999520453, -12.392169999490612 ], [ 32.144087999818531, -12.423588999577396 ], [ 32.137274999498821, -12.461179000055536 ], [ 32.153120999092032, -12.486865000164354 ], [ 32.131140999914408, -12.530752999695906 ], [ 32.14489299916977, -12.545721000168751 ], [ 32.129874999089132, -12.550813000264478 ], [ 32.110690999347334, -12.600583999496706 ], [ 32.123549999689928, -12.609998000152313 ], [ 32.074062000018479, -12.684800999910944 ], [ 32.09783899932755, -12.696088999752265 ], [ 32.07900599958441, -12.739665000184338 ], [ 32.053549999290226, -12.745266999517142 ], [ 32.055857999604193, -12.762783999726533 ], [ 32.073588999789699, -12.765829999899303 ], [ 32.044684999670196, -12.782944999556811 ], [ 32.056166999464651, -12.79539599997015 ], [ 32.031657999674138, -12.791478000054386 ], [ 32.021792999804291, -12.826972000102451 ], [ 31.988197000048707, -12.851263999778494 ], [ 32.004080999595651, -12.875330999870474 ], [ 31.982705999539441, -12.874246000197479 ], [ 31.986130999203443, -12.89474899961137 ], [ 31.966704999992949, -12.87606499954482 ], [ 31.974795999892674, -12.888875000325731 ], [ 31.962170999549183, -12.899400000054687 ], [ 31.977980999280884, -12.898703000287961 ], [ 31.979229999322204, -12.922786000218462 ], [ 32.461695999128253, -13.04166600013053 ], [ 32.511572999651406, -13.090696000264927 ], [ 32.546515999470991, -13.083988999437501 ], [ 32.606768999147185, -13.035662000245843 ], [ 32.636370999079539, -13.046715000041946 ], [ 32.669882999458054, -13.026124000167201 ], [ 32.843550998836719, -13.205713000099603 ], [ 32.898287998649415, -13.222083999621614 ], [ 32.904318998879887, -13.242688000095855 ], [ 32.967605590782583, -13.260068893309507 ], [ 32.981948852914428, -13.228450775227822 ], [ 33.01399612387921, -13.214213371394701 ], [ 32.980636597258354, -13.156929015806162 ], [ 32.974433899362161, -13.11020088171005 ], [ 33.025978088275345, -12.910769463184906 ], [ 32.955997467366423, -12.833643912980927 ], [ 32.960369109603917, -12.756176948651985 ], [ 33.006263733141964, -12.702261924692797 ], [ 33.015048980882952, -12.657712936047888 ], [ 33.086059570150233, -12.59385776486868 ], [ 33.106540680065528, -12.612178802154723 ], [ 33.168701172378398, -12.601362227829279 ], [ 33.181060790879989, -12.641927718933809 ], [ 33.270812988086128, -12.536991119189526 ], [ 33.315155029238404, -12.52578926091039 ], [ 33.370277404735631, -12.549380302004062 ], [ 33.414283752350485, -12.516312599091902 ], [ 33.433498383001165, -12.477334976172939 ], [ 33.476722717036957, -12.45437240560676 ], [ 33.476264954021602, -12.41389083923557 ], [ 33.548229217661458, -12.357740401942722 ], [ 33.531528472718037, -12.331883429921081 ], [ 33.511806487736415, -12.342346191168515 ], [ 33.476116180074847, -12.322811126676882 ], [ 33.365959166939199, -12.34810829230857 ], [ 33.357334137018, -12.306882858002222 ], [ 33.311149597233317, -12.249538422305072 ], [ 33.30936431886542, -12.166264533725979 ], [ 33.261348724321365, -12.142250061236064 ], [ 33.322937012190557, -11.918409348057693 ], [ 33.305812835850887, -11.858262061889372 ], [ 33.333717345636188, -11.807616233646993 ], [ 33.314899444610873, -11.721697806753106 ], [ 33.315872191805404, -11.610839844028307 ], [ 33.28948211696332, -11.578231811593557 ] ] ] } },
{ "type": "Feature", "properties": { "loc": "ZM-A2-0305" }, "geometry": { "type": "Polygon", "coordinates": [ [ [ 32.456137999311309, -13.040389999895286 ], [ 32.032931999625845, -12.943923999944829 ], [ 31.979229999654237, -12.922785999949305 ], [ 31.967345999658868, -12.897811999950271 ], [ 31.940251999674317, -12.91831299995242 ], [ 31.928704999679482, -12.907607999953264 ], [ 31.921454999684642, -12.933237999953818 ], [ 31.907256999691256, -12.927068999954805 ], [ 31.89641299970156, -13.012170999955586 ], [ 31.87787999971188, -13.04082299995687 ], [ 31.865414999716577, -13.025322999957723 ], [ 31.837346999731643, -13.073571999959544 ], [ 31.807223999744096, -13.069827999961515 ], [ 31.810082999744481, -13.100377999961299 ], [ 31.782162999755535, -13.096336999963121 ], [ 31.764916999763095, -13.112647999964089 ], [ 31.757132999764927, -13.090647999964567 ], [ 31.741564999770809, -13.090291999965487 ], [ 31.751362999768105, -13.109978999964945 ], [ 31.727972999777386, -13.124063999966207 ], [ 31.73935499977474, -13.156625999965577 ], [ 31.717017999784282, -13.188137999966798 ], [ 31.64803799980924, -13.231622999970483 ], [ 31.657631999808046, -13.274303999969906 ], [ 31.642687999813425, -13.29075399997074 ], [ 31.659422999808974, -13.310398999969831 ], [ 31.633961999817338, -13.321260999971141 ], [ 31.638569999817044, -13.347674999970838 ], [ 31.618077999823548, -13.357194999971867 ], [ 31.622353999822963, -13.373161999971639 ], [ 31.580389999835077, -13.374634999973612 ], [ 31.541047999847336, -13.422009999975327 ], [ 31.565709999841964, -13.453027999974221 ], [ 31.554511999846248, -13.489184999974746 ], [ 31.573887999842796, -13.534335999973901 ], [ 31.564969999846547, -13.572030999974228 ], [ 31.588902999841075, -13.59564299997319 ], [ 31.642487999826095, -13.595869999970567 ], [ 31.760333999799386, -13.81368499996406 ], [ 31.871550999759492, -13.814103999956806 ], [ 31.893143999747011, -13.747423999955267 ], [ 31.961245999720454, -13.786362999950164 ], [ 32.00428299969569, -13.712683999946663 ], [ 32.033732999685014, -13.764578999944089 ], [ 32.055659999674859, -13.775183999942076 ], [ 32.092516999654876, -13.766139999938687 ], [ 32.035265999679609, -13.700444999943951 ], [ 32.055296999663028, -13.614614999942265 ], [ 32.249285999548107, -13.629536999922188 ], [ 32.240576999551564, -13.604611999923211 ], [ 32.122187999619499, -13.531208999935973 ], [ 32.112818999619599, -13.465150999936959 ], [ 32.219004999543401, -13.363405999925948 ], [ 32.257460999523204, -13.4334699999214 ], [ 32.25026699953051, -13.45563799992221 ], [ 32.277979999511828, -13.467904999918979 ], [ 32.352820999453293, -13.456575999909404 ], [ 32.346625999454083, -13.418840999910298 ], [ 32.428595999380015, -13.382161999898912 ], [ 32.422686999378357, -13.324548999899822 ], [ 32.438532999356575, -13.265713999897589 ], [ 32.365534999417946, -13.235444999907997 ], [ 32.346491999434733, -13.242194999910495 ], [ 32.322928999451463, -13.218936999913645 ], [ 32.456137999311309, -13.040389999895286 ] ] ] } },
{ "type": "Feature", "properties": { "loc": "ZM-A2-0306" }, "geometry": { "type": "Polygon", "coordinates": [ [ [ 31.023731000344011, -13.784998999947341 ], [ 30.980286999703893, -13.799708000167524 ], [ 30.980154999911935, -13.849593000160279 ], [ 30.944693999587031, -13.854091999889334 ], [ 30.945618999975487, -13.884772000071196 ], [ 30.91947699952253, -13.883817000097928 ], [ 30.892421000087701, -13.933365999884437 ], [ 30.095487000083605, -13.935546999737699 ], [ 30.159635000413559, -13.979287999684889 ], [ 30.162465999664771, -14.036492999995405 ], [ 30.18253699984129, -14.060744999625483 ], [ 30.286056000042986, -14.094264000326804 ], [ 30.31114300040776, -14.149703000136798 ], [ 30.301556999914233, -14.160345999911417 ], [ 30.317981000081708, -14.168936000339595 ], [ 30.313487999730022, -14.185353000184262 ], [ 30.286322999765247, -14.182617999964178 ], [ 30.177089000415656, -14.288849000224632 ], [ 30.118833000201416, -14.37536200039945 ], [ 30.097525999683757, -14.358574999679941 ], [ 30.07288099991683, -14.368939000078242 ], [ 30.062188999681208, -14.416537999872247 ], [ 30.033069000392672, -14.429859999982463 ], [ 29.978769000047933, -14.582365000088135 ], [ 29.991394000391423, -14.614458999826432 ], [ 30.011464999668618, -14.621019000170172 ], [ 30.007704999844485, -14.650875000124607 ], [ 30.048523999941263, -14.666300000088384 ], [ 30.055928999682209, -14.69593999997447 ], [ 30.090435000033843, -14.704378999734502 ], [ 30.198732000240238, -14.816245999996353 ], [ 30.208168000111733, -14.868862000024732 ], [ 30.194114000419404, -14.910954000370271 ], [ 30.217859337297199, -14.997058811758206 ], [ 30.36454963671498, -14.959811211061991 ], [ 30.798507690136411, -14.783794402832875 ], [ 31.042498999787629, -14.720788000109568 ], [ 31.062303000241887, -14.650788999755985 ], [ 31.019133999692951, -14.597310999546442 ], [ 31.046041000350506, -14.591151999708471 ], [ 31.070060000027599, -14.561493999891633 ], [ 31.094452999864671, -14.563026999539847 ], [ 31.03391200039712, -14.494090999643369 ], [ 31.103455999553354, -14.437053999885636 ], [ 31.026613000148458, -14.270813000363127 ], [ 31.071843999559551, -14.271872999782564 ], [ 31.082671999771591, -14.225371000214938 ], [ 31.142596999610461, -14.168862999671148 ], [ 31.065005999885607, -14.163146000431025 ], [ 31.045168999708189, -14.102229999858057 ], [ 31.015146000146409, -14.076554000210391 ], [ 31.13223800034206, -13.96865500037142 ], [ 31.09696299960137, -13.931233999592857 ], [ 31.093258999661725, -13.893938000082089 ], [ 31.023731000344011, -13.784998999947341 ] ] ] } },
{ "type": "Feature", "properties": { "loc": "ZM-A2-0307" }, "geometry": { "type": "Polygon", "coordinates": [ [ [ 31.461577999439527, -13.417080000318538 ], [ 31.432560999504926, -13.425395999802328 ], [ 31.417421000093483, -13.459587000016818 ], [ 31.377282999924908, -13.452436000297954 ], [ 31.362743000303624, -13.47091099971964 ], [ 31.32554599996233, -13.477422999648494 ], [ 31.30648599964357, -13.523304000256186 ], [ 31.28065099985816, -13.523898999815769 ], [ 31.248604999635429, -13.549841000038899 ], [ 31.215371999532554, -13.600981000349666 ], [ 31.197441000016539, -13.587860999662183 ], [ 31.147127000025435, -13.614892999788889 ], [ 31.124697999927157, -13.645914999554366 ], [ 31.144443000358581, -13.696783999958411 ], [ 31.073227999686839, -13.749834000215717 ], [ 31.072689000011742, -13.773627000262632 ], [ 31.048118000060057, -13.763440999978945 ], [ 31.023730999600353, -13.784999000380342 ], [ 31.09325899981739, -13.893937999615769 ], [ 31.096962999757036, -13.93123400002586 ], [ 31.132237999598406, -13.968654999905102 ], [ 31.015146000302074, -14.076553999744073 ], [ 31.045168999863854, -14.10223000029106 ], [ 31.065006000041272, -14.163145999964707 ], [ 31.14259699976613, -14.168863000104151 ], [ 31.082671999927257, -14.22537099974862 ], [ 31.071843999715217, -14.271873000215567 ], [ 31.026613000304124, -14.270812999896807 ], [ 31.103455999709023, -14.437054000318639 ], [ 31.033911999653466, -14.494091000076372 ], [ 31.094453000020337, -14.56302699997285 ], [ 31.070060000183265, -14.561494000324634 ], [ 31.046040999606848, -14.591152000141474 ], [ 31.019133999848616, -14.597310999979445 ], [ 31.062303000397552, -14.650789000188988 ], [ 31.034730719061837, -14.72785221748263 ], [ 31.041721343579546, -14.726352692399614 ], [ 31.047904967754462, -14.723457335864138 ], [ 31.059265137290655, -14.721784592361828 ], [ 31.071392058910792, -14.716217994841369 ], [ 31.078456879295945, -14.717469215308819 ], [ 31.266794205302734, -14.658801079183238 ], [ 31.472473144834169, -14.620221138271694 ], [ 31.683305740182167, -14.506426810825438 ], [ 31.826463698655171, -14.472779273621359 ], [ 31.882619120890119, -14.44405286802222 ], [ 31.895869999914968, -14.419058999649893 ], [ 31.894534999505026, -14.320561999913146 ], [ 31.9239759992074, -14.27815899961492 ], [ 31.880246999813593, -14.250205000137425 ], [ 31.802103999814143, -14.252290000060235 ], [ 31.802107999998604, -14.237650000324034 ], [ 31.758454999612944, -14.21293900021147 ], [ 31.691897999707322, -14.233693999555214 ], [ 31.666767000011443, -14.261448999748319 ], [ 31.557848999945794, -14.317296999533681 ], [ 31.523880000076346, -14.294768000219815 ], [ 31.522053999506873, -14.222680999805076 ], [ 31.490136999837077, -14.222517000336076 ], [ 31.490347999674849, -14.078268999691362 ], [ 31.546603999389465, -14.078440999529285 ], [ 31.546847999849717, -14.057208999772302 ], [ 31.575665999600602, -14.05700200011899 ], [ 31.575929000037725, -13.966558000328233 ], [ 31.694964999949192, -13.966347999637254 ], [ 31.695349999717116, -13.987289999510649 ], [ 31.801548999401206, -13.987076999580646 ], [ 31.796898999903327, -13.967515000393732 ], [ 31.826357999536452, -13.933363000179094 ], [ 31.871550999893135, -13.814103999876473 ], [ 31.760333999928555, -13.813685000339273 ], [ 31.642488000035577, -13.59587000027707 ], [ 31.588903000287637, -13.595642999701454 ], [ 31.564970000079843, -13.572030999907499 ], [ 31.573999000068202, -13.535373000140623 ], [ 31.556225999744495, -13.503535999663434 ], [ 31.555600999700779, -13.428461999998081 ], [ 31.500544999566479, -13.431962999569555 ], [ 31.461577999439527, -13.417080000318538 ] ] ] } },
{ "type": "Feature", "properties": { "loc": "ZM-A2-0312" }, "geometry": { "type": "Polygon", "coordinates": [ [ [ 32.81473922690293, -13.780243873690551 ], [ 32.808909998566776, -13.80605999940417 ], [ 32.828310998423035, -13.961155999384573 ], [ 32.847655998394714, -13.976756999370764 ], [ 32.808939998151459, -13.996841000146787 ], [ 32.562609999325616, -13.914911999876722 ], [ 32.534930999352866, -13.919768999881398 ], [ 32.507681999381589, -13.947707999885949 ], [ 32.467833999417167, -13.951851999892199 ], [ 32.413039999459784, -13.930125999900611 ], [ 32.403429999463469, -13.897391999901913 ], [ 32.238642999591434, -14.007760999923221 ], [ 32.150996999644804, -14.029175999932704 ], [ 32.218722999605916, -14.030753999925423 ], [ 32.262591999581161, -14.057541999920261 ], [ 32.261889999586117, -14.102875999920457 ], [ 32.289801999571182, -14.133029999916857 ], [ 32.284716999577881, -14.165816999917524 ], [ 32.319125999561209, -14.221405999913202 ], [ 32.308102157386088, -14.309350207716591 ], [ 32.451156616000162, -14.28281784099994 ], [ 33.209007263043929, -14.003616333261903 ], [ 33.18337249821127, -13.954569817078095 ], [ 33.151729584022121, -13.934806823910492 ], [ 33.080780029044206, -13.977267264807153 ], [ 33.062988280553895, -14.024939536864792 ], [ 33.029148102272302, -14.046057701336508 ], [ 32.991714477710048, -14.014283180359143 ], [ 33.000240325899426, -13.948386192003852 ], [ 32.946670531888572, -13.93486595163705 ], [ 32.952571868765915, -13.903653145410999 ], [ 32.936573029390786, -13.87341499294223 ], [ 32.903339386272819, -13.850392342267526 ], [ 32.888816832599957, -13.813497542911989 ], [ 32.81473922690293, -13.780243873690551 ] ] ] } },
{ "type": "Feature", "properties": { "loc": "ZM-A2-0313" }, "geometry": { "type": "Polygon", "coordinates": [ [ [ 31.991784999453557, -13.717425000040862 ], [ 31.97593299958379, -13.769653000162918 ], [ 31.951022999287545, -13.790042999761738 ], [ 31.938387999382201, -13.766340000267917 ], [ 31.893143999371546, -13.747424000294473 ], [ 31.886130999721388, -13.798633000189852 ], [ 31.842008000144517, -13.866971000388446 ], [ 31.826357999697279, -13.933362999879591 ], [ 31.796899000064343, -13.967515000094295 ], [ 31.801548999712793, -13.987076999873409 ], [ 31.695350000179246, -13.987290000395831 ], [ 31.694964999512024, -13.96634799962311 ], [ 31.575928999600364, -13.96655800031408 ], [ 31.575666000062711, -14.057002000104831 ], [ 31.546847999412535, -14.057208999758075 ], [ 31.546603999851527, -14.078440999515067 ], [ 31.490348000136919, -14.078268999677164 ], [ 31.490136999399851, -14.222517000321943 ], [ 31.522053999968932, -14.222680999790896 ], [ 31.523879999639178, -14.294768000205579 ], [ 31.574391999767727, -14.316037999916375 ], [ 31.691898000169488, -14.23369399954106 ], [ 31.75845500007506, -14.212939000197252 ], [ 31.802107999561372, -14.237650000309827 ], [ 31.802103999376982, -14.25229000004606 ], [ 31.880246999376254, -14.250205000123287 ], [ 31.923975999669437, -14.278158999600691 ], [ 31.894534999967107, -14.320561999898985 ], [ 31.895869999477725, -14.419058999635752 ], [ 31.882350000129179, -14.44419000023089 ], [ 31.947725296262206, -14.412844658216954 ], [ 32.308102157763926, -14.309350207423222 ], [ 32.319125999740606, -14.221406000063951 ], [ 32.284716999365571, -14.165816999631886 ], [ 32.28980199913849, -14.133030000311408 ], [ 32.261889999799109, -14.102876000104459 ], [ 32.262591999796427, -14.057541999540774 ], [ 32.218722999342447, -14.030753999874264 ], [ 32.150996999487461, -14.029175999949587 ], [ 32.260664999965286, -13.992198999861046 ], [ 32.293627999308114, -13.964693999505585 ], [ 32.296141999229292, -13.915751999832025 ], [ 32.167839000045149, -13.96287999948953 ], [ 32.149332999193973, -13.897693999855335 ], [ 32.160227999797883, -13.827977999961774 ], [ 32.112425999635605, -13.823524999656115 ], [ 32.091208999671039, -13.783717000316358 ], [ 32.063590999500491, -13.798389999775736 ], [ 32.040839999841523, -13.785456999617907 ], [ 32.029803999930095, -13.738289999960614 ], [ 31.991784999453557, -13.717425000040862 ] ] ] } },
{ "type": "Feature", "properties": { "loc": "ZM-A2-0401" }, "geometry": { "type": "Polygon", "coordinates": [ [ [ 29.372022000288862, -8.722680999630855 ], [ 29.43986099995896, -8.623657999919187 ], [ 29.485950000266079, -8.584711999861332 ], [ 29.498356999549667, -8.500567000069424 ], [ 29.596823999701606, -8.396655999776995 ], [ 29.570328066560801, -8.379631050135282 ], [ 29.002300262420952, -8.459407806227702 ], [ 28.959756850971676, -8.574064255263597 ], [ 28.956884383980913, -8.658514022706409 ], [ 28.927009582799787, -8.742962836867854 ], [ 28.760675429701099, -8.967340468690105 ], [ 28.64814020168274, -9.070904012312745 ], [ 28.933506000175548, -9.070756000091757 ], [ 28.975830000427955, -9.168481000200426 ], [ 29.04420999986538, -9.173966000433001 ], [ 29.135173000207573, -9.042405000292955 ], [ 29.171572999767903, -9.041666000388034 ], [ 29.196066999766007, -8.948061999663981 ], [ 29.260936000070128, -8.92662999967717 ], [ 29.295219000030606, -8.887756000241644 ], [ 29.317007000246644, -8.804943999868126 ], [ 29.314051999773749, -8.728629999677171 ], [ 29.372022000288862, -8.722680999630855 ] ] ] } },
{ "type": "Feature", "properties": { "loc": "ZM-A2-0404" }, "geometry": { "type": "Polygon", "coordinates": [ [ [ 28.882507324098178, -10.137329101491016 ], [ 28.914074700631385, -10.10111178391535 ], [ 29.171947000198358, -10.129220000037188 ], [ 29.177314000385223, -10.052005999711231 ], [ 29.212852380177686, -10.031707999857881 ], [ 29.256406000081352, -10.062765999485134 ], [ 29.267215000316462, -10.158860999968697 ], [ 29.294522999681163, -10.189360999943739 ], [ 29.321716000037874, -10.181349000089968 ], [ 29.343377999839273, -10.200625999623572 ], [ 29.417302999578268, -10.177530999389701 ], [ 29.444519043263711, -10.188781738520367 ], [ 29.500143550728751, -10.151822696993737 ], [ 29.514686639521294, -10.169709562280051 ], [ 29.506896972761556, -10.259521484362658 ], [ 29.532363000496559, -10.313885000226383 ], [ 29.588416999889091, -10.281675000534543 ], [ 29.630844000394802, -10.281313000028623 ], [ 29.645376000546449, -10.24221800029482 ], [ 29.783124000017065, -10.199507000181406 ], [ 29.837505000499885, -10.223819999926699 ], [ 29.886495000588308, -10.176945000245372 ], [ 29.933729000637353, -10.051662000035225 ], [ 29.909559000292035, -9.975747000257662 ], [ 29.931083000024888, -9.85459200065419 ], [ 29.910190000612502, -9.817355000266987 ], [ 29.867769000383525, -9.804331000409368 ], [ 29.858814000210412, -9.790353000624471 ], [ 29.872196000389547, -9.781468000082004 ], [ 29.822174000374286, -9.742578999954947 ], [ 29.804921999794917, -9.698594000446503 ], [ 29.750611999888392, -9.705513000259042 ], [ 29.727069000578425, -9.683270000643482 ], [ 29.533180000401138, -9.648212000017848 ], [ 29.521770000329706, -9.605881000341563 ], [ 29.508458999827418, -9.614953000514518 ], [ 29.483375000500381, -9.588686000592457 ], [ 29.458541000111534, -9.593932000595151 ], [ 29.465604000268861, -9.549002000675877 ], [ 29.412088000105584, -9.532003000072036 ], [ 29.394445000380976, -9.547883000334121 ], [ 29.368206999997522, -9.520608000692869 ], [ 29.354554999957738, -9.525609000188844 ], [ 29.320512000273041, -9.417766000235032 ], [ 29.326152000458922, -9.384165000248414 ], [ 29.348072000466935, -9.385929000656413 ], [ 29.357947999944706, -9.369227000259658 ], [ 29.353584000145961, -9.317858000180353 ], [ 29.332923000640456, -9.294327000524184 ], [ 29.343385000162126, -9.242923000629812 ], [ 29.204701999841888, -9.214550000715908 ], [ 29.13641300010433, -9.355669000058596 ], [ 28.959881999998775, -9.327054000675187 ], [ 28.927465000653758, -9.369051000237691 ], [ 28.943426000154222, -9.610527000554281 ], [ 28.906485999973366, -9.768009999995554 ], [ 28.829488000615182, -9.760909999930162 ], [ 28.731603000322643, -9.699914000164572 ], [ 28.661981000267478, -9.755262000275032 ], [ 28.633480909061209, -9.745851222789506 ], [ 28.642887115292577, -9.752262114638954 ], [ 28.668216705081385, -9.756244658898355 ], [ 28.697048186569063, -9.806156158313692 ], [ 28.671312331643268, -9.821036339089417 ], [ 28.624950408678909, -9.957169532981704 ], [ 28.633931760786599, -10.013853406743211 ], [ 28.677738000253008, -10.013376000735484 ], [ 28.678342000227644, -9.992444000424364 ], [ 28.699318999916414, -9.986500000608363 ], [ 28.713466000300158, -10.038783000568801 ], [ 28.773023000255716, -10.080702000130829 ], [ 28.789642000422479, -10.120051000786452 ], [ 28.882507324098178, -10.137329101491016 ] ] ] } },
{ "type": "Feature", "properties": { "loc": "ZM-A2-0406" }, "geometry": { "type": "Polygon", "coordinates": [ [ [ 28.936096191524687, -10.641479491650756 ], [ 28.873474121272345, -10.716369628521077 ], [ 28.866271973511434, -10.701721191345442 ], [ 28.83447265642662, -10.708374023308068 ], [ 28.843322754280354, -10.696176902407657 ], [ 28.813688999286555, -10.713490999375658 ], [ 28.773333999902839, -10.697614000151523 ], [ 28.779219999741862, -10.769389999714253 ], [ 28.727436999456629, -10.957704000005133 ], [ 28.770677999728573, -10.985838999735588 ], [ 28.777022999150759, -11.033028999554224 ], [ 28.763564999064123, -11.049035999377407 ], [ 28.737532999187231, -11.041375999568263 ], [ 28.728419999821803, -11.014625999855546 ], [ 28.613224999872514, -10.974513999986648 ], [ 28.541174413007422, -10.920281652941467 ], [ 28.508211135773966, -10.975024223154913 ], [ 28.50765419012744, -11.030931472974636 ], [ 28.475929259566342, -11.105465889304885 ], [ 28.496650696211329, -11.182229995683292 ], [ 28.486860275320119, -11.244254112103128 ], [ 28.448205947884855, -11.325330733891793 ], [ 28.458448410304559, -11.371192932373468 ], [ 28.426706314383569, -11.384992599294559 ], [ 28.419210433653259, -11.446063042241144 ], [ 28.393972396647456, -11.474719048011194 ], [ 28.38135719261901, -11.585324286851895 ], [ 28.431026458742743, -11.645812034763132 ], [ 28.417726517203672, -11.677749634303717 ], [ 28.43462753307286, -11.699823379710743 ], [ 28.414464951335102, -11.725877761914719 ], [ 28.447099686440044, -11.769351959091177 ], [ 28.438667296697052, -11.830666541892931 ], [ 28.481826782418739, -11.827054976971148 ], [ 28.503870010231456, -11.879418372725258 ], [ 28.614656448075287, -11.912751197575245 ], [ 28.640037536641671, -11.952170372330356 ], [ 28.714477539445557, -11.989690780570605 ], [ 28.763286228115604, -11.994123113556384 ], [ 28.780911999527824, -11.973133999999638 ], [ 28.824313999130421, -11.986782999901063 ], [ 28.86886899974321, -11.945529999575358 ], [ 28.904879999351156, -11.939489000682373 ], [ 28.937115999342563, -11.954947000369309 ], [ 28.955609999640437, -11.939229000383598 ], [ 28.940798999213111, -11.878890000338782 ], [ 28.961934999938965, -11.885523999598441 ], [ 28.994402999837241, -11.849299000014376 ], [ 28.984032999162249, -11.796809000400586 ], [ 28.957496999425651, -11.773630999936236 ], [ 28.827235999880159, -11.793436999583403 ], [ 28.783251999518829, -11.738980000092468 ], [ 28.82403299966187, -11.726053000211328 ], [ 28.81798899973122, -11.671214000191494 ], [ 28.861218999495897, -11.619091000414874 ], [ 28.865445999272115, -11.52798899995792 ], [ 28.896132999776786, -11.483759999989545 ], [ 28.983244999695646, -11.427799000389093 ], [ 29.007376937134609, -11.445401961396939 ], [ 29.061177999004119, -11.413864999935337 ], [ 29.123286999733917, -11.433122000345577 ], [ 29.124321999799118, -11.499181999814978 ], [ 29.184010999546658, -11.544073999780803 ], [ 29.162732999467018, -11.559040000161415 ], [ 29.267363999687504, -11.533535000305557 ], [ 29.322049999846282, -11.589022999677232 ], [ 29.467274999680157, -11.5911899997842 ], [ 29.456438999998518, -11.511640999697915 ], [ 29.488742000381681, -11.447215999184552 ], [ 29.472589339165339, -11.422454519226219 ], [ 29.49337700008715, -11.385098999884475 ], [ 29.474876000365793, -11.337243999076833 ], [ 29.562230999799468, -11.32099099960049 ], [ 29.593404000233093, -11.269534999106462 ], [ 29.498165000553001, -11.253648999467289 ], [ 29.422499999713882, -11.098819999209134 ], [ 29.386540999805963, -11.108091999611631 ], [ 29.355292999510986, -11.076148999642157 ], [ 29.292691999474862, -11.066892999078183 ], [ 29.206423999806415, -10.975768999405336 ], [ 29.083859999078364, -10.927513999037362 ], [ 29.079528809245819, -10.880493163494238 ], [ 29.044677734528491, -10.861572265812955 ], [ 29.032897949419496, -10.827575683736352 ], [ 29.04052734440009, -10.774475097513276 ], [ 29.078125000806811, -10.721008301057784 ], [ 29.057678223409951, -10.678283691504697 ], [ 29.036926269170653, -10.661376953249331 ], [ 28.961486816502049, -10.658813476226484 ], [ 28.936096191524687, -10.641479491650756 ] ] ] } },
{ "type": "Feature", "properties": { "loc": "ZM-A2-0407" }, "geometry": { "type": "Polygon", "coordinates": [ [ [ 29.058140999438542, -11.414257999915364 ], [ 29.007376937326764, -11.445401961240119 ], [ 28.983244999887802, -11.427799000232275 ], [ 28.896132999968941, -11.483759999832726 ], [ 28.86631899925338, -11.524962000504519 ], [ 28.861218999688052, -11.619091000258056 ], [ 28.817988999923376, -11.671214000034674 ], [ 28.82403299985403, -11.72605300005451 ], [ 28.783251999710988, -11.738979999935649 ], [ 28.827236000072315, -11.793436999426582 ], [ 28.957496999617806, -11.773630999779417 ], [ 28.984032999354405, -11.796809000243767 ], [ 28.997276999464923, -11.837441999857008 ], [ 28.96193500013112, -11.885523999441622 ], [ 28.940798999405267, -11.878890000181963 ], [ 28.955609999832596, -11.93922900022678 ], [ 28.937115999534718, -11.95494700021249 ], [ 28.904879999543311, -11.939489000525555 ], [ 28.868868999935366, -11.94552999941854 ], [ 28.826027999223754, -11.986310000414788 ], [ 28.775679999463375, -11.975957999670548 ], [ 28.763286228307759, -11.994123113399564 ], [ 28.774045943896162, -12.046056747429551 ], [ 28.855504989794412, -12.138183593706485 ], [ 28.947004317925899, -12.211951256154149 ], [ 29.046798705726655, -12.384705544334004 ], [ 29.107326507643183, -12.37933254207176 ], [ 29.129373550380013, -12.395296097445542 ], [ 29.190967559736062, -12.370560645665865 ], [ 29.266920090021106, -12.364198685029891 ], [ 29.301734923858618, -12.412826538022912 ], [ 29.36611175488455, -12.412851334130366 ], [ 29.47488975478932, -12.471418381062037 ], [ 29.499444961746555, -12.469825744670981 ], [ 29.535673141333376, -12.429368019327232 ], [ 29.5366649631485, -12.407494544845969 ], [ 29.495679854672524, -12.393975257760538 ], [ 29.459342956942876, -12.340796470988945 ], [ 29.467676163155375, -12.27323818210502 ], [ 29.489255904667235, -12.238570212953565 ], [ 29.56843237228712, -12.197189726533253 ], [ 29.52358399933307, -12.161853999970722 ], [ 29.445280000002967, -12.154422999930103 ], [ 29.382033999900145, -12.107234000157582 ], [ 29.399067999419607, -12.041185000296128 ], [ 29.430750999989627, -12.040257000668646 ], [ 29.45478199932078, -11.988039000108369 ], [ 29.495790000039438, -11.957345000180215 ], [ 29.463868999285857, -11.919994999977867 ], [ 29.505503999241142, -11.836908000412489 ], [ 29.513876999554853, -11.749009000173819 ], [ 29.43967799977084, -11.597581000271546 ], [ 29.322050000038441, -11.589022999520413 ], [ 29.26736399987966, -11.533535000148738 ], [ 29.162306999799171, -11.558853000374269 ], [ 29.184010999738817, -11.544073999623985 ], [ 29.124321999991274, -11.499181999658159 ], [ 29.124775999343864, -11.435605999625782 ], [ 29.058140999438542, -11.414257999915364 ] ] ] } },
{ "type": "Feature", "properties": { "loc": "ZM-A2-0410" }, "geometry": { "type": "Polygon", "coordinates": [ [ [ 28.941125000100072, -9.073389999983283 ], [ 28.6481402018902, -9.070904012145213 ], [ 28.482864379968557, -9.17100906355221 ], [ 28.383546828904425, -9.259426117356201 ], [ 28.498443603770692, -9.32778930666594 ], [ 28.527126312210935, -9.361122130616604 ], [ 28.515632629323779, -9.443811416698292 ], [ 28.569837570428927, -9.491050720049461 ], [ 28.577327727873737, -9.557144165305754 ], [ 28.62270164484643, -9.555313109647063 ], [ 28.585550307582025, -9.579779624564791 ], [ 28.615077972252013, -9.601865768025544 ], [ 28.624000549167405, -9.730016708039415 ], [ 28.642890000254702, -9.75226200002605 ], [ 28.661981000204392, -9.755261999876163 ], [ 28.73160300025965, -9.699913999766046 ], [ 28.829488000552178, -9.760910000430945 ], [ 28.906485999910362, -9.768010000495895 ], [ 28.943080000323153, -9.616126000249482 ], [ 28.925340000621926, -9.376612000478209 ], [ 28.944509000571315, -9.343658999797773 ], [ 28.959881999935746, -9.327054000276661 ], [ 29.136413000041316, -9.355668999659377 ], [ 29.204701999778862, -9.214550000317031 ], [ 29.343385000099072, -9.242923000231045 ], [ 29.330207000334195, -9.202630000109188 ], [ 29.304390999626328, -9.21755500039772 ], [ 29.239622000336443, -9.135213000114634 ], [ 29.194627000117357, -9.141698999743813 ], [ 29.173120000269193, -9.116831999631847 ], [ 29.15123700016882, -9.12092300033097 ], [ 29.1091609996618, -9.095143000383931 ], [ 29.109312000329947, -9.078281999849183 ], [ 29.050263999565324, -9.169936999727526 ], [ 28.975829999736096, -9.168481000032894 ], [ 28.955051000184906, -9.145589000166995 ], [ 28.941125000100072, -9.073389999983283 ] ] ] } },
{ "type": "Feature", "properties": { "loc": "ZM-A2-0414" }, "geometry": { "type": "Polygon", "coordinates": [ [ [ 28.699318999817422, -9.986500000338879 ], [ 28.67834200012868, -9.99244400015516 ], [ 28.677738000154022, -10.013376000466508 ], [ 28.633931760687574, -10.01385340647397 ], [ 28.621767044159242, -10.157050132921256 ], [ 28.577156067044371, -10.230619431006119 ], [ 28.636377334791689, -10.306082725602039 ], [ 28.621656417655004, -10.375761986390842 ], [ 28.642824173442136, -10.437310219355311 ], [ 28.634086608655423, -10.518402099941 ], [ 28.671241759944621, -10.560619354264247 ], [ 28.665876389329412, -10.619123459444779 ], [ 28.696790695279788, -10.662585257668241 ], [ 28.662084578685835, -10.719008445847862 ], [ 28.610080719295183, -10.725774765057508 ], [ 28.603513717729356, -10.767734528189635 ], [ 28.553543090586686, -10.832427979032047 ], [ 28.541174413214037, -10.920281652540439 ], [ 28.613225000079183, -10.974514000484533 ], [ 28.72842000002845, -11.014626000354269 ], [ 28.737532999393864, -11.04137600006635 ], [ 28.762275000036652, -11.049304000543032 ], [ 28.777022999357428, -11.033029000052352 ], [ 28.770677999935231, -10.98583900023408 ], [ 28.727436999663212, -10.957704000503213 ], [ 28.779219999948509, -10.769390000212638 ], [ 28.773334000109344, -10.697614000649764 ], [ 28.813688999493252, -10.713490999874068 ], [ 28.843322753833775, -10.696176902715933 ], [ 28.839111328664103, -10.704711914128495 ], [ 28.834472656127559, -10.708374023647252 ], [ 28.866271973212292, -10.701721191684499 ], [ 28.873474120973128, -10.716369628860264 ], [ 28.936706543111654, -10.641296386873648 ], [ 28.961486816202751, -10.658813476565683 ], [ 29.0369262693211, -10.661376953138813 ], [ 29.078125000507498, -10.719177246187883 ], [ 29.040527344101008, -10.774475097852417 ], [ 29.032897949120354, -10.827575683625753 ], [ 29.04467773422931, -10.861572265702364 ], [ 29.07830810607345, -10.878295898391968 ], [ 29.084280218776485, -10.926830786481219 ], [ 29.099273000068308, -10.902684999932433 ], [ 29.143601768576104, -10.896610611460119 ], [ 29.20168800017035, -10.85241700026387 ], [ 29.188110351580917, -10.761474609235393 ], [ 29.199775000085651, -10.737032000096406 ], [ 29.293273925820529, -10.681091308536679 ], [ 29.339964999754443, -10.599020000142559 ], [ 29.397000205814379, -10.618286132718424 ], [ 29.431195999864826, -10.512321999979861 ], [ 29.464338337513652, -10.502255877076664 ], [ 29.420288086345522, -10.459289550891697 ], [ 29.464187000049492, -10.39978600034317 ], [ 29.458076000176789, -10.368567000036592 ], [ 29.533023000593914, -10.304635000310839 ], [ 29.506896972999982, -10.259521484285017 ], [ 29.514686639759589, -10.169709562652145 ], [ 29.500143550966982, -10.151822697365446 ], [ 29.444519043501998, -10.188781738442287 ], [ 29.417302999816627, -10.1775309997617 ], [ 29.343378000077507, -10.200625999995793 ], [ 29.321716000276126, -10.181349000012233 ], [ 29.294522999919593, -10.189361000315785 ], [ 29.26721500055487, -10.158861000340835 ], [ 29.256406000319544, -10.062765999856822 ], [ 29.212852379966478, -10.031707999780167 ], [ 29.177314000623653, -10.05200600008277 ], [ 29.17194700043683, -10.129220000408623 ], [ 28.914074700420201, -10.101111784287298 ], [ 28.891906738438252, -10.133728027981988 ], [ 28.862178000197673, -10.13819100042025 ], [ 28.789642000323397, -10.12005100051806 ], [ 28.773023000156797, -10.080701999861787 ], [ 28.713466000201208, -10.038783000298963 ], [ 28.699318999817422, -9.986500000338879 ] ] ] } },
{ "type": "Feature", "properties": { "loc": "ZM-A2-0415" }, "geometry": { "type": "Polygon", "coordinates": [ [ [ 29.714945999364431, -10.734579999743232 ], [ 29.630539999452651, -10.718006999899103 ], [ 29.570726000011064, -10.771435000275972 ], [ 29.493475999823602, -10.794341999934261 ], [ 29.362561999842626, -10.877980999774366 ], [ 29.359204999717122, -10.918339000195772 ], [ 29.395894999385746, -10.957643999946583 ], [ 29.388104999652114, -10.99841300021086 ], [ 29.421542999540918, -11.030158000042604 ], [ 29.427306999719747, -11.107377999365212 ], [ 29.454755000144644, -11.182075999677636 ], [ 29.498165000116217, -11.253648999771485 ], [ 29.593403999796294, -11.26953499941078 ], [ 29.562230999667861, -11.32099099960152 ], [ 29.47487600023419, -11.337243999077884 ], [ 29.493376999955615, -11.385098999885486 ], [ 29.472589339033732, -11.422454519227188 ], [ 29.488742000250113, -11.447215999185573 ], [ 29.456438999866918, -11.511640999698898 ], [ 29.467274999548636, -11.591189999785172 ], [ 29.435113600119507, -11.594800707653121 ], [ 29.513877000130492, -11.749009000331682 ], [ 29.515110999480157, -11.802972000424006 ], [ 29.463868999861518, -11.919995000135657 ], [ 29.495789999715782, -11.957345000338023 ], [ 29.454781999896454, -11.988039000266156 ], [ 29.430750999665975, -12.0402570008265 ], [ 29.399067999995225, -12.041185000453936 ], [ 29.382889999480881, -12.111821000505358 ], [ 29.445279999679201, -12.154423000087888 ], [ 29.523583999908681, -12.161854000128528 ], [ 29.568432372862731, -12.197189726691079 ], [ 29.633453369384426, -12.206709861737238 ], [ 29.709962845316056, -12.195614815038255 ], [ 29.762130736551171, -12.160346031310894 ], [ 29.809075550603097, -12.160111965661258 ], [ 29.823315999540853, -12.091242000284637 ], [ 29.792372999820998, -12.062663999910228 ], [ 29.797740000008048, -11.986763999925188 ], [ 29.782633999466555, -11.978096000396647 ], [ 29.789453000062963, -11.938303999996151 ], [ 29.804829999611798, -11.932469999857176 ], [ 29.798684999520106, -11.909019000293142 ], [ 30.247491000216598, -11.801471999599698 ], [ 30.334126999768216, -11.743152000031273 ], [ 30.433390999801816, -11.59575399981378 ], [ 30.469768000100203, -11.505207999815866 ], [ 30.366326999898149, -11.439489999930061 ], [ 30.110879000072885, -11.230632000133255 ], [ 29.999962999599802, -11.235397000437786 ], [ 29.814116999806799, -11.438862999794196 ], [ 29.907532999922978, -11.019749000089178 ], [ 29.891455999400989, -10.888688999848398 ], [ 29.851941999454823, -10.870511999779978 ], [ 29.813281999770595, -10.810888999703479 ], [ 29.714945999364431, -10.734579999743232 ] ] ] } },
{ "type": "Feature", "properties": { "loc": "ZM-A2-0505" }, "geometry": { "type": "Polygon", "coordinates": [ [ [ 30.140098000291839, -14.984226999715055 ], [ 30.128883000219645, -15.04454799982912 ], [ 30.061874000154344, -15.163516000202039 ], [ 29.935325000018096, -15.262830999889525 ], [ 29.777254000441125, -15.333847000377556 ], [ 29.669516999978924, -15.45773700020119 ], [ 29.309421000048474, -15.684423000160121 ], [ 29.313148000149447, -15.696557000344082 ], [ 29.338050000076802, -15.706563999567717 ], [ 29.339647866924878, -15.722559290217861 ], [ 29.399761200088673, -15.711994170833108 ], [ 29.43416213984024, -15.68889808691597 ], [ 29.5004425046872, -15.685198784135371 ], [ 29.562150954572257, -15.641169547875126 ], [ 29.629125595139463, -15.661528587413169 ], [ 29.796562194758842, -15.610443114796702 ], [ 29.877141952808234, -15.612122535765204 ], [ 29.967086791991218, -15.642522811717178 ], [ 30.166780471710759, -15.620385170378102 ], [ 30.216491699301841, -15.661651611071784 ], [ 30.260036468977219, -15.625915527018748 ], [ 30.286691665757129, -15.645655632440276 ], [ 30.359128952108811, -15.649877548348968 ], [ 30.412929534639673, -15.622556685981065 ], [ 30.365825653000844, -15.553364754318748 ], [ 30.401361465228796, -15.472707748102884 ], [ 30.375730515320384, -15.34256839805192 ], [ 30.255928040316167, -15.21423244501012 ], [ 30.257247924921156, -15.180730820110051 ], [ 30.22141265913627, -15.096517562674169 ], [ 30.234302520614193, -15.038181305161896 ], [ 30.216480000021342, -14.994563999767566 ], [ 30.140098000291839, -14.984226999715055 ] ] ] } },
{ "type": "Feature", "properties": { "loc": "ZM-A2-0506" }, "geometry": { "type": "Polygon", "coordinates": [ [ [ 28.474582000000169, -15.500467 ], [ 28.486616000000133, -15.476959 ], [ 28.422586000000159, -15.452075 ], [ 28.402120000000195, -15.365794 ], [ 28.343946000000162, -15.348069 ], [ 28.304492000000135, -15.30265 ], [ 28.273357000000175, -15.305603 ], [ 28.274734000000155, -15.33586 ], [ 28.222383000000171, -15.314802 ], [ 28.202177000000137, -15.410676 ], [ 28.228145000000147, -15.478569 ], [ 28.224420000000137, -15.523783 ], [ 28.257793000000174, -15.584103 ], [ 28.274904000000188, -15.584231 ], [ 28.263246000000162, -15.544741 ], [ 28.309541000000181, -15.546071 ], [ 28.311178000000179, -15.476256 ], [ 28.416505000000168, -15.482906 ], [ 28.474582000000169, -15.500467 ] ] ] } },
{ "type": "Feature", "properties": { "loc": "ZM-A2-0511" }, "geometry": { "type": "Polygon", "coordinates": [ [ [ 29.958275999994271, -14.64292099999858 ], [ 29.956864999994593, -14.65789199999864 ], [ 29.919949999995026, -14.672594999998807 ], [ 29.897788999995328, -14.645844999998928 ], [ 29.891453999995406, -14.674261999998805 ], [ 29.861733999995693, -14.690971999998851 ], [ 29.815215999996326, -14.692111999999042 ], [ 29.770766999996908, -14.718474999999216 ], [ 29.75104499999685, -14.70643899999925 ], [ 29.701367999997444, -14.744539999999347 ], [ 29.654450999997891, -14.74475199999938 ], [ 29.655934999997783, -14.76176099999941 ], [ 29.624184999997965, -14.785963999999467 ], [ 29.607508999998061, -14.779160999999533 ], [ 29.581562999998368, -14.820117999999468 ], [ 29.521134999998651, -14.807584999999619 ], [ 29.506213999998806, -14.819684999999538 ], [ 29.506453999998939, -14.984085999999593 ], [ 29.367543999999384, -14.984124999999722 ], [ 29.245156999999722, -14.868773999999803 ], [ 29.124163999999894, -14.976229999999816 ], [ 28.97034, -14.99416599999978 ], [ 28.87475000000012, -15.164833999999871 ], [ 28.550027000000171, -15.180817 ], [ 28.511188000000232, -15.135969999999872 ], [ 28.469314000000168, -15.124814 ], [ 28.345380000000205, -15.13511 ], [ 28.341930000000218, -15.148937 ], [ 28.362670000000264, -15.159536 ], [ 28.333528000000285, -15.159748999999863 ], [ 28.343717000000254, -15.189395 ], [ 28.327953000000321, -15.186240999999882 ], [ 28.324916000000201, -15.200466 ], [ 28.340751000000182, -15.203515999999865 ], [ 28.337764000000277, -15.217987 ], [ 28.315454000000159, -15.213556999999867 ], [ 28.312416000000155, -15.227806999999871 ], [ 28.334859000000279, -15.232235 ], [ 28.33211700000021, -15.246273 ], [ 28.294984000000227, -15.258341 ], [ 28.284061, -15.302738 ], [ 28.331092000000183, -15.319619 ], [ 28.343946000000187, -15.348069 ], [ 28.402120000000309, -15.36579399999988 ], [ 28.422586, -15.452075 ], [ 28.48661600000014, -15.476959 ], [ 28.474582000000282, -15.500467 ], [ 28.432451000000128, -15.497369 ], [ 28.432605000000251, -15.5372 ], [ 28.666492000000119, -15.60912 ], [ 28.72287700000021, -15.649482 ], [ 28.770935000000179, -15.615386 ], [ 28.847772000000134, -15.657235999999841 ], [ 28.946481000000176, -15.499731999999881 ], [ 28.95012800000012, -15.526961999999855 ], [ 28.97298, -15.53716299999985 ], [ 29.032400000000166, -15.533319999999776 ], [ 29.090492, -15.572456999999758 ], [ 29.154363, -15.57472499999983 ], [ 29.173231, -15.599204999999756 ], [ 29.167633, -15.627473999999722 ], [ 29.28137, -15.640802999999721 ], [ 29.31472199999979, -15.672228999999675 ], [ 29.309421, -15.684422999999811 ], [ 29.669516999998507, -15.457736999999383 ], [ 29.777253999997697, -15.333846999999253 ], [ 29.935324999996396, -15.262830999998755 ], [ 30.076195999994241, -15.151596999998162 ], [ 30.128882999992982, -15.044547999997974 ], [ 30.140097999992577, -14.984226999997929 ], [ 30.216479999991975, -14.994563999997808 ], [ 30.194113999991146, -14.91095399999756 ], [ 30.208167999990621, -14.868861999997478 ], [ 30.196988999990424, -14.813383999997598 ], [ 30.09043499999251, -14.704378999998198 ], [ 30.055928999992943, -14.695939999998245 ], [ 30.048523999993108, -14.66629999999833 ], [ 29.958275999994271, -14.64292099999858 ] ] ] } },
{ "type": "Feature", "properties": { "loc": "ZM-A2-0512" }, "geometry": { "type": "Polygon", "coordinates": [ [ [ 27.854211000000191, -15.234791 ], [ 27.775372999839817, -15.321656999839036 ], [ 27.809582999935287, -15.38978099995029 ], [ 27.902192999861313, -15.371911999823169 ], [ 27.911855000061792, -15.404664000025548 ], [ 27.933302999974217, -15.383335000158752 ], [ 27.963047000067206, -15.508110999815187 ], [ 27.95994299999245, -15.582980999890424 ], [ 27.7910149996776, -15.58243099966171 ], [ 27.771138999500351, -15.630475000191893 ], [ 27.791907999489638, -15.655977999955553 ], [ 27.829102999738893, -15.66042800012292 ], [ 27.825016000123526, -15.686529999630579 ], [ 27.837690000028715, -15.684391999961633 ], [ 27.831479999637452, -15.706163000293031 ], [ 27.802537000417431, -15.718936000267036 ], [ 27.805227000360958, -15.742691000360139 ], [ 27.830791000239685, -15.746682000045098 ], [ 27.887375999837786, -15.711443000065231 ], [ 27.921976000027541, -15.76037400013081 ], [ 27.963021999800617, -15.748551999945619 ], [ 27.98472399964794, -15.710762000137038 ], [ 28.022768000378107, -15.717906999579156 ], [ 28.035309999592073, -15.746067999609352 ], [ 28.076780000032102, -15.744992000351317 ], [ 28.12278900024728, -15.776697000137233 ], [ 28.174804000439451, -15.787610999818639 ], [ 28.186866000001146, -15.812842999675524 ], [ 28.228492000440724, -15.837097000297092 ], [ 28.274805000285653, -15.796045000247375 ], [ 28.302375000041366, -15.804223999708654 ], [ 28.349326999676464, -15.777525999695911 ], [ 28.417174999761642, -15.804034999986072 ], [ 28.44335500016831, -15.84577999961806 ], [ 28.458300999626658, -15.834074000285739 ], [ 28.49546999957596, -15.848891000090418 ], [ 28.578598000132843, -15.906617000145218 ], [ 28.671543000144482, -15.903614000156836 ], [ 28.732074000050261, -15.964562999553607 ], [ 28.750314000325943, -15.955023000281983 ], [ 28.776445000271679, -15.968053000416489 ], [ 28.82526199957681, -15.944293000092728 ], [ 29.015548705943104, -15.941729545552903 ], [ 29.064989090109691, -15.879895210366442 ], [ 29.213602066317549, -15.770727158302464 ], [ 29.340059000157851, -15.722145999908776 ], [ 29.283999999635455, -15.641893999779029 ], [ 29.167632999598482, -15.627474000295649 ], [ 29.173230999646023, -15.599204999781705 ], [ 29.155703999874845, -15.575473999896019 ], [ 29.090491999941094, -15.572457000161251 ], [ 29.032400000095038, -15.533320000288597 ], [ 28.972980000162011, -15.537163000342957 ], [ 28.95012800034209, -15.526962000266849 ], [ 28.946481000333051, -15.499732000002552 ], [ 28.847771999813062, -15.657236000411899 ], [ 28.770934999785595, -15.615386000434398 ], [ 28.722877000408403, -15.649481999865259 ], [ 28.666492000140806, -15.609120000158669 ], [ 28.432604999956027, -15.537200000250664 ], [ 28.432451000048786, -15.497368999850266 ], [ 28.381060999900285, -15.476902000297912 ], [ 28.336042000373141, -15.472178000085478 ], [ 28.335859000027938, -15.48679599970643 ], [ 28.311178000399536, -15.476256000185117 ], [ 28.309540999552667, -15.546071000147322 ], [ 28.263245999638343, -15.544740999967928 ], [ 28.274904000354411, -15.584230999931492 ], [ 28.259618000000216, -15.585043 ], [ 28.22442, -15.523783 ], [ 28.228145000000268, -15.478569 ], [ 28.202177000000177, -15.410675999999853 ], [ 28.218235000000277, -15.327987 ], [ 28.12192900000025, -15.287075 ], [ 28.000398000000189, -15.259676999999897 ], [ 27.975524000000178, -15.294631 ], [ 27.854211000000191, -15.234791 ] ] ] } },
{ "type": "Feature", "properties": { "loc": "ZM-A2-0601" }, "geometry": { "type": "Polygon", "coordinates": [ [ [ 32.813250998644953, -10.314869999526399 ], [ 32.618231998518198, -10.41119399977881 ], [ 32.608515998324947, -10.436427999727949 ], [ 32.512541998924391, -10.463008999741088 ], [ 32.478842998915553, -10.500504999481684 ], [ 32.384894999414975, -10.552517999581559 ], [ 32.304953999237959, -10.640129000028871 ], [ 32.310191998871936, -10.741349000331644 ], [ 32.40325099874488, -10.828700999626975 ], [ 32.386370999132588, -10.837466000031419 ], [ 32.365939999441707, -10.917776000137838 ], [ 32.322806999653594, -10.961411999739539 ], [ 32.37016599917181, -11.054005999752629 ], [ 32.283442999205334, -11.106462999643261 ], [ 32.261294999474927, -11.152090000228871 ], [ 32.268084999633309, -11.195035000340535 ], [ 32.24046699946274, -11.221001999917904 ], [ 32.235262999598035, -11.262292000151229 ], [ 32.249335999267238, -11.288129000028871 ], [ 32.223444999597334, -11.444109000305662 ], [ 32.239298999559466, -11.465087000040562 ], [ 32.30179899943456, -11.451745999953477 ], [ 32.44299299953758, -11.490660999481085 ], [ 32.491915999234259, -11.572113000090425 ], [ 32.536894998715503, -11.608284999928348 ], [ 32.544505998962961, -11.637300999816832 ], [ 32.574843998661891, -11.645935999622228 ], [ 32.596213999386848, -11.676847999710962 ], [ 32.590197998948774, -11.697496999562423 ], [ 32.567156999406279, -11.698050999929247 ], [ 32.540488998978404, -11.725662999823125 ], [ 32.544138999125792, -11.774502000142736 ], [ 32.506293999478778, -11.780172999959523 ], [ 32.511568999020369, -11.793127000186452 ], [ 32.496519999308802, -11.798197000166967 ], [ 32.509013999007131, -11.803934999476187 ], [ 32.436861999192189, -11.836598000273037 ], [ 32.446223999248453, -11.850121999805989 ], [ 32.421042999045454, -11.875272999524851 ], [ 32.4339979993185, -11.893544999477687 ], [ 32.421736999573156, -11.893345000147182 ], [ 32.431235998752626, -11.902046000298219 ], [ 32.411490999220518, -11.921604000199991 ], [ 32.415030998791842, -11.943731999907413 ], [ 32.373221998906409, -11.995284999478686 ], [ 32.384009999072482, -12.030773000149381 ], [ 32.353739998912104, -12.031623999823276 ], [ 32.355341999044306, -12.061613999661898 ], [ 32.277499999435712, -12.106718999557726 ], [ 32.283690998950725, -12.142968000248556 ], [ 32.272028998949423, -12.149843999876236 ], [ 32.306521999600882, -12.192027999967767 ], [ 32.286009999771956, -12.229166000286227 ], [ 32.482031999387544, -12.188446000258248 ], [ 32.470320998925246, -12.146425999635717 ], [ 32.485510998843807, -12.150493000127398 ], [ 32.483523998943681, -12.117656000299718 ], [ 32.522833998700364, -12.122924999564621 ], [ 32.567988999103306, -12.162895000079732 ], [ 32.570654998839409, -12.182584999773464 ], [ 32.668139998672281, -12.144021000244509 ], [ 32.70729399842957, -12.183526000000443 ], [ 32.719836998588896, -12.171560999516057 ], [ 32.767035998822571, -12.178275999813083 ], [ 32.787695999181302, -12.150925999410887 ], [ 32.870409998632816, -12.150262999413435 ], [ 32.911402998659746, -12.113633000038464 ], [ 32.942404998402239, -12.111975000021777 ], [ 32.931124998030519, -12.03760999977721 ], [ 32.997332998029719, -11.91182799993779 ], [ 33.224288969970274, -11.589279838469313 ], [ 33.22476959195339, -11.553863524557554 ], [ 33.252342224024702, -11.512222289602526 ], [ 33.231838226363337, -11.410160065210384 ], [ 33.245182036831821, -11.402892113156041 ], [ 33.272724152208141, -11.434132576232949 ], [ 33.288600922105154, -11.4319410318287 ], [ 33.283374786327613, -11.376934051940488 ], [ 33.31822967506973, -11.360838889778483 ], [ 33.309101104842398, -11.33133697539664 ], [ 33.382026671803743, -11.230616570074192 ], [ 33.406009674317296, -11.161081314126889 ], [ 33.378612517963617, -11.145266532699868 ], [ 33.365859984760775, -11.099644660947888 ], [ 33.320327759228988, -11.044376373146646 ], [ 33.309867858724985, -10.936211585871533 ], [ 33.276824951020956, -10.898961066875279 ], [ 33.250923156788538, -10.907292365625716 ], [ 33.247322083357744, -10.889328003060436 ], [ 33.274253845049195, -10.865825653106949 ], [ 33.311008452688228, -10.869524955887547 ], [ 33.334556579932503, -10.828516006384131 ], [ 33.388652801995498, -10.812541008036634 ], [ 33.460311889692235, -10.816441535923687 ], [ 33.531360626402069, -10.765587806907305 ], [ 33.532234191864745, -10.735466956610303 ], [ 33.54969787576664, -10.73304080966118 ], [ 33.597099304399663, -10.660874366734181 ], [ 33.623390198409211, -10.659643173269373 ], [ 33.705703735149541, -10.575005531155881 ], [ 33.641356993640628, -10.609682998946788 ], [ 33.611037993918565, -10.583970999437616 ], [ 33.525565994085639, -10.7194839992627 ], [ 33.396204994675045, -10.798493999673889 ], [ 33.360281995527956, -10.789478999431822 ], [ 33.355898995752334, -10.765841999384307 ], [ 33.284716995703072, -10.74248099947409 ], [ 33.241805996260005, -10.78493599947234 ], [ 33.228632995826381, -10.759862999753178 ], [ 33.224070995890031, -10.537524999754478 ], [ 33.193140995870543, -10.491597999723451 ], [ 33.224318995635421, -10.405511999454754 ], [ 33.178244996020034, -10.425144999217883 ], [ 33.156279995735495, -10.412155000028772 ], [ 33.057200997038663, -10.416165999736641 ], [ 33.03526299709992, -10.355505999277987 ], [ 33.000685997071393, -10.315508999316409 ], [ 32.930788997824273, -10.380305999897519 ], [ 32.917811998335338, -10.358167999728947 ], [ 32.813250998644953, -10.314869999526399 ] ] ] } },
{ "type": "Feature", "properties": { "loc": "ZM-A2-0603" }, "geometry": { "type": "Polygon", "coordinates": [ [ [ 33.112892150960711, -9.610216141312909 ], [ 33.118648528815264, -9.646345139167876 ], [ 33.099346161205091, -9.687344551360994 ], [ 33.059088017007092, -9.633137284609035 ], [ 33.042456997401224, -9.751362999853598 ], [ 33.056464997670219, -9.850146000188795 ], [ 32.898108998440243, -9.873971999958869 ], [ 32.89056299759298, -9.671176000023419 ], [ 32.784468998254383, -9.717864000074581 ], [ 32.769938998194924, -9.685398000268535 ], [ 32.734366998147159, -9.671488000022221 ], [ 32.672453998362052, -9.693743000190343 ], [ 32.657267998627951, -9.750465999857045 ], [ 32.521014998851832, -9.832008000120148 ], [ 32.560481998654026, -9.8982419995197 ], [ 32.485297999311932, -9.927518999753072 ], [ 32.478083998486454, -9.948821000040157 ], [ 32.495543998765243, -10.000044999727992 ], [ 32.447024998813362, -10.061178999562218 ], [ 32.461321998919829, -10.110972999855097 ], [ 32.492545999007362, -10.140938000339482 ], [ 32.522131999101191, -10.142934999801437 ], [ 32.456980999282408, -10.316501999918399 ], [ 32.502547998899743, -10.306675000002285 ], [ 32.530962998951956, -10.355096999977604 ], [ 32.559798998633596, -10.352606000217772 ], [ 32.532008998625102, -10.428691999786999 ], [ 32.553820999048583, -10.42766500009072 ], [ 32.56637499881586, -10.445699999906108 ], [ 32.608515998723078, -10.436427999503611 ], [ 32.618231998916329, -10.411193999554474 ], [ 32.813250998143765, -10.314870000201385 ], [ 32.91781199783415, -10.358167999504611 ], [ 32.934897997952959, -10.379960999951225 ], [ 32.998259997109891, -10.316771999779004 ], [ 32.99656999651684, -10.275402999499864 ], [ 33.021639996996981, -10.258710999564016 ], [ 33.014922996607723, -10.237296999507958 ], [ 33.042895996961406, -10.199438999261444 ], [ 33.049704996197327, -10.121201999423771 ], [ 33.084624996754911, -10.065216999615878 ], [ 33.174498996340326, -10.015932999459395 ], [ 33.181483995598633, -9.9877529994524 ], [ 33.252570995763556, -9.980503999710855 ], [ 33.273814995174604, -9.99575899992894 ], [ 33.345035739816254, -9.971364009892181 ], [ 33.349391937096932, -9.943118094975141 ], [ 33.381641388248184, -9.906547546183347 ], [ 33.368247985564793, -9.861172675929287 ], [ 33.345737457426431, -9.827463150255218 ], [ 33.284427642830167, -9.806591988180747 ], [ 33.272399902042558, -9.767890930173326 ], [ 33.225921631087118, -9.716537475774924 ], [ 33.213150024162999, -9.620139122273711 ], [ 33.195644378793759, -9.605533599846792 ], [ 33.112892150960711, -9.610216141312909 ] ] ] } },
{ "type": "Feature", "properties": { "loc": "ZM-A2-0604" }, "geometry": { "type": "Polygon", "coordinates": [ [ [ 33.345035739690537, -9.971364009652426 ], [ 33.273814995048888, -9.995758999689187 ], [ 33.252570995637846, -9.980503999471102 ], [ 33.181483995472917, -9.987752999212645 ], [ 33.174498996214609, -10.015932999219642 ], [ 33.084624996629195, -10.065216999376123 ], [ 33.050093996923323, -10.120071999234479 ], [ 33.042895996835689, -10.199438999921012 ], [ 33.014922996482007, -10.237296999268205 ], [ 33.021639996871265, -10.258710999324261 ], [ 32.997443997125671, -10.273366999798306 ], [ 32.993792996932171, -10.306323999763881 ], [ 33.035262996473016, -10.35550599971322 ], [ 33.057200996411758, -10.41616599927255 ], [ 33.156279996007918, -10.412154999564681 ], [ 33.178244996292449, -10.425144999653114 ], [ 33.224318995907844, -10.405511999889987 ], [ 33.193140996142965, -10.491597999259362 ], [ 33.21383599631708, -10.507142999361035 ], [ 33.22711899552813, -10.55889899930048 ], [ 33.231203995950558, -10.770920999315768 ], [ 33.242320996000075, -10.784973999861307 ], [ 33.275137995804769, -10.745696999827782 ], [ 33.313124995704896, -10.745256999322164 ], [ 33.386435995008071, -10.799426999067856 ], [ 33.525565994358061, -10.71948399969793 ], [ 33.61103799329166, -10.583970998973527 ], [ 33.641356993013723, -10.609682999382018 ], [ 33.687319992906254, -10.577669998882445 ], [ 33.668506621766085, -10.530195235932496 ], [ 33.620819091810546, -10.492909431136441 ], [ 33.630657195655964, -10.478938103421838 ], [ 33.618736267347764, -10.448747634806605 ], [ 33.576782226601381, -10.428503989978259 ], [ 33.548061370718592, -10.37154102331068 ], [ 33.534828185854998, -10.33007430989259 ], [ 33.560497284105281, -10.228366851859828 ], [ 33.319126128550899, -10.065223693929434 ], [ 33.345035739690537, -9.971364009652426 ] ] ] } },
{ "type": "Feature", "properties": { "loc": "ZM-A2-0605" }, "geometry": { "type": "Polygon", "coordinates": [ [ [ 31.103165999887452, -10.964837999989717 ], [ 31.0737679998931, -10.956413999990287 ], [ 31.082753999890976, -10.931774999990106 ], [ 31.067366999893721, -10.915240999990404 ], [ 31.045445999898426, -10.954667999990862 ], [ 31.009987999904574, -10.939928999991443 ], [ 31.027668999901124, -10.918788999991135 ], [ 31.017207999902972, -10.916473999991348 ], [ 30.990683999907851, -10.93497599999179 ], [ 30.981429999910361, -11.001851999991873 ], [ 30.885443999925542, -11.036091999993301 ], [ 30.901774999923546, -11.071652999993097 ], [ 30.857888999929493, -11.051320999993651 ], [ 30.820506999935169, -11.127860999994153 ], [ 30.738610999945372, -11.204613999995049 ], [ 30.720763999947877, -11.277654999995233 ], [ 30.686800999951693, -11.327158999995556 ], [ 30.614663999958182, -11.32594399999619 ], [ 30.596934999960148, -11.387109999996337 ], [ 30.554139999963546, -11.400949999996602 ], [ 30.52635699996604, -11.469716999996827 ], [ 30.469768000051943, -11.5052080000975 ], [ 30.433390999945019, -11.59575400014673 ], [ 30.334126999931186, -11.743151999806035 ], [ 30.247491000157247, -11.801472000040103 ], [ 29.798684999814952, -11.909018999937693 ], [ 29.804829999859315, -11.932470000169271 ], [ 29.789453000085018, -11.938303999789113 ], [ 29.782618999890744, -11.972435999884901 ], [ 29.797740000057573, -11.986764000203276 ], [ 29.792372999964243, -12.062664000195767 ], [ 29.822431000102114, -12.087112000033507 ], [ 29.81717599999434, -12.147893999999393 ], [ 29.843502999993852, -12.128729999999422 ], [ 29.86389499999347, -12.046352999999311 ], [ 29.92616999999229, -12.015850999999234 ], [ 30.000830999990626, -12.002878999999112 ], [ 30.021719999990239, -12.047862999999015 ], [ 30.052927999989485, -12.06371899999893 ], [ 30.050335999989699, -12.113141999998945 ], [ 30.084053999988882, -12.13339999999884 ], [ 30.104447999988395, -12.173212999998817 ], [ 30.126942999987747, -12.174014999998739 ], [ 30.139527999987472, -12.203420999998638 ], [ 30.216511999985009, -12.215328999998388 ], [ 30.267964999983342, -12.251678999998184 ], [ 30.310229999981651, -12.244275999998056 ], [ 30.351107999980044, -12.281014999997797 ], [ 30.386603999978369, -12.26797899999762 ], [ 30.450707999975137, -12.274661999997239 ], [ 30.508374999972297, -12.345230999996904 ], [ 30.504937999972846, -12.394288999996917 ], [ 30.454472999975877, -12.443151999997227 ], [ 30.467051999975368, -12.471684999997102 ], [ 30.521826999972525, -12.514509999996715 ], [ 30.575737999969334, -12.529622999996349 ], [ 30.581139999969366, -12.584049999996328 ], [ 30.60998099996781, -12.624736999996056 ], [ 30.658053999964309, -12.605154999995605 ], [ 30.689328999961994, -12.609808999995298 ], [ 30.709465999960763, -12.648572999995078 ], [ 30.758982999957006, -12.681254999994518 ], [ 30.730238999959923, -12.739959999994877 ], [ 30.761836999957779, -12.79388199999455 ], [ 30.771187999957526, -12.84952699999441 ], [ 30.744490999960085, -12.880680999994699 ], [ 30.754698999959508, -12.90770599999459 ], [ 30.806103999955205, -12.916823999993976 ], [ 30.851176999951456, -12.949419999993406 ], [ 30.888651999947527, -12.92816499999282 ], [ 30.928984999943722, -12.960493999992185 ], [ 30.962796999939577, -12.938138999991711 ], [ 30.981434999937683, -12.956309999991412 ], [ 31.042599999930289, -12.968465999990276 ], [ 31.100935999923649, -13.043864999989097 ], [ 31.169213999913168, -13.031761999987513 ], [ 31.173247999912014, -13.006236999987475 ], [ 31.208651999905477, -12.969076999986651 ], [ 31.326958999883246, -12.967162999983362 ], [ 31.35593399987804, -12.999994999982423 ], [ 31.337862999883505, -13.064614999982982 ], [ 31.364310999878995, -13.10535699998211 ], [ 31.365166999880721, -13.175699999982083 ], [ 31.384444999877338, -13.200319999981403 ], [ 31.363903999883249, -13.258128999982056 ], [ 31.43509999987004, -13.330719999979557 ], [ 31.425780999874277, -13.40486999997993 ], [ 31.435444999872743, -13.424221999979558 ], [ 31.448853999869407, -13.41332699997907 ], [ 31.541405999847562, -13.429593999975332 ], [ 31.580389999835077, -13.374634999973612 ], [ 31.622353999822963, -13.373161999971639 ], [ 31.618077999823548, -13.357194999971867 ], [ 31.638569999817044, -13.347674999970838 ], [ 31.633961999817338, -13.321260999971141 ], [ 31.659422999808974, -13.310398999969831 ], [ 31.642687999813425, -13.29075399997074 ], [ 31.657631999808046, -13.274303999969906 ], [ 31.64803799980924, -13.231622999970483 ], [ 31.717017999784282, -13.188137999966798 ], [ 31.73935499977474, -13.156625999965577 ], [ 31.727972999777386, -13.124063999966207 ], [ 31.751362999768105, -13.109978999964945 ], [ 31.741564999770809, -13.090291999965487 ], [ 31.757132999764927, -13.090647999964567 ], [ 31.764916999763095, -13.112647999964089 ], [ 31.782162999755535, -13.096336999963121 ], [ 31.807942999745407, -13.101337999961505 ], [ 31.807223999744096, -13.069827999961515 ], [ 31.837346999731643, -13.073571999959544 ], [ 31.867583999715563, -13.023804999957623 ], [ 31.87787999971188, -13.04082299995687 ], [ 31.903321999697411, -12.997982999955038 ], [ 31.891831999701871, -12.980716999955877 ], [ 31.910201999692013, -12.962566999954628 ], [ 31.907256999691256, -12.927068999954805 ], [ 31.921454999684642, -12.933237999953818 ], [ 31.928704999679482, -12.907607999953264 ], [ 31.940251999674317, -12.91831299995242 ], [ 31.959425999663573, -12.905067999950937 ], [ 31.974795999654361, -12.888874999949696 ], [ 31.96831299965681, -12.874661999950277 ], [ 31.988188999647484, -12.894250999948643 ], [ 31.982705999649099, -12.874245999949075 ], [ 32.004225999636972, -12.87114899994738 ], [ 31.989361999643727, -12.849299999948627 ], [ 32.021792999623912, -12.826971999945947 ], [ 32.031657999615561, -12.791477999945123 ], [ 32.056166999601167, -12.795395999942983 ], [ 32.044684999607178, -12.782944999943957 ], [ 32.073588999588189, -12.765829999941392 ], [ 32.055857999598871, -12.762783999943029 ], [ 32.053549999599042, -12.745266999943262 ], [ 32.079005999582712, -12.739664999940981 ], [ 32.097838999567195, -12.696088999939271 ], [ 32.074606999581114, -12.681629999941435 ], [ 32.097937999564465, -12.662283999939284 ], [ 32.103545999557738, -12.624257999938838 ], [ 32.123549999543009, -12.609997999936862 ], [ 32.110690999550997, -12.60058399993812 ], [ 32.129874999533705, -12.550812999936401 ], [ 32.144892999522725, -12.545720999934929 ], [ 32.131140999531162, -12.530752999936279 ], [ 32.153120999511799, -12.486864999934156 ], [ 32.137274999521061, -12.461178999935807 ], [ 32.144087999512962, -12.423588999935198 ], [ 32.191645999474481, -12.392169999930303 ], [ 32.194193999468055, -12.34333799993016 ], [ 32.221232999445661, -12.335093999927238 ], [ 32.220511999444355, -12.315151999927377 ], [ 32.261618999407695, -12.293407999922746 ], [ 32.268210999399159, -12.264960999921993 ], [ 32.277934999391135, -12.270633999920911 ], [ 32.286379999377914, -12.214447999919987 ], [ 32.306521999357109, -12.192027999917599 ], [ 32.272028999384304, -12.149843999921817 ], [ 32.283690999373114, -12.14296799992044 ], [ 32.277499999375124, -12.106718999921274 ], [ 32.355341999295774, -12.061613999911714 ], [ 32.353739999294049, -12.031623999911989 ], [ 32.384009999262766, -12.030772999908013 ], [ 32.373221999269973, -11.995284999909551 ], [ 32.415030999219098, -11.943731999904006 ], [ 32.411490999220362, -11.921603999904551 ], [ 32.431235999195842, -11.902045999901823 ], [ 32.421736999205521, -11.893344999903189 ], [ 32.433997999191668, -11.89354499990144 ], [ 32.42104299920414, -11.875272999903331 ], [ 32.446223999172254, -11.850121999899777 ], [ 32.436861999181453, -11.836597999901233 ], [ 32.509013999089873, -11.803934999890487 ], [ 32.496519999104876, -11.798196999892408 ], [ 32.511568999085185, -11.793126999890092 ], [ 32.506293999090154, -11.780172999890926 ], [ 32.544138999040271, -11.77450199988489 ], [ 32.540488999038296, -11.725662999885678 ], [ 32.567156998998172, -11.69805099988136 ], [ 32.590197998965785, -11.697496999877444 ], [ 32.596213998954184, -11.676847999876461 ], [ 32.574843998979965, -11.645935999880297 ], [ 32.544505999020544, -11.637300999885348 ], [ 32.536894999026742, -11.60828499988672 ], [ 32.491915999080902, -11.572112999893925 ], [ 32.442992999131668, -11.490660999901515 ], [ 32.30179899928536, -11.451745999920149 ], [ 32.262560999326297, -11.468810999924617 ], [ 32.227526999358204, -11.453602999928581 ], [ 32.222350999357509, -11.393780999929238 ], [ 32.24933599932185, -11.288128999926604 ], [ 32.226931999339527, -11.244807999929206 ], [ 32.155169999400847, -11.193263999936663 ], [ 32.027850999504402, -11.200273999948061 ], [ 31.956679999552364, -11.160521999953664 ], [ 31.950724999559334, -11.20606799995406 ], [ 31.979359999542865, -11.254535999951797 ], [ 31.933587999586479, -11.463374999954812 ], [ 31.950621999576832, -11.482958999953564 ], [ 31.923066999594994, -11.494719999955539 ], [ 31.815737999656378, -11.481738999962666 ], [ 31.792883999671375, -11.540169999963979 ], [ 31.837384999650766, -11.596403999961147 ], [ 31.799429999674224, -11.661724999963397 ], [ 31.782313999682678, -11.657313999964448 ], [ 31.78327899968081, -11.630045999964434 ], [ 31.762749999690108, -11.612016999965647 ], [ 31.720580999710315, -11.614336999967978 ], [ 31.683077999724894, -11.561185999970014 ], [ 31.565949999773622, -11.590303999975394 ], [ 31.597388999760099, -11.549153999974127 ], [ 31.515614999788745, -11.503801999977526 ], [ 31.516625999785617, -11.419258999977611 ], [ 31.499262999790069, -11.37095099997828 ], [ 31.439045999810531, -11.381998999980503 ], [ 31.403677999822179, -11.406961999981647 ], [ 31.383072999827945, -11.392648999982391 ], [ 31.417403999814788, -11.293603999981348 ], [ 31.375910999826708, -11.270643999982687 ], [ 31.354710999831383, -11.210932999983379 ], [ 31.370018999824232, -11.10900399998299 ], [ 31.357924999827127, -11.081536999983387 ], [ 31.193205999869591, -11.056673999987764 ], [ 31.157731999876816, -11.018342999988549 ], [ 31.111969999886171, -10.998126999989553 ], [ 31.103165999887452, -10.964837999989717 ] ] ] } },
{ "type": "Feature", "properties": { "loc": "ZM-A2-0606" }, "geometry": { "type": "Polygon", "coordinates": [ [ [ 32.257560730363153, -9.13117694942963 ], [ 32.181267010783657, -9.081423062497294 ], [ 32.151061999231615, -9.224670999939653 ], [ 32.256533999564169, -9.376464999632983 ], [ 32.257418999007335, -9.478864000346295 ], [ 32.278506999318303, -9.568428000025138 ], [ 32.351183999062044, -9.646188000348893 ], [ 32.347994999489373, -9.744054999811349 ], [ 32.431445998753581, -9.750414999925264 ], [ 32.477385998484785, -9.7735009997443 ], [ 32.523627998652955, -9.831984999680948 ], [ 32.657267998439117, -9.750465999579173 ], [ 32.672453998173218, -9.693742999912473 ], [ 32.734366997958325, -9.67148799974435 ], [ 32.76993899800609, -9.685397999990665 ], [ 32.784468998065549, -9.717863999796711 ], [ 32.890562998303466, -9.671175999745548 ], [ 32.898108998251409, -9.873971999680997 ], [ 33.056464997481385, -9.850145999910923 ], [ 33.04245699721239, -9.751362999575727 ], [ 33.059088016818258, -9.633137284331164 ], [ 33.027774811178332, -9.65048217768331 ], [ 33.005142211763399, -9.64065170278681 ], [ 33.026786804287326, -9.507283211024326 ], [ 32.97533798218187, -9.481367111276121 ], [ 32.947738647440367, -9.486662865371896 ], [ 32.953506470067282, -9.401445388966485 ], [ 32.911087035557983, -9.378809928808124 ], [ 32.895954131797481, -9.389255523796344 ], [ 32.892440796225507, -9.365787506361286 ], [ 32.867374420013213, -9.373851775711836 ], [ 32.827945708847125, -9.354446411445689 ], [ 32.768287659267799, -9.317943572610744 ], [ 32.745708466092573, -9.281118393372113 ], [ 32.646732330052728, -9.272418976027879 ], [ 32.58449172972928, -9.246335982792329 ], [ 32.540908812611349, -9.254655837669729 ], [ 32.486625670957686, -9.172330856157043 ], [ 32.493518828750688, -9.153097152684406 ], [ 32.431400298804483, -9.118251801252583 ], [ 32.257560730363153, -9.13117694942963 ] ] ] } },
{ "type": "Feature", "properties": { "loc": "ZM-A2-0608" }, "geometry": { "type": "Polygon", "coordinates": [ [ [ 32.303576999114341, -9.749989999926186 ], [ 32.293452999129329, -9.776728999927286 ], [ 32.18020999926415, -9.834877999938385 ], [ 32.176043999273134, -9.891852999938692 ], [ 32.129927999323911, -9.939407999942773 ], [ 32.142867999313466, -9.969564999941497 ], [ 32.120146999336725, -9.98336499994349 ], [ 32.122427999336765, -10.014394999943136 ], [ 32.069567999388596, -10.047241999947516 ], [ 32.03690299941718, -10.041742999950202 ], [ 32.032034999423502, -10.073990999950411 ], [ 32.009047999442828, -10.074401999952272 ], [ 32.005591999448029, -10.108565999952305 ], [ 31.989066999461897, -10.114940999953603 ], [ 32.011294999445113, -10.135501999951828 ], [ 32.004492999457284, -10.236488999952087 ], [ 31.978062999479221, -10.251357999953996 ], [ 31.961531999495378, -10.305473999955154 ], [ 31.92247899952406, -10.301875999957929 ], [ 31.865820999565187, -10.33295899996142 ], [ 31.826760999596502, -10.450763999963726 ], [ 31.780133999625775, -10.472222999966277 ], [ 31.745938999645034, -10.469178999968165 ], [ 31.710335999665404, -10.491604999969979 ], [ 31.696530999674053, -10.527309999970669 ], [ 31.636630999703641, -10.522058999973467 ], [ 31.561064999739585, -10.572475999976575 ], [ 31.529086999752394, -10.561626999977932 ], [ 31.500298999764595, -10.586374999979057 ], [ 31.462170999778209, -10.560736999980406 ], [ 31.427948999791681, -10.596611999981576 ], [ 31.328949999824488, -10.628239999984601 ], [ 31.341826999821251, -10.656296999984079 ], [ 31.322133999827145, -10.652875999984701 ], [ 31.305016999832503, -10.670026999985112 ], [ 31.319376999829274, -10.706744999984778 ], [ 31.276356999842051, -10.738724999985834 ], [ 31.2572299998468, -10.719750999986388 ], [ 31.209288999858984, -10.719198999987611 ], [ 31.138365999876214, -10.754736999989063 ], [ 31.157792999872811, -10.798626999988585 ], [ 31.183644999866715, -10.785489999988044 ], [ 31.211804999860419, -10.810766999987379 ], [ 31.195240999864609, -10.826934999987884 ], [ 31.1825629998674, -10.814264999988154 ], [ 31.150877999874808, -10.822833999988745 ], [ 31.185070999868003, -10.876913999988062 ], [ 31.103165999887494, -10.964837999989641 ], [ 31.110356999886505, -10.995264999989558 ], [ 31.193205999869633, -11.056673999987765 ], [ 31.357924999827162, -11.081536999983314 ], [ 31.370018999824367, -11.109003999982917 ], [ 31.354710999831411, -11.210932999983299 ], [ 31.375910999826715, -11.27064399998261 ], [ 31.417403999814837, -11.293603999981372 ], [ 31.383072999827959, -11.392648999982327 ], [ 31.403677999822207, -11.406961999981661 ], [ 31.439045999810673, -11.38199899998051 ], [ 31.499262999790119, -11.37095099997822 ], [ 31.516625999785731, -11.419258999977615 ], [ 31.515614999788795, -11.503801999977554 ], [ 31.597388999760028, -11.549153999974067 ], [ 31.56594999977375, -11.590303999975333 ], [ 31.683077999725015, -11.56118599996995 ], [ 31.720580999710364, -11.614336999967918 ], [ 31.762749999690243, -11.612016999965647 ], [ 31.783278999680817, -11.630045999964352 ], [ 31.782313999682685, -11.657313999964458 ], [ 31.79942999967426, -11.661724999963326 ], [ 31.837384999650794, -11.596403999961069 ], [ 31.792883999671403, -11.540169999963894 ], [ 31.815737999656506, -11.481738999962602 ], [ 31.923066999595108, -11.494719999955464 ], [ 31.950621999576754, -11.482958999953496 ], [ 31.933587999586507, -11.463374999954738 ], [ 31.979359999542794, -11.254535999951713 ], [ 31.950724999559384, -11.206067999954087 ], [ 31.956679999552421, -11.160521999953687 ], [ 32.027850999504324, -11.200273999948081 ], [ 32.155169999400869, -11.193263999936676 ], [ 32.235461999332642, -11.260068999928137 ], [ 32.240466999324155, -11.221001999927807 ], [ 32.269080999292896, -11.192008999924667 ], [ 32.261294999297093, -11.152089999925693 ], [ 32.280959999272682, -11.110053999923593 ], [ 32.37016599916808, -11.054005999912874 ], [ 32.322806999212446, -10.961411999919164 ], [ 32.365939999158059, -10.917775999913999 ], [ 32.401846999103157, -10.819068999909746 ], [ 32.310191999204278, -10.741348999921399 ], [ 32.304953999199881, -10.640128999922467 ], [ 32.38808399909027, -10.549920999912558 ], [ 32.478842998961682, -10.500504999900443 ], [ 32.512541998907636, -10.463008999895692 ], [ 32.566374998821743, -10.445699999887552 ], [ 32.526587998880871, -10.422038999893857 ], [ 32.559798998819474, -10.352605999889079 ], [ 32.530962998865391, -10.355096999893476 ], [ 32.502547998902457, -10.306674999898121 ], [ 32.45698099897038, -10.316501999904574 ], [ 32.522131998851307, -10.142934999895999 ], [ 32.492545998896617, -10.140937999900416 ], [ 32.461321998939468, -10.110972999904902 ], [ 32.447024998954362, -10.061178999907213 ], [ 32.495543998874496, -10.000044999900751 ], [ 32.478083998894988, -9.948820999903603 ], [ 32.485297998881151, -9.927518999902588 ], [ 32.529658998810419, -9.920522999896264 ], [ 32.536593998796775, -9.902289999895345 ], [ 32.56044699875639, -9.896200999891676 ], [ 32.477385998874695, -9.773500999904627 ], [ 32.431445998941115, -9.750414999910902 ], [ 32.303576999114341, -9.749989999926186 ] ] ] } },
{ "type": "Feature", "properties": { "loc": "ZM-A2-0701" }, "geometry": { "type": "Polygon", "coordinates": [ [ [ 30.618428999909987, -11.250032999891323 ], [ 30.401978999844694, -11.140138999770942 ], [ 30.397362999373769, -11.109126999618267 ], [ 30.503561999809527, -11.072579999585029 ], [ 30.55888899983912, -11.007069000085133 ], [ 30.555863999761399, -10.936153999839858 ], [ 30.572562999954876, -10.897170999865745 ], [ 30.561791999743939, -10.82320299992333 ], [ 30.50379899991227, -10.810922000097177 ], [ 30.437401999447687, -10.840518999873604 ], [ 30.394270999676507, -10.890891999884099 ], [ 30.357718999471082, -10.907479999611512 ], [ 30.30761699939135, -10.850206999724753 ], [ 30.246405999551087, -10.737884999979373 ], [ 30.181769999963002, -10.758663999642858 ], [ 30.132246999673875, -10.823389999646503 ], [ 30.08820299935153, -10.693468999606003 ], [ 30.026337999824328, -10.736829999913398 ], [ 29.984112999687042, -10.869996999581476 ], [ 29.897051999502054, -10.907003999987618 ], [ 29.907727999922471, -11.026587999949188 ], [ 29.808433000092059, -11.427336000159272 ], [ 29.814116999957861, -11.438863000137889 ], [ 29.999962999852194, -11.235397000009849 ], [ 30.110879000087152, -11.230631999857442 ], [ 30.366326999994754, -11.439490000205044 ], [ 30.469768000051943, -11.5052080000975 ], [ 30.52635699996604, -11.469716999996827 ], [ 30.554139999963546, -11.400949999996602 ], [ 30.596934999960148, -11.387109999996337 ], [ 30.60930199995888, -11.360245999996176 ], [ 30.598916999959648, -11.346713999996259 ], [ 30.642983999955533, -11.300455999995927 ], [ 30.618428999909987, -11.250032999891323 ] ] ] } },
{ "type": "Feature", "properties": { "loc": "ZM-A2-0702" }, "geometry": { "type": "Polygon", "coordinates": [ [ [ 30.545370101788606, -8.254981041302811 ], [ 29.738439559877627, -8.355731010038879 ], [ 29.697702407979584, -8.391327858354776 ], [ 29.651155471987284, -8.400226593343405 ], [ 29.637228012302767, -8.40121078531029 ], [ 29.63042831385544, -8.381599425933556 ], [ 29.570328066726738, -8.379631050093684 ], [ 29.596823999867542, -8.396655999735396 ], [ 29.498356999715604, -8.500567000027825 ], [ 29.485950000432016, -8.584711999819733 ], [ 29.439861000124896, -8.62365799987759 ], [ 29.372021999555475, -8.722680999589256 ], [ 29.314051999939686, -8.728629999635572 ], [ 29.31700700041258, -8.804943999826527 ], [ 29.29328900022702, -8.890913000095676 ], [ 29.260936000236065, -8.926629999635573 ], [ 29.196066999931944, -8.948061999622382 ], [ 29.17157299993384, -9.041666000346435 ], [ 29.14017599996227, -9.038198999644914 ], [ 29.107230999650753, -9.092425000174416 ], [ 29.151237000127296, -9.12092299955758 ], [ 29.173120000227669, -9.11683199975778 ], [ 29.194627000075833, -9.141698999869746 ], [ 29.234557999691773, -9.13211300027554 ], [ 29.250082999770463, -9.142642000188955 ], [ 29.304390999584804, -9.21755499962433 ], [ 29.33020700029267, -9.20263000023512 ], [ 29.343554999803239, -9.238939000095575 ], [ 29.335383999811583, -9.29801899963792 ], [ 29.378869999690576, -9.291358000032472 ], [ 29.420838999759873, -9.321276000148085 ], [ 29.515210999927547, -9.318631999627877 ], [ 29.538618000160419, -9.300047999676242 ], [ 29.589033000312554, -9.323579000231472 ], [ 29.640007000162768, -9.321726000215534 ], [ 29.754169000139086, -9.233805999907766 ], [ 29.821275000180954, -9.218130000060251 ], [ 29.861731999771813, -9.241120999994951 ], [ 29.881213999766118, -9.217541999924155 ], [ 29.974532999937839, -9.242686000219532 ], [ 30.098517999645807, -9.243871000007442 ], [ 30.240233999539289, -9.312947000064797 ], [ 30.344175000315854, -9.315463000078188 ], [ 30.419032999912858, -9.345641999639369 ], [ 30.448109999916404, -9.329770999792604 ], [ 30.473743000279082, -9.35494200043377 ], [ 30.50075699957571, -9.223736999623631 ], [ 30.554154999693324, -9.171545000262348 ], [ 30.426659999998844, -9.160815000072992 ], [ 30.409114000250753, -9.134819000057604 ], [ 30.391743999625724, -9.160038000214335 ], [ 30.369640000125745, -9.14077400038061 ], [ 30.365293000211633, -9.104658999573969 ], [ 30.330222999931344, -9.089787999977014 ], [ 30.318489000207034, -9.026869999711515 ], [ 30.29729400035767, -9.027845999753882 ], [ 30.301079999582157, -9.008932999918809 ], [ 30.284115999693473, -8.997343999686633 ], [ 30.264118000185402, -9.002415999759378 ], [ 30.28812400016232, -8.980394000443562 ], [ 30.265238999719902, -8.954853999872993 ], [ 30.286337999638814, -8.950177000029324 ], [ 30.250352000284426, -8.92432999969053 ], [ 30.278606000106659, -8.909844999907616 ], [ 30.261166999896968, -8.892048000275789 ], [ 30.230738999644959, -8.898137999629776 ], [ 30.217465999995746, -8.847187999987007 ], [ 30.312208000138938, -8.791049000271942 ], [ 30.359570999841612, -8.79233100003642 ], [ 30.333292000265441, -8.674795000050009 ], [ 30.580077999939586, -8.51249499970527 ], [ 30.707823955451026, -8.302882066714805 ], [ 30.620285033867059, -8.31240081770437 ], [ 30.545370101788606, -8.254981041302811 ] ] ] } },
{ "type": "Feature", "properties": { "loc": "ZM-A2-0703" }, "geometry": { "type": "Polygon", "coordinates": [ [ [ 31.533410999750579, -10.560831999977781 ], [ 31.541705999746171, -10.531424999977533 ], [ 31.519949999753784, -10.491977999978351 ], [ 31.509228999754811, -10.390010999978903 ], [ 31.525879999746429, -10.341424999978331 ], [ 31.490239999758309, -10.259715999979756 ], [ 31.479420999762063, -10.242546999980183 ], [ 31.258189999835693, -10.212019999986742 ], [ 31.265990999832518, -10.169938999986604 ], [ 31.243803999838391, -10.148583999987158 ], [ 31.273404999828401, -10.077732999986454 ], [ 31.244425999835499, -10.017065999987183 ], [ 31.251467999831071, -9.897869999987106 ], [ 31.162941999853146, -9.780438999989181 ], [ 31.121661999863235, -9.763087999990004 ], [ 31.087386999871434, -9.768073999990699 ], [ 31.062106999877635, -9.798301999991109 ], [ 31.030552999884307, -9.792077999991632 ], [ 31.014655999887843, -9.808665999991893 ], [ 30.94641299990122, -9.82292299999291 ], [ 30.931048999905244, -9.925504999993061 ], [ 30.907790999909544, -9.949822999993417 ], [ 30.892550999911926, -9.932920999993554 ], [ 30.821679999922978, -9.932268999994497 ], [ 30.695525999938809, -9.817912999995736 ], [ 30.600726999949359, -9.82125399999657 ], [ 30.548628999954587, -9.838931999996957 ], [ 30.542435999955273, -9.859655999996951 ], [ 30.572735999952847, -9.92415099999676 ], [ 30.613148999948912, -9.941233999996411 ], [ 30.62314399994839, -10.019187999996314 ], [ 30.679867999942488, -10.059135999995826 ], [ 30.681075999942877, -10.124325999995852 ], [ 30.662661999945271, -10.169811999995991 ], [ 30.476130999962734, -10.198124999997292 ], [ 30.46536599996368, -10.214183999997394 ], [ 30.475632999963096, -10.26387499999729 ], [ 30.450665999965267, -10.325095999997457 ], [ 30.394776999969018, -10.289627999997807 ], [ 30.389801999969144, -10.24676699999779 ], [ 30.302361999974671, -10.29607799999822 ], [ 30.286326999975664, -10.324720999998226 ], [ 30.361308999529378, -10.382307999845507 ], [ 30.369559999591942, -10.410584999833171 ], [ 30.403120999546609, -10.425291999929064 ], [ 30.419428999706845, -10.454728000207313 ], [ 30.470402999593603, -10.481276999784837 ], [ 30.488823999315471, -10.538338999793316 ], [ 30.598225999914462, -10.575188000153878 ], [ 30.614718999728161, -10.562785000155005 ], [ 30.709113999298012, -10.568180999949016 ], [ 30.715098999903255, -10.610838000189192 ], [ 30.693518999516421, -10.638146999747354 ], [ 30.691737999296855, -10.672923999941096 ], [ 30.732150999490806, -10.786953000044695 ], [ 30.776814999672155, -10.830471999746193 ], [ 30.780911999729675, -10.938447999590638 ], [ 30.723681999308418, -11.029573000054414 ], [ 30.717766999775399, -11.065873999673125 ], [ 30.692862999761374, -11.0810600001482 ], [ 30.692179999746159, -11.112131999678164 ], [ 30.656470999694328, -11.138153999914545 ], [ 30.660191999562471, -11.158993999664256 ], [ 30.61159499959998, -11.207501999922341 ], [ 30.62176699995711, -11.258171999996135 ], [ 30.644165999955362, -11.28219599999588 ], [ 30.633606999956477, -11.317117999996006 ], [ 30.614663999958182, -11.32594399999619 ], [ 30.625203999957364, -11.331415999996063 ], [ 30.686800999951693, -11.327158999995556 ], [ 30.720763999947877, -11.277654999995233 ], [ 30.738610999945372, -11.204613999995049 ], [ 30.820506999935169, -11.127860999994153 ], [ 30.859711999929253, -11.049610999993652 ], [ 30.900225999923812, -11.072732999993105 ], [ 30.886237999925335, -11.035051999993316 ], [ 30.981429999910361, -11.001851999991873 ], [ 30.995017999907091, -10.929140999991725 ], [ 31.025580999901472, -10.916645999991191 ], [ 31.009987999904574, -10.939928999991443 ], [ 31.047738999897987, -10.95435999999078 ], [ 31.067366999893721, -10.915240999990404 ], [ 31.082753999890976, -10.931774999990106 ], [ 31.0737679998931, -10.956413999990287 ], [ 31.103165999887452, -10.964837999989717 ], [ 31.151555999876422, -10.921180999988765 ], [ 31.185753999867714, -10.870501999988035 ], [ 31.150877999874773, -10.822833999988811 ], [ 31.182562999867393, -10.814264999988131 ], [ 31.195240999864595, -10.826934999987868 ], [ 31.211804999860291, -10.810766999987452 ], [ 31.183644999866587, -10.785489999988128 ], [ 31.157792999872804, -10.798626999988668 ], [ 31.140698999875795, -10.751488999989066 ], [ 31.209288999859062, -10.719198999987599 ], [ 31.257229999846771, -10.719750999986376 ], [ 31.276356999842079, -10.738724999985903 ], [ 31.319376999829139, -10.706744999984773 ], [ 31.305016999832482, -10.67002699998517 ], [ 31.322133999827038, -10.652875999984689 ], [ 31.341826999821222, -10.656296999984148 ], [ 31.328949999824431, -10.628239999984578 ], [ 31.427948999791553, -10.596611999981574 ], [ 31.462170999778174, -10.560736999980401 ], [ 31.500298999764588, -10.586374999979041 ], [ 31.533410999750579, -10.560831999977781 ] ] ] } },
{ "type": "Feature", "properties": { "loc": "ZM-A2-0704" }, "geometry": { "type": "Polygon", "coordinates": [ [ [ 30.286782999883187, -10.325510000149572 ], [ 30.270138999533948, -10.280553000000468 ], [ 30.200419999510906, -10.233121999895177 ], [ 30.183833999852851, -10.174122999667455 ], [ 29.985503999907557, -10.127370000079138 ], [ 29.979014999407426, -10.073243999768154 ], [ 29.920586999549002, -10.068650000108979 ], [ 29.895779999419545, -10.161233000099466 ], [ 29.837505000127742, -10.22381999993963 ], [ 29.783123999644936, -10.199507000194506 ], [ 29.645376000174338, -10.242218000306989 ], [ 29.63084400002267, -10.281313000041502 ], [ 29.539973999472522, -10.303181000349491 ], [ 29.458076000176668, -10.368567000036665 ], [ 29.464187000049378, -10.399786000343246 ], [ 29.420288086345494, -10.459289550891691 ], [ 29.464338337513631, -10.502255877076726 ], [ 29.431195999864855, -10.512321999979944 ], [ 29.397000205814237, -10.618286132718501 ], [ 29.339964999754329, -10.599020000142533 ], [ 29.293273925820394, -10.68109130853666 ], [ 29.199775000085594, -10.737032000096379 ], [ 29.188110351580889, -10.761474609235476 ], [ 29.201688000170421, -10.852417000263946 ], [ 29.143601768576175, -10.896610611460199 ], [ 29.099273000068273, -10.90268499993242 ], [ 29.084280218776513, -10.926830786481277 ], [ 29.081919408066568, -10.898065803117772 ], [ 29.08183400006741, -10.913420999325295 ], [ 29.083859999517657, -10.927513999467108 ], [ 29.206424000245732, -10.975768999835088 ], [ 29.292691999914176, -11.066892999507948 ], [ 29.355292999500683, -11.076148999622225 ], [ 29.386541000245316, -11.108092000041379 ], [ 29.428002999544887, -11.103606000267684 ], [ 29.421542999540897, -11.030158000042688 ], [ 29.3881049996521, -10.998413000210837 ], [ 29.395894999385817, -10.957643999946663 ], [ 29.359204999717072, -10.918339000195752 ], [ 29.362561999842505, -10.87798099977436 ], [ 29.401001999948441, -10.845745999829047 ], [ 29.570726000011007, -10.771435000276051 ], [ 29.611439999762325, -10.724939000085763 ], [ 29.659361999387855, -10.713768000243983 ], [ 29.772593999419648, -10.773450999939703 ], [ 29.897051999502054, -10.907003999987618 ], [ 29.984112999687042, -10.869996999581476 ], [ 30.026337999824328, -10.736829999913398 ], [ 30.08820299935153, -10.693468999606003 ], [ 30.132246999673875, -10.823389999646503 ], [ 30.181769999963002, -10.758663999642858 ], [ 30.246405999551087, -10.737884999979373 ], [ 30.30761699939135, -10.850206999724753 ], [ 30.357718999471082, -10.907479999611512 ], [ 30.394270999676507, -10.890891999884099 ], [ 30.437401999447687, -10.840518999873604 ], [ 30.50379899991227, -10.810922000097177 ], [ 30.561791999743939, -10.82320299992333 ], [ 30.572562999954876, -10.897170999865745 ], [ 30.555863999761399, -10.936153999839858 ], [ 30.55888899983912, -11.007069000085133 ], [ 30.503561999809527, -11.072579999585029 ], [ 30.397362999373769, -11.109126999618267 ], [ 30.401978999844694, -11.140138999770942 ], [ 30.618428999909987, -11.250032999891323 ], [ 30.61159499959998, -11.207501999922341 ], [ 30.660191999562471, -11.158993999664256 ], [ 30.656470999694328, -11.138153999914545 ], [ 30.692179999746159, -11.112131999678164 ], [ 30.692862999761374, -11.0810600001482 ], [ 30.717766999775399, -11.065873999673125 ], [ 30.723681999308418, -11.029573000054414 ], [ 30.780911999729675, -10.938447999590638 ], [ 30.776814999672155, -10.830471999746193 ], [ 30.732150999490806, -10.786953000044695 ], [ 30.691737999296855, -10.672923999941096 ], [ 30.693518999516421, -10.638146999747354 ], [ 30.715098999903255, -10.610838000189192 ], [ 30.709113999298012, -10.568180999949016 ], [ 30.614718999728161, -10.562785000155005 ], [ 30.598225999914462, -10.575188000153878 ], [ 30.488823999315471, -10.538338999793316 ], [ 30.470402999593603, -10.481276999784837 ], [ 30.419428999706845, -10.454728000207313 ], [ 30.403120999546609, -10.425291999929064 ], [ 30.369559999591942, -10.410584999833171 ], [ 30.361308999529378, -10.382307999845507 ], [ 30.286782999883187, -10.325510000149572 ] ] ] } },
{ "type": "Feature", "properties": { "loc": "ZM-A2-0707" }, "geometry": { "type": "Polygon", "coordinates": [ [ [ 32.257418999145983, -9.478863999932395 ], [ 32.19515599921521, -9.436774999938612 ], [ 32.124205999291668, -9.436882999944972 ], [ 32.07244399934104, -9.405869999949333 ], [ 31.892579999496505, -9.415437999961972 ], [ 31.804638999561561, -9.451909999966977 ], [ 31.756031999595578, -9.503481999969386 ], [ 31.701979999628939, -9.517477999972078 ], [ 31.623429999674848, -9.585841999975463 ], [ 31.585816999693648, -9.57788899997699 ], [ 31.541907999712883, -9.522984999978755 ], [ 31.526091999720187, -9.524328999979291 ], [ 31.51525999972722, -9.591710999979673 ], [ 31.42207299976598, -9.58981799998274 ], [ 31.316674999802395, -9.516421999985868 ], [ 31.28161599981447, -9.546524999986682 ], [ 31.254118999824286, -9.605305999987289 ], [ 31.153952999853594, -9.67302699998943 ], [ 31.121661999863235, -9.763087999990004 ], [ 31.162941999853146, -9.780438999989181 ], [ 31.251467999831071, -9.897869999987106 ], [ 31.244425999835499, -10.017065999987183 ], [ 31.273404999828401, -10.077732999986454 ], [ 31.243803999838391, -10.148583999987158 ], [ 31.265990999832518, -10.169938999986604 ], [ 31.258189999835693, -10.212019999986742 ], [ 31.479420999762063, -10.242546999980183 ], [ 31.525879999746429, -10.341424999978331 ], [ 31.509228999754811, -10.390010999978903 ], [ 31.519949999753784, -10.491977999978351 ], [ 31.541705999746171, -10.531424999977533 ], [ 31.534945999749951, -10.562025999977719 ], [ 31.578074999731911, -10.566992999975954 ], [ 31.636630999703598, -10.522058999973526 ], [ 31.696530999674131, -10.527309999970656 ], [ 31.703452999669366, -10.499867999970368 ], [ 31.744004999646201, -10.470108999968263 ], [ 31.780133999625669, -10.472222999966339 ], [ 31.826760999596495, -10.450763999963707 ], [ 31.865820999565074, -10.332958999961482 ], [ 31.922478999524053, -10.30187599995792 ], [ 31.961531999495342, -10.305473999955149 ], [ 31.978062999479249, -10.251357999954079 ], [ 32.004492999457177, -10.236488999952163 ], [ 32.011294999445063, -10.135501999951911 ], [ 31.989066999461848, -10.114940999953591 ], [ 32.005591999447923, -10.108565999952367 ], [ 32.009047999442906, -10.074401999952252 ], [ 32.032034999423466, -10.073990999950487 ], [ 32.036902999417151, -10.041742999950186 ], [ 32.069567999388624, -10.047241999947497 ], [ 32.122427999336843, -10.014394999943109 ], [ 32.120146999336676, -9.983364999943488 ], [ 32.142867999313339, -9.96956499994147 ], [ 32.129927999323861, -9.939407999942761 ], [ 32.176043999273098, -9.891852999938676 ], [ 32.180209999264122, -9.834877999938461 ], [ 32.293452999129315, -9.776728999927263 ], [ 32.303576999114235, -9.749989999926255 ], [ 32.347994999056475, -9.744054999921202 ], [ 32.351183999042334, -9.64618799992135 ], [ 32.292719999112983, -9.593928999928091 ], [ 32.257418999145983, -9.478863999932395 ] ] ] } },
{ "type": "Feature", "properties": { "loc": "ZM-A2-0708" }, "geometry": { "type": "Polygon", "coordinates": [ [ [ 31.100481033149716, -8.62974929768486 ], [ 31.010536193966733, -8.576501845876406 ], [ 30.784423828373537, -8.289857864341887 ], [ 30.707823955287861, -8.302882066547054 ], [ 30.580077999776424, -8.512495000436841 ], [ 30.333292000102279, -8.674794999882259 ], [ 30.35957099967845, -8.792330999868669 ], [ 30.312207999975776, -8.791049000104191 ], [ 30.217465999832584, -8.847187999819257 ], [ 30.230739000381117, -8.898138000361348 ], [ 30.261166999733806, -8.892048000108039 ], [ 30.278605999943498, -8.909844999739867 ], [ 30.250352000121264, -8.924330000422103 ], [ 30.286338000374972, -8.950176999861576 ], [ 30.26523899955674, -8.954853999705243 ], [ 30.288123999999158, -8.980394000275812 ], [ 30.26411800002224, -9.002415999591628 ], [ 30.284115999530311, -8.997344000418206 ], [ 30.301080000318315, -9.008932999751059 ], [ 30.297294000194508, -9.027845999586132 ], [ 30.318489000043872, -9.026870000443086 ], [ 30.330222999768182, -9.089787999809264 ], [ 30.365293000048471, -9.10465900030554 ], [ 30.369639999962583, -9.140774000212859 ], [ 30.391744000361882, -9.160038000046585 ], [ 30.409114000087591, -9.134818999889854 ], [ 30.426659999835678, -9.160814999905242 ], [ 30.554154999530159, -9.1715450000946 ], [ 30.500757000311872, -9.223737000355202 ], [ 30.473743000115917, -9.35494200026602 ], [ 30.531321999687091, -9.323311000295348 ], [ 30.566695999597261, -9.32828899963055 ], [ 30.604818000327011, -9.368687000097896 ], [ 30.69704599964972, -9.401337000295248 ], [ 30.744906999834729, -9.457529999802569 ], [ 30.750650000273851, -9.524887999774291 ], [ 30.650667000358336, -9.622026999839091 ], [ 30.68192600026126, -9.666750000105342 ], [ 30.937672999485894, -9.68256700015985 ], [ 30.968163999945197, -9.658813000112785 ], [ 30.916211999960385, -9.60618400038423 ], [ 30.947348999633181, -9.559270999849684 ], [ 30.970451000190064, -9.559734999663425 ], [ 30.987175999849068, -9.521626000432494 ], [ 30.976056999707328, -9.467658000109537 ], [ 30.98843300025931, -9.450345000314433 ], [ 31.077176999895187, -9.470585000190527 ], [ 31.094767999919817, -9.40807499985428 ], [ 31.133198999610698, -9.363978999723978 ], [ 31.277833000069453, -9.298002999631649 ], [ 31.261726000131357, -9.249065000142563 ], [ 31.215054999964831, -9.243241999611513 ], [ 31.120308999637178, -9.18092500008161 ], [ 31.167353999963684, -9.10500800021196 ], [ 31.176994000249469, -9.058729000136168 ], [ 31.173750999985216, -9.002161999569545 ], [ 31.146088999584219, -8.997080999981085 ], [ 31.134354999859912, -8.961127000303742 ], [ 31.173066999918667, -8.953626999779138 ], [ 31.15780999960835, -8.888716000236142 ], [ 31.221281000194558, -8.87223400009195 ], [ 31.211251999956389, -8.842494000090952 ], [ 31.183429000224738, -8.825640999925128 ], [ 31.286370999898281, -8.825040000088853 ], [ 31.334367000013597, -8.791472999871967 ], [ 31.333283999533506, -8.774542999752557 ], [ 31.28604300006096, -8.733325000141564 ], [ 31.197135000056765, -8.708564000421203 ], [ 31.200571000228035, -8.628040000338665 ], [ 31.18780699976978, -8.599690999732772 ], [ 31.149639130018393, -8.631389617929445 ], [ 31.100481033149716, -8.62974929768486 ] ] ] } },
{ "type": "Feature", "properties": { "loc": "ZM-A2-0713" }, "geometry": { "type": "Polygon", "coordinates": [ [ [ 31.364364624212502, -8.589118958357913 ], [ 31.349651336924126, -8.616053580792791 ], [ 31.319894791196123, -8.608782767995017 ], [ 31.275014877219274, -8.631579399254543 ], [ 31.227354049933922, -8.589560509294738 ], [ 31.186783534317119, -8.599192746632621 ], [ 31.200571000136012, -8.628040000430346 ], [ 31.197134999964742, -8.708563999613562 ], [ 31.289848000069611, -8.735302999718332 ], [ 31.322243999345559, -8.759295999995075 ], [ 31.334366999921574, -8.791472999963649 ], [ 31.286370999806262, -8.825040000180534 ], [ 31.183429000132715, -8.825641000016809 ], [ 31.211251999864366, -8.842494000182633 ], [ 31.221281000102536, -8.872234000183632 ], [ 31.157114999841834, -8.889724000047234 ], [ 31.173066999826645, -8.953626999870817 ], [ 31.13435499976789, -8.961127000395422 ], [ 31.146088999492196, -8.997081000072766 ], [ 31.173750999893194, -9.002161999661226 ], [ 31.176994000157446, -9.058729000227849 ], [ 31.167353999871661, -9.105008000303641 ], [ 31.120308999545159, -9.180925000173289 ], [ 31.215054999872812, -9.243241999703194 ], [ 31.261726000039335, -9.249065000234244 ], [ 31.277832999977431, -9.298002999723328 ], [ 31.13319899951868, -9.363978999815659 ], [ 31.094767999827795, -9.408074999945962 ], [ 31.077176999803164, -9.470585000282208 ], [ 30.988433000167287, -9.450345000406115 ], [ 30.976056999615306, -9.467658000201219 ], [ 30.987175999757049, -9.521625999624854 ], [ 30.970451000098041, -9.559734999755106 ], [ 30.947348999541163, -9.559270999941365 ], [ 30.943210000225793, -9.582644000404965 ], [ 30.917545000186074, -9.60037999992173 ], [ 30.942452999490797, -9.640950000226999 ], [ 30.968163999853175, -9.658813000204466 ], [ 30.989606000301137, -9.626054000376486 ], [ 31.132020000007458, -9.545104000433943 ], [ 31.164732999512783, -9.567214000210612 ], [ 31.152842999789073, -9.598136999907291 ], [ 31.165659999993469, -9.66681000026597 ], [ 31.254118999976331, -9.605305999556904 ], [ 31.281615999962892, -9.546525000313185 ], [ 31.316674999735913, -9.516421999760151 ], [ 31.422072999353901, -9.589818000285156 ], [ 31.515259999733665, -9.591711000347059 ], [ 31.517978000069114, -9.530619999797823 ], [ 31.531205999441784, -9.522567999897948 ], [ 31.585816999739212, -9.577888999662274 ], [ 31.623429999479356, -9.585842000392674 ], [ 31.659464999294748, -9.546434999760102 ], [ 31.756031999961294, -9.503482000178836 ], [ 31.836632999098097, -9.432183000130022 ], [ 31.936406999268065, -9.409136000310836 ], [ 32.072443998975835, -9.405869999885256 ], [ 32.124205999191972, -9.436883000135019 ], [ 32.195155999334368, -9.436774999651183 ], [ 32.257693999163195, -9.478608999790179 ], [ 32.256533998729523, -9.376465000044387 ], [ 32.151061999296296, -9.224671000351057 ], [ 32.181267010848337, -9.081423062009375 ], [ 32.161392212165325, -9.06167507223147 ], [ 32.091434479002466, -9.051484107690088 ], [ 31.984374999890797, -9.071176529258089 ], [ 31.93665885890368, -9.018008232178843 ], [ 31.947080611965134, -8.936800002702633 ], [ 31.868417739971189, -8.903937339821047 ], [ 31.804111481444178, -8.889377593785595 ], [ 31.766366958552759, -8.895346642418284 ], [ 31.734746933009017, -8.923261641895927 ], [ 31.679904938246768, -8.911262512139894 ], [ 31.658611298057423, -8.879960059693671 ], [ 31.584745407159279, -8.83883190235508 ], [ 31.569877625336606, -8.809234619366862 ], [ 31.582021713215958, -8.74553394272195 ], [ 31.551565170280849, -8.689779281773106 ], [ 31.489515305371512, -8.6841354369855 ], [ 31.458730697847891, -8.64033508268259 ], [ 31.398136139255886, -8.631414413229258 ], [ 31.364364624212502, -8.589118958357913 ] ] ] } },
{ "type": "Feature", "properties": { "loc": "ZM-A2-0714" }, "geometry": { "type": "Polygon", "coordinates": [ [ [ 29.872792999989315, -9.217452999999409 ], [ 29.861731999989843, -9.241120999999453 ], [ 29.821274999990862, -9.218129999999462 ], [ 29.75416899999226, -9.233805999999504 ], [ 29.643244999994408, -9.320329999999728 ], [ 29.61805099999475, -9.32486899999958 ], [ 29.55647799999565, -9.300229999999658 ], [ 29.5152109999961, -9.318631999999752 ], [ 29.427899999996896, -9.322591999999759 ], [ 29.351399999997682, -9.288027999999827 ], [ 29.3579479999417, -9.369227000179251 ], [ 29.34807200020299, -9.385929000377757 ], [ 29.326152000199102, -9.384165000173539 ], [ 29.320512000106191, -9.417766000166694 ], [ 29.350757000059389, -9.518497000284412 ], [ 29.394445000159806, -9.547883000216302 ], [ 29.412088000022152, -9.532003000085524 ], [ 29.465604000103497, -9.549002000387134 ], [ 29.458541000024866, -9.593932000346854 ], [ 29.483375000219041, -9.588686000345433 ], [ 29.508458999882578, -9.614953000306514 ], [ 29.521770000133586, -9.605881000220165 ], [ 29.533180000169239, -9.648212000058095 ], [ 29.727069000256449, -9.683270000371181 ], [ 29.750611999911314, -9.705513000178541 ], [ 29.804921999863836, -9.698594000272465 ], [ 29.822174000153382, -9.742579000026467 ], [ 29.872196000160557, -9.781468000090058 ], [ 29.858814000070993, -9.790353000361222 ], [ 29.867769000157523, -9.804331000253796 ], [ 29.923418999980811, -9.828868000344926 ], [ 29.934065999960239, -9.877000000390808 ], [ 29.909559000111585, -9.975747000177819 ], [ 29.934554999993964, -10.044823000206634 ], [ 29.92058699954913, -10.068650000108903 ], [ 29.979014999407354, -10.073243999768181 ], [ 29.985503999907678, -10.127370000079054 ], [ 30.18383399985288, -10.174122999667475 ], [ 30.200419999511041, -10.233121999895104 ], [ 30.27013899953397, -10.280553000000396 ], [ 30.279913999695793, -10.324639999786996 ], [ 30.302361999974721, -10.296077999998147 ], [ 30.389801999969279, -10.246766999997817 ], [ 30.39477699996894, -10.289627999997833 ], [ 30.450665999965281, -10.325095999997473 ], [ 30.475632999963068, -10.263874999997313 ], [ 30.465365999963694, -10.214183999997317 ], [ 30.476130999962663, -10.198124999997219 ], [ 30.662661999945385, -10.169811999996 ], [ 30.681075999942891, -10.12432599999579 ], [ 30.679867999942417, -10.05913599999576 ], [ 30.623143999948411, -10.019187999996234 ], [ 30.613148999949033, -9.941233999996427 ], [ 30.572735999952954, -9.924150999996698 ], [ 30.542435999955387, -9.85965599999696 ], [ 30.548628999954644, -9.838931999996873 ], [ 30.600726999949416, -9.821253999996486 ], [ 30.695525999938923, -9.817912999995656 ], [ 30.821679999923106, -9.932268999994506 ], [ 30.892550999912032, -9.932920999993485 ], [ 30.907790999909651, -9.949822999993444 ], [ 30.931048999905272, -9.925504999992995 ], [ 30.94414099990172, -9.825221999992891 ], [ 31.030552999884435, -9.792077999991648 ], [ 31.062106999877756, -9.798301999991111 ], [ 31.087386999871569, -9.768073999990634 ], [ 31.121912999863184, -9.763032999990003 ], [ 31.161419999851603, -9.666560999989315 ], [ 31.152842999852624, -9.598136999989492 ], [ 31.164732999848979, -9.567213999989292 ], [ 31.13201999985705, -9.545103999989919 ], [ 30.989605999890557, -9.626053999992394 ], [ 30.965687999895749, -9.664055999992627 ], [ 30.926346999903274, -9.688371999993251 ], [ 30.681925999939324, -9.666749999995886 ], [ 30.652382999942574, -9.616825999996081 ], [ 30.750649999929522, -9.524887999995372 ], [ 30.749426999929028, -9.466440999995314 ], [ 30.69704599993554, -9.401336999995806 ], [ 30.604817999946135, -9.368686999996612 ], [ 30.575224999949114, -9.332719999996812 ], [ 30.531321999953491, -9.323310999997148 ], [ 30.473742999958745, -9.354941999997379 ], [ 30.448109999960934, -9.329770999997606 ], [ 30.391211999965321, -9.343170999997881 ], [ 30.344174999968459, -9.315462999998033 ], [ 30.240233999974976, -9.312946999998587 ], [ 30.098517999981823, -9.24387099999899 ], [ 29.974532999986536, -9.242685999999196 ], [ 29.872792999989315, -9.217452999999409 ] ] ] } },
{ "type": "Feature", "properties": { "loc": "ZM-A2-0801" }, "geometry": { "type": "Polygon", "coordinates": [ [ [ 23.073790999914916, -13.028573000220311 ], [ 23.103375944204661, -12.998397928897827 ], [ 21.999898911066094, -13.004716873161694 ], [ 22.000270752853162, -13.476201123759381 ], [ 22.042121000144242, -13.499015999565255 ], [ 22.116207000113164, -13.502305000152163 ], [ 22.117802999968674, -13.51978000022336 ], [ 22.158926000594651, -13.535549999909096 ], [ 22.167711000122758, -13.563767999869826 ], [ 22.156303000143541, -13.569822000261631 ], [ 22.175590000138595, -13.589982000045794 ], [ 22.26136000022403, -13.608506999974596 ], [ 22.427026000209942, -13.423259999925584 ], [ 22.405513000085087, -13.396392000167202 ], [ 22.799074000025282, -13.2624520000363 ], [ 22.869655000238271, -13.399599999716742 ], [ 23.000158000151785, -13.329902999800128 ], [ 22.984947000164127, -13.315505000431951 ], [ 22.955607999769573, -13.321008999742071 ], [ 22.943396999632029, -13.302489000043844 ], [ 22.95602600015998, -13.272745999904499 ], [ 22.847214999632726, -13.195745000407969 ], [ 22.957864000383513, -13.067023999934177 ], [ 23.073790999914916, -13.028573000220311 ] ] ] } },
{ "type": "Feature", "properties": { "loc": "ZM-A2-0802" }, "geometry": { "type": "Polygon", "coordinates": [ [ [ 24.074354171795562, -10.892831802351466 ], [ 23.999652862877291, -10.886285781968933 ], [ 23.98659132981399, -10.903750537862702 ], [ 24.025600432601852, -10.969356537080191 ], [ 24.005586623911533, -11.121365546688299 ], [ 24.035127639916617, -11.149701117718077 ], [ 24.037050246559602, -11.275527954157427 ], [ 24.082118987589176, -11.397730826721945 ], [ 24.030984878737133, -11.444817543000879 ], [ 24.036472320629063, -11.523955345168714 ], [ 23.971170425362811, -11.655662537301925 ], [ 24.024614334072229, -11.822519301730061 ], [ 24.002624511599901, -11.847332000776884 ], [ 23.989923819816401, -11.902287591604738 ], [ 24.025628999566646, -11.930078999951556 ], [ 24.094192000248583, -11.948654000387478 ], [ 24.168333000055878, -11.911866000021554 ], [ 24.206544000393272, -11.815561999792127 ], [ 24.264633000100844, -11.816183999697497 ], [ 24.292720000315732, -11.786849000386727 ], [ 24.366785000215557, -11.811658999668769 ], [ 24.376422000362997, -11.777832000052429 ], [ 24.438728000284954, -11.752123999828399 ], [ 24.442707000315782, -11.697442999900195 ], [ 24.461615999966394, -11.699296999962248 ], [ 24.485165999599172, -11.674804000010262 ], [ 24.459926000272663, -11.652717000394922 ], [ 24.508963999876663, -11.625320999670068 ], [ 24.517052999684157, -11.599071999678712 ], [ 24.540944999799869, -11.617568000068818 ], [ 24.563607999897247, -11.593399999815809 ], [ 24.609688999835445, -11.58843800031913 ], [ 24.675535000228049, -11.525094000193624 ], [ 24.723409000113236, -11.545980000182531 ], [ 24.739971000349357, -11.536441000057776 ], [ 24.733147999568494, -11.513112999870717 ], [ 24.746271000394323, -11.501688000006864 ], [ 24.677484000174438, -11.45641400041146 ], [ 24.616221999833396, -11.46397400010569 ], [ 24.594182167860726, -11.426836806479105 ], [ 24.583494185796006, -11.456333160352738 ], [ 24.550603866962859, -11.446457863245461 ], [ 24.445423125564762, -11.475698470613597 ], [ 24.435625075724634, -11.446253777395579 ], [ 24.382688522245473, -11.409215927378815 ], [ 24.29501342801526, -11.396075248579528 ], [ 24.295722960734022, -11.374452591419628 ], [ 24.349584579352825, -11.366422652788865 ], [ 24.393190384216826, -11.285923003649369 ], [ 24.389011383056854, -11.103516578832716 ], [ 24.334285736285672, -11.060259818841235 ], [ 24.283058167188635, -11.042526244796029 ], [ 24.141475677048827, -11.036435126685419 ], [ 24.131010055957287, -11.023773192984137 ], [ 24.144336700166548, -10.969044684570207 ], [ 24.121547698755261, -10.944869040979128 ], [ 24.1299552923908, -10.918657302598106 ], [ 24.074354171795562, -10.892831802351466 ] ] ] } },
{ "type": "Feature", "properties": { "loc": "ZM-A2-0804" }, "geometry": { "type": "Polygon", "coordinates": [ [ [ 26.879554000027593, -13.43270300024918 ], [ 26.84782199991038, -13.383077999910221 ], [ 26.813923999766008, -13.362159000126262 ], [ 26.827149999900833, -13.317611999943313 ], [ 26.803257999814043, -13.262869999910876 ], [ 26.676131999990236, -13.317912000201904 ], [ 26.666424999482128, -13.35830900051781 ], [ 26.641835999570283, -13.351003000089168 ], [ 26.617115999849037, -13.373796999971599 ], [ 26.60054199993138, -13.366168000512413 ], [ 26.628426999850994, -13.338513000453734 ], [ 26.599591999449899, -13.322413000067879 ], [ 26.610718999832848, -13.308132999901446 ], [ 26.573485999680766, -13.26510700038871 ], [ 26.574221999505763, -13.223614999972167 ], [ 26.551577999415297, -13.200755000504916 ], [ 26.576426999551249, -13.176682000228446 ], [ 26.581051999659032, -13.088809000274171 ], [ 26.603100999405214, -13.098698000332199 ], [ 26.578267999822678, -13.033904000000163 ], [ 26.593436999709706, -13.037865000075122 ], [ 26.600106999725124, -13.020115999987947 ], [ 26.587553999934286, -12.977937000092233 ], [ 26.57358499973239, -13.012869000250927 ], [ 26.558684999706148, -12.984845000245294 ], [ 26.555720999714747, -12.998163000189667 ], [ 26.531228999785348, -12.996634999951862 ], [ 26.543917999558484, -12.970537000459526 ], [ 26.532777000040262, -12.982047999959335 ], [ 26.527092999728062, -12.962594000257599 ], [ 26.511185999946861, -12.964812000078208 ], [ 26.55185799965669, -12.918584000436251 ], [ 26.539010999814703, -12.929967000230469 ], [ 26.535170999877742, -12.909679000012265 ], [ 26.511372999669589, -12.909518000514264 ], [ 26.498391999914571, -12.931769999862198 ], [ 26.474865999671014, -12.919173999933065 ], [ 26.463608999513298, -12.938659000032516 ], [ 26.367201999825738, -12.920644000188187 ], [ 26.318478999551107, -12.960562000124998 ], [ 26.145873999685463, -12.947381000197645 ], [ 26.052149999713457, -12.907131000244465 ], [ 25.992352999539968, -12.857049000181309 ], [ 25.576640999786136, -12.974950999996782 ], [ 25.576000000000175, -12.987591 ], [ 25.668275000000172, -12.999773 ], [ 25.713806000000215, -13.038848 ], [ 25.699987000000178, -13.085208 ], [ 25.649711000000195, -13.094038 ], [ 25.627803000000203, -13.12544 ], [ 25.355623000000225, -13.164363 ], [ 25.224372000000315, -13.219573 ], [ 25.206323000000317, -13.205486 ], [ 25.148796000000349, -13.238438 ], [ 25.135414000000409, -13.268625 ], [ 25.147632000000407, -13.298194 ], [ 25.228462000000327, -13.352557 ], [ 25.307949000000239, -13.336238 ], [ 25.327417000000228, -13.310425 ], [ 25.384096000000287, -13.296503 ], [ 25.455547000000188, -13.30606 ], [ 25.477697000000219, -13.331021 ], [ 25.500234000000209, -13.323575 ], [ 25.64505000000019, -13.551029 ], [ 25.624162000000215, -13.624078 ], [ 25.663528000000156, -13.668313 ], [ 25.62772700000022, -13.68729 ], [ 25.616809000000227, -13.76066 ], [ 25.687154000000188, -13.884762 ], [ 25.703964000000166, -13.883439 ], [ 25.781116000000146, -13.969883 ], [ 25.783430000000205, -14.017021 ], [ 25.80940200000019, -14.04097 ], [ 25.81256200000017, -14.153801 ], [ 25.839330000000203, -14.194498 ], [ 25.975084000000191, -14.311672 ], [ 25.988798000000155, -14.346343 ], [ 26.025756000000165, -14.366643 ], [ 26.042144000000132, -14.399987 ], [ 26.0769440000002, -14.41814 ], [ 26.149721000000124, -14.401924 ], [ 26.165050000000132, -14.421421 ], [ 26.141126000000135, -14.440382 ], [ 26.144660000000151, -14.454068 ], [ 26.206796000000175, -14.460851 ], [ 26.188642000000193, -14.506987 ], [ 26.213531000000188, -14.527523 ], [ 26.201690000000209, -14.553297 ], [ 26.209394000000195, -14.591567 ], [ 26.185581000000145, -14.649559 ], [ 26.300378000000133, -14.696207 ], [ 26.329729000000189, -14.735779 ], [ 26.374408000000169, -14.699889 ], [ 26.368173000000137, -14.665965 ], [ 26.426364000000156, -14.578918 ], [ 26.498308000000169, -14.538079 ], [ 26.511516000000189, -14.493567 ], [ 26.540239000000152, -14.472099 ], [ 26.581499000000129, -14.453336 ], [ 26.619148000000202, -14.470544 ], [ 26.630966000000143, -14.450402 ], [ 26.661571000000126, -14.443143 ], [ 26.696550000000173, -14.464319 ], [ 26.742696000000208, -14.456091 ], [ 26.809286000000164, -14.417013 ], [ 26.968536000000174, -14.422716 ], [ 27.000120000000159, -14.227021 ], [ 26.982818000000151, -14.229026 ], [ 26.955190000000194, -14.13801 ], [ 26.858064000000191, -14.040246 ], [ 26.925922000000167, -13.962182 ], [ 26.935766000000203, -13.842687 ], [ 26.844644000000127, -13.786277 ], [ 26.777605000000147, -13.685507 ], [ 26.79460900000019, -13.580673 ], [ 26.848651000000199, -13.496133 ], [ 26.861759000000205, -13.441824 ], [ 26.879554000027593, -13.43270300024918 ] ] ] } },
{ "type": "Feature", "properties": { "loc": "ZM-A2-0806" }, "geometry": { "type": "Polygon", "coordinates": [ [ [ 25.527472999530996, -12.915884000132738 ], [ 25.490942000051351, -12.899708000490751 ], [ 25.434328000024252, -12.899200000457601 ], [ 25.365963999650585, -12.928148000045503 ], [ 25.309472999830749, -12.89650600036153 ], [ 25.28989599992175, -12.913496999862939 ], [ 25.216530999925755, -12.927068000463738 ], [ 25.133488999784557, -13.010016000051639 ], [ 25.041590999565287, -13.003621000104626 ], [ 25.006262999874671, -12.985035000071832 ], [ 25.012834000000559, -13.011808999999886 ], [ 24.966466000000629, -13.020300999999879 ], [ 24.936800000000623, -13.056159 ], [ 24.884437000000801, -13.035853999999858 ], [ 24.852464000000783, -13.067812999999873 ], [ 24.815599000000919, -13.053744999999839 ], [ 24.800157000000976, -13.080551 ], [ 24.734464000001076, -13.094425999999871 ], [ 24.74682200000111, -13.115053999999827 ], [ 24.729045000001147, -13.105811999999862 ], [ 24.721147000001185, -13.12384799999985 ], [ 24.681760000001283, -13.082143999999818 ], [ 24.684909000001241, -13.101399999999852 ], [ 24.659944000001353, -13.113782999999824 ], [ 24.652723000001362, -13.099161999999865 ], [ 24.652114000149925, -13.121167000159318 ], [ 24.608830999944995, -13.144975000078929 ], [ 24.598112000103932, -13.184207999980469 ], [ 24.537182999967609, -13.20126499982085 ], [ 24.530672000026275, -13.229455000054891 ], [ 24.488002000016127, -13.224186999995869 ], [ 24.523486999832532, -13.287904000115603 ], [ 24.568287999965353, -13.284443999926221 ], [ 24.60605799985802, -13.350885999925389 ], [ 24.634370000207049, -13.347503000162487 ], [ 24.676721000056332, -13.414844999779419 ], [ 24.617883000019656, -13.519598000004674 ], [ 24.614537999784012, -13.577418999974345 ], [ 24.575922000169601, -13.618083000046067 ], [ 24.481393000003624, -13.672962999999505 ], [ 24.435878000003839, -13.84101199999942 ], [ 24.330184000001374, -13.939228999999809 ], [ 24.386314000001217, -13.960723999999736 ], [ 24.412094000001126, -13.94476599999982 ], [ 24.418664000001165, -13.966505999999768 ], [ 24.44050700000102, -13.949693999999802 ], [ 24.463134000000995, -13.962131999999794 ], [ 24.483690000000944, -13.953681999999812 ], [ 24.471284000000935, -13.940805999999817 ], [ 24.493427000001009, -13.908245999999814 ], [ 24.564474000000789, -13.969634999999847 ], [ 24.5614910000008, -13.986199 ], [ 24.574943000000758, -13.978872999999837 ], [ 24.587631000000741, -13.994854999999873 ], [ 24.602302000000662, -13.985142999999834 ], [ 24.590030000000727, -13.964043999999898 ], [ 24.623228000000672, -13.960497999999866 ], [ 24.620145000000669, -13.992032999999882 ], [ 24.640630000000694, -14.021887 ], [ 24.65346700000066, -14.005024999999883 ], [ 24.636501000000653, -13.975724999999873 ], [ 24.676374000000621, -13.96012399999983 ], [ 24.727102000000521, -14.004999999999857 ], [ 24.7260970000005, -14.025443999999865 ], [ 24.74471400000051, -14.025017999999879 ], [ 24.736894000000518, -14.098739999999832 ], [ 24.764734000000519, -14.130001 ], [ 24.788839000000483, -14.124237999999856 ], [ 24.815494000000403, -14.153798999999879 ], [ 24.901264000000321, -14.165048 ], [ 24.994283000000326, -14.215334 ], [ 25.093996000000239, -14.214515 ], [ 25.088401000000225, -14.241352999999879 ], [ 25.103578000000269, -14.241856 ], [ 25.10993500000027, -14.283906999999896 ], [ 25.131113000000258, -14.28085 ], [ 25.136547000000274, -14.297951999999892 ], [ 25.103715000000236, -14.31473 ], [ 25.114181000000222, -14.342535 ], [ 25.083675000000259, -14.361847 ], [ 25.070724000000276, -14.423834 ], [ 25.012596000000318, -14.468647999999884 ], [ 24.973499000000341, -14.532772999999899 ], [ 24.986747000000296, -14.583715 ], [ 25.050790000000276, -14.624883 ], [ 25.140848000000247, -14.632383999999899 ], [ 25.258840000000269, -14.597127 ], [ 25.431409000000247, -14.584396 ], [ 25.517467000000192, -14.537918 ], [ 25.582426000000201, -14.534948 ], [ 26.192207000000199, -14.623003 ], [ 26.211900000000153, -14.565365 ], [ 26.201690000000209, -14.553297 ], [ 26.213531000000188, -14.527523 ], [ 26.188642000000193, -14.506987 ], [ 26.206796000000175, -14.460851 ], [ 26.144660000000151, -14.454068 ], [ 26.141126000000135, -14.440382 ], [ 26.165050000000132, -14.421421 ], [ 26.149721000000124, -14.401924 ], [ 26.0769440000002, -14.41814 ], [ 26.042144000000132, -14.399987 ], [ 26.025756000000165, -14.366643 ], [ 25.988798000000155, -14.346343 ], [ 25.975084000000191, -14.311672 ], [ 25.839330000000203, -14.194498 ], [ 25.81256200000017, -14.153801 ], [ 25.80940200000019, -14.04097 ], [ 25.783430000000205, -14.017021 ], [ 25.781116000000146, -13.969883 ], [ 25.703964000000166, -13.883439 ], [ 25.687154000000188, -13.884762 ], [ 25.616809000000227, -13.76066 ], [ 25.62772700000022, -13.68729 ], [ 25.663528000000156, -13.668313 ], [ 25.624162000000215, -13.624078 ], [ 25.64505000000019, -13.551029 ], [ 25.500234000000209, -13.323575 ], [ 25.477697000000219, -13.331021 ], [ 25.455547000000188, -13.30606 ], [ 25.384096000000287, -13.296503 ], [ 25.327417000000228, -13.310425 ], [ 25.307949000000239, -13.336238 ], [ 25.228462000000327, -13.352557 ], [ 25.147632000000407, -13.298194 ], [ 25.135414000000409, -13.268625 ], [ 25.148796000000349, -13.238438 ], [ 25.206323000000317, -13.205486 ], [ 25.224372000000315, -13.219573 ], [ 25.339572000000253, -13.168527 ], [ 25.513973000000199, -13.131958 ], [ 25.600284000000205, -13.13752 ], [ 25.649711000000195, -13.094038 ], [ 25.701236000000225, -13.083882 ], [ 25.707590000000156, -13.021813 ], [ 25.610126000000164, -12.98271 ], [ 25.576000000000175, -12.987591 ], [ 25.527472999530996, -12.915884000132738 ] ] ] } },
{ "type": "Feature", "properties": { "loc": "ZM-A2-0808" }, "geometry": { "type": "Polygon", "coordinates": [ [ [ 25.315898894959417, -11.19182205215836 ], [ 25.225831985399189, -11.227517128025417 ], [ 25.070463180572705, -11.254829407263713 ], [ 24.873540877750688, -11.262111663934522 ], [ 24.853080749918057, -11.292966843057741 ], [ 24.738182067589729, -11.305998801915555 ], [ 24.732614516787901, -11.328776360353126 ], [ 24.699048995955781, -11.333642005586468 ], [ 24.594182168313797, -11.426836806685658 ], [ 24.616222000286466, -11.463974000312243 ], [ 24.677483999728185, -11.456413999718691 ], [ 24.735836999918991, -11.488698000124986 ], [ 24.74627099994807, -11.501688000213418 ], [ 24.733148000021565, -11.51311300007727 ], [ 24.73738200012059, -11.539523000298605 ], [ 24.723408999666983, -11.545980000389086 ], [ 24.708498000024065, -11.530169999758062 ], [ 24.703207999790738, -11.54203800026588 ], [ 24.675534999781796, -11.525094000400177 ], [ 24.609689000288515, -11.588437999626361 ], [ 24.563608000350317, -11.593400000022362 ], [ 24.54094500025294, -11.617568000275371 ], [ 24.517599000135128, -11.598702999955862 ], [ 24.508964000329733, -11.625320999876623 ], [ 24.459925999826414, -11.652716999702154 ], [ 24.485166000052242, -11.674804000216815 ], [ 24.461616000419465, -11.699297000168801 ], [ 24.442706999869529, -11.697443000106748 ], [ 24.438727999838704, -11.752124000034954 ], [ 24.376421999916744, -11.777832000258984 ], [ 24.363111000313793, -11.812994000285265 ], [ 24.29271999986948, -11.78684899969396 ], [ 24.264632999654591, -11.816183999904052 ], [ 24.204241999909751, -11.816839999578697 ], [ 24.168332999609625, -11.911866000228107 ], [ 24.136334999801782, -11.936492000018166 ], [ 24.067659000204078, -11.943491999968202 ], [ 23.989923820269471, -11.902287591811293 ], [ 23.985788345397204, -12.154165267825229 ], [ 24.020761489592452, -12.22460556011089 ], [ 24.068656921221319, -12.26538753511903 ], [ 24.073287963909788, -12.303577422972072 ], [ 24.0533695220272, -12.32747554837024 ], [ 24.078124999910198, -12.366378783866162 ], [ 24.072681426947678, -12.415366173222695 ], [ 24.026287078926934, -12.449576377560156 ], [ 23.993110014856683, -12.50406799915122 ], [ 24.136789000053692, -12.495696999829057 ], [ 24.148944000306749, -12.595484999745322 ], [ 24.292711000353766, -12.512930000431554 ], [ 24.335826000211121, -12.548953999739675 ], [ 24.41826400042466, -12.49990899981287 ], [ 24.453359000059187, -12.545185000399828 ], [ 24.496701999638955, -12.553567000229256 ], [ 24.492254000463131, -12.566760999832656 ], [ 24.513509000381443, -12.586036000173648 ], [ 24.531069999921939, -12.581728000259384 ], [ 24.521165000006128, -12.595292999884416 ], [ 24.549008999806876, -12.588134999842747 ], [ 24.548297000247747, -12.616977999847194 ], [ 24.59112700045209, -12.640084999735329 ], [ 24.608675000292411, -12.691532999860435 ], [ 24.625863999765158, -12.689537000444593 ], [ 24.620378000385791, -12.731310000468525 ], [ 24.647023999799131, -12.767578000236901 ], [ 24.65580299994987, -12.822404999703354 ], [ 24.66527100039773, -12.839567999775749 ], [ 24.688768000284366, -12.837774999828758 ], [ 24.690019000417916, -12.868927000193283 ], [ 24.730103999941026, -12.919608000021563 ], [ 24.720012000394885, -12.947886000051241 ], [ 24.735551000219864, -12.953280999730733 ], [ 24.722496999878025, -12.958994999731832 ], [ 24.734497000177797, -12.992834999947668 ], [ 24.71323299984445, -12.986082999743022 ], [ 24.712869000145623, -13.008393999795633 ], [ 24.685747000365158, -13.011621000221362 ], [ 24.673280000113298, -13.045179000023213 ], [ 24.635558999889316, -13.077819999805525 ], [ 24.65994400025679, -13.113782999897907 ], [ 24.687434999966658, -13.098545999610574 ], [ 24.686339999832509, -13.080977999747271 ], [ 24.721146999675675, -13.123847999997581 ], [ 24.729044999668382, -13.105812000136076 ], [ 24.74682200017655, -13.115054000054439 ], [ 24.734463999555317, -13.094426000272074 ], [ 24.800157000086866, -13.080550999841149 ], [ 24.809842999795986, -13.055789000074673 ], [ 24.828773000415019, -13.050367000049391 ], [ 24.852464000254791, -13.067812999682568 ], [ 24.884436999809076, -13.035853999874574 ], [ 24.936799999861485, -13.056159000050192 ], [ 24.966466000047244, -13.0203010003033 ], [ 25.012833999730685, -13.011808999897806 ], [ 25.003731999973201, -12.978470000302652 ], [ 24.976296999248497, -12.974296000272574 ], [ 24.991887999672826, -12.953562000098605 ], [ 25.015654999420068, -12.958949000308497 ], [ 24.99383899971145, -12.929298999961258 ], [ 25.004675999439204, -12.915673000221162 ], [ 24.973908999741926, -12.903127999969602 ], [ 25.018391999732383, -12.884884000408672 ], [ 25.00055499915527, -12.882878000531678 ], [ 25.008433999171107, -12.864473999887563 ], [ 24.990088999449146, -12.865449999929933 ], [ 24.983077999891165, -12.840804000116892 ], [ 24.957690999181647, -12.855566000083217 ], [ 24.938357999763259, -12.833262000353413 ], [ 24.93217599976396, -12.804346999726635 ], [ 24.946854999500008, -12.798047999727785 ], [ 24.906575999124442, -12.779871999705401 ], [ 24.925078999837353, -12.757143000161708 ], [ 24.907271999744374, -12.750179000073175 ], [ 24.905999999541727, -12.730155000265428 ], [ 24.879050999645298, -12.725296000122686 ], [ 24.864111999610476, -12.655066999954464 ], [ 24.849583999643251, -12.680130000111795 ], [ 24.835722999857939, -12.657354000199328 ], [ 24.821019999914448, -12.659405000352864 ], [ 24.834435999862883, -12.644391000456684 ], [ 24.828452999147974, -12.603436000383491 ], [ 24.852217999702304, -12.599946000419962 ], [ 24.85968699969666, -12.57518499980028 ], [ 24.875548999128387, -12.578082000296456 ], [ 24.861384999759313, -12.571736999974949 ], [ 24.881438999151872, -12.549670000382591 ], [ 24.863316999821066, -12.511755000205474 ], [ 24.88115599959109, -12.521416000560357 ], [ 24.905236999429363, -12.471179000522834 ], [ 25.009261999582996, -12.422554000179344 ], [ 25.030564999916194, -12.39373300029011 ], [ 25.065447999666834, -12.390865000231955 ], [ 25.075402999190441, -12.359722000282467 ], [ 25.118468999486119, -12.326277000295706 ], [ 25.12739299912899, -12.283106000553861 ], [ 25.169909999288418, -12.254450000179745 ], [ 25.193114999199235, -12.194996000477419 ], [ 25.171465999997285, -12.175023000323586 ], [ 25.192439999547723, -12.149412000076122 ], [ 25.165457999928137, -12.087532000014168 ], [ 25.188923999284523, -12.063891999828309 ], [ 25.185371000013021, -12.020998000269875 ], [ 25.210804999292666, -11.993682999683069 ], [ 25.201760999511901, -11.958087000327183 ], [ 25.233178999552567, -11.898218000372799 ], [ 25.314864999261687, -11.840851999832307 ], [ 25.364069999372354, -11.764945000423809 ], [ 25.417386999351919, -11.746122000242497 ], [ 25.4576959993123, -11.709645999875374 ], [ 25.495726999442851, -11.721389000014717 ], [ 25.477445601574633, -11.687666892825224 ], [ 25.341163634635411, -11.631325721916912 ], [ 25.326070785779521, -11.584907531969403 ], [ 25.307363510359096, -11.57300567558384 ], [ 25.31026649494417, -11.533200263593669 ], [ 25.289449692390772, -11.516703606298771 ], [ 25.326229095237938, -11.493354796698888 ], [ 25.304225922329834, -11.469731331448166 ], [ 25.302417755316537, -11.41590976683465 ], [ 25.278251648136433, -11.370208740353464 ], [ 25.311288834353604, -11.348483085638271 ], [ 25.295541762883431, -11.309198380213456 ], [ 25.335313797435184, -11.283079146997416 ], [ 25.319839477751078, -11.2559862142048 ], [ 25.351795196832249, -11.195846557884717 ], [ 25.315898894959417, -11.19182205215836 ] ] ] } },
{ "type": "Feature", "properties": { "loc": "ZM-A2-0810" }, "geometry": { "type": "Polygon", "coordinates": [ [ [ 27.209297179696271, -11.572984694941802 ], [ 27.157066344911073, -11.599953650794431 ], [ 27.028358459250676, -11.611302375558267 ], [ 27.024780272666632, -11.651823043552699 ], [ 27.048574448127461, -11.698529243184108 ], [ 27.008182526177826, -11.767365456104997 ], [ 27.007516860589828, -11.846878051634858 ], [ 26.896789551371882, -11.97480964700169 ], [ 26.827785491682278, -11.993351936396831 ], [ 26.774707794104597, -11.96343708031109 ], [ 26.718250275205222, -12.00881099728378 ], [ 26.601619719849374, -11.97150421130439 ], [ 26.559148788361078, -11.979191779830858 ], [ 26.444396973416772, -11.915170670244319 ], [ 26.408687592033928, -11.920026779066683 ], [ 26.330043792861936, -11.966118812787062 ], [ 26.212015152352581, -11.927558898878164 ], [ 26.191764831856688, -11.938959122419647 ], [ 25.989665984572714, -11.940619468767553 ], [ 25.978404998567015, -11.932859421179426 ], [ 25.987081528165177, -11.898076057318274 ], [ 25.95963287393317, -11.877524375803382 ], [ 25.918970107659526, -11.874523162767829 ], [ 25.880493164303275, -11.800423621706859 ], [ 25.82365608203774, -11.828086853279737 ], [ 25.718730927065813, -11.815708160157548 ], [ 25.645704269111913, -11.728620529168168 ], [ 25.593673706151801, -11.736433982996001 ], [ 25.577438354071965, -11.761574744832691 ], [ 25.497442245238609, -11.785125731921074 ], [ 25.483848571629462, -11.772294998169713 ], [ 25.496509552049371, -11.72646999384922 ], [ 25.494352341062871, -11.71244621317628 ], [ 25.482660361261846, -11.692889931878936 ], [ 25.495726999776402, -11.721388999656691 ], [ 25.45769599964585, -11.709646000416669 ], [ 25.417386999685469, -11.746121999884469 ], [ 25.364069999705904, -11.764945000065783 ], [ 25.314864999595237, -11.840852000373602 ], [ 25.233178999886118, -11.898218000014772 ], [ 25.201760999845451, -11.958086999969156 ], [ 25.210804999626216, -11.993683000224364 ], [ 25.191511000207676, -12.006113999715398 ], [ 25.188923999618073, -12.063892000369604 ], [ 25.165458000261687, -12.087531999656141 ], [ 25.192439999881273, -12.149411999718096 ], [ 25.17213599975177, -12.183094999888416 ], [ 25.193100999786495, -12.193016999688867 ], [ 25.167287000070182, -12.258650000151469 ], [ 25.12739299946254, -12.283106000195835 ], [ 25.118468999819669, -12.326276999937679 ], [ 25.075402999523991, -12.359721999924439 ], [ 25.065448000000384, -12.390864999873928 ], [ 25.030565000249744, -12.393732999932084 ], [ 25.009261999916546, -12.422553999821318 ], [ 24.905236999762913, -12.471179000164808 ], [ 24.881155999924641, -12.521416000202331 ], [ 24.863317000154616, -12.511754999847447 ], [ 24.881438999485422, -12.549670000024564 ], [ 24.861385000092863, -12.571737000516244 ], [ 24.875548999461937, -12.57808199993843 ], [ 24.85968700003021, -12.575185000341575 ], [ 24.852218000035855, -12.599946000061935 ], [ 24.828452999481524, -12.603436000025464 ], [ 24.834436000196437, -12.644391000098658 ], [ 24.821020000247998, -12.659404999994837 ], [ 24.835723000191489, -12.657353999841302 ], [ 24.849583999976801, -12.680129999753769 ], [ 24.864111999944026, -12.655067000495759 ], [ 24.879050999978848, -12.72529599976466 ], [ 24.905999999875277, -12.730154999907402 ], [ 24.907272000077924, -12.750178999715148 ], [ 24.925079000170903, -12.75714299980368 ], [ 24.906575999457992, -12.779872000246696 ], [ 24.946854999833558, -12.79804800026908 ], [ 24.93217600009751, -12.804347000267931 ], [ 24.938358000096809, -12.833261999995386 ], [ 24.957690999515197, -12.85556599972519 ], [ 24.983078000224715, -12.840803999758865 ], [ 24.990088999782696, -12.865450000471228 ], [ 25.008433999504657, -12.86447400042886 ], [ 25.00055499948882, -12.882878000173651 ], [ 25.018392000065933, -12.884884000050645 ], [ 24.974289999658939, -12.901573999894262 ], [ 25.004675999772754, -12.915672999863135 ], [ 24.993839000045, -12.929299000502553 ], [ 25.016252000304753, -12.956745999981996 ], [ 24.99188800000638, -12.953561999740579 ], [ 24.977662999622918, -12.976688000504902 ], [ 25.041590999700059, -13.003620999663486 ], [ 25.127356999601034, -13.01177399972439 ], [ 25.216531000180698, -12.927068000142176 ], [ 25.28989600017545, -12.913497000240451 ], [ 25.309473000054094, -12.896506000005978 ], [ 25.365963999813925, -12.928148000483919 ], [ 25.434328000312149, -12.899200000133982 ], [ 25.49094200034822, -12.899708000178148 ], [ 25.527472999654393, -12.915883999700908 ], [ 25.576640999857442, -12.974951000442399 ], [ 25.992352999666384, -12.85704899976561 ], [ 26.052149999897761, -12.907130999849846 ], [ 26.145873999860388, -12.947380999787393 ], [ 26.318478999681275, -12.960561999690617 ], [ 26.367202000047449, -12.920643999774853 ], [ 26.463608999630811, -12.938659000466581 ], [ 26.474865999841203, -12.919174000333932 ], [ 26.495388000131285, -12.933401999956416 ], [ 26.511372999839253, -12.909518000209625 ], [ 26.535171000116744, -12.909679000439601 ], [ 26.539011000032808, -12.92996699983126 ], [ 26.550625999665336, -12.925531000309499 ], [ 26.511698999584347, -12.965973000107951 ], [ 26.527092999917198, -12.962593999867282 ], [ 26.532777000333482, -12.982048000369005 ], [ 26.543917999691118, -12.970537000136529 ], [ 26.531228999993537, -12.996635000359062 ], [ 26.55572099989941, -12.998162999776701 ], [ 26.558684999888019, -12.984844999850946 ], [ 26.573584999922993, -13.01286899985854 ], [ 26.587554000192139, -12.977936999646898 ], [ 26.600106999913301, -13.020116000407176 ], [ 26.593436999892816, -13.037865000523439 ], [ 26.578268000043352, -13.033904000423364 ], [ 26.60310099948672, -13.098697999966808 ], [ 26.581051999825114, -13.088808999889515 ], [ 26.576426999681473, -13.176681999828512 ], [ 26.55157799950026, -13.200755000197184 ], [ 26.574221999620768, -13.223615000386042 ], [ 26.573485999854192, -13.265107000042102 ], [ 26.610719000056989, -13.308133000291813 ], [ 26.599591999546327, -13.322413000513645 ], [ 26.628427000081171, -13.338513000128936 ], [ 26.602258000181745, -13.368500999875327 ], [ 26.617116000078525, -13.373797000385343 ], [ 26.641835999706807, -13.351002999642802 ], [ 26.666424999589243, -13.358309000214271 ], [ 26.676132000266783, -13.317911999793038 ], [ 26.801941999598785, -13.262660000512696 ], [ 26.827150000147572, -13.317612000347621 ], [ 26.814703999964809, -13.363323000310299 ], [ 26.847822000160363, -13.383078000303554 ], [ 26.879554000292064, -13.432702999997534 ], [ 26.917958999683272, -13.417490999963761 ], [ 26.929682999845749, -13.375186999734334 ], [ 26.96933900026983, -13.364692000489514 ], [ 26.980565999996088, -13.329770999885818 ], [ 26.949230000139579, -13.25609299984615 ], [ 26.957669999945725, -13.207995999569807 ], [ 27.022008000044352, -13.154129000307201 ], [ 27.073582999730835, -13.133415000156216 ], [ 27.087040999817471, -13.022786000327736 ], [ 27.113289999808828, -13.001791000708199 ], [ 27.019911999614273, -13.001973000107952 ], [ 27.00759800012279, -12.959151000272527 ], [ 26.947088000286168, -12.942974999850446 ], [ 26.873124999694163, -12.887656000178348 ], [ 26.918088000236207, -12.821184999742027 ], [ 26.871472999954168, -12.783615000186192 ], [ 26.850974999871532, -12.741411000071679 ], [ 26.885611999969008, -12.634862000435055 ], [ 26.952274000220118, -12.625013999550522 ], [ 27.000909000125439, -12.557914999831461 ], [ 27.043954000352016, -12.532415000206177 ], [ 27.098941000002331, -12.524817000558212 ], [ 27.066111999644253, -12.481838999824065 ], [ 27.064445000111849, -12.450604000128585 ], [ 27.08495900003301, -12.414477999713998 ], [ 27.063552000299758, -12.333212999634309 ], [ 27.299686000683568, -12.367628000286068 ], [ 27.308006000351817, -12.326052000353616 ], [ 27.357624000622316, -12.317782000293162 ], [ 27.363378000669378, -12.292967000780544 ], [ 27.427785000352667, -12.257164000872026 ], [ 27.440891000394537, -12.264764000612221 ], [ 27.445669000399231, -12.247309000564007 ], [ 27.459657000645247, -12.245909000753864 ], [ 27.461151000293611, -12.263628000385992 ], [ 27.476461000350071, -12.256916000227312 ], [ 27.447948000275176, -12.269466000709448 ], [ 27.473739000729484, -12.288846000496608 ], [ 27.466880000087119, -12.302796000788888 ], [ 27.481630000399385, -12.277715000700805 ], [ 27.502817000779146, -12.283610000954862 ], [ 27.4850480006399, -12.310852000873224 ], [ 27.499206000631609, -12.317250000041552 ], [ 27.572493599575143, -12.265213919740686 ], [ 27.625606951674662, -12.260583960735282 ], [ 27.613185883396984, -12.224076270957221 ], [ 27.564601898434049, -12.209901809774784 ], [ 27.514883040994729, -12.157314301168148 ], [ 27.497251511223446, -12.06687068898519 ], [ 27.467432021945442, -12.03453064013102 ], [ 27.463191985596843, -11.927835463789705 ], [ 27.290676116684622, -11.809799194331436 ], [ 27.232048034564329, -11.786698341309487 ], [ 27.209297179696271, -11.572984694941802 ] ] ] } },
{ "type": "Feature", "properties": { "loc": "ZM-A2-0811" }, "geometry": { "type": "Polygon", "coordinates": [ [ [ 23.533154999725596, -12.994801999736335 ], [ 23.103375944766174, -12.998397929045026 ], [ 23.07379100047643, -13.02857300036751 ], [ 22.963663000369309, -13.063240000049799 ], [ 22.845915999645804, -13.199043999804584 ], [ 22.928541000388993, -13.244279000299461 ], [ 22.95602599982217, -13.272746000051699 ], [ 22.946945000133788, -13.312063000131188 ], [ 22.98494699982632, -13.315504999679828 ], [ 22.998656999842805, -13.334094999908157 ], [ 22.869654999900462, -13.399599999863939 ], [ 22.799073999687472, -13.262452000183499 ], [ 22.405512999747277, -13.3963920003144 ], [ 22.427025999872132, -13.423260000072782 ], [ 22.269490999831913, -13.607624999917649 ], [ 22.175589999800788, -13.589982000192991 ], [ 22.156302999805735, -13.569821999509507 ], [ 22.167711000684271, -13.563768000017024 ], [ 22.158926000256844, -13.535550000056295 ], [ 22.117803000530188, -13.519780000370558 ], [ 22.116207000674677, -13.502305000299362 ], [ 22.042121000705755, -13.499015999712453 ], [ 22.000270752515355, -13.476201123007257 ], [ 22.000459852062662, -13.715973386486434 ], [ 22.11732600011695, -13.764215999592544 ], [ 22.139209000217324, -13.749010999881577 ], [ 22.168642000450099, -13.768383000199137 ], [ 22.247194000424916, -13.744213999900012 ], [ 22.275659000084925, -13.751667000055845 ], [ 22.308827999934387, -13.772273999769112 ], [ 22.314546000119947, -13.793248000218872 ], [ 22.345357000047652, -13.795539999794991 ], [ 22.373228000194192, -13.828947999874131 ], [ 22.411651000415475, -13.836708999844305 ], [ 22.431789000084425, -13.867458999656947 ], [ 22.481007999941383, -13.875987999970059 ], [ 22.537224999656146, -13.929259999673084 ], [ 22.605606000039007, -13.939893999931989 ], [ 22.609436000393242, -13.956799999843955 ], [ 22.627647000231015, -13.949560999664241 ], [ 22.654904999987895, -13.979161000403684 ], [ 22.650798000349575, -13.997994000146827 ], [ 22.6659710003835, -13.984335999830366 ], [ 22.720727000173056, -13.999271999726844 ], [ 22.743503000085521, -13.924836999851498 ], [ 22.801267000094118, -13.925683000194141 ], [ 22.847750999730991, -13.87352299961058 ], [ 22.971447999647602, -13.951232000280426 ], [ 23.00014300002157, -14.008834000012927 ], [ 23.097639000361713, -13.991162999896366 ], [ 23.119854999630665, -14.031735000293866 ], [ 23.143465000231714, -14.039877999893617 ], [ 23.208486000350774, -14.018744000159318 ], [ 23.223051000225617, -13.996683999990445 ], [ 23.241513999993241, -14.068486999898964 ], [ 23.17961299986219, -14.180090999723696 ], [ 23.20018899994453, -14.184742000167011 ], [ 23.21343800028562, -14.161532000025618 ], [ 23.219584999570213, -14.192154000230763 ], [ 23.23829199979809, -14.20395400030071 ], [ 23.256805000072834, -14.182303000107206 ], [ 23.288685999881128, -14.187854999832213 ], [ 23.297541999985448, -14.165336000080178 ], [ 23.375794999661643, -14.167592999840908 ], [ 23.415771000453447, -14.108423999791594 ], [ 23.528953000202936, -14.097807000316649 ], [ 23.592518999774157, -14.04574299966354 ], [ 23.596072999991094, -13.966890000197189 ], [ 23.643166999879277, -13.889287999965063 ], [ 23.628678999958019, -13.868698000136435 ], [ 23.672848999903561, -13.846056000108156 ], [ 23.688561999658695, -13.784425999883824 ], [ 23.669781999661694, -13.73538300004925 ], [ 23.676669999842755, -13.624216999738584 ], [ 23.662020999691521, -13.579536999656646 ], [ 23.669849000053446, -13.503677999763715 ], [ 23.656447999897416, -13.422735000143978 ], [ 23.663701999869534, -13.37191400015482 ], [ 23.717826000191891, -13.290186000307505 ], [ 23.643166999879277, -13.226658999836811 ], [ 23.639272000124844, -13.184121999654398 ], [ 23.581476000439206, -13.05832500002257 ], [ 23.510971000133686, -13.070900999905058 ], [ 23.486468999766664, -13.040945999881826 ], [ 23.533154999725596, -12.994801999736335 ] ] ] } },
{ "type": "Feature", "properties": { "loc": "ZM-A2-0814" }, "geometry": { "type": "Polygon", "coordinates": [ [ [ 24.004379000065512, -12.498658000331091 ], [ 23.971403122430957, -12.514584541408112 ], [ 23.955663680808925, -12.54584026328223 ], [ 23.960239409795747, -12.609330176611024 ], [ 23.930400847695637, -12.661030769319211 ], [ 23.933135986411344, -12.704046249299608 ], [ 23.91312789920795, -12.753459929896508 ], [ 23.904987334972247, -12.845444678793513 ], [ 24.025339126674055, -12.946608543414243 ], [ 24.040287018305946, -12.990555763302496 ], [ 23.402636332047052, -12.995893049157814 ], [ 23.533154999949147, -12.994801999745391 ], [ 23.486580999759155, -13.042155999932447 ], [ 23.510971000357358, -13.070900999914159 ], [ 23.581475999763597, -13.05832500003163 ], [ 23.639272000348456, -13.184121999663489 ], [ 23.643167000102835, -13.226658999845938 ], [ 23.717826000415528, -13.290186000316623 ], [ 23.663702000093224, -13.371914000163883 ], [ 23.656448000120974, -13.422735000153125 ], [ 23.669849000277111, -13.503677999772833 ], [ 23.662020999915057, -13.57953699966572 ], [ 23.676670000066281, -13.624216999747659 ], [ 23.669781999885402, -13.735383000058391 ], [ 23.688561999882268, -13.78442599989296 ], [ 23.672849000127258, -13.846056000117301 ], [ 23.628679000181648, -13.868698000145514 ], [ 23.643167000102835, -13.889287999974158 ], [ 23.596073000214801, -13.966890000206263 ], [ 23.593748000016205, -14.036251999962815 ], [ 23.630712000404401, -14.037512999658134 ], [ 23.67814399969177, -14.013663999726759 ], [ 23.699753999793131, -14.037362999935453 ], [ 23.728209999937462, -14.032134999863274 ], [ 23.757356000425034, -13.989623999980608 ], [ 23.794980999819131, -13.98727699966679 ], [ 23.812434999821278, -13.96604700000205 ], [ 23.845044999972629, -14.007610000234308 ], [ 23.877097999618968, -13.980167000039955 ], [ 23.93257899956717, -13.999711000195418 ], [ 23.945219999749042, -13.985009000298021 ], [ 24.014421000174991, -14.013554000050021 ], [ 24.008575000381938, -13.993651000426325 ], [ 24.028596000051266, -13.997233000135793 ], [ 24.047481000393816, -13.968070999809697 ], [ 24.06189899978483, -13.969038000336411 ], [ 24.059912999930873, -13.988615000215077 ], [ 24.076179000006789, -13.984249000324041 ], [ 24.092718000081504, -13.943654999811372 ], [ 24.106125999661117, -13.944255999647567 ], [ 24.104303000129335, -13.963235999874428 ], [ 24.13576500040034, -13.969268000151033 ], [ 24.156898000088461, -13.932599999922957 ], [ 24.185755999885373, -13.935953999910112 ], [ 24.19885399955831, -13.916545999731056 ], [ 24.243625000239547, -13.903016999967576 ], [ 24.242459999575203, -13.925332000204548 ], [ 24.259921999946243, -13.914585000130614 ], [ 24.27912899984932, -13.942837999906772 ], [ 24.310330999821701, -13.942790000391199 ], [ 24.291005999872937, -13.91356499985784 ], [ 24.308421999921279, -13.915035000198031 ], [ 24.312917000365189, -13.894145000024707 ], [ 24.341949000092256, -13.923588999865444 ], [ 24.433956000015314, -13.843890000056376 ], [ 24.478043999776673, -13.677965999863943 ], [ 24.614537999703657, -13.577418999851602 ], [ 24.617883000175141, -13.519597999912435 ], [ 24.676721000248676, -13.41484499946182 ], [ 24.634370000549836, -13.34750300022796 ], [ 24.606057999851487, -13.3508859997537 ], [ 24.568288000065934, -13.284443999755467 ], [ 24.5234869997999, -13.287904000134176 ], [ 24.485963000566699, -13.226822 ], [ 24.530672000187451, -13.229455000012877 ], [ 24.537183000070115, -13.201264999544719 ], [ 24.598112000343349, -13.184207999863986 ], [ 24.608831000025305, -13.144975000060811 ], [ 24.654282999735415, -13.118781999954024 ], [ 24.634288000365586, -13.092390999709551 ], [ 24.638694000302564, -13.072812999784787 ], [ 24.673279999846898, -13.045178999775715 ], [ 24.685747000098786, -13.011620999973786 ], [ 24.71286899987922, -13.008393999548048 ], [ 24.71323300047726, -12.986082999495522 ], [ 24.736011000481994, -12.988207000317516 ], [ 24.722497000510828, -12.958994999484332 ], [ 24.735550999953489, -12.953280999483241 ], [ 24.720012000128463, -12.947885999803702 ], [ 24.730104000573931, -12.91960799977403 ], [ 24.690019000151494, -12.8689269999457 ], [ 24.688768000017944, -12.837774999581256 ], [ 24.665271000131213, -12.839567999528185 ], [ 24.657402000576667, -12.795229999929177 ], [ 24.640046999743959, -12.781393000351386 ], [ 24.647024000431884, -12.767577999989328 ], [ 24.620378000119388, -12.731310000221015 ], [ 24.625864000397939, -12.689537000197049 ], [ 24.608675000025926, -12.691532999612946 ], [ 24.591127000185679, -12.64008499948784 ], [ 24.548296999981289, -12.616977999599669 ], [ 24.549009000439696, -12.588134999595184 ], [ 24.521164999739767, -12.595292999636854 ], [ 24.531070000554848, -12.581728000011879 ], [ 24.51350900011488, -12.586035999926082 ], [ 24.492254000196738, -12.566760999585142 ], [ 24.496702000271853, -12.553566999981683 ], [ 24.45335899979267, -12.54518500015223 ], [ 24.418264000158274, -12.499908999565378 ], [ 24.335825999944632, -12.548953999492085 ], [ 24.292711000087195, -12.512930000184042 ], [ 24.148944000040387, -12.595484999497785 ], [ 24.137466000430209, -12.496766999462068 ], [ 24.004379000065512, -12.498658000331091 ] ] ] } },
{ "type": "Feature", "properties": { "loc": "ZM-A2-0902" }, "geometry": { "type": "Polygon", "coordinates": [ [ [ 26.941345000000137, -16.180816 ], [ 26.826890000000201, -16.182813 ], [ 26.721416000000129, -16.244512 ], [ 26.722475000000177, -16.380201 ], [ 26.69202800000021, -16.417079 ], [ 26.711229000000134, -16.46067 ], [ 26.699953000000185, -16.471582 ], [ 26.715873000000155, -16.503671 ], [ 26.709341000000151, -16.548313 ], [ 26.732585000000196, -16.576639 ], [ 26.769014000000134, -16.585224 ], [ 26.777030000000178, -16.631259 ], [ 26.825651000000182, -16.653701 ], [ 26.841024000000189, -16.735055 ], [ 26.801958000000202, -16.758045 ], [ 26.773326000000129, -16.736835 ], [ 26.754386000000128, -16.746643 ], [ 26.718250000000186, -16.779495 ], [ 26.691648000000121, -16.836809 ], [ 26.802110000000166, -16.869726 ], [ 26.754732000000157, -16.973138 ], [ 26.827358000000199, -17.029422 ], [ 26.853227000000189, -17.022195 ], [ 26.867946000000174, -16.997974 ], [ 26.956354000000136, -17.094202 ], [ 26.968124000000191, -17.180938 ], [ 27.001876000000145, -17.252565 ], [ 26.990951000000194, -17.303756 ], [ 26.964088000000206, -17.338035 ], [ 26.972965000000169, -17.346197 ], [ 26.957204000000122, -17.351854 ], [ 26.961839000000197, -17.383489 ], [ 26.926332000000162, -17.432077 ], [ 26.992473000000182, -17.447362 ], [ 27.063322000000188, -17.537145 ], [ 27.073528000000156, -17.401937 ], [ 27.1388320000002, -17.252603 ], [ 27.226070000000167, -17.126457 ], [ 27.354955000000157, -17.000009 ], [ 27.557855000000185, -16.756643 ], [ 27.668966000000193, -16.570577 ], [ 27.582170000000204, -16.500038 ], [ 27.535070000000193, -16.490026 ], [ 27.467073000000173, -16.494577 ], [ 27.464345000000144, -16.51247 ], [ 27.385509000000184, -16.543167 ], [ 27.360752000000186, -16.509462 ], [ 27.335750000000168, -16.516254 ], [ 27.115686000000181, -16.465509 ], [ 27.090778000000125, -16.382303 ], [ 27.138835000000181, -16.277156 ], [ 27.033952000000159, -16.339298 ], [ 26.941345000000137, -16.180816 ] ] ] } },
{ "type": "Feature", "properties": { "loc": "ZM-A2-0903" }, "geometry": { "type": "Polygon", "coordinates": [ [ [ 28.127977000000207, -16.455337000000139 ], [ 28.098281000000178, -16.33394599999987 ], [ 27.773994, -16.473846000000105 ], [ 27.605669000000258, -16.483956999999293 ], [ 27.582170000000218, -16.500038000000398 ], [ 27.6689660000002, -16.57057700000049 ], [ 27.562698000000236, -16.75002799999962 ], [ 27.406799000000216, -16.934957 ], [ 27.466617000000184, -16.930818 ], [ 27.477796000000247, -16.944213 ], [ 27.544822000000174, -16.917406000000337 ], [ 27.623962000000148, -16.961275 ], [ 27.703121000000198, -16.956678 ], [ 27.807014701745398, -16.995890564644416 ], [ 27.829584121802611, -16.962543487712811 ], [ 28.135860442997867, -16.824342728154186 ], [ 28.269706725677626, -16.717746735342466 ], [ 28.384770390608356, -16.672549406333797 ], [ 28.279838000000165, -16.509764999999391 ], [ 28.240991000000136, -16.503189 ], [ 28.233133000000194, -16.485036000000559 ], [ 28.201391000000246, -16.492467000000232 ], [ 28.150655000000203, -16.454728999999183 ], [ 28.127977000000207, -16.455337000000139 ] ] ] } },
{ "type": "Feature", "properties": { "loc": "ZM-A2-0905" }, "geometry": { "type": "Polygon", "coordinates": [ [ [ 25.489659999979644, -16.185875999553517 ], [ 25.436428000322586, -16.094592999742925 ], [ 25.365657000340921, -16.140045000352266 ], [ 25.303067999958859, -16.210452999781896 ], [ 25.295189999989137, -16.274067999814122 ], [ 25.254445999753713, -16.287051999625863 ], [ 25.231557000026161, -16.317572999669981 ], [ 25.094275999608325, -16.40900900024095 ], [ 25.008786999890763, -16.539523999808527 ], [ 25.00790000035536, -16.554861000210774 ], [ 25.101693999948768, -16.619849999753466 ], [ 25.087564000348966, -16.663985999929736 ], [ 25.219147999751016, -16.684147999806129 ], [ 25.247818999917541, -16.707995999691413 ], [ 25.228302000107849, -16.783266000301456 ], [ 25.264079999762806, -16.918758000057437 ], [ 25.24929999986573, -16.958490000388988 ], [ 25.19373300044824, -16.992961000025911 ], [ 25.164596000375745, -16.964985999579998 ], [ 25.172018000001326, -16.994018000206324 ], [ 25.156020999739976, -17.035987000275625 ], [ 25.174810000152014, -17.075718999707853 ], [ 25.090816000128932, -17.171310000332031 ], [ 25.115689999664383, -17.231914000006878 ], [ 25.079401999873024, -17.256751999680823 ], [ 25.013777999825461, -17.349051999625864 ], [ 25.034599000414168, -17.425298000278271 ], [ 24.978922999567406, -17.490179000236452 ], [ 24.965614000056686, -17.56142799977815 ], [ 25.004251479592739, -17.598987578889435 ], [ 25.043762207130783, -17.598537444823002 ], [ 25.04430580144221, -17.622411728294406 ], [ 25.059356688830754, -17.619482040139822 ], [ 25.085577011240705, -17.659530639603116 ], [ 25.104251861604759, -17.65823173528214 ], [ 25.096046448155686, -17.704448700123194 ], [ 25.127595901200507, -17.695693969976514 ], [ 25.128463745176326, -17.711759566926254 ], [ 25.153873443874964, -17.712696075039613 ], [ 25.158691406154098, -17.740667343299037 ], [ 25.193281173857716, -17.773206710696922 ], [ 25.22720718433472, -17.770612716979088 ], [ 25.303749084423337, -17.824975966643329 ], [ 25.380434036072536, -17.854381560936069 ], [ 25.458068848069512, -17.847410201695233 ], [ 25.514947890903073, -17.870933532832055 ], [ 25.55706214856993, -17.84201240512418 ], [ 25.621748751973954, -17.847212519018321 ], [ 25.61787899978664, -17.738981000248746 ], [ 25.762750000382841, -17.749822000160961 ], [ 25.7889000003054, -17.700629999750468 ], [ 25.866112999685814, -17.703850999899508 ], [ 25.887163000043046, -17.666230999836554 ], [ 25.9191549995742, -17.651814999638304 ], [ 25.994946999974697, -17.670200000305552 ], [ 26.026671999783591, -17.694699999681021 ], [ 26.02019100038499, -17.726408999651394 ], [ 25.975026999567007, -17.750658000042449 ], [ 25.967880000032604, -17.785750999584746 ], [ 25.926255999685267, -17.835013999672128 ], [ 25.923910000316891, -17.900135999952219 ], [ 25.862918806528327, -17.969026550810455 ], [ 25.916193007771721, -18.000152587747507 ], [ 25.974378585673819, -18.006057738649503 ], [ 26.045526505014823, -17.974760056207408 ], [ 26.091333388895411, -17.98476028443536 ], [ 26.10396957410719, -17.930795670059908 ], [ 26.225788115999382, -17.888444900587473 ], [ 26.252256393188624, -17.922735213834834 ], [ 26.397506195425208, -17.940386998137235 ], [ 26.320912999805724, -17.84431799975167 ], [ 26.244497000306946, -17.822480999973951 ], [ 26.207856999571501, -17.758407000358563 ], [ 26.249174000150617, -17.70874699994987 ], [ 26.242978999551816, -17.694240000051742 ], [ 26.291722999987087, -17.596060999691165 ], [ 26.263405999957563, -17.570327000066783 ], [ 26.257262999958112, -17.478229000443797 ], [ 26.170147999900905, -17.475033999695111 ], [ 26.110855000428558, -17.570065999721891 ], [ 26.075211999804576, -17.527945999883769 ], [ 26.093739999871726, -17.42351099970865 ], [ 26.058897000167054, -17.428872999664986 ], [ 26.028344999592687, -17.391274999717243 ], [ 25.961731999802577, -17.377029000164008 ], [ 26.016916000443693, -17.268602000257886 ], [ 26.13700999968237, -17.153546999570157 ], [ 26.179969000439648, -17.134330000105201 ], [ 26.174508999561311, -17.080785000403228 ], [ 26.257871000117191, -17.014244000336127 ], [ 26.267351000219115, -16.953116999925388 ], [ 26.249264999850492, -16.866598000373202 ], [ 26.138258999723689, -16.875196000270979 ], [ 26.148810999798432, -16.84969100041512 ], [ 26.128950000312894, -16.832667999604279 ], [ 26.103733000248393, -16.70824400033613 ], [ 26.093565999941575, -16.695484000062336 ], [ 26.028707000098606, -16.690380000312548 ], [ 25.995029000158858, -16.497312000224412 ], [ 26.010904000190084, -16.475129999825413 ], [ 25.997600000010621, -16.430039999721991 ], [ 25.692935000420562, -16.554275000166907 ], [ 25.693864000094159, -16.51110200033283 ], [ 25.663632999933629, -16.463423999593687 ], [ 25.679510000057086, -16.38175000043795 ], [ 25.702578999991484, -16.354840999688168 ], [ 25.675363000372798, -16.326122000006077 ], [ 25.668985000328131, -16.28885600008012 ], [ 25.693411999934479, -16.237660999930984 ], [ 25.683786000294308, -16.179488999993136 ], [ 25.614671000237099, -16.172985000433204 ], [ 25.562519000022462, -16.187281999640351 ], [ 25.533280999788939, -16.170985999979695 ], [ 25.489659999979644, -16.185875999553517 ] ] ] } },
{ "type": "Feature", "properties": { "loc": "ZM-A2-0906" }, "geometry": { "type": "Polygon", "coordinates": [ [ [ 25.936113000014295, -17.656426999989243 ], [ 25.889532000400855, -17.66431799965914 ], [ 25.866112999614597, -17.703850999806981 ], [ 25.788900000234179, -17.700629999657941 ], [ 25.76275000031162, -17.749822000068434 ], [ 25.617878999715419, -17.738981000156215 ], [ 25.621748751902736, -17.847212518925794 ], [ 25.700988770115003, -17.815689086865053 ], [ 25.706670761445839, -17.839715958308012 ], [ 25.842233658356005, -17.894292831132436 ], [ 25.860250472980301, -17.93058395426926 ], [ 25.849716186851897, -17.94977569627455 ], [ 25.862918807356429, -17.969026550717928 ], [ 25.879407000232231, -17.964242000051446 ], [ 25.924667000081346, -17.898245999936133 ], [ 25.928711999558487, -17.828651000226664 ], [ 25.967879999961387, -17.785751000391539 ], [ 25.975027000395109, -17.750657999949922 ], [ 26.01441300005926, -17.736585000280723 ], [ 26.027481000147397, -17.700386000097012 ], [ 25.99494699990348, -17.670200000213026 ], [ 25.936113000014295, -17.656426999989243 ] ] ] } },
{ "type": "Feature", "properties": { "loc": "ZM-A2-0908" }, "geometry": { "type": "Polygon", "coordinates": [ [ [ 27.270111000000206, -15.719079 ], [ 27.202806000000155, -15.733547 ], [ 27.177286000000176, -15.825773 ], [ 27.180414000000173, -16.015304 ], [ 27.086296000000186, -16.049154 ], [ 27.082384000000157, -16.10511 ], [ 27.031854000000209, -16.223468 ], [ 26.993694000000133, -16.253025 ], [ 27.033952000000159, -16.339298 ], [ 27.138835000000181, -16.277156 ], [ 27.090778000000125, -16.382303 ], [ 27.115686000000181, -16.465509 ], [ 27.335750000000168, -16.516254 ], [ 27.360752000000186, -16.509462 ], [ 27.386377000000149, -16.543125 ], [ 27.464345000000144, -16.51247 ], [ 27.467073000000173, -16.494577 ], [ 27.582170000000204, -16.500038 ], [ 27.605669000000209, -16.483957 ], [ 27.773994000000133, -16.473846 ], [ 28.098281000000156, -16.333946 ], [ 27.842914000000139, -16.265829 ], [ 27.622259000000192, -16.130136 ], [ 27.597578000000176, -16.043111 ], [ 27.569353000000206, -16.046384 ], [ 27.270111000000206, -15.719079 ] ] ] } },
{ "type": "Feature", "properties": { "loc": "ZM-A2-0909" }, "geometry": { "type": "Polygon", "coordinates": [ [ [ 27.205635000000193, -15.724412 ], [ 27.190410000000174, -15.689002 ], [ 27.161087000000126, -15.672724 ], [ 27.168279000000204, -15.64678 ], [ 27.143503000000145, -15.611717 ], [ 27.117584000000193, -15.630769 ], [ 27.061796000000136, -15.587053 ], [ 27.042802000000197, -15.601739 ], [ 27.006252000000195, -15.59686 ], [ 26.986389000000209, -15.619176 ], [ 26.965915000000205, -15.565423 ], [ 26.944484000000156, -15.563632 ], [ 26.84850800000018, -15.586885 ], [ 26.842575000000178, -15.614803 ], [ 26.811229000000168, -15.612125 ], [ 26.824865000000162, -15.658164 ], [ 26.722532000000186, -15.67899 ], [ 26.697984000000162, -15.657773 ], [ 26.700391000000188, -15.6868 ], [ 26.674280000000159, -15.666623 ], [ 26.656568000000156, -15.706583 ], [ 26.632862000000166, -15.672533 ], [ 26.579057000000137, -15.701848 ], [ 26.564874000000181, -15.639525 ], [ 26.44431300000014, -15.673617 ], [ 26.387990000000137, -15.729681 ], [ 26.325870000000194, -15.733036 ], [ 26.310190000000187, -15.720861 ], [ 26.305160000000203, -15.736413 ], [ 26.347997000000188, -15.780987 ], [ 26.420745000000199, -15.939255 ], [ 26.393980000000148, -16.01004 ], [ 26.298618000000172, -16.101163 ], [ 26.416742000000191, -16.305395 ], [ 26.512697000000205, -16.290517 ], [ 26.596351000000194, -16.328018 ], [ 26.713699000000133, -16.347154 ], [ 26.723035000000149, -16.241872 ], [ 26.826890000000201, -16.182813 ], [ 26.941345000000137, -16.180816 ], [ 26.993694000000133, -16.253025 ], [ 27.031854000000209, -16.223468 ], [ 27.082384000000157, -16.10511 ], [ 27.086296000000186, -16.049154 ], [ 27.180414000000173, -16.015304 ], [ 27.177286000000176, -15.825773 ], [ 27.205635000000193, -15.724412 ] ] ] } },
{ "type": "Feature", "properties": { "loc": "ZM-A2-0910" }, "geometry": { "type": "Polygon", "coordinates": [ [ [ 27.257410000000124, -15.721233 ], [ 27.207216000000177, -15.469234 ], [ 26.97792400000014, -15.463356 ], [ 27.006830000000146, -15.351549 ], [ 26.826057000000201, -15.329854 ], [ 26.385005000000159, -15.329174 ], [ 25.988113000000144, -15.287853 ], [ 25.3152040000002, -15.283681 ], [ 25.339498000000169, -15.350006 ], [ 25.304660000000244, -15.386058 ], [ 25.306171000000209, -15.450634 ], [ 25.28720800000017, -15.470046 ], [ 25.261438000000201, -15.461436 ], [ 25.240196000000246, -15.479553 ], [ 25.278852000000239, -15.525197 ], [ 25.213962000000166, -15.594134 ], [ 25.221221000000192, -15.617161 ], [ 25.274097000000182, -15.634961 ], [ 25.28576600000023, -15.656414 ], [ 25.282302000000232, -15.676093 ], [ 25.258377000000241, -15.676704 ], [ 25.241548000000201, -15.701036 ], [ 25.286174000000148, -15.760967 ], [ 25.311410000000166, -15.766358 ], [ 25.363943000000198, -15.714306 ], [ 25.399124000000171, -15.746772 ], [ 25.401485000000211, -15.77971 ], [ 25.376237000000177, -15.823843 ], [ 25.389385000000207, -15.853348 ], [ 25.343021000000164, -15.927762 ], [ 25.354488000000195, -15.959871999999898 ], [ 25.325450000000192, -16.006069 ], [ 25.329116000000205, -16.051158 ], [ 25.36773600000015, -16.069353 ], [ 25.366321000000134, -16.082801 ], [ 25.393037000000216, -16.077224 ], [ 25.439245000000142, -16.095678 ], [ 25.489660000000168, -16.185876 ], [ 25.533281000000184, -16.170986 ], [ 25.562519000000126, -16.187282 ], [ 25.614671000000165, -16.172985 ], [ 25.68378600000014, -16.179489 ], [ 25.693412000000169, -16.237661 ], [ 25.668985000000209, -16.288856 ], [ 25.675363000000171, -16.326122 ], [ 25.702579000000146, -16.354841 ], [ 25.679510000000192, -16.38175 ], [ 25.663633000000139, -16.463424 ], [ 25.693864000000175, -16.511102 ], [ 25.692935000000137, -16.554275 ], [ 26.145948000000139, -16.364191 ], [ 26.416742000000191, -16.305395 ], [ 26.298618000000172, -16.101163 ], [ 26.393980000000148, -16.01004 ], [ 26.420745000000199, -15.939255 ], [ 26.347997000000188, -15.780987 ], [ 26.305160000000203, -15.736413 ], [ 26.310190000000187, -15.720861 ], [ 26.325870000000194, -15.733036 ], [ 26.387990000000137, -15.729681 ], [ 26.44431300000014, -15.673617 ], [ 26.564874000000181, -15.639525 ], [ 26.579057000000137, -15.701848 ], [ 26.632862000000166, -15.672533 ], [ 26.656568000000156, -15.706583 ], [ 26.674280000000159, -15.666623 ], [ 26.700391000000188, -15.6868 ], [ 26.697984000000162, -15.657773 ], [ 26.722532000000186, -15.67899 ], [ 26.824865000000162, -15.658164 ], [ 26.811229000000168, -15.612125 ], [ 26.842575000000178, -15.614803 ], [ 26.84850800000018, -15.586885 ], [ 26.944484000000156, -15.563632 ], [ 26.965915000000205, -15.565423 ], [ 26.986389000000209, -15.619176 ], [ 27.006252000000195, -15.59686 ], [ 27.042802000000197, -15.601739 ], [ 27.061796000000136, -15.587053 ], [ 27.117584000000193, -15.630769 ], [ 27.143503000000145, -15.611717 ], [ 27.168279000000204, -15.64678 ], [ 27.161087000000126, -15.672724 ], [ 27.190410000000174, -15.689002 ], [ 27.204874000000199, -15.735923 ], [ 27.257410000000124, -15.721233 ] ] ] } },
{ "type": "Feature", "properties": { "loc": "ZM-A2-0911" }, "geometry": { "type": "Polygon", "coordinates": [ [ [ 28.60292200039143, -15.901931000173075 ], [ 28.562904000360707, -15.924756999693781 ], [ 28.530697999954121, -15.977704999743231 ], [ 28.521998999895366, -16.04521699962223 ], [ 28.426858000237932, -16.086143000156422 ], [ 28.41431199994026, -16.119432000144101 ], [ 28.466710999854104, -16.154412999917422 ], [ 28.407536999574273, -16.249909999804032 ], [ 28.098280999609752, -16.333945999965287 ], [ 28.127977000279724, -16.455336999660123 ], [ 28.150655000169468, -16.454729000400334 ], [ 28.201390999836129, -16.492466999609807 ], [ 28.233133000428985, -16.485035999569387 ], [ 28.240991000375725, -16.503189000329609 ], [ 28.27983800036483, -16.509764999612077 ], [ 28.384770390608356, -16.672549406333797 ], [ 28.64225196784685, -16.57113838215076 ], [ 28.735692978141291, -16.554319381754901 ], [ 28.819629668815509, -16.479469298626682 ], [ 28.819150924616874, -16.442306519287779 ], [ 28.848957061660393, -16.378086090258165 ], [ 28.824247360168965, -16.304475783987225 ], [ 28.858680724976907, -16.252056122149895 ], [ 28.834930420244046, -16.22270774812176 ], [ 28.86307525585973, -16.123216628801764 ], [ 28.847219467146083, -16.095245361441716 ], [ 28.858545303264549, -16.071050644129222 ], [ 28.844093322989838, -16.057029724199694 ], [ 28.918883734937818, -15.943439112981954 ], [ 28.825261999583041, -15.944293000379661 ], [ 28.804569000400402, -15.961358999575431 ], [ 28.788278000071067, -15.952156999703364 ], [ 28.77945499968985, -15.967989999596199 ], [ 28.750314000332228, -15.955022999669646 ], [ 28.73417799995611, -15.965125999722494 ], [ 28.671543000150717, -15.903614000443747 ], [ 28.60292200039143, -15.901931000173075 ] ] ] } },
{ "type": "Feature", "properties": { "loc": "ZM-A2-0912" }, "geometry": { "type": "Polygon", "coordinates": [ [ [ 27.703120999727183, -16.956677999610079 ], [ 27.623961999639398, -16.961275000260994 ], [ 27.544822000427818, -16.917405999806896 ], [ 27.4777959995785, -16.944213000349492 ], [ 27.466617000267195, -16.930817999571207 ], [ 27.406798999966711, -16.934956999785648 ], [ 27.226069999623597, -17.126457000410113 ], [ 27.13883200018946, -17.252602999948525 ], [ 27.083865999708909, -17.365548999606755 ], [ 27.067514000163776, -17.535389999668663 ], [ 26.99325500031085, -17.634982999585521 ], [ 26.95545900022546, -17.7571940002228 ], [ 26.709758000224308, -17.754642000347978 ], [ 26.737809999724504, -17.783790000028361 ], [ 26.72756500031733, -17.825869999820732 ], [ 26.749783999724592, -17.84579000022875 ], [ 26.74793599993923, -17.873763999728581 ], [ 26.791399999702996, -17.880113000234694 ], [ 26.833324000395095, -17.985618000289911 ], [ 26.892621993802791, -17.988668442214561 ], [ 27.01132011392491, -17.953620910596474 ], [ 27.037767409930819, -17.964733123554556 ], [ 27.149515151995459, -17.848665237130692 ], [ 27.147096633995297, -17.801635742015801 ], [ 27.31098174970079, -17.599485396853616 ], [ 27.559709549348991, -17.408563614438901 ], [ 27.617288589389716, -17.339084624575715 ], [ 27.639974594145048, -17.230329514215953 ], [ 27.807014701745398, -16.995890564644416 ], [ 27.703120999727183, -16.956677999610079 ] ] ] } },
{ "type": "Feature", "properties": { "loc": "ZM-A2-0916" }, "geometry": { "type": "Polygon", "coordinates": [ [ [ 26.51269700000023, -16.290516999999852 ], [ 26.14594800000026, -16.364191 ], [ 25.997600000000148, -16.430039999999849 ], [ 26.010904000000323, -16.47513 ], [ 25.995029, -16.497312 ], [ 26.028707000000225, -16.690379999999834 ], [ 26.093566000000294, -16.695484 ], [ 26.103733000000204, -16.708244 ], [ 26.128950000000202, -16.832667999999899 ], [ 26.148811000000194, -16.849691 ], [ 26.138259000000176, -16.875196 ], [ 26.249265000000207, -16.86659799999984 ], [ 26.267515000000117, -16.956832 ], [ 26.249223, -17.028921 ], [ 26.167303000000231, -17.093772 ], [ 26.179969000000199, -17.13433 ], [ 26.137010000000203, -17.153547 ], [ 26.016916000000208, -17.268601999999873 ], [ 25.961732000000211, -17.377029 ], [ 26.028345000000286, -17.391275 ], [ 26.058897000000229, -17.428872999999896 ], [ 26.093740000000309, -17.423511 ], [ 26.075212, -17.527945999999872 ], [ 26.110855000000299, -17.570066 ], [ 26.170148000000268, -17.475034 ], [ 26.257263, -17.478229 ], [ 26.263406000000145, -17.570327 ], [ 26.292224000000147, -17.59309 ], [ 26.242978999827585, -17.694240000133277 ], [ 26.249174000426308, -17.708747000031337 ], [ 26.208046999615817, -17.755742999896825 ], [ 26.244496999683349, -17.822481000055404 ], [ 26.320913000081362, -17.844317999833152 ], [ 26.397506195700885, -17.940386998218742 ], [ 26.514192580969336, -17.987651825228909 ], [ 26.561792373965432, -17.990371704248105 ], [ 26.601999282887164, -18.052753447770783 ], [ 26.690286635566281, -18.079473494663375 ], [ 26.746124267967105, -18.028362273557434 ], [ 26.824529647871543, -18.012897491183651 ], [ 26.836025722055865, -17.988036425697828 ], [ 26.818634000105476, -17.925576999636121 ], [ 26.791932999954497, -17.908016000095643 ], [ 26.791399999656733, -17.880113000272047 ], [ 26.747935999893002, -17.873763999766084 ], [ 26.749783999678357, -17.845790000265652 ], [ 26.727565000271056, -17.825869999857957 ], [ 26.737809999678291, -17.783790000065835 ], [ 26.709758000178113, -17.754642000385331 ], [ 26.955459000179246, -17.757194000260256 ], [ 26.993255000264469, -17.634982999623105 ], [ 27.06187800011611, -17.542242000025624 ], [ 26.992473000175437, -17.447361999813836 ], [ 26.926331999668548, -17.432077000010906 ], [ 26.961839000316161, -17.383488999575036 ], [ 26.957203999711339, -17.351854000319236 ], [ 26.972964999881356, -17.346197000248708 ], [ 26.964087999707829, -17.338034999772788 ], [ 26.990951000000337, -17.303756 ], [ 27.001876000000266, -17.252565 ], [ 26.968124000000216, -17.180938 ], [ 26.956354000000147, -17.094202 ], [ 26.867946000000302, -16.997973999999886 ], [ 26.853227000000118, -17.02219499999984 ], [ 26.827358000000231, -17.029421999999897 ], [ 26.754732000000217, -16.973138 ], [ 26.802110000000198, -16.869726 ], [ 26.691648, -16.836809 ], [ 26.718250000000239, -16.779495 ], [ 26.754386000000181, -16.746642999999835 ], [ 26.773326000000168, -16.736835 ], [ 26.801958000000241, -16.758045 ], [ 26.841024000000118, -16.735055 ], [ 26.825651000000221, -16.653700999999899 ], [ 26.777030000000195, -16.631259 ], [ 26.769014000000254, -16.585223999999869 ], [ 26.732585000000256, -16.576639 ], [ 26.709341000000279, -16.548313 ], [ 26.715873000000215, -16.503671 ], [ 26.699953000000107, -16.471582 ], [ 26.711229000000174, -16.46067 ], [ 26.692028000000221, -16.417079 ], [ 26.722475000000202, -16.380201 ], [ 26.722204000000147, -16.343105 ], [ 26.596351000000254, -16.328018 ], [ 26.51269700000023, -16.290516999999852 ] ] ] } },
{ "type": "Feature", "properties": { "loc": "ZM-A2-0917" }, "geometry": { "type": "Polygon", "coordinates": [ [ [ 27.568376000133696, -15.474298999903283 ], [ 27.536588000125676, -15.474410999787665 ], [ 27.50374700000026, -15.541648 ], [ 27.447635000000218, -15.58743 ], [ 27.436588000000143, -15.571723 ], [ 27.415157000000249, -15.579812 ], [ 27.398227000000134, -15.556667999999888 ], [ 27.375528000000315, -15.617527 ], [ 27.353874, -15.611453 ], [ 27.332389000000205, -15.647765 ], [ 27.31628000000012, -15.639244999999846 ], [ 27.303226, -15.655051999999898 ], [ 27.300083000000257, -15.739541999999858 ], [ 27.569353000000319, -16.046384 ], [ 27.597578000000283, -16.04311099999984 ], [ 27.622259000000327, -16.130136 ], [ 27.842914000000178, -16.265829 ], [ 28.09828100000027, -16.333946 ], [ 28.407537000000161, -16.249909999999886 ], [ 28.466711000000259, -16.154413 ], [ 28.41431200000028, -16.119432 ], [ 28.425672000000191, -16.088241 ], [ 28.521999000000164, -16.045217 ], [ 28.534725000000265, -15.968085 ], [ 28.591371000000265, -15.9052 ], [ 28.460002000000259, -15.834486 ], [ 28.443355000000281, -15.84578 ], [ 28.417175000000213, -15.804035 ], [ 28.349327, -15.777525999999853 ], [ 28.302375000000154, -15.804223999999863 ], [ 28.274805000000185, -15.796045 ], [ 28.228492000000188, -15.837097 ], [ 28.186866000000236, -15.812842999999873 ], [ 28.174804000000165, -15.787611 ], [ 28.122789000000182, -15.776697 ], [ 28.07678, -15.744991999999854 ], [ 28.035310000000266, -15.746068 ], [ 28.022768000000269, -15.717907 ], [ 27.984724000000199, -15.710761999999875 ], [ 27.963022000000308, -15.748552 ], [ 27.9219760000002, -15.760373999999899 ], [ 27.887376000000302, -15.711443 ], [ 27.830791000000204, -15.746682 ], [ 27.805227000000343, -15.742691 ], [ 27.803640000000314, -15.717003 ], [ 27.836002, -15.696859 ], [ 27.831245000000308, -15.662467 ], [ 27.771613999950659, -15.655664999923601 ], [ 27.756683000117903, -15.63946700010473 ], [ 27.724832000006018, -15.671732999892811 ], [ 27.703900999873269, -15.656249999922522 ], [ 27.672869999783074, -15.676231000183805 ], [ 27.672347999887847, -15.650056000095788 ], [ 27.641730999900631, -15.629610999927479 ], [ 27.665305999843781, -15.59839600009127 ], [ 27.656110000045828, -15.566032999865342 ], [ 27.628861999948356, -15.543973999803825 ], [ 27.626248999953305, -15.512309999956926 ], [ 27.567890000169371, -15.506834000048286 ], [ 27.568376000133696, -15.474298999903283 ] ] ] } },
{ "type": "Feature", "properties": { "loc": "ZM-A2-1001" }, "geometry": { "type": "Polygon", "coordinates": [ [ [ 22.532956999894427, -14.246929999846548 ], [ 22.000691999564925, -14.009140999584396 ], [ 21.999664324477791, -16.197865007590959 ], [ 22.441419000015635, -15.735076999730685 ], [ 22.930666999611141, -15.515378000021617 ], [ 22.942398000096425, -15.496452999633158 ], [ 22.886923999571721, -15.358945999585146 ], [ 22.881619999592104, -15.260463999640804 ], [ 22.843087999740195, -15.236609000332033 ], [ 22.818994000201744, -15.191122999953418 ], [ 22.81751000011521, -15.149625000020666 ], [ 22.937102999632526, -15.194684999639954 ], [ 22.968735999695426, -15.116796999708702 ], [ 22.946330999804594, -15.105250999660838 ], [ 22.944467000180712, -15.057814000142924 ], [ 22.969608000337743, -15.011278999952818 ], [ 22.985606999792005, -14.906607999686369 ], [ 23.010064999928602, -14.887181000429758 ], [ 22.876849999956331, -14.730503000340125 ], [ 22.924216999843466, -14.66998099995012 ], [ 22.906100999890029, -14.653378999668032 ], [ 22.905705999660952, -14.596366000117744 ], [ 22.861615999807341, -14.516592000447394 ], [ 22.877686999883935, -14.496108000111048 ], [ 22.874813000448409, -14.427099000445446 ], [ 22.842816999833474, -14.377587999713349 ], [ 22.753066999671095, -14.341511999805878 ], [ 22.672086000097625, -14.271565000051643 ], [ 22.628892000194451, -14.284192999634158 ], [ 22.625121999909165, -14.26799199985784 ], [ 22.532956999894427, -14.246929999846548 ] ] ] } },
{ "type": "Feature", "properties": { "loc": "ZM-A2-1007" }, "geometry": { "type": "Polygon", "coordinates": [ [ [ 23.68475100000018, -14.829442 ], [ 23.683216000000183, -14.610404 ], [ 23.633636000000145, -14.638096 ], [ 23.5155290000002, -14.755817 ], [ 23.41217200000014, -14.74746 ], [ 23.338283000000136, -14.802487 ], [ 23.325195000000186, -14.805985 ], [ 23.321620000000152, -14.781767 ], [ 23.304872000000152, -14.803326 ], [ 23.259552000000159, -14.788416 ], [ 23.250062000000192, -14.815767 ], [ 23.22029300000019, -14.829566 ], [ 23.170829000000158, -14.808173 ], [ 23.176425000000165, -14.78145 ], [ 23.156242000000169, -14.797348 ], [ 23.036588000000123, -14.819069 ], [ 23.000900000000122, -14.863204 ], [ 23.009746000000185, -14.891347 ], [ 22.985607000000162, -14.906608 ], [ 22.969608000000139, -15.011279 ], [ 22.944467000000166, -15.057814 ], [ 22.946331000000207, -15.105251 ], [ 22.968736000000199, -15.116797 ], [ 22.937103000000157, -15.194685 ], [ 22.907167000000193, -15.193199 ], [ 22.859741000000209, -15.155269 ], [ 22.817510000000183, -15.149625 ], [ 22.817276000000184, -15.176206 ], [ 22.843088000000165, -15.236609 ], [ 22.881620000000201, -15.260464 ], [ 22.886924000000207, -15.358946 ], [ 22.913316000000126, -15.438053 ], [ 22.941209000000161, -15.468132 ], [ 22.930667000000192, -15.515378 ], [ 23.098270000000152, -15.442482 ], [ 23.10629200000016, -15.463821 ], [ 23.117855000000141, -15.45263 ], [ 23.218242000000131, -15.46126 ], [ 23.364629000000157, -15.418931 ], [ 23.569223000000193, -15.737721 ], [ 23.873193000000146, -15.817584 ], [ 24.022487000000179, -15.499538 ], [ 24.122808000000127, -15.325963 ], [ 23.68475100000018, -14.829442 ] ] ] } },
{ "type": "Feature", "properties": { "loc": "ZM-A2-1012" }, "geometry": { "type": "Polygon", "coordinates": [ [ [ 24.606401000000353, -15.487598999999886 ], [ 24.122808000000127, -15.325963 ], [ 24.022487000000179, -15.499538 ], [ 23.873193000000146, -15.817584 ], [ 23.569223000000193, -15.737721 ], [ 23.364629000000157, -15.418931 ], [ 23.218242000000131, -15.46126 ], [ 23.117855000000141, -15.45263 ], [ 23.10629200000016, -15.463821 ], [ 23.092359000000194, -15.4439 ], [ 22.491586000000162, -15.711376 ], [ 22.526662000000151, -15.799077 ], [ 22.724914000000183, -16.01968 ], [ 22.769378000000138, -16.045419 ], [ 22.890661000000144, -16.071392 ], [ 23.065998000000175, -16.081638 ], [ 23.106485000000141, -16.111583 ], [ 23.102272000000166, -16.128429 ], [ 23.13658900000015, -16.176155 ], [ 23.220886000000139, -16.204956 ], [ 23.284549000000208, -16.338151 ], [ 23.328975000000128, -16.344333 ], [ 23.382488000000155, -16.381576 ], [ 23.408725000000128, -16.452632 ], [ 23.449497000000139, -16.487371 ], [ 23.486326000000133, -16.550838 ], [ 23.487192000000199, -16.581056 ], [ 23.576236000000204, -16.645557 ], [ 23.568016000000156, -16.662857 ], [ 23.613887000000176, -16.665275 ], [ 23.635629000000201, -16.701166 ], [ 23.690195000000134, -16.726181 ], [ 23.696834000000198, -16.70556 ], [ 23.859218000000169, -16.6567 ], [ 23.903646000000165, -16.56751 ], [ 23.976390000000201, -16.499961 ], [ 24.051206000000168, -16.383314 ], [ 24.099599000000136, -16.278171 ], [ 24.107524000000733, -16.059258999999571 ], [ 24.132448000000782, -16.018105999999566 ], [ 24.230266000000665, -15.939376999999666 ], [ 24.309949000000628, -15.823561999999736 ], [ 24.332462000000586, -15.779596999999768 ], [ 24.342586000000608, -15.660750999999784 ], [ 24.3657510000006, -15.656317999999814 ], [ 24.385450000000606, -15.617491999999789 ], [ 24.423429000000539, -15.624008999999795 ], [ 24.464431000000484, -15.60293099999982 ], [ 24.543064000000435, -15.517786999999828 ], [ 24.606401000000353, -15.487598999999886 ] ] ] } },
{ "type": "Feature", "properties": { "loc": "ZM-A2-1014" }, "geometry": { "type": "Polygon", "coordinates": [ [ [ 22.491586000395177, -15.711376000282876 ], [ 22.441418999988432, -15.735076999684477 ], [ 22.033922000401571, -16.158320999695068 ], [ 22.003162384138292, -16.207984923845849 ], [ 22.07500266993884, -16.267107009861306 ], [ 22.06937980723389, -16.29505538857601 ], [ 22.108549117949007, -16.343202590807607 ], [ 22.139661789161813, -16.481452941680605 ], [ 22.126020431699136, -16.497436523157706 ], [ 22.154310226337447, -16.500106811760645 ], [ 22.225772858032546, -16.576847076212285 ], [ 22.263328552072593, -16.586421967380581 ], [ 22.283151627147447, -16.624134064316305 ], [ 22.315710068266611, -16.635971068790482 ], [ 22.355211257595034, -16.699224472112387 ], [ 22.496778488038366, -16.817882538229245 ], [ 22.515964507657475, -16.857179641707788 ], [ 22.58305740367781, -16.907163620185614 ], [ 22.693004607678077, -17.021463393601422 ], [ 22.692733765152713, -17.039365767696712 ], [ 22.720163344764124, -17.04676055923311 ], [ 22.737052916760273, -17.081218719249183 ], [ 22.789991378600817, -17.121232986194048 ], [ 22.807123183889399, -17.173355102836418 ], [ 22.902875899704583, -17.208574295248216 ], [ 22.984094619772456, -17.26691627514667 ], [ 23.060121535681901, -17.344738006734314 ], [ 23.084785460781962, -17.410156249991633 ], [ 23.125940438601933, -17.426438611433461 ], [ 23.220962000197723, -17.344233999680032 ], [ 23.36172800034851, -17.150443999571614 ], [ 23.443843000055981, -16.962531999832617 ], [ 23.477364999996325, -16.934639999616977 ], [ 23.580992999828652, -16.907771999858596 ], [ 23.601188000327525, -16.849520999874933 ], [ 23.690195000400522, -16.726181000233662 ], [ 23.635629000379637, -16.701165999591897 ], [ 23.613886999586935, -16.665275000121849 ], [ 23.568016000339718, -16.66285700013114 ], [ 23.576235999893054, -16.645557000036213 ], [ 23.48719199991244, -16.58105599961538 ], [ 23.486326000446137, -16.550838000054348 ], [ 23.449496999988131, -16.487370999652601 ], [ 23.408725000260127, -16.452632000247302 ], [ 23.38248799992283, -16.381575999713306 ], [ 23.328974999897902, -16.344332999948676 ], [ 23.284548999838044, -16.338150999949377 ], [ 23.220886000290253, -16.204956 ], [ 23.136588999784088, -16.176155000133839 ], [ 23.102272000054331, -16.12842899987913 ], [ 23.106485000084259, -16.111583000036113 ], [ 23.065998000009266, -16.08163799957471 ], [ 22.890661000106643, -16.071392000121399 ], [ 22.769377999996276, -16.045419000267337 ], [ 22.724913999982686, -16.019680000412379 ], [ 22.526662000052834, -15.799077000383949 ], [ 22.491586000395177, -15.711376000282876 ] ] ] } },
{ "type": "Feature", "properties": { "loc": "ZM-A2-1018" }, "geometry": { "type": "Polygon", "coordinates": [ [ [ 24.676374000000749, -13.960123999999837 ], [ 24.636501000000692, -13.975724999999898 ], [ 24.653467000000774, -14.005024999999819 ], [ 24.610317000000293, -14.09789 ], [ 24.626123000000177, -14.179654 ], [ 24.608350000000257, -14.282094 ], [ 24.469083000000126, -14.345331 ], [ 24.414873, -14.456372 ], [ 24.248062000000175, -14.522854999999879 ], [ 24.239299000000244, -14.510152999999889 ], [ 24.209859000000279, -14.51333 ], [ 24.208658000000241, -14.493289999999888 ], [ 24.190830000000233, -14.498143 ], [ 24.189628000000255, -14.480458999999883 ], [ 24.158279000000221, -14.472191 ], [ 24.137001000000225, -14.438622 ], [ 24.092550000000301, -14.445858 ], [ 24.086221000000307, -14.423783 ], [ 24.039005000000202, -14.422336 ], [ 24.003913000000296, -14.402795 ], [ 23.947326000000203, -14.405298 ], [ 23.870262000000309, -14.448557999999878 ], [ 23.819385000000182, -14.444108 ], [ 23.801441000000182, -14.468007999999884 ], [ 23.774080000000254, -14.449995 ], [ 23.766166000000226, -14.473505999999873 ], [ 23.747524000000169, -14.475539999999853 ], [ 23.749099000000285, -14.516377 ], [ 23.683216000000243, -14.610404 ], [ 23.684751000000233, -14.829442 ], [ 24.122808000000248, -15.325963 ], [ 24.60640100000029, -15.487598999999818 ], [ 24.692543000000455, -15.546167999999852 ], [ 24.817562000000294, -15.760927 ], [ 24.917013000000281, -15.781202999999891 ], [ 24.967573000000129, -15.82732199999981 ], [ 25.025127000000111, -16.004706999999826 ], [ 25.105825000000323, -16.054526999999837 ], [ 25.222639000000243, -16.047667999999874 ], [ 25.385160000000269, -16.106097999999861 ], [ 25.436428000000262, -16.094592999999861 ], [ 25.366321000000255, -16.082801 ], [ 25.367736000000264, -16.069353 ], [ 25.32911600000034, -16.051157999999873 ], [ 25.323787, -16.013689 ], [ 25.354488000000117, -15.959872 ], [ 25.343021000000135, -15.927762 ], [ 25.389385000000232, -15.853348 ], [ 25.376237000000231, -15.823843 ], [ 25.401485000000264, -15.77971 ], [ 25.399124000000143, -15.746772 ], [ 25.36394300000012, -15.714305999999851 ], [ 25.311410000000137, -15.766357999999855 ], [ 25.286174000000187, -15.760967 ], [ 25.241548000000137, -15.701036 ], [ 25.25837700000028, -15.676704 ], [ 25.282302000000243, -15.676093 ], [ 25.285766000000365, -15.65641399999987 ], [ 25.274097000000324, -15.634960999999862 ], [ 25.221221000000128, -15.617161 ], [ 25.213962, -15.594133999999826 ], [ 25.278852000000256, -15.525197 ], [ 25.240196000000367, -15.479553 ], [ 25.261438000000226, -15.461436 ], [ 25.287208000000305, -15.470046 ], [ 25.306171000000234, -15.450634 ], [ 25.304660000000297, -15.386058 ], [ 25.339498000000106, -15.350005999999894 ], [ 25.315204000000335, -15.283680999999831 ], [ 25.335281000000236, -15.245548999999869 ], [ 25.317686000000151, -15.184143999999833 ], [ 25.371597000000349, -15.141926999999896 ], [ 25.425466000000256, -15.131814 ], [ 25.417478000000301, -15.077832999999885 ], [ 25.435581000000127, -15.075262 ], [ 25.472017000000221, -15.001953 ], [ 25.434040000000209, -14.903201 ], [ 25.453878000000259, -14.817353999999852 ], [ 25.49369600000017, -14.784793 ], [ 25.4978, -14.731224999999881 ], [ 25.47778800000026, -14.70343 ], [ 25.546854000000224, -14.580899 ], [ 25.575084000000288, -14.571081999999876 ], [ 25.590438000000233, -14.535284 ], [ 25.52017200000023, -14.537042 ], [ 25.431409000000258, -14.584396 ], [ 25.258840000000191, -14.597127 ], [ 25.140848000000176, -14.632383999999831 ], [ 25.052923000000305, -14.625513999999839 ], [ 25.012397000000419, -14.603631 ], [ 24.974168000000475, -14.557811999999899 ], [ 24.980928000000233, -14.508777999999893 ], [ 25.070724000000212, -14.423834 ], [ 25.083675000000312, -14.361846999999898 ], [ 25.114181000000144, -14.342535 ], [ 25.103715000000363, -14.31473 ], [ 25.133321000000365, -14.304243999999869 ], [ 25.13458200000025, -14.283546999999885 ], [ 25.109935000000405, -14.283906999999829 ], [ 25.103578000000198, -14.241855999999871 ], [ 25.088401000000147, -14.24135299999989 ], [ 25.093996000000175, -14.214514999999835 ], [ 24.994283000000337, -14.215334 ], [ 24.901264000000367, -14.165047999999842 ], [ 24.815494000000456, -14.153798999999879 ], [ 24.788839000000507, -14.124237999999878 ], [ 24.764734000000544, -14.130001 ], [ 24.736894000000632, -14.09873999999985 ], [ 24.744714000000556, -14.025017999999818 ], [ 24.726097000000436, -14.025443999999879 ], [ 24.727102000000457, -14.004999999999882 ], [ 24.676374000000749, -13.960123999999837 ] ] ] } },
{ "type": "Feature", "properties": { "loc": "ZM-A2-1019" }, "geometry": { "type": "Polygon", "coordinates": [ [ [ 22.000459851890639, -13.715973386309088 ], [ 22.000729401190881, -14.057753549732865 ], [ 22.000692000185722, -14.009140999603801 ], [ 22.536264000133599, -14.251128000103392 ], [ 22.625121999630494, -14.267991999877268 ], [ 22.628891999915766, -14.284192999653555 ], [ 22.672085999818989, -14.271565000071007 ], [ 22.753067000291878, -14.341511999825229 ], [ 22.842816999554941, -14.377587999732725 ], [ 22.874813000169752, -14.427098999565487 ], [ 22.877686999605373, -14.496108000130448 ], [ 22.861616000428057, -14.516591999567481 ], [ 22.905706000281782, -14.596366000137095 ], [ 22.906100999611567, -14.653378999687391 ], [ 22.924216999564862, -14.669980999969482 ], [ 22.876849999677859, -14.730503000359533 ], [ 23.001599999590269, -14.869809999777942 ], [ 23.042594000000179, -14.815236 ], [ 23.074932000000274, -14.818819 ], [ 23.176425000000279, -14.78145 ], [ 23.170829000000197, -14.808173 ], [ 23.220293000000311, -14.829565999999886 ], [ 23.250062000000128, -14.815767 ], [ 23.259552000000213, -14.788416 ], [ 23.304872000000273, -14.803326 ], [ 23.32162000000028, -14.781767 ], [ 23.325195000000122, -14.805984999999851 ], [ 23.33828300000016, -14.802486999999871 ], [ 23.412172000000282, -14.74746 ], [ 23.508312000000217, -14.756158 ], [ 23.538265000000195, -14.745635999999877 ], [ 23.633636, -14.638095999999848 ], [ 23.702840000000322, -14.59611 ], [ 23.715133000000321, -14.551498 ], [ 23.749099000000285, -14.516377 ], [ 23.747524000000169, -14.475539999999853 ], [ 23.766166000000226, -14.473505999999873 ], [ 23.777042000000222, -14.448718999999869 ], [ 23.801441000000182, -14.468007999999884 ], [ 23.819385000000182, -14.444108 ], [ 23.870262000000309, -14.448557999999878 ], [ 23.947326000000203, -14.405298 ], [ 24.003913000000296, -14.402795 ], [ 24.039005000000202, -14.422336 ], [ 24.086221000000307, -14.423783 ], [ 24.092550000000301, -14.445858 ], [ 24.137001000000225, -14.438622 ], [ 24.158279000000221, -14.472191 ], [ 24.189628000000255, -14.480458999999883 ], [ 24.190830000000233, -14.498143 ], [ 24.208658000000241, -14.493289999999888 ], [ 24.209859000000279, -14.51333 ], [ 24.239299000000244, -14.510152999999889 ], [ 24.248062000000175, -14.522854999999879 ], [ 24.414873, -14.456372 ], [ 24.469083000000126, -14.345331 ], [ 24.608350000000257, -14.282094 ], [ 24.626123000000177, -14.179654 ], [ 24.610317000000293, -14.09789 ], [ 24.639759000000595, -14.021697 ], [ 24.620145000000605, -13.992032999999822 ], [ 24.625652000000798, -13.965758999999878 ], [ 24.602209000000755, -13.954997999999819 ], [ 24.589069000000848, -13.965695999999809 ], [ 24.600755000000674, -13.987194999999815 ], [ 24.561491000000728, -13.986198999999829 ], [ 24.564474000000814, -13.969634999999869 ], [ 24.49342700000102, -13.908245999999735 ], [ 24.471284000001049, -13.940805999999839 ], [ 24.48369000000099, -13.953681999999731 ], [ 24.463134000001048, -13.962131999999713 ], [ 24.440507000001162, -13.949693999999738 ], [ 24.423612000001242, -13.967144999999732 ], [ 24.412094000001048, -13.944765999999845 ], [ 24.386314000001278, -13.960723999999743 ], [ 24.335086000001354, -13.943583999999817 ], [ 24.341949000003297, -13.923588999999481 ], [ 24.317653000004043, -13.895315999999355 ], [ 24.3084220000041, -13.91503499999925 ], [ 24.291006000004245, -13.91356499999938 ], [ 24.311616000004051, -13.933462999999335 ], [ 24.297462000004259, -13.947265999999388 ], [ 24.259922000004678, -13.914584999999306 ], [ 24.24246000000494, -13.925331999999287 ], [ 24.24362500000467, -13.903016999999181 ], [ 24.19885400000544, -13.91654599999913 ], [ 24.185756000005654, -13.935953999999128 ], [ 24.156898000005867, -13.93259999999907 ], [ 24.135765000006131, -13.969267999998976 ], [ 24.10430300000678, -13.963235999998858 ], [ 24.106126000006782, -13.944255999998859 ], [ 24.092718000006926, -13.943654999998785 ], [ 24.07617900000713, -13.984248999998783 ], [ 24.059913000007441, -13.988614999998731 ], [ 24.061899000007429, -13.969037999998704 ], [ 24.047481000007679, -13.968070999998702 ], [ 24.028596000008122, -13.997232999998573 ], [ 24.008575000008364, -13.993650999998579 ], [ 24.014421000008383, -14.013553999998521 ], [ 23.94522000000984, -13.985008999998342 ], [ 23.93257900000998, -13.999710999998172 ], [ 23.877098000011529, -13.980166999997948 ], [ 23.845045000012249, -14.007609999997783 ], [ 23.826847000013061, -13.969749999997816 ], [ 23.807725000013647, -13.966393999997706 ], [ 23.794981000013991, -13.987276999997619 ], [ 23.757356000015193, -13.98962399999732 ], [ 23.728210000016134, -14.03213499999714 ], [ 23.699754000017151, -14.037362999996901 ], [ 23.678144000018051, -14.013663999996879 ], [ 23.630712000019969, -14.037512999996522 ], [ 23.593748000019389, -14.036251999996637 ], [ 23.528953000008244, -14.097806999998511 ], [ 23.415771000010636, -14.108423999998024 ], [ 23.375795000011294, -14.167592999997851 ], [ 23.297542000013209, -14.165335999997467 ], [ 23.288686000013399, -14.187854999997455 ], [ 23.25680500001431, -14.182302999997205 ], [ 23.238292000014667, -14.203953999997054 ], [ 23.219585000015286, -14.192153999997004 ], [ 23.213438000015572, -14.161531999996953 ], [ 23.200189000015939, -14.184741999996845 ], [ 23.179612999690107, -14.180091000445657 ], [ 23.241513999821336, -14.068486999721586 ], [ 23.223051000053715, -13.996683999813115 ], [ 23.208486000178766, -14.018743999981893 ], [ 23.143465000059734, -14.039877999716225 ], [ 23.119855000357973, -14.031735000116441 ], [ 23.097639000189758, -13.991162999718938 ], [ 23.000142999849686, -14.008833999835531 ], [ 22.971448000375005, -13.951232000103005 ], [ 22.847751000458402, -13.873523000332568 ], [ 22.801266999922177, -13.925683000016704 ], [ 22.743502999913517, -13.924836999674142 ], [ 22.720727000001148, -13.999271999549478 ], [ 22.665971000211528, -13.984335999652956 ], [ 22.650798000177531, -13.997993999969424 ], [ 22.654904999815869, -13.97916100022627 ], [ 22.627647000058971, -13.949561000386211 ], [ 22.609436000221251, -13.956799999666543 ], [ 22.605605999867066, -13.939893999754645 ], [ 22.537225000383444, -13.929260000395061 ], [ 22.481007999769361, -13.875987999792642 ], [ 22.431788999912442, -13.867459000378915 ], [ 22.411651000243523, -13.836708999666939 ], [ 22.373228000022209, -13.828947999696709 ], [ 22.345356999875662, -13.795539999617574 ], [ 22.314545999947882, -13.793248000041501 ], [ 22.3088279997624, -13.772273999591732 ], [ 22.275658999912878, -13.75166699987841 ], [ 22.247194000252932, -13.74421399972266 ], [ 22.168642000278112, -13.768383000021799 ], [ 22.139209000045298, -13.74901099970424 ], [ 22.117325999944967, -13.764216000314491 ], [ 22.000459851890639, -13.715973386309088 ] ] ] } },
{ "type": "Feature", "properties": { "loc": "ZM-A2-1020" }, "geometry": { "type": "Polygon", "coordinates": [ [ [ 24.704816000000392, -15.564660999999887 ], [ 24.60640100000029, -15.487598999999818 ], [ 24.543064000000356, -15.517786999999828 ], [ 24.464431000000502, -15.602930999999842 ], [ 24.42342900000051, -15.624008999999717 ], [ 24.385450000000617, -15.6174919999998 ], [ 24.365751000000728, -15.656317999999828 ], [ 24.342586000000722, -15.660750999999721 ], [ 24.332462000000646, -15.779596999999683 ], [ 24.309949000000756, -15.823561999999754 ], [ 24.230266000000711, -15.939376999999695 ], [ 24.116621000000805, -16.038399999999513 ], [ 24.098024000000748, -16.137694999999496 ], [ 24.099599000408375, -16.278170999864187 ], [ 23.976389999613616, -16.499960999772782 ], [ 23.905397000186213, -16.565027000168357 ], [ 23.859218000225383, -16.656699999977491 ], [ 23.694046999684019, -16.707747999643004 ], [ 23.601188000040963, -16.849521000366337 ], [ 23.580993000441424, -16.907772000350008 ], [ 23.477364999709835, -16.934640000108402 ], [ 23.448944000280221, -16.956921999723022 ], [ 23.361728000061873, -17.150444000063032 ], [ 23.220961999911083, -17.344234000171468 ], [ 23.125940438315411, -17.42643861102556 ], [ 23.141763686859349, -17.467979431278195 ], [ 23.187244415412238, -17.482866286822173 ], [ 23.231363296993379, -17.54320335422392 ], [ 23.337673186682991, -17.554527282880258 ], [ 23.391607285262751, -17.58243560758973 ], [ 23.42989158574278, -17.636276245025158 ], [ 24.236989975321933, -17.478088379447684 ], [ 24.333124161065996, -17.49943733243947 ], [ 24.39263534505983, -17.476387024014457 ], [ 24.474313735605165, -17.492105483553757 ], [ 24.514581679715491, -17.548393250020922 ], [ 24.60184287985976, -17.542686461683388 ], [ 24.63202476534542, -17.521059036317979 ], [ 24.720617293967678, -17.500225066606049 ], [ 24.788581847988667, -17.533555983994006 ], [ 24.880020141830869, -17.533180237350564 ], [ 24.905096053554814, -17.556423186853124 ], [ 24.934715271007747, -17.547948837441425 ], [ 24.949739455726103, -17.570339202664513 ], [ 24.965615311012527, -17.561429892547949 ], [ 24.978923000211125, -17.490178999933391 ], [ 25.03459900015838, -17.425297999975157 ], [ 25.013777999569868, -17.349052000222173 ], [ 25.079401999617232, -17.256752000277061 ], [ 25.115690000308007, -17.231913999703863 ], [ 25.090815999873314, -17.171310000028939 ], [ 25.174809999896297, -17.075719000304105 ], [ 25.156021000383589, -17.035986999972522 ], [ 25.172018, -16.994018 ], [ 25.164596000000302, -16.964985999999897 ], [ 25.193733, -16.992960999999866 ], [ 25.249300000000289, -16.95849 ], [ 25.264080000000149, -16.918758 ], [ 25.228302000000156, -16.783265999999855 ], [ 25.247819000000163, -16.707996 ], [ 25.219148000000189, -16.68414799999988 ], [ 25.087564000000214, -16.663986 ], [ 25.101694000000293, -16.61985 ], [ 25.007900000000291, -16.554860999999846 ], [ 25.008787000000325, -16.539524 ], [ 25.094276000000264, -16.409008999999855 ], [ 25.23155700000018, -16.317573 ], [ 25.254446, -16.287051999999846 ], [ 25.295190000000275, -16.274067999999886 ], [ 25.295778000000269, -16.228902 ], [ 25.328805000000159, -16.17218199999985 ], [ 25.436428000000262, -16.094592999999861 ], [ 25.385160000000269, -16.106097999999861 ], [ 25.222639000000243, -16.047667999999874 ], [ 25.105825000000323, -16.054526999999837 ], [ 25.025127000000111, -16.004706999999826 ], [ 24.967573000000129, -15.82732199999981 ], [ 24.917013000000281, -15.781202999999891 ], [ 24.817562000000294, -15.760927 ], [ 24.704816000000392, -15.564660999999887 ] ] ] } }
]
}
