{
"type": "FeatureCollection",
"name": "regions_SE",
"crs": { "type": "name", "properties": { "name": "urn:ogc:def:crs:OGC:1.3:CRS84" } },
"features": [
{ "type": "Feature", "properties": { "loc": "SE224" }, "geometry": { "type": "MultiPolygon", "coordinates": [ [ [ [ 12.899313, 56.449004 ], [ 12.949893, 56.440211 ], [ 12.962127, 56.42692 ], [ 12.964309, 56.387726 ], [ 12.954894, 56.369499 ], [ 12.991745, 56.35797 ], [ 13.143685, 56.352723 ], [ 13.175849, 56.342053 ], [ 13.196878, 56.324633 ], [ 13.229151, 56.333413 ], [ 13.25832, 56.361094 ], [ 13.297852, 56.381897 ], [ 13.345084, 56.391058 ], [ 13.385874, 56.412858 ], [ 13.462637, 56.428188 ], [ 13.500446, 56.406291 ], [ 13.517735, 56.411578 ], [ 13.541652, 56.404335 ], [ 13.696168, 56.424747 ], [ 13.778977, 56.446042 ], [ 13.868368, 56.440012 ], [ 13.907388, 56.45647 ], [ 14.019475, 56.470581 ], [ 14.049097, 56.495511 ], [ 14.066116, 56.523825 ], [ 14.091276, 56.53056 ], [ 14.11161, 56.525444 ], [ 14.132453, 56.507523 ], [ 14.175756, 56.496149 ], [ 14.231227, 56.49324 ], [ 14.272405, 56.503184 ], [ 14.51467, 56.460037 ], [ 14.474468, 56.411855 ], [ 14.417662, 56.397926 ], [ 14.418699, 56.372552 ], [ 14.392832, 56.305352 ], [ 14.426309, 56.287102 ], [ 14.431611, 56.245214 ], [ 14.443848, 56.229505 ], [ 14.460409, 56.227216 ], [ 14.47163, 56.23515 ], [ 14.512221, 56.219151 ], [ 14.563983, 56.221635 ], [ 14.579007, 56.177865 ], [ 14.583734, 56.128839 ], [ 14.576735, 56.098748 ], [ 14.52257, 56.04011 ], [ 14.474021, 56.031729 ], [ 14.458188, 56.009704 ], [ 14.409564, 55.97602 ], [ 14.338185, 55.953846 ], [ 14.318213, 55.918261 ], [ 14.262637, 55.886493 ], [ 14.220263, 55.826818 ], [ 14.199975, 55.767375 ], [ 14.201981, 55.716287 ], [ 14.268109, 55.670541 ], [ 14.286843, 55.622719 ], [ 14.330843, 55.583672 ], [ 14.354911, 55.543612 ], [ 14.338958, 55.506567 ], [ 14.246084, 55.439113 ], [ 14.200116, 55.391672 ], [ 14.159399, 55.379053 ], [ 14.060788, 55.383246 ], [ 13.975205, 55.419926 ], [ 13.921152, 55.432636 ], [ 13.832183, 55.421876 ], [ 13.715529, 55.425938 ], [ 13.64096, 55.415182 ], [ 13.584563, 55.388369 ], [ 13.486304, 55.379831 ], [ 13.348895, 55.339064 ], [ 13.273739, 55.345051 ], [ 13.15419, 55.369976 ], [ 13.068109, 55.372258 ], [ 12.968938, 55.397195 ], [ 12.825001, 55.38993 ], [ 12.833053, 55.414133 ], [ 12.851219, 55.42701 ], [ 12.903653, 55.413079 ], [ 12.941645, 55.424211 ], [ 12.959561, 55.458786 ], [ 12.910228, 55.523221 ], [ 12.904233, 55.568029 ], [ 12.932268, 55.594468 ], [ 13.042027, 55.643391 ], [ 13.056115, 55.670194 ], [ 13.050618, 55.683874 ], [ 13.0021, 55.720655 ], [ 12.917206, 55.751459 ], [ 12.926859, 55.792691 ], [ 12.907343, 55.833748 ], [ 12.870938, 55.856158 ], [ 12.817067, 55.865528 ], [ 12.805454, 55.8952 ], [ 12.748175, 55.982102 ], [ 12.704257, 56.015756 ], [ 12.666957, 56.070414 ], [ 12.572901, 56.147956 ], [ 12.531241, 56.239167 ], [ 12.489291, 56.287039 ], [ 12.522627, 56.291515 ], [ 12.630079, 56.262398 ], [ 12.702083, 56.226814 ], [ 12.787526, 56.225683 ], [ 12.82017, 56.249739 ], [ 12.823246, 56.275434 ], [ 12.770015, 56.306906 ], [ 12.724722, 56.361788 ], [ 12.639526, 56.393579 ], [ 12.630948, 56.425263 ], [ 12.660591, 56.452346 ], [ 12.713662, 56.468219 ], [ 12.752792, 56.464605 ], [ 12.843565, 56.436493 ], [ 12.899313, 56.449004 ] ] ], [ [ [ 12.71874, 55.89266 ], [ 12.69803, 55.891443 ], [ 12.665644, 55.918631 ], [ 12.702531, 55.919761 ], [ 12.725094, 55.909891 ], [ 12.71874, 55.89266 ] ] ], [ [ [ 12.556484, 56.456599 ], [ 12.566213, 56.442901 ], [ 12.584404, 56.437997 ], [ 12.564123, 56.429311 ], [ 12.540087, 56.451403 ], [ 12.556484, 56.456599 ] ] ] ] } },
{ "type": "Feature", "properties": { "loc": "SE231" }, "geometry": { "type": "MultiPolygon", "coordinates": [ [ [ [ 13.100761, 57.145515 ], [ 13.084463, 57.126903 ], [ 13.083257, 57.09659 ], [ 13.089974, 57.078622 ], [ 13.116402, 57.059112 ], [ 13.125845, 57.02964 ], [ 13.191275, 57.050593 ], [ 13.180378, 57.06131 ], [ 13.225811, 57.077349 ], [ 13.232065, 57.095311 ], [ 13.264265, 57.091326 ], [ 13.358805, 57.112902 ], [ 13.426984, 57.111915 ], [ 13.457542, 57.100416 ], [ 13.489502, 57.110661 ], [ 13.49787, 57.10483 ], [ 13.499535, 57.077818 ], [ 13.525494, 57.085832 ], [ 13.60135, 57.060395 ], [ 13.605087, 57.042629 ], [ 13.592667, 57.032281 ], [ 13.603706, 57.010081 ], [ 13.632412, 56.988877 ], [ 13.681201, 56.972114 ], [ 13.691919, 56.95988 ], [ 13.687082, 56.929767 ], [ 13.658575, 56.913236 ], [ 13.584285, 56.891251 ], [ 13.527462, 56.888541 ], [ 13.484314, 56.872098 ], [ 13.447595, 56.877638 ], [ 13.36046, 56.859265 ], [ 13.34006, 56.870545 ], [ 13.335183, 56.83932 ], [ 13.300658, 56.821788 ], [ 13.317565, 56.782192 ], [ 13.317288, 56.690455 ], [ 13.36132, 56.666366 ], [ 13.405949, 56.590201 ], [ 13.436942, 56.568999 ], [ 13.461197, 56.517633 ], [ 13.450726, 56.471954 ], [ 13.464486, 56.444119 ], [ 13.462637, 56.428188 ], [ 13.385874, 56.412858 ], [ 13.345084, 56.391058 ], [ 13.297852, 56.381897 ], [ 13.25832, 56.361094 ], [ 13.229151, 56.333413 ], [ 13.196878, 56.324633 ], [ 13.175849, 56.342053 ], [ 13.143685, 56.352723 ], [ 12.991745, 56.35797 ], [ 12.954894, 56.369499 ], [ 12.964309, 56.387726 ], [ 12.962127, 56.42692 ], [ 12.949893, 56.440211 ], [ 12.899313, 56.449004 ], [ 12.930316, 56.495093 ], [ 12.941239, 56.540255 ], [ 12.931689, 56.583565 ], [ 12.910942, 56.612543 ], [ 12.838349, 56.654374 ], [ 12.778614, 56.646006 ], [ 12.728429, 56.655162 ], [ 12.637216, 56.738857 ], [ 12.609684, 56.802795 ], [ 12.587032, 56.830197 ], [ 12.50503, 56.878343 ], [ 12.413574, 56.904512 ], [ 12.368895, 56.926404 ], [ 12.340778, 57.004625 ], [ 12.277782, 57.051555 ], [ 12.216032, 57.126903 ], [ 12.212048, 57.165799 ], [ 12.179832, 57.191908 ], [ 12.195749, 57.214762 ], [ 12.143098, 57.218606 ], [ 12.112936, 57.234867 ], [ 12.110807, 57.262741 ], [ 12.149964, 57.286281 ], [ 12.158651, 57.302148 ], [ 12.137953, 57.331441 ], [ 12.082387, 57.347292 ], [ 12.109862, 57.38371 ], [ 12.093008, 57.437259 ], [ 12.072887, 57.451263 ], [ 12.058746, 57.44942 ], [ 11.999987, 57.359698 ], [ 11.937341, 57.37719 ], [ 11.913143, 57.4326 ], [ 11.92221, 57.476005 ], [ 11.937058, 57.498708 ], [ 11.923014, 57.536172 ], [ 11.922901, 57.562223 ], [ 11.983775, 57.563996 ], [ 12.015623, 57.547007 ], [ 12.076029, 57.551271 ], [ 12.203481, 57.572506 ], [ 12.277912, 57.594395 ], [ 12.335818, 57.562477 ], [ 12.315801, 57.518965 ], [ 12.342285, 57.488018 ], [ 12.327751, 57.460535 ], [ 12.398381, 57.4366 ], [ 12.416451, 57.399485 ], [ 12.395996, 57.377529 ], [ 12.386795, 57.344162 ], [ 12.400022, 57.328651 ], [ 12.427379, 57.318762 ], [ 12.423836, 57.301159 ], [ 12.434527, 57.271605 ], [ 12.50758, 57.284465 ], [ 12.539859, 57.317652 ], [ 12.600939, 57.343834 ], [ 12.636729, 57.330994 ], [ 12.664861, 57.339412 ], [ 12.698512, 57.327588 ], [ 12.758553, 57.27634 ], [ 12.807577, 57.298441 ], [ 12.840285, 57.269767 ], [ 12.92909, 57.262946 ], [ 12.949974, 57.241446 ], [ 12.919689, 57.220549 ], [ 12.914138, 57.185711 ], [ 12.920001, 57.178114 ], [ 13.024546, 57.180393 ], [ 13.027438, 57.156695 ], [ 13.056581, 57.148793 ], [ 13.090975, 57.157523 ], [ 13.100761, 57.145515 ] ] ], [ [ [ 12.182073, 57.168873 ], [ 12.174137, 57.155881 ], [ 12.154378, 57.159878 ], [ 12.159168, 57.169972 ], [ 12.182073, 57.168873 ] ] ], [ [ [ 12.127552, 57.314009 ], [ 12.125351, 57.298242 ], [ 12.10618, 57.295798 ], [ 12.103847, 57.301965 ], [ 12.092488, 57.29991 ], [ 12.081705, 57.285205 ], [ 12.071486, 57.290046 ], [ 12.089897, 57.311445 ], [ 12.106549, 57.306629 ], [ 12.127552, 57.314009 ] ] ], [ [ [ 12.106003, 57.21843 ], [ 12.085341, 57.216092 ], [ 12.083777, 57.222226 ], [ 12.088092, 57.228064 ], [ 12.106003, 57.21843 ] ] ], [ [ [ 12.071538, 57.420015 ], [ 12.059517, 57.414696 ], [ 12.052204, 57.42273 ], [ 12.072708, 57.431626 ], [ 12.071538, 57.420015 ] ] ], [ [ [ 12.059442, 57.387949 ], [ 12.063639, 57.378196 ], [ 12.056511, 57.382152 ], [ 12.059442, 57.387949 ] ] ], [ [ [ 12.04647, 57.373419 ], [ 12.052521, 57.366363 ], [ 12.059966, 57.371094 ], [ 12.061707, 57.363367 ], [ 12.042452, 57.362054 ], [ 12.03951, 57.369753 ], [ 12.04647, 57.373419 ] ] ], [ [ [ 12.056302, 57.383049 ], [ 12.052925, 57.378096 ], [ 12.046886, 57.383966 ], [ 12.047704, 57.385731 ], [ 12.056302, 57.383049 ] ] ], [ [ [ 11.972714, 57.344553 ], [ 11.966716, 57.333455 ], [ 11.949834, 57.33924 ], [ 11.953198, 57.346188 ], [ 11.972714, 57.344553 ] ] ], [ [ [ 11.889834, 57.51685 ], [ 11.874887, 57.509316 ], [ 11.867234, 57.523253 ], [ 11.871123, 57.52645 ], [ 11.889834, 57.51685 ] ] ] ] } },
{ "type": "Feature", "properties": { "loc": "SE213" }, "geometry": { "type": "MultiPolygon", "coordinates": [ [ [ [ 16.473537, 56.23473 ], [ 16.403522, 56.203441 ], [ 16.40627, 56.248519 ], [ 16.395839, 56.275899 ], [ 16.405281, 56.402455 ], [ 16.378908, 56.434469 ], [ 16.374899, 56.520041 ], [ 16.410707, 56.594588 ], [ 16.455034, 56.632876 ], [ 16.49711, 56.713186 ], [ 16.633027, 56.87328 ], [ 16.6554, 56.883655 ], [ 16.718836, 56.889271 ], [ 16.746913, 56.946734 ], [ 16.778547, 56.985745 ], [ 16.815777, 57.015654 ], [ 16.839374, 57.057641 ], [ 16.895862, 57.117608 ], [ 16.91434, 57.158248 ], [ 16.912356, 57.196118 ], [ 16.950593, 57.229345 ], [ 16.974685, 57.300622 ], [ 17.019225, 57.33958 ], [ 17.059279, 57.359341 ], [ 17.076374, 57.360076 ], [ 17.101645, 57.342355 ], [ 17.123697, 57.342124 ], [ 17.131227, 57.315263 ], [ 17.085903, 57.296213 ], [ 17.062654, 57.272973 ], [ 17.075172, 57.226021 ], [ 17.066058, 57.182888 ], [ 17.037907, 57.158804 ], [ 16.959496, 57.053845 ], [ 16.918466, 57.033513 ], [ 16.928825, 57.008772 ], [ 16.890622, 56.974998 ], [ 16.900715, 56.959216 ], [ 16.887279, 56.914911 ], [ 16.863156, 56.882174 ], [ 16.854872, 56.839086 ], [ 16.781802, 56.790561 ], [ 16.703285, 56.631203 ], [ 16.694912, 56.591583 ], [ 16.640155, 56.548314 ], [ 16.633422, 56.517433 ], [ 16.570726, 56.405785 ], [ 16.561917, 56.362934 ], [ 16.473537, 56.23473 ] ] ], [ [ [ 16.801496, 57.256659 ], [ 16.800318, 57.244974 ], [ 16.780398, 57.251948 ], [ 16.789756, 57.259827 ], [ 16.801496, 57.256659 ] ] ], [ [ [ 16.792204, 57.832497 ], [ 16.786622, 57.803161 ], [ 16.771176, 57.807623 ], [ 16.766548, 57.813449 ], [ 16.782313, 57.817025 ], [ 16.778449, 57.832896 ], [ 16.792204, 57.832497 ] ] ], [ [ [ 15.421051, 57.704879 ], [ 15.441321, 57.717626 ], [ 15.443526, 57.747103 ], [ 15.549306, 57.773674 ], [ 15.548127, 57.791009 ], [ 15.601422, 57.825432 ], [ 15.60689, 57.853584 ], [ 15.68166, 57.858668 ], [ 15.763125, 57.850958 ], [ 15.823358, 57.818278 ], [ 15.888784, 57.828779 ], [ 15.939942, 57.805966 ], [ 16.060099, 57.87279 ], [ 16.057768, 57.902462 ], [ 16.030075, 57.922794 ], [ 16.021233, 57.942438 ], [ 16.034647, 57.957216 ], [ 16.078525, 57.978073 ], [ 15.997835, 58.022368 ], [ 16.012749, 58.053439 ], [ 15.99497, 58.071955 ], [ 16.002291, 58.081412 ], [ 16.06662, 58.071047 ], [ 16.120316, 58.083072 ], [ 16.147615, 58.065309 ], [ 16.165992, 58.064093 ], [ 16.175321, 58.103329 ], [ 16.205579, 58.108035 ], [ 16.262282, 58.138959 ], [ 16.329029, 58.119906 ], [ 16.375766, 58.131062 ], [ 16.40421, 58.129091 ], [ 16.486058, 58.09391 ], [ 16.543206, 58.109891 ], [ 16.563413, 58.100112 ], [ 16.602198, 58.053439 ], [ 16.604579, 58.034878 ], [ 16.630516, 58.003566 ], [ 16.714254, 57.974152 ], [ 16.761163, 57.989358 ], [ 16.79071, 57.984235 ], [ 16.771033, 57.876459 ], [ 16.720879, 57.875045 ], [ 16.697425, 57.887805 ], [ 16.648131, 57.873794 ], [ 16.614738, 57.905244 ], [ 16.601026, 57.940581 ], [ 16.520711, 57.982661 ], [ 16.51369, 57.978886 ], [ 16.520882, 57.966547 ], [ 16.572564, 57.932611 ], [ 16.575687, 57.904095 ], [ 16.513969, 57.89819 ], [ 16.499889, 57.886507 ], [ 16.555592, 57.836654 ], [ 16.668613, 57.770678 ], [ 16.679105, 57.73658 ], [ 16.70889, 57.706751 ], [ 16.703574, 57.685304 ], [ 16.675006, 57.671697 ], [ 16.62319, 57.678522 ], [ 16.646669, 57.545187 ], [ 16.688989, 57.50982 ], [ 16.688027, 57.468696 ], [ 16.706335, 57.446842 ], [ 16.636074, 57.382068 ], [ 16.576593, 57.366463 ], [ 16.55898, 57.321365 ], [ 16.49109, 57.278006 ], [ 16.490958, 57.238042 ], [ 16.469385, 57.199319 ], [ 16.46815, 57.180578 ], [ 16.505317, 57.128238 ], [ 16.553985, 57.089267 ], [ 16.561153, 57.054879 ], [ 16.508066, 57.042572 ], [ 16.468777, 57.000802 ], [ 16.449802, 56.992236 ], [ 16.454587, 56.930206 ], [ 16.410019, 56.797443 ], [ 16.373622, 56.744606 ], [ 16.361667, 56.672866 ], [ 16.330033, 56.650923 ], [ 16.282601, 56.647587 ], [ 16.243392, 56.619753 ], [ 16.212644, 56.54078 ], [ 16.108682, 56.429248 ], [ 16.077125, 56.355117 ], [ 16.049872, 56.321888 ], [ 16.003572, 56.298912 ], [ 15.947392, 56.316883 ], [ 15.837561, 56.324916 ], [ 15.800877, 56.347008 ], [ 15.736283, 56.411992 ], [ 15.679799, 56.426267 ], [ 15.655947, 56.45776 ], [ 15.606393, 56.470501 ], [ 15.573968, 56.496269 ], [ 15.526568, 56.501686 ], [ 15.501959, 56.47542 ], [ 15.390557, 56.498524 ], [ 15.372061, 56.494607 ], [ 15.363504, 56.482376 ], [ 15.346035, 56.490191 ], [ 15.361105, 56.559094 ], [ 15.377617, 56.558688 ], [ 15.385664, 56.57245 ], [ 15.373567, 56.603503 ], [ 15.410334, 56.63928 ], [ 15.415029, 56.713186 ], [ 15.39357, 56.722331 ], [ 15.364048, 56.758784 ], [ 15.368995, 56.778082 ], [ 15.440074, 56.780634 ], [ 15.449868, 56.795445 ], [ 15.539739, 56.808799 ], [ 15.552417, 56.828553 ], [ 15.540858, 56.859573 ], [ 15.553265, 56.87631 ], [ 15.520942, 56.905094 ], [ 15.541145, 56.925789 ], [ 15.600124, 56.922743 ], [ 15.6636, 56.904161 ], [ 15.701117, 56.913574 ], [ 15.796671, 56.912146 ], [ 15.833771, 56.949662 ], [ 15.833332, 56.983005 ], [ 15.812952, 57.007124 ], [ 15.719084, 57.07392 ], [ 15.669788, 57.09153 ], [ 15.645128, 57.109077 ], [ 15.635285, 57.126903 ], [ 15.559725, 57.148848 ], [ 15.552941, 57.183554 ], [ 15.51653, 57.20145 ], [ 15.52272, 57.236796 ], [ 15.467808, 57.265336 ], [ 15.477452, 57.281184 ], [ 15.471392, 57.302917 ], [ 15.509426, 57.310389 ], [ 15.517632, 57.337997 ], [ 15.513591, 57.362732 ], [ 15.500927, 57.37324 ], [ 15.520025, 57.386031 ], [ 15.523648, 57.40616 ], [ 15.493632, 57.42078 ], [ 15.504563, 57.452235 ], [ 15.548084, 57.465203 ], [ 15.597437, 57.439023 ], [ 15.612409, 57.444059 ], [ 15.62309, 57.483427 ], [ 15.648632, 57.50306 ], [ 15.626538, 57.532427 ], [ 15.58449, 57.552136 ], [ 15.654102, 57.598787 ], [ 15.579999, 57.637302 ], [ 15.443057, 57.684944 ], [ 15.421051, 57.704879 ] ] ], [ [ [ 16.748656, 57.72256 ], [ 16.757093, 57.715331 ], [ 16.771821, 57.717188 ], [ 16.777087, 57.70645 ], [ 16.742646, 57.70734 ], [ 16.737208, 57.717363 ], [ 16.748656, 57.72256 ] ] ], [ [ [ 16.76767, 57.536237 ], [ 16.769964, 57.526828 ], [ 16.759925, 57.521705 ], [ 16.736672, 57.534794 ], [ 16.742366, 57.544616 ], [ 16.76767, 57.536237 ] ] ], [ [ [ 16.743244, 57.854786 ], [ 16.731506, 57.851499 ], [ 16.766703, 57.830239 ], [ 16.752901, 57.810278 ], [ 16.743215, 57.809 ], [ 16.729623, 57.831457 ], [ 16.704816, 57.843533 ], [ 16.728405, 57.866524 ], [ 16.74514, 57.864376 ], [ 16.743244, 57.854786 ] ] ], [ [ [ 16.743691, 57.679003 ], [ 16.739996, 57.671198 ], [ 16.718769, 57.678031 ], [ 16.728716, 57.685329 ], [ 16.743691, 57.679003 ] ] ], [ [ [ 16.67066, 57.834383 ], [ 16.68977, 57.833442 ], [ 16.699559, 57.810571 ], [ 16.714017, 57.810539 ], [ 16.712201, 57.817197 ], [ 16.723683, 57.820336 ], [ 16.718487, 57.804496 ], [ 16.736437, 57.792003 ], [ 16.730486, 57.781606 ], [ 16.71949, 57.782813 ], [ 16.715379, 57.792095 ], [ 16.702931, 57.776497 ], [ 16.678197, 57.780622 ], [ 16.684477, 57.789462 ], [ 16.65403, 57.803117 ], [ 16.668579, 57.813631 ], [ 16.67066, 57.834383 ] ] ], [ [ [ 16.727641, 57.603329 ], [ 16.675608, 57.560986 ], [ 16.66423, 57.568093 ], [ 16.685023, 57.580689 ], [ 16.677166, 57.588032 ], [ 16.66612, 57.582692 ], [ 16.659369, 57.597026 ], [ 16.700272, 57.598997 ], [ 16.702328, 57.620217 ], [ 16.709822, 57.623009 ], [ 16.728349, 57.620628 ], [ 16.727641, 57.603329 ] ] ], [ [ [ 16.715616, 57.74506 ], [ 16.71084, 57.733632 ], [ 16.694858, 57.752168 ], [ 16.699435, 57.755031 ], [ 16.715616, 57.74506 ] ] ], [ [ [ 16.712087, 57.560453 ], [ 16.705253, 57.549036 ], [ 16.68985, 57.555848 ], [ 16.699289, 57.564132 ], [ 16.712087, 57.560453 ] ] ], [ [ [ 16.707789, 57.523047 ], [ 16.700013, 57.520901 ], [ 16.665654, 57.54779 ], [ 16.675404, 57.557776 ], [ 16.707267, 57.53503 ], [ 16.707789, 57.523047 ] ] ], [ [ [ 16.693536, 57.865065 ], [ 16.698494, 57.854011 ], [ 16.688125, 57.85418 ], [ 16.679629, 57.841218 ], [ 16.664254, 57.849603 ], [ 16.677448, 57.865045 ], [ 16.693536, 57.865065 ] ] ], [ [ [ 16.664408, 57.639362 ], [ 16.649107, 57.642997 ], [ 16.650545, 57.659525 ], [ 16.660161, 57.654474 ], [ 16.664408, 57.639362 ] ] ], [ [ [ 16.648748, 57.817374 ], [ 16.640032, 57.809985 ], [ 16.630671, 57.823193 ], [ 16.643501, 57.833383 ], [ 16.648748, 57.817374 ] ] ], [ [ [ 16.584684, 57.118205 ], [ 16.643465, 57.102049 ], [ 16.643757, 57.096486 ], [ 16.604113, 57.105881 ], [ 16.581179, 57.103265 ], [ 16.584684, 57.118205 ] ] ], [ [ [ 16.632269, 57.279263 ], [ 16.622801, 57.272304 ], [ 16.610802, 57.281842 ], [ 16.627579, 57.288645 ], [ 16.632269, 57.279263 ] ] ], [ [ [ 16.619802, 57.86753 ], [ 16.607517, 57.861366 ], [ 16.587996, 57.873907 ], [ 16.599782, 57.878897 ], [ 16.619802, 57.86753 ] ] ], [ [ [ 16.591698, 57.854197 ], [ 16.583415, 57.842387 ], [ 16.570446, 57.847833 ], [ 16.57557, 57.85688 ], [ 16.556267, 57.862961 ], [ 16.55853, 57.870114 ], [ 16.583409, 57.867845 ], [ 16.591698, 57.854197 ] ] ], [ [ [ 16.574113, 57.124348 ], [ 16.575316, 57.106078 ], [ 16.561498, 57.113097 ], [ 16.56055, 57.127037 ], [ 16.574113, 57.124348 ] ] ], [ [ [ 16.567809, 57.163536 ], [ 16.540602, 57.148172 ], [ 16.527704, 57.163135 ], [ 16.540602, 57.17579 ], [ 16.562614, 57.175611 ], [ 16.567809, 57.163536 ] ] ], [ [ [ 16.540602, 57.022659 ], [ 16.522634, 57.020054 ], [ 16.516696, 57.029225 ], [ 16.526667, 57.03379 ], [ 16.540602, 57.022659 ] ] ], [ [ [ 16.52372, 56.999344 ], [ 16.517812, 56.99704 ], [ 16.509795, 57.005072 ], [ 16.51414, 57.007609 ], [ 16.52372, 56.999344 ] ] ], [ [ [ 16.511269, 57.005982 ], [ 16.495847, 57.004451 ], [ 16.491761, 57.013491 ], [ 16.495609, 57.017643 ], [ 16.511269, 57.005982 ] ] ], [ [ [ 16.496637, 56.940416 ], [ 16.483334, 56.935704 ], [ 16.476904, 56.941443 ], [ 16.481243, 56.948849 ], [ 16.495731, 56.947791 ], [ 16.496637, 56.940416 ] ] ], [ [ [ 16.495175, 57.188212 ], [ 16.485353, 57.181766 ], [ 16.476572, 57.194192 ], [ 16.488476, 57.200283 ], [ 16.495175, 57.188212 ] ] ], [ [ [ 16.479726, 56.773773 ], [ 16.448358, 56.762353 ], [ 16.420374, 56.778753 ], [ 16.468136, 56.800399 ], [ 16.482234, 56.79075 ], [ 16.479726, 56.773773 ] ] ] ] } },
{ "type": "Feature", "properties": { "loc": "SE214" }, "geometry": { "type": "MultiPolygon", "coordinates": [ [ [ [ 19.185487, 57.998317 ], [ 19.187355, 57.981298 ], [ 19.205747, 57.982993 ], [ 19.216191, 57.994372 ], [ 19.250844, 57.97348 ], [ 19.314777, 57.983848 ], [ 19.33494, 57.977996 ], [ 19.34713, 57.961216 ], [ 19.29893, 57.943909 ], [ 19.250844, 57.950588 ], [ 19.191857, 57.928661 ], [ 19.170256, 57.933642 ], [ 19.146643, 57.923237 ], [ 19.137789, 57.915805 ], [ 19.144071, 57.905892 ], [ 19.168268, 57.892166 ], [ 19.122533, 57.842101 ], [ 19.079093, 57.868528 ], [ 19.077623, 57.890237 ], [ 19.040258, 57.906836 ], [ 19.047827, 57.924716 ], [ 19.06093, 57.922753 ], [ 19.072339, 57.933835 ], [ 19.085629, 57.934427 ], [ 19.096368, 57.950784 ], [ 19.078058, 57.953228 ], [ 19.078207, 57.961724 ], [ 19.11161, 57.981104 ], [ 19.141, 57.979863 ], [ 19.185487, 57.998317 ] ] ], [ [ [ 19.285617, 58.338937 ], [ 19.215581, 58.338587 ], [ 19.173598, 58.395018 ], [ 19.245438, 58.391826 ], [ 19.32142, 58.365243 ], [ 19.285617, 58.338937 ] ] ], [ [ [ 19.031826, 57.874675 ], [ 19.088303, 57.831529 ], [ 19.084744, 57.822426 ], [ 19.035193, 57.832206 ], [ 18.986261, 57.779635 ], [ 18.955003, 57.782762 ], [ 18.946243, 57.728445 ], [ 18.902551, 57.719009 ], [ 18.881402, 57.730296 ], [ 18.848852, 57.727232 ], [ 18.813034, 57.741351 ], [ 18.801115, 57.668529 ], [ 18.775947, 57.643163 ], [ 18.769944, 57.625052 ], [ 18.800993, 57.602326 ], [ 18.805328, 57.559761 ], [ 18.794607, 57.540455 ], [ 18.758797, 57.513439 ], [ 18.775504, 57.48864 ], [ 18.769557, 57.473788 ], [ 18.79282, 57.468833 ], [ 18.793481, 57.452399 ], [ 18.809709, 57.443316 ], [ 18.852137, 57.437031 ], [ 18.886616, 57.441995 ], [ 18.922667, 57.417151 ], [ 18.887032, 57.389166 ], [ 18.857422, 57.394702 ], [ 18.759281, 57.362707 ], [ 18.711172, 57.325673 ], [ 18.672502, 57.307797 ], [ 18.669607, 57.285895 ], [ 18.710565, 57.266349 ], [ 18.705193, 57.248244 ], [ 18.685381, 57.240641 ], [ 18.691969, 57.227094 ], [ 18.570962, 57.215925 ], [ 18.55459, 57.207585 ], [ 18.551927, 57.192389 ], [ 18.404175, 57.138192 ], [ 18.39982, 57.126903 ], [ 18.419955, 57.111027 ], [ 18.376439, 57.093245 ], [ 18.345915, 57.062462 ], [ 18.34632, 57.020587 ], [ 18.377465, 56.99655 ], [ 18.293603, 56.935104 ], [ 18.198079, 56.910375 ], [ 18.141324, 56.91219 ], [ 18.136534, 56.924217 ], [ 18.190542, 56.981123 ], [ 18.20568, 57.016685 ], [ 18.276239, 57.044033 ], [ 18.292182, 57.077087 ], [ 18.283195, 57.090358 ], [ 18.231691, 57.066805 ], [ 18.206986, 57.069058 ], [ 18.214479, 57.133456 ], [ 18.161314, 57.156841 ], [ 18.145125, 57.237492 ], [ 18.09787, 57.264876 ], [ 18.105022, 57.286029 ], [ 18.156743, 57.31416 ], [ 18.17056, 57.33015 ], [ 18.182667, 57.387532 ], [ 18.123702, 57.445444 ], [ 18.124319, 57.487127 ], [ 18.111007, 57.526421 ], [ 18.142609, 57.563935 ], [ 18.191429, 57.594183 ], [ 18.266437, 57.624078 ], [ 18.327325, 57.668529 ], [ 18.462093, 57.817529 ], [ 18.557411, 57.842449 ], [ 18.599762, 57.844728 ], [ 18.638331, 57.892341 ], [ 18.705427, 57.921889 ], [ 18.734961, 57.925507 ], [ 18.761318, 57.90787 ], [ 18.794251, 57.834385 ], [ 18.817845, 57.868162 ], [ 18.840185, 57.882856 ], [ 18.845136, 57.915059 ], [ 18.889206, 57.926452 ], [ 19.011277, 57.91566 ], [ 19.031826, 57.874675 ] ] ], [ [ [ 19.060599, 57.795543 ], [ 19.04498, 57.787847 ], [ 19.024679, 57.80258 ], [ 19.031099, 57.80743 ], [ 19.060599, 57.795543 ] ] ], [ [ [ 19.035028, 57.767776 ], [ 19.014498, 57.743934 ], [ 18.99713, 57.779433 ], [ 19.02348, 57.785426 ], [ 19.035028, 57.767776 ] ] ], [ [ [ 18.992714, 57.446072 ], [ 18.987481, 57.429844 ], [ 18.968093, 57.443992 ], [ 18.97077, 57.446515 ], [ 18.992714, 57.446072 ] ] ], [ [ [ 18.98486, 57.756807 ], [ 18.973434, 57.741557 ], [ 18.965371, 57.752691 ], [ 18.980199, 57.761618 ], [ 18.98486, 57.756807 ] ] ], [ [ [ 18.863459, 57.686476 ], [ 18.862243, 57.674882 ], [ 18.844839, 57.677346 ], [ 18.847968, 57.687386 ], [ 18.863459, 57.686476 ] ] ], [ [ [ 18.856401, 57.700804 ], [ 18.845393, 57.698458 ], [ 18.837508, 57.71531 ], [ 18.855438, 57.716477 ], [ 18.856401, 57.700804 ] ] ], [ [ [ 18.472623, 57.134654 ], [ 18.468752, 57.119432 ], [ 18.454929, 57.121424 ], [ 18.455058, 57.129716 ], [ 18.472623, 57.134654 ] ] ], [ [ [ 18.103555, 57.43974 ], [ 18.092687, 57.426206 ], [ 18.080375, 57.429906 ], [ 18.088524, 57.440105 ], [ 18.103555, 57.43974 ] ] ], [ [ [ 18.073404, 57.308157 ], [ 18.054547, 57.306999 ], [ 18.050686, 57.312443 ], [ 18.058991, 57.32117 ], [ 18.070916, 57.318434 ], [ 18.073404, 57.308157 ] ] ], [ [ [ 17.989357, 57.282739 ], [ 17.958489, 57.279599 ], [ 17.957458, 57.289393 ], [ 17.984423, 57.292286 ], [ 17.989357, 57.282739 ] ] ] ] } },
{ "type": "Feature", "properties": { "loc": "SE221" }, "geometry": { "type": "MultiPolygon", "coordinates": [ [ [ [ 15.363504, 56.482376 ], [ 15.372061, 56.494607 ], [ 15.390557, 56.498524 ], [ 15.501959, 56.47542 ], [ 15.526568, 56.501686 ], [ 15.573968, 56.496269 ], [ 15.606393, 56.470501 ], [ 15.655947, 56.45776 ], [ 15.679799, 56.426267 ], [ 15.736283, 56.411992 ], [ 15.800877, 56.347008 ], [ 15.837561, 56.324916 ], [ 15.947392, 56.316883 ], [ 16.003572, 56.298912 ], [ 16.049872, 56.321888 ], [ 16.040425, 56.253848 ], [ 15.846652, 56.089593 ], [ 15.800115, 56.110025 ], [ 15.808924, 56.157379 ], [ 15.756316, 56.148832 ], [ 15.693339, 56.174123 ], [ 15.651163, 56.171211 ], [ 15.631056, 56.179333 ], [ 15.586198, 56.166843 ], [ 15.591879, 56.193012 ], [ 15.584568, 56.198553 ], [ 15.471817, 56.158606 ], [ 15.444141, 56.140926 ], [ 15.428865, 56.143119 ], [ 15.426151, 56.166342 ], [ 15.406549, 56.169601 ], [ 15.395348, 56.154788 ], [ 15.380655, 56.155546 ], [ 15.338162, 56.130777 ], [ 15.305844, 56.137068 ], [ 15.301438, 56.162061 ], [ 15.278292, 56.172469 ], [ 15.169643, 56.149769 ], [ 15.085208, 56.157869 ], [ 15.033905, 56.176973 ], [ 15.008917, 56.160926 ], [ 14.909212, 56.162415 ], [ 14.846703, 56.146929 ], [ 14.697157, 56.15653 ], [ 14.682852, 56.145663 ], [ 14.685447, 56.125913 ], [ 14.763174, 56.035683 ], [ 14.754134, 56.016847 ], [ 14.721651, 56.002962 ], [ 14.626942, 56.003536 ], [ 14.561208, 56.04363 ], [ 14.5464, 56.061317 ], [ 14.576735, 56.098748 ], [ 14.583734, 56.128839 ], [ 14.579007, 56.177865 ], [ 14.563983, 56.221635 ], [ 14.512221, 56.219151 ], [ 14.47163, 56.23515 ], [ 14.460409, 56.227216 ], [ 14.443848, 56.229505 ], [ 14.431611, 56.245214 ], [ 14.426309, 56.287102 ], [ 14.392832, 56.305352 ], [ 14.418699, 56.372552 ], [ 14.417662, 56.397926 ], [ 14.474468, 56.411855 ], [ 14.51467, 56.460037 ], [ 14.607653, 56.439655 ], [ 14.632743, 56.416134 ], [ 14.687363, 56.387031 ], [ 14.778078, 56.381393 ], [ 14.863747, 56.360091 ], [ 14.907225, 56.364773 ], [ 14.963694, 56.402127 ], [ 15.005504, 56.444539 ], [ 15.120119, 56.453106 ], [ 15.152921, 56.4358 ], [ 15.189773, 56.430901 ], [ 15.207433, 56.43822 ], [ 15.226649, 56.461359 ], [ 15.265274, 56.4678 ], [ 15.317837, 56.458581 ], [ 15.363504, 56.482376 ] ] ], [ [ [ 15.833602, 56.059681 ], [ 15.827378, 56.048148 ], [ 15.815064, 56.059404 ], [ 15.829208, 56.067764 ], [ 15.833602, 56.059681 ] ] ], [ [ [ 15.815656, 56.05876 ], [ 15.814274, 56.044927 ], [ 15.799938, 56.051124 ], [ 15.805449, 56.065636 ], [ 15.815656, 56.05876 ] ] ], [ [ [ 15.804454, 56.030548 ], [ 15.785587, 56.013347 ], [ 15.775909, 56.019546 ], [ 15.778159, 56.029436 ], [ 15.796973, 56.034064 ], [ 15.804454, 56.030548 ] ] ], [ [ [ 15.791342, 56.069351 ], [ 15.775807, 56.064712 ], [ 15.770961, 56.07632 ], [ 15.788869, 56.078063 ], [ 15.791342, 56.069351 ] ] ], [ [ [ 15.784898, 56.092915 ], [ 15.762656, 56.076231 ], [ 15.739629, 56.073554 ], [ 15.746071, 56.084382 ], [ 15.776392, 56.098812 ], [ 15.784898, 56.092915 ] ] ], [ [ [ 15.723226, 56.140267 ], [ 15.775516, 56.131958 ], [ 15.778234, 56.124392 ], [ 15.767993, 56.121937 ], [ 15.762973, 56.106933 ], [ 15.74313, 56.120716 ], [ 15.733859, 56.113575 ], [ 15.714742, 56.132573 ], [ 15.723226, 56.140267 ] ] ], [ [ [ 15.774301, 56.063911 ], [ 15.773104, 56.047607 ], [ 15.765308, 56.047754 ], [ 15.759901, 56.056818 ], [ 15.774301, 56.063911 ] ] ], [ [ [ 15.722519, 56.110479 ], [ 15.71658, 56.103046 ], [ 15.695022, 56.103726 ], [ 15.70884, 56.080697 ], [ 15.717701, 56.086813 ], [ 15.709358, 56.093775 ], [ 15.718666, 56.100658 ], [ 15.731654, 56.093253 ], [ 15.724915, 56.072319 ], [ 15.683912, 56.074934 ], [ 15.641436, 56.098289 ], [ 15.662431, 56.123012 ], [ 15.722519, 56.110479 ] ] ], [ [ [ 15.63247, 56.104571 ], [ 15.6123, 56.09704 ], [ 15.595352, 56.102817 ], [ 15.59529, 56.109349 ], [ 15.632873, 56.134337 ], [ 15.638398, 56.129571 ], [ 15.630704, 56.12345 ], [ 15.63247, 56.104571 ] ] ], [ [ [ 15.53197, 56.129578 ], [ 15.564427, 56.124769 ], [ 15.561347, 56.102423 ], [ 15.522688, 56.102025 ], [ 15.51589, 56.110659 ], [ 15.53197, 56.129578 ] ] ], [ [ [ 15.504419, 56.091863 ], [ 15.488513, 56.08839 ], [ 15.485606, 56.09157 ], [ 15.49786, 56.104578 ], [ 15.504419, 56.091863 ] ] ], [ [ [ 15.491254, 56.122633 ], [ 15.483313, 56.104718 ], [ 15.465521, 56.094734 ], [ 15.442119, 56.100403 ], [ 15.439091, 56.108247 ], [ 15.463273, 56.121733 ], [ 15.491254, 56.122633 ] ] ], [ [ [ 14.986037, 56.125601 ], [ 14.97008, 56.107297 ], [ 14.964412, 56.117273 ], [ 14.986037, 56.125601 ] ] ], [ [ [ 14.964188, 56.12177 ], [ 14.958569, 56.117387 ], [ 14.953924, 56.123061 ], [ 14.964188, 56.12177 ] ] ], [ [ [ 14.857299, 56.003918 ], [ 14.841184, 55.999779 ], [ 14.833944, 56.01969 ], [ 14.849248, 56.017618 ], [ 14.857299, 56.003918 ] ] ] ] } },
{ "type": "Feature", "properties": { "loc": "SE110" }, "geometry": { "type": "MultiPolygon", "coordinates": [ [ [ [ 19.511826, 59.439252 ], [ 19.495688, 59.438666 ], [ 19.493219, 59.448917 ], [ 19.508455, 59.45155 ], [ 19.511826, 59.439252 ] ] ], [ [ [ 19.401274, 59.733319 ], [ 19.398081, 59.721649 ], [ 19.381292, 59.723952 ], [ 19.392681, 59.737291 ], [ 19.401274, 59.733319 ] ] ], [ [ [ 19.288373, 59.540014 ], [ 19.278285, 59.529846 ], [ 19.26915, 59.539658 ], [ 19.274536, 59.548668 ], [ 19.288373, 59.540014 ] ] ], [ [ [ 19.211624, 59.672672 ], [ 19.208357, 59.661762 ], [ 19.195301, 59.667511 ], [ 19.200914, 59.673646 ], [ 19.211624, 59.672672 ] ] ], [ [ [ 19.203113, 59.434269 ], [ 19.188724, 59.431621 ], [ 19.193898, 59.446995 ], [ 19.207349, 59.445307 ], [ 19.203113, 59.434269 ] ] ], [ [ [ 19.203927, 59.759355 ], [ 19.199995, 59.749546 ], [ 19.183952, 59.758028 ], [ 19.195123, 59.767402 ], [ 19.203927, 59.759355 ] ] ], [ [ [ 19.199894, 59.783123 ], [ 19.180743, 59.761166 ], [ 19.168707, 59.762205 ], [ 19.163621, 59.77995 ], [ 19.178765, 59.786438 ], [ 19.199894, 59.783123 ] ] ], [ [ [ 19.195387, 59.661173 ], [ 19.181702, 59.657704 ], [ 19.175946, 59.668503 ], [ 19.194433, 59.667967 ], [ 19.195387, 59.661173 ] ] ], [ [ [ 19.174938, 59.504608 ], [ 19.171781, 59.490042 ], [ 19.155961, 59.492995 ], [ 19.158794, 59.50123 ], [ 19.174938, 59.504608 ] ] ], [ [ [ 19.173176, 59.738321 ], [ 19.169139, 59.731888 ], [ 19.157889, 59.735108 ], [ 19.153295, 59.746064 ], [ 19.173176, 59.738321 ] ] ], [ [ [ 19.172425, 59.588126 ], [ 19.14927, 59.587028 ], [ 19.145608, 59.590833 ], [ 19.173163, 59.595193 ], [ 19.172425, 59.588126 ] ] ], [ [ [ 19.164909, 59.688417 ], [ 19.160245, 59.679873 ], [ 19.149212, 59.682452 ], [ 19.143865, 59.694679 ], [ 19.154969, 59.69793 ], [ 19.164909, 59.688417 ] ] ], [ [ [ 19.154699, 59.651092 ], [ 19.143311, 59.648906 ], [ 19.130832, 59.657233 ], [ 19.147713, 59.662989 ], [ 19.154699, 59.651092 ] ] ], [ [ [ 19.152674, 59.366443 ], [ 19.146788, 59.354484 ], [ 19.135913, 59.370474 ], [ 19.143669, 59.3769 ], [ 19.152674, 59.366443 ] ] ], [ [ [ 19.150354, 59.778486 ], [ 19.146197, 59.765602 ], [ 19.122032, 59.775942 ], [ 19.136022, 59.781439 ], [ 19.150354, 59.778486 ] ] ], [ [ [ 19.145059, 59.812916 ], [ 19.14696, 59.807177 ], [ 19.115537, 59.794955 ], [ 19.120713, 59.811487 ], [ 19.145059, 59.812916 ] ] ], [ [ [ 19.145318, 59.742787 ], [ 19.134294, 59.735772 ], [ 19.129139, 59.742787 ], [ 19.11209, 59.742787 ], [ 19.121931, 59.755088 ], [ 19.140897, 59.751728 ], [ 19.145318, 59.742787 ] ] ], [ [ [ 19.137661, 59.86322 ], [ 19.144699, 59.840068 ], [ 19.122684, 59.842617 ], [ 19.096136, 59.827049 ], [ 19.089369, 59.83635 ], [ 19.10764, 59.852993 ], [ 19.137661, 59.86322 ] ] ], [ [ [ 19.094711, 59.77023 ], [ 19.080889, 59.769649 ], [ 19.065995, 59.779426 ], [ 19.088778, 59.787071 ], [ 19.094384, 59.796568 ], [ 19.105796, 59.786499 ], [ 19.094711, 59.77023 ] ] ], [ [ [ 19.074906, 59.574611 ], [ 19.026734, 59.564988 ], [ 19.020986, 59.572469 ], [ 19.057903, 59.579093 ], [ 19.074906, 59.574611 ] ] ], [ [ [ 17.572396, 58.950852 ], [ 17.538594, 58.982212 ], [ 17.456593, 58.991249 ], [ 17.426712, 58.982623 ], [ 17.375711, 58.987908 ], [ 17.326837, 59.044526 ], [ 17.314457, 59.086315 ], [ 17.318728, 59.141297 ], [ 17.248168, 59.204979 ], [ 17.248583, 59.217395 ], [ 17.277071, 59.243013 ], [ 17.345534, 59.278991 ], [ 17.34961, 59.324326 ], [ 17.340495, 59.350585 ], [ 17.416135, 59.352977 ], [ 17.416127, 59.38414 ], [ 17.429368, 59.397928 ], [ 17.429004, 59.426453 ], [ 17.442398, 59.439948 ], [ 17.501454, 59.44852 ], [ 17.474141, 59.507194 ], [ 17.576309, 59.551954 ], [ 17.572445, 59.564204 ], [ 17.529354, 59.592151 ], [ 17.519505, 59.621303 ], [ 17.574739, 59.641851 ], [ 17.583586, 59.661322 ], [ 17.618226, 59.673849 ], [ 17.633313, 59.689515 ], [ 17.708995, 59.684027 ], [ 17.747329, 59.663151 ], [ 17.781478, 59.685999 ], [ 17.823732, 59.683322 ], [ 18.014045, 59.738377 ], [ 18.083467, 59.742787 ], [ 18.10383, 59.758824 ], [ 18.12103, 59.801725 ], [ 18.136871, 59.817649 ], [ 18.244892, 59.833834 ], [ 18.280224, 59.85057 ], [ 18.365328, 59.870053 ], [ 18.396513, 59.894479 ], [ 18.386942, 59.94507 ], [ 18.42104, 59.959685 ], [ 18.434383, 59.98321 ], [ 18.467194, 60.002273 ], [ 18.405092, 60.041606 ], [ 18.443693, 60.060516 ], [ 18.485688, 60.099993 ], [ 18.497627, 60.134392 ], [ 18.513266, 60.148089 ], [ 18.545954, 60.141824 ], [ 18.57484, 60.115524 ], [ 18.594496, 60.131986 ], [ 18.618288, 60.138079 ], [ 18.72258, 60.119922 ], [ 18.763467, 60.102634 ], [ 18.814634, 60.106861 ], [ 18.841424, 60.053117 ], [ 18.920594, 59.937907 ], [ 19.067998, 59.869034 ], [ 19.066814, 59.834783 ], [ 19.043333, 59.823461 ], [ 18.950368, 59.88935 ], [ 18.927189, 59.894251 ], [ 18.991239, 59.816494 ], [ 18.989114, 59.776799 ], [ 19.052036, 59.761897 ], [ 19.068943, 59.743718 ], [ 19.057669, 59.723536 ], [ 19.035445, 59.713163 ], [ 18.922646, 59.706463 ], [ 18.852739, 59.686856 ], [ 18.933973, 59.660492 ], [ 18.965262, 59.640043 ], [ 18.965486, 59.629233 ], [ 18.926952, 59.61779 ], [ 18.88753, 59.582982 ], [ 18.864981, 59.586936 ], [ 18.861253, 59.603887 ], [ 18.807909, 59.585601 ], [ 18.807236, 59.592537 ], [ 18.881412, 59.652841 ], [ 18.810314, 59.679985 ], [ 18.762972, 59.672526 ], [ 18.735053, 59.657399 ], [ 18.722015, 59.621753 ], [ 18.685684, 59.59312 ], [ 18.525595, 59.529086 ], [ 18.398247, 59.466511 ], [ 18.31657, 59.448258 ], [ 18.312852, 59.439522 ], [ 18.340582, 59.427589 ], [ 18.301777, 59.393873 ], [ 18.180394, 59.398945 ], [ 18.141191, 59.437729 ], [ 18.106303, 59.418274 ], [ 18.087416, 59.378776 ], [ 18.150249, 59.331881 ], [ 18.161069, 59.340227 ], [ 18.116546, 59.375981 ], [ 18.126556, 59.391497 ], [ 18.224067, 59.37248 ], [ 18.247921, 59.349742 ], [ 18.364062, 59.355232 ], [ 18.450352, 59.333444 ], [ 18.459926, 59.347606 ], [ 18.445488, 59.379152 ], [ 18.403136, 59.371797 ], [ 18.379017, 59.39327 ], [ 18.385897, 59.405314 ], [ 18.422264, 59.41138 ], [ 18.453225, 59.428663 ], [ 18.573659, 59.373815 ], [ 18.610226, 59.377355 ], [ 18.650214, 59.300657 ], [ 18.676349, 59.27694 ], [ 18.59814, 59.242429 ], [ 18.597558, 59.226991 ], [ 18.583693, 59.237415 ], [ 18.524328, 59.219596 ], [ 18.375423, 59.271833 ], [ 18.33993, 59.306029 ], [ 18.316902, 59.308788 ], [ 18.306018, 59.292139 ], [ 18.307594, 59.255736 ], [ 18.385392, 59.210679 ], [ 18.396827, 59.17806 ], [ 18.430931, 59.152257 ], [ 18.416498, 59.136579 ], [ 18.321082, 59.115549 ], [ 18.284986, 59.084768 ], [ 18.237866, 59.078474 ], [ 18.23105, 59.100551 ], [ 18.217851, 59.103892 ], [ 18.039845, 59.039408 ], [ 18.014583, 59.022907 ], [ 17.992737, 58.986669 ], [ 17.998326, 58.977619 ], [ 18.021859, 58.975859 ], [ 18.017761, 58.950976 ], [ 17.97691, 58.939701 ], [ 17.935133, 58.886591 ], [ 17.910213, 58.877231 ], [ 17.910046, 58.834527 ], [ 17.89023, 58.84041 ], [ 17.86482, 58.871826 ], [ 17.851787, 58.87187 ], [ 17.847977, 58.858015 ], [ 17.858003, 58.822883 ], [ 17.842846, 58.80557 ], [ 17.808808, 58.816191 ], [ 17.81915, 58.90072 ], [ 17.80615, 58.907251 ], [ 17.78775, 58.887514 ], [ 17.742346, 58.934752 ], [ 17.754432, 58.993594 ], [ 17.749155, 59.046711 ], [ 17.770342, 59.097186 ], [ 17.751858, 59.102884 ], [ 17.728086, 59.066414 ], [ 17.699689, 59.062564 ], [ 17.689862, 59.076412 ], [ 17.69251, 59.11826 ], [ 17.66725, 59.160692 ], [ 17.663641, 59.151191 ], [ 17.677622, 59.110916 ], [ 17.624313, 59.081429 ], [ 17.629562, 59.055457 ], [ 17.617555, 59.023707 ], [ 17.628967, 58.997737 ], [ 17.644186, 59.009252 ], [ 17.646474, 59.019104 ], [ 17.635206, 59.031791 ], [ 17.652769, 59.067828 ], [ 17.687926, 59.043128 ], [ 17.705586, 58.990862 ], [ 17.717905, 58.977023 ], [ 17.699871, 58.955258 ], [ 17.697674, 58.936082 ], [ 17.706522, 58.921494 ], [ 17.676712, 58.911805 ], [ 17.650335, 58.921494 ], [ 17.640205, 58.951741 ], [ 17.628534, 58.961041 ], [ 17.572396, 58.950852 ] ] ], [ [ [ 19.032951, 59.628013 ], [ 19.015275, 59.621547 ], [ 19.010659, 59.628794 ], [ 19.033317, 59.653779 ], [ 19.053432, 59.641246 ], [ 19.031502, 59.636518 ], [ 19.032951, 59.628013 ] ] ], [ [ [ 19.034853, 59.678776 ], [ 19.017202, 59.675241 ], [ 19.008431, 59.680816 ], [ 19.033489, 59.685027 ], [ 19.034853, 59.678776 ] ] ], [ [ [ 18.995316, 59.489999 ], [ 18.984212, 59.476649 ], [ 18.974365, 59.482434 ], [ 18.979252, 59.492191 ], [ 18.995316, 59.489999 ] ] ], [ [ [ 18.978561, 59.466721 ], [ 18.971623, 59.458248 ], [ 18.956255, 59.475123 ], [ 18.965834, 59.481166 ], [ 18.978561, 59.466721 ] ] ], [ [ [ 18.922656, 59.407513 ], [ 18.951566, 59.382104 ], [ 18.962106, 59.385584 ], [ 18.978098, 59.373228 ], [ 18.969182, 59.358917 ], [ 18.959496, 59.376334 ], [ 18.949799, 59.358153 ], [ 18.91794, 59.362491 ], [ 18.922015, 59.380359 ], [ 18.89987, 59.394629 ], [ 18.905814, 59.406623 ], [ 18.922656, 59.407513 ] ] ], [ [ [ 18.974338, 59.407927 ], [ 18.941053, 59.39854 ], [ 18.935632, 59.41382 ], [ 18.953657, 59.420838 ], [ 18.975301, 59.414721 ], [ 18.974338, 59.407927 ] ] ], [ [ [ 18.965839, 59.290053 ], [ 18.96453, 59.282856 ], [ 18.947398, 59.28012 ], [ 18.925566, 59.291774 ], [ 18.930956, 59.297271 ], [ 18.965839, 59.290053 ] ] ], [ [ [ 18.932124, 59.276311 ], [ 18.902353, 59.279653 ], [ 18.899022, 59.287525 ], [ 18.919203, 59.288069 ], [ 18.932124, 59.276311 ] ] ], [ [ [ 18.905331, 59.414226 ], [ 18.854063, 59.386274 ], [ 18.846716, 59.394889 ], [ 18.859531, 59.41034 ], [ 18.853593, 59.425911 ], [ 18.906808, 59.455088 ], [ 18.924974, 59.438876 ], [ 18.905331, 59.414226 ] ] ], [ [ [ 18.917838, 59.351443 ], [ 18.914636, 59.338256 ], [ 18.894023, 59.343986 ], [ 18.895328, 59.329756 ], [ 18.886478, 59.322723 ], [ 18.868936, 59.324882 ], [ 18.878136, 59.334854 ], [ 18.8705, 59.341687 ], [ 18.876008, 59.352846 ], [ 18.911872, 59.357339 ], [ 18.917838, 59.351443 ] ] ], [ [ [ 18.897755, 59.378125 ], [ 18.884379, 59.369362 ], [ 18.877239, 59.37153 ], [ 18.887968, 59.384468 ], [ 18.897755, 59.378125 ] ] ], [ [ [ 18.89668, 59.309212 ], [ 18.882782, 59.302457 ], [ 18.871996, 59.308859 ], [ 18.893358, 59.319404 ], [ 18.89668, 59.309212 ] ] ], [ [ [ 18.879703, 59.296151 ], [ 18.875061, 59.282193 ], [ 18.858783, 59.293359 ], [ 18.865028, 59.298213 ], [ 18.879703, 59.296151 ] ] ], [ [ [ 18.83026, 59.658654 ], [ 18.83345, 59.651459 ], [ 18.866296, 59.649667 ], [ 18.819921, 59.634673 ], [ 18.811106, 59.64128 ], [ 18.83026, 59.658654 ] ] ], [ [ [ 18.864807, 59.50782 ], [ 18.826304, 59.497969 ], [ 18.824433, 59.50481 ], [ 18.848199, 59.512695 ], [ 18.864807, 59.50782 ] ] ], [ [ [ 18.86062, 59.491504 ], [ 18.854231, 59.484516 ], [ 18.83816, 59.49475 ], [ 18.855596, 59.496409 ], [ 18.86062, 59.491504 ] ] ], [ [ [ 18.858817, 59.324126 ], [ 18.852864, 59.312677 ], [ 18.839251, 59.317327 ], [ 18.845359, 59.328628 ], [ 18.858817, 59.324126 ] ] ], [ [ [ 18.854878, 59.199459 ], [ 18.837301, 59.202668 ], [ 18.843509, 59.214985 ], [ 18.849477, 59.212612 ], [ 18.854878, 59.199459 ] ] ], [ [ [ 18.852003, 59.298856 ], [ 18.844202, 59.292443 ], [ 18.806353, 59.30391 ], [ 18.820985, 59.309963 ], [ 18.852003, 59.298856 ] ] ], [ [ [ 18.847114, 59.539392 ], [ 18.837553, 59.527649 ], [ 18.827369, 59.537622 ], [ 18.841042, 59.546353 ], [ 18.847114, 59.539392 ] ] ], [ [ [ 18.829171, 59.483075 ], [ 18.821154, 59.471882 ], [ 18.805986, 59.473911 ], [ 18.804466, 59.481541 ], [ 18.829171, 59.483075 ] ] ], [ [ [ 18.824416, 59.39534 ], [ 18.815351, 59.373685 ], [ 18.80709, 59.377635 ], [ 18.807531, 59.397221 ], [ 18.818633, 59.403377 ], [ 18.824416, 59.39534 ] ] ], [ [ [ 18.656731, 59.558895 ], [ 18.689754, 59.534736 ], [ 18.810287, 59.554453 ], [ 18.822676, 59.549125 ], [ 18.807485, 59.539833 ], [ 18.679696, 59.522452 ], [ 18.601135, 59.486682 ], [ 18.601054, 59.454281 ], [ 18.586573, 59.446468 ], [ 18.601334, 59.426729 ], [ 18.594953, 59.418542 ], [ 18.578717, 59.430188 ], [ 18.549658, 59.429442 ], [ 18.519987, 59.462125 ], [ 18.513045, 59.486937 ], [ 18.59362, 59.538923 ], [ 18.656731, 59.558895 ] ] ], [ [ [ 18.815085, 60.255046 ], [ 18.811877, 60.241799 ], [ 18.795466, 60.246683 ], [ 18.800023, 60.255256 ], [ 18.815085, 60.255046 ] ] ], [ [ [ 18.813056, 59.630351 ], [ 18.791273, 59.619595 ], [ 18.785841, 59.622467 ], [ 18.803961, 59.636615 ], [ 18.813056, 59.630351 ] ] ], [ [ [ 18.811505, 59.28984 ], [ 18.773599, 59.254854 ], [ 18.740582, 59.259924 ], [ 18.723759, 59.24996 ], [ 18.71489, 59.256254 ], [ 18.740582, 59.284789 ], [ 18.778885, 59.299031 ], [ 18.811505, 59.28984 ] ] ], [ [ [ 18.788564, 59.476576 ], [ 18.801415, 59.468817 ], [ 18.808442, 59.445984 ], [ 18.795392, 59.441137 ], [ 18.796642, 59.434949 ], [ 18.768221, 59.431241 ], [ 18.761189, 59.436966 ], [ 18.773258, 59.450071 ], [ 18.779264, 59.440437 ], [ 18.794034, 59.453187 ], [ 18.784016, 59.469312 ], [ 18.752196, 59.457632 ], [ 18.734393, 59.469973 ], [ 18.752196, 59.479521 ], [ 18.788564, 59.476576 ] ] ], [ [ [ 18.801668, 59.130063 ], [ 18.793901, 59.128648 ], [ 18.783836, 59.140279 ], [ 18.790661, 59.143235 ], [ 18.787534, 59.151472 ], [ 18.807876, 59.157729 ], [ 18.801668, 59.130063 ] ] ], [ [ [ 18.799748, 59.558826 ], [ 18.764575, 59.557166 ], [ 18.749344, 59.567146 ], [ 18.752984, 59.578969 ], [ 18.763355, 59.580912 ], [ 18.772851, 59.566232 ], [ 18.804803, 59.566221 ], [ 18.799748, 59.558826 ] ] ], [ [ [ 18.788583, 60.150424 ], [ 18.784213, 60.118928 ], [ 18.764821, 60.12994 ], [ 18.758496, 60.152575 ], [ 18.723098, 60.158277 ], [ 18.716461, 60.178147 ], [ 18.725931, 60.200809 ], [ 18.711294, 60.211 ], [ 18.730604, 60.218658 ], [ 18.758496, 60.20654 ], [ 18.80399, 60.167739 ], [ 18.788583, 60.150424 ] ] ], [ [ [ 18.79894, 59.484452 ], [ 18.782283, 59.482929 ], [ 18.778616, 59.492704 ], [ 18.795266, 59.495525 ], [ 18.79894, 59.484452 ] ] ], [ [ [ 18.794774, 59.379976 ], [ 18.783764, 59.378308 ], [ 18.773416, 59.390012 ], [ 18.785293, 59.397364 ], [ 18.794774, 59.379976 ] ] ], [ [ [ 18.791041, 59.641127 ], [ 18.766525, 59.618694 ], [ 18.755484, 59.621217 ], [ 18.76875, 59.648406 ], [ 18.78221, 59.654015 ], [ 18.791041, 59.641127 ] ] ], [ [ [ 18.790189, 59.207148 ], [ 18.78594, 59.199143 ], [ 18.769563, 59.199787 ], [ 18.772051, 59.208445 ], [ 18.790189, 59.207148 ] ] ], [ [ [ 18.785372, 59.41351 ], [ 18.780628, 59.403674 ], [ 18.763188, 59.405866 ], [ 18.77026, 59.416471 ], [ 18.785372, 59.41351 ] ] ], [ [ [ 18.781517, 60.235683 ], [ 18.773958, 60.227955 ], [ 18.76064, 60.235421 ], [ 18.770794, 60.24531 ], [ 18.781517, 60.235683 ] ] ], [ [ [ 18.753873, 59.232876 ], [ 18.757138, 59.224666 ], [ 18.774032, 59.22764 ], [ 18.771071, 59.2142 ], [ 18.744405, 59.224394 ], [ 18.753873, 59.232876 ] ] ], [ [ [ 18.759949, 59.106658 ], [ 18.719685, 59.096979 ], [ 18.715065, 59.102224 ], [ 18.762438, 59.11482 ], [ 18.759949, 59.106658 ] ] ], [ [ [ 18.750307, 59.399353 ], [ 18.741218, 59.38932 ], [ 18.729779, 59.400996 ], [ 18.741218, 59.40701 ], [ 18.750307, 59.399353 ] ] ], [ [ [ 18.70552, 59.185284 ], [ 18.696961, 59.169025 ], [ 18.685084, 59.168953 ], [ 18.688618, 59.177438 ], [ 18.680602, 59.178142 ], [ 18.62605, 59.16213 ], [ 18.639393, 59.180928 ], [ 18.693234, 59.208125 ], [ 18.747276, 59.206453 ], [ 18.70552, 59.185284 ] ] ], [ [ [ 18.723092, 59.371994 ], [ 18.712957, 59.366005 ], [ 18.740691, 59.349955 ], [ 18.745411, 59.328329 ], [ 18.681245, 59.303203 ], [ 18.685762, 59.333949 ], [ 18.644756, 59.369634 ], [ 18.705964, 59.370052 ], [ 18.704729, 59.379425 ], [ 18.721747, 59.386581 ], [ 18.723092, 59.371994 ] ] ], [ [ [ 18.73053, 59.471354 ], [ 18.739366, 59.456864 ], [ 18.707135, 59.451014 ], [ 18.704145, 59.441952 ], [ 18.640696, 59.440132 ], [ 18.644378, 59.44923 ], [ 18.662215, 59.456002 ], [ 18.712347, 59.460914 ], [ 18.709777, 59.470394 ], [ 18.73053, 59.471354 ] ] ], [ [ [ 18.738486, 59.573693 ], [ 18.725698, 59.564353 ], [ 18.713794, 59.569177 ], [ 18.728848, 59.579635 ], [ 18.738486, 59.573693 ] ] ], [ [ [ 18.729965, 59.233384 ], [ 18.71851, 59.226001 ], [ 18.709773, 59.231778 ], [ 18.720616, 59.244152 ], [ 18.729965, 59.233384 ] ] ], [ [ [ 18.718109, 59.436326 ], [ 18.722571, 59.414366 ], [ 18.711478, 59.415936 ], [ 18.698924, 59.432351 ], [ 18.718109, 59.436326 ] ] ], [ [ [ 18.713187, 59.570233 ], [ 18.710404, 59.563306 ], [ 18.688337, 59.568592 ], [ 18.704852, 59.574101 ], [ 18.713187, 59.570233 ] ] ], [ [ [ 18.711156, 59.152487 ], [ 18.704922, 59.14179 ], [ 18.695375, 59.14618 ], [ 18.679036, 59.125401 ], [ 18.671851, 59.136733 ], [ 18.694259, 59.159421 ], [ 18.711156, 59.152487 ] ] ], [ [ [ 18.697738, 59.415663 ], [ 18.690429, 59.406028 ], [ 18.673468, 59.413855 ], [ 18.679193, 59.42033 ], [ 18.697738, 59.415663 ] ] ], [ [ [ 18.656966, 59.415203 ], [ 18.655429, 59.398399 ], [ 18.663912, 59.399558 ], [ 18.664125, 59.408757 ], [ 18.68509, 59.393046 ], [ 18.648414, 59.3885 ], [ 18.633418, 59.416416 ], [ 18.656966, 59.415203 ] ] ], [ [ [ 18.672292, 59.475883 ], [ 18.66613, 59.46164 ], [ 18.649159, 59.471148 ], [ 18.651782, 59.474401 ], [ 18.672292, 59.475883 ] ] ], [ [ [ 18.662639, 59.112547 ], [ 18.649446, 59.104789 ], [ 18.643132, 59.112841 ], [ 18.651422, 59.123376 ], [ 18.662639, 59.112547 ] ] ], [ [ [ 18.641186, 59.095143 ], [ 18.618196, 59.079656 ], [ 18.614442, 59.086315 ], [ 18.590556, 59.086315 ], [ 18.632056, 59.099603 ], [ 18.641186, 59.095143 ] ] ], [ [ [ 18.596862, 59.132452 ], [ 18.573542, 59.120939 ], [ 18.569014, 59.12496 ], [ 18.596862, 59.132452 ] ] ], [ [ [ 18.587587, 60.142486 ], [ 18.573738, 60.134376 ], [ 18.563333, 60.144901 ], [ 18.570039, 60.149716 ], [ 18.587587, 60.142486 ] ] ], [ [ [ 18.570681, 59.407433 ], [ 18.557425, 59.404723 ], [ 18.551361, 59.416661 ], [ 18.557232, 59.420678 ], [ 18.570681, 59.407433 ] ] ], [ [ [ 18.566228, 59.181141 ], [ 18.558108, 59.162669 ], [ 18.551158, 59.179451 ], [ 18.566228, 59.181141 ] ] ], [ [ [ 18.56229, 59.019745 ], [ 18.548464, 59.017747 ], [ 18.540206, 59.024811 ], [ 18.545123, 59.031697 ], [ 18.56229, 59.019745 ] ] ], [ [ [ 18.561597, 59.094609 ], [ 18.541339, 59.091342 ], [ 18.53798, 59.09464 ], [ 18.557934, 59.106696 ], [ 18.561597, 59.094609 ] ] ], [ [ [ 18.534739, 59.04049 ], [ 18.514314, 59.030677 ], [ 18.513847, 59.052584 ], [ 18.524195, 59.05613 ], [ 18.534739, 59.04049 ] ] ], [ [ [ 18.524386, 59.086414 ], [ 18.522547, 59.06701 ], [ 18.508874, 59.078583 ], [ 18.524386, 59.086414 ] ] ], [ [ [ 18.508471, 59.108293 ], [ 18.497918, 59.102473 ], [ 18.487546, 59.106978 ], [ 18.508633, 59.117964 ], [ 18.508471, 59.108293 ] ] ], [ [ [ 18.50487, 59.498275 ], [ 18.492399, 59.489822 ], [ 18.483994, 59.495041 ], [ 18.489003, 59.503076 ], [ 18.50487, 59.498275 ] ] ], [ [ [ 18.499693, 59.19479 ], [ 18.482389, 59.171446 ], [ 18.473886, 59.183664 ], [ 18.491209, 59.203107 ], [ 18.499693, 59.19479 ] ] ], [ [ [ 18.491863, 59.062026 ], [ 18.48179, 59.052031 ], [ 18.473301, 59.060616 ], [ 18.478444, 59.07134 ], [ 18.491863, 59.062026 ] ] ], [ [ [ 18.487062, 59.448637 ], [ 18.47649, 59.443407 ], [ 18.466626, 59.454087 ], [ 18.479115, 59.460477 ], [ 18.487062, 59.448637 ] ] ], [ [ [ 18.410827, 59.013977 ], [ 18.366427, 59.012376 ], [ 18.34697, 59.026048 ], [ 18.347801, 59.033595 ], [ 18.366772, 59.039944 ], [ 18.353995, 59.052335 ], [ 18.377389, 59.065477 ], [ 18.374905, 59.078226 ], [ 18.472017, 59.116741 ], [ 18.482035, 59.110808 ], [ 18.484088, 59.086315 ], [ 18.465272, 59.061826 ], [ 18.434482, 59.049472 ], [ 18.410827, 59.013977 ] ] ], [ [ [ 18.481024, 59.15436 ], [ 18.468592, 59.15187 ], [ 18.460998, 59.164154 ], [ 18.478308, 59.165251 ], [ 18.481024, 59.15436 ] ] ], [ [ [ 18.473575, 59.01116 ], [ 18.463118, 59.008748 ], [ 18.453012, 59.014826 ], [ 18.47412, 59.021183 ], [ 18.473575, 59.01116 ] ] ], [ [ [ 18.468945, 59.466321 ], [ 18.450654, 59.462667 ], [ 18.444349, 59.467562 ], [ 18.463774, 59.476778 ], [ 18.468945, 59.466321 ] ] ], [ [ [ 18.461844, 59.200266 ], [ 18.458827, 59.186922 ], [ 18.436356, 59.193926 ], [ 18.436433, 59.204639 ], [ 18.461844, 59.200266 ] ] ], [ [ [ 18.42799, 59.463998 ], [ 18.424959, 59.456056 ], [ 18.400593, 59.449019 ], [ 18.411545, 59.463998 ], [ 18.42799, 59.463998 ] ] ], [ [ [ 18.42702, 59.434627 ], [ 18.422187, 59.424393 ], [ 18.405563, 59.432132 ], [ 18.420513, 59.441122 ], [ 18.42702, 59.434627 ] ] ], [ [ [ 18.425545, 59.217271 ], [ 18.418592, 59.20792 ], [ 18.400892, 59.219027 ], [ 18.407218, 59.22346 ], [ 18.425545, 59.217271 ] ] ], [ [ [ 18.41826, 59.110513 ], [ 18.406746, 59.098095 ], [ 18.397332, 59.10177 ], [ 18.413501, 59.118269 ], [ 18.41826, 59.110513 ] ] ], [ [ [ 18.41564, 58.97498 ], [ 18.406625, 58.963338 ], [ 18.396256, 58.973303 ], [ 18.40133, 58.981614 ], [ 18.41564, 58.97498 ] ] ], [ [ [ 18.411848, 59.234797 ], [ 18.407006, 59.230443 ], [ 18.389888, 59.241892 ], [ 18.397456, 59.250066 ], [ 18.411848, 59.234797 ] ] ], [ [ [ 18.386447, 59.258424 ], [ 18.373597, 59.244768 ], [ 18.36658, 59.252664 ], [ 18.369523, 59.261865 ], [ 18.386447, 59.258424 ] ] ], [ [ [ 18.358169, 59.266607 ], [ 18.363684, 59.254418 ], [ 18.332252, 59.25997 ], [ 18.331258, 59.266607 ], [ 18.358169, 59.266607 ] ] ], [ [ [ 18.361012, 58.979862 ], [ 18.357145, 58.966175 ], [ 18.287312, 58.946838 ], [ 18.28785, 58.934699 ], [ 18.306306, 58.926731 ], [ 18.230054, 58.918319 ], [ 18.22522, 58.910739 ], [ 18.204346, 58.907119 ], [ 18.185802, 58.921559 ], [ 18.1707, 58.911101 ], [ 18.181983, 58.906001 ], [ 18.18089, 58.892181 ], [ 18.164953, 58.894566 ], [ 18.165419, 58.907444 ], [ 18.151183, 58.897585 ], [ 18.149539, 58.912256 ], [ 18.166121, 58.921559 ], [ 18.171677, 58.941456 ], [ 18.18696, 58.946738 ], [ 18.189998, 58.939169 ], [ 18.203451, 58.942685 ], [ 18.214603, 58.933471 ], [ 18.256348, 58.959126 ], [ 18.296528, 58.960025 ], [ 18.302005, 58.967329 ], [ 18.361012, 58.979862 ] ] ], [ [ [ 18.335056, 59.04093 ], [ 18.324572, 59.036471 ], [ 18.315865, 59.039736 ], [ 18.317756, 59.047487 ], [ 18.332875, 59.050056 ], [ 18.335056, 59.04093 ] ] ], [ [ [ 18.215272, 59.020038 ], [ 18.198555, 59.017954 ], [ 18.188294, 58.996705 ], [ 18.178609, 59.014331 ], [ 18.164853, 59.001528 ], [ 18.147499, 59.007007 ], [ 18.147739, 58.991386 ], [ 18.140558, 58.988286 ], [ 18.152237, 58.971998 ], [ 18.124629, 58.965101 ], [ 18.102511, 58.980499 ], [ 18.052116, 58.95877 ], [ 18.049363, 58.967185 ], [ 18.064378, 58.976121 ], [ 18.057646, 58.987087 ], [ 18.082419, 58.994464 ], [ 18.085696, 59.013287 ], [ 18.097161, 59.022022 ], [ 18.133204, 59.018707 ], [ 18.174108, 59.030013 ], [ 18.175862, 59.040025 ], [ 18.215272, 59.020038 ] ] ], [ [ [ 18.18536, 59.049716 ], [ 18.186616, 59.04272 ], [ 18.171737, 59.046393 ], [ 18.155337, 59.039376 ], [ 18.140568, 59.047483 ], [ 18.163064, 59.058392 ], [ 18.18536, 59.049716 ] ] ], [ [ [ 18.183745, 58.985357 ], [ 18.168566, 58.978664 ], [ 18.162379, 58.986286 ], [ 18.174586, 58.995398 ], [ 18.183745, 58.985357 ] ] ], [ [ [ 18.138816, 58.870972 ], [ 18.109677, 58.855906 ], [ 18.095338, 58.865161 ], [ 18.130414, 58.893528 ], [ 18.138816, 58.870972 ] ] ], [ [ [ 18.128196, 58.89723 ], [ 18.112332, 58.88933 ], [ 18.117801, 58.908566 ], [ 18.128196, 58.89723 ] ] ], [ [ [ 18.077411, 59.027845 ], [ 18.050175, 58.998086 ], [ 18.043756, 59.00474 ], [ 18.059016, 59.029766 ], [ 18.077411, 59.027845 ] ] ], [ [ [ 17.975091, 58.897253 ], [ 17.959425, 58.878572 ], [ 17.954827, 58.885872 ], [ 17.971693, 58.909299 ], [ 17.975091, 58.897253 ] ] ], [ [ [ 17.965537, 58.876622 ], [ 17.968171, 58.858234 ], [ 17.953468, 58.863077 ], [ 17.959043, 58.878079 ], [ 17.965537, 58.876622 ] ] ], [ [ [ 17.869993, 58.742079 ], [ 17.863307, 58.73889 ], [ 17.857488, 58.765309 ], [ 17.862553, 58.772364 ], [ 17.869993, 58.742079 ] ] ], [ [ [ 17.73998, 58.897717 ], [ 17.73498, 58.893399 ], [ 17.717224, 58.905454 ], [ 17.730397, 58.910915 ], [ 17.73998, 58.897717 ] ] ], [ [ [ 17.723864, 58.841627 ], [ 17.717726, 58.833888 ], [ 17.700398, 58.855599 ], [ 17.711276, 58.857786 ], [ 17.723864, 58.841627 ] ] ] ] } },
{ "type": "Feature", "properties": { "loc": "SE311" }, "geometry": { "type": "Polygon", "coordinates": [ [ [ 14.437156, 60.026161 ], [ 14.451797, 59.973414 ], [ 14.338831, 59.94863 ], [ 14.366472, 59.913492 ], [ 14.418319, 59.901434 ], [ 14.41679, 59.82136 ], [ 14.432188, 59.774728 ], [ 14.406422, 59.755472 ], [ 14.403363, 59.742787 ], [ 14.429247, 59.690042 ], [ 14.429997, 59.660689 ], [ 14.459885, 59.59759 ], [ 14.472522, 59.538844 ], [ 14.434447, 59.537673 ], [ 14.398504, 59.513249 ], [ 14.460666, 59.440876 ], [ 14.40234, 59.404622 ], [ 14.356683, 59.336649 ], [ 14.33176, 59.326669 ], [ 14.30869, 59.287343 ], [ 14.305554, 59.249016 ], [ 14.289891, 59.225348 ], [ 14.29004, 59.161534 ], [ 14.299722, 59.124758 ], [ 14.338046, 59.087741 ], [ 14.295995, 59.012779 ], [ 14.243802, 59.025854 ], [ 14.218965, 59.042032 ], [ 14.146908, 59.050421 ], [ 14.069819, 59.047757 ], [ 14.019648, 59.029348 ], [ 13.589936, 59.056695 ], [ 13.433181, 58.962761 ], [ 13.346916, 58.826301 ], [ 13.345827, 58.813573 ], [ 13.4093, 58.747621 ], [ 13.258247, 58.727501 ], [ 13.18209, 58.753909 ], [ 12.899192, 58.818486 ], [ 12.776834, 59.031284 ], [ 12.751728, 59.128078 ], [ 12.692124, 59.170034 ], [ 12.63898, 59.178425 ], [ 12.613909, 59.142765 ], [ 12.572035, 59.116459 ], [ 12.474048, 59.130647 ], [ 12.430344, 59.166177 ], [ 12.455327, 59.178967 ], [ 12.452445, 59.190709 ], [ 12.345305, 59.176816 ], [ 12.30867, 59.194594 ], [ 12.26744, 59.195593 ], [ 12.228462, 59.256729 ], [ 12.085, 59.254854 ], [ 12.084866, 59.230048 ], [ 12.102358, 59.19436 ], [ 12.082681, 59.179298 ], [ 11.95191, 59.246005 ], [ 11.934748, 59.230358 ], [ 11.911039, 59.22387 ], [ 11.826197, 59.23785 ], [ 11.815535, 59.342292 ], [ 11.781504, 59.385278 ], [ 11.749809, 59.483379 ], [ 11.725365, 59.518263 ], [ 11.693386, 59.593022 ], [ 11.700055, 59.608983 ], [ 11.721502, 59.62449 ], [ 11.779749, 59.642496 ], [ 11.8545, 59.649715 ], [ 11.886746, 59.689796 ], [ 11.93437, 59.695703 ], [ 11.926971, 59.790476 ], [ 11.845591, 59.84296 ], [ 11.880947, 59.856187 ], [ 11.889595, 59.870978 ], [ 11.979893, 59.898949 ], [ 12.05196, 59.886716 ], [ 12.165373, 59.889959 ], [ 12.235376, 59.928421 ], [ 12.339686, 59.966997 ], [ 12.393145, 60.011971 ], [ 12.447122, 60.040173 ], [ 12.501806, 60.103875 ], [ 12.53788, 60.189609 ], [ 12.507931, 60.273303 ], [ 12.502571, 60.318757 ], [ 12.552085, 60.354597 ], [ 12.603753, 60.413917 ], [ 12.605485, 60.5054 ], [ 12.577931, 60.55254 ], [ 12.520892, 60.598659 ], [ 12.502827, 60.648051 ], [ 12.395157, 60.737221 ], [ 12.340585, 60.840242 ], [ 12.32768, 60.893866 ], [ 12.230842, 61.010394 ], [ 12.44453, 61.049651 ], [ 12.602543, 61.047074 ], [ 12.670177, 61.055976 ], [ 12.709925, 60.992924 ], [ 13.075616, 60.808508 ], [ 13.15127, 60.760218 ], [ 13.198222, 60.690982 ], [ 13.251671, 60.67879 ], [ 13.283939, 60.638338 ], [ 13.423628, 60.519788 ], [ 13.475757, 60.456455 ], [ 13.545297, 60.423217 ], [ 13.672031, 60.39985 ], [ 13.830465, 60.254553 ], [ 13.961164, 60.17962 ], [ 14.005169, 60.194067 ], [ 13.971161, 60.24804 ], [ 14.011076, 60.243692 ], [ 14.035398, 60.229082 ], [ 14.145863, 60.2276 ], [ 14.185589, 60.180017 ], [ 14.218834, 60.096262 ], [ 14.437156, 60.026161 ] ] ] } },
{ "type": "Feature", "properties": { "loc": "SE312" }, "geometry": { "type": "Polygon", "coordinates": [ [ [ 16.703831, 60.19572 ], [ 16.539313, 60.171392 ], [ 16.527404, 60.139459 ], [ 16.443437, 60.124831 ], [ 16.379089, 60.083112 ], [ 16.263016, 60.073685 ], [ 16.198417, 60.074994 ], [ 16.154314, 60.089219 ], [ 16.14972, 60.094786 ], [ 16.158808, 60.116057 ], [ 16.151937, 60.126451 ], [ 16.126205, 60.138642 ], [ 16.057381, 60.15016 ], [ 16.012485, 60.181455 ], [ 15.955358, 60.184591 ], [ 15.883899, 60.167953 ], [ 15.805993, 60.176188 ], [ 15.771086, 60.152128 ], [ 15.730544, 60.139034 ], [ 15.733342, 60.130812 ], [ 15.757966, 60.121662 ], [ 15.722036, 60.087145 ], [ 15.71804, 60.061426 ], [ 15.695603, 60.043958 ], [ 15.723117, 60.025229 ], [ 15.706113, 60.010974 ], [ 15.715931, 59.973682 ], [ 15.695379, 59.952207 ], [ 15.67227, 59.939181 ], [ 15.63307, 59.935712 ], [ 15.5907, 59.948398 ], [ 15.525067, 59.952172 ], [ 15.495368, 59.93309 ], [ 15.480211, 59.899508 ], [ 15.455537, 59.887962 ], [ 15.422093, 59.854747 ], [ 15.364096, 59.881153 ], [ 15.203946, 60.000796 ], [ 15.125977, 60.009412 ], [ 15.057516, 60.046838 ], [ 15.034077, 60.041638 ], [ 15.007258, 60.055905 ], [ 14.93775, 60.049343 ], [ 14.88894, 60.060939 ], [ 14.842978, 60.086252 ], [ 14.836306, 60.105074 ], [ 14.812647, 60.109179 ], [ 14.743154, 60.08244 ], [ 14.747941, 59.998124 ], [ 14.437156, 60.026161 ], [ 14.218834, 60.096262 ], [ 14.185589, 60.180017 ], [ 14.145863, 60.2276 ], [ 14.035398, 60.229082 ], [ 14.011076, 60.243692 ], [ 13.971161, 60.24804 ], [ 14.005169, 60.194067 ], [ 13.961164, 60.17962 ], [ 13.830465, 60.254553 ], [ 13.672031, 60.39985 ], [ 13.545297, 60.423217 ], [ 13.475757, 60.456455 ], [ 13.423628, 60.519788 ], [ 13.283939, 60.638338 ], [ 13.251671, 60.67879 ], [ 13.198222, 60.690982 ], [ 13.15127, 60.760218 ], [ 13.075616, 60.808508 ], [ 12.709925, 60.992924 ], [ 12.670177, 61.055976 ], [ 12.685545, 61.072672 ], [ 12.709771, 61.141666 ], [ 12.790906, 61.200127 ], [ 12.830713, 61.255442 ], [ 12.868313, 61.350876 ], [ 12.858427, 61.365295 ], [ 12.569582, 61.56828 ], [ 12.419707, 61.563393 ], [ 12.341221, 61.614542 ], [ 12.275632, 61.640244 ], [ 12.13804, 61.724577 ], [ 12.29937, 62.267494 ], [ 12.604967, 62.216028 ], [ 12.80053, 62.216666 ], [ 12.900336, 62.147457 ], [ 12.953251, 62.125801 ], [ 13.011541, 62.070942 ], [ 13.156491, 62.026111 ], [ 13.278623, 62.048693 ], [ 13.303697, 62.015969 ], [ 13.350248, 61.99334 ], [ 13.236151, 61.922309 ], [ 13.388017, 61.827511 ], [ 13.48838, 61.732457 ], [ 13.505013, 61.68298 ], [ 13.548231, 61.65453 ], [ 13.831923, 61.640515 ], [ 13.983439, 61.621581 ], [ 14.222259, 61.61457 ], [ 14.327218, 61.600328 ], [ 14.394311, 61.567915 ], [ 14.447562, 61.594948 ], [ 14.671209, 61.590041 ], [ 14.673315, 61.575196 ], [ 14.656951, 61.558657 ], [ 14.672258, 61.530735 ], [ 14.659671, 61.502243 ], [ 14.68054, 61.48762 ], [ 14.733957, 61.495399 ], [ 14.894966, 61.496081 ], [ 15.082261, 61.485316 ], [ 15.153148, 61.573028 ], [ 15.217806, 61.49405 ], [ 15.350555, 61.392608 ], [ 15.447919, 61.328164 ], [ 15.653504, 61.21806 ], [ 15.681661, 61.114222 ], [ 15.761932, 61.051526 ], [ 15.921112, 61.008025 ], [ 16.130085, 60.990728 ], [ 16.2585, 60.86093 ], [ 16.381959, 60.788134 ], [ 16.385302, 60.769321 ], [ 16.375217, 60.74695 ], [ 16.32646, 60.719174 ], [ 16.313345, 60.705513 ], [ 16.311087, 60.684984 ], [ 16.242593, 60.627196 ], [ 16.139784, 60.60633 ], [ 16.189176, 60.538453 ], [ 16.277036, 60.481614 ], [ 16.34628, 60.413402 ], [ 16.394719, 60.379777 ], [ 16.482161, 60.364742 ], [ 16.533194, 60.345289 ], [ 16.611449, 60.277997 ], [ 16.631601, 60.241042 ], [ 16.689257, 60.212794 ], [ 16.703831, 60.19572 ] ] ] } },
{ "type": "Feature", "properties": { "loc": "SE313" }, "geometry": { "type": "MultiPolygon", "coordinates": [ [ [ [ 17.640233, 62.015243 ], [ 17.630035, 62.003308 ], [ 17.619392, 62.014079 ], [ 17.637182, 62.02113 ], [ 17.640233, 62.015243 ] ] ], [ [ [ 17.54193, 61.72213 ], [ 17.538015, 61.712401 ], [ 17.515971, 61.72445 ], [ 17.529472, 61.733143 ], [ 17.553325, 61.732408 ], [ 17.557954, 61.722459 ], [ 17.54193, 61.72213 ] ] ], [ [ [ 17.537052, 61.950545 ], [ 17.522166, 61.945825 ], [ 17.493474, 61.959096 ], [ 17.530189, 61.957722 ], [ 17.537052, 61.950545 ] ] ], [ [ [ 16.703831, 60.19572 ], [ 16.689257, 60.212794 ], [ 16.631601, 60.241042 ], [ 16.611449, 60.277997 ], [ 16.533194, 60.345289 ], [ 16.482161, 60.364742 ], [ 16.394719, 60.379777 ], [ 16.34628, 60.413402 ], [ 16.277036, 60.481614 ], [ 16.189176, 60.538453 ], [ 16.139784, 60.60633 ], [ 16.242593, 60.627196 ], [ 16.311087, 60.684984 ], [ 16.313345, 60.705513 ], [ 16.32646, 60.719174 ], [ 16.375217, 60.74695 ], [ 16.385302, 60.769321 ], [ 16.381959, 60.788134 ], [ 16.2585, 60.86093 ], [ 16.130085, 60.990728 ], [ 15.921112, 61.008025 ], [ 15.761932, 61.051526 ], [ 15.681661, 61.114222 ], [ 15.653504, 61.21806 ], [ 15.447919, 61.328164 ], [ 15.350555, 61.392608 ], [ 15.217806, 61.49405 ], [ 15.153148, 61.573028 ], [ 15.082261, 61.485316 ], [ 14.894966, 61.496081 ], [ 14.733957, 61.495399 ], [ 14.68054, 61.48762 ], [ 14.659671, 61.502243 ], [ 14.672258, 61.530735 ], [ 14.656951, 61.558657 ], [ 14.673315, 61.575196 ], [ 14.671209, 61.590041 ], [ 14.447562, 61.594948 ], [ 14.49843, 61.629595 ], [ 14.526198, 61.781817 ], [ 14.674452, 61.895772 ], [ 14.689822, 61.89531 ], [ 14.773384, 61.813965 ], [ 14.840952, 61.787344 ], [ 14.849612, 61.789114 ], [ 14.84435, 61.799491 ], [ 14.803771, 61.821473 ], [ 14.764365, 61.863436 ], [ 14.806915, 61.882526 ], [ 14.872918, 61.811367 ], [ 14.92611, 61.823893 ], [ 14.911068, 61.878665 ], [ 15.034967, 61.867223 ], [ 15.044812, 61.861645 ], [ 15.050179, 61.823738 ], [ 15.092135, 61.820845 ], [ 15.107569, 61.846846 ], [ 15.088925, 61.892762 ], [ 15.113945, 61.897964 ], [ 15.114532, 61.933163 ], [ 15.131902, 61.950465 ], [ 15.112241, 61.960316 ], [ 15.097558, 61.99754 ], [ 15.418938, 62.117329 ], [ 15.425705, 62.15163 ], [ 15.39686, 62.195262 ], [ 15.355277, 62.217959 ], [ 15.32734, 62.272083 ], [ 15.502316, 62.336488 ], [ 15.611531, 62.342951 ], [ 16.024929, 62.257937 ], [ 16.230223, 62.23478 ], [ 16.440404, 62.236014 ], [ 16.796203, 62.201952 ], [ 16.96149, 62.163612 ], [ 17.107441, 62.156632 ], [ 17.196213, 62.161864 ], [ 17.228347, 62.150503 ], [ 17.316094, 62.156 ], [ 17.4893, 62.13695 ], [ 17.453161, 62.074967 ], [ 17.451198, 62.041959 ], [ 17.435875, 62.002596 ], [ 17.398731, 61.983938 ], [ 17.353762, 61.938068 ], [ 17.346987, 61.912426 ], [ 17.350715, 61.879287 ], [ 17.332657, 61.851058 ], [ 17.35079, 61.824233 ], [ 17.392356, 61.804833 ], [ 17.38333, 61.76882 ], [ 17.395953, 61.7329 ], [ 17.45664, 61.724734 ], [ 17.501657, 61.700717 ], [ 17.495685, 61.651923 ], [ 17.442274, 61.629991 ], [ 17.341762, 61.696858 ], [ 17.317759, 61.667131 ], [ 17.241783, 61.715982 ], [ 17.137404, 61.716559 ], [ 17.138243, 61.71043 ], [ 17.220116, 61.685233 ], [ 17.234588, 61.665604 ], [ 17.211261, 61.644654 ], [ 17.140186, 61.633685 ], [ 17.144298, 61.625123 ], [ 17.17919, 61.623171 ], [ 17.18824, 61.61304 ], [ 17.134978, 61.60332 ], [ 17.110822, 61.578783 ], [ 17.125521, 61.55794 ], [ 17.122037, 61.534543 ], [ 17.150236, 61.489381 ], [ 17.153502, 61.454802 ], [ 17.182147, 61.429976 ], [ 17.110547, 61.41003 ], [ 17.108007, 61.390949 ], [ 17.12927, 61.367537 ], [ 17.191149, 61.340403 ], [ 17.218907, 61.312044 ], [ 17.202892, 61.285893 ], [ 17.174074, 61.271484 ], [ 17.183802, 61.237321 ], [ 17.163924, 61.204866 ], [ 17.180106, 61.086943 ], [ 17.171446, 61.034523 ], [ 17.189107, 60.996913 ], [ 17.167339, 60.950291 ], [ 17.189022, 60.921198 ], [ 17.284276, 60.877498 ], [ 17.268314, 60.820727 ], [ 17.284119, 60.798945 ], [ 17.321537, 60.806317 ], [ 17.338376, 60.795527 ], [ 17.310206, 60.784202 ], [ 17.321751, 60.750252 ], [ 17.250966, 60.69052 ], [ 17.314141, 60.664026 ], [ 17.370218, 60.654461 ], [ 17.352433, 60.595574 ], [ 17.305732, 60.512925 ], [ 17.287189, 60.449945 ], [ 17.26331, 60.432106 ], [ 17.219794, 60.429808 ], [ 17.19642, 60.406182 ], [ 17.195737, 60.376812 ], [ 17.20544, 60.359774 ], [ 17.187105, 60.301755 ], [ 17.118409, 60.283395 ], [ 17.105284, 60.26849 ], [ 17.085309, 60.262441 ], [ 17.007163, 60.27596 ], [ 16.976618, 60.293003 ], [ 16.932657, 60.287127 ], [ 16.89379, 60.257521 ], [ 16.89332, 60.23486 ], [ 16.812254, 60.213023 ], [ 16.775256, 60.192121 ], [ 16.703831, 60.19572 ] ], [ [ 15.410633, 62.014617 ], [ 15.381094, 62.031955 ], [ 15.363425, 62.025437 ], [ 15.397991, 62.008227 ], [ 15.410633, 62.014617 ] ] ], [ [ [ 17.492109, 61.945721 ], [ 17.475501, 61.942652 ], [ 17.469692, 61.95519 ], [ 17.490788, 61.956784 ], [ 17.492109, 61.945721 ] ] ], [ [ [ 17.432043, 61.554736 ], [ 17.468563, 61.541517 ], [ 17.391725, 61.537497 ], [ 17.389932, 61.551213 ], [ 17.378472, 61.542078 ], [ 17.382799, 61.53716 ], [ 17.369973, 61.536226 ], [ 17.36101, 61.557914 ], [ 17.432043, 61.554736 ] ] ], [ [ [ 17.456292, 60.747915 ], [ 17.451354, 60.740603 ], [ 17.430575, 60.744361 ], [ 17.449789, 60.751736 ], [ 17.456292, 60.747915 ] ] ], [ [ [ 17.383361, 61.637381 ], [ 17.383732, 61.609956 ], [ 17.36211, 61.619626 ], [ 17.366981, 61.627447 ], [ 17.352644, 61.637381 ], [ 17.363135, 61.649307 ], [ 17.383361, 61.637381 ] ] ], [ [ [ 17.356053, 61.559893 ], [ 17.350437, 61.551563 ], [ 17.336918, 61.558504 ], [ 17.344322, 61.563265 ], [ 17.356053, 61.559893 ] ] ], [ [ [ 17.331866, 60.722023 ], [ 17.328614, 60.714682 ], [ 17.351057, 60.717223 ], [ 17.351619, 60.711909 ], [ 17.331774, 60.707333 ], [ 17.306841, 60.714799 ], [ 17.313979, 60.722482 ], [ 17.331866, 60.722023 ] ] ], [ [ [ 17.339342, 61.348826 ], [ 17.326844, 61.340725 ], [ 17.315877, 61.349392 ], [ 17.331972, 61.356077 ], [ 17.339342, 61.348826 ] ] ], [ [ [ 17.335674, 61.559995 ], [ 17.326922, 61.547857 ], [ 17.316161, 61.553556 ], [ 17.312894, 61.565993 ], [ 17.326922, 61.568753 ], [ 17.335674, 61.559995 ] ] ], [ [ [ 17.335209, 61.170252 ], [ 17.320648, 61.14136 ], [ 17.303238, 61.1628 ], [ 17.323314, 61.172743 ], [ 17.335209, 61.170252 ] ] ], [ [ [ 17.32805, 60.674401 ], [ 17.303768, 60.673597 ], [ 17.300951, 60.676359 ], [ 17.31516, 60.695698 ], [ 17.331573, 60.683699 ], [ 17.32805, 60.674401 ] ] ], [ [ [ 17.316505, 60.843219 ], [ 17.29763, 60.834581 ], [ 17.293153, 60.841101 ], [ 17.304399, 60.850745 ], [ 17.316505, 60.843219 ] ] ], [ [ [ 17.300597, 61.5553 ], [ 17.264432, 61.554016 ], [ 17.262007, 61.566595 ], [ 17.268696, 61.575784 ], [ 17.296638, 61.572629 ], [ 17.300597, 61.5553 ] ] ], [ [ [ 17.275221, 61.244926 ], [ 17.280881, 61.232691 ], [ 17.25655, 61.240865 ], [ 17.275221, 61.244926 ] ] ], [ [ [ 17.278281, 61.054204 ], [ 17.2669, 61.053358 ], [ 17.259363, 61.06382 ], [ 17.274725, 61.068575 ], [ 17.278281, 61.054204 ] ] ], [ [ [ 17.270603, 61.006395 ], [ 17.252897, 61.003298 ], [ 17.24443, 61.012717 ], [ 17.261114, 61.015187 ], [ 17.270603, 61.006395 ] ] ], [ [ [ 17.254999, 61.039903 ], [ 17.237443, 61.02082 ], [ 17.203623, 61.028836 ], [ 17.221695, 61.046396 ], [ 17.254999, 61.039903 ] ] ], [ [ [ 17.24572, 61.226867 ], [ 17.232777, 61.222683 ], [ 17.228042, 61.229258 ], [ 17.235949, 61.238298 ], [ 17.246035, 61.234635 ], [ 17.24572, 61.226867 ] ] ], [ [ [ 17.224638, 61.371776 ], [ 17.233341, 61.352967 ], [ 17.216297, 61.367509 ], [ 17.224638, 61.371776 ] ] ], [ [ [ 17.205706, 61.581061 ], [ 17.212908, 61.568271 ], [ 17.187023, 61.570209 ], [ 17.186549, 61.576201 ], [ 17.205706, 61.581061 ] ] ], [ [ [ 17.185066, 61.584391 ], [ 17.185901, 61.575715 ], [ 17.175871, 61.577663 ], [ 17.168627, 61.592416 ], [ 17.201799, 61.595131 ], [ 17.200905, 61.58527 ], [ 17.185066, 61.584391 ] ] ], [ [ [ 17.198649, 61.534237 ], [ 17.195213, 61.523661 ], [ 17.175745, 61.533975 ], [ 17.181143, 61.539354 ], [ 17.198649, 61.534237 ] ] ], [ [ [ 17.174538, 61.529944 ], [ 17.17254, 61.511616 ], [ 17.157867, 61.518387 ], [ 17.1623, 61.526299 ], [ 17.174538, 61.529944 ] ] ] ] } },
{ "type": "Feature", "properties": { "loc": "SE322" }, "geometry": { "type": "MultiPolygon", "coordinates": [ [ [ [ 14.49843, 61.629595 ], [ 14.394311, 61.567915 ], [ 14.327218, 61.600328 ], [ 14.222259, 61.61457 ], [ 13.983439, 61.621581 ], [ 13.831923, 61.640515 ], [ 13.548231, 61.65453 ], [ 13.505013, 61.68298 ], [ 13.48838, 61.732457 ], [ 13.388017, 61.827511 ], [ 13.236151, 61.922309 ], [ 13.350248, 61.99334 ], [ 13.303697, 62.015969 ], [ 13.278623, 62.048693 ], [ 13.156491, 62.026111 ], [ 13.011541, 62.070942 ], [ 12.953251, 62.125801 ], [ 12.900336, 62.147457 ], [ 12.80053, 62.216666 ], [ 12.604967, 62.216028 ], [ 12.29937, 62.267494 ], [ 12.056627, 62.611503 ], [ 12.13449, 62.750063 ], [ 12.07755, 62.90252 ], [ 12.214312, 63.002362 ], [ 11.981052, 63.270108 ], [ 12.087144, 63.358906 ], [ 12.205267, 63.473796 ], [ 12.156938, 63.594805 ], [ 12.294308, 63.670601 ], [ 12.341107, 63.722278 ], [ 12.678599, 63.969774 ], [ 12.927817, 64.056757 ], [ 13.198393, 64.092993 ], [ 13.672582, 64.050902 ], [ 13.965724, 64.010434 ], [ 14.152802, 64.192088 ], [ 14.143955, 64.288451 ], [ 14.11391, 64.461727 ], [ 14.085648, 64.477881 ], [ 13.890905, 64.507298 ], [ 13.655033, 64.580544 ], [ 13.706082, 64.640418 ], [ 13.931266, 64.822124 ], [ 14.077549, 64.939116 ], [ 14.325985, 65.118916 ], [ 14.605028, 65.007327 ], [ 14.694173, 64.988082 ], [ 14.721199, 64.960512 ], [ 14.770009, 64.939139 ], [ 14.790424, 64.909541 ], [ 14.869407, 64.869264 ], [ 14.976297, 64.839642 ], [ 15.022805, 64.800364 ], [ 15.046816, 64.760162 ], [ 15.182812, 64.73807 ], [ 15.308154, 64.679855 ], [ 15.326251, 64.650747 ], [ 15.290673, 64.632584 ], [ 15.290416, 64.625337 ], [ 15.369484, 64.588094 ], [ 15.422048, 64.57814 ], [ 15.454978, 64.553943 ], [ 15.520195, 64.528922 ], [ 15.586588, 64.450609 ], [ 15.634447, 64.453325 ], [ 15.644785, 64.512167 ], [ 15.694888, 64.528238 ], [ 15.747461, 64.410004 ], [ 16.0046, 64.334994 ], [ 16.023709, 64.27403 ], [ 16.03718, 64.258357 ], [ 16.147093, 64.264899 ], [ 16.225556, 64.257739 ], [ 16.718954, 64.027878 ], [ 16.577316, 63.854026 ], [ 16.570649, 63.810182 ], [ 16.59878, 63.742686 ], [ 16.593225, 63.715063 ], [ 16.339527, 63.695029 ], [ 16.253643, 63.664594 ], [ 16.091926, 63.695962 ], [ 15.983126, 63.660388 ], [ 15.885843, 63.673702 ], [ 15.8327, 63.65298 ], [ 15.98141, 63.552392 ], [ 15.991551, 63.443457 ], [ 16.066556, 63.439123 ], [ 16.114063, 63.423344 ], [ 16.12717, 63.405969 ], [ 16.120207, 63.374302 ], [ 16.129454, 63.361091 ], [ 16.272865, 63.309144 ], [ 16.583825, 63.177309 ], [ 16.877145, 63.021033 ], [ 16.94784, 62.955914 ], [ 16.660888, 62.906458 ], [ 16.441297, 62.780373 ], [ 16.352571, 62.70124 ], [ 16.245271, 62.707787 ], [ 16.120307, 62.694571 ], [ 15.957592, 62.708251 ], [ 15.633773, 62.633644 ], [ 15.26519, 62.600498 ], [ 15.141964, 62.568483 ], [ 14.976517, 62.59751 ], [ 14.805121, 62.582629 ], [ 14.800069, 62.575887 ], [ 14.808213, 62.533963 ], [ 14.835804, 62.47663 ], [ 14.803784, 62.452074 ], [ 14.804793, 62.41668 ], [ 14.863352, 62.39695 ], [ 14.939091, 62.324297 ], [ 15.142855, 62.25498 ], [ 15.273213, 62.286324 ], [ 15.32734, 62.272083 ], [ 15.355277, 62.217959 ], [ 15.39686, 62.195262 ], [ 15.425705, 62.15163 ], [ 15.418938, 62.117329 ], [ 15.097558, 61.99754 ], [ 15.112241, 61.960316 ], [ 15.131902, 61.950465 ], [ 15.114532, 61.933163 ], [ 15.113945, 61.897964 ], [ 15.088925, 61.892762 ], [ 15.107569, 61.846846 ], [ 15.092135, 61.820845 ], [ 15.050179, 61.823738 ], [ 15.044812, 61.861645 ], [ 15.034967, 61.867223 ], [ 14.911068, 61.878665 ], [ 14.92611, 61.823893 ], [ 14.872918, 61.811367 ], [ 14.806915, 61.882526 ], [ 14.764365, 61.863436 ], [ 14.803771, 61.821473 ], [ 14.84435, 61.799491 ], [ 14.849612, 61.789114 ], [ 14.840952, 61.787344 ], [ 14.773384, 61.813965 ], [ 14.689822, 61.89531 ], [ 14.674452, 61.895772 ], [ 14.526198, 61.781817 ], [ 14.49843, 61.629595 ] ] ], [ [ [ 15.410633, 62.014617 ], [ 15.397991, 62.008227 ], [ 15.363425, 62.025437 ], [ 15.381094, 62.031955 ], [ 15.410633, 62.014617 ] ] ] ] } },
{ "type": "Feature", "properties": { "loc": "SE321" }, "geometry": { "type": "MultiPolygon", "coordinates": [ [ [ [ 16.718954, 64.027878 ], [ 16.885934, 63.949206 ], [ 17.727394, 63.880363 ], [ 18.403304, 63.994523 ], [ 18.466878, 63.97043 ], [ 18.472335, 63.957893 ], [ 18.461682, 63.935109 ], [ 18.411265, 63.925427 ], [ 18.473561, 63.870073 ], [ 18.488709, 63.843513 ], [ 18.588447, 63.823844 ], [ 18.64395, 63.825063 ], [ 18.714534, 63.80827 ], [ 18.75723, 63.808821 ], [ 18.816811, 63.775622 ], [ 18.898717, 63.780859 ], [ 18.951235, 63.763294 ], [ 18.957934, 63.755277 ], [ 18.954255, 63.731857 ], [ 18.999526, 63.72753 ], [ 19.1769, 63.599866 ], [ 19.19336, 63.567457 ], [ 19.286468, 63.469719 ], [ 19.261413, 63.432651 ], [ 19.232213, 63.339478 ], [ 19.149438, 63.321344 ], [ 19.093838, 63.256921 ], [ 19.041151, 63.249008 ], [ 19.054701, 63.22292 ], [ 19.038095, 63.208134 ], [ 18.944903, 63.216613 ], [ 18.920934, 63.246484 ], [ 18.876167, 63.275265 ], [ 18.811992, 63.262075 ], [ 18.750887, 63.268843 ], [ 18.756131, 63.256543 ], [ 18.853333, 63.215359 ], [ 18.789563, 63.185785 ], [ 18.737528, 63.194414 ], [ 18.722666, 63.227277 ], [ 18.691836, 63.234019 ], [ 18.693879, 63.176779 ], [ 18.621109, 63.173944 ], [ 18.580949, 63.135826 ], [ 18.539267, 63.139119 ], [ 18.518039, 63.095279 ], [ 18.472874, 63.049868 ], [ 18.399172, 63.055165 ], [ 18.377315, 63.035249 ], [ 18.338765, 63.033892 ], [ 18.307056, 63.017669 ], [ 18.298269, 63.001815 ], [ 18.315398, 62.992949 ], [ 18.46235, 62.99837 ], [ 18.522997, 62.979425 ], [ 18.504174, 62.962713 ], [ 18.429261, 62.95665 ], [ 18.434953, 62.945566 ], [ 18.470518, 62.935806 ], [ 18.479906, 62.92476 ], [ 18.426284, 62.871372 ], [ 18.392298, 62.855853 ], [ 18.339001, 62.852752 ], [ 18.285321, 62.887112 ], [ 18.248287, 62.88802 ], [ 18.226193, 62.877333 ], [ 18.219123, 62.862311 ], [ 18.228161, 62.846974 ], [ 18.256561, 62.837217 ], [ 18.249448, 62.819623 ], [ 18.216855, 62.805422 ], [ 18.174117, 62.80423 ], [ 18.133779, 62.785812 ], [ 18.094881, 62.78296 ], [ 18.018529, 62.809606 ], [ 18.061708, 62.82717 ], [ 18.049661, 62.840237 ], [ 17.965218, 62.819904 ], [ 17.944707, 62.822304 ], [ 17.920958, 62.848244 ], [ 17.89996, 62.911772 ], [ 17.820491, 62.960192 ], [ 17.791739, 63.003683 ], [ 17.771307, 63.005478 ], [ 17.745736, 62.993322 ], [ 17.740634, 62.984107 ], [ 17.749551, 62.97258 ], [ 17.887304, 62.886451 ], [ 17.884424, 62.82462 ], [ 17.948622, 62.757966 ], [ 17.970853, 62.687397 ], [ 17.956421, 62.668902 ], [ 17.911947, 62.662415 ], [ 17.922464, 62.631471 ], [ 17.913865, 62.589533 ], [ 17.862328, 62.510311 ], [ 17.812119, 62.492519 ], [ 17.719174, 62.496589 ], [ 17.688072, 62.480595 ], [ 17.68382, 62.457895 ], [ 17.709263, 62.424082 ], [ 17.709826, 62.410398 ], [ 17.542538, 62.457202 ], [ 17.46966, 62.507744 ], [ 17.349797, 62.47846 ], [ 17.351257, 62.465062 ], [ 17.382658, 62.424714 ], [ 17.37923, 62.404829 ], [ 17.356711, 62.383582 ], [ 17.382343, 62.328265 ], [ 17.431734, 62.3187 ], [ 17.488292, 62.262304 ], [ 17.634283, 62.229082 ], [ 17.620224, 62.213583 ], [ 17.567779, 62.196088 ], [ 17.551975, 62.201009 ], [ 17.542801, 62.217918 ], [ 17.516016, 62.21678 ], [ 17.511626, 62.204122 ], [ 17.523748, 62.176879 ], [ 17.4893, 62.13695 ], [ 17.316094, 62.156 ], [ 17.228347, 62.150503 ], [ 17.196213, 62.161864 ], [ 17.107441, 62.156632 ], [ 16.96149, 62.163612 ], [ 16.796203, 62.201952 ], [ 16.440404, 62.236014 ], [ 16.230223, 62.23478 ], [ 16.024929, 62.257937 ], [ 15.611531, 62.342951 ], [ 15.502316, 62.336488 ], [ 15.32734, 62.272083 ], [ 15.273213, 62.286324 ], [ 15.142855, 62.25498 ], [ 14.939091, 62.324297 ], [ 14.863352, 62.39695 ], [ 14.804793, 62.41668 ], [ 14.803784, 62.452074 ], [ 14.835804, 62.47663 ], [ 14.808213, 62.533963 ], [ 14.800069, 62.575887 ], [ 14.805121, 62.582629 ], [ 14.976517, 62.59751 ], [ 15.141964, 62.568483 ], [ 15.26519, 62.600498 ], [ 15.633773, 62.633644 ], [ 15.957592, 62.708251 ], [ 16.120307, 62.694571 ], [ 16.245271, 62.707787 ], [ 16.352571, 62.70124 ], [ 16.441297, 62.780373 ], [ 16.660888, 62.906458 ], [ 16.94784, 62.955914 ], [ 16.877145, 63.021033 ], [ 16.583825, 63.177309 ], [ 16.272865, 63.309144 ], [ 16.129454, 63.361091 ], [ 16.120207, 63.374302 ], [ 16.12717, 63.405969 ], [ 16.114063, 63.423344 ], [ 16.066556, 63.439123 ], [ 15.991551, 63.443457 ], [ 15.98141, 63.552392 ], [ 15.8327, 63.65298 ], [ 15.885843, 63.673702 ], [ 15.983126, 63.660388 ], [ 16.091926, 63.695962 ], [ 16.253643, 63.664594 ], [ 16.339527, 63.695029 ], [ 16.593225, 63.715063 ], [ 16.59878, 63.742686 ], [ 16.570649, 63.810182 ], [ 16.577316, 63.854026 ], [ 16.718954, 64.027878 ] ] ], [ [ [ 19.181093, 63.279184 ], [ 19.175363, 63.263131 ], [ 19.161054, 63.278255 ], [ 19.164101, 63.280731 ], [ 19.181093, 63.279184 ] ] ], [ [ [ 19.159485, 63.2867 ], [ 19.155555, 63.274748 ], [ 19.138469, 63.283834 ], [ 19.145537, 63.292455 ], [ 19.159485, 63.2867 ] ] ], [ [ [ 18.899186, 63.197195 ], [ 18.896216, 63.188376 ], [ 18.886945, 63.189127 ], [ 18.887122, 63.176418 ], [ 18.870594, 63.165507 ], [ 18.867614, 63.174938 ], [ 18.881159, 63.197462 ], [ 18.899186, 63.197195 ] ] ], [ [ [ 18.899114, 63.246116 ], [ 18.883908, 63.239286 ], [ 18.858899, 63.252109 ], [ 18.867816, 63.262051 ], [ 18.886066, 63.264334 ], [ 18.899114, 63.246116 ] ] ], [ [ [ 18.864676, 63.161702 ], [ 18.870825, 63.149879 ], [ 18.827413, 63.14969 ], [ 18.834622, 63.157014 ], [ 18.864676, 63.161702 ] ] ], [ [ [ 18.805922, 63.14687 ], [ 18.811599, 63.136938 ], [ 18.790188, 63.131837 ], [ 18.765313, 63.141158 ], [ 18.805922, 63.14687 ] ] ], [ [ [ 18.770329, 63.128163 ], [ 18.76203, 63.112379 ], [ 18.749855, 63.119843 ], [ 18.755877, 63.130785 ], [ 18.770329, 63.128163 ] ] ], [ [ [ 18.751839, 63.168199 ], [ 18.748879, 63.153888 ], [ 18.735475, 63.16387 ], [ 18.737133, 63.172972 ], [ 18.751839, 63.168199 ] ] ], [ [ [ 18.749142, 63.066412 ], [ 18.745361, 63.058347 ], [ 18.718783, 63.08112 ], [ 18.725275, 63.086805 ], [ 18.749142, 63.066412 ] ] ], [ [ [ 18.653659, 62.985892 ], [ 18.623801, 62.973087 ], [ 18.6167, 62.982331 ], [ 18.624297, 62.997619 ], [ 18.61582, 63.024864 ], [ 18.64016, 63.061073 ], [ 18.666437, 63.074906 ], [ 18.688719, 63.0746 ], [ 18.703102, 63.060753 ], [ 18.677103, 63.046037 ], [ 18.650798, 62.997619 ], [ 18.653659, 62.985892 ] ] ], [ [ [ 18.67453, 63.149861 ], [ 18.683648, 63.129729 ], [ 18.651649, 63.139492 ], [ 18.649177, 63.149526 ], [ 18.67453, 63.149861 ] ] ], [ [ [ 18.632499, 63.13467 ], [ 18.642832, 63.123774 ], [ 18.634149, 63.113809 ], [ 18.631775, 63.125092 ], [ 18.622698, 63.119055 ], [ 18.612554, 63.126201 ], [ 18.632499, 63.13467 ] ] ], [ [ [ 18.630064, 63.08051 ], [ 18.61305, 63.055333 ], [ 18.602657, 63.073362 ], [ 18.630064, 63.08051 ] ] ], [ [ [ 18.590391, 63.036588 ], [ 18.579564, 63.02492 ], [ 18.56982, 63.035474 ], [ 18.57807, 63.042492 ], [ 18.590391, 63.036588 ] ] ], [ [ [ 18.535642, 63.067601 ], [ 18.543191, 63.05931 ], [ 18.566047, 63.062499 ], [ 18.555656, 63.048602 ], [ 18.566666, 63.041564 ], [ 18.551254, 63.032799 ], [ 18.543199, 63.039595 ], [ 18.502017, 63.019312 ], [ 18.494912, 63.024598 ], [ 18.501066, 63.037426 ], [ 18.491243, 63.047102 ], [ 18.498193, 63.054678 ], [ 18.535642, 63.067601 ] ] ], [ [ [ 18.488299, 62.872447 ], [ 18.477264, 62.867609 ], [ 18.476829, 62.885048 ], [ 18.48694, 62.881169 ], [ 18.488299, 62.872447 ] ] ], [ [ [ 18.475238, 62.868574 ], [ 18.474703, 62.861703 ], [ 18.471627, 62.864799 ], [ 18.475238, 62.868574 ] ] ], [ [ [ 18.309468, 62.835504 ], [ 18.305671, 62.828055 ], [ 18.296035, 62.829066 ], [ 18.293269, 62.838238 ], [ 18.298301, 62.846433 ], [ 18.309468, 62.835504 ] ] ], [ [ [ 18.236201, 62.779569 ], [ 18.197353, 62.753564 ], [ 18.192875, 62.762121 ], [ 18.215149, 62.781297 ], [ 18.236201, 62.779569 ] ] ], [ [ [ 18.071245, 62.757557 ], [ 18.097924, 62.744238 ], [ 18.121384, 62.751808 ], [ 18.150407, 62.747882 ], [ 18.155501, 62.724802 ], [ 18.134397, 62.708227 ], [ 18.11833, 62.707276 ], [ 18.126798, 62.69161 ], [ 18.079787, 62.674918 ], [ 18.09956, 62.65806 ], [ 18.079799, 62.644256 ], [ 18.013972, 62.657705 ], [ 18.026163, 62.671009 ], [ 17.9968, 62.690898 ], [ 18.023906, 62.734006 ], [ 18.02056, 62.749319 ], [ 18.071245, 62.757557 ] ] ], [ [ [ 18.140361, 62.767369 ], [ 18.139646, 62.754758 ], [ 18.122575, 62.763751 ], [ 18.131832, 62.773586 ], [ 18.140361, 62.767369 ] ] ], [ [ [ 18.048669, 62.597254 ], [ 17.938348, 62.556729 ], [ 17.948712, 62.566174 ], [ 17.932092, 62.608215 ], [ 17.94318, 62.635492 ], [ 17.962742, 62.644208 ], [ 17.998244, 62.640684 ], [ 18.059568, 62.612202 ], [ 18.048669, 62.597254 ] ] ], [ [ [ 18.025818, 62.768453 ], [ 18.00828, 62.756741 ], [ 17.990816, 62.758153 ], [ 17.954258, 62.784191 ], [ 18.000754, 62.786034 ], [ 18.025818, 62.768453 ] ] ], [ [ [ 17.991376, 62.740872 ], [ 17.986723, 62.727474 ], [ 17.969983, 62.732503 ], [ 17.976793, 62.740564 ], [ 17.991376, 62.740872 ] ] ], [ [ [ 17.707465, 62.187368 ], [ 17.679893, 62.186299 ], [ 17.680897, 62.213983 ], [ 17.695418, 62.227951 ], [ 17.744065, 62.219043 ], [ 17.707465, 62.187368 ] ] ], [ [ [ 17.54815, 62.407108 ], [ 17.555964, 62.397068 ], [ 17.580956, 62.402573 ], [ 17.589938, 62.380709 ], [ 17.543218, 62.388638 ], [ 17.544858, 62.396291 ], [ 17.533342, 62.397455 ], [ 17.534352, 62.404377 ], [ 17.54815, 62.407108 ] ] ], [ [ [ 17.558614, 62.430224 ], [ 17.54124, 62.425883 ], [ 17.522016, 62.434763 ], [ 17.526198, 62.440433 ], [ 17.558614, 62.430224 ] ] ], [ [ [ 17.380148, 62.479567 ], [ 17.458208, 62.46794 ], [ 17.470181, 62.47201 ], [ 17.497579, 62.450369 ], [ 17.479943, 62.446101 ], [ 17.474762, 62.436346 ], [ 17.517724, 62.410959 ], [ 17.526159, 62.362506 ], [ 17.481895, 62.358074 ], [ 17.455095, 62.364078 ], [ 17.441955, 62.353952 ], [ 17.414128, 62.360431 ], [ 17.404756, 62.370296 ], [ 17.411238, 62.408469 ], [ 17.402882, 62.434104 ], [ 17.368437, 62.472862 ], [ 17.380148, 62.479567 ] ] ], [ [ [ 17.503675, 62.289761 ], [ 17.503163, 62.276915 ], [ 17.487036, 62.278626 ], [ 17.490371, 62.290178 ], [ 17.503675, 62.289761 ] ] ] ] } },
{ "type": "Feature", "properties": { "loc": "SE331" }, "geometry": { "type": "MultiPolygon", "coordinates": [ [ [ [ 19.286468, 63.469719 ], [ 19.19336, 63.567457 ], [ 19.1769, 63.599866 ], [ 18.999526, 63.72753 ], [ 18.954255, 63.731857 ], [ 18.957934, 63.755277 ], [ 18.951235, 63.763294 ], [ 18.898717, 63.780859 ], [ 18.816811, 63.775622 ], [ 18.75723, 63.808821 ], [ 18.714534, 63.80827 ], [ 18.64395, 63.825063 ], [ 18.588447, 63.823844 ], [ 18.488709, 63.843513 ], [ 18.473561, 63.870073 ], [ 18.411265, 63.925427 ], [ 18.461682, 63.935109 ], [ 18.472335, 63.957893 ], [ 18.466878, 63.97043 ], [ 18.403304, 63.994523 ], [ 17.727394, 63.880363 ], [ 16.885934, 63.949206 ], [ 16.225556, 64.257739 ], [ 16.147093, 64.264899 ], [ 16.03718, 64.258357 ], [ 16.023709, 64.27403 ], [ 16.0046, 64.334994 ], [ 15.747461, 64.410004 ], [ 15.694888, 64.528238 ], [ 15.644785, 64.512167 ], [ 15.634447, 64.453325 ], [ 15.586588, 64.450609 ], [ 15.520195, 64.528922 ], [ 15.454978, 64.553943 ], [ 15.422048, 64.57814 ], [ 15.369484, 64.588094 ], [ 15.290416, 64.625337 ], [ 15.290673, 64.632584 ], [ 15.326251, 64.650747 ], [ 15.308154, 64.679855 ], [ 15.182812, 64.73807 ], [ 15.046816, 64.760162 ], [ 15.022805, 64.800364 ], [ 14.976297, 64.839642 ], [ 14.869407, 64.869264 ], [ 14.790424, 64.909541 ], [ 14.770009, 64.939139 ], [ 14.721199, 64.960512 ], [ 14.694173, 64.988082 ], [ 14.605028, 65.007327 ], [ 14.325985, 65.118916 ], [ 14.381615, 65.248707 ], [ 14.506505, 65.310023 ], [ 14.499001, 65.522181 ], [ 14.541287, 65.699868 ], [ 14.625058, 65.811529 ], [ 14.584412, 65.901563 ], [ 14.517369, 66.132428 ], [ 15.035766, 66.153989 ], [ 15.481666, 66.281767 ], [ 15.453995, 66.345233 ], [ 15.770582, 66.290443 ], [ 16.51966, 66.055584 ], [ 16.776816, 66.029645 ], [ 16.98507, 65.950646 ], [ 17.674554, 65.657644 ], [ 17.847454, 65.624771 ], [ 18.022034, 65.603158 ], [ 18.055784, 65.582164 ], [ 18.07874, 65.581255 ], [ 18.105815, 65.593204 ], [ 18.139176, 65.589333 ], [ 18.149316, 65.576883 ], [ 18.175528, 65.575144 ], [ 18.194873, 65.556239 ], [ 18.338747, 65.495878 ], [ 18.431531, 65.495597 ], [ 18.500412, 65.475673 ], [ 18.527554, 65.451542 ], [ 18.582013, 65.440708 ], [ 18.719596, 65.436629 ], [ 18.768932, 65.397231 ], [ 18.837102, 65.372288 ], [ 18.872438, 65.371063 ], [ 19.011948, 65.331897 ], [ 19.020302, 65.312423 ], [ 19.033386, 65.307444 ], [ 19.097475, 65.304681 ], [ 19.256015, 65.255198 ], [ 19.269111, 65.243257 ], [ 19.248081, 65.234086 ], [ 19.249962, 65.215296 ], [ 19.334097, 65.187467 ], [ 19.394619, 65.144625 ], [ 19.446903, 65.151696 ], [ 19.607978, 65.199357 ], [ 19.707179, 65.254591 ], [ 19.898066, 65.379537 ], [ 20.002512, 65.363326 ], [ 20.022777, 65.368784 ], [ 20.039969, 65.357213 ], [ 20.805459, 65.209454 ], [ 21.259523, 65.164543 ], [ 21.324537, 65.134704 ], [ 21.53487, 65.065915 ], [ 21.454942, 65.058455 ], [ 21.473367, 65.035203 ], [ 21.528988, 65.037805 ], [ 21.524262, 65.024681 ], [ 21.405295, 65.013435 ], [ 21.363823, 64.98633 ], [ 21.356201, 64.961754 ], [ 21.246225, 64.941663 ], [ 21.235287, 64.91182 ], [ 21.208778, 64.889687 ], [ 21.205249, 64.8706 ], [ 21.175371, 64.85906 ], [ 21.148628, 64.82333 ], [ 21.092801, 64.830548 ], [ 21.046004, 64.859221 ], [ 21.021083, 64.850867 ], [ 21.030059, 64.827474 ], [ 21.102002, 64.797531 ], [ 21.104118, 64.783797 ], [ 21.231054, 64.776981 ], [ 21.271362, 64.763493 ], [ 21.276267, 64.748508 ], [ 21.234639, 64.732324 ], [ 21.272339, 64.692005 ], [ 21.264466, 64.673967 ], [ 21.182132, 64.696656 ], [ 21.169811, 64.689574 ], [ 21.227362, 64.645117 ], [ 21.255991, 64.607805 ], [ 21.325479, 64.585039 ], [ 21.347154, 64.596851 ], [ 21.375153, 64.596969 ], [ 21.428083, 64.56753 ], [ 21.464852, 64.571352 ], [ 21.486708, 64.545005 ], [ 21.535044, 64.528888 ], [ 21.5326, 64.519448 ], [ 21.503215, 64.514412 ], [ 21.452065, 64.537145 ], [ 21.42496, 64.524278 ], [ 21.429129, 64.513917 ], [ 21.464698, 64.50208 ], [ 21.481739, 64.454786 ], [ 21.503898, 64.451914 ], [ 21.532298, 64.465813 ], [ 21.580607, 64.470014 ], [ 21.600789, 64.444051 ], [ 21.517934, 64.409337 ], [ 21.461295, 64.359971 ], [ 21.42061, 64.34876 ], [ 21.398664, 64.328617 ], [ 21.365221, 64.317581 ], [ 21.352618, 64.301129 ], [ 21.28557, 64.291968 ], [ 21.24675, 64.298822 ], [ 21.12351, 64.197132 ], [ 21.076361, 64.207785 ], [ 21.027167, 64.169811 ], [ 20.977498, 64.1507 ], [ 20.959622, 64.126583 ], [ 20.94885, 64.081743 ], [ 20.910066, 64.035077 ], [ 20.895658, 63.99199 ], [ 20.80928, 63.937708 ], [ 20.761071, 63.872679 ], [ 20.720389, 63.850071 ], [ 20.674909, 63.840768 ], [ 20.684661, 63.805761 ], [ 20.634831, 63.795194 ], [ 20.607968, 63.80436 ], [ 20.579486, 63.797073 ], [ 20.565204, 63.775 ], [ 20.559926, 63.747267 ], [ 20.5387, 63.753816 ], [ 20.519914, 63.797797 ], [ 20.499907, 63.811331 ], [ 20.44468, 63.752102 ], [ 20.424396, 63.708683 ], [ 20.398565, 63.69062 ], [ 20.363122, 63.694883 ], [ 20.359675, 63.726823 ], [ 20.325773, 63.74855 ], [ 20.312579, 63.732302 ], [ 20.311103, 63.690323 ], [ 20.289483, 63.666164 ], [ 20.263957, 63.669026 ], [ 20.245493, 63.691989 ], [ 20.198711, 63.659689 ], [ 20.025259, 63.662127 ], [ 19.985906, 63.618988 ], [ 19.894314, 63.604731 ], [ 19.748762, 63.526646 ], [ 19.738566, 63.512284 ], [ 19.750819, 63.487763 ], [ 19.74969, 63.468261 ], [ 19.677695, 63.438621 ], [ 19.654727, 63.437881 ], [ 19.634349, 63.448322 ], [ 19.571016, 63.521021 ], [ 19.465041, 63.564281 ], [ 19.447741, 63.556154 ], [ 19.44157, 63.525716 ], [ 19.484798, 63.489728 ], [ 19.483643, 63.465418 ], [ 19.501562, 63.443515 ], [ 19.494804, 63.422128 ], [ 19.457199, 63.431662 ], [ 19.429544, 63.450578 ], [ 19.400425, 63.452857 ], [ 19.356222, 63.481722 ], [ 19.339861, 63.458728 ], [ 19.286468, 63.469719 ] ] ], [ [ [ 21.505949, 64.592655 ], [ 21.495093, 64.588871 ], [ 21.48359, 64.596928 ], [ 21.50189, 64.603814 ], [ 21.505949, 64.592655 ] ] ], [ [ [ 21.404521, 64.994081 ], [ 21.404938, 64.981621 ], [ 21.384403, 64.993063 ], [ 21.404521, 64.994081 ] ] ], [ [ [ 21.29251, 64.885673 ], [ 21.292149, 64.874782 ], [ 21.273818, 64.872449 ], [ 21.263443, 64.88112 ], [ 21.255939, 64.873866 ], [ 21.236507, 64.883173 ], [ 21.25405, 64.908511 ], [ 21.29251, 64.885673 ] ] ], [ [ [ 21.119654, 64.169215 ], [ 21.106325, 64.162921 ], [ 21.09871, 64.171375 ], [ 21.110826, 64.179796 ], [ 21.119654, 64.169215 ] ] ], [ [ [ 21.017692, 63.809517 ], [ 21.004575, 63.798789 ], [ 20.992974, 63.805666 ], [ 21.009824, 63.814995 ], [ 21.017692, 63.809517 ] ] ], [ [ [ 20.926868, 63.708371 ], [ 20.887842, 63.680725 ], [ 20.876856, 63.6902 ], [ 20.857805, 63.681622 ], [ 20.870766, 63.740125 ], [ 20.857588, 63.760054 ], [ 20.836887, 63.761458 ], [ 20.828621, 63.780501 ], [ 20.862037, 63.806215 ], [ 20.892458, 63.813188 ], [ 20.912771, 63.805276 ], [ 20.924863, 63.789552 ], [ 20.935532, 63.787887 ], [ 20.931233, 63.781267 ], [ 20.941937, 63.767345 ], [ 20.926868, 63.708371 ] ] ], [ [ [ 20.847403, 63.64768 ], [ 20.81122, 63.641758 ], [ 20.857205, 63.673489 ], [ 20.870578, 63.672196 ], [ 20.847403, 63.64768 ] ] ], [ [ [ 20.783464, 63.617901 ], [ 20.763544, 63.591355 ], [ 20.742866, 63.596777 ], [ 20.747414, 63.603928 ], [ 20.760917, 63.599311 ], [ 20.770573, 63.617205 ], [ 20.783464, 63.617901 ] ] ], [ [ [ 20.605294, 63.793267 ], [ 20.603685, 63.783036 ], [ 20.59074, 63.783267 ], [ 20.587292, 63.790385 ], [ 20.594999, 63.796744 ], [ 20.605294, 63.793267 ] ] ], [ [ [ 20.598846, 63.750049 ], [ 20.586762, 63.738154 ], [ 20.579744, 63.74692 ], [ 20.58396, 63.756705 ], [ 20.598846, 63.750049 ] ] ], [ [ [ 20.517284, 63.764981 ], [ 20.506384, 63.77863 ], [ 20.511497, 63.784447 ], [ 20.521449, 63.778858 ], [ 20.517284, 63.764981 ] ] ], [ [ [ 20.423749, 63.677463 ], [ 20.412406, 63.673763 ], [ 20.404965, 63.681004 ], [ 20.41925, 63.691805 ], [ 20.423749, 63.677463 ] ] ], [ [ [ 20.353563, 63.71908 ], [ 20.349524, 63.704006 ], [ 20.33628, 63.707386 ], [ 20.348142, 63.724083 ], [ 20.353563, 63.71908 ] ] ], [ [ [ 20.335932, 63.6611 ], [ 20.323188, 63.652213 ], [ 20.311728, 63.659095 ], [ 20.318703, 63.666845 ], [ 20.335932, 63.6611 ] ] ], [ [ [ 19.89962, 63.584412 ], [ 19.891163, 63.576858 ], [ 19.879299, 63.587384 ], [ 19.896263, 63.593982 ], [ 19.89962, 63.584412 ] ] ], [ [ [ 19.8984, 63.478313 ], [ 19.88144, 63.4754 ], [ 19.879881, 63.483989 ], [ 19.891267, 63.4915 ], [ 19.8984, 63.478313 ] ] ], [ [ [ 19.887261, 63.550989 ], [ 19.872951, 63.540195 ], [ 19.866789, 63.561931 ], [ 19.881991, 63.562833 ], [ 19.887261, 63.550989 ] ] ], [ [ [ 19.873967, 63.495325 ], [ 19.86523, 63.495321 ], [ 19.863021, 63.513876 ], [ 19.875837, 63.506284 ], [ 19.873967, 63.495325 ] ] ], [ [ [ 19.78911, 63.482293 ], [ 19.78729, 63.46275 ], [ 19.77802, 63.466072 ], [ 19.777497, 63.481169 ], [ 19.78911, 63.482293 ] ] ], [ [ [ 19.553666, 63.491438 ], [ 19.550523, 63.483946 ], [ 19.538078, 63.484066 ], [ 19.543167, 63.499676 ], [ 19.553666, 63.491438 ] ] ], [ [ [ 19.538163, 63.427256 ], [ 19.52377, 63.419868 ], [ 19.515034, 63.427256 ], [ 19.530718, 63.435568 ], [ 19.538163, 63.427256 ] ] ] ] } },
{ "type": "Feature", "properties": { "loc": "SE121" }, "geometry": { "type": "MultiPolygon", "coordinates": [ [ [ [ 18.864779, 60.299519 ], [ 18.862285, 60.287325 ], [ 18.847688, 60.291587 ], [ 18.853818, 60.304643 ], [ 18.864779, 60.299519 ] ] ], [ [ [ 18.733436, 60.26535 ], [ 18.719511, 60.263398 ], [ 18.71473, 60.27083 ], [ 18.7356, 60.275905 ], [ 18.733436, 60.26535 ] ] ], [ [ [ 18.708889, 60.260645 ], [ 18.702229, 60.248192 ], [ 18.681315, 60.24924 ], [ 18.690565, 60.266078 ], [ 18.708889, 60.260645 ] ] ], [ [ [ 18.68444, 60.21637 ], [ 18.674067, 60.209223 ], [ 18.663921, 60.216492 ], [ 18.673249, 60.226926 ], [ 18.68444, 60.21637 ] ] ], [ [ [ 18.648413, 60.291595 ], [ 18.671897, 60.275666 ], [ 18.669055, 60.253934 ], [ 18.639608, 60.267978 ], [ 18.638104, 60.283602 ], [ 18.627511, 60.284807 ], [ 18.624007, 60.263871 ], [ 18.603128, 60.275666 ], [ 18.603488, 60.285769 ], [ 18.62232, 60.29589 ], [ 18.648413, 60.291595 ] ] ], [ [ [ 18.66942, 60.183468 ], [ 18.662787, 60.179742 ], [ 18.636765, 60.190944 ], [ 18.644287, 60.196235 ], [ 18.66942, 60.183468 ] ] ], [ [ [ 18.660428, 60.21051 ], [ 18.645952, 60.207524 ], [ 18.635174, 60.224185 ], [ 18.61934, 60.229133 ], [ 18.623797, 60.237962 ], [ 18.651272, 60.223775 ], [ 18.660428, 60.21051 ] ] ], [ [ [ 18.635712, 60.172314 ], [ 18.632161, 60.164557 ], [ 18.608372, 60.176597 ], [ 18.614142, 60.180662 ], [ 18.635712, 60.172314 ] ] ], [ [ [ 18.626995, 60.195391 ], [ 18.588004, 60.191896 ], [ 18.567519, 60.207621 ], [ 18.588581, 60.214283 ], [ 18.627385, 60.201353 ], [ 18.626995, 60.195391 ] ] ], [ [ [ 18.626339, 60.417816 ], [ 18.612645, 60.414028 ], [ 18.606934, 60.422831 ], [ 18.611205, 60.429293 ], [ 18.626339, 60.417816 ] ] ], [ [ [ 18.615372, 60.313262 ], [ 18.614408, 60.307017 ], [ 18.587897, 60.311747 ], [ 18.596006, 60.320741 ], [ 18.615372, 60.313262 ] ] ], [ [ [ 17.416127, 59.38414 ], [ 17.384843, 59.397213 ], [ 17.389, 59.413621 ], [ 17.365635, 59.417113 ], [ 17.353615, 59.438107 ], [ 17.312067, 59.438304 ], [ 17.209085, 59.462506 ], [ 17.1601, 59.486374 ], [ 17.142296, 59.515307 ], [ 17.119964, 59.525122 ], [ 17.086183, 59.528674 ], [ 17.065114, 59.514343 ], [ 17.024399, 59.510095 ], [ 16.964911, 59.521324 ], [ 16.922694, 59.54957 ], [ 16.851479, 59.668149 ], [ 16.812777, 59.708422 ], [ 16.785798, 59.719962 ], [ 16.776019, 59.742787 ], [ 16.739767, 59.776595 ], [ 16.800726, 59.819551 ], [ 16.805895, 59.84492 ], [ 16.822672, 59.860038 ], [ 16.779956, 59.894699 ], [ 16.79779, 59.915474 ], [ 16.791504, 59.942079 ], [ 16.767981, 59.954757 ], [ 16.770177, 59.970807 ], [ 16.741875, 59.983019 ], [ 16.721252, 60.006845 ], [ 16.723449, 60.041101 ], [ 16.698788, 60.081517 ], [ 16.740782, 60.141124 ], [ 16.729821, 60.168972 ], [ 16.703831, 60.19572 ], [ 16.775256, 60.192121 ], [ 16.812254, 60.213023 ], [ 16.89332, 60.23486 ], [ 16.89379, 60.257521 ], [ 16.932657, 60.287127 ], [ 16.976618, 60.293003 ], [ 17.007163, 60.27596 ], [ 17.085309, 60.262441 ], [ 17.105284, 60.26849 ], [ 17.118409, 60.283395 ], [ 17.187105, 60.301755 ], [ 17.20544, 60.359774 ], [ 17.195737, 60.376812 ], [ 17.19642, 60.406182 ], [ 17.219794, 60.429808 ], [ 17.26331, 60.432106 ], [ 17.287189, 60.449945 ], [ 17.305732, 60.512925 ], [ 17.352433, 60.595574 ], [ 17.370218, 60.654461 ], [ 17.421415, 60.647555 ], [ 17.443117, 60.633462 ], [ 17.549182, 60.656931 ], [ 17.650986, 60.625607 ], [ 17.650962, 60.61788 ], [ 17.596445, 60.583808 ], [ 17.628547, 60.560206 ], [ 17.631902, 60.53934 ], [ 17.676009, 60.511473 ], [ 17.702903, 60.534391 ], [ 17.714942, 60.511667 ], [ 17.725595, 60.50914 ], [ 17.731536, 60.545639 ], [ 17.782957, 60.56829 ], [ 17.936999, 60.606844 ], [ 17.982364, 60.599482 ], [ 18.00876, 60.571189 ], [ 18.014335, 60.537907 ], [ 18.003316, 60.511141 ], [ 18.065144, 60.492204 ], [ 18.128771, 60.42776 ], [ 18.199354, 60.392312 ], [ 18.262539, 60.377765 ], [ 18.250188, 60.340888 ], [ 18.321058, 60.358993 ], [ 18.391301, 60.338201 ], [ 18.444779, 60.336154 ], [ 18.500771, 60.292499 ], [ 18.543672, 60.282772 ], [ 18.556988, 60.265341 ], [ 18.601641, 60.248932 ], [ 18.601894, 60.228347 ], [ 18.546072, 60.21868 ], [ 18.545867, 60.198032 ], [ 18.529156, 60.189015 ], [ 18.516247, 60.167405 ], [ 18.492875, 60.184625 ], [ 18.49435, 60.209944 ], [ 18.467877, 60.224857 ], [ 18.467427, 60.207219 ], [ 18.44822, 60.195051 ], [ 18.448062, 60.183976 ], [ 18.513266, 60.148089 ], [ 18.497627, 60.134392 ], [ 18.485688, 60.099993 ], [ 18.443693, 60.060516 ], [ 18.405092, 60.041606 ], [ 18.467194, 60.002273 ], [ 18.434383, 59.98321 ], [ 18.42104, 59.959685 ], [ 18.386942, 59.94507 ], [ 18.396513, 59.894479 ], [ 18.365328, 59.870053 ], [ 18.280224, 59.85057 ], [ 18.244892, 59.833834 ], [ 18.136871, 59.817649 ], [ 18.12103, 59.801725 ], [ 18.10383, 59.758824 ], [ 18.083467, 59.742787 ], [ 18.014045, 59.738377 ], [ 17.823732, 59.683322 ], [ 17.781478, 59.685999 ], [ 17.747329, 59.663151 ], [ 17.708995, 59.684027 ], [ 17.633313, 59.689515 ], [ 17.618226, 59.673849 ], [ 17.583586, 59.661322 ], [ 17.574739, 59.641851 ], [ 17.519505, 59.621303 ], [ 17.529354, 59.592151 ], [ 17.572445, 59.564204 ], [ 17.576309, 59.551954 ], [ 17.474141, 59.507194 ], [ 17.501454, 59.44852 ], [ 17.442398, 59.439948 ], [ 17.429004, 59.426453 ], [ 17.429368, 59.397928 ], [ 17.416127, 59.38414 ] ] ], [ [ [ 18.454131, 60.454323 ], [ 18.47253, 60.439163 ], [ 18.48086, 60.451231 ], [ 18.491153, 60.447869 ], [ 18.490805, 60.43647 ], [ 18.466283, 60.424251 ], [ 18.47454, 60.391131 ], [ 18.516667, 60.352081 ], [ 18.547761, 60.363375 ], [ 18.585057, 60.340943 ], [ 18.559181, 60.327485 ], [ 18.576148, 60.317622 ], [ 18.580535, 60.303707 ], [ 18.544094, 60.306209 ], [ 18.532347, 60.298654 ], [ 18.530733, 60.310613 ], [ 18.512062, 60.326498 ], [ 18.406679, 60.369611 ], [ 18.384778, 60.417002 ], [ 18.394513, 60.463744 ], [ 18.371656, 60.493685 ], [ 18.395707, 60.504594 ], [ 18.437713, 60.486887 ], [ 18.454131, 60.454323 ] ] ], [ [ [ 18.565539, 60.396093 ], [ 18.552411, 60.394028 ], [ 18.554583, 60.405307 ], [ 18.543576, 60.405655 ], [ 18.544665, 60.421376 ], [ 18.5548, 60.419045 ], [ 18.565539, 60.396093 ] ] ], [ [ [ 18.560355, 60.17793 ], [ 18.550074, 60.170396 ], [ 18.535074, 60.18054 ], [ 18.537325, 60.186077 ], [ 18.560355, 60.17793 ] ] ], [ [ [ 18.546376, 60.376037 ], [ 18.542072, 60.365891 ], [ 18.527967, 60.373951 ], [ 18.534798, 60.380877 ], [ 18.546376, 60.376037 ] ] ], [ [ [ 18.465267, 60.479772 ], [ 18.455483, 60.477789 ], [ 18.451897, 60.494398 ], [ 18.465602, 60.490059 ], [ 18.465267, 60.479772 ] ] ], [ [ [ 18.409056, 60.51149 ], [ 18.369519, 60.515903 ], [ 18.362915, 60.522535 ], [ 18.394424, 60.532894 ], [ 18.409758, 60.528792 ], [ 18.409056, 60.51149 ] ] ], [ [ [ 18.194522, 60.434667 ], [ 18.184554, 60.42283 ], [ 18.172755, 60.428681 ], [ 18.18932, 60.440823 ], [ 18.194522, 60.434667 ] ] ], [ [ [ 17.691071, 60.532939 ], [ 17.675864, 60.530209 ], [ 17.679844, 60.543837 ], [ 17.693426, 60.545505 ], [ 17.691071, 60.532939 ] ] ], [ [ [ 17.672367, 60.540025 ], [ 17.653274, 60.546519 ], [ 17.668326, 60.553396 ], [ 17.672367, 60.540025 ] ] ] ] } },
{ "type": "Feature", "properties": { "loc": "SE122" }, "geometry": { "type": "MultiPolygon", "coordinates": [ [ [ [ 17.631137, 58.834482 ], [ 17.702221, 58.803773 ], [ 17.705607, 58.798542 ], [ 17.664861, 58.803712 ], [ 17.610789, 58.831757 ], [ 17.631137, 58.834482 ] ] ], [ [ [ 17.627254, 58.852494 ], [ 17.619587, 58.839586 ], [ 17.605607, 58.848694 ], [ 17.618361, 58.856146 ], [ 17.627254, 58.852494 ] ] ], [ [ [ 16.750664, 58.626932 ], [ 16.681401, 58.675997 ], [ 16.541502, 58.69999 ], [ 16.387683, 58.704924 ], [ 16.362153, 58.75524 ], [ 16.332104, 58.773859 ], [ 16.305571, 58.775469 ], [ 16.300964, 58.794682 ], [ 16.265322, 58.827032 ], [ 16.194351, 58.841122 ], [ 16.168794, 58.862878 ], [ 16.105726, 58.888178 ], [ 16.072597, 58.921494 ], [ 15.90775, 58.96489 ], [ 15.842981, 59.013812 ], [ 15.810762, 59.016376 ], [ 15.778637, 58.971145 ], [ 15.753546, 58.955347 ], [ 15.741294, 58.955981 ], [ 15.720693, 58.98665 ], [ 15.665218, 58.98502 ], [ 15.650939, 59.009669 ], [ 15.622034, 59.022235 ], [ 15.644517, 59.054524 ], [ 15.708918, 59.078574 ], [ 15.705772, 59.099346 ], [ 15.790314, 59.110668 ], [ 15.793832, 59.142626 ], [ 15.761593, 59.197948 ], [ 15.888949, 59.230054 ], [ 15.871336, 59.272602 ], [ 15.881423, 59.297558 ], [ 15.905399, 59.29951 ], [ 15.915742, 59.315196 ], [ 15.939055, 59.324603 ], [ 15.942599, 59.341213 ], [ 16.033624, 59.367253 ], [ 16.077251, 59.353399 ], [ 16.154114, 59.347454 ], [ 16.263091, 59.364413 ], [ 16.287728, 59.397831 ], [ 16.2506, 59.416519 ], [ 16.25036, 59.438788 ], [ 16.259141, 59.452001 ], [ 16.71521, 59.489039 ], [ 16.767264, 59.501428 ], [ 16.833572, 59.497712 ], [ 16.909743, 59.48095 ], [ 16.945179, 59.491898 ], [ 16.964911, 59.521324 ], [ 17.024399, 59.510095 ], [ 17.065114, 59.514343 ], [ 17.086183, 59.528674 ], [ 17.142296, 59.515307 ], [ 17.1601, 59.486374 ], [ 17.209085, 59.462506 ], [ 17.312067, 59.438304 ], [ 17.353615, 59.438107 ], [ 17.365635, 59.417113 ], [ 17.389, 59.413621 ], [ 17.384843, 59.397213 ], [ 17.416127, 59.38414 ], [ 17.416135, 59.352977 ], [ 17.340495, 59.350585 ], [ 17.34961, 59.324326 ], [ 17.345534, 59.278991 ], [ 17.277071, 59.243013 ], [ 17.248583, 59.217395 ], [ 17.248168, 59.204979 ], [ 17.318728, 59.141297 ], [ 17.314457, 59.086315 ], [ 17.326837, 59.044526 ], [ 17.375711, 58.987908 ], [ 17.426712, 58.982623 ], [ 17.456593, 58.991249 ], [ 17.538594, 58.982212 ], [ 17.614909, 58.904322 ], [ 17.618689, 58.879032 ], [ 17.596043, 58.886582 ], [ 17.560025, 58.880485 ], [ 17.565616, 58.854736 ], [ 17.560036, 58.845418 ], [ 17.48965, 58.865858 ], [ 17.492258, 58.840391 ], [ 17.471783, 58.812794 ], [ 17.475864, 58.791888 ], [ 17.397175, 58.788653 ], [ 17.379005, 58.750561 ], [ 17.319114, 58.750521 ], [ 17.301992, 58.731738 ], [ 17.269935, 58.722274 ], [ 17.204337, 58.732062 ], [ 17.1439, 58.727109 ], [ 17.091048, 58.758242 ], [ 17.069502, 58.739743 ], [ 17.093704, 58.726022 ], [ 17.083325, 58.696265 ], [ 17.139059, 58.689292 ], [ 17.119964, 58.663185 ], [ 17.08878, 58.6574 ], [ 17.022868, 58.674293 ], [ 16.969374, 58.674653 ], [ 16.964447, 58.669237 ], [ 17.015776, 58.654513 ], [ 17.01767, 58.637184 ], [ 16.995382, 58.62435 ], [ 16.927937, 58.614191 ], [ 16.750664, 58.626932 ] ] ], [ [ [ 17.606821, 58.861824 ], [ 17.602499, 58.855394 ], [ 17.578433, 58.862321 ], [ 17.581639, 58.865456 ], [ 17.606821, 58.861824 ] ] ], [ [ [ 17.581322, 58.755033 ], [ 17.571973, 58.740477 ], [ 17.560402, 58.746897 ], [ 17.574172, 58.758691 ], [ 17.581322, 58.755033 ] ] ], [ [ [ 17.540835, 58.811146 ], [ 17.535553, 58.79682 ], [ 17.520178, 58.80721 ], [ 17.526812, 58.812734 ], [ 17.540835, 58.811146 ] ] ], [ [ [ 17.486073, 58.71404 ], [ 17.467525, 58.703028 ], [ 17.438555, 58.728718 ], [ 17.446314, 58.74107 ], [ 17.428216, 58.749492 ], [ 17.438035, 58.757776 ], [ 17.460536, 58.757955 ], [ 17.470222, 58.778831 ], [ 17.51322, 58.748022 ], [ 17.517202, 58.734855 ], [ 17.472383, 58.733577 ], [ 17.486073, 58.71404 ] ] ], [ [ [ 17.512038, 58.814029 ], [ 17.515562, 58.800714 ], [ 17.501074, 58.803614 ], [ 17.497462, 58.817858 ], [ 17.512038, 58.814029 ] ] ], [ [ [ 17.482453, 58.6864 ], [ 17.468361, 58.680271 ], [ 17.461079, 58.687173 ], [ 17.469314, 58.694724 ], [ 17.482453, 58.6864 ] ] ], [ [ [ 17.411403, 58.741432 ], [ 17.40219, 58.729574 ], [ 17.388947, 58.734485 ], [ 17.401321, 58.745476 ], [ 17.411403, 58.741432 ] ] ], [ [ [ 17.172732, 58.669028 ], [ 17.170798, 58.651371 ], [ 17.163712, 58.653819 ], [ 17.166958, 58.66231 ], [ 17.151097, 58.669823 ], [ 17.155473, 58.674947 ], [ 17.172732, 58.669028 ] ] ], [ [ [ 17.153403, 58.655493 ], [ 17.141922, 58.648852 ], [ 17.130284, 58.656047 ], [ 17.144827, 58.664489 ], [ 17.153403, 58.655493 ] ] ] ] } },
{ "type": "Feature", "properties": { "loc": "SE123" }, "geometry": { "type": "MultiPolygon", "coordinates": [ [ [ [ 17.027319, 58.260085 ], [ 17.000051, 58.25002 ], [ 17.000709, 58.25708 ], [ 17.021306, 58.266066 ], [ 17.027319, 58.260085 ] ] ], [ [ [ 16.993462, 58.495191 ], [ 16.963518, 58.48466 ], [ 16.938472, 58.505922 ], [ 16.901683, 58.516605 ], [ 16.895972, 58.526568 ], [ 16.917986, 58.526573 ], [ 16.993462, 58.495191 ] ] ], [ [ [ 16.988573, 58.279397 ], [ 16.985073, 58.271329 ], [ 16.965868, 58.274582 ], [ 16.978692, 58.285969 ], [ 16.988573, 58.279397 ] ] ], [ [ [ 16.974357, 58.431896 ], [ 16.968932, 58.414029 ], [ 16.9549, 58.41504 ], [ 16.951417, 58.423047 ], [ 16.974357, 58.431896 ] ] ], [ [ [ 16.965859, 58.316497 ], [ 16.957634, 58.305334 ], [ 16.934053, 58.31095 ], [ 16.942844, 58.330051 ], [ 16.965859, 58.316497 ] ] ], [ [ [ 16.958857, 58.224212 ], [ 16.943942, 58.216389 ], [ 16.937441, 58.228354 ], [ 16.946884, 58.232776 ], [ 16.958857, 58.224212 ] ] ], [ [ [ 16.949779, 58.163891 ], [ 16.936528, 58.159546 ], [ 16.926599, 58.169077 ], [ 16.940217, 58.174387 ], [ 16.949779, 58.163891 ] ] ], [ [ [ 16.947824, 58.184882 ], [ 16.932843, 58.179673 ], [ 16.913545, 58.185169 ], [ 16.912464, 58.194233 ], [ 16.921082, 58.202701 ], [ 16.937734, 58.201583 ], [ 16.947824, 58.184882 ] ] ], [ [ [ 16.920036, 58.267503 ], [ 16.931895, 58.265251 ], [ 16.91218, 58.246849 ], [ 16.903391, 58.249837 ], [ 16.913282, 58.266406 ], [ 16.884716, 58.248545 ], [ 16.869067, 58.251852 ], [ 16.872808, 58.265087 ], [ 16.920824, 58.284613 ], [ 16.920036, 58.267503 ] ] ], [ [ [ 16.929435, 58.219183 ], [ 16.910977, 58.21798 ], [ 16.920824, 58.233091 ], [ 16.929409, 58.230381 ], [ 16.929435, 58.219183 ] ] ], [ [ [ 16.666684, 57.996076 ], [ 16.630516, 58.003566 ], [ 16.604579, 58.034878 ], [ 16.602198, 58.053439 ], [ 16.563413, 58.100112 ], [ 16.543206, 58.109891 ], [ 16.486058, 58.09391 ], [ 16.40421, 58.129091 ], [ 16.375766, 58.131062 ], [ 16.329029, 58.119906 ], [ 16.262282, 58.138959 ], [ 16.205579, 58.108035 ], [ 16.175321, 58.103329 ], [ 16.165992, 58.064093 ], [ 16.147615, 58.065309 ], [ 16.120316, 58.083072 ], [ 16.06662, 58.071047 ], [ 16.002291, 58.081412 ], [ 15.99497, 58.071955 ], [ 16.012749, 58.053439 ], [ 15.997835, 58.022368 ], [ 16.078525, 57.978073 ], [ 16.034647, 57.957216 ], [ 16.021233, 57.942438 ], [ 16.030075, 57.922794 ], [ 16.057768, 57.902462 ], [ 16.060099, 57.87279 ], [ 15.939942, 57.805966 ], [ 15.888784, 57.828779 ], [ 15.823358, 57.818278 ], [ 15.763125, 57.850958 ], [ 15.68166, 57.858668 ], [ 15.60689, 57.853584 ], [ 15.601422, 57.825432 ], [ 15.548127, 57.791009 ], [ 15.549306, 57.773674 ], [ 15.443526, 57.747103 ], [ 15.441321, 57.717626 ], [ 15.421051, 57.704879 ], [ 15.33344, 57.701669 ], [ 15.28304, 57.713292 ], [ 15.168372, 57.706432 ], [ 15.132059, 57.719158 ], [ 15.086617, 57.780027 ], [ 15.070362, 57.841552 ], [ 15.036812, 57.863962 ], [ 15.000045, 57.904383 ], [ 15.006206, 57.923845 ], [ 14.999993, 57.941746 ], [ 15.014837, 57.961714 ], [ 15.016279, 57.984195 ], [ 15.063727, 57.987925 ], [ 15.076717, 58.003227 ], [ 15.03556, 58.047121 ], [ 15.028695, 58.07135 ], [ 14.973729, 58.148021 ], [ 14.932751, 58.135287 ], [ 14.893475, 58.134045 ], [ 14.89513, 58.124835 ], [ 14.913505, 58.116516 ], [ 14.893322, 58.1055 ], [ 14.890434, 58.088709 ], [ 14.811419, 58.083481 ], [ 14.770791, 58.086628 ], [ 14.752887, 58.101449 ], [ 14.639533, 58.096157 ], [ 14.549933, 58.10728 ], [ 14.470055, 58.131879 ], [ 14.41671, 58.18724 ], [ 14.523008, 58.357665 ], [ 14.67305, 58.509871 ], [ 14.778937, 58.645992 ], [ 14.81007, 58.665504 ], [ 14.919596, 58.693919 ], [ 14.973795, 58.685766 ], [ 15.033856, 58.706746 ], [ 15.069775, 58.755786 ], [ 15.117039, 58.778681 ], [ 15.138843, 58.816426 ], [ 15.198189, 58.815559 ], [ 15.220225, 58.839947 ], [ 15.243392, 58.841424 ], [ 15.267265, 58.863115 ], [ 15.29525, 58.851873 ], [ 15.323165, 58.856289 ], [ 15.346759, 58.831907 ], [ 15.380284, 58.844759 ], [ 15.402827, 58.842086 ], [ 15.422754, 58.811653 ], [ 15.452848, 58.825991 ], [ 15.445854, 58.862467 ], [ 15.550097, 58.870285 ], [ 15.56468, 58.892507 ], [ 15.588163, 58.900668 ], [ 15.589157, 58.913049 ], [ 15.562664, 58.938631 ], [ 15.563364, 58.95591 ], [ 15.590522, 58.960563 ], [ 15.625975, 58.980231 ], [ 15.663232, 58.974566 ], [ 15.720693, 58.98665 ], [ 15.741294, 58.955981 ], [ 15.753546, 58.955347 ], [ 15.778637, 58.971145 ], [ 15.810762, 59.016376 ], [ 15.842981, 59.013812 ], [ 15.90775, 58.96489 ], [ 16.072597, 58.921494 ], [ 16.105726, 58.888178 ], [ 16.168794, 58.862878 ], [ 16.194351, 58.841122 ], [ 16.265322, 58.827032 ], [ 16.300964, 58.794682 ], [ 16.305571, 58.775469 ], [ 16.332104, 58.773859 ], [ 16.362153, 58.75524 ], [ 16.387683, 58.704924 ], [ 16.541502, 58.69999 ], [ 16.681401, 58.675997 ], [ 16.750664, 58.626932 ], [ 16.282007, 58.664746 ], [ 16.253512, 58.659888 ], [ 16.25375, 58.641133 ], [ 16.242468, 58.628445 ], [ 16.260608, 58.614592 ], [ 16.286872, 58.610128 ], [ 16.356551, 58.623802 ], [ 16.406567, 58.595001 ], [ 16.45264, 58.630766 ], [ 16.528923, 58.620181 ], [ 16.578342, 58.626722 ], [ 16.699914, 58.602829 ], [ 16.76788, 58.598542 ], [ 16.781041, 58.590871 ], [ 16.79283, 58.565031 ], [ 16.836913, 58.545821 ], [ 16.914427, 58.489704 ], [ 16.820767, 58.4425 ], [ 16.653253, 58.423792 ], [ 16.727882, 58.36835 ], [ 16.771133, 58.353723 ], [ 16.772051, 58.341536 ], [ 16.749314, 58.327137 ], [ 16.795399, 58.311079 ], [ 16.799468, 58.290856 ], [ 16.757537, 58.254627 ], [ 16.803771, 58.225856 ], [ 16.83253, 58.18415 ], [ 16.807814, 58.106662 ], [ 16.742745, 58.112494 ], [ 16.781772, 58.06463 ], [ 16.754213, 58.055131 ], [ 16.74629, 58.017166 ], [ 16.715846, 58.004419 ], [ 16.676491, 58.011131 ], [ 16.666684, 57.996076 ] ] ], [ [ [ 16.80894, 58.41538 ], [ 16.819106, 58.395501 ], [ 16.857325, 58.400792 ], [ 16.848885, 58.371079 ], [ 16.824706, 58.364001 ], [ 16.856452, 58.33994 ], [ 16.884656, 58.329521 ], [ 16.912386, 58.346506 ], [ 16.903962, 58.32428 ], [ 16.876586, 58.317401 ], [ 16.81292, 58.33076 ], [ 16.802019, 58.368546 ], [ 16.783831, 58.382378 ], [ 16.785371, 58.404171 ], [ 16.80894, 58.41538 ] ] ], [ [ [ 16.886899, 58.412585 ], [ 16.901256, 58.399709 ], [ 16.901793, 58.384187 ], [ 16.885682, 58.386674 ], [ 16.887006, 58.402292 ], [ 16.874366, 58.398498 ], [ 16.8796, 58.38688 ], [ 16.874144, 58.380691 ], [ 16.861275, 58.382691 ], [ 16.871141, 58.420321 ], [ 16.88909, 58.419333 ], [ 16.886899, 58.412585 ] ] ], [ [ [ 16.891307, 58.358519 ], [ 16.879982, 58.344846 ], [ 16.865435, 58.348711 ], [ 16.883003, 58.36422 ], [ 16.874643, 58.371473 ], [ 16.890532, 58.377653 ], [ 16.899778, 58.372797 ], [ 16.885278, 58.363128 ], [ 16.891307, 58.358519 ] ] ], [ [ [ 16.895116, 58.192291 ], [ 16.882376, 58.182736 ], [ 16.877549, 58.188852 ], [ 16.892005, 58.201278 ], [ 16.895116, 58.192291 ] ] ], [ [ [ 16.87938, 58.278012 ], [ 16.830583, 58.265114 ], [ 16.824422, 58.284127 ], [ 16.831684, 58.31501 ], [ 16.886498, 58.296891 ], [ 16.87938, 58.278012 ] ] ], [ [ [ 16.870111, 58.109827 ], [ 16.86249, 58.098666 ], [ 16.845453, 58.10277 ], [ 16.85021, 58.109878 ], [ 16.870111, 58.109827 ] ] ], [ [ [ 16.866859, 58.242485 ], [ 16.868486, 58.235084 ], [ 16.853012, 58.233354 ], [ 16.829259, 58.238862 ], [ 16.838778, 58.253675 ], [ 16.866859, 58.242485 ] ] ], [ [ [ 16.851921, 58.14027 ], [ 16.835644, 58.123985 ], [ 16.83271, 58.138764 ], [ 16.851921, 58.14027 ] ] ], [ [ [ 16.843088, 58.088816 ], [ 16.837459, 58.085644 ], [ 16.825365, 58.094966 ], [ 16.833185, 58.103506 ], [ 16.843088, 58.088816 ] ] ], [ [ [ 16.838787, 58.419394 ], [ 16.827734, 58.407457 ], [ 16.817101, 58.420706 ], [ 16.838787, 58.419394 ] ] ], [ [ [ 16.809025, 58.010969 ], [ 16.803555, 58.000211 ], [ 16.786622, 58.016065 ], [ 16.788509, 58.017471 ], [ 16.809025, 58.010969 ] ] ], [ [ [ 16.742815, 58.395392 ], [ 16.732769, 58.393869 ], [ 16.730033, 58.409995 ], [ 16.744102, 58.409332 ], [ 16.742815, 58.395392 ] ] ], [ [ [ 16.412982, 58.622914 ], [ 16.399751, 58.619663 ], [ 16.3916, 58.629606 ], [ 16.41107, 58.633103 ], [ 16.412982, 58.622914 ] ] ], [ [ [ 16.338892, 58.647773 ], [ 16.328506, 58.639611 ], [ 16.313833, 58.648245 ], [ 16.323033, 58.654206 ], [ 16.338892, 58.647773 ] ] ] ] } },
{ "type": "Feature", "properties": { "loc": "SE124" }, "geometry": { "type": "Polygon", "coordinates": [ [ [ 14.295995, 59.012779 ], [ 14.338046, 59.087741 ], [ 14.299722, 59.124758 ], [ 14.29004, 59.161534 ], [ 14.289891, 59.225348 ], [ 14.305554, 59.249016 ], [ 14.30869, 59.287343 ], [ 14.33176, 59.326669 ], [ 14.356683, 59.336649 ], [ 14.40234, 59.404622 ], [ 14.460666, 59.440876 ], [ 14.398504, 59.513249 ], [ 14.434447, 59.537673 ], [ 14.472522, 59.538844 ], [ 14.459885, 59.59759 ], [ 14.429997, 59.660689 ], [ 14.429247, 59.690042 ], [ 14.403363, 59.742787 ], [ 14.406422, 59.755472 ], [ 14.432188, 59.774728 ], [ 14.41679, 59.82136 ], [ 14.418319, 59.901434 ], [ 14.366472, 59.913492 ], [ 14.338831, 59.94863 ], [ 14.451797, 59.973414 ], [ 14.437156, 60.026161 ], [ 14.747941, 59.998124 ], [ 14.743154, 60.08244 ], [ 14.812647, 60.109179 ], [ 14.836306, 60.105074 ], [ 14.842978, 60.086252 ], [ 14.88894, 60.060939 ], [ 14.93775, 60.049343 ], [ 15.007258, 60.055905 ], [ 15.034077, 60.041638 ], [ 15.057516, 60.046838 ], [ 15.125977, 60.009412 ], [ 15.203946, 60.000796 ], [ 15.364096, 59.881153 ], [ 15.422093, 59.854747 ], [ 15.449863, 59.832125 ], [ 15.437499, 59.799535 ], [ 15.505507, 59.792406 ], [ 15.543755, 59.732495 ], [ 15.546613, 59.701158 ], [ 15.518821, 59.658058 ], [ 15.52165, 59.639351 ], [ 15.551185, 59.629043 ], [ 15.612602, 59.624507 ], [ 15.633008, 59.590141 ], [ 15.627618, 59.55928 ], [ 15.634708, 59.527573 ], [ 15.695516, 59.535978 ], [ 15.712442, 59.520476 ], [ 15.713122, 59.508629 ], [ 15.690925, 59.485468 ], [ 15.712517, 59.467018 ], [ 15.726701, 59.415484 ], [ 15.606087, 59.389596 ], [ 15.604306, 59.367943 ], [ 15.631242, 59.327286 ], [ 15.615653, 59.291539 ], [ 15.688478, 59.268267 ], [ 15.729659, 59.227345 ], [ 15.777922, 59.225315 ], [ 15.761593, 59.197948 ], [ 15.793832, 59.142626 ], [ 15.790314, 59.110668 ], [ 15.705772, 59.099346 ], [ 15.708918, 59.078574 ], [ 15.644517, 59.054524 ], [ 15.622034, 59.022235 ], [ 15.650939, 59.009669 ], [ 15.665218, 58.98502 ], [ 15.68675, 58.981918 ], [ 15.663232, 58.974566 ], [ 15.625975, 58.980231 ], [ 15.590522, 58.960563 ], [ 15.563364, 58.95591 ], [ 15.562664, 58.938631 ], [ 15.589157, 58.913049 ], [ 15.588163, 58.900668 ], [ 15.56468, 58.892507 ], [ 15.550097, 58.870285 ], [ 15.445854, 58.862467 ], [ 15.452848, 58.825991 ], [ 15.422754, 58.811653 ], [ 15.402827, 58.842086 ], [ 15.380284, 58.844759 ], [ 15.346759, 58.831907 ], [ 15.323165, 58.856289 ], [ 15.29525, 58.851873 ], [ 15.267265, 58.863115 ], [ 15.243392, 58.841424 ], [ 15.220225, 58.839947 ], [ 15.198189, 58.815559 ], [ 15.138843, 58.816426 ], [ 15.117039, 58.778681 ], [ 15.069775, 58.755786 ], [ 15.033856, 58.706746 ], [ 14.973795, 58.685766 ], [ 14.919596, 58.693919 ], [ 14.81007, 58.665504 ], [ 14.778937, 58.645992 ], [ 14.707093, 58.693934 ], [ 14.676363, 58.737137 ], [ 14.632834, 58.734043 ], [ 14.615364, 58.696104 ], [ 14.555183, 58.682295 ], [ 14.540188, 58.713486 ], [ 14.480027, 58.720807 ], [ 14.466323, 58.777252 ], [ 14.410034, 58.807399 ], [ 14.375708, 58.845609 ], [ 14.386893, 58.8664 ], [ 14.38351, 58.878508 ], [ 14.329662, 58.904935 ], [ 14.296512, 58.942313 ], [ 14.295995, 59.012779 ] ] ] } },
{ "type": "Feature", "properties": { "loc": "SE232" }, "geometry": { "type": "MultiPolygon", "coordinates": [ [ [ [ 11.922901, 57.562223 ], [ 11.910818, 57.61495 ], [ 11.8537, 57.62912 ], [ 11.860592, 57.687685 ], [ 11.768685, 57.69162 ], [ 11.725328, 57.709431 ], [ 11.735412, 57.734099 ], [ 11.785338, 57.756924 ], [ 11.798782, 57.778386 ], [ 11.740053, 57.796053 ], [ 11.699026, 57.833478 ], [ 11.687884, 57.857051 ], [ 11.704812, 57.88886 ], [ 11.758543, 57.918146 ], [ 11.76749, 57.968244 ], [ 11.808395, 58.011736 ], [ 11.810159, 58.081913 ], [ 11.84136, 58.127697 ], [ 11.866013, 58.187292 ], [ 11.889421, 58.212941 ], [ 11.852301, 58.247644 ], [ 11.82904, 58.291636 ], [ 11.857151, 58.328253 ], [ 11.731092, 58.328852 ], [ 11.647193, 58.268815 ], [ 11.569112, 58.250441 ], [ 11.529394, 58.218279 ], [ 11.548618, 58.213741 ], [ 11.611412, 58.239969 ], [ 11.658688, 58.249735 ], [ 11.699987, 58.287944 ], [ 11.738149, 58.291357 ], [ 11.828989, 58.226357 ], [ 11.837401, 58.170288 ], [ 11.815611, 58.134851 ], [ 11.715092, 58.102666 ], [ 11.638218, 58.11878 ], [ 11.616505, 58.112581 ], [ 11.60216, 58.117659 ], [ 11.566951, 58.092105 ], [ 11.517347, 58.072122 ], [ 11.467613, 58.093617 ], [ 11.442115, 58.091404 ], [ 11.450878, 58.10906 ], [ 11.425623, 58.140278 ], [ 11.423951, 58.155309 ], [ 11.455839, 58.191518 ], [ 11.428711, 58.207173 ], [ 11.428709, 58.225992 ], [ 11.464142, 58.251415 ], [ 11.511999, 58.257234 ], [ 11.543327, 58.304566 ], [ 11.635138, 58.381419 ], [ 11.645509, 58.413249 ], [ 11.616003, 58.419968 ], [ 11.582716, 58.440134 ], [ 11.5497, 58.345757 ], [ 11.490749, 58.296209 ], [ 11.450607, 58.282132 ], [ 11.415607, 58.324345 ], [ 11.4338, 58.353261 ], [ 11.430097, 58.362711 ], [ 11.390606, 58.359755 ], [ 11.370503, 58.377991 ], [ 11.258493, 58.365267 ], [ 11.238271, 58.395972 ], [ 11.240766, 58.423038 ], [ 11.28697, 58.442293 ], [ 11.311653, 58.475124 ], [ 11.249623, 58.528888 ], [ 11.257392, 58.569961 ], [ 11.281938, 58.59257 ], [ 11.259499, 58.663132 ], [ 11.23116, 58.645831 ], [ 11.214623, 58.653661 ], [ 11.238342, 58.671012 ], [ 11.239642, 58.680584 ], [ 11.183636, 58.722895 ], [ 11.143889, 58.775464 ], [ 11.146486, 58.793369 ], [ 11.179566, 58.775429 ], [ 11.211989, 58.784624 ], [ 11.227038, 58.805386 ], [ 11.203205, 58.815872 ], [ 11.220247, 58.84143 ], [ 11.198908, 58.879145 ], [ 11.190698, 58.87592 ], [ 11.196196, 58.844373 ], [ 11.16377, 58.837769 ], [ 11.15291, 58.865888 ], [ 11.118092, 58.903288 ], [ 11.125471, 58.914532 ], [ 11.163641, 58.925741 ], [ 11.137783, 58.957599 ], [ 11.15358, 58.989559 ], [ 11.135618, 59.003047 ], [ 11.134823, 59.017283 ], [ 11.151671, 59.042199 ], [ 11.193666, 59.07253 ], [ 11.333269, 59.103838 ], [ 11.370523, 59.083728 ], [ 11.460827, 58.988658 ], [ 11.460273, 58.890309 ], [ 11.531217, 58.879116 ], [ 11.55294, 58.896099 ], [ 11.592862, 58.892995 ], [ 11.650626, 58.908668 ], [ 11.687374, 58.957568 ], [ 11.68771, 58.990167 ], [ 11.710576, 59.031542 ], [ 11.776191, 59.090567 ], [ 11.766807, 59.116987 ], [ 11.776767, 59.138378 ], [ 11.784786, 59.206123 ], [ 11.826197, 59.23785 ], [ 11.911039, 59.22387 ], [ 11.934748, 59.230358 ], [ 11.95191, 59.246005 ], [ 12.082681, 59.179298 ], [ 12.102358, 59.19436 ], [ 12.084866, 59.230048 ], [ 12.085, 59.254854 ], [ 12.228462, 59.256729 ], [ 12.26744, 59.195593 ], [ 12.30867, 59.194594 ], [ 12.345305, 59.176816 ], [ 12.452445, 59.190709 ], [ 12.455327, 59.178967 ], [ 12.430344, 59.166177 ], [ 12.474048, 59.130647 ], [ 12.572035, 59.116459 ], [ 12.613909, 59.142765 ], [ 12.63898, 59.178425 ], [ 12.692124, 59.170034 ], [ 12.751728, 59.128078 ], [ 12.776834, 59.031284 ], [ 12.899192, 58.818486 ], [ 13.18209, 58.753909 ], [ 13.258247, 58.727501 ], [ 13.4093, 58.747621 ], [ 13.345827, 58.813573 ], [ 13.346916, 58.826301 ], [ 13.433181, 58.962761 ], [ 13.589936, 59.056695 ], [ 14.019648, 59.029348 ], [ 14.069819, 59.047757 ], [ 14.146908, 59.050421 ], [ 14.218965, 59.042032 ], [ 14.243802, 59.025854 ], [ 14.295995, 59.012779 ], [ 14.296512, 58.942313 ], [ 14.329662, 58.904935 ], [ 14.38351, 58.878508 ], [ 14.386893, 58.8664 ], [ 14.375708, 58.845609 ], [ 14.410034, 58.807399 ], [ 14.466323, 58.777252 ], [ 14.480027, 58.720807 ], [ 14.540188, 58.713486 ], [ 14.555183, 58.682295 ], [ 14.615364, 58.696104 ], [ 14.632834, 58.734043 ], [ 14.676363, 58.737137 ], [ 14.707093, 58.693934 ], [ 14.778937, 58.645992 ], [ 14.67305, 58.509871 ], [ 14.523008, 58.357665 ], [ 14.41671, 58.18724 ], [ 14.309526, 58.133526 ], [ 14.173181, 58.130106 ], [ 14.133646, 58.140388 ], [ 14.10776, 58.06899 ], [ 14.042632, 58.020453 ], [ 13.971953, 58.009835 ], [ 13.927815, 58.038051 ], [ 13.779195, 58.049395 ], [ 13.769252, 58.035916 ], [ 13.768118, 58.009755 ], [ 13.702835, 57.972729 ], [ 13.727384, 57.938497 ], [ 13.762645, 57.935585 ], [ 13.78868, 57.913742 ], [ 13.737873, 57.848997 ], [ 13.748638, 57.774071 ], [ 13.706919, 57.704801 ], [ 13.72047, 57.685507 ], [ 13.718526, 57.659718 ], [ 13.670394, 57.613175 ], [ 13.681244, 57.553458 ], [ 13.606495, 57.506383 ], [ 13.51475, 57.422266 ], [ 13.507172, 57.399883 ], [ 13.439987, 57.366766 ], [ 13.424013, 57.347881 ], [ 13.36069, 57.321433 ], [ 13.291221, 57.306919 ], [ 13.267025, 57.259102 ], [ 13.201594, 57.246595 ], [ 13.152778, 57.182014 ], [ 13.100761, 57.145515 ], [ 13.090975, 57.157523 ], [ 13.056581, 57.148793 ], [ 13.027438, 57.156695 ], [ 13.024546, 57.180393 ], [ 12.920001, 57.178114 ], [ 12.914138, 57.185711 ], [ 12.919689, 57.220549 ], [ 12.949974, 57.241446 ], [ 12.92909, 57.262946 ], [ 12.840285, 57.269767 ], [ 12.807577, 57.298441 ], [ 12.758553, 57.27634 ], [ 12.698512, 57.327588 ], [ 12.664861, 57.339412 ], [ 12.636729, 57.330994 ], [ 12.600939, 57.343834 ], [ 12.539859, 57.317652 ], [ 12.50758, 57.284465 ], [ 12.434527, 57.271605 ], [ 12.423836, 57.301159 ], [ 12.427379, 57.318762 ], [ 12.400022, 57.328651 ], [ 12.386795, 57.344162 ], [ 12.395996, 57.377529 ], [ 12.416451, 57.399485 ], [ 12.398381, 57.4366 ], [ 12.327751, 57.460535 ], [ 12.342285, 57.488018 ], [ 12.315801, 57.518965 ], [ 12.335818, 57.562477 ], [ 12.277912, 57.594395 ], [ 12.203481, 57.572506 ], [ 12.076029, 57.551271 ], [ 12.015623, 57.547007 ], [ 11.983775, 57.563996 ], [ 11.922901, 57.562223 ] ], [ [ 13.664353, 57.608204 ], [ 13.653227, 57.610334 ], [ 13.640284, 57.595172 ], [ 13.64793, 57.592378 ], [ 13.664353, 57.608204 ] ] ], [ [ [ 11.837438, 57.619571 ], [ 11.828143, 57.6145 ], [ 11.818852, 57.626124 ], [ 11.824185, 57.631818 ], [ 11.837438, 57.619571 ] ] ], [ [ [ 11.764087, 57.626117 ], [ 11.764912, 57.619099 ], [ 11.786328, 57.625301 ], [ 11.793327, 57.608697 ], [ 11.804235, 57.610056 ], [ 11.818096, 57.594513 ], [ 11.789829, 57.602165 ], [ 11.773709, 57.597974 ], [ 11.764982, 57.612699 ], [ 11.741095, 57.619929 ], [ 11.746487, 57.631293 ], [ 11.764087, 57.626117 ] ] ], [ [ [ 11.813154, 57.63271 ], [ 11.802945, 57.620549 ], [ 11.794568, 57.622147 ], [ 11.806681, 57.637272 ], [ 11.813154, 57.63271 ] ] ], [ [ [ 11.8026, 57.662898 ], [ 11.80959, 57.646334 ], [ 11.800681, 57.640619 ], [ 11.793555, 57.645913 ], [ 11.78133, 57.631611 ], [ 11.76389, 57.640765 ], [ 11.729231, 57.639422 ], [ 11.730669, 57.646429 ], [ 11.783193, 57.652833 ], [ 11.8026, 57.662898 ] ] ], [ [ [ 11.803457, 58.278647 ], [ 11.79089, 58.269261 ], [ 11.769636, 58.292776 ], [ 11.788861, 58.298776 ], [ 11.788706, 58.285743 ], [ 11.803457, 58.278647 ] ] ], [ [ [ 11.792011, 57.587402 ], [ 11.792451, 57.562382 ], [ 11.778786, 57.563684 ], [ 11.770982, 57.590618 ], [ 11.792011, 57.587402 ] ] ], [ [ [ 11.761772, 58.108416 ], [ 11.788414, 58.09754 ], [ 11.7783, 58.085428 ], [ 11.765457, 58.081851 ], [ 11.75984, 58.091994 ], [ 11.738193, 58.081891 ], [ 11.72924, 58.088849 ], [ 11.72991, 58.095201 ], [ 11.761772, 58.108416 ] ] ], [ [ [ 11.778348, 57.553492 ], [ 11.764911, 57.549545 ], [ 11.75601, 57.553119 ], [ 11.779395, 57.561977 ], [ 11.778348, 57.553492 ] ] ], [ [ [ 11.70094, 58.087452 ], [ 11.70446, 58.069043 ], [ 11.751988, 58.069137 ], [ 11.775955, 58.049079 ], [ 11.761374, 58.039691 ], [ 11.744643, 58.003648 ], [ 11.723679, 57.999243 ], [ 11.718225, 58.013717 ], [ 11.706748, 58.01441 ], [ 11.692587, 58.004899 ], [ 11.676094, 57.969609 ], [ 11.566355, 57.929062 ], [ 11.558318, 57.933766 ], [ 11.563486, 57.94676 ], [ 11.523093, 57.97412 ], [ 11.536361, 57.98375 ], [ 11.534699, 57.990935 ], [ 11.519904, 57.992959 ], [ 11.523149, 57.999652 ], [ 11.56897, 58.003791 ], [ 11.571231, 58.011445 ], [ 11.530505, 58.013633 ], [ 11.514484, 58.025553 ], [ 11.504897, 58.010814 ], [ 11.483685, 58.017247 ], [ 11.497166, 58.039119 ], [ 11.544191, 58.05912 ], [ 11.600969, 58.053089 ], [ 11.636203, 58.060394 ], [ 11.669065, 58.090283 ], [ 11.70094, 58.087452 ] ] ], [ [ [ 11.761173, 57.593613 ], [ 11.746687, 57.598632 ], [ 11.755919, 57.60881 ], [ 11.764332, 57.604023 ], [ 11.761173, 57.593613 ] ] ], [ [ [ 11.760365, 57.578338 ], [ 11.750648, 57.571389 ], [ 11.742488, 57.581234 ], [ 11.756955, 57.586908 ], [ 11.760365, 57.578338 ] ] ], [ [ [ 11.752028, 57.923648 ], [ 11.739366, 57.914326 ], [ 11.727305, 57.920653 ], [ 11.739366, 57.929015 ], [ 11.752028, 57.923648 ] ] ], [ [ [ 11.737399, 57.945285 ], [ 11.737787, 57.935676 ], [ 11.716281, 57.944244 ], [ 11.716888, 57.948679 ], [ 11.737399, 57.945285 ] ] ], [ [ [ 11.713145, 57.921172 ], [ 11.675337, 57.916764 ], [ 11.678632, 57.926645 ], [ 11.707139, 57.927995 ], [ 11.713145, 57.921172 ] ] ], [ [ [ 11.707366, 57.799473 ], [ 11.694525, 57.79824 ], [ 11.694026, 57.808101 ], [ 11.711928, 57.808141 ], [ 11.707366, 57.799473 ] ] ], [ [ [ 11.70086, 57.756339 ], [ 11.691771, 57.743141 ], [ 11.702521, 57.74014 ], [ 11.687916, 57.726985 ], [ 11.681059, 57.706556 ], [ 11.667318, 57.738723 ], [ 11.672425, 57.752702 ], [ 11.70086, 57.756339 ] ] ], [ [ [ 11.691531, 57.69112 ], [ 11.681022, 57.687532 ], [ 11.669683, 57.699026 ], [ 11.68058, 57.704314 ], [ 11.691531, 57.69112 ] ] ], [ [ [ 11.689652, 57.813283 ], [ 11.679759, 57.813074 ], [ 11.674492, 57.823925 ], [ 11.685323, 57.829291 ], [ 11.689652, 57.813283 ] ] ], [ [ [ 11.657258, 57.704397 ], [ 11.667193, 57.684752 ], [ 11.636033, 57.683579 ], [ 11.617312, 57.697739 ], [ 11.636033, 57.700184 ], [ 11.626901, 57.717511 ], [ 11.634412, 57.72701 ], [ 11.649088, 57.727289 ], [ 11.626091, 57.743002 ], [ 11.634057, 57.750971 ], [ 11.657892, 57.736332 ], [ 11.657258, 57.704397 ] ] ], [ [ [ 11.666332, 57.67372 ], [ 11.659121, 57.662265 ], [ 11.642821, 57.670792 ], [ 11.649701, 57.676538 ], [ 11.666332, 57.67372 ] ] ], [ [ [ 11.660904, 57.902709 ], [ 11.64988, 57.887196 ], [ 11.636529, 57.890877 ], [ 11.636529, 57.877341 ], [ 11.592161, 57.854247 ], [ 11.570479, 57.86699 ], [ 11.593676, 57.878435 ], [ 11.573083, 57.885786 ], [ 11.580792, 57.898544 ], [ 11.660904, 57.902709 ] ] ], [ [ [ 11.660514, 57.758455 ], [ 11.652918, 57.745056 ], [ 11.642972, 57.753925 ], [ 11.643435, 57.763307 ], [ 11.660514, 57.758455 ] ] ], [ [ [ 11.636417, 57.853244 ], [ 11.627263, 57.847818 ], [ 11.618449, 57.858933 ], [ 11.630742, 57.866927 ], [ 11.636417, 57.853244 ] ] ], [ [ [ 11.623529, 57.926337 ], [ 11.599653, 57.923919 ], [ 11.599619, 57.930911 ], [ 11.61713, 57.935764 ], [ 11.623529, 57.926337 ] ] ], [ [ [ 11.622819, 58.091908 ], [ 11.610878, 58.081666 ], [ 11.600098, 58.091119 ], [ 11.613434, 58.097737 ], [ 11.622819, 58.091908 ] ] ], [ [ [ 11.621816, 57.779542 ], [ 11.613048, 57.752588 ], [ 11.603663, 57.75855 ], [ 11.602712, 57.792452 ], [ 11.621816, 57.779542 ] ] ], [ [ [ 11.618272, 57.62638 ], [ 11.604704, 57.625782 ], [ 11.596161, 57.635493 ], [ 11.60907, 57.640406 ], [ 11.618272, 57.62638 ] ] ], [ [ [ 11.59324, 58.395554 ], [ 11.594732, 58.388684 ], [ 11.615437, 58.38872 ], [ 11.613884, 58.381221 ], [ 11.595663, 58.383123 ], [ 11.589419, 58.366008 ], [ 11.57793, 58.369186 ], [ 11.579737, 58.387097 ], [ 11.59324, 58.395554 ] ] ], [ [ [ 11.577669, 58.071471 ], [ 11.564396, 58.065438 ], [ 11.55503, 58.07122 ], [ 11.564396, 58.081478 ], [ 11.577669, 58.071471 ] ] ], [ [ [ 11.474675, 58.063664 ], [ 11.453219, 58.0591 ], [ 11.447996, 58.06786 ], [ 11.468997, 58.070278 ], [ 11.474675, 58.063664 ] ] ], [ [ [ 11.416542, 58.294986 ], [ 11.408672, 58.289999 ], [ 11.398073, 58.293295 ], [ 11.402054, 58.304118 ], [ 11.411632, 58.304374 ], [ 11.416542, 58.294986 ] ] ], [ [ [ 11.385257, 58.244759 ], [ 11.397312, 58.238016 ], [ 11.411291, 58.241167 ], [ 11.413521, 58.234409 ], [ 11.382489, 58.231637 ], [ 11.385257, 58.244759 ] ] ], [ [ [ 11.39059, 58.14504 ], [ 11.348176, 58.138787 ], [ 11.388136, 58.182508 ], [ 11.402924, 58.18554 ], [ 11.39059, 58.14504 ] ] ], [ [ [ 11.392957, 58.299374 ], [ 11.393199, 58.289779 ], [ 11.365109, 58.304883 ], [ 11.371554, 58.309948 ], [ 11.392957, 58.299374 ] ] ], [ [ [ 11.370257, 58.108544 ], [ 11.3628, 58.102445 ], [ 11.348901, 58.114773 ], [ 11.355136, 58.122047 ], [ 11.370257, 58.108544 ] ] ], [ [ [ 11.339955, 58.334443 ], [ 11.326041, 58.322038 ], [ 11.317249, 58.325962 ], [ 11.316631, 58.354416 ], [ 11.341244, 58.354704 ], [ 11.339955, 58.334443 ] ] ], [ [ [ 11.258606, 58.595869 ], [ 11.24332, 58.586263 ], [ 11.233768, 58.597067 ], [ 11.241407, 58.609505 ], [ 11.255253, 58.608747 ], [ 11.258606, 58.595869 ] ] ], [ [ [ 11.255168, 58.625658 ], [ 11.245686, 58.621155 ], [ 11.236241, 58.633572 ], [ 11.246787, 58.643 ], [ 11.254833, 58.640717 ], [ 11.255168, 58.625658 ] ] ], [ [ [ 11.243022, 58.364389 ], [ 11.22385, 58.349449 ], [ 11.210965, 58.351614 ], [ 11.220069, 58.361206 ], [ 11.231114, 58.360698 ], [ 11.235204, 58.370814 ], [ 11.243022, 58.364389 ] ] ], [ [ [ 11.238275, 58.566917 ], [ 11.22486, 58.561314 ], [ 11.223182, 58.57602 ], [ 11.205301, 58.583615 ], [ 11.221125, 58.593581 ], [ 11.238275, 58.566917 ] ] ], [ [ [ 11.235176, 58.619692 ], [ 11.224502, 58.608669 ], [ 11.215583, 58.620147 ], [ 11.222298, 58.627254 ], [ 11.235176, 58.619692 ] ] ], [ [ [ 11.226278, 58.337263 ], [ 11.214557, 58.327781 ], [ 11.204637, 58.333451 ], [ 11.222051, 58.345881 ], [ 11.226278, 58.337263 ] ] ], [ [ [ 11.217339, 58.667329 ], [ 11.201597, 58.662123 ], [ 11.200404, 58.680197 ], [ 11.217668, 58.676886 ], [ 11.217339, 58.667329 ] ] ], [ [ [ 11.203373, 58.690106 ], [ 11.196911, 58.680598 ], [ 11.187499, 58.683939 ], [ 11.187827, 58.693086 ], [ 11.197897, 58.698159 ], [ 11.203373, 58.690106 ] ] ], [ [ [ 11.144318, 58.741728 ], [ 11.14488, 58.721184 ], [ 11.135606, 58.723799 ], [ 11.134041, 58.741085 ], [ 11.144318, 58.741728 ] ] ], [ [ [ 11.080485, 58.974647 ], [ 11.097829, 58.960205 ], [ 11.107624, 58.96608 ], [ 11.121186, 58.94706 ], [ 11.110439, 58.94449 ], [ 11.098923, 58.956635 ], [ 11.093162, 58.950515 ], [ 11.069266, 58.963115 ], [ 11.080485, 58.974647 ] ] ], [ [ [ 11.080101, 58.831847 ], [ 11.064782, 58.822366 ], [ 11.055721, 58.823633 ], [ 11.076786, 58.838367 ], [ 11.080101, 58.831847 ] ] ], [ [ [ 11.079925, 58.580306 ], [ 11.069256, 58.574109 ], [ 11.058124, 58.577065 ], [ 11.065709, 58.590239 ], [ 11.079925, 58.580306 ] ] ], [ [ [ 11.047833, 58.825903 ], [ 11.033178, 58.82539 ], [ 11.039614, 58.844591 ], [ 11.056454, 58.855186 ], [ 11.060508, 58.842838 ], [ 11.049052, 58.840957 ], [ 11.047833, 58.825903 ] ] ], [ [ [ 11.058737, 58.869343 ], [ 11.032583, 58.866078 ], [ 10.992101, 58.888175 ], [ 10.985131, 58.906798 ], [ 11.004687, 58.911143 ], [ 11.043619, 58.896292 ], [ 11.058737, 58.869343 ] ] ] ] } },
{ "type": "Feature", "properties": { "loc": "SE125" }, "geometry": { "type": "Polygon", "coordinates": [ [ [ 15.761593, 59.197948 ], [ 15.777922, 59.225315 ], [ 15.729659, 59.227345 ], [ 15.688478, 59.268267 ], [ 15.615653, 59.291539 ], [ 15.631242, 59.327286 ], [ 15.604306, 59.367943 ], [ 15.606087, 59.389596 ], [ 15.726701, 59.415484 ], [ 15.712517, 59.467018 ], [ 15.690925, 59.485468 ], [ 15.713122, 59.508629 ], [ 15.712442, 59.520476 ], [ 15.695516, 59.535978 ], [ 15.634708, 59.527573 ], [ 15.627618, 59.55928 ], [ 15.633008, 59.590141 ], [ 15.612602, 59.624507 ], [ 15.551185, 59.629043 ], [ 15.52165, 59.639351 ], [ 15.518821, 59.658058 ], [ 15.546613, 59.701158 ], [ 15.543755, 59.732495 ], [ 15.505507, 59.792406 ], [ 15.437499, 59.799535 ], [ 15.449863, 59.832125 ], [ 15.422093, 59.854747 ], [ 15.455537, 59.887962 ], [ 15.480211, 59.899508 ], [ 15.495368, 59.93309 ], [ 15.525067, 59.952172 ], [ 15.5907, 59.948398 ], [ 15.63307, 59.935712 ], [ 15.67227, 59.939181 ], [ 15.695379, 59.952207 ], [ 15.715931, 59.973682 ], [ 15.706113, 60.010974 ], [ 15.723117, 60.025229 ], [ 15.695603, 60.043958 ], [ 15.71804, 60.061426 ], [ 15.722036, 60.087145 ], [ 15.757966, 60.121662 ], [ 15.733342, 60.130812 ], [ 15.730544, 60.139034 ], [ 15.771086, 60.152128 ], [ 15.805993, 60.176188 ], [ 15.883899, 60.167953 ], [ 15.955358, 60.184591 ], [ 16.012485, 60.181455 ], [ 16.057381, 60.15016 ], [ 16.126205, 60.138642 ], [ 16.151937, 60.126451 ], [ 16.158808, 60.116057 ], [ 16.14972, 60.094786 ], [ 16.154314, 60.089219 ], [ 16.198417, 60.074994 ], [ 16.263016, 60.073685 ], [ 16.379089, 60.083112 ], [ 16.443437, 60.124831 ], [ 16.527404, 60.139459 ], [ 16.539313, 60.171392 ], [ 16.703831, 60.19572 ], [ 16.729821, 60.168972 ], [ 16.740782, 60.141124 ], [ 16.698788, 60.081517 ], [ 16.723449, 60.041101 ], [ 16.721252, 60.006845 ], [ 16.741875, 59.983019 ], [ 16.770177, 59.970807 ], [ 16.767981, 59.954757 ], [ 16.791504, 59.942079 ], [ 16.79779, 59.915474 ], [ 16.779956, 59.894699 ], [ 16.822672, 59.860038 ], [ 16.805895, 59.84492 ], [ 16.800726, 59.819551 ], [ 16.739767, 59.776595 ], [ 16.776019, 59.742787 ], [ 16.785798, 59.719962 ], [ 16.812777, 59.708422 ], [ 16.851479, 59.668149 ], [ 16.922694, 59.54957 ], [ 16.964911, 59.521324 ], [ 16.945179, 59.491898 ], [ 16.909743, 59.48095 ], [ 16.833572, 59.497712 ], [ 16.767264, 59.501428 ], [ 16.71521, 59.489039 ], [ 16.259141, 59.452001 ], [ 16.25036, 59.438788 ], [ 16.2506, 59.416519 ], [ 16.287728, 59.397831 ], [ 16.263091, 59.364413 ], [ 16.154114, 59.347454 ], [ 16.077251, 59.353399 ], [ 16.033624, 59.367253 ], [ 15.953605, 59.348407 ], [ 15.942599, 59.341213 ], [ 15.939055, 59.324603 ], [ 15.915742, 59.315196 ], [ 15.905399, 59.29951 ], [ 15.881423, 59.297558 ], [ 15.871336, 59.272602 ], [ 15.888949, 59.230054 ], [ 15.761593, 59.197948 ] ] ] } },
{ "type": "Feature", "properties": { "loc": "SE211" }, "geometry": { "type": "MultiPolygon", "coordinates": [ [ [ [ 13.681201, 56.972114 ], [ 13.632412, 56.988877 ], [ 13.603706, 57.010081 ], [ 13.592667, 57.032281 ], [ 13.605087, 57.042629 ], [ 13.60135, 57.060395 ], [ 13.525494, 57.085832 ], [ 13.499535, 57.077818 ], [ 13.49787, 57.10483 ], [ 13.489502, 57.110661 ], [ 13.457542, 57.100416 ], [ 13.426984, 57.111915 ], [ 13.358805, 57.112902 ], [ 13.264265, 57.091326 ], [ 13.232065, 57.095311 ], [ 13.225811, 57.077349 ], [ 13.180378, 57.06131 ], [ 13.191275, 57.050593 ], [ 13.125845, 57.02964 ], [ 13.116402, 57.059112 ], [ 13.089974, 57.078622 ], [ 13.084463, 57.126903 ], [ 13.152778, 57.182014 ], [ 13.201594, 57.246595 ], [ 13.267025, 57.259102 ], [ 13.291221, 57.306919 ], [ 13.36069, 57.321433 ], [ 13.424013, 57.347881 ], [ 13.439987, 57.366766 ], [ 13.507172, 57.399883 ], [ 13.51475, 57.422266 ], [ 13.606495, 57.506383 ], [ 13.681244, 57.553458 ], [ 13.670394, 57.613175 ], [ 13.718526, 57.659718 ], [ 13.72047, 57.685507 ], [ 13.706919, 57.704801 ], [ 13.748638, 57.774071 ], [ 13.737873, 57.848997 ], [ 13.78868, 57.913742 ], [ 13.762645, 57.935585 ], [ 13.727384, 57.938497 ], [ 13.702835, 57.972729 ], [ 13.768118, 58.009755 ], [ 13.769252, 58.035916 ], [ 13.779195, 58.049395 ], [ 13.927815, 58.038051 ], [ 13.971953, 58.009835 ], [ 14.042632, 58.020453 ], [ 14.10776, 58.06899 ], [ 14.133646, 58.140388 ], [ 14.173181, 58.130106 ], [ 14.309526, 58.133526 ], [ 14.41671, 58.18724 ], [ 14.470055, 58.131879 ], [ 14.549933, 58.10728 ], [ 14.639533, 58.096157 ], [ 14.752887, 58.101449 ], [ 14.770791, 58.086628 ], [ 14.811419, 58.083481 ], [ 14.890434, 58.088709 ], [ 14.893322, 58.1055 ], [ 14.913505, 58.116516 ], [ 14.89513, 58.124835 ], [ 14.893475, 58.134045 ], [ 14.932751, 58.135287 ], [ 14.973729, 58.148021 ], [ 15.028695, 58.07135 ], [ 15.03556, 58.047121 ], [ 15.076717, 58.003227 ], [ 15.063727, 57.987925 ], [ 15.016279, 57.984195 ], [ 15.014837, 57.961714 ], [ 14.999993, 57.941746 ], [ 15.006206, 57.923845 ], [ 15.000045, 57.904383 ], [ 15.036812, 57.863962 ], [ 15.070362, 57.841552 ], [ 15.086617, 57.780027 ], [ 15.132059, 57.719158 ], [ 15.168372, 57.706432 ], [ 15.28304, 57.713292 ], [ 15.33344, 57.701669 ], [ 15.421051, 57.704879 ], [ 15.443057, 57.684944 ], [ 15.579999, 57.637302 ], [ 15.654102, 57.598787 ], [ 15.58449, 57.552136 ], [ 15.626538, 57.532427 ], [ 15.648632, 57.50306 ], [ 15.62309, 57.483427 ], [ 15.612409, 57.444059 ], [ 15.597437, 57.439023 ], [ 15.548084, 57.465203 ], [ 15.504563, 57.452235 ], [ 15.493632, 57.42078 ], [ 15.523648, 57.40616 ], [ 15.520025, 57.386031 ], [ 15.500927, 57.37324 ], [ 15.513591, 57.362732 ], [ 15.517632, 57.337997 ], [ 15.509426, 57.310389 ], [ 15.471392, 57.302917 ], [ 15.477452, 57.281184 ], [ 15.467808, 57.265336 ], [ 15.52272, 57.236796 ], [ 15.51653, 57.20145 ], [ 15.37843, 57.226865 ], [ 15.313898, 57.22023 ], [ 15.232252, 57.225884 ], [ 15.196684, 57.210089 ], [ 15.175695, 57.224597 ], [ 15.13433, 57.235576 ], [ 15.127394, 57.229836 ], [ 15.151949, 57.201952 ], [ 15.148073, 57.180257 ], [ 15.085245, 57.194536 ], [ 15.035731, 57.165475 ], [ 15.012203, 57.162477 ], [ 14.988733, 57.139165 ], [ 14.913925, 57.13486 ], [ 14.899668, 57.141801 ], [ 14.886742, 57.179039 ], [ 14.869838, 57.196178 ], [ 14.80674, 57.220543 ], [ 14.755237, 57.226602 ], [ 14.650251, 57.204038 ], [ 14.612154, 57.203479 ], [ 14.605223, 57.181075 ], [ 14.562191, 57.186536 ], [ 14.532142, 57.161163 ], [ 14.490772, 57.154321 ], [ 14.453774, 57.161515 ], [ 14.425959, 57.148036 ], [ 14.408203, 57.15399 ], [ 14.361144, 57.14917 ], [ 14.352076, 57.143104 ], [ 14.35661, 57.126903 ], [ 14.347053, 57.109096 ], [ 14.356771, 57.066781 ], [ 14.337423, 57.049348 ], [ 14.332262, 57.029485 ], [ 14.372967, 57.002049 ], [ 14.369217, 56.984412 ], [ 14.392271, 56.96108 ], [ 14.377082, 56.934631 ], [ 14.323689, 56.885103 ], [ 14.304103, 56.880003 ], [ 14.258411, 56.887054 ], [ 14.231019, 56.906755 ], [ 14.212294, 56.952182 ], [ 14.192175, 56.960754 ], [ 14.1793, 56.985194 ], [ 14.158079, 57.000239 ], [ 14.149875, 57.02647 ], [ 14.10365, 57.021638 ], [ 14.095659, 57.03538 ], [ 14.074611, 57.04383 ], [ 14.021477, 57.049315 ], [ 13.991949, 57.032596 ], [ 13.931149, 57.039254 ], [ 13.913218, 57.021255 ], [ 13.876879, 57.016537 ], [ 13.850107, 56.999397 ], [ 13.802242, 57.025452 ], [ 13.7316, 57.033218 ], [ 13.681201, 56.972114 ] ] ], [ [ [ 13.664353, 57.608204 ], [ 13.64793, 57.592378 ], [ 13.640284, 57.595172 ], [ 13.653227, 57.610334 ], [ 13.664353, 57.608204 ] ] ] ] } },
{ "type": "Feature", "properties": { "loc": "SE212" }, "geometry": { "type": "Polygon", "coordinates": [ [ [ 15.363504, 56.482376 ], [ 15.317837, 56.458581 ], [ 15.265274, 56.4678 ], [ 15.226649, 56.461359 ], [ 15.207433, 56.43822 ], [ 15.189773, 56.430901 ], [ 15.152921, 56.4358 ], [ 15.120119, 56.453106 ], [ 15.005504, 56.444539 ], [ 14.963694, 56.402127 ], [ 14.907225, 56.364773 ], [ 14.863747, 56.360091 ], [ 14.778078, 56.381393 ], [ 14.687363, 56.387031 ], [ 14.632743, 56.416134 ], [ 14.607653, 56.439655 ], [ 14.272405, 56.503184 ], [ 14.231227, 56.49324 ], [ 14.175756, 56.496149 ], [ 14.132453, 56.507523 ], [ 14.11161, 56.525444 ], [ 14.091276, 56.53056 ], [ 14.066116, 56.523825 ], [ 14.049097, 56.495511 ], [ 14.019475, 56.470581 ], [ 13.907388, 56.45647 ], [ 13.868368, 56.440012 ], [ 13.778977, 56.446042 ], [ 13.696168, 56.424747 ], [ 13.55214, 56.405293 ], [ 13.517735, 56.411578 ], [ 13.500446, 56.406291 ], [ 13.462637, 56.428188 ], [ 13.464486, 56.444119 ], [ 13.450726, 56.471954 ], [ 13.461197, 56.517633 ], [ 13.436942, 56.568999 ], [ 13.405949, 56.590201 ], [ 13.36132, 56.666366 ], [ 13.317288, 56.690455 ], [ 13.317565, 56.782192 ], [ 13.300658, 56.821788 ], [ 13.335183, 56.83932 ], [ 13.34006, 56.870545 ], [ 13.36046, 56.859265 ], [ 13.447595, 56.877638 ], [ 13.484314, 56.872098 ], [ 13.527462, 56.888541 ], [ 13.584285, 56.891251 ], [ 13.658575, 56.913236 ], [ 13.687082, 56.929767 ], [ 13.691919, 56.95988 ], [ 13.681201, 56.972114 ], [ 13.7316, 57.033218 ], [ 13.751771, 57.035175 ], [ 13.802242, 57.025452 ], [ 13.850107, 56.999397 ], [ 13.876879, 57.016537 ], [ 13.913218, 57.021255 ], [ 13.931149, 57.039254 ], [ 13.991949, 57.032596 ], [ 14.021477, 57.049315 ], [ 14.074611, 57.04383 ], [ 14.095659, 57.03538 ], [ 14.10365, 57.021638 ], [ 14.149875, 57.02647 ], [ 14.158079, 57.000239 ], [ 14.1793, 56.985194 ], [ 14.192175, 56.960754 ], [ 14.212294, 56.952182 ], [ 14.231019, 56.906755 ], [ 14.258411, 56.887054 ], [ 14.304103, 56.880003 ], [ 14.323689, 56.885103 ], [ 14.377082, 56.934631 ], [ 14.392271, 56.96108 ], [ 14.369217, 56.984412 ], [ 14.372967, 57.002049 ], [ 14.332262, 57.029485 ], [ 14.337423, 57.049348 ], [ 14.356771, 57.066781 ], [ 14.347053, 57.109096 ], [ 14.35661, 57.126903 ], [ 14.352076, 57.143104 ], [ 14.361144, 57.14917 ], [ 14.408203, 57.15399 ], [ 14.425959, 57.148036 ], [ 14.453774, 57.161515 ], [ 14.490772, 57.154321 ], [ 14.532142, 57.161163 ], [ 14.562191, 57.186536 ], [ 14.605223, 57.181075 ], [ 14.612154, 57.203479 ], [ 14.650251, 57.204038 ], [ 14.755237, 57.226602 ], [ 14.80674, 57.220543 ], [ 14.869838, 57.196178 ], [ 14.886742, 57.179039 ], [ 14.899668, 57.141801 ], [ 14.913925, 57.13486 ], [ 14.988733, 57.139165 ], [ 15.012203, 57.162477 ], [ 15.035731, 57.165475 ], [ 15.085245, 57.194536 ], [ 15.148073, 57.180257 ], [ 15.151949, 57.201952 ], [ 15.127394, 57.229836 ], [ 15.13433, 57.235576 ], [ 15.175695, 57.224597 ], [ 15.196684, 57.210089 ], [ 15.232252, 57.225884 ], [ 15.313898, 57.22023 ], [ 15.37843, 57.226865 ], [ 15.51653, 57.20145 ], [ 15.552941, 57.183554 ], [ 15.559725, 57.148848 ], [ 15.635285, 57.126903 ], [ 15.645128, 57.109077 ], [ 15.669788, 57.09153 ], [ 15.719084, 57.07392 ], [ 15.812952, 57.007124 ], [ 15.833332, 56.983005 ], [ 15.833771, 56.949662 ], [ 15.796671, 56.912146 ], [ 15.701117, 56.913574 ], [ 15.6636, 56.904161 ], [ 15.600124, 56.922743 ], [ 15.541145, 56.925789 ], [ 15.520942, 56.905094 ], [ 15.553265, 56.87631 ], [ 15.540858, 56.859573 ], [ 15.552417, 56.828553 ], [ 15.539739, 56.808799 ], [ 15.449868, 56.795445 ], [ 15.440074, 56.780634 ], [ 15.368995, 56.778082 ], [ 15.364048, 56.758784 ], [ 15.39357, 56.722331 ], [ 15.415029, 56.713186 ], [ 15.410334, 56.63928 ], [ 15.373567, 56.603503 ], [ 15.385664, 56.57245 ], [ 15.377617, 56.558688 ], [ 15.361105, 56.559094 ], [ 15.343937, 56.499608 ], [ 15.346035, 56.490191 ], [ 15.363504, 56.482376 ] ] ] } },
{ "type": "Feature", "properties": { "loc": "SE332" }, "geometry": { "type": "MultiPolygon", "coordinates": [ [ [ [ 24.162903, 65.672578 ], [ 24.153503, 65.665101 ], [ 24.136251, 65.672647 ], [ 24.144562, 65.67875 ], [ 24.162903, 65.672578 ] ] ], [ [ [ 24.156379, 65.708295 ], [ 24.128956, 65.706706 ], [ 24.128207, 65.717545 ], [ 24.152913, 65.71735 ], [ 24.156379, 65.708295 ] ] ], [ [ [ 24.155129, 65.816027 ], [ 24.043847, 65.812724 ], [ 23.913381, 65.780311 ], [ 23.848437, 65.792791 ], [ 23.792465, 65.783558 ], [ 23.703567, 65.82824 ], [ 23.642068, 65.802873 ], [ 23.590983, 65.79368 ], [ 23.494568, 65.810505 ], [ 23.462432, 65.823521 ], [ 23.456534, 65.81972 ], [ 23.463515, 65.808271 ], [ 23.449562, 65.786125 ], [ 23.440904, 65.790047 ], [ 23.44609, 65.806933 ], [ 23.436754, 65.809849 ], [ 23.420711, 65.772454 ], [ 23.404549, 65.761596 ], [ 23.376413, 65.771421 ], [ 23.336651, 65.805803 ], [ 23.287418, 65.799654 ], [ 23.220328, 65.809051 ], [ 23.209037, 65.800701 ], [ 23.212261, 65.784999 ], [ 23.266506, 65.754178 ], [ 23.272834, 65.729704 ], [ 23.242335, 65.725098 ], [ 23.19347, 65.741686 ], [ 23.152347, 65.739749 ], [ 23.103216, 65.715596 ], [ 23.045021, 65.755203 ], [ 22.988345, 65.762283 ], [ 22.855937, 65.802136 ], [ 22.792491, 65.848573 ], [ 22.675038, 65.892819 ], [ 22.661818, 65.885889 ], [ 22.682634, 65.858286 ], [ 22.701173, 65.810319 ], [ 22.695373, 65.786575 ], [ 22.676382, 65.770188 ], [ 22.613697, 65.797581 ], [ 22.523425, 65.789315 ], [ 22.50265, 65.819942 ], [ 22.46673, 65.843264 ], [ 22.376407, 65.852771 ], [ 22.35942, 65.836712 ], [ 22.349048, 65.799063 ], [ 22.32587, 65.764121 ], [ 22.346002, 65.68256 ], [ 22.32297, 65.674354 ], [ 22.275677, 65.68665 ], [ 22.253758, 65.664822 ], [ 22.264914, 65.65025 ], [ 22.296139, 65.65662 ], [ 22.340948, 65.634798 ], [ 22.344293, 65.609993 ], [ 22.380228, 65.606672 ], [ 22.378527, 65.598624 ], [ 22.348543, 65.593027 ], [ 22.370234, 65.570278 ], [ 22.373555, 65.554904 ], [ 22.303921, 65.555417 ], [ 22.281495, 65.543542 ], [ 22.348276, 65.507075 ], [ 22.293944, 65.504566 ], [ 22.256427, 65.492652 ], [ 22.205728, 65.522321 ], [ 22.179378, 65.56194 ], [ 22.151337, 65.570096 ], [ 22.143642, 65.562067 ], [ 22.149656, 65.533677 ], [ 22.10882, 65.516761 ], [ 22.113121, 65.504566 ], [ 22.078775, 65.488618 ], [ 22.065422, 65.512885 ], [ 22.016812, 65.504669 ], [ 21.982588, 65.513955 ], [ 21.953314, 65.510433 ], [ 21.931928, 65.520782 ], [ 21.879335, 65.52172 ], [ 21.881734, 65.512962 ], [ 21.926901, 65.497311 ], [ 21.997649, 65.444392 ], [ 21.979775, 65.429705 ], [ 21.930253, 65.430786 ], [ 21.901585, 65.408788 ], [ 21.845345, 65.399728 ], [ 21.808014, 65.382611 ], [ 21.792304, 65.364217 ], [ 21.698376, 65.384222 ], [ 21.659093, 65.407917 ], [ 21.592971, 65.412976 ], [ 21.578936, 65.403455 ], [ 21.603289, 65.363619 ], [ 21.538374, 65.388135 ], [ 21.480791, 65.372796 ], [ 21.481578, 65.35396 ], [ 21.518176, 65.336215 ], [ 21.596559, 65.329569 ], [ 21.647225, 65.303958 ], [ 21.685876, 65.303099 ], [ 21.660184, 65.252704 ], [ 21.677237, 65.224128 ], [ 21.605154, 65.236637 ], [ 21.545435, 65.219373 ], [ 21.546316, 65.19937 ], [ 21.568238, 65.155861 ], [ 21.531467, 65.120519 ], [ 21.53487, 65.065915 ], [ 21.324537, 65.134704 ], [ 21.259523, 65.164543 ], [ 20.805459, 65.209454 ], [ 20.039969, 65.357213 ], [ 20.022777, 65.368784 ], [ 20.002512, 65.363326 ], [ 19.898066, 65.379537 ], [ 19.707179, 65.254591 ], [ 19.607978, 65.199357 ], [ 19.446903, 65.151696 ], [ 19.394619, 65.144625 ], [ 19.334097, 65.187467 ], [ 19.249962, 65.215296 ], [ 19.248081, 65.234086 ], [ 19.269111, 65.243257 ], [ 19.256015, 65.255198 ], [ 19.097475, 65.304681 ], [ 19.033386, 65.307444 ], [ 19.020302, 65.312423 ], [ 19.011948, 65.331897 ], [ 18.872438, 65.371063 ], [ 18.837102, 65.372288 ], [ 18.768932, 65.397231 ], [ 18.719596, 65.436629 ], [ 18.582013, 65.440708 ], [ 18.527554, 65.451542 ], [ 18.500412, 65.475673 ], [ 18.431531, 65.495597 ], [ 18.338747, 65.495878 ], [ 18.194873, 65.556239 ], [ 18.175528, 65.575144 ], [ 18.149316, 65.576883 ], [ 18.139176, 65.589333 ], [ 18.105815, 65.593204 ], [ 18.07874, 65.581255 ], [ 18.055784, 65.582164 ], [ 18.022034, 65.603158 ], [ 17.847454, 65.624771 ], [ 17.674554, 65.657644 ], [ 16.98507, 65.950646 ], [ 16.776816, 66.029645 ], [ 16.51966, 66.055584 ], [ 15.770582, 66.290443 ], [ 15.453995, 66.345233 ], [ 15.38181, 66.485265 ], [ 15.453328, 66.524721 ], [ 15.620663, 66.594766 ], [ 16.039643, 66.912034 ], [ 16.192867, 66.982057 ], [ 16.387625, 67.046014 ], [ 16.403336, 67.205474 ], [ 16.090408, 67.435771 ], [ 16.158592, 67.518978 ], [ 16.41167, 67.537203 ], [ 16.556756, 67.648434 ], [ 16.740636, 67.91379 ], [ 17.194258, 68.060205 ], [ 17.284658, 68.117512 ], [ 17.667263, 68.037588 ], [ 17.897403, 67.970797 ], [ 18.149211, 68.19917 ], [ 18.101987, 68.404485 ], [ 18.125925, 68.536516 ], [ 18.406394, 68.578508 ], [ 18.623409, 68.509176 ], [ 18.971759, 68.514255 ], [ 19.927898, 68.364513 ], [ 20.197541, 68.483766 ], [ 20.182953, 68.498744 ], [ 20.026804, 68.532489 ], [ 19.978627, 68.558748 ], [ 20.192248, 68.663402 ], [ 20.324401, 68.803937 ], [ 20.295859, 68.924587 ], [ 20.125041, 69.033328 ], [ 20.548637, 69.059968 ], [ 20.795759, 69.023562 ], [ 20.837491, 68.996288 ], [ 20.90384, 68.969715 ], [ 20.908142, 68.960694 ], [ 20.900573, 68.950225 ], [ 20.856052, 68.93295 ], [ 20.891204, 68.907608 ], [ 20.8979, 68.893786 ], [ 21.009558, 68.891437 ], [ 21.231513, 68.813295 ], [ 21.301805, 68.763052 ], [ 21.388426, 68.76295 ], [ 21.407681, 68.749094 ], [ 21.418123, 68.704684 ], [ 21.429873, 68.692891 ], [ 21.616555, 68.663045 ], [ 21.703183, 68.627442 ], [ 21.701708, 68.603029 ], [ 21.715771, 68.592314 ], [ 21.842737, 68.589873 ], [ 21.895519, 68.580922 ], [ 21.999884, 68.532406 ], [ 22.011091, 68.502724 ], [ 22.0419, 68.482031 ], [ 22.111482, 68.48062 ], [ 22.145107, 68.471454 ], [ 22.338478, 68.481371 ], [ 22.345705, 68.477698 ], [ 22.350218, 68.447215 ], [ 22.426763, 68.463841 ], [ 22.468135, 68.444069 ], [ 22.574695, 68.424527 ], [ 22.635547, 68.431363 ], [ 22.649926, 68.417811 ], [ 22.737174, 68.386742 ], [ 22.799189, 68.391581 ], [ 22.835829, 68.384291 ], [ 22.847147, 68.362506 ], [ 22.91356, 68.337052 ], [ 22.966732, 68.331275 ], [ 23.06033, 68.303492 ], [ 23.077411, 68.269018 ], [ 23.141691, 68.244362 ], [ 23.148153, 68.233101 ], [ 23.143986, 68.208786 ], [ 23.155063, 68.196937 ], [ 23.144708, 68.180736 ], [ 23.143145, 68.1558 ], [ 23.157138, 68.137268 ], [ 23.266194, 68.155778 ], [ 23.305065, 68.147968 ], [ 23.324477, 68.130509 ], [ 23.335825, 68.103048 ], [ 23.391969, 68.047851 ], [ 23.529475, 68.006092 ], [ 23.571262, 67.974485 ], [ 23.643366, 67.960429 ], [ 23.658173, 67.941434 ], [ 23.636197, 67.915882 ], [ 23.516402, 67.881952 ], [ 23.482613, 67.842777 ], [ 23.476779, 67.818855 ], [ 23.491102, 67.782381 ], [ 23.47958, 67.73745 ], [ 23.481152, 67.705563 ], [ 23.499709, 67.66097 ], [ 23.550635, 67.620344 ], [ 23.538628, 67.58423 ], [ 23.509717, 67.566254 ], [ 23.465422, 67.560759 ], [ 23.474216, 67.533453 ], [ 23.405114, 67.497458 ], [ 23.397407, 67.484803 ], [ 23.415092, 67.467324 ], [ 23.491159, 67.447528 ], [ 23.548411, 67.460669 ], [ 23.667185, 67.443563 ], [ 23.713541, 67.444426 ], [ 23.760151, 67.43082 ], [ 23.748296, 67.406807 ], [ 23.721155, 67.386287 ], [ 23.741423, 67.352079 ], [ 23.770666, 67.337339 ], [ 23.722061, 67.284424 ], [ 23.566217, 67.261492 ], [ 23.554223, 67.227038 ], [ 23.591159, 67.207261 ], [ 23.584434, 67.191341 ], [ 23.554613, 67.17109 ], [ 23.65355, 67.102617 ], [ 23.671547, 67.067332 ], [ 23.740515, 67.017419 ], [ 23.790356, 66.993796 ], [ 23.830461, 66.96271 ], [ 23.856886, 66.955218 ], [ 23.868422, 66.918366 ], [ 23.93396, 66.882178 ], [ 23.99153, 66.823279 ], [ 23.975284, 66.785452 ], [ 23.914398, 66.794304 ], [ 23.911622, 66.772759 ], [ 23.880784, 66.761575 ], [ 23.904275, 66.721227 ], [ 23.868086, 66.658196 ], [ 23.881541, 66.613415 ], [ 23.875734, 66.582037 ], [ 23.857767, 66.560678 ], [ 23.790716, 66.536704 ], [ 23.790101, 66.516954 ], [ 23.73112, 66.505881 ], [ 23.714462, 66.47686 ], [ 23.683917, 66.470927 ], [ 23.650856, 66.451796 ], [ 23.646547, 66.423736 ], [ 23.686991, 66.384711 ], [ 23.659277, 66.352289 ], [ 23.649172, 66.300809 ], [ 23.669253, 66.277373 ], [ 23.671582, 66.259496 ], [ 23.697368, 66.243996 ], [ 23.698749, 66.22845 ], [ 23.73975, 66.194113 ], [ 23.917652, 66.15605 ], [ 23.940029, 66.106293 ], [ 23.943727, 66.077819 ], [ 24.039, 66.005208 ], [ 24.049086, 65.961712 ], [ 24.11183, 65.924007 ], [ 24.117546, 65.901078 ], [ 24.142983, 65.869831 ], [ 24.132203, 65.850217 ], [ 24.155129, 65.816027 ] ] ], [ [ [ 24.134684, 65.670792 ], [ 24.132421, 65.662409 ], [ 24.11148, 65.673379 ], [ 24.11574, 65.677033 ], [ 24.134684, 65.670792 ] ] ], [ [ [ 24.133453, 65.800828 ], [ 24.113464, 65.792768 ], [ 24.100183, 65.794654 ], [ 24.129087, 65.807523 ], [ 24.133453, 65.800828 ] ] ], [ [ [ 24.10928, 65.697802 ], [ 24.101385, 65.6978 ], [ 24.090911, 65.709066 ], [ 24.112541, 65.710728 ], [ 24.10928, 65.697802 ] ] ], [ [ [ 24.07328, 65.75357 ], [ 24.071925, 65.740339 ], [ 24.052498, 65.744548 ], [ 24.059642, 65.75248 ], [ 24.07328, 65.75357 ] ] ], [ [ [ 24.055935, 65.765696 ], [ 24.054961, 65.752208 ], [ 24.03835, 65.759394 ], [ 24.045749, 65.769556 ], [ 24.055935, 65.765696 ] ] ], [ [ [ 24.041059, 65.659481 ], [ 24.041513, 65.64564 ], [ 24.024222, 65.654789 ], [ 24.028708, 65.659596 ], [ 24.041059, 65.659481 ] ] ], [ [ [ 24.039828, 65.610072 ], [ 24.027393, 65.606715 ], [ 24.025969, 65.616444 ], [ 24.038436, 65.618407 ], [ 24.039828, 65.610072 ] ] ], [ [ [ 24.028258, 65.606615 ], [ 24.027982, 65.599579 ], [ 24.025001, 65.603405 ], [ 24.028258, 65.606615 ] ] ], [ [ [ 23.963537, 65.70098 ], [ 23.968383, 65.693206 ], [ 24.001626, 65.69413 ], [ 24.000356, 65.687662 ], [ 23.981242, 65.681439 ], [ 23.960653, 65.688645 ], [ 23.956261, 65.696716 ], [ 23.963537, 65.70098 ] ] ], [ [ [ 23.990753, 65.661802 ], [ 23.984827, 65.652428 ], [ 23.964626, 65.664123 ], [ 23.969864, 65.667656 ], [ 23.990753, 65.661802 ] ] ], [ [ [ 23.903291, 65.762934 ], [ 23.895884, 65.750996 ], [ 23.879786, 65.76183 ], [ 23.887768, 65.766064 ], [ 23.903291, 65.762934 ] ] ], [ [ [ 23.863848, 65.770091 ], [ 23.860657, 65.764209 ], [ 23.836969, 65.766763 ], [ 23.847613, 65.779227 ], [ 23.863848, 65.770091 ] ] ], [ [ [ 23.832603, 65.66739 ], [ 23.837621, 65.65392 ], [ 23.823623, 65.654737 ], [ 23.818495, 65.667409 ], [ 23.832603, 65.66739 ] ] ], [ [ [ 23.822136, 65.764255 ], [ 23.828007, 65.7485 ], [ 23.808961, 65.750432 ], [ 23.822136, 65.764255 ] ] ], [ [ [ 23.725641, 65.743599 ], [ 23.755423, 65.737443 ], [ 23.774435, 65.749556 ], [ 23.788371, 65.74075 ], [ 23.797188, 65.752558 ], [ 23.805972, 65.745303 ], [ 23.797507, 65.72948 ], [ 23.783484, 65.727181 ], [ 23.783007, 65.716951 ], [ 23.743165, 65.69772 ], [ 23.689552, 65.707891 ], [ 23.679206, 65.718883 ], [ 23.67751, 65.745768 ], [ 23.689181, 65.752178 ], [ 23.698256, 65.734229 ], [ 23.713288, 65.736458 ], [ 23.718158, 65.743122 ], [ 23.710002, 65.757623 ], [ 23.718093, 65.76312 ], [ 23.72608, 65.757623 ], [ 23.725641, 65.743599 ] ] ], [ [ [ 23.801092, 65.640191 ], [ 23.780246, 65.636857 ], [ 23.767236, 65.645328 ], [ 23.785524, 65.658033 ], [ 23.801092, 65.640191 ] ] ], [ [ [ 23.776475, 65.563222 ], [ 23.756511, 65.561917 ], [ 23.720948, 65.571965 ], [ 23.724169, 65.580359 ], [ 23.742541, 65.586319 ], [ 23.742201, 65.597944 ], [ 23.750387, 65.597379 ], [ 23.747265, 65.585436 ], [ 23.776475, 65.563222 ] ] ], [ [ [ 23.595827, 65.76015 ], [ 23.596585, 65.743335 ], [ 23.583605, 65.743982 ], [ 23.581348, 65.75289 ], [ 23.595827, 65.76015 ] ] ], [ [ [ 23.566622, 65.528834 ], [ 23.561353, 65.518907 ], [ 23.544684, 65.520321 ], [ 23.549433, 65.530834 ], [ 23.566622, 65.528834 ] ] ], [ [ [ 23.558882, 65.724787 ], [ 23.550271, 65.719856 ], [ 23.55168, 65.728866 ], [ 23.558882, 65.724787 ] ] ], [ [ [ 23.55189, 65.72904 ], [ 23.546956, 65.72665 ], [ 23.535238, 65.737657 ], [ 23.545852, 65.740982 ], [ 23.55189, 65.72904 ] ] ], [ [ [ 23.527274, 65.740769 ], [ 23.514644, 65.731531 ], [ 23.51414, 65.708334 ], [ 23.490431, 65.723451 ], [ 23.487713, 65.746148 ], [ 23.503944, 65.735355 ], [ 23.513959, 65.749382 ], [ 23.527274, 65.740769 ] ] ], [ [ [ 23.474795, 65.778928 ], [ 23.465345, 65.769869 ], [ 23.450436, 65.776329 ], [ 23.461614, 65.784379 ], [ 23.474795, 65.778928 ] ] ], [ [ [ 23.267887, 65.773751 ], [ 23.255565, 65.770504 ], [ 23.248949, 65.780154 ], [ 23.263964, 65.78684 ], [ 23.267887, 65.773751 ] ] ], [ [ [ 23.244791, 65.793836 ], [ 23.22969, 65.783845 ], [ 23.214691, 65.793632 ], [ 23.221544, 65.798431 ], [ 23.244791, 65.793836 ] ] ], [ [ [ 23.088909, 65.662117 ], [ 23.060291, 65.669588 ], [ 23.064788, 65.679363 ], [ 23.090972, 65.674182 ], [ 23.088909, 65.662117 ] ] ], [ [ [ 23.045882, 65.633794 ], [ 23.036711, 65.630531 ], [ 23.030715, 65.645103 ], [ 23.044686, 65.648527 ], [ 23.045882, 65.633794 ] ] ], [ [ [ 23.030943, 65.6645 ], [ 23.011799, 65.663503 ], [ 23.000164, 65.67203 ], [ 23.034319, 65.6734 ], [ 23.030943, 65.6645 ] ] ], [ [ [ 22.990609, 65.64173 ], [ 22.988979, 65.63603 ], [ 22.960883, 65.650487 ], [ 22.969717, 65.655951 ], [ 22.990609, 65.64173 ] ] ], [ [ [ 22.967957, 65.730919 ], [ 22.940894, 65.723808 ], [ 22.988444, 65.700178 ], [ 22.984794, 65.694192 ], [ 22.964459, 65.697709 ], [ 22.959589, 65.685344 ], [ 22.971902, 65.67159 ], [ 22.94883, 65.668416 ], [ 22.881447, 65.711466 ], [ 22.877008, 65.723412 ], [ 22.889392, 65.74135 ], [ 22.94883, 65.740729 ], [ 22.967957, 65.730919 ] ] ], [ [ [ 22.926671, 65.634734 ], [ 22.915218, 65.634656 ], [ 22.907289, 65.64228 ], [ 22.91794, 65.652332 ], [ 22.926671, 65.634734 ] ] ], [ [ [ 22.902599, 65.679207 ], [ 22.899261, 65.668484 ], [ 22.881099, 65.679699 ], [ 22.890596, 65.685572 ], [ 22.902599, 65.679207 ] ] ], [ [ [ 22.867669, 65.714308 ], [ 22.867669, 65.70779 ], [ 22.855673, 65.708542 ], [ 22.843999, 65.719569 ], [ 22.867669, 65.714308 ] ] ], [ [ [ 22.849161, 65.74731 ], [ 22.838109, 65.713365 ], [ 22.823576, 65.714326 ], [ 22.824698, 65.726115 ], [ 22.815005, 65.732123 ], [ 22.821069, 65.740292 ], [ 22.849161, 65.74731 ] ] ], [ [ [ 22.822201, 65.779241 ], [ 22.810483, 65.769274 ], [ 22.79627, 65.773805 ], [ 22.809677, 65.783109 ], [ 22.822201, 65.779241 ] ] ], [ [ [ 22.815057, 65.62504 ], [ 22.799503, 65.624586 ], [ 22.807117, 65.63608 ], [ 22.822013, 65.639026 ], [ 22.815057, 65.62504 ] ] ], [ [ [ 22.806674, 65.554644 ], [ 22.813013, 65.51548 ], [ 22.800159, 65.516368 ], [ 22.779922, 65.552201 ], [ 22.762525, 65.544371 ], [ 22.744838, 65.554409 ], [ 22.768586, 65.567201 ], [ 22.796367, 65.565026 ], [ 22.806674, 65.554644 ] ] ], [ [ [ 22.796654, 65.748867 ], [ 22.812509, 65.705001 ], [ 22.757482, 65.708851 ], [ 22.733746, 65.715221 ], [ 22.727644, 65.726554 ], [ 22.738786, 65.732555 ], [ 22.731705, 65.73808 ], [ 22.739265, 65.748662 ], [ 22.734605, 65.77035 ], [ 22.749242, 65.771991 ], [ 22.75775, 65.759272 ], [ 22.796654, 65.748867 ] ] ], [ [ [ 22.77059, 65.669342 ], [ 22.788001, 65.669223 ], [ 22.795806, 65.653475 ], [ 22.762075, 65.660929 ], [ 22.77059, 65.669342 ] ] ], [ [ [ 22.781946, 65.801908 ], [ 22.769153, 65.800442 ], [ 22.759321, 65.812977 ], [ 22.767337, 65.814548 ], [ 22.781946, 65.801908 ] ] ], [ [ [ 22.755109, 65.478342 ], [ 22.708431, 65.466318 ], [ 22.694827, 65.473042 ], [ 22.707266, 65.484017 ], [ 22.711716, 65.47739 ], [ 22.718756, 65.488103 ], [ 22.742355, 65.490852 ], [ 22.755109, 65.478342 ] ] ], [ [ [ 22.734513, 65.812731 ], [ 22.754554, 65.794384 ], [ 22.726349, 65.807893 ], [ 22.734513, 65.812731 ] ] ], [ [ [ 22.744902, 65.848087 ], [ 22.734317, 65.845565 ], [ 22.729031, 65.860579 ], [ 22.742056, 65.857975 ], [ 22.744902, 65.848087 ] ] ], [ [ [ 22.730619, 65.519782 ], [ 22.716283, 65.514097 ], [ 22.685809, 65.522174 ], [ 22.696101, 65.529647 ], [ 22.721483, 65.530011 ], [ 22.730619, 65.519782 ] ] ], [ [ [ 22.722904, 65.672756 ], [ 22.711257, 65.667138 ], [ 22.693231, 65.675413 ], [ 22.701739, 65.682843 ], [ 22.722904, 65.672756 ] ] ], [ [ [ 22.682395, 65.494788 ], [ 22.678847, 65.487793 ], [ 22.665501, 65.491503 ], [ 22.673473, 65.49944 ], [ 22.66439, 65.507548 ], [ 22.696948, 65.506279 ], [ 22.712087, 65.495577 ], [ 22.682395, 65.494788 ] ] ], [ [ [ 22.707265, 65.66024 ], [ 22.703495, 65.65081 ], [ 22.685667, 65.661602 ], [ 22.695611, 65.664557 ], [ 22.707265, 65.66024 ] ] ], [ [ [ 22.697664, 65.546999 ], [ 22.661173, 65.545397 ], [ 22.652892, 65.537581 ], [ 22.641502, 65.542074 ], [ 22.649206, 65.546499 ], [ 22.644094, 65.553631 ], [ 22.666534, 65.564002 ], [ 22.688444, 65.558935 ], [ 22.697664, 65.546999 ] ] ], [ [ [ 22.651648, 65.475052 ], [ 22.654397, 65.463601 ], [ 22.629427, 65.473457 ], [ 22.632373, 65.476183 ], [ 22.651648, 65.475052 ] ] ], [ [ [ 22.653858, 65.63878 ], [ 22.647567, 65.631403 ], [ 22.612289, 65.641524 ], [ 22.628679, 65.648628 ], [ 22.653858, 65.63878 ] ] ], [ [ [ 22.578509, 65.620896 ], [ 22.61683, 65.597744 ], [ 22.605069, 65.598932 ], [ 22.600192, 65.587836 ], [ 22.614773, 65.587448 ], [ 22.631655, 65.599339 ], [ 22.65346, 65.585934 ], [ 22.63997, 65.576897 ], [ 22.61402, 65.576364 ], [ 22.617604, 65.566941 ], [ 22.597678, 65.552756 ], [ 22.530692, 65.568409 ], [ 22.527558, 65.577647 ], [ 22.546145, 65.58326 ], [ 22.57996, 65.579458 ], [ 22.581144, 65.592986 ], [ 22.55054, 65.60661 ], [ 22.578509, 65.620896 ] ] ], [ [ [ 22.637938, 65.657286 ], [ 22.625082, 65.654653 ], [ 22.602952, 65.661845 ], [ 22.627079, 65.688942 ], [ 22.640986, 65.677586 ], [ 22.637938, 65.657286 ] ] ], [ [ [ 22.63793, 65.778388 ], [ 22.624237, 65.771504 ], [ 22.608613, 65.783412 ], [ 22.633369, 65.784452 ], [ 22.63793, 65.778388 ] ] ], [ [ [ 22.626737, 65.45693 ], [ 22.604372, 65.450266 ], [ 22.599209, 65.455613 ], [ 22.617703, 65.461595 ], [ 22.626737, 65.45693 ] ] ], [ [ [ 22.619334, 65.516904 ], [ 22.609048, 65.509827 ], [ 22.544491, 65.526246 ], [ 22.553565, 65.541537 ], [ 22.619334, 65.516904 ] ] ], [ [ [ 22.609508, 65.537575 ], [ 22.606096, 65.531168 ], [ 22.587617, 65.535802 ], [ 22.599596, 65.54723 ], [ 22.609508, 65.537575 ] ] ], [ [ [ 22.578779, 65.477414 ], [ 22.519978, 65.476889 ], [ 22.502551, 65.483812 ], [ 22.501108, 65.502364 ], [ 22.530028, 65.508885 ], [ 22.555147, 65.502999 ], [ 22.578779, 65.477414 ] ] ], [ [ [ 22.557636, 65.714074 ], [ 22.54724, 65.713306 ], [ 22.537571, 65.72108 ], [ 22.553712, 65.729143 ], [ 22.557636, 65.714074 ] ] ], [ [ [ 22.535037, 65.403209 ], [ 22.505476, 65.398994 ], [ 22.488952, 65.410549 ], [ 22.520304, 65.409888 ], [ 22.535037, 65.403209 ] ] ], [ [ [ 22.500438, 65.625767 ], [ 22.482737, 65.624271 ], [ 22.466162, 65.634291 ], [ 22.469892, 65.640418 ], [ 22.500438, 65.625767 ] ] ], [ [ [ 22.488077, 65.81754 ], [ 22.494493, 65.807703 ], [ 22.480928, 65.794187 ], [ 22.463943, 65.799889 ], [ 22.458892, 65.810299 ], [ 22.47339, 65.813946 ], [ 22.476008, 65.808564 ], [ 22.488077, 65.81754 ] ] ], [ [ [ 22.489647, 65.769302 ], [ 22.47131, 65.763372 ], [ 22.469373, 65.770414 ], [ 22.478052, 65.775005 ], [ 22.489647, 65.769302 ] ] ], [ [ [ 22.48118, 65.378458 ], [ 22.460778, 65.375907 ], [ 22.448381, 65.387415 ], [ 22.454944, 65.393418 ], [ 22.48118, 65.378458 ] ] ], [ [ [ 22.472827, 65.680262 ], [ 22.478297, 65.66902 ], [ 22.453071, 65.675299 ], [ 22.472827, 65.680262 ] ] ], [ [ [ 22.473764, 65.361606 ], [ 22.457336, 65.351763 ], [ 22.450909, 65.364959 ], [ 22.473764, 65.361606 ] ] ], [ [ [ 22.459131, 65.611436 ], [ 22.459464, 65.601211 ], [ 22.440931, 65.609715 ], [ 22.443819, 65.614142 ], [ 22.459131, 65.611436 ] ] ], [ [ [ 22.439791, 65.371115 ], [ 22.431294, 65.359724 ], [ 22.411157, 65.36124 ], [ 22.402578, 65.375175 ], [ 22.436659, 65.375533 ], [ 22.439791, 65.371115 ] ] ], [ [ [ 22.43565, 65.620059 ], [ 22.431916, 65.613145 ], [ 22.412797, 65.620227 ], [ 22.416563, 65.629148 ], [ 22.43565, 65.620059 ] ] ], [ [ [ 22.425735, 65.540843 ], [ 22.42082, 65.532959 ], [ 22.40362, 65.545294 ], [ 22.408754, 65.547297 ], [ 22.425735, 65.540843 ] ] ], [ [ [ 22.422913, 65.452589 ], [ 22.372774, 65.43121 ], [ 22.284448, 65.432632 ], [ 22.291096, 65.458111 ], [ 22.320435, 65.450814 ], [ 22.320583, 65.440043 ], [ 22.343786, 65.438672 ], [ 22.371649, 65.464764 ], [ 22.422913, 65.452589 ] ] ], [ [ [ 22.422125, 65.71991 ], [ 22.422636, 65.700094 ], [ 22.394006, 65.708168 ], [ 22.396605, 65.716771 ], [ 22.422125, 65.71991 ] ] ], [ [ [ 22.412032, 65.793218 ], [ 22.399687, 65.785817 ], [ 22.385562, 65.798276 ], [ 22.393952, 65.800862 ], [ 22.412032, 65.793218 ] ] ], [ [ [ 22.411389, 65.598617 ], [ 22.399177, 65.590593 ], [ 22.390561, 65.596018 ], [ 22.392239, 65.603939 ], [ 22.411389, 65.598617 ] ] ], [ [ [ 22.406252, 65.668193 ], [ 22.410212, 65.65469 ], [ 22.387283, 65.660487 ], [ 22.406252, 65.668193 ] ] ], [ [ [ 22.386833, 65.395103 ], [ 22.389389, 65.382271 ], [ 22.369251, 65.387938 ], [ 22.372289, 65.395957 ], [ 22.386833, 65.395103 ] ] ], [ [ [ 22.377289, 65.315834 ], [ 22.368531, 65.30744 ], [ 22.357488, 65.317642 ], [ 22.366059, 65.326005 ], [ 22.377289, 65.315834 ] ] ], [ [ [ 22.295689, 65.390748 ], [ 22.284337, 65.390748 ], [ 22.277139, 65.39948 ], [ 22.298435, 65.398438 ], [ 22.295689, 65.390748 ] ] ], [ [ [ 22.230248, 65.436116 ], [ 22.231576, 65.420711 ], [ 22.143307, 65.434182 ], [ 22.143307, 65.455058 ], [ 22.155815, 65.461792 ], [ 22.143307, 65.472115 ], [ 22.169579, 65.47729 ], [ 22.21161, 65.464305 ], [ 22.205244, 65.449403 ], [ 22.230248, 65.436116 ] ] ], [ [ [ 22.132244, 65.428907 ], [ 22.103599, 65.424323 ], [ 22.111798, 65.441117 ], [ 22.132244, 65.428907 ] ] ], [ [ [ 22.067459, 65.399811 ], [ 22.041234, 65.399546 ], [ 22.032626, 65.406985 ], [ 22.039507, 65.416039 ], [ 22.068796, 65.409432 ], [ 22.067459, 65.399811 ] ] ], [ [ [ 22.004616, 65.36856 ], [ 22.0016, 65.361276 ], [ 21.987876, 65.364732 ], [ 21.990823, 65.372619 ], [ 21.969525, 65.391355 ], [ 21.977372, 65.399251 ], [ 21.992369, 65.398434 ], [ 22.024293, 65.381799 ], [ 22.025387, 65.371362 ], [ 22.004616, 65.36856 ] ] ], [ [ [ 21.952744, 65.185311 ], [ 21.935657, 65.180567 ], [ 21.927064, 65.187066 ], [ 21.933645, 65.191579 ], [ 21.952744, 65.185311 ] ] ], [ [ [ 21.909093, 65.346939 ], [ 21.902898, 65.339047 ], [ 21.885592, 65.348116 ], [ 21.896382, 65.354825 ], [ 21.909093, 65.346939 ] ] ], [ [ [ 21.895968, 65.194325 ], [ 21.889975, 65.186803 ], [ 21.86939, 65.202882 ], [ 21.879801, 65.202413 ], [ 21.895968, 65.194325 ] ] ], [ [ [ 21.860518, 65.259207 ], [ 21.867427, 65.248373 ], [ 21.857699, 65.242289 ], [ 21.834303, 65.255383 ], [ 21.818161, 65.248498 ], [ 21.754473, 65.264853 ], [ 21.758217, 65.285935 ], [ 21.774044, 65.285951 ], [ 21.860518, 65.259207 ] ] ], [ [ [ 21.845454, 65.207736 ], [ 21.851372, 65.19189 ], [ 21.770387, 65.222581 ], [ 21.761089, 65.233036 ], [ 21.80943, 65.232326 ], [ 21.8519, 65.21009 ], [ 21.845454, 65.207736 ] ] ], [ [ [ 21.826582, 65.296361 ], [ 21.818393, 65.2938 ], [ 21.803022, 65.301642 ], [ 21.82281, 65.304131 ], [ 21.826582, 65.296361 ] ] ], [ [ [ 21.806278, 65.317285 ], [ 21.778918, 65.315732 ], [ 21.747375, 65.330699 ], [ 21.772481, 65.333891 ], [ 21.803818, 65.325929 ], [ 21.806278, 65.317285 ] ] ], [ [ [ 21.741964, 65.134526 ], [ 21.740617, 65.125364 ], [ 21.717636, 65.129769 ], [ 21.723552, 65.136954 ], [ 21.741964, 65.134526 ] ] ], [ [ [ 21.694631, 65.131683 ], [ 21.655503, 65.139031 ], [ 21.655503, 65.151084 ], [ 21.678902, 65.148217 ], [ 21.694631, 65.131683 ] ] ], [ [ [ 21.606826, 65.093061 ], [ 21.573866, 65.087653 ], [ 21.569943, 65.100579 ], [ 21.599694, 65.102192 ], [ 21.606826, 65.093061 ] ] ], [ [ [ 21.568898, 65.363387 ], [ 21.550216, 65.353922 ], [ 21.5388, 65.366901 ], [ 21.561995, 65.370792 ], [ 21.568898, 65.363387 ] ] ], [ [ [ 21.564217, 65.101737 ], [ 21.559973, 65.090118 ], [ 21.540791, 65.097196 ], [ 21.546318, 65.102973 ], [ 21.564217, 65.101737 ] ] ] ] } }
]
}
